latitude,longitude,salary_is_predicted,location,title,description,redirect_url,id,__CLASS__,category,adref,created,company,contract_time,salary_min,salary_max,contract_type
49.18975,9.2274,0,"{'__CLASS__': 'Adzuna::API::Response::Location', 'area': ['Deutschland', 'Baden-Württemberg', 'Heilbronn (Kreis)', 'Neckarsulm'], 'display_name': 'Neckarsulm, Heilbronn (Kreis)'}",Duales Studium Wirtschaftsinformatik - Data Science 2027,"Eine gute Idee war der Ursprung, ein erfolgreiches Konzept ist das Ergebnis. Qualität zum guten Preis möglichst vielen Menschen anbieten zu können treibt uns an - mittlerweile weltweit, denn wir sind Lidl. Hier ist das berufliche Zuhause vielfältiger Talente. Ob im Einkauf, in der Logistik, im Warengeschäft oder in der IT; ob als Impulsgeber, Gestalter oder Dienstleister der Länder. Wir suchen Anpacker, Durchstarter, Möglichmacher und bieten spannende Aufgaben und Projekte in einem dynamischen …",https://www.adzuna.de/land/ad/5733288662?se=9HESRyeP8RGn3Y9fLekBZA&utm_medium=api&utm_source=a4bcf954&v=366DE9802B50CE4713055921F48A779825AE62E1,5733288662,Adzuna::API::Response::Job,"{'tag': 'unknown', 'label': 'Unknown', '__CLASS__': 'Adzuna::API::Response::Category'}",eyJhbGciOiJIUzI1NiJ9.eyJzIjoiOUhFU1J5ZVA4UkduM1k5Zkxla0JaQSIsImkiOiI1NzMzMjg4NjYyIn0.8yyDB4zvqdhcWv2fANzwDlrneMr3k9S5glgHSXyxi2o,2026-05-18T19:45:18Z,"{'display_name': 'Lidl Stiftung & Co. KG', '__CLASS__': 'Adzuna::API::Response::Company'}",,,,
49.08598,10.53811,0,"{'__CLASS__': 'Adzuna::API::Response::Location', 'area': ['Deutschland', 'Bayern', 'Ansbach (Kreis)', 'Ehingen'], 'display_name': 'Ehingen, Ansbach (Kreis)'}",DHBW Studium - Data Science und Künstliche Intelligenz (B.Sc.),Die Liebherr-Werk Ehingen GmbH zählt zu den weltweit führenden Herstellern von Fahrzeugkranen. Das Programm umfasst Teleskop- und Gittermastkrane auf Mobil- und Raupenfahrwerken. Seit der Gründung wurde die Produktionsstätte und ihre Kapazität kontinuierlich erweitert. Heute werden täglich sechs Fahrzeugkrane aus Ehingen in die ganze Welt geliefert. DHBW Studium - Data Science und Künstliche Intelligenz (B.Sc.) Job-ID 83588 Aufgaben Mitarbeit an innovativen Projekten im Bereich Data Science und…,https://www.adzuna.de/land/ad/5808151947?se=9HESRyeP8RGn3Y9fLekBZA&utm_medium=api&utm_source=a4bcf954&v=79FB669341B0957C8EB9F12E17B3015DE4F4E158,5808151947,Adzuna::API::Response::Job,"{'__CLASS__': 'Adzuna::API::Response::Category', 'label': 'Unknown', 'tag': 'unknown'}",eyJhbGciOiJIUzI1NiJ9.eyJpIjoiNTgwODE1MTk0NyIsInMiOiI5SEVTUnllUDhSR24zWTlmTGVrQlpBIn0.i2oA5mgrQBQwpFClK8VDBhqP_p-IKFCtB7aHTDL1_HQ,2026-07-20T15:32:54Z,"{'display_name': 'Liebherr-Werk Ehingen GmbH', '__CLASS__': 'Adzuna::API::Response::Company'}",,,,
48.137418,11.555737,0,"{'__CLASS__': 'Adzuna::API::Response::Location', 'area': ['Deutschland', 'Bayern', 'München (Kreis)', 'München'], 'display_name': 'München, München (Kreis)'}",Dualer Student Data Science & Scientific Computing (w/m/x),"Aufgaben Profil Wir bieten Hinweis: Dieser Studiengang wird als Studium mit vertiefter Praxis angeboten. Du liebst es, Ursachen für Probleme zu entdecken und Lösungen zu finden und möchtest an Zukunftsthemen arbeiten? Du hast eine Leidenschaft für IT und Digitalisierung? Dann ist dieses Studium genau das Richtige für dich. Denn du bist Expert:in dafür, riesige Datenmengen zu bändigen und daraus Vorhersagen abzuleiten. Egal ob Entwicklungsdaten oder Daten unserer Kund:innen, du weißt wo du die r…",https://www.adzuna.de/land/ad/5823880222?se=9HESRyeP8RGn3Y9fLekBZA&utm_medium=api&utm_source=a4bcf954&v=0DA43476A6E2E2613DA11F87BA2429BC69BB4D78,5823880222,Adzuna::API::Response::Job,"{'tag': 'scientific-qa-jobs', '__CLASS__': 'Adzuna::API::Response::Category', 'label': 'Stellen aus Wissenschaft & Qualitätssicherung'}",eyJhbGciOiJIUzI1NiJ9.eyJpIjoiNTgyMzg4MDIyMiIsInMiOiI5SEVTUnllUDhSR24zWTlmTGVrQlpBIn0.NbmvtmbgHcpWsmAUh25jxcWRoyFHUL8NcoyaKh8xOA0,2026-08-01T13:07:12Z,"{'display_name': 'BMW Group', '__CLASS__': 'Adzuna::API::Response::Company'}",,,,
49.18975,9.2274,0,"{'area': ['Deutschland', 'Baden-Württemberg', 'Heilbronn (Kreis)', 'Neckarsulm'], '__CLASS__': 'Adzuna::API::Response::Location', 'display_name': 'Neckarsulm, Heilbronn (Kreis)'}",Duales Studium Data Science und KI - Smart Operations Management 2027,"Eine gute Idee war der Ursprung, ein erfolgreiches Konzept ist das Ergebnis. Qualität zum guten Preis möglichst vielen Menschen anbieten zu können treibt uns an - mittlerweile weltweit, denn wir sind Lidl. Hier ist das berufliche Zuhause vielfältiger Talente. Ob im Einkauf, in der Logistik, im Warengeschäft oder in der IT; ob als Impulsgeber, Gestalter oder Dienstleister der Länder. Wir suchen Anpacker, Durchstarter, Möglichmacher und bieten spannende Aufgaben und Projekte in einem dynamischen …",https://www.adzuna.de/land/ad/5733974483?se=9HESRyeP8RGn3Y9fLekBZA&utm_medium=api&utm_source=a4bcf954&v=C44063A8613D3152F32376D2CD101CAF5781FF26,5733974483,Adzuna::API::Response::Job,"{'tag': 'unknown', 'label': 'Unknown', '__CLASS__': 'Adzuna::API::Response::Category'}",eyJhbGciOiJIUzI1NiJ9.eyJpIjoiNTczMzk3NDQ4MyIsInMiOiI5SEVTUnllUDhSR24zWTlmTGVrQlpBIn0.BoeEK2D3pevaiYbKBu8_-rTfr0hEwXPnUBfwcYfCnKQ,2026-05-19T13:53:54Z,"{'__CLASS__': 'Adzuna::API::Response::Company', 'display_name': 'Lidl Stiftung & Co. KG'}",,,,
49.001249,8.412378,0,"{'display_name': 'Karlsruhe, Karlsruhe (Kreis)', 'area': ['Deutschland', 'Baden-Württemberg', 'Karlsruhe (Kreis)', 'Karlsruhe'], '__CLASS__': 'Adzuna::API::Response::Location'}",Duales Studium Data Science & Künstliche Intelligenz B.Sc.,Wir sind der Digitalisierungspartner in der genossenschaftlichen FinanzGruppe und vereinen jahrzehntelanges Expertenwissen in Banking und Informationstechnologie. Die speziell auf Banken zugeschnittenen IT-Lösungen und Leistungen reichen vom Rechenzentrumsbetrieb über das Bankverfahren von Atruvia bis hin zur App-Entwicklung. Dabei nutzen wir zukunftsweisende Technologien wie Smart Data und schreiben Prozessoptimierung und Regulatorik groß. Gestalte die Zukunft mit KI – Starte dein Duales Studi…,https://www.adzuna.de/land/ad/5814248930?se=9HESRyeP8RGn3Y9fLekBZA&utm_medium=api&utm_source=a4bcf954&v=E01D58E53D23F65C70C83406928E6A0E117A74CA,5814248930,Adzuna::API::Response::Job,"{'__CLASS__': 'Adzuna::API::Response::Category', 'label': 'Unknown', 'tag': 'unknown'}",eyJhbGciOiJIUzI1NiJ9.eyJzIjoiOUhFU1J5ZVA4UkduM1k5Zkxla0JaQSIsImkiOiI1ODE0MjQ4OTMwIn0.4OfLyTm7G5uAu1kC6HWnB6y3rrOSi_FAxoAiU1uy0BE,2026-07-24T21:41:05Z,"{'display_name': 'Atruvia AG', '__CLASS__': 'Adzuna::API::Response::Company'}",,,,
49.2291,9.21629,0,"{'display_name': 'Bad Friedrichshall, Heilbronn (Kreis)', 'area': ['Deutschland', 'Baden-Württemberg', 'Heilbronn (Kreis)', 'Bad Friedrichshall'], '__CLASS__': 'Adzuna::API::Response::Location'}",Duales Studium Data Science und Künstliche Intelligenz 2027 (m/w/d),"Als weltweit agierendes Unternehmen benötigen wir eine IT-Landschaft, die jederzeit reibungslos funktioniert, sich stets auf dem neuesten Stand der Technik befindet und sich an den Bedürfnissen unserer Kunden innerhalb der Unternehmen der Schwarz Gruppe orientiert. An der Schnittstelle zwischen Daten und IT erarbeiten wir tragfähige Lösungen, die maßgeblich und sichtbar zu unserem Erfolg beitragen. {Studienbeginn:} 01.09.2027 mit dem Begrüßungsmonat {Studiendauer:} 3 Jahre {Studiendauer:} 01.10…",https://www.adzuna.de/land/ad/5820702966?se=9HESRyeP8RGn3Y9fLekBZA&utm_medium=api&utm_source=a4bcf954&v=BE3D12135DE0840B4088885DB20B6F0296D1C288,5820702966,Adzuna::API::Response::Job,"{'tag': 'unknown', 'label': 'Unknown', '__CLASS__': 'Adzuna::API::Response::Category'}",eyJhbGciOiJIUzI1NiJ9.eyJpIjoiNTgyMDcwMjk2NiIsInMiOiI5SEVTUnllUDhSR24zWTlmTGVrQlpBIn0.QYGD_JidvP7NbGp725O_5AcZ_FbUNK8Dcv39LBirnZI,2026-07-30T05:34:30Z,"{'__CLASS__': 'Adzuna::API::Response::Company', 'display_name': 'Schwarz Digits'}",,,,
50.74053,8.28354,0,"{'__CLASS__': 'Adzuna::API::Response::Location', 'area': ['Deutschland', 'Hessen', 'Lahn-Dill-Kreis', 'Dillenburg'], 'display_name': 'Dillenburg, Lahn-Dill-Kreis'}",Duales Studium Softwaretechnologie - Data Science 2027 (m/w/d),"Die Isabellenhütte ist ein international agierendes, familiengeführtes Unternehmen mit einer einzigartigen Fertigungstiefe. Wir vereinen unsere Tradition mit dem unbedingten Willen, Zukunftsmärkte aktiv mitzugestalten. Dies macht uns zu einem 500 Jahre jungen Start Up. Bei uns ist jeder im Team willkommen, der die Leidenschaft für zukunftsweisende Technologien mit uns teilt. Wir sind nicht nur in fast jedem Fahrzeug weltweit vertreten, sondern unsere Produkte finden sich auch in der Luft- und R…",https://www.adzuna.de/land/ad/5810491896?se=9HESRyeP8RGn3Y9fLekBZA&utm_medium=api&utm_source=a4bcf954&v=6658FF035E35B30810AC9A2B747769A97E748490,5810491896,Adzuna::API::Response::Job,"{'__CLASS__': 'Adzuna::API::Response::Category', 'label': 'Unknown', 'tag': 'unknown'}",eyJhbGciOiJIUzI1NiJ9.eyJpIjoiNTgxMDQ5MTg5NiIsInMiOiI5SEVTUnllUDhSR24zWTlmTGVrQlpBIn0.6l93qSr7v_2UDStkJmJTwxLLME-8nndg4Pvlm2prhUE,2026-07-22T09:38:24Z,"{'display_name': 'Isabellenhütte Heusler GmbH & Co. KG', '__CLASS__': 'Adzuna::API::Response::Company'}",,,,
50.25777,10.96603,0,"{'display_name': 'Coburg, Coburg (Kreis)', 'area': ['Deutschland', 'Bayern', 'Coburg (Kreis)', 'Coburg'], '__CLASS__': 'Adzuna::API::Response::Location'}",Spezialist für Steuerungs- und Controllingsysteme - Schwerpunkt Data Science (w/m/d),"Hallo, lass uns WIR sagen! Wir - die HUK-COBURG Versicherungsgruppe - zählen zu den 10 größten in Deutschland. Vor über 90 Jahren gegründet sind wir mit über 13 Millionen Kund:innen heute der große Versicherer für Privathaushalte und der größte deutsche Autoversicherer. Dass wir oft preisgünstiger sind als andere Versicherungen, hat bei uns schon Tradition. Genau wie unser Ruf als Arbeitgeberin, mit der DU wachsen und deine persönlichen Ziele erreichen kannst. Bei uns kannst du eine spannende K…",https://www.adzuna.de/land/ad/5810902614?se=9HESRyeP8RGn3Y9fLekBZA&utm_medium=api&utm_source=a4bcf954&v=A63038A3CCCC8211387530120DBD9E92F690B5E7,5810902614,Adzuna::API::Response::Job,"{'label': 'Unknown', '__CLASS__': 'Adzuna::API::Response::Category', 'tag': 'unknown'}",eyJhbGciOiJIUzI1NiJ9.eyJzIjoiOUhFU1J5ZVA4UkduM1k5Zkxla0JaQSIsImkiOiI1ODEwOTAyNjE0In0.5jdvg7I73im4gPHFF1lnxN7TOTbEXHAb5KoYjZ2ohVQ,2026-07-22T15:36:09Z,"{'__CLASS__': 'Adzuna::API::Response::Company', 'display_name': 'HUK-COBURG Versicherungsgruppe'}",,,,
49.56892,10.88109,0,"{'__CLASS__': 'Adzuna::API::Response::Location', 'area': ['Deutschland', 'Bayern', 'Erlangen-Höchstadt (Kreis)', 'Herzogenaurach'], 'display_name': 'Herzogenaurach, Erlangen-Höchstadt (Kreis)'}",Duales Studium (DHBW) - Data Science und künstliche Intelligenz (d/m/w) 2027,"Du bist technikbegeistert und voller Ideen, mit denen Du die Welt bewegen willst? Dann ist eine Ausbildung oder ein duales Studium bei Schaeffler genau das Richtige für Dich. Ohne unsere Produkte könnten Autos nicht fahren, Maschinen nicht laufen und Flugzeuge nicht fliegen. Als führender Anbieter von Wälzlagern für sämtliche Industrien und wichtiger Partner im internationalen Automobilbau bietet Dir Schaeffler ein hervorragendes Umfeld für Deinen Start in die Berufswelt. Aufgaben Im Überblick …",https://www.adzuna.de/land/ad/5812014129?se=9HESRyeP8RGn3Y9fLekBZA&utm_medium=api&utm_source=a4bcf954&v=C841C8165D3CFA1D7CD50341C709B7D82F7A21C9,5812014129,Adzuna::API::Response::Job,"{'__CLASS__': 'Adzuna::API::Response::Category', 'label': 'Unknown', 'tag': 'unknown'}",eyJhbGciOiJIUzI1NiJ9.eyJpIjoiNTgxMjAxNDEyOSIsInMiOiI5SEVTUnllUDhSR24zWTlmTGVrQlpBIn0.4WuxTZ7-it6jPa93t-redROwULoJLel0jz_g1-fsZM0,2026-07-23T09:43:35Z,"{'display_name': 'Schaeffler Technologies AG & Co. KG', '__CLASS__': 'Adzuna::API::Response::Company'}",,,,
48.78408,10.10558,0,"{'area': ['Deutschland', 'Baden-Württemberg', 'Ostalbkreis', 'Oberkochen'], '__CLASS__': 'Adzuna::API::Response::Location', 'display_name': 'Oberkochen, Ostalbkreis'}",Abschlussarbeit Data Science / Mechanikdesign (m/w/x),"Als Student arbeitest Du mit Deinen Kolleginnen und Kollegen auf Augenhöhe und schaffst ideale Voraussetzungen für Deine spätere Karriere. Sich etwas Neues trauen, über sich hinauswachsen und dabei die Grenzen des Machbaren neu deﬁnieren. Genau das ist es, was unsere Mitarbeitenden täglich leben dürfen und sollen. Um mit unseren Innovationen das Tempo vorzugeben und Großartiges zu ermöglichen. Denn hinter jedem erfolgreichen Unternehmen stehen eine ganze Menge faszinierender Menschen. Die Mitar…",https://www.adzuna.de/land/ad/5782380629?se=9HESRyeP8RGn3Y9fLekBZA&utm_medium=api&utm_source=a4bcf954&v=F340A0D115EAF64737B8B630F823B3017AD3F9D9,5782380629,Adzuna::API::Response::Job,"{'tag': 'unknown', 'label': 'Unknown', '__CLASS__': 'Adzuna::API::Response::Category'}",eyJhbGciOiJIUzI1NiJ9.eyJzIjoiOUhFU1J5ZVA4UkduM1k5Zkxla0JaQSIsImkiOiI1NzgyMzgwNjI5In0.kb9ZftOxL6A-abXxoX6wm0F_tTrDZqP1gXXDcZN4Ygk,2026-06-30T22:28:57Z,"{'__CLASS__': 'Adzuna::API::Response::Company', 'display_name': 'ZEISS'}",,,,
49.55214,8.66573,0,"{'display_name': 'Weinheim, Rhein-Neckar-Kreis', 'area': ['Deutschland', 'Baden-Württemberg', 'Rhein-Neckar-Kreis', 'Weinheim'], '__CLASS__': 'Adzuna::API::Response::Location'}",Masterarbeit im Bereich Data Science / Machine Learning im Spritzguss (w/m/d),"„We will wow your world!” Das ist unser Versprechen, wenn es um Arbeiten bei Freudenberg geht. Als globaler Technologiekonzern machen wir die Welt nicht nur sauberer, gesünder und komfortabler, sondern bieten unseren 52.000 Mitarbeitenden auch ein vernetztes und vielfältiges Arbeitsumfeld, in dem sich alle individuell entfalten können. Lassen Sie sich überraschen und erleben Sie Ihre eigenen „Wow”-Momente. Gemeinsam mit Partnern, Kunden und der Wissenschaft entwickeln wir technisch führende Pro…",https://www.adzuna.de/land/ad/5802884021?se=9HESRyeP8RGn3Y9fLekBZA&utm_medium=api&utm_source=a4bcf954&v=9B82C25E39A22354983C7F53D3343C198A49D2F3,5802884021,Adzuna::API::Response::Job,"{'label': 'Unknown', '__CLASS__': 'Adzuna::API::Response::Category', 'tag': 'unknown'}",eyJhbGciOiJIUzI1NiJ9.eyJzIjoiOUhFU1J5ZVA4UkduM1k5Zkxla0JaQSIsImkiOiI1ODAyODg0MDIxIn0.5XK25NeA-kCc1-Qr_E1kqOlZb941Uuljrmt1M4hlD4U,2026-07-16T15:28:00Z,"{'__CLASS__': 'Adzuna::API::Response::Company', 'display_name': 'Freudenberg Technology Innovation SE & Co. KG'}",,,,
48.78408,10.10558,0,"{'area': ['Deutschland', 'Baden-Württemberg', 'Ostalbkreis', 'Oberkochen'], '__CLASS__': 'Adzuna::API::Response::Location', 'display_name': 'Oberkochen, Ostalbkreis'}","Duales Studium – Data Science und Künstliche Intelligenz (m/w/x), Beginn Herbst 2027","Sich etwas Neues trauen, über sich hinauswachsen und dabei die Grenzen des Machbaren neu definieren. Genau das ist es, was unsere Mitarbeitenden täglich leben dürfen und sollen. Um mit unseren Innovationen ein Zeichen zu setzen und Großartiges zu ermöglichen. Denn hinter jedem erfolgreichen Unternehmen stehen eine ganze Menge faszinierende Menschen. In einem offenen und modernen Umfeld mit zahlreichen Entwicklungs- und Weiterbildungsmöglichkeiten, arbeiten die Mitarbeitenden bei ZEISS in einer …",https://www.adzuna.de/land/ad/5790982354?se=9HESRyeP8RGn3Y9fLekBZA&utm_medium=api&utm_source=a4bcf954&v=67FF04F7F2EE835A97EC22B52DAB8E0ADBC19DFF,5790982354,Adzuna::API::Response::Job,"{'tag': 'unknown', '__CLASS__': 'Adzuna::API::Response::Category', 'label': 'Unknown'}",eyJhbGciOiJIUzI1NiJ9.eyJzIjoiOUhFU1J5ZVA4UkduM1k5Zkxla0JaQSIsImkiOiI1NzkwOTgyMzU0In0.wBv6bqIPvZSdghSoCjKK6WzKjqahAM76tN_tITRXX8Q,2026-07-07T15:13:53Z,"{'__CLASS__': 'Adzuna::API::Response::Company', 'display_name': 'ZEISS'}",,,,
49.403755,8.696891,0,"{'display_name': 'Heidelberg, Baden-Württemberg', 'area': ['Deutschland', 'Baden-Württemberg', 'Heidelberg'], '__CLASS__': 'Adzuna::API::Response::Location'}",Duale*r Student*in Data Science & KI in Kooperation mit der DHBW Mannheim,"Springer Nature öffnet Türen zu Entdeckungen. Seit mehr als 180 Jahren sind unsere Marken zuverlässige Wissensquellen für Wissenschaftler*innen, Lehrer*innen, Mediziner*innen und andere Fachkräfte. Mit unseren Büchern, wissenschaftlichen Zeitschriften, Plattformen und technologischen Lösungen erreichen wir jeden Tag weltweit Millionen von Menschen. Aufgaben Als Duale*r Student*in bei der Springer-Verlag GmbH am Standort Heidelberg wirst Du als Teil unseres HR Systems Teams an der Schnittstelle …",https://www.adzuna.de/land/ad/5798896516?se=9HESRyeP8RGn3Y9fLekBZA&utm_medium=api&utm_source=a4bcf954&v=728136A781BA82FBAF6468012FCE3FA933EED651,5798896516,Adzuna::API::Response::Job,"{'__CLASS__': 'Adzuna::API::Response::Category', 'label': 'Stellen aus Wissenschaft & Qualitätssicherung', 'tag': 'scientific-qa-jobs'}",eyJhbGciOiJIUzI1NiJ9.eyJzIjoiOUhFU1J5ZVA4UkduM1k5Zkxla0JaQSIsImkiOiI1Nzk4ODk2NTE2In0.GEXOLC_M3X1VVvBpuxCVzDcNyck9P0dgfq2BWMNDnms,2026-07-13T17:33:52Z,"{'__CLASS__': 'Adzuna::API::Response::Company', 'display_name': 'Springer-Verlag GmbH'}",,,,
48.776198,9.187224,0,"{'display_name': 'Stuttgart, Baden-Württemberg', '__CLASS__': 'Adzuna::API::Response::Location', 'area': ['Deutschland', 'Baden-Württemberg', 'Stuttgart']}",Praktikant*in Data Science & Analytics Global Market Intelligence (Pflicht-Praktikum),"Life is always about becoming… Im Leben geht es darum, sich auf eine Reise zu begeben, um die beste Version unseres zukünftigen Selbst zu werden. Während wir Neues entdecken, stellen wir uns Herausforderungen, meistern sie und wachsen über uns hinaus. Bewerben Sie sich bei Mercedes-Benz und finden Sie den Aufgabenbereich, in dem Sie Ihre Talente individuell entfalten können. Dabei werden Sie von visionären Kolleginnen und Kollegen unterstützt, die Ihren Pioniergeist teilen. Bei uns einzusteigen…",https://www.adzuna.de/land/ad/5826141576?se=9HESRyeP8RGn3Y9fLekBZA&utm_medium=api&utm_source=a4bcf954&v=6879BD5AD00701858F06A89C7EC6AF08E4DE2529,5826141576,Adzuna::API::Response::Job,"{'label': 'Stellen aus PR, Werbung & Marketing', '__CLASS__': 'Adzuna::API::Response::Category', 'tag': 'pr-advertising-marketing-jobs'}",eyJhbGciOiJIUzI1NiJ9.eyJpIjoiNTgyNjE0MTU3NiIsInMiOiI5SEVTUnllUDhSR24zWTlmTGVrQlpBIn0.guaKsNRzx737XQEXYy0HSYwG68NOPdGu36GH8lEI2uk,2026-08-03T01:49:44Z,"{'__CLASS__': 'Adzuna::API::Response::Company', 'display_name': 'Mercedes-Benz AG'}",,,,
51.504967,7.464954,0,"{'__CLASS__': 'Adzuna::API::Response::Location', 'area': ['Deutschland', 'Nordrhein-Westfalen', 'Dortmund'], 'display_name': 'Dortmund, Nordrhein-Westfalen'}",Head of AI & Data Science (m/w/d),"Head of AI & Data Science: Tragen Sie dazu bei, Wunden zu heilen, Innovationen zu fördern und Wachstum zu gestalten! Schwer heilende Wunden sind eine enorme Belastung für Patienten, Angehörige und Behandelnde. Machen Sie durch Ihr gestalterisches Mitwirken einen signifikanten Unterschied. Wir entwickeln Produkte und Services, um Wunden bezahlbar zu heilen. Als wachsendes, zukunftsorientiertes inhabergeführtes Familienunternehmen investieren und arbeiten wir mit langfristiger Perspektive statt m…",https://www.adzuna.de/land/ad/5799517723?se=9HESRyeP8RGn3Y9fLekBZA&utm_medium=api&utm_source=a4bcf954&v=16178527AE7223DCA4AF2BF1E7D49BF8DEC6371B,5799517723,Adzuna::API::Response::Job,"{'label': 'Stellen aus Wissenschaft & Qualitätssicherung', '__CLASS__': 'Adzuna::API::Response::Category', 'tag': 'scientific-qa-jobs'}",eyJhbGciOiJIUzI1NiJ9.eyJzIjoiOUhFU1J5ZVA4UkduM1k5Zkxla0JaQSIsImkiOiI1Nzk5NTE3NzIzIn0.dcaBcfQnL7jD0i4V5DgJtrc1PhBg0B0uBNrAuDUdmdc,2026-07-14T07:00:01Z,"{'__CLASS__': 'Adzuna::API::Response::Company', 'display_name': 'Dr. Ausbüttel GmbH & Co. KG'}",,,,
53.557429,9.987297,0,"{'display_name': 'Hamburg, Deutschland', '__CLASS__': 'Adzuna::API::Response::Location', 'area': ['Deutschland', 'Hamburg']}",Berufsbegleitendes Studium - Data Science & Artificial Intelligence (M.Sc.) / Master@Encavis,"Auf was wir bei ENCAVIS setzen? Die Sonne. Den Wind. Und auf dich. Willkommen in der Welt von Encavis! Bei uns dreht sich alles um die Kraft der Sonne, des Windes und der konzernweit über 400 Menschen, die gemeinsam das Energiesystem der Zukunft gestalten, um eine nachhaltige Energieversorgung für zukünftige Generationen sicherzustellen. Die ENCAVIS Management GmbH & Co. KG ist die Holding der ENCAVIS GmbH, einem der führenden Stromerzeuger aus Erneuerbaren Energien in Europa. Wir betreiben ein…",https://www.adzuna.de/land/ad/5801435074?se=9HESRyeP8RGn3Y9fLekBZA&utm_medium=api&utm_source=a4bcf954&v=D85A73E25E6F38D7C6E5C564DBD077CD46031200,5801435074,Adzuna::API::Response::Job,"{'__CLASS__': 'Adzuna::API::Response::Category', 'label': 'Unknown', 'tag': 'unknown'}",eyJhbGciOiJIUzI1NiJ9.eyJpIjoiNTgwMTQzNTA3NCIsInMiOiI5SEVTUnllUDhSR24zWTlmTGVrQlpBIn0.xQhFIzaRhnrAcTOLmk2PVUJAzE-8NoQHZzhKyZWk_bc,2026-07-15T19:07:07Z,"{'display_name': 'ENCAVIS Management GmbH & Co. KG', '__CLASS__': 'Adzuna::API::Response::Company'}",,,,
48.776198,9.187224,0,"{'display_name': 'Stuttgart, Baden-Württemberg', 'area': ['Deutschland', 'Baden-Württemberg', 'Stuttgart'], '__CLASS__': 'Adzuna::API::Response::Location'}",(Senior) Risk Manager (m/w/d) Modeling & Data Science - Fokus Retail Credit Risk,"Wir machen Wünsche machbar – unsere Mission ist es, das Leben unserer Kund:innen zu bereichern und mit unseren Finanzdienstleistungen Träume zu verwirklichen. Wir verstehen uns nicht als typische Bank, sondern als lebendige Gemeinschaft von Gestalter:innen, die keine Angst davor haben, neue Wege zu gehen. Dabei setzen wir uns alle auch noch für Themen mit Impact wie Nachhaltigkeit und Digitalisierung ein – ob in unserer Zentrale in Stuttgart, an unserem Standort in Offenbach oder deutschlandwei…",https://www.adzuna.de/land/ad/5819015630?se=9HESRyeP8RGn3Y9fLekBZA&utm_medium=api&utm_source=a4bcf954&v=C6E6F6AD3CF2DA0C24C145730BF35663BA739E5B,5819015630,Adzuna::API::Response::Job,"{'__CLASS__': 'Adzuna::API::Response::Category', 'label': 'Unknown', 'tag': 'unknown'}",eyJhbGciOiJIUzI1NiJ9.eyJpIjoiNTgxOTAxNTYzMCIsInMiOiI5SEVTUnllUDhSR24zWTlmTGVrQlpBIn0.NSDi-pmarOjfbYUkvXcXJWPZDaym77nFHnLx5a_4WvI,2026-07-29T01:46:40Z,"{'__CLASS__': 'Adzuna::API::Response::Company', 'display_name': 'Creditplus Bank AG'}",,,,
48.383137,9.856945,0,"{'display_name': 'Ulm, Baden-Württemberg', 'area': ['Deutschland', 'Baden-Württemberg', 'Ulm'], '__CLASS__': 'Adzuna::API::Response::Location'}",Werkstudent Data Engineering & Data Science (d/m/w/x),"Life is always about becoming… Im Leben geht es darum, sich auf eine Reise zu begeben, um die beste Version unseres zukünftigen Selbst zu werden. Während wir Neues entdecken, stellen wir uns Herausforderungen, meistern sie und wachsen über uns hinaus. Bewerben Sie sich bei Mercedes-Benz und finden Sie den Aufgabenbereich, in dem Sie Ihre Talente individuell entfalten können. Dabei werden Sie von visionären Kolleginnen und Kollegen unterstützt, die Ihren Pioniergeist teilen. Bei uns einzusteigen…",https://www.adzuna.de/land/ad/5825874233?se=9HESRyeP8RGn3Y9fLekBZA&utm_medium=api&utm_source=a4bcf954&v=0B7D3DFD80C2B2F5E1FA8020E92E84FCDC484CEE,5825874233,Adzuna::API::Response::Job,"{'label': 'Stellen aus Wissenschaft & Qualitätssicherung', '__CLASS__': 'Adzuna::API::Response::Category', 'tag': 'scientific-qa-jobs'}",eyJhbGciOiJIUzI1NiJ9.eyJzIjoiOUhFU1J5ZVA4UkduM1k5Zkxla0JaQSIsImkiOiI1ODI1ODc0MjMzIn0.dfAankip7g86_G9PqTIhcDn873MTgJMRRq9JwPByxlA,2026-08-02T19:29:30Z,"{'display_name': 'Mercedes-Benz Tech Innovation', '__CLASS__': 'Adzuna::API::Response::Company'}",,,,
48.383137,9.856945,0,"{'area': ['Deutschland', 'Baden-Württemberg', 'Ulm'], '__CLASS__': 'Adzuna::API::Response::Location', 'display_name': 'Ulm, Baden-Württemberg'}",Duales Studium Informatik Schwerpunkt Data Science / Künstliche Intelligenz in Kooperation mit der Dualen Hochschule Baden-Württemberg 2027 (m/w/d/x),"Life is always about becoming… Im Leben geht es darum, sich auf eine Reise zu begeben, um die beste Version unseres zukünftigen Selbst zu werden. Während wir Neues entdecken, stellen wir uns Herausforderungen, meistern sie und wachsen über uns hinaus. Bewerben Sie sich bei Mercedes-Benz und finden Sie den Aufgabenbereich, in dem Sie Ihre Talente individuell entfalten können. Dabei werden Sie von visionären Kolleginnen und Kollegen unterstützt, die Ihren Pioniergeist teilen. Bei uns einzusteigen…",https://www.adzuna.de/land/ad/5815417170?se=9HESRyeP8RGn3Y9fLekBZA&utm_medium=api&utm_source=a4bcf954&v=7AD0AEC18A2FF6FDA330532B6B6566666D32693A,5815417170,Adzuna::API::Response::Job,"{'label': 'IT-Stellen', '__CLASS__': 'Adzuna::API::Response::Category', 'tag': 'it-jobs'}",eyJhbGciOiJIUzI1NiJ9.eyJpIjoiNTgxNTQxNzE3MCIsInMiOiI5SEVTUnllUDhSR24zWTlmTGVrQlpBIn0.8XkGtulDuMqOfQjypHOVIcokYRANwZP2wDJtzJ-_68s,2026-07-25T15:40:37Z,"{'__CLASS__': 'Adzuna::API::Response::Company', 'display_name': 'Mercedes-Benz Tech Innovation'}",,,,
48.776198,9.187224,0,"{'__CLASS__': 'Adzuna::API::Response::Location', 'area': ['Deutschland', 'Baden-Württemberg', 'Stuttgart'], 'display_name': 'Stuttgart, Baden-Württemberg'}",Bachelor of Science (DHBW) Data Science und Künstliche Intelligenz (m/w/d) Standort Winnenden 2026,"Kärcher ist der weltweit führende Anbieter von Reinigungstechnik und steht für Qualität, Innovation und Nachhaltigkeit. Diesen Erfolg verdanken wir unseren über 3.700 Mitarbeitenden in Winnenden und in Bühlertal und dem einzigartigen Kärcher-WOW-Gefühl. Als Familienunternehmen mit gefestigten Unternehmensstrukturen überzeugen wir durch WOW-tastische Karriereperspektiven, ein vertrauensvolles Arbeitsklima und tolle Kolleg*innen. Aufgaben Wir schaffen mit dir gemeinsam eine solide Basis für deine…",https://www.adzuna.de/land/ad/5798980177?se=9HESRyeP8RGn3Y9fLekBZA&utm_medium=api&utm_source=a4bcf954&v=B193242DE3477E8DE5BDF07FE88DC7720226A593,5798980177,Adzuna::API::Response::Job,"{'tag': 'other-general-jobs', '__CLASS__': 'Adzuna::API::Response::Category', 'label': 'Sonstige/Allgemeine Stellen'}",eyJhbGciOiJIUzI1NiJ9.eyJpIjoiNTc5ODk4MDE3NyIsInMiOiI5SEVTUnllUDhSR24zWTlmTGVrQlpBIn0.rBBYg7jt_ZK1LYGnou7WXSzupDvyDpWycLhfdTpo6UQ,2026-07-13T19:07:01Z,"{'display_name': 'Alfred Kärcher SE & Co. KG', '__CLASS__': 'Adzuna::API::Response::Company'}",,,,
51.443356,6.743718,0,"{'display_name': 'Duisburg, Nordrhein-Westfalen', '__CLASS__': 'Adzuna::API::Response::Location', 'area': ['Deutschland', 'Nordrhein-Westfalen', 'Duisburg']}",Universitätsprofessur für Data Science im Maschinenbau,"An der Universität Duisburg-Essen ist in der Fakultät für Ingenieurwissenschaften zum nächstmöglichen Zeitpunkt die Stelle zu besetzen: Universitätsprofessur für Data Science im Maschinenbau (Besoldungsgruppe W2 LBesO W - mit Tenure Track nach W3) Gesucht wird eine ausgewiesene Persönlichkeit für Data Science in den Ingenieurwissenschaften. Der Anwendungsfokus liegt auf der Entwicklung datenbasierter Methoden für die Automatisierungstechnik, autonome Systeme sowie die Mechatronik. Die zukünftig…",https://www.adzuna.de/land/ad/5802412885?se=9HESRyeP8RGn3Y9fLekBZA&utm_medium=api&utm_source=a4bcf954&v=342D91CDDD5CC819F328950C3C3D5E2441060795,5802412885,Adzuna::API::Response::Job,"{'__CLASS__': 'Adzuna::API::Response::Category', 'label': 'Unknown', 'tag': 'unknown'}",eyJhbGciOiJIUzI1NiJ9.eyJzIjoiOUhFU1J5ZVA4UkduM1k5Zkxla0JaQSIsImkiOiI1ODAyNDEyODg1In0.yOmOd46o7CssYwaMhL1ivBqXfPiibtoFrMMjbHSgZgw,2026-07-16T09:31:47Z,"{'display_name': 'Universität Duisburg-Essen', '__CLASS__': 'Adzuna::API::Response::Company'}",,,,
49.00018,8.47624,0,"{'__CLASS__': 'Adzuna::API::Response::Location', 'area': ['Deutschland', 'Baden-Württemberg', 'Karlsruhe (Kreis)', 'Karlsruhe', 'Durlach'], 'display_name': 'Durlach, Karlsruhe'}",Werkstudent Data Science - Marktforschung (w/m/d),"Die Stelle ist befristet auf 12 Monate, mit Option auf Verlängerung, in Teilzeit (15-20 Std. / Woche) zu besetzen. Das Team Marktforschung vereint Spezialisten aus den Bereichen qualitativer und quantitativer Forschung, Social Listening und Trendanalysen sowie Data Science. Wir kümmern uns um maßgeschneiderte Analysen für Fragestellungen rund um die dm Eigenmarken, unser Sortiment und die Kommunikation. Auf der Grundlage methodischer Exzellenz und thematischer Expertise unterstützen wir unsere …",https://www.adzuna.de/land/ad/5820170273?se=9HESRyeP8RGn3Y9fLekBZA&utm_medium=api&utm_source=a4bcf954&v=7CCD3F0B12174FDD2C142758F852E155A7F13692,5820170273,Adzuna::API::Response::Job,"{'label': 'Teilzeitstellen', '__CLASS__': 'Adzuna::API::Response::Category', 'tag': 'part-time-jobs'}",eyJhbGciOiJIUzI1NiJ9.eyJzIjoiOUhFU1J5ZVA4UkduM1k5Zkxla0JaQSIsImkiOiI1ODIwMTcwMjczIn0.AvdErE1ge-fUg1HNqkpsd2w-BI7V-P9Itht58elEL0c,2026-07-29T22:22:42Z,"{'__CLASS__': 'Adzuna::API::Response::Company', 'display_name': 'dm-drogerie markt GmbH + Co. KG'}",,,,
48.18446,11.57287,0,"{'__CLASS__': 'Adzuna::API::Response::Location', 'area': ['Deutschland', 'Bayern', 'München (Kreis)', 'München', 'Milbertshofen-Am Hart'], 'display_name': 'Milbertshofen-Am Hart, München'}",Dualer Student Data Science & Scientific Computing (w/m/x),"Hinweis: Dieser Studiengang wird als Studium mit vertiefter Praxis angeboten. Du liebst es, Ursachen für Probleme zu entdecken und Lösungen zu finden und möchtest an Zukunftsthemen arbeiten? Du hast eine Leidenschaft für IT und Digitalisierung? Dann ist dieses Studium genau das Richtige für dich. Denn du bist Expert:in dafür, riesige Datenmengen zu bändigen und daraus Vorhersagen abzuleiten. Egal ob Entwicklungsdaten oder Daten unserer Kund:innen, du weißt wo du die richtigen Infos findest und …",https://www.adzuna.de/land/ad/5823841981?se=9HESRyeP8RGn3Y9fLekBZA&utm_medium=api&utm_source=a4bcf954&v=5D03A6010BAFF646FD6B6BF2ED3558F03DD37DB3,5823841981,Adzuna::API::Response::Job,"{'__CLASS__': 'Adzuna::API::Response::Category', 'label': 'Unknown', 'tag': 'unknown'}",eyJhbGciOiJIUzI1NiJ9.eyJpIjoiNTgyMzg0MTk4MSIsInMiOiI5SEVTUnllUDhSR24zWTlmTGVrQlpBIn0.mV2cxkcXSagsrjxhUZ5BXtT6Qp_zHJyZU4qMNCuvi34,2026-08-01T12:33:53Z,"{'display_name': 'BMW Group', '__CLASS__': 'Adzuna::API::Response::Company'}",,,,
48.62848,12.49782,0,"{'area': ['Deutschland', 'Bayern', 'Dingolfing-Landau (Kreis)', 'Dingolfing'], '__CLASS__': 'Adzuna::API::Response::Location', 'display_name': 'Dingolfing, Dingolfing-Landau (Kreis)'}",Dualer Student Data Science & Scientific Computing (w/m/x),"Hinweis: Dieser Studiengang wird als Studium mit vertiefter Praxis angeboten. Du liebst es, Ursachen für Probleme zu entdecken und Lösungen zu finden und möchtest an Zukunftsthemen arbeiten? Du hast eine Leidenschaft für IT und Digitalisierung? Dann ist dieses Studium genau das Richtige für dich. Denn du bist Expert:in dafür, riesige Datenmengen zu bändigen und daraus Vorhersagen abzuleiten. Egal ob Entwicklungsdaten oder Daten unserer Kund:innen, du weißt wo du die richtigen Infos findest und …",https://www.adzuna.de/land/ad/5823841957?se=9HESRyeP8RGn3Y9fLekBZA&utm_medium=api&utm_source=a4bcf954&v=03BB9C7F73E41216398EED258E8D8B4BE3D9364E,5823841957,Adzuna::API::Response::Job,"{'label': 'Unknown', '__CLASS__': 'Adzuna::API::Response::Category', 'tag': 'unknown'}",eyJhbGciOiJIUzI1NiJ9.eyJpIjoiNTgyMzg0MTk1NyIsInMiOiI5SEVTUnllUDhSR24zWTlmTGVrQlpBIn0.wjB_BIriYpWeW0J8f9_w5BV2AC5RCEvSCt7NelP5pkE,2026-08-01T12:33:53Z,"{'__CLASS__': 'Adzuna::API::Response::Company', 'display_name': 'BMW Group'}",,,,
48.28207,9.72719,0,"{'__CLASS__': 'Adzuna::API::Response::Location', 'area': ['Deutschland', 'Baden-Württemberg', 'Alb-Donau-Kreis', 'Ehingen (Donau)'], 'display_name': 'Ehingen (Donau), Alb-Donau-Kreis'}",DHBW Studium - Data Science und Künstliche Intelligenz (B.Sc.),Die Liebherr-Werk Ehingen GmbH zählt zu den weltweit führenden Herstellern von Fahrzeugkranen. Das Programm umfasst Teleskop- und Gittermastkrane auf Mobil- und Raupenfahrwerken. Seit der Gründung wurde die Produktionsstätte und ihre Kapazität kontinuierlich erweitert. Heute werden täglich sechs Fahrzeugkrane aus Ehingen in die ganze Welt geliefert. DHBW Studium - Data Science und Künstliche Intelligenz (B.Sc.) Job-ID 83588 JLFT1_DE,https://www.adzuna.de/land/ad/5810531742?se=9HESRyeP8RGn3Y9fLekBZA&utm_medium=api&utm_source=a4bcf954&v=0C439F9A8606839B5DD9EDB9D4B6C60EC3112F9B,5810531742,Adzuna::API::Response::Job,"{'tag': 'graduate-jobs', 'label': 'Stellen für Hochschulabsolventen', '__CLASS__': 'Adzuna::API::Response::Category'}",eyJhbGciOiJIUzI1NiJ9.eyJpIjoiNTgxMDUzMTc0MiIsInMiOiI5SEVTUnllUDhSR24zWTlmTGVrQlpBIn0.KyTfK6lq7NpZ1fv97ydxtylcte9UNawMC6RprkDRgjw,2026-07-22T10:22:44Z,"{'display_name': 'Liebherr-Werk Ehingen GmbH', '__CLASS__': 'Adzuna::API::Response::Company'}",,,,
48.137418,11.555737,0,"{'__CLASS__': 'Adzuna::API::Response::Location', 'area': ['Deutschland', 'Bayern', 'München (Kreis)', 'München'], 'display_name': 'München, München (Kreis)'}","Professur für Data, AI & Transformation Management","Die International School of Management (ISM) ist eine staatlich anerkannte Hochschule und zählt zu den führenden privaten Hochschulen in Deutschland. An Standorten in Dortmund, Frankfurt/Main, München, Hamburg, Köln, Stuttgart und Berlin wird in kompakten und anwendungsbezogenen Studiengängen der Führungsnachwuchs für international orientierte Wirtschaftsunternehmen ausgebildet. Zum Studienangebot gehören Vollzeit-Programme, berufsbegleitende und duale Studiengänge sowie seit Herbst 2021 das Fe…",https://www.adzuna.de/land/ad/5808160203?se=9HESRyeP8RGn3Y9fLekBZA&utm_medium=api&utm_source=a4bcf954&v=2728D6E2A013D7D92EA4B7F5AACCB90321379103,5808160203,Adzuna::API::Response::Job,"{'label': 'Unknown', '__CLASS__': 'Adzuna::API::Response::Category', 'tag': 'unknown'}",eyJhbGciOiJIUzI1NiJ9.eyJpIjoiNTgwODE2MDIwMyIsInMiOiI5SEVTUnllUDhSR24zWTlmTGVrQlpBIn0.fBLGpeLQOl0c3dzaPc-O2i-fi_IjJe6kmUUM8wgm9Ms,2026-07-20T15:44:22Z,"{'display_name': 'International School of Management ', '__CLASS__': 'Adzuna::API::Response::Company'}",,,,
48.77713,9.18071,0,"{'area': ['Deutschland', 'Baden-Württemberg', 'Stuttgart', 'Mitte'], '__CLASS__': 'Adzuna::API::Response::Location', 'display_name': 'Mitte, Stuttgart'}",Duales Studium Wirtschaftsinformatik - Data Science (m/w/d),"Duales Studium Wirtschaftsinformatik – Data Science (m/w/d) Deine Aufgaben Dreijähriges duales Studium ab dem 01.10.2026 mit Wechsel zwischen der dreimonatigen Theoriephase an der DHBW Stuttgart und der Praxisphase bei der riparo gmbh in Holzgerlingen Du unterstützt beim Aufbau und bei der Weiterentwicklung unserer Datenbasis für Auswertungen, Reporting und datenbasierte Entscheidungen Du lernst, wie Daten aus unterschiedlichen Systemen und Schnittstellen zusammengeführt, strukturiert und nutzb…",https://www.adzuna.de/land/ad/5821996637?se=9HESRyeP8RGn3Y9fLekBZA&utm_medium=api&utm_source=a4bcf954&v=F38B62DB1237BCC40B33898297E889EF8875925A,5821996637,Adzuna::API::Response::Job,"{'label': 'IT-Stellen', '__CLASS__': 'Adzuna::API::Response::Category', 'tag': 'it-jobs'}",eyJhbGciOiJIUzI1NiJ9.eyJzIjoiOUhFU1J5ZVA4UkduM1k5Zkxla0JaQSIsImkiOiI1ODIxOTk2NjM3In0.k03W_FVMY_eeepmefdl-6vEvKBjpPm-eKy6eM7u7pZ0,2026-07-31T06:06:48Z,"{'display_name': 'riparo gmbh', '__CLASS__': 'Adzuna::API::Response::Company'}",full_time,,,
49.8169,10.98904,0,"{'__CLASS__': 'Adzuna::API::Response::Location', 'area': ['Deutschland', 'Bayern', 'Bamberg (Kreis)', 'Hirschaid'], 'display_name': 'Hirschaid, Bamberg (Kreis)'}",Duales Studium (DHBW) - Wirtschaftsinformatik Application Management (d/m/w) 2027,"Du bist technikbegeistert und voller Ideen, mit denen Du die Welt bewegen willst? Dann ist eine Ausbildung oder ein duales Studium bei Schaeffler genau das Richtige für Dich. Ohne unsere Produkte könnten Autos nicht fahren, Maschinen nicht laufen und Flugzeuge nicht fliegen. Als führender Anbieter von Wälzlagern für sämtliche Industrien und wichtiger Partner im internationalen Automobilbau bietet Dir Schaeffler ein hervorragendes Umfeld für Deinen Start in die Berufswelt. Aufgaben Im Überblick …",https://www.adzuna.de/land/ad/5815320304?se=9HESRyeP8RGn3Y9fLekBZA&utm_medium=api&utm_source=a4bcf954&v=3E9F10A249340C3FE999C03E51C3037C689711BC,5815320304,Adzuna::API::Response::Job,"{'label': 'Unknown', '__CLASS__': 'Adzuna::API::Response::Category', 'tag': 'unknown'}",eyJhbGciOiJIUzI1NiJ9.eyJpIjoiNTgxNTMyMDMwNCIsInMiOiI5SEVTUnllUDhSR24zWTlmTGVrQlpBIn0.cpKXO8IFBx5n4e4EoqNSVZ6z3WbzTWCw9mDqCRD7CNQ,2026-07-25T12:47:49Z,"{'display_name': 'Schaeffler Technologies AG & Co. KG', '__CLASS__': 'Adzuna::API::Response::Company'}",,,,
49.56892,10.88109,0,"{'display_name': 'Herzogenaurach, Erlangen-Höchstadt (Kreis)', '__CLASS__': 'Adzuna::API::Response::Location', 'area': ['Deutschland', 'Bayern', 'Erlangen-Höchstadt (Kreis)', 'Herzogenaurach']}",Duales Studium (DHBW) - Wirtschaftsinformatik Application Management (d/m/w) 2027,"Kopfzeile für externe Stellenbeschreibung: Du bist technikbegeistert und voller Ideen, mit denen Du die Welt bewegen willst? Dann ist eine Ausbildung oder ein duales Studium bei Schaeffler genau das Richtige für Dich. Ohne unsere Produkte könnten Autos nicht fahren, Maschinen nicht laufen und Flugzeuge nicht fliegen. Als führender Anbieter von Wälzlagern für sämtliche Industrien und wichtiger Partner im internationalen Automobilbau bietet Dir Schaeffler ein hervorragendes Umfeld für Deinen Star…",https://www.adzuna.de/land/ad/5812014144?se=9HESRyeP8RGn3Y9fLekBZA&utm_medium=api&utm_source=a4bcf954&v=FCD53AA1E9C9C63936EB7604A1CA582F15B9E1E2,5812014144,Adzuna::API::Response::Job,"{'tag': 'unknown', 'label': 'Unknown', '__CLASS__': 'Adzuna::API::Response::Category'}",eyJhbGciOiJIUzI1NiJ9.eyJzIjoiOUhFU1J5ZVA4UkduM1k5Zkxla0JaQSIsImkiOiI1ODEyMDE0MTQ0In0.deudZv2aNDjnTRqytYw6gGiyWMvfqglHVxftoo2Ewps,2026-07-23T09:43:37Z,"{'__CLASS__': 'Adzuna::API::Response::Company', 'display_name': 'Schaeffler Technologies AG & Co. KG'}",,,,
49.18975,9.2274,0,"{'display_name': 'Neckarsulm, Heilbronn (Kreis)', '__CLASS__': 'Adzuna::API::Response::Location', 'area': ['Deutschland', 'Baden-Württemberg', 'Heilbronn (Kreis)', 'Neckarsulm']}",Duales Studium Data Science und KI - Smart Operations Management 2027,"Eine gute Idee war der Ursprung, ein erfolgreiches Konzept ist das Ergebnis. Qualität zum guten Preis möglichst vielen Menschen anbieten zu können treibt uns an - mittlerweile weltweit, denn wir sind Lidl. Hier ist das berufliche Zuhause vielfältiger Talente. Ob im Einkauf, in der Logistik, im Warengeschäft oder in der IT; ob als Impulsgeber, Gestalter oder Dienstleister der Länder. Wir suchen Anpacker, Durchstarter, Möglichmacher und bieten spannende Aufgaben und Projekte in einem dynamischen …",https://www.adzuna.de/land/ad/5810529996?se=9HESRyeP8RGn3Y9fLekBZA&utm_medium=api&utm_source=a4bcf954&v=FD2411C7DDC59034D7D0EF8C26A1DBCB82980F45,5810529996,Adzuna::API::Response::Job,"{'label': 'Stellen für Hochschulabsolventen', '__CLASS__': 'Adzuna::API::Response::Category', 'tag': 'graduate-jobs'}",eyJhbGciOiJIUzI1NiJ9.eyJzIjoiOUhFU1J5ZVA4UkduM1k5Zkxla0JaQSIsImkiOiI1ODEwNTI5OTk2In0.Bz6bey5hjFINBm14ocDfy4Ver3U8TyXuteD7nUk9T5Q,2026-07-22T10:22:26Z,"{'display_name': 'Lidl Stiftung & Co. KG', '__CLASS__': 'Adzuna::API::Response::Company'}",,,,
49.2291,9.21629,0,"{'display_name': 'Bad Friedrichshall, Heilbronn (Kreis)', '__CLASS__': 'Adzuna::API::Response::Location', 'area': ['Deutschland', 'Baden-Württemberg', 'Heilbronn (Kreis)', 'Bad Friedrichshall']}",Duales Studium Data Science und Künstliche Intelligenz 2027 (m/w/d),"Als weltweit agierendes Unternehmen benötigen wir eine IT-Landschaft, die jederzeit reibungslos funktioniert, sich stets auf dem neuesten Stand der Technik befindet und sich an den Bedürfnissen unserer Kunden innerhalb der Unternehmen der Schwarz Gruppe orientiert. An der Schnittstelle zwischen Daten und IT erarbeiten wir tragfähige Lösungen, die maßgeblich und sichtbar zu unserem Erfolg beitragen. {Studienbeginn:} 01.09.2027 mit dem Begrüßungsmonat {Studiendauer:} 3 Jahre {Studiendauer:} 01.10…",https://www.adzuna.de/land/ad/5810535567?se=9HESRyeP8RGn3Y9fLekBZA&utm_medium=api&utm_source=a4bcf954&v=15E50F567E84648B678B5462035A8594EB048353,5810535567,Adzuna::API::Response::Job,"{'label': 'Stellen für Hochschulabsolventen', '__CLASS__': 'Adzuna::API::Response::Category', 'tag': 'graduate-jobs'}",eyJhbGciOiJIUzI1NiJ9.eyJzIjoiOUhFU1J5ZVA4UkduM1k5Zkxla0JaQSIsImkiOiI1ODEwNTM1NTY3In0.QwWKXzQ48B7lqDtWfxgj4BiXS_xUxGKwFVSSOK00bwY,2026-07-22T10:23:20Z,"{'__CLASS__': 'Adzuna::API::Response::Company', 'display_name': 'Schwarz Digits'}",,,,
52.378818,9.742751,0,"{'display_name': 'Hannover, Region Hannover (Kreis)', '__CLASS__': 'Adzuna::API::Response::Location', 'area': ['Deutschland', 'Niedersachsen', 'Region Hannover (Kreis)', 'Hannover']}",Postdoc / Wissenschaftliche:r Mitarbeiter:in - KI für wissenschaftliche Kommunikation und Wissensgraphen (m/w/d),"Als Deutsche Zentrale Fachbibliothek für Technik und Naturwissenschaften sichern wir mit unseren zukunftsweisenden Dienstleistungen die infrastrukturellen Voraussetzungen einer qualitativ hochwertigen Informations- und Literaturversorgung für Forschung in Wissenschaft und Industrie. Mit dem Open Research Knowledge Graph (ORKG) arbeiten wir daran, den Austausch und die Nutzung wissenschaftlicher Erkenntnisse im digitalen Zeitalter zu revolutionieren. Die Technische Informationsbibliothek (TIB) ,…",https://www.adzuna.de/land/ad/5826253313?se=9HESRyeP8RGn3Y9fLekBZA&utm_medium=api&utm_source=a4bcf954&v=442D772D56E374181B93B9D0A816B227B6EE2B6C,5826253313,Adzuna::API::Response::Job,"{'tag': 'scientific-qa-jobs', '__CLASS__': 'Adzuna::API::Response::Category', 'label': 'Stellen aus Wissenschaft & Qualitätssicherung'}",eyJhbGciOiJIUzI1NiJ9.eyJpIjoiNTgyNjI1MzMxMyIsInMiOiI5SEVTUnllUDhSR24zWTlmTGVrQlpBIn0.z7CrdCxfCbKHvnlMIAIBJ70OEyZk8syTb6EVTSTApnM,2026-08-03T03:51:13Z,"{'__CLASS__': 'Adzuna::API::Response::Company', 'display_name': 'Technische Informationsbibliothek '}",,,,
48.77713,9.18071,0,"{'display_name': 'Mitte, Stuttgart', '__CLASS__': 'Adzuna::API::Response::Location', 'area': ['Deutschland', 'Baden-Württemberg', 'Stuttgart', 'Mitte']}",Praktikum Data Science/Analytics Global Market Intelligence,"Die Mercedes-Benz Group AG ist eines der erfolgreichsten Automobilunternehmen der Welt. Mit der Mercedes-Benz AG gehört der Fahrzeughersteller zu den größten Anbietern von Premium- und Luxus-Pkw und Vans. Wir bringen Data Science, Market Research und Competitive Analytics zusammen, um belastbare Insights für globale Strategie, Produktentwicklung und Marketing zu liefern. Im Umfeld eines internationalen Automobilkonzerns analysieren wir Märkte, Wettbewerber, Markenwahrnehmung und Konsumentenerwa…",https://www.adzuna.de/land/ad/5825747840?se=9HESRyeP8RGn3Y9fLekBZA&utm_medium=api&utm_source=a4bcf954&v=4FF1DED7852473FD88506D92CA2A81F44623F1E8,5825747840,Adzuna::API::Response::Job,"{'__CLASS__': 'Adzuna::API::Response::Category', 'label': 'Unknown', 'tag': 'unknown'}",eyJhbGciOiJIUzI1NiJ9.eyJzIjoiOUhFU1J5ZVA4UkduM1k5Zkxla0JaQSIsImkiOiI1ODI1NzQ3ODQwIn0.uP9xBsx2NZQwTEQM2vE7fdx8QVo_bKQmq3DClTroXns,2026-08-02T16:57:26Z,"{'display_name': 'Mercedes-Benz AG', '__CLASS__': 'Adzuna::API::Response::Company'}",,,,
49.001249,8.412378,0,"{'display_name': 'Karlsruhe, Karlsruhe (Kreis)', '__CLASS__': 'Adzuna::API::Response::Location', 'area': ['Deutschland', 'Baden-Württemberg', 'Karlsruhe (Kreis)', 'Karlsruhe']}",Duales Studium Data Science & Künstliche Intelligenz B.Sc.,Wir sind der Digitalisierungspartner in der genossenschaftlichen FinanzGruppe und vereinen jahrzehntelanges Expertenwissen in Banking und Informationstechnologie. Die speziell auf Banken zugeschnittenen IT-Lösungen und Leistungen reichen vom Rechenzentrumsbetrieb über das Bankverfahren von Atruvia bis hin zur App-Entwicklung. Dabei nutzen wir zukunftsweisende Technologien wie Smart Data und schreiben Prozessoptimierung und Regulatorik groß. Gestalte die Zukunft mit KI – Starte dein Duales Studi…,https://www.adzuna.de/land/ad/5810540772?se=9HESRyeP8RGn3Y9fLekBZA&utm_medium=api&utm_source=a4bcf954&v=56B3264FF35A6A78A937C2B95E1390B547A95D74,5810540772,Adzuna::API::Response::Job,"{'tag': 'graduate-jobs', '__CLASS__': 'Adzuna::API::Response::Category', 'label': 'Stellen für Hochschulabsolventen'}",eyJhbGciOiJIUzI1NiJ9.eyJzIjoiOUhFU1J5ZVA4UkduM1k5Zkxla0JaQSIsImkiOiI1ODEwNTQwNzcyIn0.5zAHgfTYXS8Fg4Phpd5kL0Xndb5QR9Z7S9v1OGaMKSM,2026-07-22T10:24:35Z,"{'display_name': 'Atruvia AG', '__CLASS__': 'Adzuna::API::Response::Company'}",,,,
53.557429,9.987297,0,"{'display_name': 'Hamburg, Deutschland', 'area': ['Deutschland', 'Hamburg'], '__CLASS__': 'Adzuna::API::Response::Location'}",Junior Consultant Analytics Data Science (m/w/d),"Dein Team Du hast Freude an Innovationen, spannenden Inhalten und kollegialem Teamspirit? Mit unseren Berater:innen wächst du mit deinen Aufgaben und lernst von unseren Expert:innen. Gemeinsam beraten wir unsere deutsch- und englischsprachigen Kunden bei ihren Herausforderungen im Umfeld von Business Intelligence, Planung, Advanced Analytics & Data Science. Wir verbinden höchste Beratungskompetenz mit technischer Expertise. Dabei konzipieren und implementieren wir maßgeschneiderte Lösungen auf …",https://www.adzuna.de/land/ad/5822331855?se=9HESRyeP8RGn3Y9fLekBZA&utm_medium=api&utm_source=a4bcf954&v=0D662482257D087C0714CA099C14F8FD19CDE9B9,5822331855,Adzuna::API::Response::Job,"{'label': 'Unknown', '__CLASS__': 'Adzuna::API::Response::Category', 'tag': 'unknown'}",eyJhbGciOiJIUzI1NiJ9.eyJpIjoiNTgyMjMzMTg1NSIsInMiOiI5SEVTUnllUDhSR24zWTlmTGVrQlpBIn0.kuUDVeNYiuBFB1RE-1Jf2idJSRfovYVPN1iWVBhci4M,2026-07-31T14:07:38Z,"{'__CLASS__': 'Adzuna::API::Response::Company', 'display_name': 'ISR Information Products AG'}",full_time,,,
49.56892,10.88109,0,"{'display_name': 'Herzogenaurach, Erlangen-Höchstadt (Kreis)', 'area': ['Deutschland', 'Bayern', 'Erlangen-Höchstadt (Kreis)', 'Herzogenaurach'], '__CLASS__': 'Adzuna::API::Response::Location'}",Duales Studium (DHBW) - Data Science und künstliche Intelligenz (d/m/w) 2027,"Du bist technikbegeistert und voller Ideen, mit denen Du die Welt bewegen willst? Dann ist eine Ausbildung oder ein duales Studium bei Schaeffler genau das Richtige für Dich. Ohne unsere Produkte könnten Autos nicht fahren, Maschinen nicht laufen und Flugzeuge nicht fliegen. Als führender Anbieter von Wälzlagern für sämtliche Industrien und wichtiger Partner im internationalen Automobilbau bietet Dir Schaeffler ein hervorragendes Umfeld für Deinen Start in die Berufswelt. JLFT1_DE",https://www.adzuna.de/land/ad/5812191200?se=9HESRyeP8RGn3Y9fLekBZA&utm_medium=api&utm_source=a4bcf954&v=B64A7C8EB6E4E2752963701AA801C2BEB8356DFF,5812191200,Adzuna::API::Response::Job,"{'__CLASS__': 'Adzuna::API::Response::Category', 'label': 'Stellen für Hochschulabsolventen', 'tag': 'graduate-jobs'}",eyJhbGciOiJIUzI1NiJ9.eyJpIjoiNTgxMjE5MTIwMCIsInMiOiI5SEVTUnllUDhSR24zWTlmTGVrQlpBIn0.2RJI1bUlQm6ZE1zupKSLsPUjz9ViaPR60iL9wRXGShQ,2026-07-23T12:28:08Z,"{'display_name': 'Schaeffler Technologies AG & Co. KG', '__CLASS__': 'Adzuna::API::Response::Company'}",,,,
48.62848,12.49782,0,"{'area': ['Deutschland', 'Bayern', 'Dingolfing-Landau (Kreis)', 'Dingolfing'], '__CLASS__': 'Adzuna::API::Response::Location', 'display_name': 'Dingolfing, Dingolfing-Landau (Kreis)'}",Dualer Student Data Science & Scientific Computing (w/m/x),"Aufgaben Profil Wir bieten Hinweis: Dieser Studiengang wird als Studium mit vertiefter Praxis angeboten. Du liebst es, Ursachen für Probleme zu entdecken und Lösungen zu finden und möchtest an Zukunftsthemen arbeiten? Du hast eine Leidenschaft für IT und Digitalisierung? Dann ist dieses Studium genau das Richtige für dich. Denn du bist Expert:in dafür, riesige Datenmengen zu bändigen und daraus Vorhersagen abzuleiten. Egal ob Entwicklungsdaten oder Daten unserer Kund:innen, du weißt wo du die r…",https://www.adzuna.de/land/ad/5825363997?se=9HESRyeP8RGn3Y9fLekBZA&utm_medium=api&utm_source=a4bcf954&v=6317F75F011C06DE2BB223BAD37A4A9F01639DCA,5825363997,Adzuna::API::Response::Job,"{'label': 'Unknown', '__CLASS__': 'Adzuna::API::Response::Category', 'tag': 'unknown'}",eyJhbGciOiJIUzI1NiJ9.eyJpIjoiNTgyNTM2Mzk5NyIsInMiOiI5SEVTUnllUDhSR24zWTlmTGVrQlpBIn0.F5eCeOy_ZNJOwjxO_leJKsbUBxvopR73dWvvjoYDEx8,2026-08-02T07:29:12Z,"{'__CLASS__': 'Adzuna::API::Response::Company', 'display_name': 'BMW Group'}",,,,
50.940164,6.969972,0,"{'__CLASS__': 'Adzuna::API::Response::Location', 'area': ['Deutschland', 'Nordrhein-Westfalen', 'Köln'], 'display_name': 'Köln, Nordrhein-Westfalen'}",Duales Studium Wirtschaftsinformatik Data Science & KI - Start Oktober 2026 (m/w/d),"Willst du wissen, was Unternehmen erfolgreich macht? Direkt mit Entscheidern am Tisch sitzen? Unmittelbar erleben, was dein Können bewirkt? Gemeinsam mit dir bringt RSM Ebner Stolz den Mittelstand voran – in Wirtschaftsprüfung, Steuer-, Rechts- und Unternehmensberatung. Mit über 2.900 Mitarbeitenden sind wir deutschlandweit präsent, weltweit an mehr als 500 Standorten unseres internationalen RSM-Netzwerks vertreten. Unser Erfolg lebt von starken Menschen mit Ecken und Kanten. Deshalb stehen wir…",https://www.adzuna.de/land/ad/5798555666?se=9HESRyeP8RGn3Y9fLekBZA&utm_medium=api&utm_source=a4bcf954&v=F213C1AFAE20E26EED1FD1B725354912AA8E73BE,5798555666,Adzuna::API::Response::Job,"{'tag': 'unknown', '__CLASS__': 'Adzuna::API::Response::Category', 'label': 'Unknown'}",eyJhbGciOiJIUzI1NiJ9.eyJpIjoiNTc5ODU1NTY2NiIsInMiOiI5SEVTUnllUDhSR24zWTlmTGVrQlpBIn0.yTA28C3mniiarVciButN53jlByTNRHT-e4tsB2StMus,2026-07-13T06:59:05Z,"{'__CLASS__': 'Adzuna::API::Response::Company', 'display_name': 'RSM Ebner Stolz'}",,,,
50.25777,10.96603,0,"{'display_name': 'Coburg, Coburg (Kreis)', '__CLASS__': 'Adzuna::API::Response::Location', 'area': ['Deutschland', 'Bayern', 'Coburg (Kreis)', 'Coburg']}",Spezialist für Steuerungs- und Controllingsysteme - Schwerpunkt Data Science (w/m/d),"Hallo, lass uns WIR sagen! Wir - die HUK-COBURG Versicherungsgruppe - zählen zu den 10 größten in Deutschland. Vor über 90 Jahren gegründet sind wir mit über 13 Millionen Kund:innen heute der große Versicherer für Privathaushalte und der größte deutsche Autoversicherer. Dass wir oft preisgünstiger sind als andere Versicherungen, hat bei uns schon Tradition. Genau wie unser Ruf als Arbeitgeberin, mit der DU wachsen und deine persönlichen Ziele erreichen kannst. Bei uns kannst du eine spannende K…",https://www.adzuna.de/land/ad/5810534161?se=9HESRyeP8RGn3Y9fLekBZA&utm_medium=api&utm_source=a4bcf954&v=4B5233B92EE41BD2C1BFB3A8C2021001354D9B74,5810534161,Adzuna::API::Response::Job,"{'tag': 'other-general-jobs', 'label': 'Sonstige/Allgemeine Stellen', '__CLASS__': 'Adzuna::API::Response::Category'}",eyJhbGciOiJIUzI1NiJ9.eyJzIjoiOUhFU1J5ZVA4UkduM1k5Zkxla0JaQSIsImkiOiI1ODEwNTM0MTYxIn0.cSI8hwmohing7Qw7VGoIUpzztBvyIQSRmM-ppQP_mNs,2026-07-22T10:23:06Z,"{'display_name': 'HUK-COBURG Versicherungsgruppe', '__CLASS__': 'Adzuna::API::Response::Company'}",,,,
49.31944,7.3341,0,"{'display_name': 'Homburg, Saarpfalz-Kreis', '__CLASS__': 'Adzuna::API::Response::Location', 'area': ['Deutschland', 'Saarland', 'Saarpfalz-Kreis', 'Homburg']}",Solution Consultant KI-Plattformen (m/w/d),"Wir sind ein dynamisches und leistungsstarkes Unternehmen der kosmetischen und pharmazeutischen Industrie. Neben der nach GMP-Richtlinien zertifizierten eigenen Produktion für unsere Gesichts-, Körper-, Haarpflegeprodukte und dekorativen Kosmetik legen wir großen Wert auf unser Qualitätsmerkmal ""Made in Germany"". Jährlich werden unsere innovativen Apothekenprodukte mit Preisen wie ""Beste Neueinführung"" oder ""Top Marke"" ausgezeichnet. Zur Verstärkung unseres IT-Teams suchen wir zum nächstmöglich…",https://www.adzuna.de/land/ad/5813484237?se=9HESRyeP8RGn3Y9fLekBZA&utm_medium=api&utm_source=a4bcf954&v=B82B796464C89AB9BF15E81FEF75C6FA53EAD7D6,5813484237,Adzuna::API::Response::Job,"{'label': 'Unknown', '__CLASS__': 'Adzuna::API::Response::Category', 'tag': 'unknown'}",eyJhbGciOiJIUzI1NiJ9.eyJzIjoiOUhFU1J5ZVA4UkduM1k5Zkxla0JaQSIsImkiOiI1ODEzNDg0MjM3In0.TPs8NDoLO5qgIeaaov9iIj4Sy2zVyU3ptGZCUXrfKNE,2026-07-24T09:38:13Z,"{'display_name': 'Dr. Theiss Naturwaren GmbH', '__CLASS__': 'Adzuna::API::Response::Company'}",,,,
48.78408,10.10558,0,"{'__CLASS__': 'Adzuna::API::Response::Location', 'area': ['Deutschland', 'Baden-Württemberg', 'Ostalbkreis', 'Oberkochen'], 'display_name': 'Oberkochen, Ostalbkreis'}","Duales Studium – Data Science und Künstliche Intelligenz (m/w/x), Beginn Herbst 2027","Sich etwas Neues trauen, über sich hinauswachsen und dabei die Grenzen des Machbaren neu definieren. Genau das ist es, was unsere Mitarbeitenden täglich leben dürfen und sollen. Um mit unseren Innovationen ein Zeichen zu setzen und Großartiges zu ermöglichen. Denn hinter jedem erfolgreichen Unternehmen stehen eine ganze Menge faszinierende Menschen. In einem offenen und modernen Umfeld mit zahlreichen Entwicklungs- und Weiterbildungsmöglichkeiten, arbeiten die Mitarbeitenden bei ZEISS in einer …",https://www.adzuna.de/land/ad/5810529586?se=9HESRyeP8RGn3Y9fLekBZA&utm_medium=api&utm_source=a4bcf954&v=F431BA2A0EC8915F786075465FA4FF9055B9A532,5810529586,Adzuna::API::Response::Job,"{'tag': 'graduate-jobs', '__CLASS__': 'Adzuna::API::Response::Category', 'label': 'Stellen für Hochschulabsolventen'}",eyJhbGciOiJIUzI1NiJ9.eyJpIjoiNTgxMDUyOTU4NiIsInMiOiI5SEVTUnllUDhSR24zWTlmTGVrQlpBIn0.wmLfh79zhEEGCg4CyRSn29eKBlrWkf9XJwsBuF7-MA4,2026-07-22T10:22:20Z,"{'__CLASS__': 'Adzuna::API::Response::Company', 'display_name': 'ZEISS'}",,,,
49.18975,9.2274,0,"{'area': ['Deutschland', 'Baden-Württemberg', 'Heilbronn (Kreis)', 'Neckarsulm'], '__CLASS__': 'Adzuna::API::Response::Location', 'display_name': 'Neckarsulm, Heilbronn (Kreis)'}",Duales Studium Wirtschaftsinformatik - Data Science 2027,"Einleitung Eine gute Idee war der Ursprung, ein erfolgreiches Konzept ist das Ergebnis. Qualität zum guten Preis möglichst vielen Menschen anbieten zu können treibt uns an - mittlerweile weltweit, denn wir sind Lidl. Hier ist das berufliche Zuhause vielfältiger Talente. Ob im Einkauf, in der Logistik, im Warengeschäft oder in der IT; ob als Impulsgeber, Gestalter oder Dienstleister der Länder. Wir suchen Anpacker, Durchstarter, Möglichmacher und bieten spannende Aufgaben und Projekte in einem d…",https://www.adzuna.de/land/ad/5750397165?se=9HESRyeP8RGn3Y9fLekBZA&utm_medium=api&utm_source=a4bcf954&v=C914835A5535ED1A2EDA46F1E53ECAC2CB81E252,5750397165,Adzuna::API::Response::Job,"{'__CLASS__': 'Adzuna::API::Response::Category', 'label': 'Teilzeitstellen', 'tag': 'part-time-jobs'}",eyJhbGciOiJIUzI1NiJ9.eyJzIjoiOUhFU1J5ZVA4UkduM1k5Zkxla0JaQSIsImkiOiI1NzUwMzk3MTY1In0.d-REU9Z3fX9IRNb55gUsUO9bPqX8s33SPfcjsTe_2kY,2026-06-03T11:42:39Z,"{'display_name': 'Lidl', '__CLASS__': 'Adzuna::API::Response::Company'}",,,,
50.129683,8.650578,0,"{'display_name': 'Frankfurt am Main, Hessen', '__CLASS__': 'Adzuna::API::Response::Location', 'area': ['Deutschland', 'Hessen', 'Frankfurt am Main']}",Wissenschaftliche*r Mitarbeiter*in (m/w/d) e-Finance Data Science,"Die Herausforderung Sie arbeiten ab dem ersten Tag gemeinsam mit Kolleg*innen an aktuellen Forschungsfragen und gestalten diese mit Ihren Ideen aktiv mit. In den Projekten werden Sie Elektronische Finanzmärkte und Börsen sowie Digital Asset Markets primär empirisch über die Analyse von Finanzmarktdaten untersuchen und Gelegenheit haben, sich neue Analyse- und Forschungsmethoden anzueignen. Ein weiteres zentrales Thema sind neue Geschäfts- und Technologiekonzepte im Kontext Digital Finance (u.a.…",https://www.adzuna.de/land/ad/5820886810?se=9HESRyeP8RGn3Y9fLekBZA&utm_medium=api&utm_source=a4bcf954&v=7C2E561E58C28C1B91CF88FD8A09C46EFC173175,5820886810,Adzuna::API::Response::Job,"{'__CLASS__': 'Adzuna::API::Response::Category', 'label': 'Unknown', 'tag': 'unknown'}",eyJhbGciOiJIUzI1NiJ9.eyJzIjoiOUhFU1J5ZVA4UkduM1k5Zkxla0JaQSIsImkiOiI1ODIwODg2ODEwIn0.ki8TN92d-gDFuO45_rJEeDYEHB16akgHw9kCfej06Og,2026-07-30T09:59:52Z,"{'__CLASS__': 'Adzuna::API::Response::Company', 'display_name': 'efl - The Data Science Institute / Goethe Universität Frankfurt'}",,,,
51.048715,7.007059,0,"{'display_name': 'Leverkusen, Nordrhein-Westfalen', '__CLASS__': 'Adzuna::API::Response::Location', 'area': ['Deutschland', 'Nordrhein-Westfalen', 'Leverkusen']}",Senior Spezialist/Senior Spezialistin (w/m/d) Telekommunikationsüberwachung,"in Köln in Voll- oder Teilzeit Vergütung: E 12 (TVöD Bund) bzw. A 12 BBesO Referenzcode: P/2130/2026/211/72 Bewerbungsfrist: 06.08.2026 Das Zollkriminalamt (ZKA) ist mit seinen rund 800 Beschäftigten die Zentrale des deutschen Zollfahndungsdienstes, dessen Hauptaufgabe die Verfolgung und Verhütung der mittleren, schweren und organisierten Zollkriminalität ist. Es koordiniert und lenkt die Ermittlungen der angeschlossenen acht Zollfahndungsämter an bundesweiten Standorten. Für unser Team suchen …",https://www.adzuna.de/land/ad/5807171206?se=9HESRyeP8RGn3Y9fLekBZA&utm_medium=api&utm_source=a4bcf954&v=FF95D8C0B268C321E8B1775019E4B950D0607B43,5807171206,Adzuna::API::Response::Job,"{'tag': 'unknown', 'label': 'Unknown', '__CLASS__': 'Adzuna::API::Response::Category'}",eyJhbGciOiJIUzI1NiJ9.eyJpIjoiNTgwNzE3MTIwNiIsInMiOiI5SEVTUnllUDhSR24zWTlmTGVrQlpBIn0.0iHhmhL1QBEzUmdGRJ_piPzv1Ia6G37w_L7y_AkKKl0,2026-07-19T14:46:09Z,"{'display_name': 'Generalzolldirektion', '__CLASS__': 'Adzuna::API::Response::Company'}",,,,
49.55214,8.66573,0,"{'display_name': 'Weinheim, Rhein-Neckar-Kreis', 'area': ['Deutschland', 'Baden-Württemberg', 'Rhein-Neckar-Kreis', 'Weinheim'], '__CLASS__': 'Adzuna::API::Response::Location'}",Masterarbeit im Bereich Data Science / Machine Learning im Spritzguss (w/m/d),"„We will wow your world!” Das ist unser Versprechen, wenn es um Arbeiten bei Freudenberg geht. Als globaler Technologiekonzern machen wir die Welt nicht nur sauberer, gesünder und komfortabler, sondern bieten unseren 52.000 Mitarbeitenden auch ein vernetztes und vielfältiges Arbeitsumfeld, in dem sich alle individuell entfalten können. Lassen Sie sich überraschen und erleben Sie Ihre eigenen „Wow”-Momente. Gemeinsam mit Partnern, Kunden und der Wissenschaft entwickeln wir technisch führende Pro…",https://www.adzuna.de/land/ad/5810546489?se=9HESRyeP8RGn3Y9fLekBZA&utm_medium=api&utm_source=a4bcf954&v=CA922220D5632E8B74AA37483CFC33BFB4F0930A,5810546489,Adzuna::API::Response::Job,"{'__CLASS__': 'Adzuna::API::Response::Category', 'label': 'Stellen für Hochschulabsolventen', 'tag': 'graduate-jobs'}",eyJhbGciOiJIUzI1NiJ9.eyJpIjoiNTgxMDU0NjQ4OSIsInMiOiI5SEVTUnllUDhSR24zWTlmTGVrQlpBIn0.9jzTGDsy_dnXLTsLvBjlYfIlcxggww-AqqQDjhOgwN4,2026-07-22T10:25:34Z,"{'__CLASS__': 'Adzuna::API::Response::Company', 'display_name': 'Freudenberg Technology Innovation SE & Co. KG'}",,,,
,,0,"{'area': ['Deutschland'], '__CLASS__': 'Adzuna::API::Response::Location', 'display_name': 'Deutschland'}",Duale*r Student*in Data Science & KI in Kooperation mit der DHBW Mannheim,"Springer Nature öffnet Türen zu Entdeckungen. Seit mehr als 180 Jahren sind unsere Marken zuverlässige Wissensquellen für Wissenschaftler*innen, Lehrer*innen, Mediziner*innen und andere Fachkräfte. Mit unseren Büchern, wissenschaftlichen Zeitschriften, Plattformen und technologischen Lösungen erreichen wir jeden Tag weltweit Millionen von Menschen. JLFT1_DE",https://www.adzuna.de/land/ad/5810560874?se=9HESRyeP8RGn3Y9fLekBZA&utm_medium=api&utm_source=a4bcf954&v=BB732B0F2E05DE39F159F5501E98F8E89524DFE8,5810560874,Adzuna::API::Response::Job,"{'__CLASS__': 'Adzuna::API::Response::Category', 'label': 'Stellen für Hochschulabsolventen', 'tag': 'graduate-jobs'}",eyJhbGciOiJIUzI1NiJ9.eyJpIjoiNTgxMDU2MDg3NCIsInMiOiI5SEVTUnllUDhSR24zWTlmTGVrQlpBIn0.NNj0teg96N-6FRrLIqYXjDetlsolwsLBAYkP28IttOc,2026-07-22T10:28:53Z,"{'display_name': 'Springer-Verlag GmbH', '__CLASS__': 'Adzuna::API::Response::Company'}",,,,
49.001249,8.412378,0,"{'area': ['Deutschland', 'Baden-Württemberg', 'Karlsruhe (Kreis)', 'Karlsruhe'], '__CLASS__': 'Adzuna::API::Response::Location', 'display_name': 'Karlsruhe, Karlsruhe (Kreis)'}",Werkstudent (w/m/d) - Process & Performance Analytics,"1&1 gehört mit über 3.100 Mitarbeitenden und fast 16 Millionen Kundenverträgen zu den führenden Telekommunikationsanbietern in Deutschland. Mit Pioniergeist, ungewöhnlichen Ideen und kreativen Teams haben wir eine führende Marktstellung im Mobilfunk und bei Breitband-Anschlüssen erobert. Durch die Kombination des über 67.000 km langen 1&1 Glasfasernetzes und regionalen Netzen schaffen wir das weitreichendste Glasfasernetz Deutschlands. Außerdem bauen wir das modernste 5G-Netz Europas, auf der B…",https://www.adzuna.de/land/ad/5825718328?se=9HESRyeP8RGn3Y9fLekBZA&utm_medium=api&utm_source=a4bcf954&v=9C4E0EFDE23F9EAC2EDF5E8988BF38E206623688,5825718328,Adzuna::API::Response::Job,"{'tag': 'scientific-qa-jobs', '__CLASS__': 'Adzuna::API::Response::Category', 'label': 'Stellen aus Wissenschaft & Qualitätssicherung'}",eyJhbGciOiJIUzI1NiJ9.eyJzIjoiOUhFU1J5ZVA4UkduM1k5Zkxla0JaQSIsImkiOiI1ODI1NzE4MzI4In0.zREdhqEg2BFTC9SVZTY55rcIXLqxdenPlNYBcSVfNRw,2026-08-02T15:49:14Z,"{'display_name': '1&1', '__CLASS__': 'Adzuna::API::Response::Company'}",,,,
,,0,"{'display_name': 'Rhein-Sieg-Kreis, Nordrhein-Westfalen', '__CLASS__': 'Adzuna::API::Response::Location', 'area': ['Deutschland', 'Nordrhein-Westfalen', 'Rhein-Sieg-Kreis']}",Studentische Hilfskraft für KI-Workshops an Schulen (all genders),"Die Fraunhofer-Gesellschaft ist eine der weltweit führenden Organisationen für anwendungs­orientierte Forschung. 74 Institute entwickeln weg­weisende Technologien für unsere Wirt­schaft und Gesell­schaft – genauer: 30 000 Menschen aus Technik, Wissen­schaft, Ver­waltung und IT. Sie wissen: Wer zu Fraunhofer kommt, will und kann etwas verändern – für sich, für uns und die Märkte von heute und morgen. Am Fraunhofer IAIS erforschen und entwickeln 360 Mitarbeitende individuelle Lösungen zur Integra…",https://www.adzuna.de/land/ad/5825718670?se=9HESRyeP8RGn3Y9fLekBZA&utm_medium=api&utm_source=a4bcf954&v=19DBA59C884499FE7443AF104670DFF2503BFCDD,5825718670,Adzuna::API::Response::Job,"{'label': 'Unknown', '__CLASS__': 'Adzuna::API::Response::Category', 'tag': 'unknown'}",eyJhbGciOiJIUzI1NiJ9.eyJpIjoiNTgyNTcxODY3MCIsInMiOiI5SEVTUnllUDhSR24zWTlmTGVrQlpBIn0.JRDRcJiVIohpl8HMg6hTVQd72JP7SUGFFJiDGInn0KI,2026-08-02T15:49:23Z,"{'display_name': 'Fraunhofer-Institut für Intelligente Analyse- und Informationssysteme IAIS', '__CLASS__': 'Adzuna::API::Response::Company'}",,,,
,,0,"{'display_name': 'Deutschland', 'area': ['Deutschland'], '__CLASS__': 'Adzuna::API::Response::Location'}",Duales Studium Wirtschaftsinformatik - Data Science 2027,"Einleitung Eine gute Idee war der Ursprung, ein erfolgreiches Konzept ist das Ergebnis. Qualität zum guten Preis möglichst vielen Menschen anbieten zu können treibt uns an - mittlerweile weltweit, denn wir sind Lidl. Hier ist das berufliche Zuhause vielfältiger Talente. Ob im Einkauf, in der Logistik, im Warengeschäft oder in der IT; ob als Impulsgeber, Gestalter oder Dienstleister der Länder. Wir suchen Anpacker, Durchstarter, Möglichmacher und bieten spannende Aufgaben und Projekte in einem d…",https://www.adzuna.de/land/ad/5809705624?se=9HESRyeP8RGn3Y9fLekBZA&utm_medium=api&utm_source=a4bcf954&v=BC453D558C85265DBC3E67C99396901FB89CA897,5809705624,Adzuna::API::Response::Job,"{'tag': 'part-time-jobs', '__CLASS__': 'Adzuna::API::Response::Category', 'label': 'Teilzeitstellen'}",eyJhbGciOiJIUzI1NiJ9.eyJzIjoiOUhFU1J5ZVA4UkduM1k5Zkxla0JaQSIsImkiOiI1ODA5NzA1NjI0In0.dHkgdsHT7coM2TJ_A7ch-HSr27PnSEdvT_aJvAqoDZQ,2026-07-21T22:57:49Z,"{'display_name': 'Lidl', '__CLASS__': 'Adzuna::API::Response::Company'}",,,,
,,0,"{'area': ['Deutschland'], '__CLASS__': 'Adzuna::API::Response::Location', 'display_name': 'Deutschland'}",Werkstudent (m/w/d) Service – Implementierung einer KI gestützten Bewertung von Reparaturteilen,"Werkstudent (m/w/d) Service – Implementierung einer KI gestützten Bewertung von Reparaturteilen Warthausen | zum nächstmöglichen Zeitpunkt KaVo Dental mit Hauptsitz im schwäbischen Biberach an der Riß zählt seit mehr als 110 Jahren zu den führenden Unternehmen der internationalen Dentalbranche. Rund 1.600 Mitarbeiter*innen verbindet ein gemeinsames Ziel: innovative, hochwertige Behandlungseinheiten, Instrumente, bildgebende Geräte und produktbegleitende Services zu entwickeln, zu produzieren un…",https://www.adzuna.de/land/ad/5808152258?se=9HESRyeP8RGn3Y9fLekBZA&utm_medium=api&utm_source=a4bcf954&v=C447217DB50B5434F730D1C35422A7B66A6C568F,5808152258,Adzuna::API::Response::Job,"{'tag': 'unknown', 'label': 'Unknown', '__CLASS__': 'Adzuna::API::Response::Category'}",eyJhbGciOiJIUzI1NiJ9.eyJpIjoiNTgwODE1MjI1OCIsInMiOiI5SEVTUnllUDhSR24zWTlmTGVrQlpBIn0.kFDFRMuAHNAmrBJAJ6bqV6VxkLEK7eogxCQhLTUepEM,2026-07-20T15:32:57Z,"{'display_name': 'KaVo Dental GmbH', '__CLASS__': 'Adzuna::API::Response::Company'}",,,,
49.001249,8.412378,0,"{'area': ['Deutschland', 'Baden-Württemberg', 'Karlsruhe (Kreis)', 'Karlsruhe'], 'display_name': 'Karlsruhe, Karlsruhe (Kreis)', '__CLASS__': 'Adzuna::API::Response::Location'}",Data Science und Künstliche Intelligenz (B.Sc.) 2027,"Dein Berufsbild: Du möchtest irgendwas mit Mathe und Programmieren machen und findest Technologien der Zukunft spannend? Dann entscheide dich für den Studiengang Data Science und Künstliche Intelligenz und hol alles aus den Daten heraus. In deinem Beruf bist du die Schnittstelle zwischen IT und Business. Du beherrschst die verschiedenen Technologien, bewertest deren Potenziale und weißt, wie man sie technisch umsetzt. In deinem dualen Studium erlernst du die Grundlagen, Konzepte und Methoden de…",https://www.adzuna.de/land/ad/5767328897?se=cAAqSCeP8RG4FrmAon6bBw&utm_medium=api&utm_source=a4bcf954&v=035D23A311258786BF2486F5AFEF4CF66CBAE58C,5767328897,Adzuna::API::Response::Job,"{'label': 'Teilzeitstellen', '__CLASS__': 'Adzuna::API::Response::Category', 'tag': 'part-time-jobs'}",eyJhbGciOiJIUzI1NiJ9.eyJzIjoiY0FBcVNDZVA4Ukc0RnJtQW9uNmJCdyIsImkiOiI1NzY3MzI4ODk3In0.f0Q4D-1UO-hvIai160xu5hEKl4Foew2HuI9gA5rur7c,2026-06-18T01:08:56Z,"{'display_name': 'Siemens AG', '__CLASS__': 'Adzuna::API::Response::Company'}",,,,
50.940164,6.969972,0,"{'display_name': 'Köln, Nordrhein-Westfalen', 'area': ['Deutschland', 'Nordrhein-Westfalen', 'Köln'], '__CLASS__': 'Adzuna::API::Response::Location'}",Data Science und Künstliche Intelligenz (B.Sc.) 2027,"Dein Berufsbild: Du möchtest irgendwas mit Mathe und Programmieren machen und findest Technologien der Zukunft spannend? Dann entscheide dich für den Studiengang Data Science und Künstliche Intelligenz und hol alles aus den Daten heraus. In deinem Beruf bist du die Schnittstelle zwischen IT und Business. Du beherrschst die verschiedenen Technologien, bewertest deren Potenziale und weißt, wie man sie technisch umsetzt. In deinem dualen Studium erlernst du die Grundlagen, Konzepte und Methoden de…",https://www.adzuna.de/land/ad/5785412191?se=cAAqSCeP8RG4FrmAon6bBw&utm_medium=api&utm_source=a4bcf954&v=D0A77CD380C46F611C880989E79CBA2570403C30,5785412191,Adzuna::API::Response::Job,"{'__CLASS__': 'Adzuna::API::Response::Category', 'label': 'Teilzeitstellen', 'tag': 'part-time-jobs'}",eyJhbGciOiJIUzI1NiJ9.eyJzIjoiY0FBcVNDZVA4Ukc0RnJtQW9uNmJCdyIsImkiOiI1Nzg1NDEyMTkxIn0.GtowTTMDh25zWJCT6Pjusj54xE-mDT_pWPcdIrQHhYQ,2026-07-02T14:03:32Z,"{'display_name': 'Siemens AG', '__CLASS__': 'Adzuna::API::Response::Company'}",,,,
49.80341,8.53563,0,"{'area': ['Deutschland', 'Hessen', 'Groß-Gerau (Kreis)', 'Riedstadt'], 'display_name': 'Riedstadt, Groß-Gerau (Kreis)', '__CLASS__': 'Adzuna::API::Response::Location'}",Duales Studium Data Science&Künstliche Intelligenz 2027,"Duales Studium– unser Erfolgsrezept: Theorie und Praxis verbinden! Werde bei Transgourmet zur KI-Koryphäe: Duübernimmst Initiative in schmackhaften Projekten, bei denen du marktfrische, innovative Ansätze direkt aus deinem Studium einbringst. Du erhältst Einblicke in die Geheimnisse der kulinarischen Datenwelt eines modernen Lebensmittelgroßhändlers: Prozessveredelungá la IT: Optimiere mit uns die digitalen Kochprozesse in unserem Unternehmen, automatisiere Abläufe und würze die Systeme mit Kün…",https://www.adzuna.de/land/ad/5770589039?se=cAAqSCeP8RG4FrmAon6bBw&utm_medium=api&utm_source=a4bcf954&v=681BE7A3D03AC6F297C387CC551FF08EF9980009,5770589039,Adzuna::API::Response::Job,"{'tag': 'part-time-jobs', 'label': 'Teilzeitstellen', '__CLASS__': 'Adzuna::API::Response::Category'}",eyJhbGciOiJIUzI1NiJ9.eyJpIjoiNTc3MDU4OTAzOSIsInMiOiJjQUFxU0NlUDhSRzRGcm1Bb242YkJ3In0.loLxgMX1BANc6dAgWkZSCmWYcsu0QQUyTuRIfAELujM,2026-06-20T12:53:08Z,"{'__CLASS__': 'Adzuna::API::Response::Company', 'display_name': 'Transgourmet Deutschland GmbH&Co. OHG'}",,,,
50.583286,8.679778,0,"{'__CLASS__': 'Adzuna::API::Response::Location', 'area': ['Deutschland', 'Hessen', 'Gießen (Kreis)', 'Gießen'], 'display_name': 'Gießen, Gießen (Kreis)'}",Wissenschaftliche/r Mitarbeiter/in (m/w/d) Machine Learning / Medical Data Science,"Die 1607 gegründete Justus-Liebig-Universität Gießen (JLU) ist eine traditionsreiche Forschungsuniversität. Inspiriert von der Neugier auf das Unbekannte ermöglichen wir rund 25.000 Studierenden und 5.800 Beschäftigten, Wissenschaft für die Gesellschaft voranzutreiben. Gehen Sie zusammen mit uns neue Wege und schreiben Sie Erfolgsgeschichten – Ihre eigene und die der Universität. Unterstützen Sie uns ab dem nächstmöglichen Zeitpunkt in Vollzeit als Wissenschaftliche/r Mitarbeiter/in (m/w/d) Mac…",https://www.adzuna.de/land/ad/5822652212?se=cAAqSCeP8RG4FrmAon6bBw&utm_medium=api&utm_source=a4bcf954&v=94666D3E99A199DDCB2EE4F6D88F45A936DE5A9B,5822652212,Adzuna::API::Response::Job,"{'tag': 'healthcare-nursing-jobs', 'label': 'Stellen aus Gesundheitswesen & Pflege', '__CLASS__': 'Adzuna::API::Response::Category'}",eyJhbGciOiJIUzI1NiJ9.eyJzIjoiY0FBcVNDZVA4Ukc0RnJtQW9uNmJCdyIsImkiOiI1ODIyNjUyMjEyIn0.MgKzAiWDz08vrpVPLM3dKacUjaX1eLzhKwfU9O52Vag,2026-07-31T21:54:51Z,"{'display_name': 'Justus-Liebig-Universität Gießen', '__CLASS__': 'Adzuna::API::Response::Company'}",,,,
51.052725,13.756452,0,"{'display_name': 'Dresden, Sachsen', 'area': ['Deutschland', 'Sachsen', 'Dresden'], '__CLASS__': 'Adzuna::API::Response::Location'}",Postdoc (m/w/d) Chirurgische KI,"in der Klinik und Poliklinik für Viszeral-, Thorax- und Gefäßchirurgie und dem Else Kröner Fresenius Zentrum für Digitale Gesundheit Die Stelle ist ab 1. Oktober 2026 in Voll- oder Teilzeitbeschäftigung zunächst für 24 Monate befristet zu besetzen. Die Vergütung erfolgt nach den Eingruppierungsvorschriften des Tarifvertrages für den öffentlichen Dienst (TV-L) und ist bei Vorliegen der persönlichen Voraussetzungen in die Entgeltgruppe E13 möglich. Diese Stelle ist Teil eines vom Bundesministeriu…",https://www.adzuna.de/land/ad/5817436679?se=cAAqSCeP8RG4FrmAon6bBw&utm_medium=api&utm_source=a4bcf954&v=4CB4A7B8A8A6B5A97F268DB2133B6E5DF0F2624E,5817436679,Adzuna::API::Response::Job,"{'tag': 'unknown', 'label': 'Unknown', '__CLASS__': 'Adzuna::API::Response::Category'}",eyJhbGciOiJIUzI1NiJ9.eyJpIjoiNTgxNzQzNjY3OSIsInMiOiJjQUFxU0NlUDhSRzRGcm1Bb242YkJ3In0.JD1QovmsMR2zPAdV4Ejv3Iy1HRO2hM3tTddthuvnVJk,2026-07-27T15:54:07Z,"{'__CLASS__': 'Adzuna::API::Response::Company', 'display_name': 'Universitätsklinikum Carl Gustav Carus Dresden'}",,,,
,,0,"{'__CLASS__': 'Adzuna::API::Response::Location', 'area': ['Deutschland'], 'display_name': 'Deutschland'}",Steinbeis-Masterstudium - Junior Project Manager (m/w/d) AI-Driven Strategic Procurement,"Aufgaben Profil Wir bieten Du verfügst über ein überdurchschnittlich abgeschlossenes Erststudium im kaufmännischen und/oder technischen Bereich (z. B. Wirtschaftswissenschaften, Wirtschaftsingenieurwesen, Betriebswirtschaft, Data Science oder einer vergleichbaren Fachrichtung). Ein starkes Interesse an Themen des strategischen Einkaufs, sowie Data Analytics, KI-Tools und aktuellen digitalen Innovationen zeichnen Dich aus. Erste praktische Erfahrung in diesem Bereich sind von Vorteil. Dein analy…",https://www.adzuna.de/land/ad/5820896307?se=cAAqSCeP8RG4FrmAon6bBw&utm_medium=api&utm_source=a4bcf954&v=07B9C6E346156C619B533092827510AA57CD20A4,5820896307,Adzuna::API::Response::Job,"{'__CLASS__': 'Adzuna::API::Response::Category', 'label': 'Beraterstellen', 'tag': 'consultancy-jobs'}",eyJhbGciOiJIUzI1NiJ9.eyJpIjoiNTgyMDg5NjMwNyIsInMiOiJjQUFxU0NlUDhSRzRGcm1Bb242YkJ3In0.hzOlTXR3hhMU7R5T76mDrHR5g6m0iScYqtGW3I8bCnY,2026-07-30T10:10:55Z,"{'__CLASS__': 'Adzuna::API::Response::Company', 'display_name': 'Voith GmbH & Co. KGaA'}",,,,
49.18975,9.2274,0,"{'display_name': 'Neckarsulm, Heilbronn (Kreis)', 'area': ['Deutschland', 'Baden-Württemberg', 'Heilbronn (Kreis)', 'Neckarsulm'], '__CLASS__': 'Adzuna::API::Response::Location'}",Experte Energiewirtschaft Marktprozesse (m/w/d),"Du hast Lust auf innovative und nachhaltige Bau- & Immobilienprojekte? Dann bist du bei uns genau richtig. Von Büros, Konferenzräumen sowie Restaurants bis hin zu Wohnungen - Im TeamSCOS planen, bauen und betreuen wir ein großes Portfolio verschiedenster Immobilien – denn Vielfalt ist unsere Stärke! Bei uns kannst du spannende Projekte von Beginn bis zur Umsetzung begleiten und eigene Ideen einbringen. Vom Grundstückskauf über die Planung und dem Bau bis hin zum Facility Management - bei uns ha…",https://www.adzuna.de/land/ad/5767429371?se=cAAqSCeP8RG4FrmAon6bBw&utm_medium=api&utm_source=a4bcf954&v=10E31A5B1F215C364F1055DE06FE6272E1F74E8B,5767429371,Adzuna::API::Response::Job,"{'tag': 'unknown', '__CLASS__': 'Adzuna::API::Response::Category', 'label': 'Unknown'}",eyJhbGciOiJIUzI1NiJ9.eyJzIjoiY0FBcVNDZVA4Ukc0RnJtQW9uNmJCdyIsImkiOiI1NzY3NDI5MzcxIn0.iobN6pmYOVCS-xklC_-wL4qj2Hf_P_Jkwf1icpy7ZrE,2026-06-18T03:49:11Z,"{'display_name': 'Schwarz Corporate Solutions', '__CLASS__': 'Adzuna::API::Response::Company'}",,,,
49.18975,9.2274,0,"{'__CLASS__': 'Adzuna::API::Response::Location', 'area': ['Deutschland', 'Baden-Württemberg', 'Heilbronn (Kreis)', 'Neckarsulm'], 'display_name': 'Neckarsulm, Heilbronn (Kreis)'}",Consultant Energiewirtschaft Datenqualität MaKo (m/w/d),"Du hast Lust auf innovative und nachhaltige Bau- & Immobilienprojekte? Dann bist du bei uns genau richtig. Von Büros, Konferenzräumen sowie Restaurants bis hin zu Wohnungen - Im TeamSCOS planen, bauen und betreuen wir ein großes Portfolio verschiedenster Immobilien – denn Vielfalt ist unsere Stärke! Bei uns kannst du spannende Projekte von Beginn bis zur Umsetzung begleiten und eigene Ideen einbringen. Vom Grundstückskauf über die Planung und dem Bau bis hin zum Facility Management - bei uns ha…",https://www.adzuna.de/land/ad/5767271169?se=cAAqSCeP8RG4FrmAon6bBw&utm_medium=api&utm_source=a4bcf954&v=CC2E25EBBAD96C8C01E6D5B8470BE5711652C754,5767271169,Adzuna::API::Response::Job,"{'__CLASS__': 'Adzuna::API::Response::Category', 'label': 'Unknown', 'tag': 'unknown'}",eyJhbGciOiJIUzI1NiJ9.eyJpIjoiNTc2NzI3MTE2OSIsInMiOiJjQUFxU0NlUDhSRzRGcm1Bb242YkJ3In0.ixhmB0vFqhBnWSpIpoTn6YWwhXBM3lL2AWMGoTmxLkI,2026-06-18T00:21:30Z,"{'display_name': 'Schwarz Corporate Solutions', '__CLASS__': 'Adzuna::API::Response::Company'}",,,,
50.25777,10.96603,0,"{'display_name': 'Coburg, Coburg (Kreis)', 'area': ['Deutschland', 'Bayern', 'Coburg (Kreis)', 'Coburg'], '__CLASS__': 'Adzuna::API::Response::Location'}",Spezialist für Steuerungs- und Controllingsysteme - Schwerpunkt Data Science (w/m/d),"Hallo, lass uns WIR sagen! Wir - die HUK-COBURG Versicherungsgruppe - zählen zu den 10 größten in Deutschland. Vor über 90 Jahren gegründet sind wir mit über 13 Millionen Kund:innen heute der große Versicherer für Privathaushalte und der größte deutsche Autoversicherer. Dass wir oft preisgünstiger sind als andere Versicherungen, hat bei uns schon Tradition. Genau wie unser Ruf als Arbeitgeberin, mit der DU wachsen und deine persönlichen Ziele erreichen kannst. Bei uns kannst du eine spannende K…",https://www.adzuna.de/land/ad/5809272651?se=cAAqSCeP8RG4FrmAon6bBw&utm_medium=api&utm_source=a4bcf954&v=7BC1FB78BB2F34EAA94A0093FBDCD00E4DE59E07,5809272651,Adzuna::API::Response::Job,"{'__CLASS__': 'Adzuna::API::Response::Category', 'label': 'Unknown', 'tag': 'unknown'}",eyJhbGciOiJIUzI1NiJ9.eyJzIjoiY0FBcVNDZVA4Ukc0RnJtQW9uNmJCdyIsImkiOiI1ODA5MjcyNjUxIn0.g29GydBxY_JMECwVO5Pyqak8exflNYHseqybCoMlFM0,2026-07-21T13:02:40Z,"{'__CLASS__': 'Adzuna::API::Response::Company', 'display_name': 'HUK-COBURG Versicherungsgruppe'}",,,,
48.28207,9.72719,0,"{'__CLASS__': 'Adzuna::API::Response::Location', 'area': ['Deutschland', 'Baden-Württemberg', 'Alb-Donau-Kreis', 'Ehingen (Donau)'], 'display_name': 'Ehingen (Donau), Alb-Donau-Kreis'}",Dhbw Studium - Data Science Und Künstliche Intelligenz (b.sc.),"Die Liebherr-Werk Ehingen GmbH zählt zu den weltweit führenden Herstellern von Fahrzeugkranen. Das Programm umfasst Teleskop- und Gittermastkrane auf Mobil- und Raupenfahrwerken. Seit der Gründung wurde die Produktionsstätte und ihre Kapazität kontinuierlich erweitert. Heute werden täglich sechs Fahrzeugkrane aus Ehingen in die ganze Welt geliefert. . klicken sie bewerben, für die volle Stellenbeschreibung",https://www.adzuna.de/land/ad/5824496127?se=cAAqSCeP8RG4FrmAon6bBw&utm_medium=api&utm_source=a4bcf954&v=19102F3C39AC2AF6236C96635E708D9D924D764E,5824496127,Adzuna::API::Response::Job,"{'tag': 'scientific-qa-jobs', 'label': 'Stellen aus Wissenschaft & Qualitätssicherung', '__CLASS__': 'Adzuna::API::Response::Category'}",eyJhbGciOiJIUzI1NiJ9.eyJzIjoiY0FBcVNDZVA4Ukc0RnJtQW9uNmJCdyIsImkiOiI1ODI0NDk2MTI3In0.4_dGh2mXf3rtKGaXxLoLjtjsnfRmjty13NcIqmU1vAQ,2026-08-01T20:50:07Z,"{'display_name': 'Liebherr-Werk Ehingen GmbH', '__CLASS__': 'Adzuna::API::Response::Company'}",,,,
,,0,"{'__CLASS__': 'Adzuna::API::Response::Location', 'area': ['Deutschland'], 'display_name': 'Deutschland'}",Masterand HR Analytics (w/m/d),"Damit unsere produzierenden Lebensmittelunternehmen effizient arbeiten können, unterstützen wir mit Organisation und Verwaltung. Wir sind unter anderem Experten für Einkauf, Finanzen, Controlling, Personal, IT, Marketing und Vertrieb. Wir liefern Organisationstalenten eine berufliche Herausforderung in einem dynamischen Umfeld. Masterand HR Analytics (w/m/d) Einsatzbereich: HR Services / Entgelt Ort: Weißenfels Job-ID: 18861 Aufgaben Analyse der bestehenden HR-Systemlandschaft und vorhandenen D…",https://www.adzuna.de/land/ad/5818379196?se=cAAqSCeP8RG4FrmAon6bBw&utm_medium=api&utm_source=a4bcf954&v=2A947A76F1FF7257F5DB81D9AD482AD9D3B5B452,5818379196,Adzuna::API::Response::Job,"{'label': 'Unknown', '__CLASS__': 'Adzuna::API::Response::Category', 'tag': 'unknown'}",eyJhbGciOiJIUzI1NiJ9.eyJzIjoiY0FBcVNDZVA4Ukc0RnJtQW9uNmJCdyIsImkiOiI1ODE4Mzc5MTk2In0.p1Sg0LquFtddfD11ybBOqbg4N4t_sW382pWNIu-iuJE,2026-07-28T15:44:45Z,"{'__CLASS__': 'Adzuna::API::Response::Company', 'display_name': 'Schwarz Produktion Stiftung & Co. KG'}",,,,
49.03071,8.34467,0,"{'__CLASS__': 'Adzuna::API::Response::Location', 'display_name': 'Knielingen, Karlsruhe', 'area': ['Deutschland', 'Baden-Württemberg', 'Karlsruhe (Kreis)', 'Karlsruhe', 'Knielingen']}",Data Science und Künstliche Intelligenz (B.Sc.) 2027,"Dein Berufsbild: Du möchtest irgendwas mit Mathe und Programmieren machen und findest Technologien der Zukunft spannend? Dann entscheide dich für den Studiengang Data Science und Künstliche Intelligenz und hol alles aus den Daten heraus. In deinem Beruf bist du die Schnittstelle zwischen IT und Business. Du beherrschst die verschiedenen Technologien, bewertest deren Potenziale und weißt, wie man sie technisch umsetzt. In deinem dualen Studium erlernst du die Grundlagen, Konzepte und Methoden de…",https://www.adzuna.de/land/ad/5809709204?se=cAAqSCeP8RG4FrmAon6bBw&utm_medium=api&utm_source=a4bcf954&v=A9857C66A99A4BE3235BDCFE633D5CE98385D9CD,5809709204,Adzuna::API::Response::Job,"{'__CLASS__': 'Adzuna::API::Response::Category', 'label': 'Teilzeitstellen', 'tag': 'part-time-jobs'}",eyJhbGciOiJIUzI1NiJ9.eyJpIjoiNTgwOTcwOTIwNCIsInMiOiJjQUFxU0NlUDhSRzRGcm1Bb242YkJ3In0.A-zA9BJhpv-XXQ7v8GZ-1kNv2kdWVlXK19RMY3KZI74,2026-07-21T22:58:21Z,"{'__CLASS__': 'Adzuna::API::Response::Company', 'display_name': 'Siemens AG'}",,,,
50.94691,6.82951,0,"{'area': ['Deutschland', 'Nordrhein-Westfalen', 'Köln', 'Lövenich'], 'display_name': 'Lövenich, Köln', '__CLASS__': 'Adzuna::API::Response::Location'}",Data Science und Künstliche Intelligenz (B.Sc.) 2027,"Dein Berufsbild: Du möchtest irgendwas mit Mathe und Programmieren machen und findest Technologien der Zukunft spannend? Dann entscheide dich für den Studiengang Data Science und Künstliche Intelligenz und hol alles aus den Daten heraus. In deinem Beruf bist du die Schnittstelle zwischen IT und Business. Du beherrschst die verschiedenen Technologien, bewertest deren Potenziale und weißt, wie man sie technisch umsetzt. In deinem dualen Studium erlernst du die Grundlagen, Konzepte und Methoden de…",https://www.adzuna.de/land/ad/5809712370?se=cAAqSCeP8RG4FrmAon6bBw&utm_medium=api&utm_source=a4bcf954&v=E56BBEED9EF72ABF9B0EBBDCAC01D48E39330DB4,5809712370,Adzuna::API::Response::Job,"{'tag': 'part-time-jobs', 'label': 'Teilzeitstellen', '__CLASS__': 'Adzuna::API::Response::Category'}",eyJhbGciOiJIUzI1NiJ9.eyJzIjoiY0FBcVNDZVA4Ukc0RnJtQW9uNmJCdyIsImkiOiI1ODA5NzEyMzcwIn0.TrFp06qPWNLudJ05eM5iEA0HRgechfyMmc1AyE2QRd8,2026-07-21T22:58:52Z,"{'__CLASS__': 'Adzuna::API::Response::Company', 'display_name': 'Siemens AG'}",,,,
53.85554,10.69693,0,"{'area': ['Deutschland', 'Schleswig-Holstein', 'Lübeck', 'St. Jürgen'], 'display_name': 'St. Jürgen, Lübeck', '__CLASS__': 'Adzuna::API::Response::Location'}",Arzt/Ärztin Schwerpunkt Data Science / Routinedatenanalyse im Bereich der neurovaskulären Forschung (m/w/d),"Stellenausschreibung, April 2026 Arzt/Ärztin mit ausschließlicher oder weit überwiegender Tätigkeit in der Wissenschaft mit Schwerpunkt Data Science / Routinedatenanalyse im Bereich der neurovaskulären Forschung, alternativ promovierte(r) Wissenschaftler/in mit Hintergrund Data Science - an der Klinik für Neurologie am Campus Lübeck (Direktor: Univ.-Prof. Dr. Jens Minnerup) Vollzeit oder Teilzeit | Befristung auf zunächst 3 Jahre | Perspektive auf langfristige Beschäftigung | Vergütung je nach …",https://www.adzuna.de/land/ad/5809665650?se=cAAqSCeP8RG4FrmAon6bBw&utm_medium=api&utm_source=a4bcf954&v=450802E9EEC57874997B94245E66363CA9F9662D,5809665650,Adzuna::API::Response::Job,"{'tag': 'unknown', '__CLASS__': 'Adzuna::API::Response::Category', 'label': 'Unknown'}",eyJhbGciOiJIUzI1NiJ9.eyJzIjoiY0FBcVNDZVA4Ukc0RnJtQW9uNmJCdyIsImkiOiI1ODA5NjY1NjUwIn0.3G3wLysm97ErdPHkW-HP0FiHe5BHS2t6IasVTNWk3Pk,2026-07-21T22:51:48Z,"{'__CLASS__': 'Adzuna::API::Response::Company', 'display_name': 'Universität zu Lübeck'}",,,,
48.720071,9.026231,0,"{'__CLASS__': 'Adzuna::API::Response::Location', 'display_name': 'Sindelfingen, Böblingen (Kreis)', 'area': ['Deutschland', 'Baden-Württemberg', 'Böblingen (Kreis)', 'Sindelfingen']}",Werkstudent*in MB.OS Demand & Change Management,"Life is always about becoming… Im Leben geht es darum, sich auf eine Reise zu begeben, um die beste Version unseres zukünftigen Selbst zu werden. Während wir Neues entdecken, stellen wir uns Herausforderungen, meistern sie und wachsen über uns hinaus. Bewerben Sie sich bei Mercedes-Benz und finden Sie den Aufgabenbereich, in dem Sie Ihre Talente individuell entfalten können. Dabei werden Sie von visionären Kolleginnen und Kollegen unterstützt, die Ihren Pioniergeist teilen. Bei uns einzusteigen…",https://www.adzuna.de/land/ad/5797124618?se=cAAqSCeP8RG4FrmAon6bBw&utm_medium=api&utm_source=a4bcf954&v=0739C3910D830F249393F111835B3E86AAB9D0B3,5797124618,Adzuna::API::Response::Job,"{'label': 'Unknown', '__CLASS__': 'Adzuna::API::Response::Category', 'tag': 'unknown'}",eyJhbGciOiJIUzI1NiJ9.eyJpIjoiNTc5NzEyNDYxOCIsInMiOiJjQUFxU0NlUDhSRzRGcm1Bb242YkJ3In0.u345hKJvvmLpjum9AfCDRuYPRvHFqtdpGhvqsW-Y7xI,2026-07-11T20:51:31Z,"{'__CLASS__': 'Adzuna::API::Response::Company', 'display_name': 'Mercedes-Benz AG'}",,,,
50.804953,8.78967,0,"{'__CLASS__': 'Adzuna::API::Response::Location', 'area': ['Deutschland', 'Hessen', 'Marburg-Biedenkopf (Kreis)', 'Marburg'], 'display_name': 'Marburg, Marburg-Biedenkopf (Kreis)'}",Duales Bachelorstudium Softwaretechnologie Data Science (B.Sc.) - Marburg,"Dein Berufsbild: Du magst Mathe und möchtest später etwas mit Daten machen? Dich faszinieren datengestützte Tools, wie ChatGPT, und du kennst deren große Chance für die Zukunft? Dann bewirb dich für das duale Studium B. Sc. Softwaretechnologie - Data Science und entdecke mit uns, wie wir die Welt der Labordiagnostik durch datenbasierte Entscheidungen verändern können. Daten sind eines der Fundamente, damit Unternehmen bestmögliche Entscheidungen treffen können. Im Studiengang B. Sc. Softwaretec…",https://www.adzuna.de/land/ad/5766706297?se=cAAqSCeP8RG4FrmAon6bBw&utm_medium=api&utm_source=a4bcf954&v=65F8763346210AA5E6A022222F57416BDAB2FB5A,5766706297,Adzuna::API::Response::Job,"{'tag': 'part-time-jobs', '__CLASS__': 'Adzuna::API::Response::Category', 'label': 'Teilzeitstellen'}",eyJhbGciOiJIUzI1NiJ9.eyJpIjoiNTc2NjcwNjI5NyIsInMiOiJjQUFxU0NlUDhSRzRGcm1Bb242YkJ3In0.w9Ee1avHVKm1H-cbyQoW9i8kJioFqN_Rz5Wi-U5s0hM,2026-06-17T13:17:48Z,"{'display_name': 'Siemens Healthineers AG', '__CLASS__': 'Adzuna::API::Response::Company'}",,,,
48.0962,9.78975,0,"{'__CLASS__': 'Adzuna::API::Response::Location', 'display_name': 'Biberach an der Riß, Biberach (Kreis)', 'area': ['Deutschland', 'Baden-Württemberg', 'Biberach (Kreis)', 'Biberach an der Riß']}",Duales Studium Data Science und Künstliche Intelligenz (B. Sc.),"Vernetze mit uns die Welt von morgen. Du begeisterst dich für Informatik und möchtest die Energiewende aktiv mitgestalten? Bei der Netze BW, einem Tochterunternehmen der EnBW, kombinierst du dein duales Studium mit praxisnaher Arbeit an Lösungen, die Klimaschutz, erneuerbare Energien und intelligente Energienetze unterstützen. Gemeinsam treiben wir die digitale Transformation des Energiesystems voran– innovativ, verantwortungsvoll und zukunftsorientiert. Du@NetzeBW Du denkst gerne analytisch un…",https://www.adzuna.de/land/ad/5758420112?se=cAAqSCeP8RG4FrmAon6bBw&utm_medium=api&utm_source=a4bcf954&v=EC786C602C709F94FEC8535E45299C5D8A1EA21A,5758420112,Adzuna::API::Response::Job,"{'label': 'Teilzeitstellen', '__CLASS__': 'Adzuna::API::Response::Category', 'tag': 'part-time-jobs'}",eyJhbGciOiJIUzI1NiJ9.eyJpIjoiNTc1ODQyMDExMiIsInMiOiJjQUFxU0NlUDhSRzRGcm1Bb242YkJ3In0._zSCNOm8bRA6q9RPj_au8EHMLfj0DQTvoTfmkch6yLk,2026-06-10T13:50:57Z,"{'__CLASS__': 'Adzuna::API::Response::Company', 'display_name': 'Netze BW GmbH'}",,,,
48.28207,9.72719,0,"{'__CLASS__': 'Adzuna::API::Response::Location', 'area': ['Deutschland', 'Baden-Württemberg', 'Alb-Donau-Kreis', 'Ehingen (Donau)'], 'display_name': 'Ehingen (Donau), Alb-Donau-Kreis'}",DHBW Studium - Data Science und Künstliche Intelligenz (B.Sc.),Die Liebherr-Werk Ehingen GmbH zählt zu den weltweit führenden Herstellern von Fahrzeugkranen. Das Programm umfasst Teleskop- und Gittermastkrane auf Mobil- und Raupenfahrwerken. Seit der Gründung wurde die Produktionsstätte und ihre Kapazität kontinuierlich erweitert. Heute werden täglich sechs Fahrzeugkrane aus Ehingen in die ganze Welt geliefert. Mitarbeit an innovativen Projekten im Bereich Data Science und Künstliche Intelligenz Analyse und Auswertung großer Datenmengen zur Optimierung von…,https://www.adzuna.de/land/ad/5810169631?se=cAAqSCeP8RG4FrmAon6bBw&utm_medium=api&utm_source=a4bcf954&v=14D552709EE1F41D06854371D5A212D32BB9173B,5810169631,Adzuna::API::Response::Job,"{'label': 'Teilzeitstellen', '__CLASS__': 'Adzuna::API::Response::Category', 'tag': 'part-time-jobs'}",eyJhbGciOiJIUzI1NiJ9.eyJzIjoiY0FBcVNDZVA4Ukc0RnJtQW9uNmJCdyIsImkiOiI1ODEwMTY5NjMxIn0.z-csmfIbPeCw0COHvEr-Y4crRLdp2wXCF1AENhsSkjU,2026-07-22T03:13:54Z,"{'display_name': 'Liebherr Firmengruppe', '__CLASS__': 'Adzuna::API::Response::Company'}",,,,
49.56892,10.88109,0,"{'area': ['Deutschland', 'Bayern', 'Erlangen-Höchstadt (Kreis)', 'Herzogenaurach'], 'display_name': 'Herzogenaurach, Erlangen-Höchstadt (Kreis)', '__CLASS__': 'Adzuna::API::Response::Location'}",Duales Studium (DHBW) - Wirtschaftsinformatik Software Engineering (d/m/w) 2027,"Du bist technikbegeistert und voller Ideen, mit denen Du die Welt bewegen willst? Dann ist eine Ausbildung oder ein duales Studium bei Schaeffler genau das Richtige für Dich. Ohne unsere Produkte könnten Autos nicht fahren, Maschinen nicht laufen und Flugzeuge nicht fliegen. Als führender Anbieter von Wälzlagern für sämtliche Industrien und wichtiger Partner im internationalen Automobilbau bietet Dir Schaeffler ein hervorragendes Umfeld für Deinen Start in die Berufswelt. Aufgaben Im Überblick …",https://www.adzuna.de/land/ad/5812014151?se=cAAqSCeP8RG4FrmAon6bBw&utm_medium=api&utm_source=a4bcf954&v=DBCBC7EF0204EC1D750E8C50967F93260DE84715,5812014151,Adzuna::API::Response::Job,"{'label': 'Unknown', '__CLASS__': 'Adzuna::API::Response::Category', 'tag': 'unknown'}",eyJhbGciOiJIUzI1NiJ9.eyJpIjoiNTgxMjAxNDE1MSIsInMiOiJjQUFxU0NlUDhSRzRGcm1Bb242YkJ3In0.6gHlXypArXtG01r2oIIwDOQgaGDIV9BRaSAnlqt9bF8,2026-07-23T09:43:37Z,"{'display_name': 'Schaeffler Technologies AG & Co. KG', '__CLASS__': 'Adzuna::API::Response::Company'}",,,,
49.56892,10.88109,0,"{'__CLASS__': 'Adzuna::API::Response::Location', 'display_name': 'Herzogenaurach, Erlangen-Höchstadt (Kreis)', 'area': ['Deutschland', 'Bayern', 'Erlangen-Höchstadt (Kreis)', 'Herzogenaurach']}",Duales Studium (DHBW) - Informatik (d/m/w) 2027,"Du bist technikbegeistert und voller Ideen, mit denen Du die Welt bewegen willst? Dann ist eine Ausbildung oder ein duales Studium bei Schaeffler genau das Richtige für Dich. Ohne unsere Produkte könnten Autos nicht fahren, Maschinen nicht laufen und Flugzeuge nicht fliegen. Als führender Anbieter von Wälzlagern für sämtliche Industrien und wichtiger Partner im internationalen Automobilbau bietet Dir Schaeffler ein hervorragendes Umfeld für Deinen Start in die Berufswelt. Aufgaben Studienabschl…",https://www.adzuna.de/land/ad/5817484285?se=cAAqSCeP8RG4FrmAon6bBw&utm_medium=api&utm_source=a4bcf954&v=9E8BE8C87CA55E6FEDC43277B12D685BB4E93F19,5817484285,Adzuna::API::Response::Job,"{'tag': 'it-jobs', '__CLASS__': 'Adzuna::API::Response::Category', 'label': 'IT-Stellen'}",eyJhbGciOiJIUzI1NiJ9.eyJzIjoiY0FBcVNDZVA4Ukc0RnJtQW9uNmJCdyIsImkiOiI1ODE3NDg0Mjg1In0.hkpImSfFnPrY_MA6qPTxpwzqe0WJo0p1InBXqtsaR6w,2026-07-27T17:31:57Z,"{'__CLASS__': 'Adzuna::API::Response::Company', 'display_name': 'Schaeffler Technologies AG & Co. KG'}",,,,
49.56892,10.88109,0,"{'__CLASS__': 'Adzuna::API::Response::Location', 'display_name': 'Herzogenaurach, Erlangen-Höchstadt (Kreis)', 'area': ['Deutschland', 'Bayern', 'Erlangen-Höchstadt (Kreis)', 'Herzogenaurach']}",Duales Studium (DHBW) - Wirtschaftsinformatik Sales & Consulting (d/m/w) 2027,"Du bist technikbegeistert und voller Ideen, mit denen Du die Welt bewegen willst? Dann ist eine Ausbildung oder ein duales Studium bei Schaeffler genau das Richtige für Dich. Ohne unsere Produkte könnten Autos nicht fahren, Maschinen nicht laufen und Flugzeuge nicht fliegen. Als führender Anbieter von Wälzlagern für sämtliche Industrien und wichtiger Partner im internationalen Automobilbau bietet Dir Schaeffler ein hervorragendes Umfeld für Deinen Start in die Berufswelt. Aufgaben Im Überblick …",https://www.adzuna.de/land/ad/5825729031?se=cAAqSCeP8RG4FrmAon6bBw&utm_medium=api&utm_source=a4bcf954&v=1CC833C603EE3322059E042F1A252CF92641979C,5825729031,Adzuna::API::Response::Job,"{'tag': 'unknown', 'label': 'Unknown', '__CLASS__': 'Adzuna::API::Response::Category'}",eyJhbGciOiJIUzI1NiJ9.eyJzIjoiY0FBcVNDZVA4Ukc0RnJtQW9uNmJCdyIsImkiOiI1ODI1NzI5MDMxIn0.Y8wy_tC--UBswpg9IFpHMVHoBaHN12T8gacDD52IqLQ,2026-08-02T16:08:52Z,"{'__CLASS__': 'Adzuna::API::Response::Company', 'display_name': 'Schaeffler Technologies AG & Co. KG'}",,,,
49.56892,10.88109,0,"{'display_name': 'Herzogenaurach, Erlangen-Höchstadt (Kreis)', 'area': ['Deutschland', 'Bayern', 'Erlangen-Höchstadt (Kreis)', 'Herzogenaurach'], '__CLASS__': 'Adzuna::API::Response::Location'}",Duales Studium (DHBW) - Cyber Security (d/m/w) 2027,"Du bist technikbegeistert und voller Ideen, mit denen Du die Welt bewegen willst? Dann ist eine Ausbildung oder ein duales Studium bei Schaeffler genau das Richtige für Dich. Ohne unsere Produkte könnten Autos nicht fahren, Maschinen nicht laufen und Flugzeuge nicht fliegen. Als führender Anbieter von Wälzlagern für sämtliche Industrien und wichtiger Partner im internationalen Automobilbau bietet Dir Schaeffler ein hervorragendes Umfeld für Deinen Start in die Berufswelt. Aufgaben Im Überblick …",https://www.adzuna.de/land/ad/5812014138?se=cAAqSCeP8RG4FrmAon6bBw&utm_medium=api&utm_source=a4bcf954&v=5B02507BEDCBAB405DC5CCAA9A7116A8829FEFEC,5812014138,Adzuna::API::Response::Job,"{'tag': 'unknown', '__CLASS__': 'Adzuna::API::Response::Category', 'label': 'Unknown'}",eyJhbGciOiJIUzI1NiJ9.eyJpIjoiNTgxMjAxNDEzOCIsInMiOiJjQUFxU0NlUDhSRzRGcm1Bb242YkJ3In0.ExV4L1-gHNu04N1M8XzeVhkyCD8fyM44Zttr9JsIMCI,2026-07-23T09:43:36Z,"{'__CLASS__': 'Adzuna::API::Response::Company', 'display_name': 'Schaeffler Technologies AG & Co. KG'}",,,,
48.18446,11.57287,0,"{'__CLASS__': 'Adzuna::API::Response::Location', 'area': ['Deutschland', 'Bayern', 'München (Kreis)', 'München', 'Milbertshofen-Am Hart'], 'display_name': 'Milbertshofen-Am Hart, München'}",Dualer Student Data Science & Scientific Computing (w/m/x),"Aufgaben Profil Wir bieten Hinweis: Dieser Studiengang wird als Studium mit vertiefter Praxis angeboten. Du liebst es, Ursachen für Probleme zu entdecken und Lösungen zu finden und möchtest an Zukunftsthemen arbeiten? Du hast eine Leidenschaft für IT und Digitalisierung? Dann ist dieses Studium genau das Richtige für dich. Denn du bist Expert:in dafür . klicken sie bewerben, für die volle Stellenbeschreibung",https://www.adzuna.de/land/ad/5825641250?se=cAAqSCeP8RG4FrmAon6bBw&utm_medium=api&utm_source=a4bcf954&v=729BF3772867C7D0E642A737B6F00A87A0BE12A2,5825641250,Adzuna::API::Response::Job,"{'tag': 'scientific-qa-jobs', '__CLASS__': 'Adzuna::API::Response::Category', 'label': 'Stellen aus Wissenschaft & Qualitätssicherung'}",eyJhbGciOiJIUzI1NiJ9.eyJzIjoiY0FBcVNDZVA4Ukc0RnJtQW9uNmJCdyIsImkiOiI1ODI1NjQxMjUwIn0.ZBgK6eUdOwg-fX_ojPqGMe91jJZNC_6vrb1ivf397fY,2026-08-02T12:55:54Z,"{'display_name': 'BMW Group', '__CLASS__': 'Adzuna::API::Response::Company'}",,,,
50.81987,8.70301,0,"{'area': ['Deutschland', 'Hessen', 'Marburg-Biedenkopf (Kreis)', 'Marburg', 'Dagobertshausen'], 'display_name': 'Dagobertshausen, Marburg', '__CLASS__': 'Adzuna::API::Response::Location'}",Duales Bachelorstudium Softwaretechnologie Data Science (B.Sc.) - Marburg,"Dein Berufsbild: Du magst Mathe und möchtest später etwas mit Daten machen? Dich faszinieren datengestützte Tools, wie ChatGPT, und du kennst deren große Chance für die Zukunft? Dann bewirb dich für das duale Studium B. Sc. Softwaretechnologie - Data Science und entdecke mit uns, wie wir die Welt der Labordiagnostik durch datenbasierte Entscheidungen verändern können. Daten sind eines der Fundamente, damit Unternehmen bestmögliche Entscheidungen treffen können. Im Studiengang B. Sc. Softwaretec…",https://www.adzuna.de/land/ad/5809719280?se=cAAqSCeP8RG4FrmAon6bBw&utm_medium=api&utm_source=a4bcf954&v=5FA0D99CBBC8D3B98F1AA90B09F46A94B18A8F1B,5809719280,Adzuna::API::Response::Job,"{'tag': 'part-time-jobs', '__CLASS__': 'Adzuna::API::Response::Category', 'label': 'Teilzeitstellen'}",eyJhbGciOiJIUzI1NiJ9.eyJpIjoiNTgwOTcxOTI4MCIsInMiOiJjQUFxU0NlUDhSRzRGcm1Bb242YkJ3In0.B07eGndDoxotk7ZZrYB88yv5DDo0YhpALInUJy3wg_4,2026-07-21T22:59:51Z,"{'display_name': 'Siemens Healthineers AG', '__CLASS__': 'Adzuna::API::Response::Company'}",,,,
48.69447,9.14057,0,"{'area': ['Deutschland', 'Baden-Württemberg', 'Esslingen (Kreis)', 'Leinfelden-Echterdingen'], 'display_name': 'Leinfelden-Echterdingen, Esslingen (Kreis)', '__CLASS__': 'Adzuna::API::Response::Location'}",Duales Studium Data Science und Künstliche Intelligenz (m/w/d),"In unserem dualen Studiengang Bachelor of Science in Data Science und Künstliche Intelligenz lernst du fundierte Inhalte der Informatik und erhältst gleichzeitig Einblicke in die KI, das maschinelle Lernen und Big Data. In den 3 Jahren Studium bist du pro Semester ca. 12 Wochen an der Dualen Hochschule Baden-Württemberg in Stuttgart und die restliche Zeit in deiner Telekom-Abteilung eingesetzt. Während deiner Studien- und Praxisphasen erwarten dich u. a.: Mathematik und Statistik Informatik und…",https://www.adzuna.de/land/ad/5796938261?se=cAAqSCeP8RG4FrmAon6bBw&utm_medium=api&utm_source=a4bcf954&v=089EA4546C4AF9A0E531A797F84B8055EF6B43A5,5796938261,Adzuna::API::Response::Job,"{'__CLASS__': 'Adzuna::API::Response::Category', 'label': 'Teilzeitstellen', 'tag': 'part-time-jobs'}",eyJhbGciOiJIUzI1NiJ9.eyJpIjoiNTc5NjkzODI2MSIsInMiOiJjQUFxU0NlUDhSRzRGcm1Bb242YkJ3In0.ifz0mhvMuPgjMr2lLKH3mWh0szQi7rclb81PpUoA3E4,2026-07-11T14:28:10Z,"{'__CLASS__': 'Adzuna::API::Response::Company', 'display_name': 'Deutsche Telekom AG, Telekom Ausbildung'}",,,,
50.74164,8.20531,0,"{'display_name': 'Haiger, Lahn-Dill-Kreis', 'area': ['Deutschland', 'Hessen', 'Lahn-Dill-Kreis', 'Haiger'], '__CLASS__': 'Adzuna::API::Response::Location'}","Duales Studium Softwaretechnologie – Fachrichtung Data Science, Künstliche Intelligenz oder Software","Gemeinsam bewegen wir mehr. Nutze unsere vielfältigen Einsatzmöglichkeiten und beginne am 9. Juli 2027 Dein duales Studium in der Friedhelm Loh Group. Aufgaben Duales Bachelor Studium im Bereich Softwaretechnologie für die Fachrichtungen Data Science, Künstliche Intelligenz oder Softwareentwicklung Studiendauer 7 Semester in Kooperation mit der Technischen Hochschule Mittelhessen Reale Projekte und abwechslungsreiche Praxisphasen in verschiedenen Einsatzgebieten z. B. IT, Produktion, Forschung …",https://www.adzuna.de/land/ad/5801157277?se=cAAqSCeP8RG4FrmAon6bBw&utm_medium=api&utm_source=a4bcf954&v=B44D2D5110E63AE4E03B7A1395CAD02844C36F87,5801157277,Adzuna::API::Response::Job,"{'tag': 'part-time-jobs', '__CLASS__': 'Adzuna::API::Response::Category', 'label': 'Teilzeitstellen'}",eyJhbGciOiJIUzI1NiJ9.eyJzIjoiY0FBcVNDZVA4Ukc0RnJtQW9uNmJCdyIsImkiOiI1ODAxMTU3Mjc3In0.u4mZSdMFWUQsjwCV3pXpzwYRsXODTZi1rCUHunpY4xc,2026-07-15T14:41:15Z,"{'__CLASS__': 'Adzuna::API::Response::Company', 'display_name': 'Loh Services GmbH&Co. KG'}",,,,
49.18975,9.2274,0,"{'__CLASS__': 'Adzuna::API::Response::Location', 'area': ['Deutschland', 'Baden-Württemberg', 'Heilbronn (Kreis)', 'Neckarsulm'], 'display_name': 'Neckarsulm, Heilbronn (Kreis)'}",Duales Studium Data Science und KI - Smart Operations Management 2027,"Einleitung Eine gute Idee war der Ursprung, ein erfolgreiches Konzept ist das Ergebnis. Qualität zum guten Preis möglichst vielen Menschen anbieten zu können treibt uns an - mittlerweile weltweit, denn wir sind Lidl. Hier ist das berufliche Zuhause vielfältiger Talente. Ob im Einkauf, in der Logistik, im Warengeschäft oder in der IT; ob als Impulsgeber, Gestalter oder Dienstleister der Länder. Wir suchen Anpacker, Durchstarter, Möglichmacher und bieten spannende Aufgaben und Projekte in einem d…",https://www.adzuna.de/land/ad/5750397287?se=cAAqSCeP8RG4FrmAon6bBw&utm_medium=api&utm_source=a4bcf954&v=110DE8E37ED6B5E4544BEA7DC1D7B85CAA63F56A,5750397287,Adzuna::API::Response::Job,"{'__CLASS__': 'Adzuna::API::Response::Category', 'label': 'Teilzeitstellen', 'tag': 'part-time-jobs'}",eyJhbGciOiJIUzI1NiJ9.eyJzIjoiY0FBcVNDZVA4Ukc0RnJtQW9uNmJCdyIsImkiOiI1NzUwMzk3Mjg3In0.F4Bwl-lHHeia87L53sDqkTZscI_Ec1f2Z9G2vbQaPwQ,2026-06-03T11:42:41Z,"{'display_name': 'Lidl', '__CLASS__': 'Adzuna::API::Response::Company'}",,,,
49.001249,8.412378,0,"{'__CLASS__': 'Adzuna::API::Response::Location', 'area': ['Deutschland', 'Baden-Württemberg', 'Karlsruhe (Kreis)', 'Karlsruhe'], 'display_name': 'Karlsruhe, Karlsruhe (Kreis)'}",Duales Studium Data Science und Künstliche Intelligenz (B. Sc.) 2027,"Bei dm und dmTECH sind wir der Überzeugung, dass die Digitalisierung unsere Welt und unser Kaufverhalten verändert. Dabei spielt künstliche Intelligenz eine wichtige Rolle. Schon heute setzen wir auf modernste Technologien, um intelligente Lösungen zu entwickeln. Hierfür suchen wir lösungsorientierte Persönlichkeiten mit analytischem und mathematischem Denkvermögen sowie Leidenschaft für innovative Technologien. Das klingt nach Dir? Dann lass uns gemeinsam handeln – mit Deinem dualen Studium Da…",https://www.adzuna.de/land/ad/5767328954?se=cAAqSCeP8RG4FrmAon6bBw&utm_medium=api&utm_source=a4bcf954&v=D34C0F62A465DBD30DF42A788AD7309BCF9FF65B,5767328954,Adzuna::API::Response::Job,"{'label': 'Teilzeitstellen', '__CLASS__': 'Adzuna::API::Response::Category', 'tag': 'part-time-jobs'}",eyJhbGciOiJIUzI1NiJ9.eyJzIjoiY0FBcVNDZVA4Ukc0RnJtQW9uNmJCdyIsImkiOiI1NzY3MzI4OTU0In0.kWi-sOf6m9ZjRiruqH4auNqdntpKDdDxHKG1bvE98eQ,2026-06-18T01:08:56Z,"{'display_name': 'dm-drogerie markt GmbH + Co. KG', '__CLASS__': 'Adzuna::API::Response::Company'}",,,,
48.137418,11.555737,0,"{'display_name': 'München, München (Kreis)', 'area': ['Deutschland', 'Bayern', 'München (Kreis)', 'München'], '__CLASS__': 'Adzuna::API::Response::Location'}",Duales Studium Data Science und Künstliche Intelligenz für den Start 2027,"Wir sind über 13.000. An 20 Standorten weltweit. Jedes dritte Flugzeug fliegt mit unserer Technologie. Immer effizienter, leiser, nachhaltiger. Wir gestalten die Zukunft der Luftfahrt. Was wir noch brauchen? Dich. Unser Team in GER | München sucht Dich: Theoretisch gut und praktisch spitze - duale Studiengänge vereinen beide Seiten. Der Studiengang Data Science & KI bereitet Dich ganz gezielt auf eine spätere Tätigkeit in der Datenanalyse der MTU vor. Mit Deiner späteren Übernahmestelle, die in…",https://www.adzuna.de/details/5784675291?utm_medium=api&utm_source=a4bcf954,5784675291,Adzuna::API::Response::Job,"{'tag': 'it-jobs', 'label': 'IT-Stellen', '__CLASS__': 'Adzuna::API::Response::Category'}",eyJhbGciOiJIUzI1NiJ9.eyJpIjoiNTc4NDY3NTI5MSIsInMiOiJjQUFxU0NlUDhSRzRGcm1Bb242YkJ3In0.hwA-MFJjgBfgRok-WGFy280YYNE8WMrsTRluSaEQUZ4,2026-07-02T02:48:58Z,{'__CLASS__': 'Adzuna::API::Response::Company'},,,,
48.506053,9.202888,0,"{'__CLASS__': 'Adzuna::API::Response::Location', 'display_name': 'Reutlingen, Reutlingen (Kreis)', 'area': ['Deutschland', 'Baden-Württemberg', 'Reutlingen (Kreis)', 'Reutlingen']}",PreMaster im Bereich Hyperautomation & AI-Agenten bei ME/LOI2 (w/m/div.),"Möchten Sie Ihre Ideen in nutzbringende und sinnvolle Technologien verwandeln? Ob im Bereich Mobility Solutions, Consumer Goods, Industrial Technology oder Energy and Building Technology - mit uns verbessern Sie die Lebensqualität der Menschen auf der ganzen Welt. Willkommen bei Bosch. Die Robert Bosch GmbH freut sich auf Ihre Bewerbung! Anstellungsart: Befristet Arbeitszeit: Vollzeit Arbeitsort: Reutlingen Aufgaben Als PreMaster arbeitest du in einem internationalen Innovationsteam, baust inte…",https://www.adzuna.de/land/ad/5823071334?se=cAAqSCeP8RG4FrmAon6bBw&utm_medium=api&utm_source=a4bcf954&v=0147B047170A8658D2E5CCD3FDCF0E0054FCBA91,5823071334,Adzuna::API::Response::Job,"{'tag': 'unknown', 'label': 'Unknown', '__CLASS__': 'Adzuna::API::Response::Category'}",eyJhbGciOiJIUzI1NiJ9.eyJzIjoiY0FBcVNDZVA4Ukc0RnJtQW9uNmJCdyIsImkiOiI1ODIzMDcxMzM0In0.b30Uhl836kUHL6MseDb5TbFGitKwOFPBTu9E_odE_fo,2026-08-01T02:44:12Z,"{'display_name': 'Bosch Gruppe', '__CLASS__': 'Adzuna::API::Response::Company'}",,,,
48.137418,11.555737,0,"{'__CLASS__': 'Adzuna::API::Response::Location', 'area': ['Deutschland', 'Bayern', 'München (Kreis)', 'München'], 'display_name': 'München, München (Kreis)'}",KI-Entwickler Geschäftsprozess Innovation (m/w/d),"KNDS Deutschland entwickelt, fertigt und betreut als Systemhaus ein breit gestreutes Produktportfolio. Dazu zählen Kampfpanzer, hochgeschützte Radfahrzeuge, Artilleriesysteme, Militärbrücken, Kundenservice sowie Ausbildungslösungen. Als Teil der KNDS-Gruppe stehen wir für den Beginn der Konsolidierung der Industrie für militärische Landsysteme in Europa. Dabei bieten wir hochinteressante, komplexe und herausfordernde Tätigkeiten in einem kollegialen Umfeld. Das schätzen unsere Mitarbeiter, egal…",https://www.adzuna.de/land/ad/5824843039?se=cAAqSCeP8RG4FrmAon6bBw&utm_medium=api&utm_source=a4bcf954&v=E4C5038BCFC0FC3ED0CEAA9BE295469C8EEAC0E7,5824843039,Adzuna::API::Response::Job,"{'__CLASS__': 'Adzuna::API::Response::Category', 'label': 'IT-Stellen', 'tag': 'it-jobs'}",eyJhbGciOiJIUzI1NiJ9.eyJpIjoiNTgyNDg0MzAzOSIsInMiOiJjQUFxU0NlUDhSRzRGcm1Bb242YkJ3In0.6mqiuVSShqVVenZwBdDWaL198DBpoUEUHhCV_PIYsz8,2026-08-02T01:48:59Z,"{'display_name': 'KNDS', '__CLASS__': 'Adzuna::API::Response::Company'}",,,,
49.56892,10.88109,0,"{'display_name': 'Herzogenaurach, Erlangen-Höchstadt (Kreis)', 'area': ['Deutschland', 'Bayern', 'Erlangen-Höchstadt (Kreis)', 'Herzogenaurach'], '__CLASS__': 'Adzuna::API::Response::Location'}",Duales Studium (TH) inkl. Ausbildung (IHK) - Informatik (d/m/w) 2027,"Du bist technikbegeistert und voller Ideen, mit denen Du die Welt bewegen willst? Dann ist eine Ausbildung oder ein duales Studium bei Schaeffler genau das Richtige für Dich. Ohne unsere Produkte könnten Autos nicht fahren, Maschinen nicht laufen und Flugzeuge nicht fliegen. Als führender Anbieter von Wälzlagern für sämtliche Industrien und wichtiger Partner im internationalen Automobilbau bietet Dir Schaeffler ein hervorragendes Umfeld für Deinen Start in die Berufswelt. Aufgaben Im Überblick …",https://www.adzuna.de/land/ad/5815320323?se=cAAqSCeP8RG4FrmAon6bBw&utm_medium=api&utm_source=a4bcf954&v=221BF6D4F1F012D310DCB2BDFFD4309BEA2F8210,5815320323,Adzuna::API::Response::Job,"{'__CLASS__': 'Adzuna::API::Response::Category', 'label': 'IT-Stellen', 'tag': 'it-jobs'}",eyJhbGciOiJIUzI1NiJ9.eyJpIjoiNTgxNTMyMDMyMyIsInMiOiJjQUFxU0NlUDhSRzRGcm1Bb242YkJ3In0.7bq4g4ROqmAaGJN78xLwkbuU360pTtFVbhnc3RNIML8,2026-07-25T12:47:50Z,"{'__CLASS__': 'Adzuna::API::Response::Company', 'display_name': 'Schaeffler Technologies AG & Co. KG'}",,,,
48.776198,9.187224,0,"{'display_name': 'Stuttgart, Baden-Württemberg', 'area': ['Deutschland', 'Baden-Württemberg', 'Stuttgart'], '__CLASS__': 'Adzuna::API::Response::Location'}",(Senior) Risk Manager (m/w/d) Modeling & Data Science - Fokus Retail Credit Risk,"Wir machen Wünsche machbar – unsere Mission ist es, das Leben unserer Kund:innen zu bereichern und mit unseren Finanzdienstleistungen Träume zu verwirklichen. Wir verstehen uns nicht als typische Bank, sondern als lebendige Gemeinschaft von Gestalter:innen, die keine Angst davor haben, neue Wege zu gehen. Dabei setzen wir uns alle auch noch für Themen mit Impact wie Nachhaltigkeit und Digitalisierung ein – ob in unserer Zentrale in Stuttgart, an unserem Standort in Offenbach oder deutschlandwei…",https://www.adzuna.de/land/ad/5811453477?se=cAAqSCeP8RG4FrmAon6bBw&utm_medium=api&utm_source=a4bcf954&v=A941201519F735C9B8A3B22DA1F7FE671E964088,5811453477,Adzuna::API::Response::Job,"{'tag': 'other-general-jobs', '__CLASS__': 'Adzuna::API::Response::Category', 'label': 'Sonstige/Allgemeine Stellen'}",eyJhbGciOiJIUzI1NiJ9.eyJzIjoiY0FBcVNDZVA4Ukc0RnJtQW9uNmJCdyIsImkiOiI1ODExNDUzNDc3In0.fYVVRs6cHONKMlC5HOcu_sPyTGZsWPjSL576AseHJcE,2026-07-23T00:48:33Z,"{'display_name': 'Creditplus Bank AG', '__CLASS__': 'Adzuna::API::Response::Company'}",,,,
52.41001,10.76094,0,"{'area': ['Deutschland', 'Niedersachsen', 'Wolfsburg', 'Eichelkamp'], 'display_name': 'Eichelkamp, Wolfsburg', '__CLASS__': 'Adzuna::API::Response::Location'}","Duales Studium Data Science&KI, Bachelor of Science, 2027",Auf einen Blick Studiengang: Data Science&KI Studienort: Duale Hochschule Baden-Württemberg Mannheim Studienbeginn: 1. Oktober 2027 (Wintersemester) Studiendauer: 3 Jahre Abschluss: Bachelor of Science (B.Sc.) Informationen unter: DHBW Data Science&KI Inhalte des dualen Studiums Du wolltest schon immer neues Wissen aus Daten gewinnen und innovative Anwendungen und Geschäftsmodelle kreieren? Dann ist dieses duale Studium genau das richtige für dich. In dem Studiengang Data Science&Künstliche Int…,https://www.adzuna.de/land/ad/5809702813?se=cAAqSCeP8RG4FrmAon6bBw&utm_medium=api&utm_source=a4bcf954&v=6B971182D3CE48A2EF32FF60B52F8CE73EFD1162,5809702813,Adzuna::API::Response::Job,"{'__CLASS__': 'Adzuna::API::Response::Category', 'label': 'Teilzeitstellen', 'tag': 'part-time-jobs'}",eyJhbGciOiJIUzI1NiJ9.eyJzIjoiY0FBcVNDZVA4Ukc0RnJtQW9uNmJCdyIsImkiOiI1ODA5NzAyODEzIn0.4py-Jtu5JDlIJm79y57Bf227E5Pa8U2-DSEtV2kuW9I,2026-07-21T22:57:25Z,"{'__CLASS__': 'Adzuna::API::Response::Company', 'display_name': 'dx.one GmbH - A Volkswagen Group Company'}",,,,
49.46241,8.98712,0,"{'display_name': 'Eberbach, Rhein-Neckar-Kreis', 'area': ['Deutschland', 'Baden-Württemberg', 'Rhein-Neckar-Kreis', 'Eberbach'], '__CLASS__': 'Adzuna::API::Response::Location'}",Duales Studium Bachelor of Science - Data Science&Künstliche Intelligenz,Die GELITA-Unternehmensgruppe ist einer der führenden Hersteller von Kollagenproteinen weltweit und mit mehr als 2.900 Mitarbeitenden und 20 Standorten auf allen Kontinenten vertreten. Wir sind mit unserer globalen Präsenz im Markt für Gesundheit und Nahrungsergänzung genauso zu Hause wie in den Bereichen Pharmazie und Medizin. Darüber hinaus bieten wir mit unseren Produkten eine große Bandbreite anäußerst spannenden technologischen Anwendungen. Wir leben Innovation und folgen dabei konsequent …,https://www.adzuna.de/land/ad/5809720302?se=cAAqSCeP8RG4FrmAon6bBw&utm_medium=api&utm_source=a4bcf954&v=F1FB08E1CCF69BF81BCDB7F262502C5137BBE1EE,5809720302,Adzuna::API::Response::Job,"{'tag': 'part-time-jobs', 'label': 'Teilzeitstellen', '__CLASS__': 'Adzuna::API::Response::Category'}",eyJhbGciOiJIUzI1NiJ9.eyJpIjoiNTgwOTcyMDMwMiIsInMiOiJjQUFxU0NlUDhSRzRGcm1Bb242YkJ3In0.GWQ63PQ6IeMl4a7ibhiLlY1pZK6SAHlVXpyBI3h1dNA,2026-07-21T23:00:00Z,"{'__CLASS__': 'Adzuna::API::Response::Company', 'display_name': 'GELITA AG'}",,,,
,,0,"{'display_name': 'Deutschland', 'area': ['Deutschland'], '__CLASS__': 'Adzuna::API::Response::Location'}",Duales Studium Data Science und KI - Smart Operations Management 2027,"Einleitung Eine gute Idee war der Ursprung, ein erfolgreiches Konzept ist das Ergebnis. Qualität zum guten Preis möglichst vielen Menschen anbieten zu können treibt uns an - mittlerweile weltweit, denn wir sind Lidl. Hier ist das berufliche Zuhause vielfältiger Talente. Ob im Einkauf, in der Logistik, im Warengeschäft oder in der IT; ob als Impulsgeber, Gestalter oder Dienstleister der Länder. Wir suchen Anpacker, Durchstarter, Möglichmacher und bieten spannende Aufgaben und Projekte in einem d…",https://www.adzuna.de/land/ad/5809705606?se=cAAqSCeP8RG4FrmAon6bBw&utm_medium=api&utm_source=a4bcf954&v=716A4D78370FC74129C05A65C7389F2CA3A82880,5809705606,Adzuna::API::Response::Job,"{'tag': 'part-time-jobs', 'label': 'Teilzeitstellen', '__CLASS__': 'Adzuna::API::Response::Category'}",eyJhbGciOiJIUzI1NiJ9.eyJzIjoiY0FBcVNDZVA4Ukc0RnJtQW9uNmJCdyIsImkiOiI1ODA5NzA1NjA2In0.PIOOznaFSRzPYf0hxsfhuws9EQ5sJV-PxbJoaSaCQHw,2026-07-21T22:57:49Z,"{'display_name': 'Lidl', '__CLASS__': 'Adzuna::API::Response::Company'}",,,,
49.00018,8.47624,0,"{'area': ['Deutschland', 'Baden-Württemberg', 'Karlsruhe (Kreis)', 'Karlsruhe', 'Durlach'], 'display_name': 'Durlach, Karlsruhe', '__CLASS__': 'Adzuna::API::Response::Location'}",Duales Studium Data Science und Künstliche Intelligenz (B. Sc.) 2027,"Bei dm und dmTECH sind wir der Überzeugung, dass die Digitalisierung unsere Welt und unser Kaufverhalten verändert. Dabei spielt künstliche Intelligenz eine wichtige Rolle. Schon heute setzen wir auf modernste Technologien, um intelligente Lösungen zu entwickeln. Hierfür suchen wir lösungsorientierte Persönlichkeiten mit analytischem und mathematischem Denkvermögen sowie Leidenschaft für innovative Technologien. Das klingt nach Dir? Dann lass uns gemeinsam handeln – mit Deinem dualen Studium Da…",https://www.adzuna.de/land/ad/5809709303?se=cAAqSCeP8RG4FrmAon6bBw&utm_medium=api&utm_source=a4bcf954&v=42E6EDABCFE1FC9D8338F311143BBA189ACA327E,5809709303,Adzuna::API::Response::Job,"{'tag': 'part-time-jobs', 'label': 'Teilzeitstellen', '__CLASS__': 'Adzuna::API::Response::Category'}",eyJhbGciOiJIUzI1NiJ9.eyJzIjoiY0FBcVNDZVA4Ukc0RnJtQW9uNmJCdyIsImkiOiI1ODA5NzA5MzAzIn0.Kk_Dur-WYlXynTPj2Emc-KEiHoFaZNgdPFOFkNlUBu8,2026-07-21T22:58:22Z,"{'__CLASS__': 'Adzuna::API::Response::Company', 'display_name': 'dm-drogerie markt GmbH + Co. KG'}",,,,
50.21936,8.63966,0,"{'area': ['Deutschland', 'Hessen', 'Hochtaunuskreis', 'Bad Homburg vor der Höhe'], 'display_name': 'Bad Homburg vor der Höhe, Hochtaunuskreis', '__CLASS__': 'Adzuna::API::Response::Location'}",Duales Studium – Data Science und Künstliche Intelligenz (m/w/d) 2027,"Einleitung: Duales Studium – Data Science und Künstliche Intelligenz (m/w/d) 2027 Du bist fasziniert von der Welt der Daten und IT? Du möchtest aktiv dazu beitragen, komplexe Datensätze zu analysieren, um wertvolle Erkenntnisse zu gewinnen und innovative Lösungen zu entwickeln? Daten sind für dich nicht nur Rohmaterial, sondern das Fundament für die digitale Transformation – eine Quelle für relevante Erkenntnisse und die Basis für zukunftsweisende Entwicklungen in Wissenschaft, Wirtschaft und T…",https://www.adzuna.de/land/ad/5779597035?se=cAAqSCeP8RG4FrmAon6bBw&utm_medium=api&utm_source=a4bcf954&v=57CAC761ACC0CB746DB546B2E7E71C2DA0EC9430,5779597035,Adzuna::API::Response::Job,"{'__CLASS__': 'Adzuna::API::Response::Category', 'label': 'Teilzeitstellen', 'tag': 'part-time-jobs'}",eyJhbGciOiJIUzI1NiJ9.eyJpIjoiNTc3OTU5NzAzNSIsInMiOiJjQUFxU0NlUDhSRzRGcm1Bb242YkJ3In0.gTXHtHNvj3MM88adX5YHqBeUPVK84WvXUT8TQiCDIDo,2026-06-28T01:17:07Z,"{'display_name': 'Fresenius SE&Co. KGaA', '__CLASS__': 'Adzuna::API::Response::Company'}",,,,
50.129683,8.650578,0,"{'area': ['Deutschland', 'Hessen', 'Frankfurt am Main'], 'display_name': 'Frankfurt am Main, Hessen', '__CLASS__': 'Adzuna::API::Response::Location'}",Duales Studium Data Science und Künstliche Intelligenz 2027 (w/m/d),"Wir sind die Deutsche Bahn. Millionen Fahrgäste sind jeden Tag mit uns unterwegs und wir transportieren enorme Gütermengen – deutschlandweit sowie im angrenzenden Europa. Zu oft enttäuschen wir auch. Deshalb arbeiten wir mit Hochdruck an einer besseren Bahn. Dafür brauchen wir Power und dich! Wir sind eine der vielfältigsten Arbeitgeber:innen Deutschlands. Jedes Jahr suchen wir rund 500 Dual Studierende in 25 verschiedenen Studiengängen, die gemeinsam mit uns die Bahn Tag für Tag ein Stück bess…",https://www.adzuna.de/land/ad/5801157289?se=cAAqSCeP8RG4FrmAon6bBw&utm_medium=api&utm_source=a4bcf954&v=AB65D418D9741FB4641CCD6A5D8614BDC910BDBA,5801157289,Adzuna::API::Response::Job,"{'tag': 'part-time-jobs', '__CLASS__': 'Adzuna::API::Response::Category', 'label': 'Teilzeitstellen'}",eyJhbGciOiJIUzI1NiJ9.eyJpIjoiNTgwMTE1NzI4OSIsInMiOiJjQUFxU0NlUDhSRzRGcm1Bb242YkJ3In0.JFq2bzDctzA6uJzjVLVeWfKCy-K-bRkm20rqM6sAFP8,2026-07-15T14:41:15Z,"{'__CLASS__': 'Adzuna::API::Response::Company', 'display_name': 'Deutsche Bahn AG'}",,,,
48.137418,11.555737,0,"{'__CLASS__': 'Adzuna::API::Response::Location', 'display_name': 'München, München (Kreis)', 'area': ['Deutschland', 'Bayern', 'München (Kreis)', 'München']}",Dualer Student (m/w/d) - Data Science & Scientific Computing Bachelor,"Willkommen bei ASMPT. Hier bist du auf dem direkten Weg in das digitale Zeitalter. Mit 12.000 Mitarbeitenden weltweit sind wir technologischer Prozesspartner für die Elektronikindustrie und brennen für innovative Automatisierungsstrategien am Puls der Zeit. Mit unseren smarten Lösungen fordern unsere passionierten Teams den technischen Status quo immer wieder heraus und setzen so neue Maßstäbe für die Fertigung von Smartphones, Computern, Netzwerken, autonomen Fahrzeugen, intelligenten Maschine…",https://www.adzuna.de/land/ad/5750360385?se=cAAqSCeP8RG4FrmAon6bBw&utm_medium=api&utm_source=a4bcf954&v=D0DF4373E4704CC85E24991C16B79454A4AE637D,5750360385,Adzuna::API::Response::Job,"{'__CLASS__': 'Adzuna::API::Response::Category', 'label': 'Teilzeitstellen', 'tag': 'part-time-jobs'}",eyJhbGciOiJIUzI1NiJ9.eyJpIjoiNTc1MDM2MDM4NSIsInMiOiJjQUFxU0NlUDhSRzRGcm1Bb242YkJ3In0.q0eleYu1J3uDbTcKG8_ddCvjGraiXF5VtluO0sWacUk,2026-06-03T11:34:00Z,"{'__CLASS__': 'Adzuna::API::Response::Company', 'display_name': 'ASMPT GmbH & Co. KG'}",,,,
49.577521,10.984506,0,"{'display_name': 'Erlangen, Bayern', 'area': ['Deutschland', 'Bayern', 'Erlangen'], '__CLASS__': 'Adzuna::API::Response::Location'}",Duales Bachelorstudium Data Science in Technik und Wirtschaft (B.Eng.) - Erlangen/Forchheim,"Dein Berufsbild: Du magst Mathe und möchtest später etwas mit Daten machen? Dich faszinieren datengestützte Tools, wie ChatGPT, und du kennst deren große Chance für die Zukunft? Dann bewirb dich für das duale Studium B.Eng. Data Science in Technik und Wirtschaft und entdecke mit uns, wie wir die Welt der Medizintechnik durch datenbasierte Entscheidungen verändern können. Daten sind eines der Fundamente, damit Unternehmen bestmögliche Entscheidungen treffen können. Im Studiengang B.Eng. Data Sci…",https://www.adzuna.de/land/ad/5766706265?se=cAAqSCeP8RG4FrmAon6bBw&utm_medium=api&utm_source=a4bcf954&v=66F0723CBAA37A63EAA8BB4C63A95584B42DD6A8,5766706265,Adzuna::API::Response::Job,"{'tag': 'part-time-jobs', '__CLASS__': 'Adzuna::API::Response::Category', 'label': 'Teilzeitstellen'}",eyJhbGciOiJIUzI1NiJ9.eyJpIjoiNTc2NjcwNjI2NSIsInMiOiJjQUFxU0NlUDhSRzRGcm1Bb242YkJ3In0.HbcVQrte0XzntXqaLRRYVkUhHPVgZ0HXD8RNo3TaiQI,2026-06-17T13:17:48Z,"{'__CLASS__': 'Adzuna::API::Response::Company', 'display_name': 'Siemens Healthineers AG'}",,,,
48.80225,9.01646,0,"{'area': ['Deutschland', 'Baden-Württemberg', 'Böblingen (Kreis)', 'Leonberg'], 'display_name': 'Leonberg, Böblingen (Kreis)', '__CLASS__': 'Adzuna::API::Response::Location'}",Duales Studium Data Science&KI (Bachelor of Science) ab 2027,"Duales Studium Data Science&KI (Bachelor of Science) ab 2027 Reinhold-Vöster-Straße 21-29 71229, Leonberg Baden-Württemberg GEZE Leonberg | DHBW Stuttgart | ab 01.10.2027 GEZE gehört zu den weltweit führenden Unternehmen für Produkte, Systemlösungen und umfassenden Service rund um Türen und Fenster. Der Spezialist für innovative und moderne Tür-, Fenster- und Sicherheitstechnik erzielt mit fundierter Branchen- und Fachkenntnis seitüber 160 Jahren herausragende Ergebnisse, die Gebäude lebenswert…",https://www.adzuna.de/land/ad/5804889618?se=cAAqSCeP8RG4FrmAon6bBw&utm_medium=api&utm_source=a4bcf954&v=CF507F3C24FED4ECADFCECDA90803DB188687CAB,5804889618,Adzuna::API::Response::Job,"{'tag': 'part-time-jobs', 'label': 'Teilzeitstellen', '__CLASS__': 'Adzuna::API::Response::Category'}",eyJhbGciOiJIUzI1NiJ9.eyJzIjoiY0FBcVNDZVA4Ukc0RnJtQW9uNmJCdyIsImkiOiI1ODA0ODg5NjE4In0.EHq82lG4Z-DrFAy-MpxxHq7QFmdgOtW_xM_3qEBfOl4,2026-07-17T14:53:24Z,"{'display_name': 'GEZE GmbH', '__CLASS__': 'Adzuna::API::Response::Company'}",,,,
47.85762,8.77577,0,"{'__CLASS__': 'Adzuna::API::Response::Location', 'area': ['Deutschland', 'Baden-Württemberg', 'Konstanz (Kreis)', 'Engen'], 'display_name': 'Engen, Konstanz (Kreis)'}",Duales Studium Bachelor of Science - Informatik / Wirtschaftsinformatik / Data Science & KI,"Das bieten wir: - Mitverantwortung im Tagessgeschäft und eigenverantwortliche Umsetzung von Studenten-Projekten - Work-Life-Balance dank flexiblem Arbeitszeitenmodell - Mitwirkung auf unseren Social-Media-Kanälen (Instagram, Facebook, TikTok, Youtube, ) - Kollegialer Umgang und offene Kommunikation mit Kollegen - Kaffeeecke, Tischtennis, Tischkicker, Lese-Ecke, Cafeteria, Terrasse, … wenn du mal eine Pause brauchst - Finanzielle Unterstützung beim Auslandspraktikum - betriebliche Zusatzkrankenv…",https://www.adzuna.de/land/ad/5750364626?se=cAAqSCeP8RG4FrmAon6bBw&utm_medium=api&utm_source=a4bcf954&v=39C2F48BE2EC7A686C8B82BDE22216F2972413C1,5750364626,Adzuna::API::Response::Job,"{'__CLASS__': 'Adzuna::API::Response::Category', 'label': 'Teilzeitstellen', 'tag': 'part-time-jobs'}",eyJhbGciOiJIUzI1NiJ9.eyJzIjoiY0FBcVNDZVA4Ukc0RnJtQW9uNmJCdyIsImkiOiI1NzUwMzY0NjI2In0.6anwlAZZJ-txHs3gJqlN-Z7gLKnxhCrhOjSOWG9X4FA,2026-06-03T11:34:37Z,"{'__CLASS__': 'Adzuna::API::Response::Company', 'display_name': 'allsafe GmbH & Co. KG'}",,,,
48.506053,9.202888,0,"{'__CLASS__': 'Adzuna::API::Response::Location', 'display_name': 'Reutlingen, Reutlingen (Kreis)', 'area': ['Deutschland', 'Baden-Württemberg', 'Reutlingen (Kreis)', 'Reutlingen']}",PreMaster Programm in Digitalisierung und Prozessmanagement im Einkauf (w/m/div.),"Möchten Sie Ihre Ideen in nutzbringende und sinnvolle Technologien verwandeln? Ob im Bereich Mobility Solutions, Consumer Goods, Industrial Technology oder Energy and Building Technology - mit uns verbessern Sie die Lebensqualität der Menschen auf der ganzen Welt. Willkommen bei Bosch. Die Robert Bosch GmbH freut sich auf Ihre Bewerbung! Anstellungsart: Befristet Arbeitszeit: Vollzeit Arbeitsort: Reutlingen Aufgaben Als PreMaster analysierst und optimierst du End-to-End-Einkaufsprozesse und ent…",https://www.adzuna.de/land/ad/5792832554?se=cAAqSCeP8RG4FrmAon6bBw&utm_medium=api&utm_source=a4bcf954&v=8691BA523FE0278A004B2658B83B2473B90C2E96,5792832554,Adzuna::API::Response::Job,"{'tag': 'unknown', '__CLASS__': 'Adzuna::API::Response::Category', 'label': 'Unknown'}",eyJhbGciOiJIUzI1NiJ9.eyJpIjoiNTc5MjgzMjU1NCIsInMiOiJjQUFxU0NlUDhSRzRGcm1Bb242YkJ3In0.GSjAGCdz7WxGIH7E1_Cea-GrzvTn6R5I2j7GPptpayM,2026-07-08T18:25:55Z,"{'display_name': 'Bosch Gruppe', '__CLASS__': 'Adzuna::API::Response::Company'}",,,,
49.2291,9.21629,0,"{'area': ['Deutschland', 'Baden-Württemberg', 'Heilbronn (Kreis)', 'Bad Friedrichshall'], 'display_name': 'Bad Friedrichshall, Heilbronn (Kreis)', '__CLASS__': 'Adzuna::API::Response::Location'}",Duales Studium Wirtschaftsinformatik 2027 Neckarsulm (m/w/d),"Als weltweit agierendes Unternehmen benötigen wir eine IT-Landschaft, die jederzeit reibungslos funktioniert, sich stets auf dem neuesten Stand der Technik befindet und sich an den Bedürfnissen unserer Kunden innerhalb den Unternehmen der Schwarz Gruppe orientiert. An der Schnittstelle zwischen BWL und IT erarbeiten wir tragfähige Lösungen, die maßgeblich und sichtbar zu unserem Erfolg beitragen. {Programmbeginn:} 01.09.2027 mit dem Begrüßungsmonat {Studienbeginn:} 01.10.2027 {Studiendauer:} 3 …",https://www.adzuna.de/land/ad/5785691611?se=cAAqSCeP8RG4FrmAon6bBw&utm_medium=api&utm_source=a4bcf954&v=F6D2D169808DF55DF594E349BED24D0130B66831,5785691611,Adzuna::API::Response::Job,"{'tag': 'unknown', '__CLASS__': 'Adzuna::API::Response::Category', 'label': 'Unknown'}",eyJhbGciOiJIUzI1NiJ9.eyJpIjoiNTc4NTY5MTYxMSIsInMiOiJjQUFxU0NlUDhSRzRGcm1Bb242YkJ3In0.LoV2-hrJjp05lDQ9YdZd0mUYidzwQTuDhEBSsPBov1c,2026-07-02T19:37:57Z,"{'display_name': 'Schwarz Digits', '__CLASS__': 'Adzuna::API::Response::Company'}",,,,
47.82315,12.64672,0,"{'area': ['Deutschland', 'Bayern', 'Traunstein (Kreis)', 'Siegsdorf'], 'display_name': 'Siegsdorf, Traunstein (Kreis)', '__CLASS__': 'Adzuna::API::Response::Location'}",SAP Consultant Business Solutions Finance,"Die Brückner Group ist Marktführerin im Engineering von Maschinen und Anlagen für Kunststoffe und alternative Materialien. Wir stehen für die zukunftsfähige Weiterentwicklung des gesamten Marktes. Als Herzstück unseres Erfolgs profitieren unsere Mitarbeitenden von einem internationalen, unterstützenden Arbeitsumfeld mit langfristigen Karrierechancen. Als Unternehmensgruppe bieten wir dir Langfristigkeit, während wir uns stetig weiterentwickeln. Du unterstützt uns dabei, die Zukunft der Kunststo…",https://www.adzuna.de/land/ad/5825729256?se=cAAqSCeP8RG4FrmAon6bBw&utm_medium=api&utm_source=a4bcf954&v=4FC8FF367AD56F8ACEB8BC219BDE84AEA0A18E5A,5825729256,Adzuna::API::Response::Job,"{'label': 'IT-Stellen', '__CLASS__': 'Adzuna::API::Response::Category', 'tag': 'it-jobs'}",eyJhbGciOiJIUzI1NiJ9.eyJzIjoiY0FBcVNDZVA4Ukc0RnJtQW9uNmJCdyIsImkiOiI1ODI1NzI5MjU2In0.W2RLRMN0_uJPNWwDy74e-xmPINqd5DW_WuJZ8hS2wvc,2026-08-02T16:08:58Z,"{'display_name': 'Brückner Group SE', '__CLASS__': 'Adzuna::API::Response::Company'}",,,,
51.955292,7.621504,0,"{'__CLASS__': 'Adzuna::API::Response::Location', 'display_name': 'Münster, Nordrhein-Westfalen', 'area': ['Deutschland', 'Nordrhein-Westfalen', 'Münster']}",Junior Literacy Manager (m/w/d) DAI Foundations,"Wir sind FIEGE. Ein Familienunternehmen, das innovative Geschäftsmodelle in den Bereichen Logistik, Digital, Real Estate und Ventures vorantreibt - und das seit über 150 Jahren. Als Innovationsführer in der Branche beschäftigen wir bei FIEGE mehr als 22.000 Mitarbeitende an rund 136 Standorten in 14 Ländern. Unsere Unternehmenskultur und der FIEGE-Erfolgsspirit machen uns einzigartig und verbinden alle unsere Kolleginnen und Kollegen. Denn wir leben familiäre Werte und ein respektvolles Miteina…",https://www.adzuna.de/land/ad/5820917962?se=cAAqSCeP8RG4FrmAon6bBw&utm_medium=api&utm_source=a4bcf954&v=B018C3941A841017FDB9D9283461A0559914CE53,5820917962,Adzuna::API::Response::Job,"{'__CLASS__': 'Adzuna::API::Response::Category', 'label': 'Beraterstellen', 'tag': 'consultancy-jobs'}",eyJhbGciOiJIUzI1NiJ9.eyJpIjoiNTgyMDkxNzk2MiIsInMiOiJjQUFxU0NlUDhSRzRGcm1Bb242YkJ3In0.y-Q0i2ruMcsSR3bVaDjK7zS_obGk6MAhyrFljXIR6G4,2026-07-30T11:14:35Z,"{'__CLASS__': 'Adzuna::API::Response::Company', 'display_name': 'FIEGE Logistik Stiftung & Co. KG'}",,,,
50.923007,11.589469,0,"{'area': ['Deutschland', 'Thüringen', 'Jena'], 'display_name': 'Jena, Thüringen', '__CLASS__': 'Adzuna::API::Response::Location'}",Senior Data Scientist (m/w/x) – Schwerpunkt Spektroskopie & Agronomie,"Sich etwas Neues trauen, über sich hinauswachsen und dabei die Grenzen des Machbaren neu definieren. Genau das ist es, was unsere Mitarbeitenden täglich leben dürfen und sollen. Um mit unseren Innovationen ein Zeichen zu setzen und Großartiges zu ermöglichen. Denn hinter jedem erfolgreichen Unternehmen stehen eine ganze Menge faszinierende Menschen. In einem offenen und modernen Umfeld mit zahlreichen Entwicklungs- und Weiterbildungsmöglichkeiten, arbeiten die Mitarbeitenden bei ZEISS in einer …",https://www.adzuna.de/land/ad/5808310225?se=cAAqSCeP8RG4FrmAon6bBw&utm_medium=api&utm_source=a4bcf954&v=71E3C15B0543D7FDAFF7376E5B4931733D1DABA1,5808310225,Adzuna::API::Response::Job,"{'tag': 'scientific-qa-jobs', '__CLASS__': 'Adzuna::API::Response::Category', 'label': 'Stellen aus Wissenschaft & Qualitätssicherung'}",eyJhbGciOiJIUzI1NiJ9.eyJpIjoiNTgwODMxMDIyNSIsInMiOiJjQUFxU0NlUDhSRzRGcm1Bb242YkJ3In0.qPdvQacujRpKVOJ9Fobbfwd4th1DsQnPCPHXt_udNa0,2026-07-20T19:15:40Z,"{'__CLASS__': 'Adzuna::API::Response::Company', 'display_name': 'ZEISS'}",,,,
48.137418,11.555737,0,"{'__CLASS__': 'Adzuna::API::Response::Location', 'display_name': 'München, München (Kreis)', 'area': ['Deutschland', 'Bayern', 'München (Kreis)', 'München']}",Team Lead Marketing Analytics & MarTech (m/w/d),"Deine Mission: Du willst Marketing-Steuerung auf Basis von Daten und Modellen gestalten – nicht aus dem Bauch heraus, sondern mit Attribution, Marketing-Mix-Modeling und Geo-Lift als Standard? Und Du möchtest dieses analytische Fundament auch in unserer kommerziellen Planung und im Pricing verankern? Dann ist das Deine Rolle. Als Team Lead Marketing Analytics & MarTech verantwortest Du, wie wir Marketing-Wirkung messen, modellieren und in fundierte Entscheidungen übersetzen. Gleichzeitig entwic…",https://www.adzuna.de/land/ad/5806255676?se=cAAqSCeP8RG4FrmAon6bBw&utm_medium=api&utm_source=a4bcf954&v=DE0BBCDB2CF6A4B267C04A3B3F81B8157E03EC91,5806255676,Adzuna::API::Response::Job,"{'__CLASS__': 'Adzuna::API::Response::Category', 'label': 'Unknown', 'tag': 'unknown'}",eyJhbGciOiJIUzI1NiJ9.eyJzIjoiY0FBcVNDZVA4Ukc0RnJtQW9uNmJCdyIsImkiOiI1ODA2MjU1Njc2In0.xCo6k-Y_2yg85M8mYwOlJww7nyviwU3YCgfRN13rNec,2026-07-18T17:37:07Z,"{'__CLASS__': 'Adzuna::API::Response::Company', 'display_name': 'ASAMBEAUTY GmbH'}",,,,
51.052725,13.756452,0,"{'__CLASS__': 'Adzuna::API::Response::Location', 'display_name': 'Dresden, Sachsen', 'area': ['Deutschland', 'Sachsen', 'Dresden']}",Postdoctoral Research Associate Position (m/f/d) - Surgical AI,"This position is part of a 5-year research program funded by the German Federal Ministry of Research, Technology and Space (BMFTR) that aims to develop generalizable, clinically relevant AI approaches for surgical video analysis, working with one of the world's largest prospective surgical video registries. As a Postdoctoral Research Associate, you will contribute to evaluating and optimizing the real-world performance of state-of-the-art AI models for surgical video understanding. The position…",https://www.adzuna.de/land/ad/5823383048?se=cAAqSCeP8RG4FrmAon6bBw&utm_medium=api&utm_source=a4bcf954&v=0AC680F8334127375EB68BBE33B7F474952FA448,5823383048,Adzuna::API::Response::Job,"{'tag': 'unknown', 'label': 'Unknown', '__CLASS__': 'Adzuna::API::Response::Category'}",eyJhbGciOiJIUzI1NiJ9.eyJzIjoiY0FBcVNDZVA4Ukc0RnJtQW9uNmJCdyIsImkiOiI1ODIzMzgzMDQ4In0.UQwv_Ep8WR_Um2f_G_PiXjdTdj_jKd-Rl3aRD2G7ZMw,2026-08-01T07:37:16Z,"{'display_name': 'Universitätsklinikum Carl Gustav Carus Dresden', '__CLASS__': 'Adzuna::API::Response::Company'}",,,,
52.274227,8.055137,0,"{'area': ['Deutschland', 'Niedersachsen', 'Osnabrück (Kreis)', 'Osnabrück'], 'display_name': 'Osnabrück, Osnabrück (Kreis)', '__CLASS__': 'Adzuna::API::Response::Location'}",Teamlead Artificial Intelligence - MLOps / Machine Learning (m/w/d),"Die ADI Solutions GmbH steht für moderne Softwareentwicklung – international ausgerichtet. An unseren Standorten in Osnabrück und Venlo sowie gemeinsam mit internationalen Kollegen entwickeln rund 50 Mitarbeitende Lösungen, die weltweit im Einsatz sind – bei über 100 Kunden in mehr als 25 Ländern. Was uns antreibt, ist die Verbindung von Menschen, Ideen und Technologien. Ob ERP mit Microsoft Dynamics 365 Business Central, Business Intelligence, Power Platform, Web-Apps oder KI – wir schaffen Lö…",https://www.adzuna.de/land/ad/5813842154?se=ho1TSSeP8RGGDr7w4nqLLQ&utm_medium=api&utm_source=a4bcf954&v=150DEB8C82E2383AC553AEC26E7D401A3CFA64C7,5813842154,Adzuna::API::Response::Job,"{'label': 'Unknown', 'tag': 'unknown', '__CLASS__': 'Adzuna::API::Response::Category'}",eyJhbGciOiJIUzI1NiJ9.eyJpIjoiNTgxMzg0MjE1NCIsInMiOiJobzFUU1NlUDhSR0dEcjd3NG5xTExRIn0.oOJBEWW5fNPYGg9rzVHIz8lZ4tr55tBI-CFPTBHnR_4,2026-07-24T15:02:55Z,"{'display_name': 'ADI Solutions GmbH', '__CLASS__': 'Adzuna::API::Response::Company'}",,,,
50.1179,8.66358,0,"{'display_name': 'Westend-Süd, Frankfurt am Main', 'area': ['Deutschland', 'Hessen', 'Frankfurt am Main', 'Westend-Süd'], '__CLASS__': 'Adzuna::API::Response::Location'}",Duales Studium Data Science und Künstliche Intelligenz 2027 (w/m/d),"Wir sind die Deutsche Bahn. Millionen Fahrgäste sind jeden Tag mit uns unterwegs und wir transportieren enorme Gütermengen – deutschlandweit sowie im angrenzenden Europa. Zu oft enttäuschen wir auch. Deshalb arbeiten wir mit Hochdruck an einer besseren Bahn. Dafür brauchen wir Power und dich! Wir sind eine der vielfältigsten Arbeitgeber:innen Deutschlands. Jedes Jahr suchen wir rund 500 Dual Studierende in 25 verschiedenen Studiengängen, die gemeinsam mit uns die Bahn Tag für Tag ein Stück bess…",https://www.adzuna.de/land/ad/5809719114?se=ho1TSSeP8RGGDr7w4nqLLQ&utm_medium=api&utm_source=a4bcf954&v=7E7F2642C9EDCEF205C59F3460172EC06E8AF569,5809719114,Adzuna::API::Response::Job,"{'label': 'Teilzeitstellen', 'tag': 'part-time-jobs', '__CLASS__': 'Adzuna::API::Response::Category'}",eyJhbGciOiJIUzI1NiJ9.eyJpIjoiNTgwOTcxOTExNCIsInMiOiJobzFUU1NlUDhSR0dEcjd3NG5xTExRIn0.2APSQ18CtGkHkXHvy14ZbpBIli4GWl_YAYYVynpTj5w,2026-07-21T22:59:50Z,"{'display_name': 'Deutsche Bahn AG', '__CLASS__': 'Adzuna::API::Response::Company'}",,,,
48.11989,11.54065,0,"{'__CLASS__': 'Adzuna::API::Response::Location', 'area': ['Deutschland', 'Bayern', 'München (Kreis)', 'München', 'Sendling'], 'display_name': 'Sendling, München'}",Dualer Student (m/w/d) - Data Science & Scientific Computing Bachelor,"Willkommen bei ASMPT. Hier bist du auf dem direkten Weg in das digitale Zeitalter. Mit 12.000 Mitarbeitenden weltweit sind wir technologischer Prozesspartner für die Elektronikindustrie und brennen für innovative Automatisierungsstrategien am Puls der Zeit. Mit unseren smarten Lösungen fordern unsere passionierten Teams den technischen Status quo immer wieder heraus und setzen so neue Maßstäbe für die Fertigung von Smartphones, Computern, Netzwerken, autonomen Fahrzeugen, intelligenten Maschine…",https://www.adzuna.de/land/ad/5809665230?se=ho1TSSeP8RGGDr7w4nqLLQ&utm_medium=api&utm_source=a4bcf954&v=78A41CF8EAED59AE821D70060CAD5D5DB74A409A,5809665230,Adzuna::API::Response::Job,"{'label': 'Teilzeitstellen', 'tag': 'part-time-jobs', '__CLASS__': 'Adzuna::API::Response::Category'}",eyJhbGciOiJIUzI1NiJ9.eyJpIjoiNTgwOTY2NTIzMCIsInMiOiJobzFUU1NlUDhSR0dEcjd3NG5xTExRIn0.bDq6_KgiFN--8KaFN9TZ8VUoLCJxprBJ9l08ajp1gDA,2026-07-21T22:51:43Z,"{'display_name': 'ASMPT GmbH & Co. KG', '__CLASS__': 'Adzuna::API::Response::Company'}",,,,
49.49301,8.46027,0,"{'__CLASS__': 'Adzuna::API::Response::Location', 'area': ['Deutschland', 'Baden-Württemberg', 'Mannheim', 'Innenstadt'], 'display_name': 'Innenstadt, Mannheim'}",Bachelor of Science Data Science&künstliche Intelligenz (m/w/d),DAS ERWARTET DICH IM PRAXISTEIL DU möchtest gemeinsam mit uns Mannheim noch digitaler machen? Der Praxisteil deines Studiums findet im Fachbereich Informationstechnologie der Stadt Mannheim statt. Dort hast du die Möglichkeit fundierte Einblicke in die Bereiche Grundlagen der IT und Verwaltungswirtschaft zu bekommen. Außerdem lernst du alles rund um den intelligenten und verantwortungsvollen Umgang mit Daten und wirst zum Experten in Sachen zukunftsfähiger Technologien und deren Einsatzmöglichk…,https://www.adzuna.de/land/ad/5809720185?se=ho1TSSeP8RGGDr7w4nqLLQ&utm_medium=api&utm_source=a4bcf954&v=E53B61D43FA7E5AE960510F34290EA6A28D333C8,5809720185,Adzuna::API::Response::Job,"{'__CLASS__': 'Adzuna::API::Response::Category', 'tag': 'part-time-jobs', 'label': 'Teilzeitstellen'}",eyJhbGciOiJIUzI1NiJ9.eyJpIjoiNTgwOTcyMDE4NSIsInMiOiJobzFUU1NlUDhSR0dEcjd3NG5xTExRIn0.K-YehKUmEDVKYP_xjnywiJruV6si-0h3C9T8CvG_swo,2026-07-21T22:59:59Z,"{'display_name': 'Stadt Mannheim', '__CLASS__': 'Adzuna::API::Response::Company'}",,,,
48.42392,7.94837,0,"{'display_name': 'Zunsweier, Offenburg', 'area': ['Deutschland', 'Baden-Württemberg', 'Ortenaukreis', 'Offenburg', 'Zunsweier'], '__CLASS__': 'Adzuna::API::Response::Location'}",Duales Studium: Data Science und Künstliche Intelligenz (m/w/d) - 2027,"Mit rund 46.000 Mitarbeitenden sowie rund 3.000 Auszubildenden in über 40 Ausbildungsberufen und dualen Studiengängen im Einzelhandel, Großhandel und in der Produktion sind wir einer der größten Arbeitgeber der Region. Rund 1.100 Märkte, sechs Logistikzentren und sechs Produktionsbetriebe in fünf Bundesländern gehören zu EDEKA Südwest. Was macht man da aus sich? Im Fokus steht der reibungslose Fluss von Informationen innerhalb des Unternehmens. Schon während des Studiums betreust du selbstständ…",https://www.adzuna.de/land/ad/5809711808?se=ho1TSSeP8RGGDr7w4nqLLQ&utm_medium=api&utm_source=a4bcf954&v=956C9D75E6951532FBC07B45EB2492E2E79F64A8,5809711808,Adzuna::API::Response::Job,"{'tag': 'part-time-jobs', '__CLASS__': 'Adzuna::API::Response::Category', 'label': 'Teilzeitstellen'}",eyJhbGciOiJIUzI1NiJ9.eyJzIjoiaG8xVFNTZVA4UkdHRHI3dzRucUxMUSIsImkiOiI1ODA5NzExODA4In0.fvEwgUWTOM1PHWKcUjn3M1MJ2gdV4ZuxH3OXeAsYzik,2026-07-21T22:58:46Z,"{'__CLASS__': 'Adzuna::API::Response::Company', 'display_name': 'EDEKA Südwest Stiftung&Co. KG'}",,,,
48.137418,11.555737,0,"{'area': ['Deutschland', 'Bayern', 'München (Kreis)', 'München'], 'display_name': 'München, München (Kreis)', '__CLASS__': 'Adzuna::API::Response::Location'}",Werkstudent (d/w/m) Finance & Accounting,"Mehr Gemeinschaft, mehr Vielfalt, mehr Flexibilität, mehr Machen! Als Versicherungskammer Real Estate GmbH gehören wir zum Konzern Versicherungskammer, einem der zehn größten Versicherer Deutschlands. Warum wir besonders sind? Wir sind da für unsere Kunden, für unsere Mitmenschen – und ganz besonders füreinander. Über 7.500 Kolleginnen und Kollegen bringen täglich ihre Stärken in den gemeinsamen Erfolg ein. Klingt gut? Dann freuen wir uns auf ein baldiges Kennenlernen! Wir suchen Dich ab 1. Sep…",https://www.adzuna.de/land/ad/5818379191?se=ho1TSSeP8RGGDr7w4nqLLQ&utm_medium=api&utm_source=a4bcf954&v=AC6FC64F42F6E7704D3081B7F08E913D4B88CA28,5818379191,Adzuna::API::Response::Job,"{'tag': 'unknown', '__CLASS__': 'Adzuna::API::Response::Category', 'label': 'Unknown'}",eyJhbGciOiJIUzI1NiJ9.eyJzIjoiaG8xVFNTZVA4UkdHRHI3dzRucUxMUSIsImkiOiI1ODE4Mzc5MTkxIn0.-QWxqJ4CExrneyWtZePGH2x7uJLFzoGaw-U4wNsBt8w,2026-07-28T15:44:45Z,"{'display_name': 'Versicherungskammer Bayern', '__CLASS__': 'Adzuna::API::Response::Company'}",,,,
49.56892,10.88109,0,"{'area': ['Deutschland', 'Bayern', 'Erlangen-Höchstadt (Kreis)', 'Herzogenaurach'], 'display_name': 'Herzogenaurach, Erlangen-Höchstadt (Kreis)', '__CLASS__': 'Adzuna::API::Response::Location'}",Duales Studium (DHBW) - Data Science und künstliche Intelligenz (d/m/w) 2027,"Du bist technikbegeistert und voller Ideen, mit denen Du die Welt bewegen willst? Dann ist eine Ausbildung oder ein duales Studium bei Schaeffler genau das Richtige für Dich. Ohne unsere Produkte könnten Autos nicht fahren, Maschinen nicht laufen und Flugzeuge nicht fliegen. Als führender Anbieter von Wälzlagern für sämtliche Industrien und wichtiger Partner im internationalen Automobilbau bietet Dir Schaeffler ein hervorragendes Umfeld für Deinen Start in die Berufswelt. Ausbildungsschwerpunkt…",https://www.adzuna.de/land/ad/5799243414?se=ho1TSSeP8RGGDr7w4nqLLQ&utm_medium=api&utm_source=a4bcf954&v=31FD5B2497C9352AD9EC7826D671B164F8108EE9,5799243414,Adzuna::API::Response::Job,"{'label': 'Teilzeitstellen', '__CLASS__': 'Adzuna::API::Response::Category', 'tag': 'part-time-jobs'}",eyJhbGciOiJIUzI1NiJ9.eyJzIjoiaG8xVFNTZVA4UkdHRHI3dzRucUxMUSIsImkiOiI1Nzk5MjQzNDE0In0.O4f7q5InZSMKTBGbDUxfy4YgVQF7G9VnXu9U2Ct8Cjg,2026-07-14T01:36:59Z,"{'__CLASS__': 'Adzuna::API::Response::Company', 'display_name': 'Schaeffler Technologies AG&Co. KG'}",,,,
48.67129,9.37738,0,"{'__CLASS__': 'Adzuna::API::Response::Location', 'display_name': 'Wendlingen am Neckar, Esslingen (Kreis)', 'area': ['Deutschland', 'Baden-Württemberg', 'Esslingen (Kreis)', 'Wendlingen am Neckar']}",Duales Studium - Wirtschaftsinformatik Data Science (B. Sc. m/w/d) 2027,"Das kannst Du von uns erwarten: Technik und Wirtschaft gehören für Dich zusammen? Du begeisterst Dich für Informationstechnologien ebenso wie fürökonomische Zusammenhänge und möchtest Theorie direkt in der Praxis anwenden? Dann ist das Duale Studium Wirtschaftsinformatik mit Schwerpunkt Data Science– in Kooperation mit der Dualen Hochschule Baden-Württemberg (DHBW) in Stuttgart– genau das Richtige für Dich. Kennenlernen innovativer IT-Systeme, moderner Datenanalyseverfahren sowie deren Einsatz …",https://www.adzuna.de/land/ad/5767328953?se=ho1TSSeP8RGGDr7w4nqLLQ&utm_medium=api&utm_source=a4bcf954&v=958EB314919057C73F9E1CF6996FB866EE6E6089,5767328953,Adzuna::API::Response::Job,"{'__CLASS__': 'Adzuna::API::Response::Category', 'tag': 'part-time-jobs', 'label': 'Teilzeitstellen'}",eyJhbGciOiJIUzI1NiJ9.eyJzIjoiaG8xVFNTZVA4UkdHRHI3dzRucUxMUSIsImkiOiI1NzY3MzI4OTUzIn0.tw_cLXW8Ba7px4F8L8nyL6TZJojoewBL3yK_HcZaEJA,2026-06-18T01:08:56Z,"{'display_name': 'Festool Group', '__CLASS__': 'Adzuna::API::Response::Company'}",,,,
47.999458,7.816286,0,"{'__CLASS__': 'Adzuna::API::Response::Location', 'display_name': 'Freiburg im Breisgau, Baden-Württemberg', 'area': ['Deutschland', 'Baden-Württemberg', 'Freiburg im Breisgau']}",Duales Studium Data Science und Künstliche Intelligenz (B.Sc.) (m/w/d),"Deine Aufgaben: Studierenden der Komm.ONE werden fundierte Kenntnisse im Bereich der Betriebswirtschaftslehre und Informatik vermittelt. Beispiele für die vielfältigen Einsatzgebiete von Wirtschaftsinformatikern sind die Entwicklung moderner Informationssysteme, die Optimierung komplexer Geschäftsprozesse oder die Leitung interner oder externer Projekte. Um die Komm.ONE kennen zu lernen und erste Kontakte zu knüpfen, beginnst du bei uns im Betrieb mit einem Vorpraktikum bereits zum 1. September…",https://www.adzuna.de/land/ad/5813864350?se=ho1TSSeP8RGGDr7w4nqLLQ&utm_medium=api&utm_source=a4bcf954&v=3E53C66DF757775099A42CF46B6C4A01BF6C1B85,5813864350,Adzuna::API::Response::Job,"{'__CLASS__': 'Adzuna::API::Response::Category', 'tag': 'part-time-jobs', 'label': 'Teilzeitstellen'}",eyJhbGciOiJIUzI1NiJ9.eyJpIjoiNTgxMzg2NDM1MCIsInMiOiJobzFUU1NlUDhSR0dEcjd3NG5xTExRIn0.sYp1gpSOE57L3GjU0D-uWsCnIfde6hCEiV6rqIyF6RM,2026-07-24T15:12:04Z,"{'display_name': 'Komm.ONE AöR', '__CLASS__': 'Adzuna::API::Response::Company'}",,,,
51.504967,7.464954,0,"{'__CLASS__': 'Adzuna::API::Response::Location', 'area': ['Deutschland', 'Nordrhein-Westfalen', 'Dortmund'], 'display_name': 'Dortmund, Nordrhein-Westfalen'}",Head of AI & Data Science (m/w/d),"Head of AI & Data Science: Tragen Sie dazu bei, Wunden zu heilen, Innovationen zu fördern und Wachstum zu gestalten! Schwer heilende Wunden sind eine enorme Belastung für Patienten, Angehörige und Behandelnde. Machen Sie durch Ihr gestalterisches Mitwirken einen signifikanten Unterschied. Wir entwickeln Produkte und Services, um Wunden bezahlbar zu heilen. Als wachsendes, zukunftsorientiertes inhabergeführtes Familienunternehmen investieren und arbeiten wir mit langfristiger Perspektive statt m…",https://www.adzuna.de/land/ad/5810579233?se=ho1TSSeP8RGGDr7w4nqLLQ&utm_medium=api&utm_source=a4bcf954&v=E5CB564F625F7AC343A646D91B42342134CC24FB,5810579233,Adzuna::API::Response::Job,"{'label': 'Sonstige/Allgemeine Stellen', '__CLASS__': 'Adzuna::API::Response::Category', 'tag': 'other-general-jobs'}",eyJhbGciOiJIUzI1NiJ9.eyJzIjoiaG8xVFNTZVA4UkdHRHI3dzRucUxMUSIsImkiOiI1ODEwNTc5MjMzIn0.gxJNCMiQaaUtZADz230x_uEN_wMHmHn8un6b6s4aMQI,2026-07-22T10:33:42Z,"{'__CLASS__': 'Adzuna::API::Response::Company', 'display_name': 'Dr. Ausbüttel GmbH & Co. KG'}",,,,
51.936827,8.408252,0,"{'display_name': 'Gütersloh, Gütersloh (Kreis)', 'area': ['Deutschland', 'Nordrhein-Westfalen', 'Gütersloh (Kreis)', 'Gütersloh'], '__CLASS__': 'Adzuna::API::Response::Location'}",Praktikant:in (m/w/d) für unser Projekt Daten für die Gesellschaft,Die Lösung gesellschaftspolitischer Aufgaben erfordert Mut und Kreativität. Überzeugen Sie uns von beidem. Wir über uns Die Bertelsmann Stiftung ist eine der größten operativen Stiftungen in Europa. Als gemeinnützige Organisation engagieren wir uns in der Tradition unseres Gründers Reinhard Mohn für eine zukunftsfähige Gesellschaft. Gesellschaftliche Herausforderungen sind komplex und bedürfen zur Lösung einer qualitativ hochwertigen Datenbasis. Die mangelnde Verfügbarkeit von (offenen) Daten f…,https://www.adzuna.de/land/ad/5808928612?se=ho1TSSeP8RGGDr7w4nqLLQ&utm_medium=api&utm_source=a4bcf954&v=8A01A89B5F704783245FBEB40F69F230571027D7,5808928612,Adzuna::API::Response::Job,"{'label': 'Unknown', 'tag': 'unknown', '__CLASS__': 'Adzuna::API::Response::Category'}",eyJhbGciOiJIUzI1NiJ9.eyJpIjoiNTgwODkyODYxMiIsInMiOiJobzFUU1NlUDhSR0dEcjd3NG5xTExRIn0.43J1Agn0HAr3E8vcB0sD8fiXB0zlBovo5tNO_ixK_Bw,2026-07-21T09:36:19Z,"{'display_name': 'Bertelsmann Stiftung', '__CLASS__': 'Adzuna::API::Response::Company'}",,,,
49.18975,9.2274,0,"{'display_name': 'Neckarsulm, Heilbronn (Kreis)', 'area': ['Deutschland', 'Baden-Württemberg', 'Heilbronn (Kreis)', 'Neckarsulm'], '__CLASS__': 'Adzuna::API::Response::Location'}",Projektleiter Energiemarktprognosen (m/w/d),"Dein (Master)Studium in Energiewirtschaft, Data Science, Wirtschaftsingenieurwesen oder einem vergleichbaren Studiengang ist deine Basis – dein Wissensdurst ist dein Antrieb! Du kennst die Energiewelt und fühlst dich im Bilanzkreis-Management oder im Energiehandel zu Hause. Du weißt, wie wichtig präzise Verbrauchsprognosen für den Markterfolg sind. Du liebst es, tief in große Datenmengen einzutauchen, Strukturen in Datenbanken zu erkennen und daraus wertvolle Schlüsse für den energiewirtschaftl…",https://www.adzuna.de/land/ad/5742785872?se=ho1TSSeP8RGGDr7w4nqLLQ&utm_medium=api&utm_source=a4bcf954&v=E7170B9BCB3B324C6E8B65741C857494B42F81EA,5742785872,Adzuna::API::Response::Job,"{'label': 'Beraterstellen', '__CLASS__': 'Adzuna::API::Response::Category', 'tag': 'consultancy-jobs'}",eyJhbGciOiJIUzI1NiJ9.eyJzIjoiaG8xVFNTZVA4UkdHRHI3dzRucUxMUSIsImkiOiI1NzQyNzg1ODcyIn0.C6TvBpbRdapwHtvJ6hvVJ1wScV-eHJPkPmAVmffl3RU,2026-05-28T02:04:13Z,"{'display_name': 'Schwarz Corporate Solutions', '__CLASS__': 'Adzuna::API::Response::Company'}",,,,
51.955292,7.621504,0,"{'display_name': 'Münster, Nordrhein-Westfalen', 'area': ['Deutschland', 'Nordrhein-Westfalen', 'Münster'], '__CLASS__': 'Adzuna::API::Response::Location'}",Fullstack Fabric Engineer (m/w/d),"Wir sind FIEGE. Ein Familienunternehmen, das innovative Geschäftsmodelle in den Bereichen Logistik, Digital, Real Estate und Ventures vorantreibt - und das seit über 150 Jahren. Als Innovationsführer in der Branche beschäftigen wir bei FIEGE mehr als 22.000 Mitarbeitende an rund 136 Standorten in 14 Ländern. Unsere Unternehmenskultur und der FIEGE-Erfolgsspirit machen uns einzigartig und verbinden alle unsere Kolleginnen und Kollegen. Denn wir leben familiäre Werte und ein respektvolles Miteina…",https://www.adzuna.de/land/ad/5816396744?se=ho1TSSeP8RGGDr7w4nqLLQ&utm_medium=api&utm_source=a4bcf954&v=7D6482BBDF2DC04CF749EB4005112CE7186FBBA2,5816396744,Adzuna::API::Response::Job,"{'label': 'IT-Stellen', '__CLASS__': 'Adzuna::API::Response::Category', 'tag': 'it-jobs'}",eyJhbGciOiJIUzI1NiJ9.eyJzIjoiaG8xVFNTZVA4UkdHRHI3dzRucUxMUSIsImkiOiI1ODE2Mzk2NzQ0In0.MBTzajyzK2jEzWjgTFFhdscR4L6eG5IbWwbAOPMCi9s,2026-07-26T11:33:32Z,"{'__CLASS__': 'Adzuna::API::Response::Company', 'display_name': 'FIEGE Logistik Stiftung & Co. KG'}",,,,
48.0962,9.78975,0,"{'__CLASS__': 'Adzuna::API::Response::Location', 'display_name': 'Biberach an der Riß, Biberach (Kreis)', 'area': ['Deutschland', 'Baden-Württemberg', 'Biberach (Kreis)', 'Biberach an der Riß']}",Duales Studium B. Sc. Data Science und Künstliche Intelligenz in Biberach 2027,"Die Stelle Bewirb Dich jetzt für den Start im September 2027! Du findest Informatik in Kombination mit Künstlicher Intelligenz spannend und interessierst Dich für Machine Learning. Du interessierst Dich für Datenmengen - Verarbeitung und Entwicklung von Verfahren der Künstlichen Intelligenz? Dann sind diese guten Voraussetzungen für ein Duales Studium in Data Science und Künstliche Intelligenz. Bei uns hast Du die Möglichkeit dein Wissen, das Du an der Dualen Hochschule Ravensburg / Friedrichsh…",https://www.adzuna.de/details/5784675090?utm_medium=api&utm_source=a4bcf954,5784675090,Adzuna::API::Response::Job,"{'__CLASS__': 'Adzuna::API::Response::Category', 'tag': 'unknown', 'label': 'Unknown'}",eyJhbGciOiJIUzI1NiJ9.eyJpIjoiNTc4NDY3NTA5MCIsInMiOiJobzFUU1NlUDhSR0dEcjd3NG5xTExRIn0.lOC7MhyUwS3vMXp1xADoRXR8EIPHA8PEbTxnKmY53E8,2026-07-02T02:48:54Z,"{'__CLASS__': 'Adzuna::API::Response::Company', 'display_name': 'Boehringer Ingelheim GmbH'}",,,,
50.804953,8.78967,0,"{'display_name': 'Marburg, Marburg-Biedenkopf (Kreis)', 'area': ['Deutschland', 'Hessen', 'Marburg-Biedenkopf (Kreis)', 'Marburg'], '__CLASS__': 'Adzuna::API::Response::Location'}",Duales Studium 2027 - Softwaretechnologie - FR Data Science (m/f/d),"Wir sind eines der größten Impfstoffunternehmen der Welt und produzieren Impfstoffe, die Menschen in allen Lebensphasen schützen. In unserer Forschung und Entwicklung konzentrieren wir uns auf die Entwicklung von Impfstoffen gegen Infektionskrankheiten, die einen hohen medizinischen Bedarf und ein großes Marktpotenzial aufweisen. Unser Impfstoffgeschäft verfügt über ein Portfolio von mehr als 20 Impfstoffen, die Menschen ein Leben lang vor einer Menge von Krankheiten schützen. Wir liefern diese…",https://www.adzuna.de/details/5784675099?utm_medium=api&utm_source=a4bcf954,5784675099,Adzuna::API::Response::Job,"{'label': 'Unknown', 'tag': 'unknown', '__CLASS__': 'Adzuna::API::Response::Category'}",eyJhbGciOiJIUzI1NiJ9.eyJzIjoiaG8xVFNTZVA4UkdHRHI3dzRucUxMUSIsImkiOiI1Nzg0Njc1MDk5In0.SqSLOiQuGbGTnyJvfLkjdyRc_RGOoVSIKHnlAe4dwA8,2026-07-02T02:48:54Z,{'__CLASS__': 'Adzuna::API::Response::Company'},,,,
52.378818,9.742751,0,"{'display_name': 'Hannover, Region Hannover (Kreis)', 'area': ['Deutschland', 'Niedersachsen', 'Region Hannover (Kreis)', 'Hannover'], '__CLASS__': 'Adzuna::API::Response::Location'}",Semantic Data Architekt (m/w/d),"Als Deutsche Zentrale Fachbibliothek für Technik und Naturwissenschaften sichern wir mit unseren zukunftsweisenden Dienstleistungen die infrastrukturellen Voraussetzungen einer qualitativ hochwertigen Informations- und Literaturversorgung für Forschung in Wissenschaft und Industrie. Mit dem Open Research Knowledge Graph (ORKG) arbeiten wir daran, den Austausch und die Nutzung wissenschaftlicher Erkenntnisse im digitalen Zeitalter zu revolutionieren. Die Technische Informationsbibliothek (TIB), …",https://www.adzuna.de/land/ad/5775733660?se=ho1TSSeP8RGGDr7w4nqLLQ&utm_medium=api&utm_source=a4bcf954&v=596481C6CE0B9E67623CCFDCCD84BBF590B259BF,5775733660,Adzuna::API::Response::Job,"{'label': 'Unknown', '__CLASS__': 'Adzuna::API::Response::Category', 'tag': 'unknown'}",eyJhbGciOiJIUzI1NiJ9.eyJzIjoiaG8xVFNTZVA4UkdHRHI3dzRucUxMUSIsImkiOiI1Nzc1NzMzNjYwIn0.PVFNw5MBNSLW-Hi0hBlDhwpAlimVw36IiUfwM1iBP7w,2026-06-25T06:23:32Z,"{'display_name': 'Technische Informationsbibliothek ', '__CLASS__': 'Adzuna::API::Response::Company'}",,,,
,,0,"{'__CLASS__': 'Adzuna::API::Response::Location', 'area': ['Deutschland'], 'display_name': 'Deutschland'}",Cyber Security Architect – AI Security (m/w/d),"Als eines der führenden Systemhäuser in Deutschland bieten wir Ihnen vielfältige Möglichkeiten in einem spannenden Berufsumfeld und einer wachsenden Branche Ihre berufliche Heimat zu finden. Bei uns haben Sie den Freiraum, innovative Lösungen zu entwickeln, die schon heute in die Zukunft reichen und sich langfristig bewähren. Verstärken Sie unser Team als Cyber Security Architect – AI Security an einem unserer Standorte deutschlandweit . Ob Architektur, Forensik oder Cloud – unser Cyber-Securit…",https://www.adzuna.de/land/ad/5803993391?se=ho1TSSeP8RGGDr7w4nqLLQ&utm_medium=api&utm_source=a4bcf954&v=D5E2BE48BCD6C7EF6377046AFFD5FC0EF2F5F344,5803993391,Adzuna::API::Response::Job,"{'__CLASS__': 'Adzuna::API::Response::Category', 'tag': 'unknown', 'label': 'Unknown'}",eyJhbGciOiJIUzI1NiJ9.eyJzIjoiaG8xVFNTZVA4UkdHRHI3dzRucUxMUSIsImkiOiI1ODAzOTkzMzkxIn0.3IGdntT3R3DaB8qlen5aoUFXsABPZ6rVWQI4LAXrun0,2026-07-17T01:35:11Z,"{'display_name': 'SVA System Vertrieb Alexander GmbH', '__CLASS__': 'Adzuna::API::Response::Company'}",,,,
48.776198,9.187224,0,"{'display_name': 'Stuttgart, Baden-Württemberg', 'area': ['Deutschland', 'Baden-Württemberg', 'Stuttgart'], '__CLASS__': 'Adzuna::API::Response::Location'}",Praktikant (w/m/d) Digitalisierung & IoT mit Fokus Immobilien,"Wir stehen jeden Morgen dafür auf, eine lebenswerte Zukunft für nachfolgende Generationen zu schaffen. Je nach Projekt sind wir Berater, Umsetzer – oder beides – nachhaltiger, innovativer und wirtschaftlicher Lösungen für Immobilien, Industrie, Energie und Infrastruktur. In interdisziplinären Teams unterstützen unsere über 6.500 Mitarbeitenden an mehr als 80 Standorten weltweit unsere Kunden. Wir denken visionär und realistisch. Wir arbeiten eigenständig und im Team. Mit Leidenschaft und modern…",https://www.adzuna.de/land/ad/5826253080?se=ho1TSSeP8RGGDr7w4nqLLQ&utm_medium=api&utm_source=a4bcf954&v=C4633EA03F23F45C32D15852DE4750961FBFD43F,5826253080,Adzuna::API::Response::Job,"{'__CLASS__': 'Adzuna::API::Response::Category', 'tag': 'property-jobs', 'label': 'Immobilienstellen'}",eyJhbGciOiJIUzI1NiJ9.eyJzIjoiaG8xVFNTZVA4UkdHRHI3dzRucUxMUSIsImkiOiI1ODI2MjUzMDgwIn0.RxICQ9F8iOCioVF8IxX5bfvaJOlZEIMS6gbL-SiS1MI,2026-08-03T03:50:23Z,"{'__CLASS__': 'Adzuna::API::Response::Company', 'display_name': 'Drees & Sommer SE'}",,,,
52.507706,13.420806,0,"{'area': ['Deutschland', 'Berlin'], 'display_name': 'Berlin, Deutschland', '__CLASS__': 'Adzuna::API::Response::Location'}",Head of Pricing (m/f/x),"We are looking for a Head of Pricing who will own the function with the most direct and immediate impact on our margin. In a two-sided marketplace where we set prices on both what we pay for supply and what we charge buyers, every pricing decision affects customer trust, working capital and inventory velocity, and is thus a primary commercial lever. This is a senior commercial role that will have a margin target, direct access to leadership (reporting to the Chief Commercial Officer), and the m…",https://www.adzuna.de/land/ad/5815124222?se=ho1TSSeP8RGGDr7w4nqLLQ&utm_medium=api&utm_source=a4bcf954&v=CC176B33D4FF2F0AEDF0C1E35C5B984F2A16C754,5815124222,Adzuna::API::Response::Job,"{'__CLASS__': 'Adzuna::API::Response::Category', 'tag': 'unknown', 'label': 'Unknown'}",eyJhbGciOiJIUzI1NiJ9.eyJzIjoiaG8xVFNTZVA4UkdHRHI3dzRucUxMUSIsImkiOiI1ODE1MTI0MjIyIn0.UXrz-aooofUaEeA-udcNwBUfFOK2wf8oj1fl3BYvYjM,2026-07-25T11:09:21Z,"{'__CLASS__': 'Adzuna::API::Response::Company', 'display_name': 'Rebuy Recommerce GmbH'}",,,,
52.378818,9.742751,0,"{'__CLASS__': 'Adzuna::API::Response::Location', 'display_name': 'Hannover, Region Hannover (Kreis)', 'area': ['Deutschland', 'Niedersachsen', 'Region Hannover (Kreis)', 'Hannover']}",Dev/MLOps Engineer (m/w/d),Die TIB ist eine Stiftung öffentlichen Rechts des Landes Niedersachsen. Mit rund 600 Beschäftigten und einem Etat von circa 60 Millionen Euro ist sie eine der größten Informationsinfrastruktureinrichtungen in Deutschland. Als Deutsche Zentrale Fachbibliothek für Technik und Naturwissenschaften sichern wir mit unseren zukunftsweisenden Dienstleistungen die infrastrukturellen Voraussetzungen einer qualitativ hochwertigen Informations- und Literaturversorgung für Forschung in Wissenschaft und Indu…,https://www.adzuna.de/land/ad/5811915023?se=ho1TSSeP8RGGDr7w4nqLLQ&utm_medium=api&utm_source=a4bcf954&v=443B8B2B07C5218F0A700A965A5C2B3D7D27E682,5811915023,Adzuna::API::Response::Job,"{'label': 'IT-Stellen', '__CLASS__': 'Adzuna::API::Response::Category', 'tag': 'it-jobs'}",eyJhbGciOiJIUzI1NiJ9.eyJzIjoiaG8xVFNTZVA4UkdHRHI3dzRucUxMUSIsImkiOiI1ODExOTE1MDIzIn0.3lzzCdObiVDzVp1uQm3Pi6RKfzaOCmyZauu8ygGEN-E,2026-07-23T07:20:18Z,"{'__CLASS__': 'Adzuna::API::Response::Company', 'display_name': 'Technische Informationsbibliothek '}",,,,
49.50109,8.30861,0,"{'area': ['Deutschland', 'Rheinland-Pfalz', 'Ludwigshafen am Rhein', 'Friesenheim/Nord'], 'display_name': 'Friesenheim/Nord, Ludwigshafen am Rhein', '__CLASS__': 'Adzuna::API::Response::Location'}",Duales Studium (B.Sc.) - Data Science und Künstliche Intelligenz (m/w/d),"ÜBER UNS Wir bei BASF Digital Solutions machen die Digitalisierung der BASF möglich. Als deutsche Gruppengesellschaft der BASF mit Sitz in Ludwigshafen und Standorten wie Madrid, Schwarzheide beschäftigt die BASF Digital Solutions GmbH rund 1.700 Mitarbeiter. Digitalisierung ist einer der Schwerpunkte der neuen Unternehmensstrategie von BASF. In agilen Teams wollen wir neue digitale Lösungen einführen, die für unseren Kunden einen klaren Mehrwert darstellen. Alle relevanten Informationen zu dei…",https://www.adzuna.de/land/ad/5809712345?se=ho1TSSeP8RGGDr7w4nqLLQ&utm_medium=api&utm_source=a4bcf954&v=3C5228B220FE514E15E3F8F4F2BCB49B81EA1B4D,5809712345,Adzuna::API::Response::Job,"{'tag': 'part-time-jobs', '__CLASS__': 'Adzuna::API::Response::Category', 'label': 'Teilzeitstellen'}",eyJhbGciOiJIUzI1NiJ9.eyJzIjoiaG8xVFNTZVA4UkdHRHI3dzRucUxMUSIsImkiOiI1ODA5NzEyMzQ1In0.5MDE_hrPQhZSeGKWIA8Ub21_gUl_sc9nBCrV1kh6aac,2026-07-21T22:58:51Z,"{'display_name': 'BASF', '__CLASS__': 'Adzuna::API::Response::Company'}",,,,
48.14093,11.56907,0,"{'__CLASS__': 'Adzuna::API::Response::Location', 'display_name': 'Altstadt-Lehel, München', 'area': ['Deutschland', 'Bayern', 'München (Kreis)', 'München', 'Altstadt-Lehel']}",Hochschule München: Duales Studium Data Science und Scientific Computing (B.Sc.) 2027,"Wir alle haben als Kinder davon geträumt, Großes zu bewirken – ob als gute Feen, Stars im Rampenlicht oder Weltraumreisende im All. Höchste Zeit, dass diese Träume wahr werden! Dein Traumschiff? Die BayernLB! Bei uns steuern wir einer blühenden Zukunft entgegen und kämpfen als Fortschrittsfinanzierer für die Welt von morgen. Unsere Feenflügel und Raumanzüge haben wir abgelegt. Nicht aber unsere Ziele. Denen sind wir näher denn je. Als Spezialbank fokussieren wir uns auf ausgesuchte Zukunftssekt…",https://www.adzuna.de/land/ad/5809663975?se=ho1TSSeP8RGGDr7w4nqLLQ&utm_medium=api&utm_source=a4bcf954&v=8F98C12C0A71041C93EAC4F797E4696C686B411D,5809663975,Adzuna::API::Response::Job,"{'label': 'Teilzeitstellen', '__CLASS__': 'Adzuna::API::Response::Category', 'tag': 'part-time-jobs'}",eyJhbGciOiJIUzI1NiJ9.eyJzIjoiaG8xVFNTZVA4UkdHRHI3dzRucUxMUSIsImkiOiI1ODA5NjYzOTc1In0.6YmIrectOWOsQ010G2g9_PKzJ7_znb_NM1gVgC2Veuc,2026-07-21T22:51:09Z,"{'__CLASS__': 'Adzuna::API::Response::Company', 'display_name': 'Bayerische Landesbank '}",,,,
52.378818,9.742751,0,"{'__CLASS__': 'Adzuna::API::Response::Location', 'area': ['Deutschland', 'Niedersachsen', 'Region Hannover (Kreis)', 'Hannover'], 'display_name': 'Hannover, Region Hannover (Kreis)'}",Duales Studium Business Data Analytics (M.Sc.) mit Schwerpunkt KI - Einstieg Data Science,"Deine Aufgaben Du möchtest nicht nur Daten analysieren, sondern verstehen, wie aus Daten wertvolle Erkenntnisse entstehen, die die digitale Zukunft der HDI Group gestalten? Die 21-monatige IT-Ausbildung kombiniert praktische Arbeit im Bereich Data Science mit theoretischem Wissen, das Du im Studiengang Business Data Analytics mit Schwerpunkt KI an der FHDW in Hannover erwirbst. Du arbeitest an spannenden Projekten rund um AI, GenAI, Machine Learning, und Cloud-Services. Du entwickelst Lösungen,…",https://www.adzuna.de/land/ad/5750354685?se=ho1TSSeP8RGGDr7w4nqLLQ&utm_medium=api&utm_source=a4bcf954&v=39F93B861DD047CB54862321D0BC487CCA6F0BA4,5750354685,Adzuna::API::Response::Job,"{'label': 'Teilzeitstellen', '__CLASS__': 'Adzuna::API::Response::Category', 'tag': 'part-time-jobs'}",eyJhbGciOiJIUzI1NiJ9.eyJpIjoiNTc1MDM1NDY4NSIsInMiOiJobzFUU1NlUDhSR0dEcjd3NG5xTExRIn0.5tD6A2Yojza-52kuEjCxrg-2ZUKSPUmRQEF1eUVE5l4,2026-06-03T11:33:01Z,"{'__CLASS__': 'Adzuna::API::Response::Company', 'display_name': 'HDI AG'}",,,,
,,0,"{'__CLASS__': 'Adzuna::API::Response::Location', 'display_name': 'Deutschland', 'area': ['Deutschland']}",Duales Studium Data Science und Künstliche Inteligenzen B.Sc. 2027 (m/w/d),"Starte mit Viessmann Climate Solutions in dein dualesstudium. Du studierst in Mannheim und arbeitest zum Großteil in unserem EU-Headquarter in Allendorf (Eder). Während des Dualen Studiums im Studiengang Data Science und Künstliche Intelligenz analysierst und interpretierst du große Datenmengen, um daraus wertvolles Wissen zu gewinnen. Du entwickelst intelligente, KI-basierte Anwendungen und optimierst damit Prozesse. Diese Kompetenzen machen dich zu einer gefragten Expertin oder einem gefragte…",https://www.adzuna.de/land/ad/5793494224?se=ho1TSSeP8RGGDr7w4nqLLQ&utm_medium=api&utm_source=a4bcf954&v=70924A227E063BA07F75004A8CE597F09B7830DF,5793494224,Adzuna::API::Response::Job,"{'label': 'Teilzeitstellen', 'tag': 'part-time-jobs', '__CLASS__': 'Adzuna::API::Response::Category'}",eyJhbGciOiJIUzI1NiJ9.eyJpIjoiNTc5MzQ5NDIyNCIsInMiOiJobzFUU1NlUDhSR0dEcjd3NG5xTExRIn0.67zzz0Phz_z_x-HBmPNYOkLg8uxWG_rAAbQmRRmwhIs,2026-07-09T02:54:13Z,"{'display_name': 'Viessmann Climate Solutions', '__CLASS__': 'Adzuna::API::Response::Company'}",,,,
49.001249,8.412378,0,"{'__CLASS__': 'Adzuna::API::Response::Location', 'display_name': 'Karlsruhe, Karlsruhe (Kreis)', 'area': ['Deutschland', 'Baden-Württemberg', 'Karlsruhe (Kreis)', 'Karlsruhe']}",Bachelor of Science (m/w/d) â Data Science und Künstliche Intelligenz 2026,"Darauf kannst du dich freuen: Wechsel zwischen Theoriephasen an der DHBW Karlsruhe und Praxiseinsätzen bei uns im Unternehmen Mitarbeit in spannenden Projekten mit direktem Bezug zur Praxis Einblicke in verschiedene Unternehmensbereiche und interdisziplinäre Zusammenarbeit Moderne Arbeitsumgebung, offene Unternehmenskultur und individuelle Betreuung Sehr gute Entwicklungschancen nach deinem Studium Einführungsmonat/Vorpraktikum bereits vor dem 1.10. Rotationsplan mit Wunsch-Stationen (deine per…",https://www.adzuna.de/land/ad/5750383006?se=ho1TSSeP8RGGDr7w4nqLLQ&utm_medium=api&utm_source=a4bcf954&v=7E7AD6C30237192E5985785B15D37062E1183FCF,5750383006,Adzuna::API::Response::Job,"{'label': 'Teilzeitstellen', 'tag': 'part-time-jobs', '__CLASS__': 'Adzuna::API::Response::Category'}",eyJhbGciOiJIUzI1NiJ9.eyJzIjoiaG8xVFNTZVA4UkdHRHI3dzRucUxMUSIsImkiOiI1NzUwMzgzMDA2In0.lBdR5FUGqBEy2M703JCfluAIElwHRnkhkj4mLMbiRhI,2026-06-03T11:37:34Z,"{'__CLASS__': 'Adzuna::API::Response::Company', 'display_name': 'BGV-Versicherung AG'}",,,,
49.022981,12.112321,0,"{'area': ['Deutschland', 'Bayern', 'Regensburg (Kreis)', 'Regensburg'], 'display_name': 'Regensburg, Regensburg (Kreis)', '__CLASS__': 'Adzuna::API::Response::Location'}",Duales Studium - B. Sc. Künstliche Intelligenz / Data Science 2027 (w/m/d),"WeAreIn to create tiny chips and big careers. Theorie allein reicht Dir nicht? Im Dualen Studium bei Infineon verbindest Du Theorie und Praxis. Du arbeitest an echten Projekten, lernst von Expert*innen und machst aus Deiner Leidenschaft eine Karriere mit Sinn. Are you in? Deine Rolle Haupttätigkeiten Praxis: Während Deines Studiums mit Start zum 01.09.2027 lernst Du praxisnah am Standort Regensburg Theorie: Den theoretischen Input erhältst Du an der der Ostbayerischen Technischen Hochschule Reg…",https://www.adzuna.de/land/ad/5810893427?se=ho1TSSeP8RGGDr7w4nqLLQ&utm_medium=api&utm_source=a4bcf954&v=3A8CF232D4B6E5155291B7D14D78BBDEB290EBA1,5810893427,Adzuna::API::Response::Job,"{'tag': 'part-time-jobs', '__CLASS__': 'Adzuna::API::Response::Category', 'label': 'Teilzeitstellen'}",eyJhbGciOiJIUzI1NiJ9.eyJzIjoiaG8xVFNTZVA4UkdHRHI3dzRucUxMUSIsImkiOiI1ODEwODkzNDI3In0.HrHAcwZvvDpMxZJHVcUXPbr3OGJafWLWFEG5sFo7bxk,2026-07-22T15:01:11Z,"{'__CLASS__': 'Adzuna::API::Response::Company', 'display_name': 'Infineon Technologies AG'}",,,,
48.42392,7.94837,0,"{'area': ['Deutschland', 'Baden-Württemberg', 'Ortenaukreis', 'Offenburg'], 'display_name': 'Offenburg, Ortenaukreis', '__CLASS__': 'Adzuna::API::Response::Location'}",Power Platform Engineer (m/w/d),"Gestalte die Zukunft der Automatisierung als Aufgaben Du begleitest den Aufbau eines Kompetenzzentrums (CoE) für die Microsoft Power Platform und gestaltest dessen technische Ausrichtung von Beginn an aktiv mit. Du konzipierst und realisierst erste Automatisierungslösungen und Apps mit Power Automate und Power Apps, um den Mehrwert der Plattform im Unternehmen aufzuzeigen. Du definierst und implementierst gemeinsam mit dem CoE-Core-Team Governance-Strukturen und Prozesse (z. B. Richtlinien, Ent…",https://www.adzuna.de/land/ad/5821140812?se=ho1TSSeP8RGGDr7w4nqLLQ&utm_medium=api&utm_source=a4bcf954&v=F7BC5713F1C2C1187D1E148CDB6C5AE84B6FF72A,5821140812,Adzuna::API::Response::Job,"{'tag': 'unknown', '__CLASS__': 'Adzuna::API::Response::Category', 'label': 'Unknown'}",eyJhbGciOiJIUzI1NiJ9.eyJpIjoiNTgyMTE0MDgxMiIsInMiOiJobzFUU1NlUDhSR0dEcjd3NG5xTExRIn0.EA-UYJrSfksoCJjFTp6KnAGl3mkPJ7sc7oFkajop-Jk,2026-07-30T15:46:34Z,"{'display_name': 'Markant Gruppe', '__CLASS__': 'Adzuna::API::Response::Company'}",,,,
50.71942,7.112412,0,"{'__CLASS__': 'Adzuna::API::Response::Location', 'display_name': 'Bonn, Nordrhein-Westfalen', 'area': ['Deutschland', 'Nordrhein-Westfalen', 'Bonn']}",Senior Specialist (m/w/d) Scientific IT,"Senior Specialist (m/w/d) Scientific IT Code: 1558/2026/7 in Vollzeit, auf zwei Jahre befristet, mit Option auf Entfristung Standort: Bonn Das Deutsche Zentrum für Neurodegenerative Erkrankungen (DZNE) ist ein weltweit führendes, international ausgerichtetes Forschungszentrum, das sich der Entdeckung neuer Ansätze zur Prävention und Behandlung neurodegenerativer Erkrankungen verschrieben hat. Aufgaben Sie unterstützen den Team Lead bei der Umsetzung der KI‑Strategie und übernehmen die operative…",https://www.adzuna.de/land/ad/5807089091?se=ho1TSSeP8RGGDr7w4nqLLQ&utm_medium=api&utm_source=a4bcf954&v=72838A46178A73315838B55940F58907F9D2EC39,5807089091,Adzuna::API::Response::Job,"{'__CLASS__': 'Adzuna::API::Response::Category', 'tag': 'unknown', 'label': 'Unknown'}",eyJhbGciOiJIUzI1NiJ9.eyJzIjoiaG8xVFNTZVA4UkdHRHI3dzRucUxMUSIsImkiOiI1ODA3MDg5MDkxIn0.CFCrscGwDovtIgjHZv_oFHCMp9bd50y2rWVPE8VVkAM,2026-07-19T12:17:11Z,"{'__CLASS__': 'Adzuna::API::Response::Company', 'display_name': 'Deutsches Zentrum für Neurodegenerative Erkrankungen e.V. '}",,,,
50.977166,11.034353,0,"{'__CLASS__': 'Adzuna::API::Response::Location', 'display_name': 'Erfurt, Erfurt (Kreis)', 'area': ['Deutschland', 'Thüringen', 'Erfurt (Kreis)', 'Erfurt']}",Referent (m/w/d) Data Governance,"Mit Ihrem Know-how und Ihren Ideen gestalten Sie die Digitalisierung des Freistaats Thüringen aktiv mit. Sie denken lösungsorientiert, arbeiten strukturiert und behalten auch in komplexen Situationen den Überblick? Dann sind Sie beim Thüringer Landesrechenzentrum genau richtig. Gemeinsam mit dem Thüringer Ministerium für Digitales und Infrastruktur treiben wir die Digitalisierung der Thüringer Landesverwaltung aktiv voran. Wir suchen Sie zum nächstmöglichen Zeitpunkt für das Thüringer Ministeri…",https://www.adzuna.de/land/ad/5818320689?se=ho1TSSeP8RGGDr7w4nqLLQ&utm_medium=api&utm_source=a4bcf954&v=3A786D26917A933415E37499B090FB9835F4B877,5818320689,Adzuna::API::Response::Job,"{'label': 'Unknown', '__CLASS__': 'Adzuna::API::Response::Category', 'tag': 'unknown'}",eyJhbGciOiJIUzI1NiJ9.eyJpIjoiNTgxODMyMDY4OSIsInMiOiJobzFUU1NlUDhSR0dEcjd3NG5xTExRIn0._q4PrjI_rgsPcQjGGKVFr_sFOQ7ELL0sXHw0fplh5vc,2026-07-28T13:34:19Z,"{'__CLASS__': 'Adzuna::API::Response::Company', 'display_name': 'Thüringer Landesrechenzentrum'}",,,,
49.577521,10.984506,0,"{'display_name': 'Erlangen, Bayern', 'area': ['Deutschland', 'Bayern', 'Erlangen'], '__CLASS__': 'Adzuna::API::Response::Location'}",Working Student (f/m/d) - Cloud SaaS Sales Operations & Data Science,Working Student (f/m/d) - Cloud SaaS Sales Operations & Data Science Siemens Digital Industries Software is not a manufacturing company. We are a growing software company - bringing the technologies and innovations of tomorrow to our customers today. The role you apply for today is only the first step in your Siemens journey. Join our team as Working Student (f/m/d) - Cloud SaaS Sales Operations & Data Science in Erlangen or München and help us digitalize the future. What role will you play? Yo…,https://www.adzuna.de/details/5814251236?utm_medium=api&utm_source=a4bcf954,5814251236,Adzuna::API::Response::Job,"{'label': 'IT-Stellen', 'tag': 'it-jobs', '__CLASS__': 'Adzuna::API::Response::Category'}",eyJhbGciOiJIUzI1NiJ9.eyJpIjoiNTgxNDI1MTIzNiIsInMiOiJobzFUU1NlUDhSR0dEcjd3NG5xTExRIn0.P8Jl6GRjg5n9qcL0Uwplt8_4fEjoSGxPS4BgMsptloA,2026-07-24T21:46:36Z,"{'display_name': 'Digital Industries', '__CLASS__': 'Adzuna::API::Response::Company'}",,,,
48.137418,11.555737,0,"{'area': ['Deutschland', 'Bayern', 'München (Kreis)', 'München'], 'display_name': 'München, München (Kreis)', '__CLASS__': 'Adzuna::API::Response::Location'}",Security Architect - AI (f/m/x),"Step out of your comfort zone, excel and redefine the limits of what is possible. That's just what our employees are doing every single day – in order to set the pace through our innovations and enable outstanding achievements. After all, behind every successful company are many great fascinating people. In a spacious modern setting full of opportunities for further development, ZEISS employees work in a place where expert knowledge and team spirit reign supreme. All of this is supported by a s…",https://www.adzuna.de/land/ad/5822114670?se=ho1TSSeP8RGGDr7w4nqLLQ&utm_medium=api&utm_source=a4bcf954&v=7AF1FD061043AF72984ACE9463C48BBBF5B8D6D7,5822114670,Adzuna::API::Response::Job,"{'tag': 'it-jobs', '__CLASS__': 'Adzuna::API::Response::Category', 'label': 'IT-Stellen'}",eyJhbGciOiJIUzI1NiJ9.eyJzIjoiaG8xVFNTZVA4UkdHRHI3dzRucUxMUSIsImkiOiI1ODIyMTE0NjcwIn0.dwGMRWiP00Tibs_w-JxkRf0CV8QyMc50j9QB36R0cI8,2026-07-31T09:47:35Z,"{'display_name': 'ZEISS', '__CLASS__': 'Adzuna::API::Response::Company'}",,,,
51.504967,7.464954,0,"{'display_name': 'Dortmund, Nordrhein-Westfalen', 'area': ['Deutschland', 'Nordrhein-Westfalen', 'Dortmund'], '__CLASS__': 'Adzuna::API::Response::Location'}",Wissenschaftlich Beschäftigte*r Virtual Machining (VM) in der Produktionstechnik (Zerspanung),"Die Technische Universität Dortmund ist eine dynamische forschungsorientierte Universität mit 17 Fakultäten in den Natur- und Ingenieurwissenschaften sowie Gesellschafts- und Kulturwissenschaften. Auf unserem internationalen Campus leisten rund 6.700 Beschäftigte täglich einen Beitrag, um drängende Fragen der Gegenwart und der Zukunft zu lösen. Offenheit und Vielfalt prägen nicht nur das Miteinander in Forschung und Lehre, sondern auch in Technik und Verwaltung. Wissenschaftlich Beschäftigte*r …",https://www.adzuna.de/land/ad/5825719114?se=ho1TSSeP8RGGDr7w4nqLLQ&utm_medium=api&utm_source=a4bcf954&v=DF1D825618B9A2C2F6D22A89C82052E9ED9CC1AB,5825719114,Adzuna::API::Response::Job,"{'label': 'Sonstige/Allgemeine Stellen', 'tag': 'other-general-jobs', '__CLASS__': 'Adzuna::API::Response::Category'}",eyJhbGciOiJIUzI1NiJ9.eyJzIjoiaG8xVFNTZVA4UkdHRHI3dzRucUxMUSIsImkiOiI1ODI1NzE5MTE0In0.N-4ahOA98YHhSV51KjVs8Gb-lEtwSmzo5ZMg1K1XK8s,2026-08-02T15:49:35Z,"{'__CLASS__': 'Adzuna::API::Response::Company', 'display_name': 'Technische Universität Dortmund'}",,,,
48.383137,9.856945,0,"{'display_name': 'Ulm, Baden-Württemberg', 'area': ['Deutschland', 'Baden-Württemberg', 'Ulm'], '__CLASS__': 'Adzuna::API::Response::Location'}",Werkstudent Data Engineering & Data Science (d/m/w/x),"Life is always about becoming… Im Leben geht es darum, sich auf eine Reise zu begeben, um die beste Version unseres zukünftigen Selbst zu werden. Während wir Neues entdecken, stellen wir uns Herausforderungen, meistern sie und wachsen über uns hinaus. Bewerben Sie sich bei Mercedes-Benz und finden Sie den Aufgabenbereich, in dem Sie Ihre Talente individuell entfalten können. Dabei werden Sie von visionären Kolleginnen und Kollegen unterstützt, die Ihren Pioniergeist teilen. Bei uns einzusteigen…",https://www.adzuna.de/land/ad/5819701369?se=ho1TSSeP8RGGDr7w4nqLLQ&utm_medium=api&utm_source=a4bcf954&v=34A1F87EA1810AD159FF18E476E0088C8CDF9061,5819701369,Adzuna::API::Response::Job,"{'tag': 'graduate-jobs', '__CLASS__': 'Adzuna::API::Response::Category', 'label': 'Stellen für Hochschulabsolventen'}",eyJhbGciOiJIUzI1NiJ9.eyJzIjoiaG8xVFNTZVA4UkdHRHI3dzRucUxMUSIsImkiOiI1ODE5NzAxMzY5In0.qzMsazl5VBPA2-BiZMh6jcBk8xl4NzDST80r_NnfU6E,2026-07-29T12:41:57Z,"{'__CLASS__': 'Adzuna::API::Response::Company', 'display_name': 'Mercedes-Benz Tech Innovation'}",,,,
51.02637,8.67311,0,"{'display_name': 'Battenberg (Eder), Waldeck-Frankenberg (Kreis)', 'area': ['Deutschland', 'Hessen', 'Waldeck-Frankenberg (Kreis)', 'Battenberg (Eder)'], '__CLASS__': 'Adzuna::API::Response::Location'}",Duales Studium Data Science und Künstliche Inteligenzen B.Sc. 2026 (m/w/d),"Während des Dualen Studiums im Studiengang Data Science und Künstliche Intelligenz analysierst und interpretierst du große Datenmengen, um daraus wertvolles Wissen zu gewinnen. Du entwickelst intelligente, KI-basierte Anwendungen und optimierst damit Prozesse. Diese Kompetenzen machen dich zu einer gefragten Expertin oder einem gefragten Experten an der Schnittstelle von Technologie und Wirtschaft. Was du lernst Entwicklung von KI-Modellen und intelligenten Anwendungen (z.B. Machine Learning, N…",https://www.adzuna.de/land/ad/5809665075?se=ho1TSSeP8RGGDr7w4nqLLQ&utm_medium=api&utm_source=a4bcf954&v=D63B529B3DFC2FF8F97A38E87B5C57DAF05532AD,5809665075,Adzuna::API::Response::Job,"{'label': 'Teilzeitstellen', '__CLASS__': 'Adzuna::API::Response::Category', 'tag': 'part-time-jobs'}",eyJhbGciOiJIUzI1NiJ9.eyJpIjoiNTgwOTY2NTA3NSIsInMiOiJobzFUU1NlUDhSR0dEcjd3NG5xTExRIn0.sc_GGrWKBOFRij3s-wpu90UEcOAp3d9HUZYC2Ksl0qg,2026-07-21T22:51:41Z,"{'__CLASS__': 'Adzuna::API::Response::Company', 'display_name': 'Viessmann Climate Solutions'}",,,,
49.001249,8.412378,0,"{'__CLASS__': 'Adzuna::API::Response::Location', 'display_name': 'Karlsruhe, Karlsruhe (Kreis)', 'area': ['Deutschland', 'Baden-Württemberg', 'Karlsruhe (Kreis)', 'Karlsruhe']}","Duales Studium Data Science&Künstliche Intelligenz B.Sc. (m/w/d), Karlsruhe 2027","Gestalte die Zukunft mit KI– Starte dein Duales Studium im Bereich Data Science&Künstlicher Intelligenz! Du möchtest mit Daten arbeiten, smarte Lösungen entwickeln und herausfinden, wie KI den Alltag von Millionen Menschen erleichtern kann? Im dualen Studium Data Science&Künstliche Intelligenz bei Atruvia verbindest du Theorie und Praxis in einem der spannendsten IT-Bereicheüberhaupt. Deine Aufgaben: Entwickle KI-Lösungen: Du unterstützt bei der Entwicklung von Data-Science- und KI-Lösungen– vo…",https://www.adzuna.de/land/ad/5793494282?se=ho1TSSeP8RGGDr7w4nqLLQ&utm_medium=api&utm_source=a4bcf954&v=55D0F7DC6645ECDA1D2B9247D973D80AD7DF0682,5793494282,Adzuna::API::Response::Job,"{'__CLASS__': 'Adzuna::API::Response::Category', 'tag': 'part-time-jobs', 'label': 'Teilzeitstellen'}",eyJhbGciOiJIUzI1NiJ9.eyJzIjoiaG8xVFNTZVA4UkdHRHI3dzRucUxMUSIsImkiOiI1NzkzNDk0MjgyIn0.MXz02SnuOvT3GJjpoX5Tve0f7BErK19LDCRujvCjbxQ,2026-07-09T02:54:13Z,"{'display_name': 'Atruvia AG', '__CLASS__': 'Adzuna::API::Response::Company'}",,,,
51.02637,8.67311,0,"{'__CLASS__': 'Adzuna::API::Response::Location', 'area': ['Deutschland', 'Hessen', 'Waldeck-Frankenberg (Kreis)', 'Battenberg (Eder)'], 'display_name': 'Battenberg (Eder), Waldeck-Frankenberg (Kreis)'}",Duales Studium Data Science und Künstliche Inteligenzen B.Sc. 2027 (m/w/d),"Starte mit Viessmann Climate Solutions in dein dualesstudium. Du studierst in Mannheim und arbeitest zum Großteil in unserem EU-Headquarter in Allendorf (Eder). Während des Dualen Studiums im Studiengang Data Science und Künstliche Intelligenz analysierst und interpretierst du große Datenmengen, um daraus wertvolles Wissen zu gewinnen. Du entwickelst intelligente, KI-basierte Anwendungen und optimierst damit Prozesse. Diese Kompetenzen machen dich zu einer gefragten Expertin oder einem gefragte…",https://www.adzuna.de/land/ad/5809716222?se=ho1TSSeP8RGGDr7w4nqLLQ&utm_medium=api&utm_source=a4bcf954&v=9DBBE80C537B1268AA1158FF807D8622A3B88594,5809716222,Adzuna::API::Response::Job,"{'label': 'Teilzeitstellen', 'tag': 'part-time-jobs', '__CLASS__': 'Adzuna::API::Response::Category'}",eyJhbGciOiJIUzI1NiJ9.eyJpIjoiNTgwOTcxNjIyMiIsInMiOiJobzFUU1NlUDhSR0dEcjd3NG5xTExRIn0.TkvHyACvwQHDB7Xg59P_KEl-VKwoPeGvcIzww_I-JHc,2026-07-21T22:59:22Z,"{'display_name': 'Viessmann Climate Solutions', '__CLASS__': 'Adzuna::API::Response::Company'}",,,,
,,0,"{'display_name': 'Deutschland', 'area': ['Deutschland'], '__CLASS__': 'Adzuna::API::Response::Location'}",Duales Studium Informatik Schwerpunkt Data Science / Künstliche Intelligenz in Kooperation mit der Dualen Hochschule Baden-Württemberg 2027 (m/w/d/x),"Life is always about becoming… Im Leben geht es darum, sich auf eine Reise zu begeben, um die beste Version unseres zukünftigen Selbst zu werden. Während wir Neues entdecken, stellen wir uns Herausforderungen, meistern sie und wachsen über uns hinaus. Bewerben Sie sich bei Mercedes-Benz und finden Sie den Aufgabenbereich, in dem Sie Ihre Talente individuell entfalten können. Dabei werden Sie von visionären Kolleginnen und Kollegen unterstützt, die Ihren Pioniergeist teilen. Bei uns einzusteigen…",https://www.adzuna.de/land/ad/5810788215?se=ho1TSSeP8RGGDr7w4nqLLQ&utm_medium=api&utm_source=a4bcf954&v=923B0DEB2CB05ABFEAC7F92623C398E78BCD244E,5810788215,Adzuna::API::Response::Job,"{'tag': 'graduate-jobs', '__CLASS__': 'Adzuna::API::Response::Category', 'label': 'Stellen für Hochschulabsolventen'}",eyJhbGciOiJIUzI1NiJ9.eyJpIjoiNTgxMDc4ODIxNSIsInMiOiJobzFUU1NlUDhSR0dEcjd3NG5xTExRIn0.G8cMD11NLKPBVbpb9xm29Nh811mNcFe46RLsO24nw3g,2026-07-22T12:38:04Z,"{'__CLASS__': 'Adzuna::API::Response::Company', 'display_name': 'Mercedes-Benz Tech Innovation'}",,,,
51.737096,8.753842,0,"{'display_name': 'Paderborn, Paderborn (Kreis)', 'area': ['Deutschland', 'Nordrhein-Westfalen', 'Paderborn (Kreis)', 'Paderborn'], '__CLASS__': 'Adzuna::API::Response::Location'}",Duales Studium Bachelor of Science Wirtschaftsinformatik - KI&Data Science (m/w/d) 2026,Deine Aufga ben Als Bachelor of Science Wirtschaftsinformatik - Künstliche Intelligenz&Data Science (m/w/d) lernst du bei uns verschiedene Themengebiete kennen: Du analysierst Unternehmensdaten zielsicher und bereitest diese auf. Du sorgst für Datentransparenz im Unternehmen. Du arbeitest in Business Intelligence Projekten. Du setzt unsere Datenstrategie im Team um. Ausbildungsort: Paderborn Ausbildungsdauer: 6 Semester Partnerhochschule: Fachhochschule der Wirtschaft Fürstenallee 5 33102 Pader…,https://www.adzuna.de/land/ad/5750396620?se=ho1TSSeP8RGGDr7w4nqLLQ&utm_medium=api&utm_source=a4bcf954&v=D056E22E56F35755F5E799EB89C67A14F64D0834,5750396620,Adzuna::API::Response::Job,"{'label': 'Teilzeitstellen', '__CLASS__': 'Adzuna::API::Response::Category', 'tag': 'part-time-jobs'}",eyJhbGciOiJIUzI1NiJ9.eyJzIjoiaG8xVFNTZVA4UkdHRHI3dzRucUxMUSIsImkiOiI1NzUwMzk2NjIwIn0.iA1B42PP5AJtdO-zjS5Wysf2qJZ4xhALt9I4O66Bm3A,2026-06-03T11:42:34Z,"{'display_name': 'Westfalen Weser Netz GmbH', '__CLASS__': 'Adzuna::API::Response::Company'}",,,,
49.00784,12.07704,0,"{'__CLASS__': 'Adzuna::API::Response::Location', 'area': ['Deutschland', 'Bayern', 'Regensburg (Kreis)', 'Regensburg', 'Großprüfening-Dechbetten-Königswiesen'], 'display_name': 'Großprüfening-Dechbetten-Königswiesen, Regensburg'}",Duales Studium - B. Sc. Künstliche Intelligenz / Data Science 2027 (w/m/d),"WeAreIn to create tiny chips and big careers. Theorie allein reicht Dir nicht? Im Dualen Studium bei Infineon verbindest Du Theorie und Praxis. Du arbeitest an echten Projekten, lernst von Expert*innen und machst aus Deiner Leidenschaft eine Karriere mit Sinn. Are you in? Deine Rolle Haupttätigkeiten Praxis: Während Deines Studiums mit Start zum 01.09.2027 lernst Du praxisnah am Standort Regensburg Theorie: Den theoretischen Input erhältst Du an der der Ostbayerischen Technischen Hochschule Reg…",https://www.adzuna.de/land/ad/5811193117?se=ho1TSSeP8RGGDr7w4nqLLQ&utm_medium=api&utm_source=a4bcf954&v=5E2789B01B8FE01D6D8D74C2766A6B00FDAAF486,5811193117,Adzuna::API::Response::Job,"{'label': 'Teilzeitstellen', '__CLASS__': 'Adzuna::API::Response::Category', 'tag': 'part-time-jobs'}",eyJhbGciOiJIUzI1NiJ9.eyJpIjoiNTgxMTE5MzExNyIsInMiOiJobzFUU1NlUDhSR0dEcjd3NG5xTExRIn0.WdKYpxtdhFwYp8I84BEMukJjycZCcQZSxB1TZxbLTKo,2026-07-22T23:03:38Z,"{'__CLASS__': 'Adzuna::API::Response::Company', 'display_name': 'Infineon Technologies AG'}",,,,
52.378818,9.742751,0,"{'__CLASS__': 'Adzuna::API::Response::Location', 'area': ['Deutschland', 'Niedersachsen', 'Region Hannover (Kreis)', 'Hannover'], 'display_name': 'Hannover, Region Hannover (Kreis)'}",Senior KI/ML Engineer oder Postdoc / Wissenschaftliche:r Mitarbeiter:in - LLM-Infrastruktur (m/w/d),"Die TIB ist eine Stiftung öffentlichen Rechts des Landes Niedersachsen. Mit rund 600 Beschäftigten und einem Etat von circa 60 Millionen Euro ist sie eine der größten Informationsinfrastruktureinrichtungen in Deutschland. Die TIB sorgt für optimale Arbeitsbedingungen und baut Maßnahmen zur Vereinbarkeit von Beruf und Familie kontinuierlich aus. Sie will die Gleichberechtigung von Frauen und Männern besonders fördern und fordert deshalb besondere qualifizierte Frauen nachdrücklich auf, sich zu b…",https://www.adzuna.de/land/ad/5817224227?se=ho1TSSeP8RGGDr7w4nqLLQ&utm_medium=api&utm_source=a4bcf954&v=FF0A6710BFABDF6C576670371FF7502BD904D8C9,5817224227,Adzuna::API::Response::Job,"{'__CLASS__': 'Adzuna::API::Response::Category', 'tag': 'scientific-qa-jobs', 'label': 'Stellen aus Wissenschaft & Qualitätssicherung'}",eyJhbGciOiJIUzI1NiJ9.eyJzIjoiaG8xVFNTZVA4UkdHRHI3dzRucUxMUSIsImkiOiI1ODE3MjI0MjI3In0.oYjONSP2avckXnh0lkeElgfGi6_aPYAxpR7q5cdDruw,2026-07-27T09:46:25Z,"{'display_name': 'Technische Informationsbibliothek ', '__CLASS__': 'Adzuna::API::Response::Company'}",,,,
48.383137,9.856945,0,"{'display_name': 'Ulm, Baden-Württemberg', 'area': ['Deutschland', 'Baden-Württemberg', 'Ulm'], '__CLASS__': 'Adzuna::API::Response::Location'}",.NET / Golang Senior Cloud Software Engineer (m/f/d),"Liebherr-Digital Development Center GmbH in Ulm develops digital solutions for the entire Liebherr Group. Our passionate team from the areas of software development, engineering and data science works together on various projects from the whole Liebherr product world. Our mission: creating outstanding digital experiences! .NET / Golang Senior Cloud Software Engineer (m/f/d) Job-ID 82233 Aufgaben Your responsibilities Understand the business - Assess and support the business objectives for digit…",https://www.adzuna.de/land/ad/5825719019?se=ho1TSSeP8RGGDr7w4nqLLQ&utm_medium=api&utm_source=a4bcf954&v=D739AB90108469FD1D4DD6B7A70712D2D66471F9,5825719019,Adzuna::API::Response::Job,"{'label': 'Unknown', 'tag': 'unknown', '__CLASS__': 'Adzuna::API::Response::Category'}",eyJhbGciOiJIUzI1NiJ9.eyJzIjoiaG8xVFNTZVA4UkdHRHI3dzRucUxMUSIsImkiOiI1ODI1NzE5MDE5In0.3caI7H4dicQjuj-zNGnp8BEABmn87g_G0vyfXhEnQuY,2026-08-02T15:49:32Z,"{'__CLASS__': 'Adzuna::API::Response::Company', 'display_name': 'Liebherr-Digital Development Center GmbH'}",,,,
49.27945,9.68788,0,"{'area': ['Deutschland', 'Baden-Württemberg', 'Hohenlohekreis', 'Künzelsau'], 'display_name': 'Künzelsau, Hohenlohekreis', '__CLASS__': 'Adzuna::API::Response::Location'}",Praktikum Forschung und Entwicklung - IoT-Systeme und KI (m/w/d),"Die Adolf Würth GmbH & Co. KG ist führender Hersteller von Befestigungstechnik für die professionelle Anwendung. Das Familienunternehmen ist das größte Einzelunternehmen der weltweit tätigen Würth-Gruppe und beschäftigt in Deutschland über 8.000 Mitarbeitende. Rund 87.000 sind bei der Würth-Gruppe beschäftigt. Hohe Eigenmotivation, große Gestaltungsfreiräume und eine starke Kollegialität zeichnen die Unternehmenskultur aus. Neugierig geworden? Jetzt informieren und Teil der Würth Familie werden…",https://www.adzuna.de/land/ad/5813880695?se=ho1TSSeP8RGGDr7w4nqLLQ&utm_medium=api&utm_source=a4bcf954&v=D4493E9184AE8DF0BD8162B5108EB3296A75037D,5813880695,Adzuna::API::Response::Job,"{'label': 'Unknown', '__CLASS__': 'Adzuna::API::Response::Category', 'tag': 'unknown'}",eyJhbGciOiJIUzI1NiJ9.eyJzIjoiaG8xVFNTZVA4UkdHRHI3dzRucUxMUSIsImkiOiI1ODEzODgwNjk1In0.TDR_hgsyIl1dEZ1s88ZsfpTj1toEJdFtS2fnUAWNGhg,2026-07-24T15:38:04Z,"{'display_name': 'Würth Deutschland', '__CLASS__': 'Adzuna::API::Response::Company'}",,,,
50.977166,11.034353,0,"{'__CLASS__': 'Adzuna::API::Response::Location', 'area': ['Deutschland', 'Thüringen', 'Erfurt (Kreis)', 'Erfurt'], 'display_name': 'Erfurt, Erfurt (Kreis)'}",Application Manager (m/w/d) Künstliche Intelligenz,"Mit Ihrem Know-how und Ihren Ideen gestalten Sie die Digitalisierung des Freistaats Thüringen aktiv mit. Sie denken lösungsorientiert, arbeiten strukturiert und behalten auch in komplexen Situationen den Überblick? Dann sind Sie beim Thüringer Landesrechenzentrum genau richtig. Gemeinsam mit dem Thüringer Ministerium für Digitales und Infrastruktur treiben wir die Digitalisierung der Thüringer Landesverwaltung aktiv voran. Wir suchen Sie zum nächstmöglichen Zeitpunkt für das Thüringer Ministeri…",https://www.adzuna.de/land/ad/5806162978?se=ho1TSSeP8RGGDr7w4nqLLQ&utm_medium=api&utm_source=a4bcf954&v=27CDAC9025B7A0372A818A1FFC0E9F03BCFB2EB1,5806162978,Adzuna::API::Response::Job,"{'tag': 'it-jobs', '__CLASS__': 'Adzuna::API::Response::Category', 'label': 'IT-Stellen'}",eyJhbGciOiJIUzI1NiJ9.eyJpIjoiNTgwNjE2Mjk3OCIsInMiOiJobzFUU1NlUDhSR0dEcjd3NG5xTExRIn0.tsfAAYwjawAHHRbZZ90e8ad8D5KfDfee9IaCxEyitbU,2026-07-18T15:33:39Z,"{'display_name': 'Thüringer Landesrechenzentrum', '__CLASS__': 'Adzuna::API::Response::Company'}",,,,
53.557429,9.987297,0,"{'display_name': 'Hamburg, Deutschland', 'area': ['Deutschland', 'Hamburg'], '__CLASS__': 'Adzuna::API::Response::Location'}",Revenue Management Related Systems Manager (all gender),Die TUI Cruises GmbH ist einer der führenden Kreuzfahrtanbieter im deutschsprachigen Raum. Das Gemeinschaftsunternehmen der TUI AG und des US-Kreuzfahrtunternehmens Royal Caribbean Cruises Ltd. beschäftigt rund 750 Mitarbeitende in Hamburg und Berlin. An Bord der Schiffe werden 136 Positionen direkt von der TUI Cruises GmbH betreut. Für die Marke Mein Schiff® fährt eine Flotte von neun Schiffen. Seit Ende 2020 ist auch die Marke Hapag-Lloyd Cruises mit einer Flotte von aktuell fünf Schiffen Tei…,https://www.adzuna.de/land/ad/5825321694?se=ho1TSSeP8RGGDr7w4nqLLQ&utm_medium=api&utm_source=a4bcf954&v=6CBDC3518B2ADC42EE5C4CCA9170244CB5C0CEFD,5825321694,Adzuna::API::Response::Job,"{'label': 'IT-Stellen', '__CLASS__': 'Adzuna::API::Response::Category', 'tag': 'it-jobs'}",eyJhbGciOiJIUzI1NiJ9.eyJzIjoiaG8xVFNTZVA4UkdHRHI3dzRucUxMUSIsImkiOiI1ODI1MzIxNjk0In0.xPze9EbSFTr_1iDaPjRcKLPBmKBkQiQE19omQMupG7I,2026-08-02T07:16:31Z,"{'display_name': 'TUI Cruises GmbH', '__CLASS__': 'Adzuna::API::Response::Company'}",,,,
54.319658,10.137982,0,"{'area': ['Deutschland', 'Schleswig-Holstein', 'Kiel'], 'display_name': 'Kiel, Schleswig-Holstein', '__CLASS__': 'Adzuna::API::Response::Location'}",Duales Studium Wirtschaftsinformatik an der DHSH in Kiel,"Die Duale Hochschule Schleswig-Holstein (DHSH) bietet als staatlich anerkannte Hochschule für angewandte Wissenschaften an den Studienstandorten Kiel, Lübeck und Flensburg duale Studiengänge und praxisverbundene Forschung. Vor über 50 Jahren als Berufsakademie Schleswig-Holstein gegründet, bietet die DHSH Studierenden die Chance, von jahrzehntelanger Erfahrung im dualen Studium zu profitieren. Angeboten werden in Zusammenarbeit mit über 400 Partnerunternehmen die dualen Bachelorstudiengänge Bet…",https://www.adzuna.de/land/ad/5824804598?se=ho1TSSeP8RGGDr7w4nqLLQ&utm_medium=api&utm_source=a4bcf954&v=597F413F415FA674B299D6C66E5EA2E3631D7102,5824804598,Adzuna::API::Response::Job,"{'tag': 'other-general-jobs', '__CLASS__': 'Adzuna::API::Response::Category', 'label': 'Sonstige/Allgemeine Stellen'}",eyJhbGciOiJIUzI1NiJ9.eyJpIjoiNTgyNDgwNDU5OCIsInMiOiJobzFUU1NlUDhSR0dEcjd3NG5xTExRIn0.tRXitiwTtDEIhF5zWgQQLj2FhFKttn1tylbjRD2bPy0,2026-08-02T01:09:25Z,"{'display_name': 'Duale Hochschule Schleswig-Holstein ', '__CLASS__': 'Adzuna::API::Response::Company'}",,,,
50.71942,7.112412,0,"{'__CLASS__': 'Adzuna::API::Response::Location', 'area': ['Deutschland', 'Nordrhein-Westfalen', 'Bonn'], 'display_name': 'Bonn, Nordrhein-Westfalen'}",Team Lead Scientific IT (m/w/d),"Das Deutsche Zentrum für Neurodegenerative Erkrankungen (DZNE) ist ein weltweit führendes, inter­national ausgerichtetes Forschungs­zentrum, das sich der Entdeckung neuer Ansätze zur Prävention und Behandlung neuro­degenerativer Erkrankungen verschrieben hat. Team Lead Scientific IT (m/w/d) Code: 1559/2026/7 in Voll- oder Teilzeit (mind. 75 %) zum nächstmöglichen Zeitpunkt, 2 Jahre, mit Option auf Entfristung Standort: Bonn Aufgaben Als Team Lead übernehmen Sie die strategische Gesamtverantwort…",https://www.adzuna.de/land/ad/5813498542?se=ho1TSSeP8RGGDr7w4nqLLQ&utm_medium=api&utm_source=a4bcf954&v=016CE93591A93F4D65FA79BCA0D15CE5ED077948,5813498542,Adzuna::API::Response::Job,"{'tag': 'it-jobs', '__CLASS__': 'Adzuna::API::Response::Category', 'label': 'IT-Stellen'}",eyJhbGciOiJIUzI1NiJ9.eyJzIjoiaG8xVFNTZVA4UkdHRHI3dzRucUxMUSIsImkiOiI1ODEzNDk4NTQyIn0.w7-ulmP5zBo0omAF5Sh01MgFNJ7YZr7g0YPzVZhXSDs,2026-07-24T09:54:32Z,"{'display_name': 'Deutsches Zentrum für Neurodegenerative Erkrankungen e.V. ', '__CLASS__': 'Adzuna::API::Response::Company'}",,,,
50.940164,6.969972,0,"{'__CLASS__': 'Adzuna::API::Response::Location', 'area': ['Deutschland', 'Nordrhein-Westfalen', 'Köln'], 'display_name': 'Köln, Nordrhein-Westfalen'}",Senior Aktuar Finance & Reserving P&C (m/w/d),"AXA Deutschland ist Teil der AXA Gruppe, einem der weltweit führenden Versicherungsunternehmen. Als einer der größten Erstversicherer in Deutschland betreuen wir rund 8 Millionen Kund:innen im Bereich Vorsorge und Versicherung. Was uns bei AXA antreibt? Unsere Neugier und unser Mut zur Innovation! Gemeinsam mit über 8.000 Kolleg:innen in ganz Deutschland gestalten wir die Zukunft der Versicherung aktiv mit. Wir sind auf der Suche nach kreativen und analytischen Köpfen, die sich auch von Herausf…",https://www.adzuna.de/land/ad/5802376895?se=ho1TSSeP8RGGDr7w4nqLLQ&utm_medium=api&utm_source=a4bcf954&v=3F0416732159B009CFEE1FBD56D00F732CEEEE0C,5802376895,Adzuna::API::Response::Job,"{'label': 'Unknown', 'tag': 'unknown', '__CLASS__': 'Adzuna::API::Response::Category'}",eyJhbGciOiJIUzI1NiJ9.eyJpIjoiNTgwMjM3Njg5NSIsInMiOiJobzFUU1NlUDhSR0dEcjd3NG5xTExRIn0.OLlNYXGnn1cnr6nlAsSMuzkp5BSCl33uyGd0VdL-JLY,2026-07-16T09:08:28Z,"{'display_name': 'AXA Konzern AG', '__CLASS__': 'Adzuna::API::Response::Company'}",,,,
53.557429,9.987297,0,"{'display_name': 'Hamburg, Deutschland', 'area': ['Deutschland', 'Hamburg'], '__CLASS__': 'Adzuna::API::Response::Location'}",IT Consultant - SAP Fiori / ABAP / User Experience / CDS Views (m/w/d),"Wir sind ein branchenübergreifendes IT-Beratungsunternehmen. Mit mehr als 250 Mitarbeitern entwickeln wir innovative Software, moderne IT-Konzepte und zeitgemäße Systemarchitekturen. Schwerpunkte unserer Dienstleistungen: Data Science von der Business Analyse bis zu Visualisierungen und SAP-Beratung vom Betrieb bis zur Applikationsentwicklung. Dabei gehören Cloud Technologien ebenso wie moderne DevOps Technologien zu unserem Alltag sowie Entwicklung mittels ABAP und Java. Aufgaben Du unterstütz…",https://www.adzuna.de/land/ad/5797421280?se=ho1TSSeP8RGGDr7w4nqLLQ&utm_medium=api&utm_source=a4bcf954&v=2EE0AB874AF6FD72C79AB6F4471AEA92CA7C9961,5797421280,Adzuna::API::Response::Job,"{'__CLASS__': 'Adzuna::API::Response::Category', 'tag': 'it-jobs', 'label': 'IT-Stellen'}",eyJhbGciOiJIUzI1NiJ9.eyJpIjoiNTc5NzQyMTI4MCIsInMiOiJobzFUU1NlUDhSR0dEcjd3NG5xTExRIn0.lfVviVItss0DaAnlvnVWhnj7hyKHGPTQMfY3bXNcXVo,2026-07-12T01:30:18Z,"{'display_name': 'Cimt ag', '__CLASS__': 'Adzuna::API::Response::Company'}",,,,
53.557429,9.987297,0,"{'area': ['Deutschland', 'Hamburg'], 'display_name': 'Hamburg, Deutschland', '__CLASS__': 'Adzuna::API::Response::Location'}",Berufsbegleitendes Studium - Data Science & Artificial Intelligence (M.Sc.) / Master@Encavis,"Auf was wir bei ENCAVIS setzen? Die Sonne. Den Wind. Und auf dich. Willkommen in der Welt von Encavis! Bei uns dreht sich alles um die Kraft der Sonne, des Windes und der konzernweit über 400 Menschen, die gemeinsam das Energiesystem der Zukunft gestalten, um eine nachhaltige Energieversorgung für zukünftige Generationen sicherzustellen. Die ENCAVIS Management GmbH & Co. KG ist die Holding der ENCAVIS GmbH, einem der führenden Stromerzeuger aus Erneuerbaren Energien in Europa. Wir betreiben ein…",https://www.adzuna.de/land/ad/5810573974?se=ho1TSSeP8RGGDr7w4nqLLQ&utm_medium=api&utm_source=a4bcf954&v=017D3FB9CF5B775FA5F954A7B877825C1CA4DBDD,5810573974,Adzuna::API::Response::Job,"{'tag': 'graduate-jobs', '__CLASS__': 'Adzuna::API::Response::Category', 'label': 'Stellen für Hochschulabsolventen'}",eyJhbGciOiJIUzI1NiJ9.eyJpIjoiNTgxMDU3Mzk3NCIsInMiOiJobzFUU1NlUDhSR0dEcjd3NG5xTExRIn0.tFPViPDAVuOJ2fvtWhkfMa8fwjSDAtVybRsmOX15kIc,2026-07-22T10:32:21Z,"{'__CLASS__': 'Adzuna::API::Response::Company', 'display_name': 'ENCAVIS Management GmbH & Co. KG'}",,,,
52.507706,13.420806,0,"{'__CLASS__': 'Adzuna::API::Response::Location', 'area': ['Deutschland', 'Berlin'], 'display_name': 'Berlin, Deutschland'}",Werkstudent:in Data Science,"Über nerou Die Datenanalyse-Software von nerou unterstützt Betreiber von Kläranlagen bei täglichen Entscheidungen in der Anlagensteuerung. In Kläranlagen müssen komplexe Entscheidungen getroffen werden, um die Anlage auf sich täglich ändernde Einflüsse einzustellen. Alle relevanten Daten werden von Machine Learning Algorithmen analysiert und ausgewertet. Die gewonnen Erkenntnisse werden in Form von Entscheidungshilfen an den Kunden weitergeleitet. Dies reduziert nicht nur Kosten für die Betreib…",https://www.adzuna.de/details/5822288580?utm_medium=api&utm_source=a4bcf954,5822288580,Adzuna::API::Response::Job,"{'__CLASS__': 'Adzuna::API::Response::Category', 'tag': 'unknown', 'label': 'Unknown'}",eyJhbGciOiJIUzI1NiJ9.eyJzIjoiaG8xVFNTZVA4UkdHRHI3dzRucUxMUSIsImkiOiI1ODIyMjg4NTgwIn0.lDY7SI7yIcZ_iI5HGHFU3fFBJ5otqw65zLomOdn3wMw,2026-07-31T12:29:28Z,"{'__CLASS__': 'Adzuna::API::Response::Company', 'display_name': 'nerou GmbH'}",,,,
49.35198,9.14587,0,"{'__CLASS__': 'Adzuna::API::Response::Location', 'area': ['Deutschland', 'Baden-Württemberg', 'Neckar-Odenwald-Kreis', 'Mosbach'], 'display_name': 'Mosbach, Neckar-Odenwald-Kreis'}",Dualer Student (m/w/d) - Studiengang: Data Science und Künstliche Intelligenz an der dualen Hochschule Mosbach,Bei uns gestaltest Du die Zukunft und bringst die digitale Transformation in unsere Fachbereiche. Hierzu erlernst Du grundlegende Kenntnisse zu den Schlüsseltechnologien des digitalen Wandels Data Science und KI im Rahmen eines Studiums an der Dualen Hochschule Baden-Württemberg Mosbach ( https://www.mosbach.dhbw.de/studium/studienangebot-bachelor/data-science-kuenstliche-intelligenz/studieninhalte-profil/ ) und erbringst Deine Praxiseinsätze an unserem Standort Wilhelmsdorf in Mittelfranken. D…,https://www.adzuna.de/land/ad/5809660582?se=OvhvSieP8RGn3Y9fLekBZA&utm_medium=api&utm_source=a4bcf954&v=CB1A0CFDE987351D3FC10758CD85F932CA3F22BE,5809660582,Adzuna::API::Response::Job,"{'__CLASS__': 'Adzuna::API::Response::Category', 'label': 'Unknown', 'tag': 'unknown'}",eyJhbGciOiJIUzI1NiJ9.eyJzIjoiT3ZodlNpZVA4UkduM1k5Zkxla0JaQSIsImkiOiI1ODA5NjYwNTgyIn0.5iFwkOlAyJHJsr2emdbB5rzt-61R5LWKLlHbva5WdAk,2026-07-21T22:49:49Z,"{'display_name': 'Gubesch GmbH', '__CLASS__': 'Adzuna::API::Response::Company'}",,,,
49.001249,8.412378,0,"{'area': ['Deutschland', 'Baden-Württemberg', 'Karlsruhe (Kreis)', 'Karlsruhe'], '__CLASS__': 'Adzuna::API::Response::Location', 'display_name': 'Karlsruhe, Karlsruhe (Kreis)'}",Data Science Consultant,"Overview The Data Science Consultant provides services that maximize the value of the customer’s business through data-driven insights and enhanced decision support. This role will be responsible for advising the customer and recommending software configuration alternatives and adapting the software that is configured to optimize the solution so that the customer may realize the maximum value from the software. Responsibilities: Perform data analysis to discover patterns, trends and anomalies i…",https://www.adzuna.de/details/5805425948?utm_medium=api&utm_source=a4bcf954,5805425948,Adzuna::API::Response::Job,"{'label': 'Beraterstellen', '__CLASS__': 'Adzuna::API::Response::Category', 'tag': 'consultancy-jobs'}",eyJhbGciOiJIUzI1NiJ9.eyJpIjoiNTgwNTQyNTk0OCIsInMiOiJPdmh2U2llUDhSR24zWTlmTGVrQlpBIn0.3J7bCTUi9kV4HHb_EvVFJMnBdnuey7mPdmnQS1GbQ74,2026-07-18T00:48:17Z,"{'__CLASS__': 'Adzuna::API::Response::Company', 'display_name': 'Blue Yonder'}",full_time,,,
49.18975,9.2274,0,"{'__CLASS__': 'Adzuna::API::Response::Location', 'area': ['Deutschland', 'Baden-Württemberg', 'Heilbronn (Kreis)', 'Neckarsulm'], 'display_name': 'Neckarsulm, Heilbronn (Kreis)'}",Praktikum Data Science,"Deine Aufgaben Werde Teil unseres Daten & KI Teams, unterstütze datenbasierte Analysen und entwickle innovative Automatisierungslösungen. Ab sofort für 4 bis 6 Monate. … konkret heißt das: Erhalte Einblicke in Big Data und Machine Learning Technologien Mitarbeit bei Datenerhebung, -aufbereitung und explorativer Analyse Entwicklung, Validierung und Pilotierung KI- und Statistik-basierte Lösungen für automatisierte Entscheidungen in Fachabteilungen Einbringen in die strategische Definition von Da…",https://www.adzuna.de/details/5786086436?utm_medium=api&utm_source=a4bcf954,5786086436,Adzuna::API::Response::Job,"{'__CLASS__': 'Adzuna::API::Response::Category', 'label': 'Unknown', 'tag': 'unknown'}",eyJhbGciOiJIUzI1NiJ9.eyJpIjoiNTc4NjA4NjQzNiIsInMiOiJPdmh2U2llUDhSR24zWTlmTGVrQlpBIn0.EwAjAKx4MHBfBg1hl0JGbH95uFTPYSXjYWG9pfTF3PM,2026-07-03T00:47:24Z,"{'__CLASS__': 'Adzuna::API::Response::Company', 'display_name': 'Lidl Stiftung'}",full_time,,,
49.00018,8.47624,0,"{'__CLASS__': 'Adzuna::API::Response::Location', 'area': ['Deutschland', 'Baden-Württemberg', 'Karlsruhe (Kreis)', 'Karlsruhe', 'Durlach'], 'display_name': 'Durlach, Karlsruhe'}","Duales Studium Data Science&Künstliche Intelligenz B.Sc. (m/w/d), Karlsruhe 2027","Gestalte die Zukunft mit KI– Starte dein Duales Studium im Bereich Data Science&Künstlicher Intelligenz! Du möchtest mit Daten arbeiten, smarte Lösungen entwickeln und herausfinden, wie KI den Alltag von Millionen Menschen erleichtern kann? Im dualen Studium Data Science&Künstliche Intelligenz bei Atruvia verbindest du Theorie und Praxis in einem der spannendsten IT-Bereicheüberhaupt. Deine Aufgaben: Entwickle KI-Lösungen: Du unterstützt bei der Entwicklung von Data-Science- und KI-Lösungen– vo…",https://www.adzuna.de/land/ad/5809716291?se=OvhvSieP8RGn3Y9fLekBZA&utm_medium=api&utm_source=a4bcf954&v=784D4934CBF8FEF2E28A8F2499027A4592A2F381,5809716291,Adzuna::API::Response::Job,"{'tag': 'part-time-jobs', 'label': 'Teilzeitstellen', '__CLASS__': 'Adzuna::API::Response::Category'}",eyJhbGciOiJIUzI1NiJ9.eyJzIjoiT3ZodlNpZVA4UkduM1k5Zkxla0JaQSIsImkiOiI1ODA5NzE2MjkxIn0.90g2k8iWZyyU1EzFFmn5ZRISxnHu3AbLEy_spyo6qPA,2026-07-21T22:59:23Z,"{'display_name': 'Atruvia AG', '__CLASS__': 'Adzuna::API::Response::Company'}",,,,
49.03495,12.08703,0,"{'__CLASS__': 'Adzuna::API::Response::Location', 'area': ['Deutschland', 'Bayern', 'Regensburg (Kreis)', 'Regensburg', 'Steinweg'], 'display_name': 'Steinweg, Regensburg'}",Künstliche Intelligenz und Data Science (B.Sc.) mit Befähigung zur Elektrofachkraft (w/m/d) 2027,"Dein Berufsbild: Du möchtest irgendwas mit Mathe machen und in deinen Zukunftsplänen ist Digitalisierung vorprogrammiert? Dann entscheide dich für den dualen Studiengang Künstliche Intelligenz und Data Science zur Befähigung zur Elektrofachkraft (w/m/d) und werde zum*zur Administrator*in deiner Karriere. Zur täglichen Arbeit von technischen Informatiker*innen gehören Daten, Cloud und Echtzeitkommunikation, dazu hardwarenahe Programmierung und Automatisierung. Projektlösungen für die Digitalisie…",https://www.adzuna.de/land/ad/5809712981?se=OvhvSieP8RGn3Y9fLekBZA&utm_medium=api&utm_source=a4bcf954&v=D6F4FECDECBF9A28D2FBDFB9DC4E021AD7F2E92E,5809712981,Adzuna::API::Response::Job,"{'label': 'Teilzeitstellen', '__CLASS__': 'Adzuna::API::Response::Category', 'tag': 'part-time-jobs'}",eyJhbGciOiJIUzI1NiJ9.eyJzIjoiT3ZodlNpZVA4UkduM1k5Zkxla0JaQSIsImkiOiI1ODA5NzEyOTgxIn0.TNQioEFdrj22qmw686QNQ1Y_2klzUWYvmua2fJqaFQA,2026-07-21T22:58:55Z,"{'display_name': 'Siemens AG', '__CLASS__': 'Adzuna::API::Response::Company'}",,,,
51.73446,8.75098,0,"{'area': ['Deutschland', 'Nordrhein-Westfalen', 'Paderborn (Kreis)', 'Paderborn', 'Kernstadt'], '__CLASS__': 'Adzuna::API::Response::Location', 'display_name': 'Kernstadt, Paderborn'}",Duales Studium Bachelor of Science Wirtschaftsinformatik - KI&Data Science (m/w/d) 2026,Deine Aufga ben Als Bachelor of Science Wirtschaftsinformatik - Künstliche Intelligenz&Data Science (m/w/d) lernst du bei uns verschiedene Themengebiete kennen: Du analysierst Unternehmensdaten zielsicher und bereitest diese auf. Du sorgst für Datentransparenz im Unternehmen. Du arbeitest in Business Intelligence Projekten. Du setzt unsere Datenstrategie im Team um. Ausbildungsort: Paderborn Ausbildungsdauer: 6 Semester Partnerhochschule: Fachhochschule der Wirtschaft Fürstenallee 5 33102 Pader…,https://www.adzuna.de/land/ad/5809705389?se=OvhvSieP8RGn3Y9fLekBZA&utm_medium=api&utm_source=a4bcf954&v=EBE90979A49F8901C840941FCB4435EE723FF60D,5809705389,Adzuna::API::Response::Job,"{'label': 'Teilzeitstellen', '__CLASS__': 'Adzuna::API::Response::Category', 'tag': 'part-time-jobs'}",eyJhbGciOiJIUzI1NiJ9.eyJpIjoiNTgwOTcwNTM4OSIsInMiOiJPdmh2U2llUDhSR24zWTlmTGVrQlpBIn0.1_C3AP3MsexKmq9MoZ6_qU7qPL0hwK5V82vfYVTpb1o,2026-07-21T22:57:46Z,"{'display_name': 'Westfalen Weser Netz GmbH', '__CLASS__': 'Adzuna::API::Response::Company'}",,,,
49.19075,8.24878,0,"{'__CLASS__': 'Adzuna::API::Response::Location', 'area': ['Deutschland', 'Rheinland-Pfalz', 'Germersheim (Kreis)', 'Knittelsheim'], 'display_name': 'Knittelsheim, Germersheim (Kreis)'}",Duales Studium - Bachelor of Science - Informatik - Data Science und KI (gn) für 2026 - ID 150988,"Hast Du Deinen Weg schon gefunden? Für Deinen Weg bei uns bringst Du mit: 3 Jahre Zeit und allgemeine Hochschulreife oder Fachhochschulreife  Studierfähigkeitstest Hier baust Du Dein theoretisches Fundament: DHBW Karlsruhe Die Praxis lernst Du hier : HORNBACH Zentrale in Bornheim bei Landau i. d. Pfalz Startschuss für Deine Zukunft bei HORNBACH: 01.10.2026 Darauf kannst Du Dich freuen: Gehalt - logisch! 1. Jahr: 1.250 €, 2. Jahr: 1.500 €, 3. Jahr: 1.750 € Mehr – klar! Neben Deinem Gehalt sowie …",https://www.adzuna.de/land/ad/5809691106?se=OvhvSieP8RGn3Y9fLekBZA&utm_medium=api&utm_source=a4bcf954&v=2704FBCF3E58108C892ADBDA81E8E3005B0E629B,5809691106,Adzuna::API::Response::Job,"{'tag': 'part-time-jobs', '__CLASS__': 'Adzuna::API::Response::Category', 'label': 'Teilzeitstellen'}",eyJhbGciOiJIUzI1NiJ9.eyJpIjoiNTgwOTY5MTEwNiIsInMiOiJPdmh2U2llUDhSR24zWTlmTGVrQlpBIn0.rQ1IOW-hv86CTu089XrbyVt2U8tzchdQTNoSZaoENxE,2026-07-21T22:55:57Z,"{'__CLASS__': 'Adzuna::API::Response::Company', 'display_name': 'HORNBACH Baumarkt AG'}",,,,
48.68872,8.98349,0,"{'area': ['Deutschland', 'Baden-Württemberg', 'Böblingen (Kreis)', 'Böblingen'], '__CLASS__': 'Adzuna::API::Response::Location', 'display_name': 'Böblingen, Böblingen (Kreis)'}",Student*in für Abschlussarbeit: Einsatz von Data Analytics und Künstlicher Intelligenz,"Life is always about becoming… Im Leben geht es darum, sich auf eine Reise zu begeben, um die beste Version unseres zukünftigen Selbst zu werden. Während wir Neues entdecken, stellen wir uns Herausforderungen, meistern sie und wachsen über uns hinaus. Bewerben Sie sich bei Mercedes-Benz und finden Sie den Aufgabenbereich, in dem Sie Ihre Talente individuell entfalten können. Dabei werden Sie von visionären Kolleginnen und Kollegen unterstützt, die Ihren Pioniergeist teilen. Bei uns einzusteigen…",https://www.adzuna.de/land/ad/5816546982?se=OvhvSieP8RGn3Y9fLekBZA&utm_medium=api&utm_source=a4bcf954&v=B88774980F2AB2135408CB7A7F6A6F7DFD9DEB94,5816546982,Adzuna::API::Response::Job,"{'__CLASS__': 'Adzuna::API::Response::Category', 'label': 'Stellen aus Wissenschaft & Qualitätssicherung', 'tag': 'scientific-qa-jobs'}",eyJhbGciOiJIUzI1NiJ9.eyJpIjoiNTgxNjU0Njk4MiIsInMiOiJPdmh2U2llUDhSR24zWTlmTGVrQlpBIn0.rVz5JQrsqFrLvQEmsL_-XHPICp9ctX2Go9CNA6PzLYI,2026-07-26T15:41:46Z,"{'display_name': 'Mercedes-Benz AG', '__CLASS__': 'Adzuna::API::Response::Company'}",,,,
48.720071,9.026231,0,"{'__CLASS__': 'Adzuna::API::Response::Location', 'area': ['Deutschland', 'Baden-Württemberg', 'Böblingen (Kreis)', 'Sindelfingen'], 'display_name': 'Sindelfingen, Böblingen (Kreis)'}",Werkstudentent*in „Berührungslose Erregung elektrisch erregter Synchronmaschinen“ im Bereich Forschung elektrischer Antriebsstrang,"Life is always about becoming… Im Leben geht es darum, sich auf eine Reise zu begeben, um die beste Version unseres zukünftigen Selbst zu werden. Während wir Neues entdecken, stellen wir uns Herausforderungen, meistern sie und wachsen über uns hinaus. Bewerben Sie sich bei Mercedes-Benz und finden Sie den Aufgabenbereich, in dem Sie Ihre Talente individuell entfalten können. Dabei werden Sie von visionären Kolleginnen und Kollegen unterstützt, die Ihren Pioniergeist teilen. Bei uns einzusteigen…",https://www.adzuna.de/land/ad/5824806496?se=OvhvSieP8RGn3Y9fLekBZA&utm_medium=api&utm_source=a4bcf954&v=8E132944941968F79E56615018A478A0537FEDB1,5824806496,Adzuna::API::Response::Job,"{'__CLASS__': 'Adzuna::API::Response::Category', 'label': 'Unknown', 'tag': 'unknown'}",eyJhbGciOiJIUzI1NiJ9.eyJzIjoiT3ZodlNpZVA4UkduM1k5Zkxla0JaQSIsImkiOiI1ODI0ODA2NDk2In0.GsAPe1bji8NPzN417oNdgfBhW4fN9Qbx2JWNzgCvmLk,2026-08-02T01:09:44Z,"{'display_name': 'Mercedes-Benz AG', '__CLASS__': 'Adzuna::API::Response::Company'}",,,,
48.720071,9.026231,0,"{'area': ['Deutschland', 'Baden-Württemberg', 'Böblingen (Kreis)', 'Sindelfingen'], '__CLASS__': 'Adzuna::API::Response::Location', 'display_name': 'Sindelfingen, Böblingen (Kreis)'}",Praktikant*in Digital Process Innovation,"Life is always about becoming… Im Leben geht es darum, sich auf eine Reise zu begeben, um die beste Version unseres zukünftigen Selbst zu werden. Während wir Neues entdecken, stellen wir uns Herausforderungen, meistern sie und wachsen über uns hinaus. Bewerben Sie sich bei Mercedes-Benz und finden Sie den Aufgabenbereich, in dem Sie Ihre Talente individuell entfalten können. Dabei werden Sie von visionären Kolleginnen und Kollegen unterstützt, die Ihren Pioniergeist teilen. Bei uns einzusteigen…",https://www.adzuna.de/land/ad/5797980521?se=OvhvSieP8RGn3Y9fLekBZA&utm_medium=api&utm_source=a4bcf954&v=80BD856B92C9DF9180651FF4F6284D11B7F8E009,5797980521,Adzuna::API::Response::Job,"{'tag': 'manufacturing-jobs', '__CLASS__': 'Adzuna::API::Response::Category', 'label': 'Stellen aus Fertigung'}",eyJhbGciOiJIUzI1NiJ9.eyJpIjoiNTc5Nzk4MDUyMSIsInMiOiJPdmh2U2llUDhSR24zWTlmTGVrQlpBIn0.81Ac7ye4DqXOCHU-RxfuTJ7IyevPwrw6-sVlqyJoCW8,2026-07-12T17:07:27Z,"{'__CLASS__': 'Adzuna::API::Response::Company', 'display_name': 'Mercedes-Benz AG'}",,,,
48.383137,9.856945,0,"{'__CLASS__': 'Adzuna::API::Response::Location', 'area': ['Deutschland', 'Baden-Württemberg', 'Ulm'], 'display_name': 'Ulm, Baden-Württemberg'}",Werkstudent im Bereich Co-Pilot-Anwendungen & Künstliche Intelligenz (d/m/w/x),"Life is always about becoming… Im Leben geht es darum, sich auf eine Reise zu begeben, um die beste Version unseres zukünftigen Selbst zu werden. Während wir Neues entdecken, stellen wir uns Herausforderungen, meistern sie und wachsen über uns hinaus. Bewerben Sie sich bei Mercedes-Benz und finden Sie den Aufgabenbereich, in dem Sie Ihre Talente individuell entfalten können. Dabei werden Sie von visionären Kolleginnen und Kollegen unterstützt, die Ihren Pioniergeist teilen. Bei uns einzusteigen…",https://www.adzuna.de/land/ad/5825918016?se=OvhvSieP8RGn3Y9fLekBZA&utm_medium=api&utm_source=a4bcf954&v=AB6514F9A4822D400C11C7E79281900CF4BF8E91,5825918016,Adzuna::API::Response::Job,"{'tag': 'unknown', '__CLASS__': 'Adzuna::API::Response::Category', 'label': 'Unknown'}",eyJhbGciOiJIUzI1NiJ9.eyJpIjoiNTgyNTkxODAxNiIsInMiOiJPdmh2U2llUDhSR24zWTlmTGVrQlpBIn0.hYdMpbdIiGRsdlRSub_Z37nDy6XyiI7Lon0U0IyZ7oQ,2026-08-02T21:52:58Z,"{'__CLASS__': 'Adzuna::API::Response::Company', 'display_name': 'Mercedes-Benz Tech Innovation'}",,,,
50.08407,8.23838,0,"{'display_name': 'Wiesbaden, Wiesbaden (Kreis)', 'area': ['Deutschland', 'Hessen', 'Wiesbaden (Kreis)', 'Wiesbaden'], '__CLASS__': 'Adzuna::API::Response::Location'}",Wissenschaftliche/-r Mitarbeiter/-in Informationssicherheit (w/m/d) im Referat „Querschnitts- und Steuerungs­aufgaben“ (F1-QueSt),Wissenschaftliche/-r Mitarbeiter/-in Informations­sicherheit (w/m/d) Job-ID: 150/26 im Referat „Querschnitts- und Steuerungs­aufgaben“ (F1-QueSt) Ort: Wiesbaden Bewerbungsfrist: 05.08.2026 Eintrittsdatum: nächstmöglich Beschäftigung: Vollzeit / Teilzeit ﻿Entgelt: E13 TVöD (ggf. weitere Vergütungs­möglichkeiten) Mehr Informationen über Ihr zu erwartendes Gehalt bietet der Bezügerechner des BVA Beschäf­tigungs­verhältnis: befristet auf 48 Monate (Projekt­tätigkeit) Fakten liefern. Demokratie sich…,https://www.adzuna.de/land/ad/5808154831?se=OvhvSieP8RGn3Y9fLekBZA&utm_medium=api&utm_source=a4bcf954&v=9681E172DAB0D26B8E8B7D3AB93311121902E538,5808154831,Adzuna::API::Response::Job,"{'tag': 'scientific-qa-jobs', '__CLASS__': 'Adzuna::API::Response::Category', 'label': 'Stellen aus Wissenschaft & Qualitätssicherung'}",eyJhbGciOiJIUzI1NiJ9.eyJpIjoiNTgwODE1NDgzMSIsInMiOiJPdmh2U2llUDhSR24zWTlmTGVrQlpBIn0.wzdQnKbKsIovO4JBvjgB3LttqOnD4Z3WQocqxKWTiVA,2026-07-20T15:34:34Z,"{'display_name': 'Statistisches Bundesamt', '__CLASS__': 'Adzuna::API::Response::Company'}",,,,
48.383137,9.856945,0,"{'__CLASS__': 'Adzuna::API::Response::Location', 'area': ['Deutschland', 'Baden-Württemberg', 'Ulm'], 'display_name': 'Ulm, Baden-Württemberg'}",Senior Solution Architect - Federated Energy & Construction Ecosystems (m/f/d),"Liebherr-Digital Development Center GmbH in Ulm develops digital solutions for the entire Liebherr Group. Our passionate team from the areas of software development, engineering and data science works together on various projects from the whole Liebherr product world. Our mission: creating outstanding digital experiences! Senior Solution Architect - Federated Energy & Construction Ecosystems (m/f/d) Job-ID 82724 Aufgaben Your responsibilities Understand the business - Assess and support the bus…",https://www.adzuna.de/land/ad/5825719004?se=OvhvSieP8RGn3Y9fLekBZA&utm_medium=api&utm_source=a4bcf954&v=5812D4B1820E54E98CC170D888BA3222650527E4,5825719004,Adzuna::API::Response::Job,"{'tag': 'engineering-jobs', '__CLASS__': 'Adzuna::API::Response::Category', 'label': 'Technikerstellen'}",eyJhbGciOiJIUzI1NiJ9.eyJzIjoiT3ZodlNpZVA4UkduM1k5Zkxla0JaQSIsImkiOiI1ODI1NzE5MDA0In0.EpvYPLh3UvJF0PnJuklgZei9csjqKvG-5yqpNLM1rro,2026-08-02T15:49:32Z,"{'display_name': 'Liebherr-Digital Development Center GmbH', '__CLASS__': 'Adzuna::API::Response::Company'}",,,,
48.92287,9.32281,0,"{'__CLASS__': 'Adzuna::API::Response::Location', 'area': ['Deutschland', 'Baden-Württemberg', 'Ludwigsburg (Kreis)', 'Affalterbach'], 'display_name': 'Affalterbach, Ludwigsburg (Kreis)'}",Werkstudent*in Prozessautomatisierung & Digitale Transformation Drive Systems - Softwareprojekte AMG,"Life is always about becoming… Im Leben geht es darum, sich auf eine Reise zu begeben, um die beste Version unseres zukünftigen Selbst zu werden. Während wir Neues entdecken, stellen wir uns Herausforderungen, meistern sie und wachsen über uns hinaus. Bewerben Sie sich bei Mercedes-Benz und finden Sie den Aufgabenbereich, in dem Sie Ihre Talente individuell entfalten können. Dabei werden Sie von visionären Kolleginnen und Kollegen unterstützt, die Ihren Pioniergeist teilen. Bei uns einzusteigen…",https://www.adzuna.de/land/ad/5807328109?se=OvhvSieP8RGn3Y9fLekBZA&utm_medium=api&utm_source=a4bcf954&v=D823CA7BA567122A99B12F996162301FC01C4D7A,5807328109,Adzuna::API::Response::Job,"{'__CLASS__': 'Adzuna::API::Response::Category', 'label': 'Unknown', 'tag': 'unknown'}",eyJhbGciOiJIUzI1NiJ9.eyJzIjoiT3ZodlNpZVA4UkduM1k5Zkxla0JaQSIsImkiOiI1ODA3MzI4MTA5In0.P-hwlteqmaxmU_0UDXco4wM6odBiFc6KjpnAyPjsph4,2026-07-19T21:32:49Z,"{'__CLASS__': 'Adzuna::API::Response::Company', 'display_name': 'Mercedes-Benz AG'}",,,,
52.507706,13.420806,0,"{'display_name': 'Berlin, Deutschland', '__CLASS__': 'Adzuna::API::Response::Location', 'area': ['Deutschland', 'Berlin']}",Promovierte*r wissenschaftliche*r Mitarbeiter*in Semantic Knowledge Engineering & Interoperabilität in Materials Science,"Die Bundesanstalt für Materialforschung und -prüfung (BAM) ist eine wissenschaftlich-technische Bundesoberbehörde mit Sitz in Berlin. Als Ressortforschungseinrichtung des Bundesministeriums für Wirtschaft und Energie forschen, prüfen und beraten wir zum Schutz von Menschen, Umwelt und Sachgütern. Im Mittelpunkt unserer Tätigkeit in Materialwissenschaft, Werkstofftechnik und Chemie steht die technische Sicherheit von Produkten und Prozessen. Im europäischen Projekt MaterialsCommons entwickelt di…",https://www.adzuna.de/land/ad/5812980831?se=OvhvSieP8RGn3Y9fLekBZA&utm_medium=api&utm_source=a4bcf954&v=DF4B1D27ACAB72789A15EC5C745B5A18644B298E,5812980831,Adzuna::API::Response::Job,"{'label': 'Stellen aus Wissenschaft & Qualitätssicherung', '__CLASS__': 'Adzuna::API::Response::Category', 'tag': 'scientific-qa-jobs'}",eyJhbGciOiJIUzI1NiJ9.eyJpIjoiNTgxMjk4MDgzMSIsInMiOiJPdmh2U2llUDhSR24zWTlmTGVrQlpBIn0.XciE6uY8BCBwQJfRMmbNe6og3l7whZWdr5hl9NrI3KU,2026-07-24T01:41:44Z,"{'display_name': 'Bundesanstalt für Materialforschung und -prüfung ', '__CLASS__': 'Adzuna::API::Response::Company'}",,,,
49.001249,8.412378,0,"{'display_name': 'Karlsruhe, Karlsruhe (Kreis)', 'area': ['Deutschland', 'Baden-Württemberg', 'Karlsruhe (Kreis)', 'Karlsruhe'], '__CLASS__': 'Adzuna::API::Response::Location'}",Duales Studium Bachelor of Science (B.Sc.) Data Science und knstliche Intelligenz (m/w/d) 2027,"BBBank eG - Better Banking Wir sind die größte genossenschaftliche Privatkundenbank in Deutschland. Als Digitalbank mit bundesweitem Filialnetz anüber 100 Standorten vereinen wir Erfahrung und Innovation mit derüber 100-jährigen Kompetenz eines erfolgreichen Bankhauses– kundenorientiert, wirtschaftlich, nachhaltig und sympathisch. Wir leben, lieben und liefern Better Banking und setzen Maßstäbe, die nachhaltig sind. Für Wachstum mit Substanz. Für beständige Weiterentwicklung, die Kundenerlebnis…",https://www.adzuna.de/land/ad/5750389086?se=OvhvSieP8RGn3Y9fLekBZA&utm_medium=api&utm_source=a4bcf954&v=2A546E6A4CD6C05D1693DE36D50BCB026400255D,5750389086,Adzuna::API::Response::Job,"{'tag': 'part-time-jobs', 'label': 'Teilzeitstellen', '__CLASS__': 'Adzuna::API::Response::Category'}",eyJhbGciOiJIUzI1NiJ9.eyJpIjoiNTc1MDM4OTA4NiIsInMiOiJPdmh2U2llUDhSR24zWTlmTGVrQlpBIn0.W6rECY1zsT0CEQ92lajjFSYon01NXdgvRCmAt8Xvgpc,2026-06-03T11:38:38Z,"{'__CLASS__': 'Adzuna::API::Response::Company', 'display_name': 'BBBank eG'}",,,,
50.387657,8.870952,0,"{'display_name': 'Hessen, Deutschland', '__CLASS__': 'Adzuna::API::Response::Location', 'area': ['Deutschland', 'Hessen']}",Personalcontroller/in (m/w/d) – Fokus Data & Systems,"HRblue ist seit über 25 Jahren spezialisiert auf die Besetzung von HR Fach- und Führungspositionen. In allen Branchen und in ganz Deutschland. Aktuell besetzen wir folgendes Mandat: Unser Mandant ist ein führender europäischer Akteur in seiner Branche. Nach einer Phase der massiven Systemstabilisierung (SAP SuccessFactors, Payroll) befindet sich das Unternehmen nun in der nächsten Stufe der Automatisierung und Datenintegration. Aufgaben Vom Datenverwalter zum strategischen Sparringspartner: Ges…",https://www.adzuna.de/land/ad/5789155890?se=OvhvSieP8RGn3Y9fLekBZA&utm_medium=api&utm_source=a4bcf954&v=6F1DE4452BDB85A8A7829E2669EABC548BE7B5FB,5789155890,Adzuna::API::Response::Job,"{'tag': 'unknown', 'label': 'Unknown', '__CLASS__': 'Adzuna::API::Response::Category'}",eyJhbGciOiJIUzI1NiJ9.eyJpIjoiNTc4OTE1NTg5MCIsInMiOiJPdmh2U2llUDhSR24zWTlmTGVrQlpBIn0.U-yQA3r-D3Ku9HJW_XzRNVB_gDLu8xttInGPxSlFhbA,2026-07-05T15:55:54Z,"{'__CLASS__': 'Adzuna::API::Response::Company', 'display_name': 'HRblue AG'}",,,,
52.507706,13.420806,0,"{'__CLASS__': 'Adzuna::API::Response::Location', 'area': ['Deutschland', 'Berlin'], 'display_name': 'Berlin, Deutschland'}",Präsident (w/m/d),"Als Teil der Kienbaum Gruppe ist die DBU Digital Business University of Applied Sciences die Wirtschaftshochschule für das digitale Zeitalter. Als private Hochschule und aufgrund ihrer einzigartigen Positionierung bietet die DBU eine Kombination aus praxisorientiertem und berufsbegleitendem Studium. Seit ihrer Gründung partizipiert sie am starken Wachstum des privaten und betrieblichen Weiterbildungsmarktes. Ziel ist es, zukunftsorientierte Studierende und Berufstätige auf die Chancen und Herau…",https://www.adzuna.de/land/ad/5812021625?se=OvhvSieP8RGn3Y9fLekBZA&utm_medium=api&utm_source=a4bcf954&v=F617609D49B6FCBB0BB6BE3C1BF20119585F8E89,5812021625,Adzuna::API::Response::Job,"{'tag': 'unknown', '__CLASS__': 'Adzuna::API::Response::Category', 'label': 'Unknown'}",eyJhbGciOiJIUzI1NiJ9.eyJpIjoiNTgxMjAyMTYyNSIsInMiOiJPdmh2U2llUDhSR24zWTlmTGVrQlpBIn0.Hjum45EZLL4bRrl8NPgm7dbOTXnLWhQP2wqqp0XF-NA,2026-07-23T09:49:57Z,"{'__CLASS__': 'Adzuna::API::Response::Company', 'display_name': 'DBU - University of Applied Sciences'}",,,,
49.496025,8.491505,0,"{'display_name': 'Mannheim, Baden-Württemberg', '__CLASS__': 'Adzuna::API::Response::Location', 'area': ['Deutschland', 'Baden-Württemberg', 'Mannheim']}",Praktikum im Bereich Produktbewährung Motor & Abgasnachbehandlung – Digitalisierung & Launch Monitoring für 6 Monate ab Oktober 2026,"Bei Daimler Truck verändern wir das Transportwesen von heute und erzielen gemeinsam echte Wirkung. Wir übernehmen weltweit Verantwortung und arbeiten als ein globales Team zusammen. Wir treiben unseren Fortschritt und Erfolg gemeinsam voran – jede:r bei Daimler Truck macht den Unterschied. Gemeinsam wollen wir unseren CO2-Fußabdruck reduzieren, die Sicherheit auf und abseits der Straße erhöhen, intelligentere Technologien und attraktive Finanzlösungen entwickeln. All dies ist unerlässlich, um u…",https://www.adzuna.de/land/ad/5811047323?se=OvhvSieP8RGn3Y9fLekBZA&utm_medium=api&utm_source=a4bcf954&v=1DC893229686E6FAC28802EF16C3B42DF16F4B84,5811047323,Adzuna::API::Response::Job,"{'tag': 'it-jobs', '__CLASS__': 'Adzuna::API::Response::Category', 'label': 'IT-Stellen'}",eyJhbGciOiJIUzI1NiJ9.eyJzIjoiT3ZodlNpZVA4UkduM1k5Zkxla0JaQSIsImkiOiI1ODExMDQ3MzIzIn0.cQfHXE9Fz5A62rC9HRsvtP0FnYdmSGLNMqls8Vbrwvc,2026-07-22T17:40:11Z,"{'display_name': 'Daimler Truck AG', '__CLASS__': 'Adzuna::API::Response::Company'}",,,,
50.9744,10.32523,0,"{'display_name': 'Eisenach, Eisenach (Kreis)', '__CLASS__': 'Adzuna::API::Response::Location', 'area': ['Deutschland', 'Thüringen', 'Eisenach (Kreis)', 'Eisenach']}",Praktikum: IT Prozessautomatisierung im Bereich Logistik,"Möchten Sie Ihre Ideen in nutzbringende und sinnvolle Technologien verwandeln? Ob im Bereich Mobility Solutions, Consumer Goods, Industrial Technology oder Energy and Building Technology - mit uns verbessern Sie die Lebensqualität der Menschen auf der ganzen Welt. Willkommen bei Bosch. Die Robert Bosch Fahrzeugelektrik Eisenach GmbH freut sich auf Ihre Bewerbung! Anstellungsart: Befristet Arbeitszeit: Vollzeit Arbeitsort: Eisenach Aufgaben Was ist Deine Herausforderung? Ein Teil Deiner Zeit wir…",https://www.adzuna.de/land/ad/5815063552?se=OvhvSieP8RGn3Y9fLekBZA&utm_medium=api&utm_source=a4bcf954&v=7428155E2D73D763D21C44500ACF776AEA8ED382,5815063552,Adzuna::API::Response::Job,"{'tag': 'logistics-warehouse-jobs', 'label': 'Stellen aus Logistik & Lagerhaltung', '__CLASS__': 'Adzuna::API::Response::Category'}",eyJhbGciOiJIUzI1NiJ9.eyJzIjoiT3ZodlNpZVA4UkduM1k5Zkxla0JaQSIsImkiOiI1ODE1MDYzNTUyIn0.Nc6BJylsSOLY-HbMiGuob-VcsDZbkmb0RpI8GqRoz0I,2026-07-25T09:46:06Z,"{'display_name': 'Bosch Gruppe', '__CLASS__': 'Adzuna::API::Response::Company'}",,,,
48.137418,11.555737,0,"{'display_name': 'München, München (Kreis)', 'area': ['Deutschland', 'Bayern', 'München (Kreis)', 'München'], '__CLASS__': 'Adzuna::API::Response::Location'}",Head of Lifecycle & Retention (m/w/d),"Deine Mission: Du denkst in Kundenbeziehungen statt in Kampagnen und weißt, dass der wahre Wert nicht im ersten Kauf liegt, sondern in allem, was danach kommt? Dann gestalte mit uns, wie aus Erstkäuferinnen echte Stammkundinnen werden. Als Head of Retention & Lifecycle Management verantwortest Du unsere CRM-Strategie und entwickelst unsere Lifecycle- und Retention-Programme kontinuierlich weiter. Als Business Owner für den Customer Lifetime Value machst Du nachhaltiges Kundenwachstum zu Deiner …",https://www.adzuna.de/land/ad/5816229581?se=OvhvSieP8RGn3Y9fLekBZA&utm_medium=api&utm_source=a4bcf954&v=EAE002AE5F25487A5CA37F1AD0C18E51BB990AA2,5816229581,Adzuna::API::Response::Job,"{'tag': 'customer-services-jobs', '__CLASS__': 'Adzuna::API::Response::Category', 'label': 'Kundendienststellen'}",eyJhbGciOiJIUzI1NiJ9.eyJpIjoiNTgxNjIyOTU4MSIsInMiOiJPdmh2U2llUDhSR24zWTlmTGVrQlpBIn0.QfPYpO9mfH2tgTOuy7Bt7w_eopAgQfx3l21eVuW7KNs,2026-07-26T07:22:46Z,"{'display_name': 'ASAMBEAUTY GmbH', '__CLASS__': 'Adzuna::API::Response::Company'}",,,,
49.443967,11.083642,0,"{'area': ['Deutschland', 'Bayern', 'Nürnberg'], '__CLASS__': 'Adzuna::API::Response::Location', 'display_name': 'Nürnberg, Bayern'}","Duales Studium Bachelor of Science in Data Science und Künstlicher Intelligenz (m/w/d), ab 09/2027",Das ist dein Arbeitsumfeld: Gemeinsam mit rund 200 Auszubildenden und dual Studierenden meisterst du die abwechslungsreichen und anspruchsvollen Aufgaben und bist von Beginn an in ein Team eingebunden. Kompetente Ausbilderinnen und Ausbilder stehen dir mit Rat und Tat zur Seite und unterstützen dich bei deiner fachlichen und persönlichen Entwicklung. Nach erfolgreichem Abschluss darfst du dich auf eineÜbernahme von mind. einem Jahr freuen. Zum 01.09. starten wir in einen gemeinsamen Orientierun…,https://www.adzuna.de/land/ad/5788591414?se=OvhvSieP8RGn3Y9fLekBZA&utm_medium=api&utm_source=a4bcf954&v=C324DFB5529A7982C109999BF348D3184B650ACE,5788591414,Adzuna::API::Response::Job,"{'tag': 'part-time-jobs', '__CLASS__': 'Adzuna::API::Response::Category', 'label': 'Teilzeitstellen'}",eyJhbGciOiJIUzI1NiJ9.eyJzIjoiT3ZodlNpZVA4UkduM1k5Zkxla0JaQSIsImkiOiI1Nzg4NTkxNDE0In0.qM6zCwn4_nQB7jE-1TzuHTlpdDsfqZkuzSDDStkFYbo,2026-07-05T01:48:24Z,"{'__CLASS__': 'Adzuna::API::Response::Company', 'display_name': 'DATEV eG'}",,,,
48.776198,9.187224,0,"{'area': ['Deutschland', 'Baden-Württemberg', 'Stuttgart'], '__CLASS__': 'Adzuna::API::Response::Location', 'display_name': 'Stuttgart, Baden-Württemberg'}",Praktikant*in Market Steering - Model D Agendy Model (Pflicht-Praktikum),"Life is always about becoming… Im Leben geht es darum, sich auf eine Reise zu begeben, um die beste Version unseres zukünftigen Selbst zu werden. Während wir Neues entdecken, stellen wir uns Herausforderungen, meistern sie und wachsen über uns hinaus. Bewerben Sie sich bei Mercedes-Benz und finden Sie den Aufgabenbereich, in dem Sie Ihre Talente individuell entfalten können. Dabei werden Sie von visionären Kolleginnen und Kollegen unterstützt, die Ihren Pioniergeist teilen. Bei uns einzusteigen…",https://www.adzuna.de/land/ad/5824804677?se=OvhvSieP8RGn3Y9fLekBZA&utm_medium=api&utm_source=a4bcf954&v=BCB725DB4F5537C7DCF3679C4F7DE6B1B1C4206B,5824804677,Adzuna::API::Response::Job,"{'tag': 'unknown', 'label': 'Unknown', '__CLASS__': 'Adzuna::API::Response::Category'}",eyJhbGciOiJIUzI1NiJ9.eyJpIjoiNTgyNDgwNDY3NyIsInMiOiJPdmh2U2llUDhSR24zWTlmTGVrQlpBIn0.LKL_r6pp0CLCaJEfvqfCcV8uthoTtVJseJNplskmOok,2026-08-02T01:09:26Z,"{'__CLASS__': 'Adzuna::API::Response::Company', 'display_name': 'Mercedes-Benz AG'}",,,,
48.720071,9.026231,0,"{'area': ['Deutschland', 'Baden-Württemberg', 'Böblingen (Kreis)', 'Sindelfingen'], '__CLASS__': 'Adzuna::API::Response::Location', 'display_name': 'Sindelfingen, Böblingen (Kreis)'}",Praktikant*in Functional Safety Powertrain,"Life is always about becoming… Im Leben geht es darum, sich auf eine Reise zu begeben, um die beste Version unseres zukünftigen Selbst zu werden. Während wir Neues entdecken, stellen wir uns Herausforderungen, meistern sie und wachsen über uns hinaus. Bewerben Sie sich bei Mercedes-Benz und finden Sie den Aufgabenbereich, in dem Sie Ihre Talente individuell entfalten können. Dabei werden Sie von visionären Kolleginnen und Kollegen unterstützt, die Ihren Pioniergeist teilen. Bei uns einzusteigen…",https://www.adzuna.de/land/ad/5812539348?se=OvhvSieP8RGn3Y9fLekBZA&utm_medium=api&utm_source=a4bcf954&v=D5B283AB5FA793F1CBA6E41680CB950BA81ACEC9,5812539348,Adzuna::API::Response::Job,"{'label': 'Stellen aus Fertigung', '__CLASS__': 'Adzuna::API::Response::Category', 'tag': 'manufacturing-jobs'}",eyJhbGciOiJIUzI1NiJ9.eyJzIjoiT3ZodlNpZVA4UkduM1k5Zkxla0JaQSIsImkiOiI1ODEyNTM5MzQ4In0.lHI-VTvDmlUwL7M3R9bHJQxIPk5QYatxaBYX6DGwhIs,2026-07-23T19:04:24Z,"{'__CLASS__': 'Adzuna::API::Response::Company', 'display_name': 'Mercedes-Benz AG'}",,,,
48.68872,8.98349,0,"{'display_name': 'Böblingen, Böblingen (Kreis)', 'area': ['Deutschland', 'Baden-Württemberg', 'Böblingen (Kreis)', 'Böblingen'], '__CLASS__': 'Adzuna::API::Response::Location'}",Werkstudent*in Ladungsträgermanagement Schwerpunkt Digitalisierung,"Life is always about becoming… Im Leben geht es darum, sich auf eine Reise zu begeben, um die beste Version unseres zukünftigen Selbst zu werden. Während wir Neues entdecken, stellen wir uns Herausforderungen, meistern sie und wachsen über uns hinaus. Bewerben Sie sich bei Mercedes-Benz und finden Sie den Aufgabenbereich, in dem Sie Ihre Talente individuell entfalten können. Dabei werden Sie von visionären Kolleginnen und Kollegen unterstützt, die Ihren Pioniergeist teilen. Bei uns einzusteigen…",https://www.adzuna.de/land/ad/5805128420?se=OvhvSieP8RGn3Y9fLekBZA&utm_medium=api&utm_source=a4bcf954&v=054DE98A0E8A0868DC4709143CB138883BB97CF2,5805128420,Adzuna::API::Response::Job,"{'label': 'IT-Stellen', '__CLASS__': 'Adzuna::API::Response::Category', 'tag': 'it-jobs'}",eyJhbGciOiJIUzI1NiJ9.eyJzIjoiT3ZodlNpZVA4UkduM1k5Zkxla0JaQSIsImkiOiI1ODA1MTI4NDIwIn0.egg0xQG9HINabgQr1aPhiKkc3OoP-xhrpyqsfsb35VA,2026-07-17T21:13:23Z,"{'display_name': 'Mercedes-Benz AG', '__CLASS__': 'Adzuna::API::Response::Company'}",,,,
48.720071,9.026231,0,"{'__CLASS__': 'Adzuna::API::Response::Location', 'area': ['Deutschland', 'Baden-Württemberg', 'Böblingen (Kreis)', 'Sindelfingen'], 'display_name': 'Sindelfingen, Böblingen (Kreis)'}",Student*in für Bachelorarbeit KI-basierte eDrive Auslegung,"Life is always about becoming… Im Leben geht es darum, sich auf eine Reise zu begeben, um die beste Version unseres zukünftigen Selbst zu werden. Während wir Neues entdecken, stellen wir uns Herausforderungen, meistern sie und wachsen über uns hinaus. Bewerben Sie sich bei Mercedes-Benz und finden Sie den Aufgabenbereich, in dem Sie Ihre Talente individuell entfalten können. Dabei werden Sie von visionären Kolleginnen und Kollegen unterstützt, die Ihren Pioniergeist teilen. Bei uns einzusteigen…",https://www.adzuna.de/land/ad/5825830396?se=OvhvSieP8RGn3Y9fLekBZA&utm_medium=api&utm_source=a4bcf954&v=DADFB4092CB9B3E5B1921049F51AEE5BB5A3FCFE,5825830396,Adzuna::API::Response::Job,"{'tag': 'unknown', '__CLASS__': 'Adzuna::API::Response::Category', 'label': 'Unknown'}",eyJhbGciOiJIUzI1NiJ9.eyJzIjoiT3ZodlNpZVA4UkduM1k5Zkxla0JaQSIsImkiOiI1ODI1ODMwMzk2In0.ycsm00wCevokb548rvJJvgWPyBU_QYDW292pTD1lgns,2026-08-02T19:07:14Z,"{'__CLASS__': 'Adzuna::API::Response::Company', 'display_name': 'Mercedes-Benz AG'}",,,,
48.83367,12.96065,0,"{'__CLASS__': 'Adzuna::API::Response::Location', 'area': ['Deutschland', 'Bayern', 'Deggendorf (Kreis)', 'Deggendorf'], 'display_name': 'Deggendorf, Deggendorf (Kreis)'}",IT Projektleiter - SaaS / KI / SAP / PLM (m/w/d),"Wenn du schon mal eine CAD-Zeichnung gesehen hast und dachtest: „Da steckt doch mehr drin als nur Linien und Maße“, dann wirst du dich bei uns schnell zu Hause fühlen. Denn genau das glauben wir auch! Wir arbeiten jeden Tag daran, dieses „Mehr“ sichtbar zu machen. PartSpace ist die Plattform, die technischen Zeichnungen eine neue Bedeutung gibt: Unsere KI analysiert, versteht und rechnet aus, was früher Bauchgefühl war. Direkt aus der Konstruktion heraus. So helfen wir Industrieunternehmen, ihr…",https://www.adzuna.de/land/ad/5813839696?se=OvhvSieP8RGn3Y9fLekBZA&utm_medium=api&utm_source=a4bcf954&v=7F8F86FDD7522B66A161FC572BC2500D101CD5D7,5813839696,Adzuna::API::Response::Job,"{'label': 'IT-Stellen', '__CLASS__': 'Adzuna::API::Response::Category', 'tag': 'it-jobs'}",eyJhbGciOiJIUzI1NiJ9.eyJzIjoiT3ZodlNpZVA4UkduM1k5Zkxla0JaQSIsImkiOiI1ODEzODM5Njk2In0.QMjGs2DiTz3GSe_g0KEGovvGsWxUsBx1DC5mezZM_EU,2026-07-24T15:02:17Z,"{'__CLASS__': 'Adzuna::API::Response::Company', 'display_name': 'PartSpace GmbH'}",,,,
51.04524,7.54895,0,"{'display_name': 'Windhagen, Gummersbach', '__CLASS__': 'Adzuna::API::Response::Location', 'area': ['Deutschland', 'Nordrhein-Westfalen', 'Oberbergischer Kreis', 'Gummersbach', 'Windhagen']}",(Senior) Solution Architect Enterprise Cloud Platform (m/w/d),"Wegbereiter neuer Chancen – Willkommen bei der Wirtgen GmbH Die Wirtgen GmbH ist Teil der Wirtgen Group, einem international führenden Unternehmensverbund der Baumaschinenindustrie mit Werken in Deutschland, Brasilien, China und Indien sowie einem weltweiten Vertriebs- und Servicenetz. Als Spezialist für Maschinen und Verfahren für den Bau und die Instandsetzung von Fahrbahnen ist Wirtgen Marktführer. Am Unternehmensstandort Windhagen arbeiten rund 2.100 Beschäftigte. Unsere Arbeitswelt ist gep…",https://www.adzuna.de/land/ad/5825718429?se=OvhvSieP8RGn3Y9fLekBZA&utm_medium=api&utm_source=a4bcf954&v=D3CE658E40139FFF3115DD29654189FA3D998B49,5825718429,Adzuna::API::Response::Job,"{'label': 'IT-Stellen', '__CLASS__': 'Adzuna::API::Response::Category', 'tag': 'it-jobs'}",eyJhbGciOiJIUzI1NiJ9.eyJzIjoiT3ZodlNpZVA4UkduM1k5Zkxla0JaQSIsImkiOiI1ODI1NzE4NDI5In0.PWmTSeCdpJpoHobfF-CERNZB3RYVQKBRNDIbjwdvMlM,2026-08-02T15:49:16Z,"{'display_name': 'Wirtgen GmbH', '__CLASS__': 'Adzuna::API::Response::Company'}",,,,
50.773914,6.089788,0,"{'display_name': 'Aachen, Aachen (Kreis)', '__CLASS__': 'Adzuna::API::Response::Location', 'area': ['Deutschland', 'Nordrhein-Westfalen', 'Aachen (Kreis)', 'Aachen']}",Senior ML Engineer (all genders),"adesso steht für digitale Exzellenz – und damit auch für vielfältige Entwicklungsmöglichkeiten für alle adessi. Wir wachsen gemeinsam und lernen voneinander: in anspruchsvollen Projekten, interdisziplinären Teams und mit zielgerichteten Trainingsangeboten. Wir haben IT im Herzen und den Erfolg unserer Kunden im Fokus. Als Treiber der KI-Transformation verbinden wir Mut zur Veränderung mit technologischer Expertise und zukunftsfähigen Strategien. Was uns stark macht, sind unsere adessi, die etwa…",https://www.adzuna.de/land/ad/5773181047?se=OvhvSieP8RGn3Y9fLekBZA&utm_medium=api&utm_source=a4bcf954&v=E5F32F42F1C428D39FF722C46C83603532888759,5773181047,Adzuna::API::Response::Job,"{'label': 'Unknown', '__CLASS__': 'Adzuna::API::Response::Category', 'tag': 'unknown'}",eyJhbGciOiJIUzI1NiJ9.eyJpIjoiNTc3MzE4MTA0NyIsInMiOiJPdmh2U2llUDhSR24zWTlmTGVrQlpBIn0._UP1Xt6mPREEt_wFfoz4TG4TgzyaSLkUg722rBELSZs,2026-06-23T06:22:14Z,"{'__CLASS__': 'Adzuna::API::Response::Company', 'display_name': 'adesso SE'}",,,,
52.378818,9.742751,0,"{'__CLASS__': 'Adzuna::API::Response::Location', 'area': ['Deutschland', 'Niedersachsen', 'Region Hannover (Kreis)', 'Hannover'], 'display_name': 'Hannover, Region Hannover (Kreis)'}",AI Consultant (d/m/w),"Ob automatisierte Workflows, smarte Datenanalysen oder generative KI – bei MADSACK entwickelst du Lösungen, die Journalismus, Technologie und Prozesse intelligenter machen. In einem neu entstehenden Team gestaltest du den Einsatz von Künstlicher Intelligenz bei MADSACK aktiv mit und prägst so mit uns die Medienwelt von morgen. Wir sind MADSACK – ein Arbeitgeber, bei dem jeden Tag Geschichte geschrieben wird. Unsere DNA ist ein unabhängiger, überparteilicher und kritischer Journalismus. Mit unse…",https://www.adzuna.de/land/ad/5825718327?se=OvhvSieP8RGn3Y9fLekBZA&utm_medium=api&utm_source=a4bcf954&v=C3C5757A1889D8A86F8EF5A6D7EBC6C38579FA45,5825718327,Adzuna::API::Response::Job,"{'tag': 'unknown', '__CLASS__': 'Adzuna::API::Response::Category', 'label': 'Unknown'}",eyJhbGciOiJIUzI1NiJ9.eyJpIjoiNTgyNTcxODMyNyIsInMiOiJPdmh2U2llUDhSR24zWTlmTGVrQlpBIn0.0C_o7lq_qrXmkdQzXWSGdtIOQ6NOe2xWME-5pwnsYYY,2026-08-02T15:49:14Z,"{'__CLASS__': 'Adzuna::API::Response::Company', 'display_name': 'MADSACK'}",,,,
52.507706,13.420806,0,"{'display_name': 'Berlin, Deutschland', '__CLASS__': 'Adzuna::API::Response::Location', 'area': ['Deutschland', 'Berlin']}",Senior Agentic AI Engineer (all genders),"adesso steht für digitale Exzellenz – und damit auch für vielfältige Entwicklungsmöglichkeiten für alle adessi. Wir wachsen gemeinsam und lernen voneinander: in anspruchsvollen Projekten, interdisziplinären Teams und mit zielgerichteten Trainingsangeboten. Wir haben IT im Herzen und den Erfolg unserer Kunden im Fokus. Als Treiber der KI-Transformation verbinden wir Mut zur Veränderung mit technologischer Expertise und zukunftsfähigen Strategien. Was uns stark macht, sind unsere adessi, die etwa…",https://www.adzuna.de/land/ad/5773180938?se=OvhvSieP8RGn3Y9fLekBZA&utm_medium=api&utm_source=a4bcf954&v=A8FDE31EE176ACDFC5E80ED3FFE9E0CF9CDF1C84,5773180938,Adzuna::API::Response::Job,"{'label': 'IT-Stellen', '__CLASS__': 'Adzuna::API::Response::Category', 'tag': 'it-jobs'}",eyJhbGciOiJIUzI1NiJ9.eyJpIjoiNTc3MzE4MDkzOCIsInMiOiJPdmh2U2llUDhSR24zWTlmTGVrQlpBIn0.NeVXzwdzY7NE3IcGyy1iOHczFhp3NF5ch3MuH4eVNwA,2026-06-23T06:22:14Z,"{'__CLASS__': 'Adzuna::API::Response::Company', 'display_name': 'adesso SE'}",,,,
50.87096,6.86811,0,"{'display_name': 'Hürth, Rhein-Erft-Kreis', 'area': ['Deutschland', 'Nordrhein-Westfalen', 'Rhein-Erft-Kreis', 'Hürth'], '__CLASS__': 'Adzuna::API::Response::Location'}",Initiativbewerbung Data Science / BI,"Das sind wir Daten sind für uns nicht gleich Daten. Du teilst unsere Mission ""Mehr aus Daten rausholen""? Dann bist Du als Newbie oder erfahrenes Data Science Talent bei uns mehr als willkommen! Bei SKOPOS ELEMENTS unterstützen talentierte Data Scientists zukunftsorientierte Unternehmen und Menschen bei ihrem Weg zur Data Driven Company. Als Teil der SKOPOS GROUP sind wir seit 1995 führender Anbieter in der Marktforschung und beschäftigen aktuell über 140 Mitarbeitende. Begleite unser Wachstum u…",https://www.adzuna.de/details/5727333234?utm_medium=api&utm_source=a4bcf954,5727333234,Adzuna::API::Response::Job,"{'tag': 'unknown', '__CLASS__': 'Adzuna::API::Response::Category', 'label': 'Unknown'}",eyJhbGciOiJIUzI1NiJ9.eyJzIjoiT3ZodlNpZVA4UkduM1k5Zkxla0JaQSIsImkiOiI1NzI3MzMzMjM0In0.TNdYxMIlaUuiKfz4nO-q0waKeItpm2oUsnTF-vaqJvw,2026-05-12T23:14:56Z,"{'__CLASS__': 'Adzuna::API::Response::Company', 'display_name': 'Skopos Group'}",full_time,,,
48.383137,9.856945,0,"{'__CLASS__': 'Adzuna::API::Response::Location', 'area': ['Deutschland', 'Baden-Württemberg', 'Ulm'], 'display_name': 'Ulm, Baden-Württemberg'}",Java / Golang Senior Cloud Software Engineer (m/f/d),"Liebherr-Digital Development Center GmbH in Ulm develops digital solutions for the entire Liebherr Group. Our passionate team from the areas of software development, engineering and data science works together on various projects from the whole Liebherr product world. Our mission: creating outstanding digital experiences! Java / Golang Senior Cloud Software Engineer (m/f/d) Job-ID 82260 Aufgaben Understand the business - Assess and support the business objectives for digital products and servic…",https://www.adzuna.de/land/ad/5825810644?se=OvhvSieP8RGn3Y9fLekBZA&utm_medium=api&utm_source=a4bcf954&v=4D9E9C0F2A3F92492B129AF1191A8C5E1D95C758,5825810644,Adzuna::API::Response::Job,"{'__CLASS__': 'Adzuna::API::Response::Category', 'label': 'IT-Stellen', 'tag': 'it-jobs'}",eyJhbGciOiJIUzI1NiJ9.eyJpIjoiNTgyNTgxMDY0NCIsInMiOiJPdmh2U2llUDhSR24zWTlmTGVrQlpBIn0.Am_sYVFK5p1NdRgMsVg3GKjwAg3sFvkR_qq1zRsNj9s,2026-08-02T17:50:11Z,"{'display_name': 'Liebherr-Digital Development Center GmbH', '__CLASS__': 'Adzuna::API::Response::Company'}",,,,
49.9599,9.24812,0,"{'display_name': 'Bessenbach, Aschaffenburg (Kreis)', 'area': ['Deutschland', 'Bayern', 'Aschaffenburg (Kreis)', 'Bessenbach'], '__CLASS__': 'Adzuna::API::Response::Location'}",Global AI Adoption & Transformation Lead (m/w/d),"SAF-HOLLAND ist ein international führender Hersteller von fahrwerksbezogenen Baugruppen und Komponenten für Trailer, Lkw und Busse. Auf sechs Kontinenten beschäftigt SAF-HOLLAND rund 5.500 engagierte Mitarbeitende. Die Produktpalette umfasst unter anderem Achs- und Federungssysteme für Trailer sowie Sattelkupplungen und Kupplungssysteme für Lkw, Anhänger und Sattelauflieger als auch Brems- und EBS-Systeme. Daneben entwickelt SAF-HOLLAND innovative Produkte zur Erhöhung der Effizienz, Sicherhei…",https://www.adzuna.de/land/ad/5811047307?se=OvhvSieP8RGn3Y9fLekBZA&utm_medium=api&utm_source=a4bcf954&v=D5AE0764CEA1F71CDB4AF22EDA45BB4B11FC0367,5811047307,Adzuna::API::Response::Job,"{'label': 'IT-Stellen', '__CLASS__': 'Adzuna::API::Response::Category', 'tag': 'it-jobs'}",eyJhbGciOiJIUzI1NiJ9.eyJzIjoiT3ZodlNpZVA4UkduM1k5Zkxla0JaQSIsImkiOiI1ODExMDQ3MzA3In0.SeVANRwqL8ic8jRmeVjp-0tPFTkPN6_HKZgsUJ8nYPM,2026-07-22T17:40:09Z,"{'display_name': 'SAF-HOLLAND GmbH', '__CLASS__': 'Adzuna::API::Response::Company'}",,,,
48.776198,9.187224,0,"{'area': ['Deutschland', 'Baden-Württemberg', 'Stuttgart'], '__CLASS__': 'Adzuna::API::Response::Location', 'display_name': 'Stuttgart, Baden-Württemberg'}",(Senior) Softwareentwickler Go / Golang (all genders),"Die Almato mit Hauptsitz in Stuttgart ist der europäische Spezialist für KI-gestützte semantische Datenplattformen. Mit Bardioc, der AI-powered Semantic Data Platform, bietet Almato eine souveräne und leistungsstarke Lösung zur intelligenten Nutzung von Daten, verfügbar in verschiedenen Betriebsmodellen, darunter als Platform as a Service (PaaS). Rund 200 Mitarbeiter unterstützen Organisationen aus Wirtschaft, öffentlichem Sektor und Verteidigung gemeinsam mit führenden Partnern in den Bereiche…",https://www.adzuna.de/land/ad/5825812260?se=OvhvSieP8RGn3Y9fLekBZA&utm_medium=api&utm_source=a4bcf954&v=4727FA00F0C4E720E91B28232EC2AEEFC8910B09,5825812260,Adzuna::API::Response::Job,"{'tag': 'unknown', 'label': 'Unknown', '__CLASS__': 'Adzuna::API::Response::Category'}",eyJhbGciOiJIUzI1NiJ9.eyJzIjoiT3ZodlNpZVA4UkduM1k5Zkxla0JaQSIsImkiOiI1ODI1ODEyMjYwIn0.8lEuBhCBRtr7H4Gq_HmdNEKwIa1HDGG4FFW5EzTWAVo,2026-08-02T17:51:02Z,"{'__CLASS__': 'Adzuna::API::Response::Company', 'display_name': 'Almato AG'}",,,,
48.1476,11.56803,0,"{'__CLASS__': 'Adzuna::API::Response::Location', 'area': ['Deutschland', 'Bayern', 'München (Kreis)', 'München', 'Maxvorstadt'], 'display_name': 'Maxvorstadt, München'}",Head of Data Science,"Short Facts Join us on our journey to build Europe's energy backbone : We at Flexa are building Europe's largest virtual power plant with currently above 100k assets signed up, aiming to breach the million in the near future. To optimize the value creation from both trading algorithms across markets and dispatching to the assets, we are looking for a forward-thinking and experienced Head of Data Science (d/f/m) who shares our vision and values. A pioneering Head of Data Science to lead and grow…",https://www.adzuna.de/details/5607237994?utm_medium=api&utm_source=a4bcf954,5607237994,Adzuna::API::Response::Job,"{'label': 'Unknown', '__CLASS__': 'Adzuna::API::Response::Category', 'tag': 'unknown'}",eyJhbGciOiJIUzI1NiJ9.eyJpIjoiNTYwNzIzNzk5NCIsInMiOiJPdmh2U2llUDhSR24zWTlmTGVrQlpBIn0.FF5l_ZlwMdqHHeJ-6OAUEV3mJxEw4XzGquXY3ecdZS0,2026-01-31T07:21:56Z,"{'__CLASS__': 'Adzuna::API::Response::Company', 'display_name': 'Flexa'}",full_time,140000.0,200000.0,
52.507706,13.420806,0,"{'__CLASS__': 'Adzuna::API::Response::Location', 'area': ['Deutschland', 'Berlin'], 'display_name': 'Berlin, Deutschland'}",Engineering Manager (Data Science),"What you’ll do Build, mentor, and lead an elite data science team as a trusted, empathetic player-coach, while clearly communicating complex technical ideas to executives, customers, and partners Personally design, train, deploy, and own the models that power Peec AI’s AI Search recommendations, taking hands-on responsibility for our most business-critical ML systems Develop and ship novel algorithms that reverse-engineer AI search and LLM behavior, turning deep technical insight into durable, …",https://www.adzuna.de/details/5784246611?utm_medium=api&utm_source=a4bcf954,5784246611,Adzuna::API::Response::Job,"{'tag': 'it-jobs', '__CLASS__': 'Adzuna::API::Response::Category', 'label': 'IT-Stellen'}",eyJhbGciOiJIUzI1NiJ9.eyJpIjoiNTc4NDI0NjYxMSIsInMiOiJPdmh2U2llUDhSR24zWTlmTGVrQlpBIn0.S07i1ZY5CX4TlAXbXC3cBi7wG3NHhPHL4kk9jlWuj2E,2026-07-01T22:58:19Z,"{'__CLASS__': 'Adzuna::API::Response::Company', 'display_name': 'Peec AI'}",full_time,120000.0,160000.0,
,,0,"{'display_name': 'Deutschland', 'area': ['Deutschland'], '__CLASS__': 'Adzuna::API::Response::Location'}",Data Science Team Leader,"Ready for a challenge? That’s good, because at Just Eat Takeaway.com (JET) we have abundant opportunity, or, as we say, everything is on the table. We are a leading global online food delivery marketplace. Our tech ecosystem connects millions of active customers with hundreds of thousands of connected partners in countries across the globe. Our mission? To empower every food moment around the world, whether it’s through customer service, coding or couriers. About this role As the Senior Team Le…",https://www.adzuna.de/details/5734463783?utm_medium=api&utm_source=a4bcf954,5734463783,Adzuna::API::Response::Job,"{'tag': 'unknown', 'label': 'Unknown', '__CLASS__': 'Adzuna::API::Response::Category'}",eyJhbGciOiJIUzI1NiJ9.eyJpIjoiNTczNDQ2Mzc4MyIsInMiOiJPdmh2U2llUDhSR24zWTlmTGVrQlpBIn0.lGH0Ty70i0zWw7kKonuztr2_Ree3wLXxTsQsFN2jXPw,2026-05-19T23:10:02Z,"{'display_name': 'Just Eat', '__CLASS__': 'Adzuna::API::Response::Company'}",full_time,,,
52.507706,13.420806,0,"{'area': ['Deutschland', 'Berlin'], '__CLASS__': 'Adzuna::API::Response::Location', 'display_name': 'Berlin, Deutschland'}","Data Science, Music & Audio","Who we are Melotech is revolutionizing media and entertainment. We create art through technology for humans to enjoy. In just 24 months, our work has been heard, watched and loved for over 3 billion minutes worldwide. Founded by entrepreneur and investor Soheil Mirpour, we are backed by top VCs Cherry Ventures, Speedinvest and GFC, alongside world-class angels from firms such as Spotify, Blackstone and KKR. What you will do Join us as our first dedicated Data Scientist to bring order to the cha…",https://www.adzuna.de/details/5502257930?utm_medium=api&utm_source=a4bcf954,5502257930,Adzuna::API::Response::Job,"{'label': 'Unknown', '__CLASS__': 'Adzuna::API::Response::Category', 'tag': 'unknown'}",eyJhbGciOiJIUzI1NiJ9.eyJzIjoiT3ZodlNpZVA4UkduM1k5Zkxla0JaQSIsImkiOiI1NTAyMjU3OTMwIn0.hFFjE7xHBR2TqFTusnjHGvIPhewyhL-jj54EknxBaFQ,2025-11-18T19:20:38Z,"{'display_name': 'Melotech', '__CLASS__': 'Adzuna::API::Response::Company'}",full_time,,,
48.84099,10.85789,0,"{'__CLASS__': 'Adzuna::API::Response::Location', 'area': ['Deutschland', 'Bayern', 'Donau-Ries (Kreis)', 'Monheim'], 'display_name': 'Monheim, Donau-Ries (Kreis)'}",Data Science Lead 1,"Make your mark for patients To strengthen our Global Advanced Analytics team, we are looking for an adaptable, collaborative individual with an intrapreneurial mindset for our Analytics Lead opening . This hybrid role is based in our headquarters in Monheim, Germany requiring 40% onsite presence and 5-10% international/ domestic travel. About the role You will help to inform on the commercial viability of various assets in development. You will be responsible for making exceptional business imp…",https://www.adzuna.de/details/5672477950?utm_medium=api&utm_source=a4bcf954,5672477950,Adzuna::API::Response::Job,"{'tag': 'unknown', '__CLASS__': 'Adzuna::API::Response::Category', 'label': 'Unknown'}",eyJhbGciOiJIUzI1NiJ9.eyJpIjoiNTY3MjQ3Nzk1MCIsInMiOiJPdmh2U2llUDhSR24zWTlmTGVrQlpBIn0.6zuP14kvDc6ZjsA1w-BePtVLRCKoh2v5Ft66w9MCoEQ,2026-03-19T22:33:09Z,"{'__CLASS__': 'Adzuna::API::Response::Company', 'display_name': 'UCB'}",,,,
,,0,"{'display_name': 'Deutschland', 'area': ['Deutschland'], '__CLASS__': 'Adzuna::API::Response::Location'}",Praktikum Data Science in Neckarsulm,"Deine Aufgaben Werde Teil unseres Daten & KI Teams, unterstütze datenbasierte Analysen und entwickle innovative Automatisierungslösungen. Ab sofort für 4 bis 6 Monate. … konkret heißt das: Erhalte Einblicke in Big Data und Machine Learning Technologien Mitarbeit bei Datenerhebung, -aufbereitung und explorativer Analyse Entwicklung, Validierung und Pilotierung KI- und Statistik-basierte Lösungen für automatisierte Entscheidungen in Fachabteilungen Einbringen in die strategische Definition von Da…",https://www.adzuna.de/details/5708108449?utm_medium=api&utm_source=a4bcf954,5708108449,Adzuna::API::Response::Job,"{'__CLASS__': 'Adzuna::API::Response::Category', 'label': 'Unknown', 'tag': 'unknown'}",eyJhbGciOiJIUzI1NiJ9.eyJpIjoiNTcwODEwODQ0OSIsInMiOiJPdmh2U2llUDhSR24zWTlmTGVrQlpBIn0.e6jg6P7jhxniYVvnz2ZaFmaR8Zx1XpnWTfFet1TNcJs,2026-04-23T10:57:19Z,"{'display_name': 'Lidl Stiftung', '__CLASS__': 'Adzuna::API::Response::Company'}",full_time,,,
49.01336,8.38979,0,"{'display_name': 'Innenstadt, Karlsruhe', '__CLASS__': 'Adzuna::API::Response::Location', 'area': ['Deutschland', 'Baden-Württemberg', 'Karlsruhe (Kreis)', 'Karlsruhe', 'Innenstadt']}",Duales Studium Bachelor of Science (B.Sc.) Data Science und knstliche Intelligenz (m/w/d) 2027,"BBBank eG - Better Banking Wir sind die größte genossenschaftliche Privatkundenbank in Deutschland. Als Digitalbank mit bundesweitem Filialnetz anüber 100 Standorten vereinen wir Erfahrung und Innovation mit derüber 100-jährigen Kompetenz eines erfolgreichen Bankhauses– kundenorientiert, wirtschaftlich, nachhaltig und sympathisch. Wir leben, lieben und liefern Better Banking und setzen Maßstäbe, die nachhaltig sind. Für Wachstum mit Substanz. Für beständige Weiterentwicklung, die Kundenerlebnis…",https://www.adzuna.de/land/ad/5809699626?se=OvhvSieP8RGn3Y9fLekBZA&utm_medium=api&utm_source=a4bcf954&v=F817551DC4E0505880EB0639C3DD7C9DFB337395,5809699626,Adzuna::API::Response::Job,"{'__CLASS__': 'Adzuna::API::Response::Category', 'label': 'Teilzeitstellen', 'tag': 'part-time-jobs'}",eyJhbGciOiJIUzI1NiJ9.eyJzIjoiT3ZodlNpZVA4UkduM1k5Zkxla0JaQSIsImkiOiI1ODA5Njk5NjI2In0.nlGduEHE3CdxrWUkRN3FA8MBGZ7QEerKS-cXKDTy8CI,2026-07-21T22:57:04Z,"{'display_name': 'BBBank eG', '__CLASS__': 'Adzuna::API::Response::Company'}",,,,
49.46381,11.01935,0,"{'__CLASS__': 'Adzuna::API::Response::Location', 'area': ['Deutschland', 'Bayern', 'Nürnberg', 'Doos'], 'display_name': 'Doos, Nürnberg'}","Duales Studium Bachelor of Science in Data Science und Künstlicher Intelligenz (m/w/d), ab 09/2027",Das ist dein Arbeitsumfeld: Gemeinsam mit rund 200 Auszubildenden und dual Studierenden meisterst du die abwechslungsreichen und anspruchsvollen Aufgaben und bist von Beginn an in ein Team eingebunden. Kompetente Ausbilderinnen und Ausbilder stehen dir mit Rat und Tat zur Seite und unterstützen dich bei deiner fachlichen und persönlichen Entwicklung. Nach erfolgreichem Abschluss darfst du dich auf eineÜbernahme von mind. einem Jahr freuen. Zum 01.09. starten wir in einen gemeinsamen Orientierun…,https://www.adzuna.de/land/ad/5809714914?se=OvhvSieP8RGn3Y9fLekBZA&utm_medium=api&utm_source=a4bcf954&v=7C57079499765E02BF8244BC25C4AEA18958F2A4,5809714914,Adzuna::API::Response::Job,"{'tag': 'part-time-jobs', '__CLASS__': 'Adzuna::API::Response::Category', 'label': 'Teilzeitstellen'}",eyJhbGciOiJIUzI1NiJ9.eyJzIjoiT3ZodlNpZVA4UkduM1k5Zkxla0JaQSIsImkiOiI1ODA5NzE0OTE0In0.RKMQ_SH6Dr5HCbJrwixMSi94I_l1O6qHZg85UKsnWvo,2026-07-21T22:59:12Z,"{'display_name': 'DATEV eG', '__CLASS__': 'Adzuna::API::Response::Company'}",,,,
47.708999,9.137663,0,"{'display_name': 'Konstanz, Konstanz (Kreis)', 'area': ['Deutschland', 'Baden-Württemberg', 'Konstanz (Kreis)', 'Konstanz'], '__CLASS__': 'Adzuna::API::Response::Location'}",Projektleiterin (m/w/d) Urbane Datenplattform,"Wie machen wir die Verwaltung und den Standort Konstanz fit für die Zukunft? Das interdisziplinäre Team „Smart Green City“ entwickelt die nötige Daten- und Organisationsstruktur und setzt Maßnahmen konsequent um. Gemeinsam mit starken PartnerInnen treiben wir KI-Projekte voran, gestalten die „Innenstadt von morgen“ und erproben und integrieren Smart-City- und GovTech-Anwendungen – für eine moderne Verwaltung und einen starken Innovationsstandort Konstanz. Das Programm Smart Green City wird im B…",https://www.adzuna.de/land/ad/5820998064?se=OvhvSieP8RGn3Y9fLekBZA&utm_medium=api&utm_source=a4bcf954&v=50217873A477C626A621345EFEB8BE1877C2DD23,5820998064,Adzuna::API::Response::Job,"{'tag': 'hospitality-catering-jobs', 'label': 'Stellen aus Gastronomie & Catering', '__CLASS__': 'Adzuna::API::Response::Category'}",eyJhbGciOiJIUzI1NiJ9.eyJpIjoiNTgyMDk5ODA2NCIsInMiOiJPdmh2U2llUDhSR24zWTlmTGVrQlpBIn0.-pBalOzooa3D5ME8MWxBxuRUJS4NoGd4pBIeR9XGy2U,2026-07-30T12:31:23Z,"{'display_name': 'Stadt Konstanz', '__CLASS__': 'Adzuna::API::Response::Company'}",full_time,,,
48.92287,9.32281,0,"{'area': ['Deutschland', 'Baden-Württemberg', 'Ludwigsburg (Kreis)', 'Affalterbach'], '__CLASS__': 'Adzuna::API::Response::Location', 'display_name': 'Affalterbach, Ludwigsburg (Kreis)'}",Praktikant*in Reichweiteprognose Performance BEV sowie Betriebsstrategie V8 (Pflicht-Praktikum),"Life is always about becoming… Im Leben geht es darum, sich auf eine Reise zu begeben, um die beste Version unseres zukünftigen Selbst zu werden. Während wir Neues entdecken, stellen wir uns Herausforderungen, meistern sie und wachsen über uns hinaus. Bewerben Sie sich bei Mercedes-Benz und finden Sie den Aufgabenbereich, in dem Sie Ihre Talente individuell entfalten können. Dabei werden Sie von visionären Kolleginnen und Kollegen unterstützt, die Ihren Pioniergeist teilen. Bei uns einzusteigen…",https://www.adzuna.de/land/ad/5817436939?se=OvhvSieP8RGn3Y9fLekBZA&utm_medium=api&utm_source=a4bcf954&v=333603FEA530D40BD920B09C5E307D64628B09FB,5817436939,Adzuna::API::Response::Job,"{'tag': 'other-general-jobs', '__CLASS__': 'Adzuna::API::Response::Category', 'label': 'Sonstige/Allgemeine Stellen'}",eyJhbGciOiJIUzI1NiJ9.eyJzIjoiT3ZodlNpZVA4UkduM1k5Zkxla0JaQSIsImkiOiI1ODE3NDM2OTM5In0.uBSm7dPJFSkFO-aSZf9iGYkMDJE0uhY5artaMoiIki8,2026-07-27T15:54:18Z,"{'__CLASS__': 'Adzuna::API::Response::Company', 'display_name': 'Mercedes-Benz AG'}",,,,
51.052725,13.756452,0,"{'__CLASS__': 'Adzuna::API::Response::Location', 'area': ['Deutschland', 'Sachsen', 'Dresden'], 'display_name': 'Dresden, Sachsen'}",Wissenschaftliche Mitarbeiterin/Wissenschaftlicher Mitarbeiter/PhD (m/w/d) Chirurgische KI,"Chirurgische KI in der Klinik und Poliklinik für Viszeral-, Thorax- und Gefäßchirurgie und dem Else Kröner Fresenius Zentrum für Digitale Gesundheit Die Stelle ist ab 1. Oktober 2026 in Voll- oder Teilzeitbeschäftigung zunächst für 24 Monate befristet zu besetzen. Die Vergütung erfolgt nach den Eingruppierungsvorschriften des Tarifvertrages für den öffentlichen Dienst (TV-L) und ist bei Vorliegen der persönlichen Voraussetzungen in die Entgeltgruppe E13 möglich. Diese Stelle ist Teil eines von …",https://www.adzuna.de/land/ad/5818615831?se=OvhvSieP8RGn3Y9fLekBZA&utm_medium=api&utm_source=a4bcf954&v=AC180E19B2AF7B49AF722C6F3A40EBD09AB45D3F,5818615831,Adzuna::API::Response::Job,"{'label': 'Unknown', '__CLASS__': 'Adzuna::API::Response::Category', 'tag': 'unknown'}",eyJhbGciOiJIUzI1NiJ9.eyJpIjoiNTgxODYxNTgzMSIsInMiOiJPdmh2U2llUDhSR24zWTlmTGVrQlpBIn0.0-IeduKzGpHPfbAHaHgqlj4XtOB_rIgthiEySvW0bR8,2026-07-28T19:05:32Z,"{'display_name': 'Universitätsklinikum Carl Gustav Carus Dresden', '__CLASS__': 'Adzuna::API::Response::Company'}",,,,
49.142335,9.209895,0,"{'__CLASS__': 'Adzuna::API::Response::Location', 'area': ['Deutschland', 'Baden-Württemberg', 'Heilbronn (Kreis)', 'Heilbronn'], 'display_name': 'Heilbronn, Heilbronn (Kreis)'}",Professur (m/w/d) für Medizintechnische Wissenschaften,"DAS DUALE HOCHSCHULSTUDIUM MIT ZUKUNFT. Die Duale Hochschule Baden-Württemberg (DHBW) ist mit rund 33.000 Studierenden an neun Studienakademien und drei Campus sowie dem Center for Advanced Studies die größte Hochschule Baden-Württembergs. Gemeinsam mit 9.000 ausgewählten Unternehmen sowie sozialen und gesundheitsnahen Einrichtungen sorgt die DHBW für einen in Theorie und Praxis exzellent qualifizierten Fach- und Führungskräftenachwuchs in den Bereichen Wirtschaft, Technik, Sozialwesen und Gesu…",https://www.adzuna.de/land/ad/5802876016?se=OvhvSieP8RGn3Y9fLekBZA&utm_medium=api&utm_source=a4bcf954&v=A446F79ED3FD6DCF995F9444E2EAB814B95DA6EC,5802876016,Adzuna::API::Response::Job,"{'__CLASS__': 'Adzuna::API::Response::Category', 'label': 'Unknown', 'tag': 'unknown'}",eyJhbGciOiJIUzI1NiJ9.eyJzIjoiT3ZodlNpZVA4UkduM1k5Zkxla0JaQSIsImkiOiI1ODAyODc2MDE2In0.vcSrJ3NPMmOKq67SAkYBDFm94sHAe7_LubnArAKGlRk,2026-07-16T15:09:08Z,"{'__CLASS__': 'Adzuna::API::Response::Company', 'display_name': 'Duale Hochschule Baden-Württemberg Heilbronn'}",,,,
51.04524,7.54895,0,"{'__CLASS__': 'Adzuna::API::Response::Location', 'area': ['Deutschland', 'Nordrhein-Westfalen', 'Oberbergischer Kreis', 'Gummersbach', 'Windhagen'], 'display_name': 'Windhagen, Gummersbach'}",(Senior) Solution Architect Integration Platform (m/w/d),"Wegbereiter neuer Chancen – Willkommen bei der Wirtgen GmbH Die Wirtgen GmbH ist Teil der Wirtgen Group, einem international führenden Unternehmensverbund der Baumaschinenindustrie mit Werken in Deutschland, Brasilien, China und Indien sowie einem weltweiten Vertriebs- und Servicenetz. Als Spezialist für Maschinen und Verfahren für den Bau und die Instandsetzung von Fahrbahnen ist Wirtgen Marktführer. Am Unternehmensstandort Windhagen arbeiten rund 2.100 Beschäftigte. Unsere Arbeitswelt ist gep…",https://www.adzuna.de/land/ad/5825718261?se=OvhvSieP8RGn3Y9fLekBZA&utm_medium=api&utm_source=a4bcf954&v=26A9BA11C47DD8F6A7E3CF6CD7D8ABB00E4E4CFA,5825718261,Adzuna::API::Response::Job,"{'__CLASS__': 'Adzuna::API::Response::Category', 'label': 'IT-Stellen', 'tag': 'it-jobs'}",eyJhbGciOiJIUzI1NiJ9.eyJpIjoiNTgyNTcxODI2MSIsInMiOiJPdmh2U2llUDhSR24zWTlmTGVrQlpBIn0.5wt25RW_GxAAYjvfQ3EwlRpyL7E3l0j4OH3Cl1Oj4S0,2026-08-02T15:49:13Z,"{'__CLASS__': 'Adzuna::API::Response::Company', 'display_name': 'Wirtgen GmbH'}",,,,
47.75261,11.3775,0,"{'area': ['Deutschland', 'Bayern', 'Weilheim-Schongau (Kreis)', 'Penzberg'], '__CLASS__': 'Adzuna::API::Response::Location', 'display_name': 'Penzberg, Weilheim-Schongau (Kreis)'}",Leitung Administration – Forschungsinstitut (all genders),"Die Fraunhofer-Gesellschaft ist eine der weltweit führenden Organisationen für anwendungsorientierte Forschung. 74 Institute entwickeln wegweisende Technologien für unsere Wirtschaft und Gesellschaft – genauer: 30 000 Menschen aus Technik, Wissenschaft, Verwaltung und IT. Sie wissen: Wer zu Fraunhofer kommt, will und kann etwas verändern. Für sich, für uns und die Märkte von heute und morgen. Das Fraunhofer-Institut für Translationale Medizin und Pharmakologie ITMP erforscht und entwickelt inno…",https://www.adzuna.de/land/ad/5810493314?se=OvhvSieP8RGn3Y9fLekBZA&utm_medium=api&utm_source=a4bcf954&v=9911EB99B5DD6B6E6A9024588F33C14B362F7424,5810493314,Adzuna::API::Response::Job,"{'__CLASS__': 'Adzuna::API::Response::Category', 'label': 'Verwaltungsstellen', 'tag': 'admin-jobs'}",eyJhbGciOiJIUzI1NiJ9.eyJzIjoiT3ZodlNpZVA4UkduM1k5Zkxla0JaQSIsImkiOiI1ODEwNDkzMzE0In0.MdquUVdhbYiIWMm145Ndj0HzDBo-ACz4brnLMTiqtOc,2026-07-22T09:38:44Z,"{'__CLASS__': 'Adzuna::API::Response::Company', 'display_name': 'Fraunhofer-Institut für Translationale Medizin und Pharmakologie ITMP'}",,,,
50.940164,6.969972,0,"{'display_name': 'Köln, Nordrhein-Westfalen', '__CLASS__': 'Adzuna::API::Response::Location', 'area': ['Deutschland', 'Nordrhein-Westfalen', 'Köln']}",Software Architect Azure AI (all genders),"adesso steht für digitale Exzellenz – und damit auch für vielfältige Entwicklungsmöglichkeiten für alle adessi. Wir wachsen gemeinsam und lernen voneinander: in anspruchsvollen Projekten, interdisziplinären Teams und mit zielgerichteten Trainingsangeboten. Wir haben IT im Herzen und den Erfolg unserer Kunden im Fokus. Als Treiber der KI-Transformation verbinden wir Mut zur Veränderung mit technologischer Expertise und zukunftsfähigen Strategien. Was uns stark macht, sind unsere adessi, die etwa…",https://www.adzuna.de/land/ad/5798404888?se=OvhvSieP8RGn3Y9fLekBZA&utm_medium=api&utm_source=a4bcf954&v=79596C0D06E2D052771FB6907D8BB0AA4F9380FF,5798404888,Adzuna::API::Response::Job,"{'label': 'IT-Stellen', '__CLASS__': 'Adzuna::API::Response::Category', 'tag': 'it-jobs'}",eyJhbGciOiJIUzI1NiJ9.eyJpIjoiNTc5ODQwNDg4OCIsInMiOiJPdmh2U2llUDhSR24zWTlmTGVrQlpBIn0.FGdv1iJvaV1MkS0KHjBRUzKX_5sG4lo3y8AxRu-3nzI,2026-07-13T03:23:37Z,"{'__CLASS__': 'Adzuna::API::Response::Company', 'display_name': 'adesso SE'}",,,,
49.21886,8.36958,0,"{'area': ['Deutschland', 'Rheinland-Pfalz', 'Germersheim (Kreis)', 'Germersheim'], 'display_name': 'Germersheim, Germersheim (Kreis)', '__CLASS__': 'Adzuna::API::Response::Location'}","Duales Studium Data Science und Künstliche Intelligenz, Bachelor of Science, Mercedes-Benz AG, Global Logistics Center Germersheim, Studienbeginn 1. Oktober 2027 (m/w/d)","Life is always about becoming… Im Leben geht es darum, sich auf eine Reise zu begeben, um die beste Version unseres zukünftigen Selbst zu werden. Während wir Neues entdecken, stellen wir uns Herausforderungen, meistern sie und wachsen über uns hinaus. Bewerben Sie sich bei Mercedes-Benz und finden Sie den Aufgabenbereich, in dem Sie Ihre Talente individuell entfalten können. Dabei werden Sie von visionären Kolleginnen und Kollegen unterstützt, die Ihren Pioniergeist teilen. Bei uns einzusteigen…",https://www.adzuna.de/land/ad/5810552391?se=5P6GSyeP8RGGDr7w4nqLLQ&utm_medium=api&utm_source=a4bcf954&v=44E8BD146F824A1C17C1E9D9B1CFE1603EE259CA,5810552391,Adzuna::API::Response::Job,"{'tag': 'graduate-jobs', '__CLASS__': 'Adzuna::API::Response::Category', 'label': 'Stellen für Hochschulabsolventen'}",eyJhbGciOiJIUzI1NiJ9.eyJpIjoiNTgxMDU1MjM5MSIsInMiOiI1UDZHU3llUDhSR0dEcjd3NG5xTExRIn0.Rd4XMQoll2xHJnpWGq6EW0msr8A92HagBtDCN2ox9Oc,2026-07-22T10:26:58Z,"{'__CLASS__': 'Adzuna::API::Response::Company', 'display_name': 'Mercedes-Benz AG'}",,,,
48.776198,9.187224,0,"{'__CLASS__': 'Adzuna::API::Response::Location', 'display_name': 'Stuttgart, Baden-Württemberg', 'area': ['Deutschland', 'Baden-Württemberg', 'Stuttgart']}",Werkstudent:in (m/w/d) im Team Daten und Dienste im Öffentlichen Verkehr (ca. 8-15h/Woche),"Die NVBW – Nahverkehrsgesellschaft Baden-Württemberg mbH unterstützt das Ministerium für Verkehr Baden-Württemberg dabei, das Land zum Wegbereiter einer modernen und nachhaltigen Mobilität der Zukunft zu machen. Um dieser Herausforderung gewachsen zu sein, beschäftigen wir Expertinnen und Experten in den Bereichen Angebotsplanung und Infrastrukturentwicklung, Recht, Marketing/Erlöse/Vertrieb, Projekt- und Qualitätsmanagement sowie Neue und Digitale Mobilität. Kommen Sie zu uns und gestalten Sie…",https://www.adzuna.de/land/ad/5826405115?se=5P6GSyeP8RGGDr7w4nqLLQ&utm_medium=api&utm_source=a4bcf954&v=A603CFB73FB77171B92AE4F5BBCD6E97D771610D,5826405115,Adzuna::API::Response::Job,"{'label': 'Unknown', 'tag': 'unknown', '__CLASS__': 'Adzuna::API::Response::Category'}",eyJhbGciOiJIUzI1NiJ9.eyJzIjoiNVA2R1N5ZVA4UkdHRHI3dzRucUxMUSIsImkiOiI1ODI2NDA1MTE1In0.I6iGV1YzMyMArkCN_Jv9fdcSlf2-lz3PuCuunlQHlcQ,2026-08-03T09:50:24Z,"{'__CLASS__': 'Adzuna::API::Response::Company', 'display_name': 'NVBW - Nahverkehrsgesellschaft Baden-Württemberg mbH'}",,,,
51.955292,7.621504,0,"{'display_name': 'Münster, Nordrhein-Westfalen', 'area': ['Deutschland', 'Nordrhein-Westfalen', 'Münster'], '__CLASS__': 'Adzuna::API::Response::Location'}",KI-Lead (m/w/d) Alexianer,"Die Alexianer IT GmbH ist das Dienstleistungsunternehmen der Alexianer GmbH für die Informationstechnologie. Sie unterstützt bundesweit Alexianer-Einrichtungen im Verbund mit einer Vielzahl an Krankenhäusern, Senioren- und Pflegeeinrichtungen und darüber hinaus zahlreiche weitere Einrichtungen. 300 IT-Kolleg*innen an verschiedenen Standorten in Deutschland kümmern sich dabei um alle IT-Belange unserer >35.000 Mitarbeiter*innen an 20.000 Endgeräten und sorgen dabei kontinuierlich für eine zuverl…",https://www.adzuna.de/land/ad/5806621172?se=5P6GSyeP8RGGDr7w4nqLLQ&utm_medium=api&utm_source=a4bcf954&v=C6B75CF140EF3E2C13A856D70077E29D358E191C,5806621172,Adzuna::API::Response::Job,"{'__CLASS__': 'Adzuna::API::Response::Category', 'tag': 'it-jobs', 'label': 'IT-Stellen'}",eyJhbGciOiJIUzI1NiJ9.eyJpIjoiNTgwNjYyMTE3MiIsInMiOiI1UDZHU3llUDhSR0dEcjd3NG5xTExRIn0.tR6jCtma1JIaZjvuATlTSmHZ-CiaPzkiklW4Ou5dwxI,2026-07-19T01:56:57Z,"{'display_name': 'Alexianer IT GmbH', '__CLASS__': 'Adzuna::API::Response::Company'}",,,,
52.507706,13.420806,0,"{'__CLASS__': 'Adzuna::API::Response::Location', 'display_name': 'Berlin, Deutschland', 'area': ['Deutschland', 'Berlin']}",KI/IT-Spezialist*in / Softwareentwickler*in als Gutachter für Forschungs- & Entwicklungs -Projekte,"Wir sind einer der führenden Projektträger Deutschlands und Spezialist für zukunftsorientierte Beratung. Effiziente Forschungsförderung, maßgeschneiderte Begleitung von Innovationen und strategische Beratung – das ist unser Geschäft. Zu unseren Auftraggebern gehören Ministerien des Bundes und der Länder sowie die Europäische Kommission. Die rund 400 Mitarbeitenden unserer interdisziplinären Teams in Düsseldorf und Berlin setzen sich dafür ein, den Technologiestandort Deutschland nachhaltig zu s…",https://www.adzuna.de/land/ad/5817489825?se=5P6GSyeP8RGGDr7w4nqLLQ&utm_medium=api&utm_source=a4bcf954&v=9089104FFF152E36654CB52B639ADEB056EA53FD,5817489825,Adzuna::API::Response::Job,"{'label': 'Unknown', 'tag': 'unknown', '__CLASS__': 'Adzuna::API::Response::Category'}",eyJhbGciOiJIUzI1NiJ9.eyJpIjoiNTgxNzQ4OTgyNSIsInMiOiI1UDZHU3llUDhSR0dEcjd3NG5xTExRIn0.eCva-eJVw8uuzmb79j-gHL0vX6pvN9NmKYRZDtBOM2k,2026-07-27T17:45:37Z,"{'display_name': 'VDI Technologiezentrum GmbH', '__CLASS__': 'Adzuna::API::Response::Company'}",,,,
51.13209,14.10731,0,"{'area': ['Deutschland', 'Sachsen', 'Bautzen (Kreis)', 'Frankenthal'], 'display_name': 'Frankenthal, Bautzen (Kreis)', '__CLASS__': 'Adzuna::API::Response::Location'}",Praktikum/Abschlussarbeit im Bereich Data Science,"Unterstützen Sie uns im Rahmen eines Praktikums/einer Abschlussarbeit im Bereich Data Science. Studium/Fachrichtung | Mathematik, Statistik, Data Science, Informatik, Physik oder vglb. Studiengänge Einsatzbereich | Praktikum/Abschlussarbeit im Bereich Data Science Dauer | 3-6 Monate Bestens gefordert | Wir suchen motivierte Studierende, die sich unserem Data Science Team für ein Pflichtpraktikum und/oder eine Bachelor-/Masterarbeit (3-6 Monate) anschließen möchten. Bei uns können Sie praktische…",https://www.adzuna.de/details/5299866746?utm_medium=api&utm_source=a4bcf954,5299866746,Adzuna::API::Response::Job,"{'tag': 'unknown', '__CLASS__': 'Adzuna::API::Response::Category', 'label': 'Unknown'}",eyJhbGciOiJIUzI1NiJ9.eyJpIjoiNTI5OTg2Njc0NiIsInMiOiI1UDZHU3llUDhSR0dEcjd3NG5xTExRIn0.gTw-ZCkNqzxhM0zfJhTpudtI3TUACfuE40POFRjgdDQ,2025-07-12T22:07:55Z,"{'display_name': 'KSB', '__CLASS__': 'Adzuna::API::Response::Company'}",,,,
53.54167,9.99333,0,"{'__CLASS__': 'Adzuna::API::Response::Location', 'area': ['Deutschland', 'Hamburg', 'HafenCity'], 'display_name': 'HafenCity, Hamburg'}",Werkstudent Data Science - Jobsuche & Job-Empfehlung,"Als Werkstudent im Bereich Data Science unterstützt du uns dabei, unsere Such- und Empfehlungssysteme datenbasiert weiterzuentwickeln. Du arbeitest mit echten Nutzerprofilen, Stellenanzeigen sowie Such- und Empfehlungsergebnissen und hilfst uns zu verstehen, was ein gutes Matching ausmacht. Du bist Teil eines internationalen Data-Science-Teams und erhältst Einblicke in die Entwicklung datengetriebener Produkte – von der Analyse einzelner Ergebnisse bis hin zu produktiven Machine-Learning-System…",https://www.adzuna.de/details/5811753434?utm_medium=api&utm_source=a4bcf954,5811753434,Adzuna::API::Response::Job,"{'label': 'Unknown', 'tag': 'unknown', '__CLASS__': 'Adzuna::API::Response::Category'}",eyJhbGciOiJIUzI1NiJ9.eyJpIjoiNTgxMTc1MzQzNCIsInMiOiI1UDZHU3llUDhSR0dEcjd3NG5xTExRIn0.Kb1oibPA-C40gEUcd0AQ7u7QFMbrnna1X23lYChK3Uo,2026-07-23T04:30:32Z,"{'display_name': 'XING', '__CLASS__': 'Adzuna::API::Response::Company'}",,,,contract
48.82807,9.26652,0,"{'__CLASS__': 'Adzuna::API::Response::Location', 'display_name': 'Schmiden, Fellbach', 'area': ['Deutschland', 'Baden-Württemberg', 'Rems-Murr-Kreis', 'Fellbach', 'Schmiden']}",Praktikum Data Analytics / Data Science,"Praktikum Data Analytics / Data Science Datum: 12.11.2025 Standort: Fellbach, BW, DE, 70736 Unternehmen: STIHL Das ist die Aufgabe Mitwirken im innovativen Big Data Team: Unterstütze andere Fachbereiche durch Expertise in Data Analytics und erhalte Einblicke in Data Science und Data Visualization, um datengetriebene Entscheidungen voranzutreiben Beteiligen an Analytics Projekten: Arbeite interdisziplinär, um Produkte und interne Prozesse durch datengetriebene Insights zu optimieren, mit der Cha…",https://www.adzuna.de/details/5805899650?utm_medium=api&utm_source=a4bcf954,5805899650,Adzuna::API::Response::Job,"{'label': 'Stellen aus Buchhaltung & Finanzwesen', 'tag': 'accounting-finance-jobs', '__CLASS__': 'Adzuna::API::Response::Category'}",eyJhbGciOiJIUzI1NiJ9.eyJzIjoiNVA2R1N5ZVA4UkdHRHI3dzRucUxMUSIsImkiOiI1ODA1ODk5NjUwIn0.m7FV-Wv-rnh0D2zlswlex5tsrU6dPD7RhJjh8j8lVDw,2026-07-18T09:31:27Z,"{'__CLASS__': 'Adzuna::API::Response::Company', 'display_name': 'ANDREAS STIHL AG & Co. KG'}",,,,
48.39155,9.94976,0,"{'area': ['Deutschland', 'Baden-Württemberg', 'Ulm', 'Söflingen'], 'display_name': 'Söflingen, Ulm', '__CLASS__': 'Adzuna::API::Response::Location'}",Praxissemester im Bereich KI und Data Science,"Du studierst Informatik, Künstliche Intelligenz (KI), Data Science, Data Analytics oder einen vergleichbaren Studiengang mit Schwerpunkt Softwareentwicklung und möchtest dein theoretisches Wissen in einem praxisnahen Projekt anwenden, das langfristig einen echten Mehrwert schafft? Dann suchen wir genau dich für ein Praxissemester! Werde Teil unseres Teams am Standort Ulm und gestalte die Zukunft von NewTec aktiv mit! Was dich bei NewTec erwartet: Du entwickelst und optimierst Datenbankabfragen …",https://www.adzuna.de/details/5784409486?utm_medium=api&utm_source=a4bcf954,5784409486,Adzuna::API::Response::Job,"{'label': 'IT-Stellen', 'tag': 'it-jobs', '__CLASS__': 'Adzuna::API::Response::Category'}",eyJhbGciOiJIUzI1NiJ9.eyJpIjoiNTc4NDQwOTQ4NiIsInMiOiI1UDZHU3llUDhSR0dEcjd3NG5xTExRIn0.dCO1u-R-3cORKNn30JZvYE51UYjjSNNm3GRf2_OZ6X0,2026-07-01T23:47:40Z,"{'__CLASS__': 'Adzuna::API::Response::Company', 'display_name': 'NewTec'}",full_time,,,
52.507706,13.420806,0,"{'__CLASS__': 'Adzuna::API::Response::Location', 'display_name': 'Berlin, Deutschland', 'area': ['Deutschland', 'Berlin']}","Data Science Manager, Courier Pay","Ready for a challenge? Then Just Eat Takeaway.com might be the place for you. We’re a leading global online delivery platform, and our vision is to empower everyday convenience. Whether it’s a Friday-night feast, a post-gym poke bowl, or grabbing some groceries, our tech platform connects tens of millions of customers with hundreds of thousands of restaurant, grocery and convenience partners across the globe. About this role Logistics is the engine room of that platform. Every order depends on …",https://www.adzuna.de/details/5798307562?utm_medium=api&utm_source=a4bcf954,5798307562,Adzuna::API::Response::Job,"{'label': 'Unknown', '__CLASS__': 'Adzuna::API::Response::Category', 'tag': 'unknown'}",eyJhbGciOiJIUzI1NiJ9.eyJpIjoiNTc5ODMwNzU2MiIsInMiOiI1UDZHU3llUDhSR0dEcjd3NG5xTExRIn0.hDRm4DBnVJ9jGFT761_-lHZdgnbsD5jcKv9lkFK4ZtQ,2026-07-13T00:52:05Z,"{'display_name': 'Just Eat', '__CLASS__': 'Adzuna::API::Response::Company'}",full_time,,,
48.18449,11.44811,0,"{'display_name': 'Allach-Untermenzing, München', 'area': ['Deutschland', 'Bayern', 'München (Kreis)', 'München', 'Allach-Untermenzing'], '__CLASS__': 'Adzuna::API::Response::Location'}",Projektmanager – Data Analytics / Data Science,"Für den Standort München suchen wir: Projektmanager – Data Analytics / Data Science Ihre Aufgaben: Planung, Steuerung und Umsetzung datengetriebener Use Cases und Projekte über den gesamten Lifecycle Projektmanagement im Data-/Analytics-Umfeld (Termine, Budget, Risiken, Ressourcen) Zusammenarbeit mit Data Scientists, Data Analysts, Data Engineers, Product Ownern und Fachbereichen Übersetzung fachlicher Anforderungen in analytische Lösungsansätze Steuerung interner und externer Projektbeteiligte…",https://www.adzuna.de/details/5778269339?utm_medium=api&utm_source=a4bcf954,5778269339,Adzuna::API::Response::Job,"{'label': 'Stellen aus PR, Werbung & Marketing', 'tag': 'pr-advertising-marketing-jobs', '__CLASS__': 'Adzuna::API::Response::Category'}",eyJhbGciOiJIUzI1NiJ9.eyJpIjoiNTc3ODI2OTMzOSIsInMiOiI1UDZHU3llUDhSR0dEcjd3NG5xTExRIn0.sldiuYK8KVhgFBUofCzxtpAb-E7fwl7dXFaMWOl9YX4,2026-06-26T23:23:03Z,"{'__CLASS__': 'Adzuna::API::Response::Company', 'display_name': 'Guldberg'}",full_time,,,
52.507706,13.420806,0,"{'__CLASS__': 'Adzuna::API::Response::Location', 'display_name': 'Berlin, Deutschland', 'area': ['Deutschland', 'Berlin']}","Research Scientist, Foundational Data Science","Who we are Foundation models transformed text and images. Structured data - the largest and most consequential data format in the world - stayed untouched. Tables run every clinical trial, every financial model, every scientific experiment, every business decision, and no one had built a foundation model that truly understood them. Until now. What LLMs did for language, we're doing for tables. The next modality shift in AI is happening, and we're hiring the team that makes it. Momentum. We pion…",https://www.adzuna.de/details/5788539455?utm_medium=api&utm_source=a4bcf954,5788539455,Adzuna::API::Response::Job,"{'__CLASS__': 'Adzuna::API::Response::Category', 'tag': 'unknown', 'label': 'Unknown'}",eyJhbGciOiJIUzI1NiJ9.eyJzIjoiNVA2R1N5ZVA4UkdHRHI3dzRucUxMUSIsImkiOiI1Nzg4NTM5NDU1In0.KG94scN8272Sk2GKq2438ZYUtkzCrNmlpjHl-Pl5Wew,2026-07-05T00:49:56Z,"{'__CLASS__': 'Adzuna::API::Response::Company', 'display_name': 'Prior Labs'}",full_time,,,
,,0,"{'display_name': 'Deutschland', 'area': ['Deutschland'], '__CLASS__': 'Adzuna::API::Response::Location'}",Data Science Intern (FT Potential),"About finmid finmid 's mission is to enable software companies to reimagine how their business customers access capital. By productizing the complexity of financial services, finmid empowers companies to offer financial services where FinTech isn't the mission but enables the mission. About the opportunity We are looking for a Data Science Intern to join our Data team. This is an exciting opportunity for someone early in their career who is hungry to learn and build. You’ll work closely with th…",https://www.adzuna.de/details/5745959926?utm_medium=api&utm_source=a4bcf954,5745959926,Adzuna::API::Response::Job,"{'label': 'Unknown', '__CLASS__': 'Adzuna::API::Response::Category', 'tag': 'unknown'}",eyJhbGciOiJIUzI1NiJ9.eyJzIjoiNVA2R1N5ZVA4UkdHRHI3dzRucUxMUSIsImkiOiI1NzQ1OTU5OTI2In0.bMgkraYjT-f0nICHBRntYyUGZkTUfRaq3ELRno6yaGo,2026-05-30T23:27:29Z,"{'display_name': 'Finmid', '__CLASS__': 'Adzuna::API::Response::Company'}",full_time,,,
50.74164,8.20531,0,"{'__CLASS__': 'Adzuna::API::Response::Location', 'area': ['Deutschland', 'Hessen', 'Lahn-Dill-Kreis', 'Haiger'], 'display_name': 'Haiger, Lahn-Dill-Kreis'}",Duales Studium Softwaretechnologie - Data Science,"Salary: 28.000 - 48.000 € per year Requirements: Erfolgreicher Abschluss der allgemeinen oder fachgebundenen Hochschulreife Gute Leistungen besonders in Mathematik Interesse an Programmiersprachen, digitalen Technologien und Prozessen Idealerweise ein erstes Praktikum im IT Bereich oder eine abgeschlossene Berufsausbildung mit IT Hintergrund Sehr gute Sprachkenntnisse in Deutsch (Sprachniveau C1) und Englisch Gute PC-Kenntnisse (MS-Office), ggfs. Kenntnisse von anwendungsspezifischen Programmie…",https://www.adzuna.de/details/5823354893?utm_medium=api&utm_source=a4bcf954,5823354893,Adzuna::API::Response::Job,"{'label': 'IT-Stellen', '__CLASS__': 'Adzuna::API::Response::Category', 'tag': 'it-jobs'}",eyJhbGciOiJIUzI1NiJ9.eyJpIjoiNTgyMzM1NDg5MyIsInMiOiI1UDZHU3llUDhSR0dEcjd3NG5xTExRIn0.k-HVCmrk8pdbnimscYIfgph9WEfd4DLz1Lq-b7dVGBc,2026-08-01T07:18:21Z,"{'display_name': 'Loh Services GmbH&Co. KG', '__CLASS__': 'Adzuna::API::Response::Company'}",,28000.0,48000.0,contract
52.507706,13.420806,0,"{'display_name': 'Berlin, Deutschland', 'area': ['Deutschland', 'Berlin'], '__CLASS__': 'Adzuna::API::Response::Location'}","Data Science Intern, Music & Audio","Who we are Melotech is revolutionizing media and entertainment. We create art through technology for humans to enjoy. In just 24 months, our work has been heard, watched and loved for over 3 billion minutes worldwide. Founded by entrepreneur and investor Soheil Mirpour, we are backed by top VCs Cherry Ventures, Speedinvest and GFC, alongside world-class angels from firms such as Spotify, Blackstone and KKR. What you will do Join us as Data Scientist Intern to bring order to the chaos of culture…",https://www.adzuna.de/details/5502240982?utm_medium=api&utm_source=a4bcf954,5502240982,Adzuna::API::Response::Job,"{'label': 'Unknown', 'tag': 'unknown', '__CLASS__': 'Adzuna::API::Response::Category'}",eyJhbGciOiJIUzI1NiJ9.eyJpIjoiNTUwMjI0MDk4MiIsInMiOiI1UDZHU3llUDhSR0dEcjd3NG5xTExRIn0.gg9rbQWfVkwoYoj420i3mR1Emkdcu-xjvgjDspyra6I,2025-11-18T18:47:23Z,"{'display_name': 'Melotech', '__CLASS__': 'Adzuna::API::Response::Company'}",full_time,,,
52.51551,13.38475,0,"{'area': ['Deutschland', 'Berlin', 'Mitte'], 'display_name': 'Mitte, Berlin', '__CLASS__': 'Adzuna::API::Response::Location'}",Data Science Intern (all genders),"About Us STARK is a new kind of defence technology company revolutionising the way autonomous systems are deployed across multiple domains. We design, develop and manufacture high-performance unmanned systems that are software-defined, mass-scalable and cost-effective. This provides our operators with a decisive edge in highly contested environments. We’re focused on delivering deployable, high-performance systems—not future promises. In a time of rising threats, STARK is bolstering the technol…",https://www.adzuna.de/details/5798295689?utm_medium=api&utm_source=a4bcf954,5798295689,Adzuna::API::Response::Job,"{'__CLASS__': 'Adzuna::API::Response::Category', 'tag': 'unknown', 'label': 'Unknown'}",eyJhbGciOiJIUzI1NiJ9.eyJpIjoiNTc5ODI5NTY4OSIsInMiOiI1UDZHU3llUDhSR0dEcjd3NG5xTExRIn0.ipIQKzY0D3gNVI171ljkeGTjVE3nZgHNUVbF5LzhklE,2026-07-13T00:10:55Z,"{'__CLASS__': 'Adzuna::API::Response::Company', 'display_name': 'Stark'}",part_time,,,
48.720071,9.026231,0,"{'display_name': 'Sindelfingen, Böblingen (Kreis)', 'area': ['Deutschland', 'Baden-Württemberg', 'Böblingen (Kreis)', 'Sindelfingen'], '__CLASS__': 'Adzuna::API::Response::Location'}",Student*in für Masterarbeit - Agentic AI in der CarIT Security,"Life is always about becoming… Im Leben geht es darum, sich auf eine Reise zu begeben, um die beste Version unseres zukünftigen Selbst zu werden. Während wir Neues entdecken, stellen wir uns Herausforderungen, meistern sie und wachsen über uns hinaus. Bewerben Sie sich bei Mercedes-Benz und finden Sie den Aufgabenbereich, in dem Sie Ihre Talente individuell entfalten können. Dabei werden Sie von visionären Kolleginnen und Kollegen unterstützt, die Ihren Pioniergeist teilen. Bei uns einzusteigen…",https://www.adzuna.de/land/ad/5825828942?se=5P6GSyeP8RGGDr7w4nqLLQ&utm_medium=api&utm_source=a4bcf954&v=71C14D58648164843134937FF85DA5AEC4E7C7E2,5825828942,Adzuna::API::Response::Job,"{'__CLASS__': 'Adzuna::API::Response::Category', 'tag': 'it-jobs', 'label': 'IT-Stellen'}",eyJhbGciOiJIUzI1NiJ9.eyJzIjoiNVA2R1N5ZVA4UkdHRHI3dzRucUxMUSIsImkiOiI1ODI1ODI4OTQyIn0.ve4z5Vciikf9Zpo0l6YkfDLvR_0RW_kLefTb8ahT94M,2026-08-02T19:06:25Z,"{'display_name': 'Mercedes-Benz AG', '__CLASS__': 'Adzuna::API::Response::Company'}",,,,
51.226802,6.808387,0,"{'__CLASS__': 'Adzuna::API::Response::Location', 'display_name': 'Düsseldorf, Nordrhein-Westfalen', 'area': ['Deutschland', 'Nordrhein-Westfalen', 'Düsseldorf']}",Data Engineer Salesforce Data Cloud (all genders),"adesso steht für digitale Exzellenz – und damit auch für vielfältige Entwicklungsmöglichkeiten für alle adessi. Wir wachsen gemeinsam und lernen voneinander: in anspruchsvollen Projekten, interdisziplinären Teams und mit zielgerichteten Trainingsangeboten. Wir haben IT im Herzen und den Erfolg unserer Kunden im Fokus. Als Treiber der KI-Transformation verbinden wir Mut zur Veränderung mit technologischer Expertise und zukunftsfähigen Strategien. Was uns stark macht, sind unsere adessi, die etwa…",https://www.adzuna.de/land/ad/5773180923?se=5P6GSyeP8RGGDr7w4nqLLQ&utm_medium=api&utm_source=a4bcf954&v=9DBD8C099FEB8FF40F33D01C07A314BF26299758,5773180923,Adzuna::API::Response::Job,"{'label': 'Unknown', 'tag': 'unknown', '__CLASS__': 'Adzuna::API::Response::Category'}",eyJhbGciOiJIUzI1NiJ9.eyJpIjoiNTc3MzE4MDkyMyIsInMiOiI1UDZHU3llUDhSR0dEcjd3NG5xTExRIn0.ij5M5K-UgoyOR1M0WMX3Run-IkjMqtC091GBN0PhHt0,2026-06-23T06:22:14Z,"{'display_name': 'adesso SE', '__CLASS__': 'Adzuna::API::Response::Company'}",,,,
48.745846,9.315933,0,"{'__CLASS__': 'Adzuna::API::Response::Location', 'display_name': 'Esslingen am Neckar, Esslingen (Kreis)', 'area': ['Deutschland', 'Baden-Württemberg', 'Esslingen (Kreis)', 'Esslingen am Neckar']}",Praktikant*in Entwicklung einer App zur Steuerung und Anwendung von Drohnen im Produktionsumfeld (Pflicht-Praktikum),"Life is always about becoming… Im Leben geht es darum, sich auf eine Reise zu begeben, um die beste Version unseres zukünftigen Selbst zu werden. Während wir Neues entdecken, stellen wir uns Herausforderungen, meistern sie und wachsen über uns hinaus. Bewerben Sie sich bei Mercedes-Benz und finden Sie den Aufgabenbereich, in dem Sie Ihre Talente individuell entfalten können. Dabei werden Sie von visionären Kolleginnen und Kollegen unterstützt, die Ihren Pioniergeist teilen. Bei uns einzusteigen…",https://www.adzuna.de/land/ad/5812618776?se=5P6GSyeP8RGGDr7w4nqLLQ&utm_medium=api&utm_source=a4bcf954&v=E2A60E1D036B5C25D1E5A4DBE8621161858A5AB1,5812618776,Adzuna::API::Response::Job,"{'label': 'Unknown', '__CLASS__': 'Adzuna::API::Response::Category', 'tag': 'unknown'}",eyJhbGciOiJIUzI1NiJ9.eyJpIjoiNTgxMjYxODc3NiIsInMiOiI1UDZHU3llUDhSR0dEcjd3NG5xTExRIn0.hgH1tzvimMRaCA41DtZs6WSzTtXrOCotQwhPkJpHKRQ,2026-07-23T21:38:08Z,"{'__CLASS__': 'Adzuna::API::Response::Company', 'display_name': 'Mercedes-Benz AG'}",,,,
,,0,"{'area': ['Deutschland'], 'display_name': 'Deutschland', '__CLASS__': 'Adzuna::API::Response::Location'}","Cloud-Native Architekt (m/w/d) – Kubernetes, CNCF, MLOps","Rosenxt ist eine zukunftsorientierte Technologiegruppe - wir sind visionäre Architekten des Fortschritts mit Jahrzehnten an Ingenieurs-Exzellenz. Als ein privat geführter globaler Partner mit mehr als 650 Mitarbeitern schauen wir weit in die Zukunft, setzen auf Langfristigkeit und machen so aus Chancen erfolgreiche Geschäftsfelder. Wir sind technikbegeistert durch und durch, tauchen tief in die neuesten Technologien ein. Diese Expertise in verschiedensten Technologiebereichen wie Sensoren, auto…",https://www.adzuna.de/land/ad/5804911104?se=5P6GSyeP8RGGDr7w4nqLLQ&utm_medium=api&utm_source=a4bcf954&v=00B13D7C1CACC11C0A3D94C3521FDF73A100E047,5804911104,Adzuna::API::Response::Job,"{'label': 'Unknown', '__CLASS__': 'Adzuna::API::Response::Category', 'tag': 'unknown'}",eyJhbGciOiJIUzI1NiJ9.eyJzIjoiNVA2R1N5ZVA4UkdHRHI3dzRucUxMUSIsImkiOiI1ODA0OTExMTA0In0.uxhnDbAT9xq1O1QgG7ah8gvuHy1ZbVfEx914JAXK9ZE,2026-07-17T15:29:24Z,"{'__CLASS__': 'Adzuna::API::Response::Company', 'display_name': 'Rosenxt Group'}",,,,
52.263026,10.517347,0,"{'area': ['Deutschland', 'Niedersachsen', 'Braunschweig'], 'display_name': 'Braunschweig, Niedersachsen', '__CLASS__': 'Adzuna::API::Response::Location'}",Manager (m/w/d) digitale Transformation,Wir als inhabergeführte iwb stehen seit 1987 für Leistungen von herausragender Qualität. Von bundesweit 10 Standorten aus decken wir mit unseren über 330 Mitarbeitenden nahezu sämtliche Bereiche der Architektur- und Ingenieurplanung ab. Zur Verstärkung unseres Teams in Braunschweig suchen wir zum nächstmöglichen Zeitpunkt einen Manager (m/w/d) digitale Transformation . Aufgaben In deiner Position als Manager (m/w/d) digitale Transformation übernimmst du verantwortungsvolle Aufgaben bei der Weit…,https://www.adzuna.de/land/ad/5801428176?se=5P6GSyeP8RGGDr7w4nqLLQ&utm_medium=api&utm_source=a4bcf954&v=2BCA4FF27D61A3B0377A71E6275176B2436E1BC2,5801428176,Adzuna::API::Response::Job,"{'label': 'Unknown', '__CLASS__': 'Adzuna::API::Response::Category', 'tag': 'unknown'}",eyJhbGciOiJIUzI1NiJ9.eyJzIjoiNVA2R1N5ZVA4UkdHRHI3dzRucUxMUSIsImkiOiI1ODAxNDI4MTc2In0.o8T4AKkAm9-iNWmwjZf_RAaQllSiHyT_TIqLfInIsWw,2026-07-15T19:06:13Z,"{'display_name': 'iwb Ingenieurgesellschaft mbH', '__CLASS__': 'Adzuna::API::Response::Company'}",,,,
,,0,"{'__CLASS__': 'Adzuna::API::Response::Location', 'display_name': 'Deutschland', 'area': ['Deutschland']}",Bachelor of Science (DHBW) Data Science und Künstliche Intelligenz (m/w/d) Standort Winnenden 2026,"Kärcher ist der weltweit führende Anbieter von Reinigungstechnik und steht für Qualität, Innovation und Nachhaltigkeit. Diesen Erfolg verdanken wir unseren über 3.700 Mitarbeitenden in Winnenden und in Bühlertal und dem einzigartigen Kärcher-WOW-Gefühl. Als Familienunternehmen mit gefestigten Unternehmensstrukturen überzeugen wir durch WOW-tastische Karriereperspektiven, ein vertrauensvolles Arbeitsklima und tolle Kolleg*innen. JLFT1_DE",https://www.adzuna.de/land/ad/5810580098?se=5P6GSyeP8RGGDr7w4nqLLQ&utm_medium=api&utm_source=a4bcf954&v=49D64F120DA2CA56782EBA2C278B719B564394D9,5810580098,Adzuna::API::Response::Job,"{'label': 'Stellen für Hochschulabsolventen', '__CLASS__': 'Adzuna::API::Response::Category', 'tag': 'graduate-jobs'}",eyJhbGciOiJIUzI1NiJ9.eyJzIjoiNVA2R1N5ZVA4UkdHRHI3dzRucUxMUSIsImkiOiI1ODEwNTgwMDk4In0.cFRm2lX00Ku1hdtpRzl3vX7-AwI6blMqwZ0x5TgchsI,2026-07-22T10:33:56Z,"{'__CLASS__': 'Adzuna::API::Response::Company', 'display_name': 'Alfred Kärcher SE & Co. KG'}",,,,
51.5982,7.7773,0,"{'area': ['Deutschland', 'Nordrhein-Westfalen', 'Unna (Kreis)', 'Bönen'], 'display_name': 'Bönen, Unna (Kreis)', '__CLASS__': 'Adzuna::API::Response::Location'}",Junior Manager analytisches CRM (m/w/d),"In unserer Zentrale im nordrhein-westfälischen Bönen managen wir alles, was bei KiK passiert. Aktuell sind wir bereits mit über 4.200 Filialen in 14 Ländern vertreten. Bei uns arbeiten vielfältige Talente als Team zusammen: kreative Köpfe aus Produktmanagement und Marketing, kaufmännische Allround-Talente und Finanz- sowie ESG-Profis. Vielfalt ist Teil unseres familiären Umfelds. Wir arbeiten Hand in Hand und sorgen mit den Kolleg:innen der Filialen dafür, dass KiK in ganz Europa erfolgreich is…",https://www.adzuna.de/land/ad/5820881666?se=5P6GSyeP8RGGDr7w4nqLLQ&utm_medium=api&utm_source=a4bcf954&v=1234E9CA7701272A4411394DA2F9D1976E81ED76,5820881666,Adzuna::API::Response::Job,"{'label': 'Unknown', 'tag': 'unknown', '__CLASS__': 'Adzuna::API::Response::Category'}",eyJhbGciOiJIUzI1NiJ9.eyJpIjoiNTgyMDg4MTY2NiIsInMiOiI1UDZHU3llUDhSR0dEcjd3NG5xTExRIn0.Ob08QQy6yMl8BJYshWwgoArGBc0prvVUGKuWqxVLZH0,2026-07-30T09:52:12Z,"{'display_name': 'KiK Textilien und Non-Food GmbH', '__CLASS__': 'Adzuna::API::Response::Company'}",,,,
50.129683,8.650578,0,"{'__CLASS__': 'Adzuna::API::Response::Location', 'display_name': 'Frankfurt am Main, Hessen', 'area': ['Deutschland', 'Hessen', 'Frankfurt am Main']}",Projektmanager – Künstliche Intelligenz im Gesundheitswesen (w/m/d),Willkommen bei AGAPLESION Wir sind die AGAPLESION gAG und stehen als größter diakonischer Gesundheitskonzern Deutschlands für exzellente Medizin und Pflege sowie für ein werteorientiertes Miteinander. In unseren über 100 Einrichtungen behandeln und begleiten wir Menschen in allen Lebensphasen. Gemeinsam gestalten wir das Gesundheitswesen von morgen. Du begeisterst dich für moderne Technologien und möchtest die digitale Transformation aktiv mitgestalten? Dann bist du bei uns genau richtig! Wir s…,https://www.adzuna.de/land/ad/5822943401?se=5P6GSyeP8RGGDr7w4nqLLQ&utm_medium=api&utm_source=a4bcf954&v=CFDE91CBB406C2D82ED530A14B6B35A5C7526727,5822943401,Adzuna::API::Response::Job,"{'tag': 'unknown', '__CLASS__': 'Adzuna::API::Response::Category', 'label': 'Unknown'}",eyJhbGciOiJIUzI1NiJ9.eyJzIjoiNVA2R1N5ZVA4UkdHRHI3dzRucUxMUSIsImkiOiI1ODIyOTQzNDAxIn0.2MInqMwHAeNwHYYGjxNratQU-YExOkWTwcMNSJ3vOEg,2026-08-01T01:48:53Z,"{'__CLASS__': 'Adzuna::API::Response::Company', 'display_name': 'AGAPLESION gAG'}",,,,
50.129683,8.650578,0,"{'__CLASS__': 'Adzuna::API::Response::Location', 'area': ['Deutschland', 'Hessen', 'Frankfurt am Main'], 'display_name': 'Frankfurt am Main, Hessen'}",(Junior) Produktmanager (m/w/d) Financial Assistant,"Unser Anspruch ist es, eine neue Dimension im Mobile Banking zu definieren. Du kannst hier ganz vorne mit dabei sein! Du gestaltest die Analyse-Features unserer Banking-App, die Nutzer dabei unterstützen, ihre Finanzen besser zu verstehen und zu steuern. Dazu gehören die intelligente Kategorisierung von Transaktionen, die visuelle Aufbereitung des Einnahmen- und Ausgabenverhaltens sowie die automatisierte Erkennung von Verträgen und das Aufzeigen individueller Sparhinweise. Du gestaltest Featur…",https://www.adzuna.de/land/ad/5822116962?se=5P6GSyeP8RGGDr7w4nqLLQ&utm_medium=api&utm_source=a4bcf954&v=167237F7B22A265B41C6A6E9A9CCF8E867EDD640,5822116962,Adzuna::API::Response::Job,"{'label': 'Unknown', '__CLASS__': 'Adzuna::API::Response::Category', 'tag': 'unknown'}",eyJhbGciOiJIUzI1NiJ9.eyJzIjoiNVA2R1N5ZVA4UkdHRHI3dzRucUxMUSIsImkiOiI1ODIyMTE2OTYyIn0.2MSKXg2In2blU3J16QSRgqaamzDsx6-K8B904fCUpLk,2026-07-31T09:49:03Z,"{'__CLASS__': 'Adzuna::API::Response::Company', 'display_name': 'C24 Bank GmbH'}",,,,
,,0,"{'display_name': 'Deutschland', 'area': ['Deutschland'], '__CLASS__': 'Adzuna::API::Response::Location'}",Specialist (w/m/d) Datenmanagement & MIS,"BANK.ECHT.ANDERS. Das ist unser Anspruch als Arbeitgeberin. Wir wollen zur besten Bank für alle unsere Kund*innen und Mitarbeiter*innen werden, deshalb suchen wir Menschen, die gemeinsam etwas bewegen wollen. Als Teil unseres Kundencenter-Teams erlebst du eine Kultur, in der Vielfalt, Dynamik und Mitgestaltung wertgeschätzt werden. So kannst du Lösungen finden, die deinen Kund*innen optimal weiterhelfen. Und wenn du dabei einen Weg entdeckst, den noch keiner auf dem Zettel hatte: umso besser! D…",https://www.adzuna.de/land/ad/5815536644?se=5P6GSyeP8RGGDr7w4nqLLQ&utm_medium=api&utm_source=a4bcf954&v=84AB3B4C56CB3F68B2CE4F93D95ACCD87269261F,5815536644,Adzuna::API::Response::Job,"{'label': 'Unknown', 'tag': 'unknown', '__CLASS__': 'Adzuna::API::Response::Category'}",eyJhbGciOiJIUzI1NiJ9.eyJpIjoiNTgxNTUzNjY0NCIsInMiOiI1UDZHU3llUDhSR0dEcjd3NG5xTExRIn0.dNZmxxevyaftCDN7iv7gKvzk_Tfwjc10gHTY70rKDjk,2026-07-25T17:43:44Z,"{'__CLASS__': 'Adzuna::API::Response::Company', 'display_name': 'TARGOBANK'}",,,,
51.339254,12.373598,0,"{'__CLASS__': 'Adzuna::API::Response::Location', 'display_name': 'Leipzig, Leipzig (Kreis)', 'area': ['Deutschland', 'Sachsen', 'Leipzig (Kreis)', 'Leipzig']}",Portfoliomanager (gn),"Unser virtuelles Kraftwerk ist in der Lage, tausende dezentrale Energieerzeuger, Verbraucher und Speicher bestmöglich an allen relevanten Energie- und Flexibilitätsmärkten zu platzieren. 4.700 technische Einheiten vermarkten 4.568 MW Erzeugungsleistung und Flexibilität mit uns. Als Portfoliomanager (gn) übernimmst Du die Verantwortung für ein spannendes Energieportfolio und gestaltest aktiv Vermarktungs- und Handelsstrategien in einem hochdynamischen Marktumfeld. Dabei treibst Du datenbasierte …",https://www.adzuna.de/land/ad/5780353054?se=5P6GSyeP8RGGDr7w4nqLLQ&utm_medium=api&utm_source=a4bcf954&v=0F681EB41A945C54E9827EB468C08A555A89998C,5780353054,Adzuna::API::Response::Job,"{'__CLASS__': 'Adzuna::API::Response::Category', 'tag': 'unknown', 'label': 'Unknown'}",eyJhbGciOiJIUzI1NiJ9.eyJpIjoiNTc4MDM1MzA1NCIsInMiOiI1UDZHU3llUDhSR0dEcjd3NG5xTExRIn0.CAHQ9TNY4w53bLostfxaK_CzV-cvQVLkgTkpqr2ULjU,2026-06-28T18:23:59Z,"{'__CLASS__': 'Adzuna::API::Response::Company', 'display_name': 'Energy2market GmbH'}",,,,
51.226802,6.808387,0,"{'__CLASS__': 'Adzuna::API::Response::Location', 'display_name': 'Düsseldorf, Nordrhein-Westfalen', 'area': ['Deutschland', 'Nordrhein-Westfalen', 'Düsseldorf']}",Praktikum Data Science / Data Engineering (m/w/d),"Du hast Lust auf diese Aufgaben Du unterstützt uns im Bereich Data Engineering bei der Erweiterung von Data Pipelines / ETL-Prozessen, z.B. mit Airflow, dbt und Kafka. Du arbeitest in unserer Google Cloud Umgebung und nutzt dabei Services wie BigQuery. Du kombinierst Daten aus internen und externen Quellen und bereitest sie zu einem analytischen Datensatz auf. Du visualisierst Analyseergebnisse mit Tools wie Looker Studio Wir freuen uns auf Deine Qualifikationen Du bist Student:in (m/w/d) oder …",https://www.adzuna.de/details/5806562856?utm_medium=api&utm_source=a4bcf954,5806562856,Adzuna::API::Response::Job,"{'label': 'Unknown', 'tag': 'unknown', '__CLASS__': 'Adzuna::API::Response::Category'}",eyJhbGciOiJIUzI1NiJ9.eyJpIjoiNTgwNjU2Mjg1NiIsInMiOiI1UDZHU3llUDhSR0dEcjd3NG5xTExRIn0.KTsxAG8pVSo4mGuECrL_m-T_frbOAFEdbT1DJS9mn60,2026-07-19T00:14:27Z,"{'display_name': 'jobvector', '__CLASS__': 'Adzuna::API::Response::Company'}",full_time,,,
48.81065,9.1557,0,"{'__CLASS__': 'Adzuna::API::Response::Location', 'area': ['Deutschland', 'Baden-Württemberg', 'Stuttgart', 'Feuerbach'], 'display_name': 'Feuerbach, Stuttgart'}",KI-Architektin / KI-Architekt (w/m/d) im Stab KI Hub,"Die BITBW ist die zentrale IT-Dienstleisterin für die gesamte Landesverwaltung in Baden-Württemberg. Wir sorgen dafür, dass die Landesverwaltung mit einer modernen IT-Ausstattung arbeiten kann. Sie möchten einen Teil dazu beitragen? Dann starten Sie jetzt Ihre Karriere im öffentlichen Dienst! KI-Architektin / KI-Architekt (w/m/d) - 1628-KI Hub im Stab KI Hub Aufgaben Sie entwickeln und verantworten die technische Architektur für den Einsatz generativer KI und KI-Agenten in der Landesverwaltung …",https://www.adzuna.de/land/ad/5820799515?se=5P6GSyeP8RGGDr7w4nqLLQ&utm_medium=api&utm_source=a4bcf954&v=93B923B8420B853A4646987375171FA86B78605D,5820799515,Adzuna::API::Response::Job,"{'label': 'IT-Stellen', 'tag': 'it-jobs', '__CLASS__': 'Adzuna::API::Response::Category'}",eyJhbGciOiJIUzI1NiJ9.eyJzIjoiNVA2R1N5ZVA4UkdHRHI3dzRucUxMUSIsImkiOiI1ODIwNzk5NTE1In0._3NRAJdnVPvezWRcEQC_C_k7Nag6-mk8ai2vgWLVzEo,2026-07-30T07:28:05Z,"{'__CLASS__': 'Adzuna::API::Response::Company', 'display_name': 'IT Baden-Württemberg '}",,,,
,,0,"{'__CLASS__': 'Adzuna::API::Response::Location', 'area': ['Deutschland'], 'display_name': 'Deutschland'}",Trainee FOKUS Luxemburg (m/w/d) - digitale Transformation & Prozessmanagement im Fondsbrokerage,"Als eine der großen europäischen Plattformen für Investmentfonds ist die Attrax Financial Services S.A. ein zuverlässiger Partner der Genossenschaftlichen FinanzGruppe Volksbanken Raiffeisenbanken in Deutschland und weiterer professioneller Finanzdienstleister - wie Banken, Investmentgesellschaften und Versicherungen. Die Gesellschaft bietet ihren Institutionellen Kunden innovative Business-to-Business-Services für Fondsbrokerage und Fondsverwahrung, kundenorientierte Lösungen in den Bereichen …",https://www.adzuna.de/land/ad/5820153668?se=5P6GSyeP8RGGDr7w4nqLLQ&utm_medium=api&utm_source=a4bcf954&v=B21AC7A38301EA532D36F39CFFBFC9A670AD3E53,5820153668,Adzuna::API::Response::Job,"{'tag': 'it-jobs', '__CLASS__': 'Adzuna::API::Response::Category', 'label': 'IT-Stellen'}",eyJhbGciOiJIUzI1NiJ9.eyJpIjoiNTgyMDE1MzY2OCIsInMiOiI1UDZHU3llUDhSR0dEcjd3NG5xTExRIn0.mUVfx_EoTDuiA9b13bWEeELGt6TIPFEFCH6AJhtgd18,2026-07-29T21:47:47Z,"{'display_name': 'Union Investment', '__CLASS__': 'Adzuna::API::Response::Company'}",,,,
50.940164,6.969972,0,"{'area': ['Deutschland', 'Nordrhein-Westfalen', 'Köln'], 'display_name': 'Köln, Nordrhein-Westfalen', '__CLASS__': 'Adzuna::API::Response::Location'}",Senior Datenarchitekt (m/w/d) Data & AI Strategie,"INFOMOTION ist die Data Performance Company – mit über 600 Datenenthusiastinnen und -enthusiasten an neun Standorten und mehr als 20 Jahren Erfahrung. Bei uns bringst Du Deine Expertise gezielt ein – und entwickelst sie weiter, gemeinsam mit einem Team, das Wissen teilt, Verantwortung lebt und Zukunft gestaltet. Du möchtest Deine Erfahrung nicht nur vertiefen, sondern auch weitergeben – und mit anderen gemeinsam echte Datenwirkung erzielen? Dann gestalte mit uns die nächste Etappe – persönlich,…",https://www.adzuna.de/land/ad/5820564433?se=5P6GSyeP8RGGDr7w4nqLLQ&utm_medium=api&utm_source=a4bcf954&v=0C0ED0D524FCB171E431528F1E40CCBECF8BEA5F,5820564433,Adzuna::API::Response::Job,"{'tag': 'it-jobs', '__CLASS__': 'Adzuna::API::Response::Category', 'label': 'IT-Stellen'}",eyJhbGciOiJIUzI1NiJ9.eyJzIjoiNVA2R1N5ZVA4UkdHRHI3dzRucUxMUSIsImkiOiI1ODIwNTY0NDMzIn0.4KGf7XIxt6b_7MUd07toVUuRy97cW3vbuha81odPxZY,2026-07-30T03:47:02Z,"{'display_name': 'INFOMOTION GmbH', '__CLASS__': 'Adzuna::API::Response::Company'}",,,,
,,0,"{'__CLASS__': 'Adzuna::API::Response::Location', 'display_name': 'Frankfurt am Main, Hessen', 'area': ['Deutschland', 'Hessen', 'Frankfurt am Main']}",Senior Datenarchitekt (m/w/d) Data & AI Strategie,"INFOMOTION ist die Data Performance Company – mit über 600 Datenenthusiastinnen und -enthusiasten an neun Standorten und mehr als 20 Jahren Erfahrung. Bei uns bringst Du Deine Expertise gezielt ein – und entwickelst sie weiter, gemeinsam mit einem Team, das Wissen teilt, Verantwortung lebt und Zukunft gestaltet. Du möchtest Deine Erfahrung nicht nur vertiefen, sondern auch weitergeben – und mit anderen gemeinsam echte Datenwirkung erzielen? Dann gestalte mit uns die nächste Etappe – persönlich,…",https://www.adzuna.de/land/ad/5752729725?se=5P6GSyeP8RGGDr7w4nqLLQ&utm_medium=api&utm_source=a4bcf954&v=BBC8CDC25BA676BE9110BA325FDF4A5A440E9079,5752729725,Adzuna::API::Response::Job,"{'tag': 'unknown', '__CLASS__': 'Adzuna::API::Response::Category', 'label': 'Unknown'}",eyJhbGciOiJIUzI1NiJ9.eyJpIjoiNTc1MjcyOTcyNSIsInMiOiI1UDZHU3llUDhSR0dEcjd3NG5xTExRIn0.68Jci7VzYr2ELUEog6hvQRYnVUuvhQVY8V9jkkzYVJo,2026-06-05T05:10:45Z,"{'__CLASS__': 'Adzuna::API::Response::Company', 'display_name': 'Infomotion GmbH'}",,,,
51.98437,7.7853,0,"{'__CLASS__': 'Adzuna::API::Response::Location', 'display_name': 'Telgte, Warendorf (Kreis)', 'area': ['Deutschland', 'Nordrhein-Westfalen', 'Warendorf (Kreis)', 'Telgte']}",Specialist Data Science (m/w/d),Specialist Data Science (m/w/d) für unsere Zentrale in Telgte (bei Münster) Aus Westfalen in die Welt - mit rund 18.000 Kolleginnen und Kollegen und fast 2.000 Stores in 17 Ländern sind wir einer der größten Fashion Discounter in Europa. Unsere internationalen Geschäfte steuern wir aus unserer Zentrale im westfälischen Telgte bei Münster. Takko Fashion steht für aktuelle Trends sowie gute Qualität aus sozial verantwortungsbewusster Produktion – und das zu einem erschwinglichen Preis. Durch unse…,https://www.adzuna.de/details/5710659292?utm_medium=api&utm_source=a4bcf954,5710659292,Adzuna::API::Response::Job,"{'__CLASS__': 'Adzuna::API::Response::Category', 'tag': 'unknown', 'label': 'Unknown'}",eyJhbGciOiJIUzI1NiJ9.eyJzIjoiNVA2R1N5ZVA4UkdHRHI3dzRucUxMUSIsImkiOiI1NzEwNjU5MjkyIn0.hMs20v-E04xLgSQfcwlFnmqN4Gu1kC8PUL6Ou--cGz0,2026-04-26T00:03:52Z,"{'__CLASS__': 'Adzuna::API::Response::Company', 'display_name': 'Takko Fashion'}",full_time,,,permanent
,,0,"{'area': ['Deutschland'], 'display_name': 'Deutschland', '__CLASS__': 'Adzuna::API::Response::Location'}",Praktikum Data Analytics / Data Science in Fellbach,"Praktikum Data Analytics / Data Science Datum: 12.11.2025 Standort: Fellbach, BW, DE, 70736 Unternehmen: STIHL Das ist die Aufgabe Mitwirken im innovativen Big Data Team: Unterstütze andere Fachbereiche durch Expertise in Data Analytics und erhalte Einblicke in Data Science und Data Visualization, um datengetriebene Entscheidungen voranzutreiben Beteiligen an Analytics Projekten: Arbeite interdisziplinär, um Produkte und interne Prozesse durch datengetriebene Insights zu optimieren, mit der Cha…",https://www.adzuna.de/details/5823517805?utm_medium=api&utm_source=a4bcf954,5823517805,Adzuna::API::Response::Job,"{'__CLASS__': 'Adzuna::API::Response::Category', 'tag': 'accounting-finance-jobs', 'label': 'Stellen aus Buchhaltung & Finanzwesen'}",eyJhbGciOiJIUzI1NiJ9.eyJpIjoiNTgyMzUxNzgwNSIsInMiOiI1UDZHU3llUDhSR0dEcjd3NG5xTExRIn0.x5T-GrNnmafctjo4ez82dMGoro_8pvJ-a6ZkMZm51Qg,2026-08-01T09:52:44Z,"{'__CLASS__': 'Adzuna::API::Response::Company', 'display_name': 'ANDREAS STIHL AG & Co. KG'}",,,,
52.36489,9.77223,0,"{'__CLASS__': 'Adzuna::API::Response::Location', 'display_name': 'Bult, Hannover', 'area': ['Deutschland', 'Niedersachsen', 'Region Hannover (Kreis)', 'Hannover', 'Bult']}",Data Science Specialist (m/w/d),"Wir bieten dir Flexibles Arbeiten: Mobiles Arbeiten mit vier gemeinsamen Präsenztagen im Monat. Und wenn du magst, bist du natürlich jederzeit öfter im Büro willkommen. So schaffen wir die perfekte Balance aus Freiheit und persönlichem Austausch. Individuelle Arbeitszeitmodelle , die sich an dein Leben anpassen. Gestaltungsfreiraum für deine Ideen und Projekte, mit der Möglichkeit, wirklich etwas zu bewegen. Gezielte Weiterbildungsmöglichkeiten , die wir aktiv fördern. Ein starkes Miteinander i…",https://www.adzuna.de/details/5067020798?utm_medium=api&utm_source=a4bcf954,5067020798,Adzuna::API::Response::Job,"{'label': 'Unknown', 'tag': 'unknown', '__CLASS__': 'Adzuna::API::Response::Category'}",eyJhbGciOiJIUzI1NiJ9.eyJpIjoiNTA2NzAyMDc5OCIsInMiOiI1UDZHU3llUDhSR0dEcjd3NG5xTExRIn0.6XEJxYO7g4GPziw6Mziv10YABTgHuLHOysESSMX-rcg,2025-02-28T14:07:24Z,"{'display_name': 'IT-P GmbH', '__CLASS__': 'Adzuna::API::Response::Company'}",part_time,,,
,,0,"{'__CLASS__': 'Adzuna::API::Response::Location', 'display_name': 'Deutschland', 'area': ['Deutschland']}",Data Science Specialist (m/w/d),"Wir bieten dir Flexibles Arbeiten: Mobiles Arbeiten mit vier gemeinsamen Präsenztagen im Monat. Und wenn du magst, bist du natürlich jederzeit öfter im Büro willkommen. So schaffen wir die perfekte Balance aus Freiheit und persönlichem Austausch. Individuelle Arbeitszeitmodelle , die sich an dein Leben anpassen. Gestaltungsfreiraum für deine Ideen und Projekte, mit der Möglichkeit, wirklich etwas zu bewegen. Gezielte Weiterbildungsmöglichkeiten , die wir aktiv fördern. Ein starkes Miteinander i…",https://www.adzuna.de/details/5727309271?utm_medium=api&utm_source=a4bcf954,5727309271,Adzuna::API::Response::Job,"{'tag': 'unknown', '__CLASS__': 'Adzuna::API::Response::Category', 'label': 'Unknown'}",eyJhbGciOiJIUzI1NiJ9.eyJzIjoiNVA2R1N5ZVA4UkdHRHI3dzRucUxMUSIsImkiOiI1NzI3MzA5MjcxIn0.Eeqs22mJwfhgOwGZXjl2bCxBglf8zN8lLAfankqUZAo,2026-05-12T23:01:22Z,"{'display_name': 'IT-P', '__CLASS__': 'Adzuna::API::Response::Company'}",full_time,,,
48.80499,9.21546,0,"{'display_name': 'Bad Cannstatt, Stuttgart', 'area': ['Deutschland', 'Baden-Württemberg', 'Stuttgart', 'Bad Cannstatt'], '__CLASS__': 'Adzuna::API::Response::Location'}",DHBW Data Science & Künstliche Intelligenz – 2027,"Dein Studium Du möchtest Theorie und Praxis miteinander verknüpfen und begeisterst dich für Daten, Analysen und Künstliche Intelligenz? Dann ist das duale Studium im Bereich Data Science & Künstliche Intelligenz in Kombination mit MWAY genau das Richtige für dich. Studiendauer: 3 Jahre Studienverlauf: Wechsel von Theorie- und Praxisphasen im 3-Monats-Rhythmus Praxisort: Stuttgart-Bad Cannstatt Studienstart: 01.10.2027 Studienort: DHBW Stuttgart Abschluss: Bachelor of Science Weitere Information…",https://www.adzuna.de/details/5593655402?utm_medium=api&utm_source=a4bcf954,5593655402,Adzuna::API::Response::Job,"{'label': 'Unknown', 'tag': 'unknown', '__CLASS__': 'Adzuna::API::Response::Category'}",eyJhbGciOiJIUzI1NiJ9.eyJpIjoiNTU5MzY1NTQwMiIsInMiOiI1UDZHU3llUDhSR0dEcjd3NG5xTExRIn0.ZpiLixDgD7C4teI94gYCOZMFekvJza0-DI-Z96v5Ohs,2026-01-21T06:59:03Z,"{'display_name': 'MWAY DIGITAL GmbH', '__CLASS__': 'Adzuna::API::Response::Company'}",full_time,,,
48.776198,9.187224,0,"{'display_name': 'Stuttgart, Baden-Württemberg', 'area': ['Deutschland', 'Baden-Württemberg', 'Stuttgart'], '__CLASS__': 'Adzuna::API::Response::Location'}",DHBW Data Science & Künstliche Intelligenz – 2027,"Dein Studium Du möchtest Theorie und Praxis miteinander verknüpfen und begeisterst dich für Daten, Analysen und Künstliche Intelligenz? Dann ist das duale Studium im Bereich Data Science & Künstliche Intelligenz in Kombination mit MWAY genau das Richtige für dich. Studiendauer: 3 Jahre Studienverlauf: Wechsel von Theorie- und Praxisphasen im 3-Monats-Rhythmus Praxisort: Stuttgart-Bad Cannstatt Studienstart: 01.10.2027 Studienort: DHBW Stuttgart Abschluss: Bachelor of Science Weitere Information…",https://www.adzuna.de/details/5727301322?utm_medium=api&utm_source=a4bcf954,5727301322,Adzuna::API::Response::Job,"{'label': 'IT-Stellen', 'tag': 'it-jobs', '__CLASS__': 'Adzuna::API::Response::Category'}",eyJhbGciOiJIUzI1NiJ9.eyJpIjoiNTcyNzMwMTMyMiIsInMiOiI1UDZHU3llUDhSR0dEcjd3NG5xTExRIn0.B5XT8ldNvwnV3AJgL73S9r7WID_XQQbWd_ma8w1tZns,2026-05-12T22:59:27Z,"{'__CLASS__': 'Adzuna::API::Response::Company', 'display_name': 'MWAY DIGITAL'}",full_time,,,
48.17244,12.83048,0,"{'__CLASS__': 'Adzuna::API::Response::Location', 'area': ['Deutschland', 'Bayern', 'Altötting (Kreis)', 'Burghausen'], 'display_name': 'Burghausen, Altötting (Kreis)'}",Duales Studium - Data Science & Künstliche Intelligenz,Duales Studium - Data Science & Künstliche Intelligenz Standort Burghausen - 84489 Burghausen - Arbeitszeit: Vollzeit - Position: Duales Studium - Bildungsgrad Mindestvoraussetzung: Fachhochschulreife - Beschäftigungsbeginn: 01.09.2027,https://www.adzuna.de/details/5785230275?utm_medium=api&utm_source=a4bcf954,5785230275,Adzuna::API::Response::Job,"{'__CLASS__': 'Adzuna::API::Response::Category', 'tag': 'graduate-jobs', 'label': 'Stellen für Hochschulabsolventen'}",eyJhbGciOiJIUzI1NiJ9.eyJzIjoiNVA2R1N5ZVA4UkdHRHI3dzRucUxMUSIsImkiOiI1Nzg1MjMwMjc1In0.tlb-MgtrPAIfTFjvVjmUxeE8QPdRabtmxmHwTDs0Xrs,2026-07-02T11:24:40Z,"{'__CLASS__': 'Adzuna::API::Response::Company', 'display_name': 'Wacker Chemie AG - Werk Burghausen'}",,,,
53.54167,9.99333,0,"{'display_name': 'HafenCity, Hamburg', 'area': ['Deutschland', 'Hamburg', 'HafenCity'], '__CLASS__': 'Adzuna::API::Response::Location'}",Praktikum: Data Science (w/m/d),"Wer wir sind Als eine der führenden Beratungen der Medienbranche treibt Highberg DACH (ehemals SCHICKLER) den digitalen Wandel in Medienunternehmen in Deutschland, Österreich und der Schweiz aktiv voran. In der Medienwelt von heute entscheidet Datenkompetenz über Sichtbarkeit, Reichweite und Erfolg. Wer relevant bleiben will, muss Wandel aktiv gestalten – genau deshalb suchen wir dich. Unser Tech Stack: Programmiersprachen: Python, R, JavaScript, SQL ETL / Data-Modeling: dbt, Google Dataflow, P…",https://www.adzuna.de/details/5727345404?utm_medium=api&utm_source=a4bcf954,5727345404,Adzuna::API::Response::Job,"{'__CLASS__': 'Adzuna::API::Response::Category', 'tag': 'consultancy-jobs', 'label': 'Beraterstellen'}",eyJhbGciOiJIUzI1NiJ9.eyJpIjoiNTcyNzM0NTQwNCIsInMiOiI1UDZHU3llUDhSR0dEcjd3NG5xTExRIn0.mP01Nqmg2wE5WahDbc1xe4-jhtrps8jv28UiFQAC3OY,2026-05-12T23:27:34Z,"{'__CLASS__': 'Adzuna::API::Response::Company', 'display_name': 'Highberg'}",full_time,,,
,,0,"{'area': ['Deutschland'], 'display_name': 'Deutschland', '__CLASS__': 'Adzuna::API::Response::Location'}",AI & Data Science Consultant (all genders),"Im AI & Data Team bei Accenture vereinen wir einzigartige Persönlichkeiten und zukunftsgerichtetes Know-How, um gemeinsam mit unseren Kunden datengetriebene Transformation voranzutreiben und die Zukunft durch KI (Künstliche Intelligenz) zu gestalten. Wir begleiten unsere Kunden Ende-zu-Ende – von der strategischen, KI-nativen Neuausrichtung & Zieldefinition der Organisation über die Konzeption & Entwicklung von cutting-edge KI-Lösungen bis hin zum technischen Design & der Implementierung von KI…",https://www.adzuna.de/details/5761812930?utm_medium=api&utm_source=a4bcf954,5761812930,Adzuna::API::Response::Job,"{'__CLASS__': 'Adzuna::API::Response::Category', 'tag': 'consultancy-jobs', 'label': 'Beraterstellen'}",eyJhbGciOiJIUzI1NiJ9.eyJpIjoiNTc2MTgxMjkzMCIsInMiOiI1UDZHU3llUDhSR0dEcjd3NG5xTExRIn0.YP4F2nx7JmpO1QOOUGbUCSnTt2r4xzY3Jcp2JHW8laY,2026-06-12T23:21:34Z,"{'__CLASS__': 'Adzuna::API::Response::Company', 'display_name': 'Accenture'}",full_time,,,
,,0,"{'area': ['Deutschland'], 'display_name': 'Deutschland', '__CLASS__': 'Adzuna::API::Response::Location'}",AI & Data Science Analyst (all genders),"m AI & Data Team bei Accenture vereinen wir einzigartige Persönlichkeiten und zukunftsgerichtetes Know-How, um gemeinsam mit unseren Kunden datengetriebene Transformation voranzutreiben und die Zukunft durch KI (Künstlichen Intelligenz) zu gestalten. Wir begleiten unsere Kunden Ende-zu-Ende – von der strategischen, KI-nativen Neuausrichtung & Zieldefinition der Organisation über die Konzeption & Entwicklung von cutting-edge KI-Lösungen bis hin zum technischen Design & der Implementierung von KI…",https://www.adzuna.de/details/5775424083?utm_medium=api&utm_source=a4bcf954,5775424083,Adzuna::API::Response::Job,"{'label': 'Unknown', 'tag': 'unknown', '__CLASS__': 'Adzuna::API::Response::Category'}",eyJhbGciOiJIUzI1NiJ9.eyJzIjoiNVA2R1N5ZVA4UkdHRHI3dzRucUxMUSIsImkiOiI1Nzc1NDI0MDgzIn0.gkm3YLlhrN98ZVWhauQh7xkFpbvWxCIslBWSVRWk9l8,2026-06-24T23:49:48Z,"{'__CLASS__': 'Adzuna::API::Response::Company', 'display_name': 'Accenture'}",full_time,,,
48.1476,11.56803,0,"{'display_name': 'Maxvorstadt, München', 'area': ['Deutschland', 'Bayern', 'München (Kreis)', 'München', 'Maxvorstadt'], '__CLASS__': 'Adzuna::API::Response::Location'}",Data Science Consultant (m/w/d),"Welcome Du möchtest mit Data Science echten Impact in technologisch anspruchsvollen Projekten schaffen? Dann bist du bei INVENSITY genau richtig. Als internationale Technologieberatung unterstützen wir unsere Kunden dabei, komplexe technische Fragestellungen datenbasiert zu lösen und innovative Systeme weiterzuentwickeln. Dein Beitrag: Mit smarten Modellen und fundierten Analysen unterstützt du technische Entscheidungsprozesse in der Luft- und Raumfahrt sowie im Defense-Umfeld und schaffst so d…",https://www.adzuna.de/details/5821791948?utm_medium=api&utm_source=a4bcf954,5821791948,Adzuna::API::Response::Job,"{'tag': 'unknown', '__CLASS__': 'Adzuna::API::Response::Category', 'label': 'Unknown'}",eyJhbGciOiJIUzI1NiJ9.eyJzIjoiNVA2R1N5ZVA4UkdHRHI3dzRucUxMUSIsImkiOiI1ODIxNzkxOTQ4In0.dZKqXYKDbEmFzfEQuVnPWZnOEPkq7fAoXeMX8vFg8uU,2026-07-31T02:40:38Z,"{'display_name': 'INVENSITY GmbH', '__CLASS__': 'Adzuna::API::Response::Company'}",full_time,,,permanent
48.77713,9.18071,0,"{'__CLASS__': 'Adzuna::API::Response::Location', 'area': ['Deutschland', 'Baden-Württemberg', 'Stuttgart', 'Mitte'], 'display_name': 'Mitte, Stuttgart'}",Data Science Consultant (m/w/d),"Welcome Du möchtest mit Data Science echten Impact in technologisch anspruchsvollen Projekten schaffen? Dann bist du bei INVENSITY genau richtig. Als internationale Technologieberatung unterstützen wir unsere Kunden dabei, komplexe technische Fragestellungen datenbasiert zu lösen und innovative Systeme weiterzuentwickeln. Dein Beitrag: Mit smarten Modellen und fundierten Analysen unterstützt du technische Entscheidungsprozesse in der Luft- und Raumfahrt sowie im Defense-Umfeld und schaffst so d…",https://www.adzuna.de/details/5824132624?utm_medium=api&utm_source=a4bcf954,5824132624,Adzuna::API::Response::Job,"{'label': 'Beraterstellen', '__CLASS__': 'Adzuna::API::Response::Category', 'tag': 'consultancy-jobs'}",eyJhbGciOiJIUzI1NiJ9.eyJzIjoiNVA2R1N5ZVA4UkdHRHI3dzRucUxMUSIsImkiOiI1ODI0MTMyNjI0In0.DtmR7zRz1bEmnfo8S5-18bk2YFXDzr_iLsiPdg2n_UA,2026-08-01T17:24:04Z,"{'__CLASS__': 'Adzuna::API::Response::Company', 'display_name': 'INVENSITY Stellenportal'}",full_time,,,
53.54167,9.99333,0,"{'__CLASS__': 'Adzuna::API::Response::Location', 'area': ['Deutschland', 'Hamburg', 'HafenCity'], 'display_name': 'HafenCity, Hamburg'}",Praktikum: Data Science (w/m/d),"Wer wir sind Als eine der führenden Beratungen der Medienbranche treibt Highberg DACH (ehemals SCHICKLER) den digitalen Wandel in Medienunternehmen in Deutschland, Österreich und der Schweiz aktiv voran. In der Medienwelt von heute entscheidet Datenkompetenz über Sichtbarkeit, Reichweite und Erfolg. Wer relevant bleiben will, muss Wandel aktiv gestalten – genau deshalb suchen wir dich. Unser Tech Stack: Programmiersprachen: Python, R, JavaScript, SQL ETL / Data-Modeling: dbt, Google Dataflow, P…",https://www.adzuna.de/details/4352591932?utm_medium=api&utm_source=a4bcf954,4352591932,Adzuna::API::Response::Job,"{'label': 'Unknown', 'tag': 'unknown', '__CLASS__': 'Adzuna::API::Response::Category'}",eyJhbGciOiJIUzI1NiJ9.eyJzIjoiNVA2R1N5ZVA4UkdHRHI3dzRucUxMUSIsImkiOiI0MzUyNTkxOTMyIn0.urB8lDB7xjq7sEtWDcaI2uomkaP42lJ89HgX2FmJAb8,2023-10-05T13:37:27Z,"{'display_name': 'Highberg DACH', '__CLASS__': 'Adzuna::API::Response::Company'}",full_time,,,
53.54883,9.9477,0,"{'area': ['Deutschland', 'Hamburg', 'Altona-Altstadt'], 'display_name': 'Altona-Altstadt, Hamburg', '__CLASS__': 'Adzuna::API::Response::Location'}",Berufsbegleitendes Studium - Data Science & Artificial Intelligence,"Auf was wir bei ENCAVIS setzen? Die Sonne. Den Wind. Und auf dich. Willkommen in der Welt von Encavis! Bei uns dreht sich alles um die Kraft der Sonne, des Windes und der konzernweit über 400 Menschen, die gemeinsam das Energiesystem der Zukunft gestalten, um eine nachhaltige Energieversorgung für zukünftige Generationen sicherzustellen. Die ENCAVIS Management GmbH & Co. KG ist die Holding der ENCAVIS GmbH, einem der führenden Stromerzeuger aus Erneuerbaren Energien in Europa. Wir betreiben ein…",https://www.adzuna.de/details/5716224020?utm_medium=api&utm_source=a4bcf954,5716224020,Adzuna::API::Response::Job,"{'__CLASS__': 'Adzuna::API::Response::Category', 'tag': 'it-jobs', 'label': 'IT-Stellen'}",eyJhbGciOiJIUzI1NiJ9.eyJzIjoiNVA2R1N5ZVA4UkdHRHI3dzRucUxMUSIsImkiOiI1NzE2MjI0MDIwIn0.r2N7WhXXezjMWC6FMg5c_P2-VJkLwuBzbGvbuk8hQnI,2026-05-01T22:59:27Z,"{'__CLASS__': 'Adzuna::API::Response::Company', 'display_name': 'ENCAVIS'}",part_time,,,
50.71942,7.112412,0,"{'__CLASS__': 'Adzuna::API::Response::Location', 'area': ['Deutschland', 'Nordrhein-Westfalen', 'Bonn'], 'display_name': 'Bonn, Nordrhein-Westfalen'}",Data Science Manager (m/w/d),"Über uns Du willst technische Verantwortung übernehmen und sehen, wie deine Arbeit in echten Use Cases Mehrwert schafft – bei Unternehmen, die du aus dem Alltag kennst? Willkommen bei twomynds. Wir sind eine dedizierte Data-&-AI-Beratung sowie ein Service Provider mit End-to-End-Umsetzung und begleiten Unternehmen von der strategischen Zielsetzung bis zur operativen Realisierung – strategisch, umsetzungsstark und ergebnisorientiert. Unsere Mission: Ambitionierte Unternehmen befähigen, Data & AI…",https://www.adzuna.de/details/5803061236?utm_medium=api&utm_source=a4bcf954,5803061236,Adzuna::API::Response::Job,"{'tag': 'unknown', '__CLASS__': 'Adzuna::API::Response::Category', 'label': 'Unknown'}",eyJhbGciOiJIUzI1NiJ9.eyJpIjoiNTgwMzA2MTIzNiIsInMiOiI1UDZHU3llUDhSR0dEcjd3NG5xTExRIn0.34OrvaxV5kkxqPdGVeF5Ob204SHXij0K64C42tBIy8Q,2026-07-16T16:27:05Z,"{'__CLASS__': 'Adzuna::API::Response::Company', 'display_name': 'twomynds'}",full_time,,,
50.73754,7.10344,0,"{'area': ['Deutschland', 'Nordrhein-Westfalen', 'Bonn', 'Zentrum'], 'display_name': 'Zentrum, Bonn', '__CLASS__': 'Adzuna::API::Response::Location'}",Data Science Manager (m/w/d),"Über uns Du willst technische Verantwortung übernehmen und sehen, wie deine Arbeit in echten Use Cases Mehrwert schafft – bei Unternehmen, die du aus dem Alltag kennst? Willkommen bei twomynds. Wir sind eine dedizierte Data-&-AI-Beratung sowie ein Service Provider mit End-to-End-Umsetzung und begleiten Unternehmen von der strategischen Zielsetzung bis zur operativen Realisierung – strategisch, umsetzungsstark und ergebnisorientiert. Unsere Mission: Ambitionierte Unternehmen befähigen, Data & AI…",https://www.adzuna.de/details/5804577884?utm_medium=api&utm_source=a4bcf954,5804577884,Adzuna::API::Response::Job,"{'label': 'Unknown', '__CLASS__': 'Adzuna::API::Response::Category', 'tag': 'unknown'}",eyJhbGciOiJIUzI1NiJ9.eyJpIjoiNTgwNDU3Nzg4NCIsInMiOiI1UDZHU3llUDhSR0dEcjd3NG5xTExRIn0.PMS4ELOz_nR9EZq6kMIAFWplPG8VfNZic_IpgXf1RyI,2026-07-17T09:55:42Z,"{'__CLASS__': 'Adzuna::API::Response::Company', 'display_name': 'twomynds'}",,,,
49.03084,8.45882,0,"{'__CLASS__': 'Adzuna::API::Response::Location', 'display_name': 'Hagsfeld, Karlsruhe', 'area': ['Deutschland', 'Baden-Württemberg', 'Karlsruhe (Kreis)', 'Karlsruhe', 'Hagsfeld']}",Werkstudent Data Science (m/w/d),Darauf kannst Du dich freuen Du übernimmst eigenverantwortlich verschiedene Modellierungs- und Analyseprojekte und nutzt dabei unsere Marktplatzdaten sowie deine fundierten Methodenkenntnisse. Du bereitest Daten aus unterschiedlichen Systemen auf und setzt deine Fähigkeiten im Feature Engineering effektiv ein. Bei der Umsetzung von statistischen Modellen und Modell-Prototypen legst du großen Wert auf deren praktische Anwendbarkeit. Du führst statistisch fundierte Analysen und Simulationen durch…,https://www.adzuna.de/details/5727322915?utm_medium=api&utm_source=a4bcf954,5727322915,Adzuna::API::Response::Job,"{'__CLASS__': 'Adzuna::API::Response::Category', 'tag': 'logistics-warehouse-jobs', 'label': 'Stellen aus Logistik & Lagerhaltung'}",eyJhbGciOiJIUzI1NiJ9.eyJpIjoiNTcyNzMyMjkxNSIsInMiOiI1UDZHU3llUDhSR0dEcjd3NG5xTExRIn0.haXBi4tjUZ3pyPhIIqOzeeu4kWVf24tpFrC7lUmveXA,2026-05-12T23:08:36Z,"{'display_name': 'Chrono24', '__CLASS__': 'Adzuna::API::Response::Company'}",part_time,,,
48.1475,11.62828,0,"{'__CLASS__': 'Adzuna::API::Response::Location', 'area': ['Deutschland', 'Bayern', 'München (Kreis)', 'München', 'Bogenhausen'], 'display_name': 'Bogenhausen, München'}",Data Science Engineer (m/w/d),"Dafür brauchen wir Dich Für ein neues Digital-Projekt in der MICE-Branche suchen wir Dich: eine Persönlichkeit, die Lust hat, mit uns Dinge neu zu denken, Ideen Realität werden zu lassen und die Zukunft unserer Branche aktiv mitzugestalten. Dateninfrastruktur & Skalierung: Du entwickelst und verantwortest unsere Dateninfrastruktur. Du baust robuste Pipelines, die Daten aus verschiedenen Quellen in ein sauberes, zuverlässiges Data Warehouse überführen und stellst Qualität, Konsistenz und Verfügb…",https://www.adzuna.de/details/5727321876?utm_medium=api&utm_source=a4bcf954,5727321876,Adzuna::API::Response::Job,"{'__CLASS__': 'Adzuna::API::Response::Category', 'tag': 'unknown', 'label': 'Unknown'}",eyJhbGciOiJIUzI1NiJ9.eyJzIjoiNVA2R1N5ZVA4UkdHRHI3dzRucUxMUSIsImkiOiI1NzI3MzIxODc2In0.sPRDArqRx7mj9yQyTDjP4xDjzfBStWztDHGEaNies9o,2026-05-12T23:07:57Z,"{'display_name': 'smartvillage', '__CLASS__': 'Adzuna::API::Response::Company'}",full_time,,,
50.91404,13.33722,0,"{'__CLASS__': 'Adzuna::API::Response::Location', 'display_name': 'Freiberg, Mittelsachsen (Kreis)', 'area': ['Deutschland', 'Sachsen', 'Mittelsachsen (Kreis)', 'Freiberg']}",Duales Studium Data Science und Künstliche Intelligenz,"Siltronic ist einer der weltweit größten Hersteller für Wafer aus Reinstsilizium und Partner vieler führender Chip-Hersteller mit rund 4.300 Mitarbeitenden und Produktionsstätten in Europa, Asien und den USA. Wir entwickeln und fertigen Wafer mit einem Durchmesser von bis zu 300 mm. Diese sind die Grundlage der modernen Mikro- und Nanoelektronik. In einem 3-jährigen Dualen Studium werden Theorie und Praxis gekonnt verbunden. Das hoch qualifizierende Studium wird durch breit gefächerte Praxisein…",https://www.adzuna.de/details/5576690121?utm_medium=api&utm_source=a4bcf954,5576690121,Adzuna::API::Response::Job,"{'__CLASS__': 'Adzuna::API::Response::Category', 'tag': 'unknown', 'label': 'Unknown'}",eyJhbGciOiJIUzI1NiJ9.eyJpIjoiNTU3NjY5MDEyMSIsInMiOiI1UDZHU3llUDhSR0dEcjd3NG5xTExRIn0.pyT3mTseG5JwelApfzf1QoYtJXVlKCAHuwurJQBN2IY,2026-01-09T20:35:59Z,"{'display_name': 'Siltronic AG', '__CLASS__': 'Adzuna::API::Response::Company'}",full_time,,,
