category,longitude,latitude,title,id,company,created,salary_is_predicted,location,adref,redirect_url,description,__CLASS__,contract_time,salary_min,salary_max,contract_type
"{'__CLASS__': 'Adzuna::API::Response::Category', 'tag': 'unknown', 'label': 'Unknown'}",8.055137,52.274227,Professur für Business Data Science,5858051764,"{'display_name': 'Hochschule Osnabrück', '__CLASS__': 'Adzuna::API::Response::Company'}",2026-08-27T10:33:39Z,0,"{'__CLASS__': 'Adzuna::API::Response::Location', 'area': ['Deutschland', 'Niedersachsen', 'Osnabrück (Kreis)', 'Osnabrück'], 'display_name': 'Osnabrück, Osnabrück (Kreis)'}",eyJhbGciOiJIUzI1NiJ9.eyJpIjoiNTg1ODA1MTc2NCIsInMiOiJQckxyQWtHdzhSR2IyYU13ZC02SDNnIn0.hYYJxbvbJV-evNyRW0F6nxG5U31LxMdlT7cTNlIh5Bc,https://www.adzuna.de/land/ad/5858051764?se=PrLrAkGw8RGb2aMwd-6H3g&utm_medium=api&utm_source=a4bcf954&v=FDFDFEC29A2BB8072EC0E60D99B3193A7E18F43C,"Professur für Business Data Science Das Themengebiet der Professur konzentriert sich auf die wirtschaftlichen Anwendungen der Künstlichen Intelligenz im Kontext von Natural Language Processing und Machine Learning. Die künftige Stelleninhaberin oder der künftige Stelleninhaber vertritt das Fachgebiet der Datenwissenschaft in Lehre, Forschung und Transfer. Der Standort Osnabrück bietet mit seinen beiden Hochschulen sowie dem Labor Niedersachsen des Deutschen Forschungszentrums für Künstliche Int…",Adzuna::API::Response::Job,,,,
"{'label': 'Stellen für Hochschulabsolventen', 'tag': 'graduate-jobs', '__CLASS__': 'Adzuna::API::Response::Category'}",8.412378,49.001249,Duales Studium Data Science & Künstliche Intelligenz B.Sc.,5877056187,"{'display_name': 'Atruvia AG', '__CLASS__': 'Adzuna::API::Response::Company'}",2026-09-09T13:46:56Z,0,"{'__CLASS__': 'Adzuna::API::Response::Location', 'area': ['Deutschland', 'Baden-Württemberg', 'Karlsruhe (Kreis)', 'Karlsruhe'], 'display_name': 'Karlsruhe, Karlsruhe (Kreis)'}",eyJhbGciOiJIUzI1NiJ9.eyJzIjoiUHJMckFrR3c4UkdiMmFNd2QtNkgzZyIsImkiOiI1ODc3MDU2MTg3In0.aFPJNn83XOFtiQHIxw8oWycYrjL_Oxrt3eMfm7XPbKI,https://www.adzuna.de/land/ad/5877056187?se=PrLrAkGw8RGb2aMwd-6H3g&utm_medium=api&utm_source=a4bcf954&v=46D7A9947610D76E9367E822FE2776BF6D7DA7DB,Wir sind der Digitalisierungspartner in der genossenschaftlichen FinanzGruppe und vereinen jahrzehntelanges Expertenwissen in Banking und Informationstechnologie. Die speziell auf Banken zugeschnittenen IT-Lösungen und Leistungen reichen vom Rechenzentrumsbetrieb über das Bankverfahren von Atruvia bis hin zur App-Entwicklung. Dabei nutzen wir zukunftsweisende Technologien wie Smart Data und schreiben Prozessoptimierung und Regulatorik groß. Gestalte die Zukunft mit KI – Starte dein Duales Studi…,Adzuna::API::Response::Job,,,,
"{'tag': 'unknown', '__CLASS__': 'Adzuna::API::Response::Category', 'label': 'Unknown'}",7.55838,53.57559,Duales Studium Data Science,5829025641,"{'__CLASS__': 'Adzuna::API::Response::Company', 'display_name': 'Phoenix Contact GmbH & Co. KG'}",2026-08-05T13:00:32Z,0,"{'area': ['Deutschland', 'Niedersachsen', 'Wittmund (Kreis)', 'Blomberg'], 'display_name': 'Blomberg, Wittmund (Kreis)', '__CLASS__': 'Adzuna::API::Response::Location'}",eyJhbGciOiJIUzI1NiJ9.eyJzIjoiUHJMckFrR3c4UkdiMmFNd2QtNkgzZyIsImkiOiI1ODI5MDI1NjQxIn0.TBt3068GeQfWgClpZ2VXmhgz6UxrU0mVw2xyjlO2On0,https://www.adzuna.de/details/5829025641?utm_medium=api&utm_source=a4bcf954,"Als Industrieunternehmen sammeln wir an vielen Stellen wertvolle Daten – in kaufmännischen Abteilungen, in technischen Bereichen und direkt in der Produktion. Ihre Auswertung hilft uns dabei, Abläufe zu verbessern und effizienter zu gestalten. Dafür ist ein dauerhaftes und strukturiertes Datenmanagement unverzichtbar. Die Zukunft basiert auf der Analyse komplexer Daten. Nur wer diese richtig auswerten und interpretieren kann, sorgt für reibungslose Prozesse und treibt Innovationen voran. Durch …",Adzuna::API::Response::Job,,,,
"{'label': 'Stellen aus Gastronomie & Catering', '__CLASS__': 'Adzuna::API::Response::Category', 'tag': 'hospitality-catering-jobs'}",13.420806,52.507706,Head of Analytics and Data Science,5769224016,"{'display_name': 'Zenjob SE', '__CLASS__': 'Adzuna::API::Response::Company'}",2026-06-19T11:24:10Z,0,"{'__CLASS__': 'Adzuna::API::Response::Location', 'display_name': 'Berlin, Deutschland', 'area': ['Deutschland', 'Berlin']}",eyJhbGciOiJIUzI1NiJ9.eyJzIjoiUHJMckFrR3c4UkdiMmFNd2QtNkgzZyIsImkiOiI1NzY5MjI0MDE2In0.cLMCLzMenJRwUxcJ74WSmyP9VjB9ylxo7o3isj4U2fo,https://www.adzuna.de/land/ad/5769224016?se=PrLrAkGw8RGb2aMwd-6H3g&utm_medium=api&utm_source=a4bcf954&v=0CBE58766F7271E596F1D0041EF7C0033C10DF28,"About us Zenjob is an AI-powered flexible staffing platform that has efficiently connected companies and temporary workers since 2015. Companies use our platform to book ready-to-work staff in real time, while students use our app to find part-time jobs that conveniently fit around their studies. Over 40,000 students and 1,000 partner companies from logistics, retail, and hospitality in all major German cities share our belief that good work is not a coincidence. It is the result of innovative …",Adzuna::API::Response::Job,full_time,,,
"{'label': 'IT-Stellen', 'tag': 'it-jobs', '__CLASS__': 'Adzuna::API::Response::Category'}",13.43091,48.578446,Lehrstuhl für Medical Data Science (W 3),5878211281,"{'display_name': 'Universität Passau', '__CLASS__': 'Adzuna::API::Response::Company'}",2026-09-10T11:01:47Z,0,"{'area': ['Deutschland', 'Bayern', 'Passau (Kreis)', 'Passau'], 'display_name': 'Passau, Passau (Kreis)', '__CLASS__': 'Adzuna::API::Response::Location'}",eyJhbGciOiJIUzI1NiJ9.eyJzIjoiUHJMckFrR3c4UkdiMmFNd2QtNkgzZyIsImkiOiI1ODc4MjExMjgxIn0.m0Ocx6cSdfpOcbiF1Gu1OjurhG82ooLpAB0tACSa2yo,https://www.adzuna.de/land/ad/5878211281?se=PrLrAkGw8RGb2aMwd-6H3g&utm_medium=api&utm_source=a4bcf954&v=DFFF562DCD13A7D478A93162AB168CB8FBEEDD0D,"An der Fakultät für Informatik und Mathematik der Universität Passau ist zum nächstmöglichen Zeitpunkt folgende Stelle im Beamtenverhältnis auf Lebenszeit zu besetzen: Lehrstuhl für Medical Data Science (W3) Gesucht wird eine Persönlichkeit, die in modernen Teilgebieten von Medical Data Science international wissenschaftlich hervorragend ausgewiesen ist und ihren Forschungsschwerpunkt in der Entwicklung und Anwendung statistischer Methoden zur Analyse komplexer biomedizinischer Daten hat. Ein b…",Adzuna::API::Response::Job,,,,
"{'label': 'Stellen für Hochschulabsolventen', '__CLASS__': 'Adzuna::API::Response::Category', 'tag': 'graduate-jobs'}",,,Duales Studium - Data Science & Künstliche Intelligenz 2027 (B. Sc.),5874897505,"{'display_name': 'MPDV Mikrolab GmbH', '__CLASS__': 'Adzuna::API::Response::Company'}",2026-09-08T01:42:53Z,0,"{'area': ['Deutschland'], 'display_name': 'Deutschland', '__CLASS__': 'Adzuna::API::Response::Location'}",eyJhbGciOiJIUzI1NiJ9.eyJzIjoiUHJMckFrR3c4UkdiMmFNd2QtNkgzZyIsImkiOiI1ODc0ODk3NTA1In0.Y_y7Xw2NXks4gsWpshECPTHn5a57rZZRSkNte-adYF8,https://www.adzuna.de/land/ad/5874897505?se=PrLrAkGw8RGb2aMwd-6H3g&utm_medium=api&utm_source=a4bcf954&v=44D5289B3429E83A5B55D53557ACA03B7CA6BEF7,"Gemeinsam zukunftsweisende Lösungen für die Smart Factory unserer Kunden zu entwickeln und diese erfolgreich zu machen: das ist unser Ziel als Marktführer für IT-Lösungen in der Fertigung! Mit mehr als 47 Jahren Projekterfahrung im Produktionsumfeld verfügen wir über umfangreiches Fachwissen. Mehr als 1.485.000 Menschen in 1.750 Fertigungsunternehmen weltweit nutzen täglich unsere Softwarelösungen, um ihre Produktionsprozesse effizienter zu gestalten. Du möchtest studieren und gleichzeitig erst…",Adzuna::API::Response::Job,,,,
"{'tag': 'graduate-jobs', '__CLASS__': 'Adzuna::API::Response::Category', 'label': 'Stellen für Hochschulabsolventen'}",9.2274,49.18975,Duales Studium Data Science und KI - Smart Operations Management 2027,5867745926,"{'display_name': 'Lidl Stiftung & Co. KG', '__CLASS__': 'Adzuna::API::Response::Company'}",2026-09-03T01:26:43Z,0,"{'__CLASS__': 'Adzuna::API::Response::Location', 'area': ['Deutschland', 'Baden-Württemberg', 'Heilbronn (Kreis)', 'Neckarsulm'], 'display_name': 'Neckarsulm, Heilbronn (Kreis)'}",eyJhbGciOiJIUzI1NiJ9.eyJpIjoiNTg2Nzc0NTkyNiIsInMiOiJQckxyQWtHdzhSR2IyYU13ZC02SDNnIn0.cUvCheNoFHthnPozQSbegEFbHTXii0xuH0yGowalxFs,https://www.adzuna.de/land/ad/5867745926?se=PrLrAkGw8RGb2aMwd-6H3g&utm_medium=api&utm_source=a4bcf954&v=EE77F10D72125E6854147BDB5DE2E76F8E2432B9,"Eine gute Idee war der Ursprung, ein erfolgreiches Konzept ist das Ergebnis. Qualität zum guten Preis möglichst vielen Menschen anbieten zu können treibt uns an - mittlerweile weltweit, denn wir sind Lidl. Hier ist das berufliche Zuhause vielfältiger Talente. Ob im Einkauf, in der Logistik, im Warengeschäft oder in der IT; ob als Impulsgeber, Gestalter oder Dienstleister der Länder. Wir suchen Anpacker, Durchstarter, Möglichmacher und bieten spannende Aufgaben und Projekte in einem dynamischen …",Adzuna::API::Response::Job,,,,
"{'__CLASS__': 'Adzuna::API::Response::Category', 'tag': 'graduate-jobs', 'label': 'Stellen für Hochschulabsolventen'}",10.10558,48.78408,Abschlussarbeit Data Science / Mechanikdesign (m/w/x),5810550889,"{'display_name': 'ZEISS', '__CLASS__': 'Adzuna::API::Response::Company'}",2026-07-22T10:26:36Z,0,"{'__CLASS__': 'Adzuna::API::Response::Location', 'area': ['Deutschland', 'Baden-Württemberg', 'Ostalbkreis', 'Oberkochen'], 'display_name': 'Oberkochen, Ostalbkreis'}",eyJhbGciOiJIUzI1NiJ9.eyJpIjoiNTgxMDU1MDg4OSIsInMiOiJQckxyQWtHdzhSR2IyYU13ZC02SDNnIn0.tsUdlHhdljo3D_eQlFWIEYIf-2u0URRRcUNDbmpC3TQ,https://www.adzuna.de/land/ad/5810550889?se=PrLrAkGw8RGb2aMwd-6H3g&utm_medium=api&utm_source=a4bcf954&v=1FEF4813105946798F9B4DCA0FC26772816D4906,"Als Student arbeitest Du mit Deinen Kolleginnen und Kollegen auf Augenhöhe und schaffst ideale Voraussetzungen für Deine spätere Karriere. Sich etwas Neues trauen, über sich hinauswachsen und dabei die Grenzen des Machbaren neu deﬁnieren. Genau das ist es, was unsere Mitarbeitenden täglich leben dürfen und sollen. Um mit unseren Innovationen das Tempo vorzugeben und Großartiges zu ermöglichen. Denn hinter jedem erfolgreichen Unternehmen stehen eine ganze Menge faszinierender Menschen. Die Mitar…",Adzuna::API::Response::Job,,,,
"{'tag': 'other-general-jobs', '__CLASS__': 'Adzuna::API::Response::Category', 'label': 'Sonstige/Allgemeine Stellen'}",13.420806,52.507706,Teamlead Data Science - Data & AI Research (m/w/d),5880250602,"{'display_name': 'Würth Deutschland', '__CLASS__': 'Adzuna::API::Response::Company'}",2026-09-12T01:39:50Z,0,"{'__CLASS__': 'Adzuna::API::Response::Location', 'area': ['Deutschland', 'Berlin'], 'display_name': 'Berlin, Deutschland'}",eyJhbGciOiJIUzI1NiJ9.eyJzIjoiUHJMckFrR3c4UkdiMmFNd2QtNkgzZyIsImkiOiI1ODgwMjUwNjAyIn0.PIIOY4acrsNxPkRxISdJOYgWx9F1t8z5TK5dtRvd8t8,https://www.adzuna.de/land/ad/5880250602?se=PrLrAkGw8RGb2aMwd-6H3g&utm_medium=api&utm_source=a4bcf954&v=0CDBC4AA8EAAAF0DDB28B9091A97A43AFA6AA713,"Die Adolf Würth GmbH & Co. KG ist führender Hersteller von Befestigungstechnik für die professionelle Anwendung. Das Familienunternehmen ist das größte Einzelunternehmen der weltweit tätigen Würth-Gruppe und beschäftigt in Deutschland über 8.000 Mitarbeitende. Rund 87.000 sind bei der Würth-Gruppe beschäftigt. Hohe Eigenmotivation, große Gestaltungsfreiräume und eine starke Kollegialität zeichnen die Unternehmenskultur aus. Neugierig geworden? Jetzt informieren und Teil der Würth Familie werden…",Adzuna::API::Response::Job,,,,
"{'label': 'Unknown', '__CLASS__': 'Adzuna::API::Response::Category', 'tag': 'unknown'}",,,Lehrstuhl für Medical Data Science (W 3),5873438072,"{'__CLASS__': 'Adzuna::API::Response::Company', 'display_name': 'Universität Passau'}",2026-09-07T01:57:19Z,0,"{'__CLASS__': 'Adzuna::API::Response::Location', 'display_name': 'Deutschland', 'area': ['Deutschland']}",eyJhbGciOiJIUzI1NiJ9.eyJzIjoiUHJMckFrR3c4UkdiMmFNd2QtNkgzZyIsImkiOiI1ODczNDM4MDcyIn0.uA5NX4-CF0nc8VQ_oGz4ak4dqnfNmVHAerTTwWx56T4,https://www.adzuna.de/land/ad/5873438072?se=PrLrAkGw8RGb2aMwd-6H3g&utm_medium=api&utm_source=a4bcf954&v=82E04802EBE5EBB8806AE39DC38CD7E79038FE5D,"Die Universität Passau genießt durch exzellente Forschung, innovative Lehre und ein dichtes internationales Netzwerk hohe Sichtbarkeit und Ansehen. Rund 11.000 Studierende und Promovierende und über 1.300 Beschäftigte lernen und arbeiten nahe der Altstadt auf einem Campus, der modernste technische Infrastruktur mit einer preisgekrönten städtebaulichen Anlage vereint. International erfolgreiche High-Tech-Firmen und eine lebhafte Gründerszene, gepaart mit reicher Kultur und niederbayerischer Trad…",Adzuna::API::Response::Job,,,,
"{'__CLASS__': 'Adzuna::API::Response::Category', 'tag': 'graduate-jobs', 'label': 'Stellen für Hochschulabsolventen'}",9.72719,48.28207,DHBW Studium - Data Science und Künstliche Intelligenz (B.Sc.),5810531742,"{'__CLASS__': 'Adzuna::API::Response::Company', 'display_name': 'Liebherr-Werk Ehingen GmbH'}",2026-07-22T10:22:44Z,0,"{'__CLASS__': 'Adzuna::API::Response::Location', 'display_name': 'Ehingen (Donau), Alb-Donau-Kreis', 'area': ['Deutschland', 'Baden-Württemberg', 'Alb-Donau-Kreis', 'Ehingen (Donau)']}",eyJhbGciOiJIUzI1NiJ9.eyJpIjoiNTgxMDUzMTc0MiIsInMiOiJQckxyQWtHdzhSR2IyYU13ZC02SDNnIn0.EvPwgiTTYkeKb4ON1RYzGwKuHK8ub6CJ4_iDD4feGiY,https://www.adzuna.de/land/ad/5810531742?se=PrLrAkGw8RGb2aMwd-6H3g&utm_medium=api&utm_source=a4bcf954&v=0C439F9A8606839B5DD9EDB9D4B6C60EC3112F9B,Die Liebherr-Werk Ehingen GmbH zählt zu den weltweit führenden Herstellern von Fahrzeugkranen. Das Programm umfasst Teleskop- und Gittermastkrane auf Mobil- und Raupenfahrwerken. Seit der Gründung wurde die Produktionsstätte und ihre Kapazität kontinuierlich erweitert. Heute werden täglich sechs Fahrzeugkrane aus Ehingen in die ganze Welt geliefert. DHBW Studium - Data Science und Künstliche Intelligenz (B.Sc.) Job-ID 83588 JLFT1_DE,Adzuna::API::Response::Job,,,,
"{'label': 'Stellen für Hochschulabsolventen', 'tag': 'graduate-jobs', '__CLASS__': 'Adzuna::API::Response::Category'}",9.187224,48.776198,DHBW-Studium Bachelor of Science – Wirtschaftsinformatik Data Science,5864519751,"{'__CLASS__': 'Adzuna::API::Response::Company', 'display_name': 'WGV - Württembergische Gemeinde-Versicherung a.G.'}",2026-09-01T13:06:45Z,0,"{'area': ['Deutschland', 'Baden-Württemberg', 'Stuttgart'], 'display_name': 'Stuttgart, Baden-Württemberg', '__CLASS__': 'Adzuna::API::Response::Location'}",eyJhbGciOiJIUzI1NiJ9.eyJzIjoiUHJMckFrR3c4UkdiMmFNd2QtNkgzZyIsImkiOiI1ODY0NTE5NzUxIn0.B5qGzTMOqYHs7XBFNwRTVVC1yvR4_A9Gwdx57kamr7w,https://www.adzuna.de/land/ad/5864519751?se=PrLrAkGw8RGb2aMwd-6H3g&utm_medium=api&utm_source=a4bcf954&v=5B5640780B48EE57DAAF2B7F451EA79F4747C6D6,DHBW-Studium Bachelor of Science – Wirt­schafts­informatik Data Science Als starker Arbeitgeber und attrak­tives Aus­bildungs­unter­nehmen bieten wir viel­fältige und spannende Aus­bildungs- und Studien­plätze mit besten Über­nahme­chancen. Bereit für ein echt spannendes und abwechslungsreiches Studium? Wir machen dich fit für deine Zukunft in einer modernen Versicherung. Für den Studienstart am 01.09.2027 in Stuttgart suchen wir aufgeschlossene und motivierte Studierende. JLFT1_DE,Adzuna::API::Response::Job,,,,
"{'label': 'Stellen für Hochschulabsolventen', '__CLASS__': 'Adzuna::API::Response::Category', 'tag': 'graduate-jobs'}",11.588238,49.941534,Duales Studium Data Science / KI (w/m/d) 2027,5865809177,"{'__CLASS__': 'Adzuna::API::Response::Company', 'display_name': 'medi GmbH & Co. KG'}",2026-09-02T01:48:14Z,0,"{'area': ['Deutschland', 'Bayern', 'Bayreuth (Kreis)', 'Bayreuth'], 'display_name': 'Bayreuth, Bayreuth (Kreis)', '__CLASS__': 'Adzuna::API::Response::Location'}",eyJhbGciOiJIUzI1NiJ9.eyJpIjoiNTg2NTgwOTE3NyIsInMiOiJQckxyQWtHdzhSR2IyYU13ZC02SDNnIn0._46oTOZA3ENsMh3nFHmAMeM4G05eSgwLOgKnEDSra40,https://www.adzuna.de/land/ad/5865809177?se=PrLrAkGw8RGb2aMwd-6H3g&utm_medium=api&utm_source=a4bcf954&v=F21595B9CAE840EE9F01453668C50AB5C7C278D2,"medi GmbH & Co. KG Bayreuth Präsenz / Mobil Ausbildung IT Vollzeit Du willst die digitale Zukunft aktiv mitgestalten und dein Interesse für Daten, KI und moderne Technologien nicht nur im Hörsaal, sondern auch direkt in der Praxis einsetzen? Dann ist das duale Studium Data Science / KI bei medi genau dein Weg in eine zukunftsorientierte Karriere in der datengetriebenen Welt von morgen. Bewirb dich jetzt für einen Start ab September 2027 und absolviere dein duales Studium in nur drei Jahren Über…",Adzuna::API::Response::Job,,,,
"{'label': 'IT-Stellen', '__CLASS__': 'Adzuna::API::Response::Category', 'tag': 'it-jobs'}",11.555737,48.137418,Werkstudent Data Science / Data Engineering (all genders),5847753306,{'__CLASS__': 'Adzuna::API::Response::Company'},2026-08-19T05:13:06Z,0,"{'display_name': 'München, München (Kreis)', 'area': ['Deutschland', 'Bayern', 'München (Kreis)', 'München'], '__CLASS__': 'Adzuna::API::Response::Location'}",eyJhbGciOiJIUzI1NiJ9.eyJzIjoiUHJMckFrR3c4UkdiMmFNd2QtNkgzZyIsImkiOiI1ODQ3NzUzMzA2In0.5LNlE52YPWtNC2C6D-w-dAkkhbP4dmyoO0GhB5c_Th0,https://www.adzuna.de/land/ad/5847753306?se=PrLrAkGw8RGb2aMwd-6H3g&utm_medium=api&utm_source=a4bcf954&v=499612C772CC58F30F6DAAB06DAF355389DEE2CF,"Wir sind über 14.000. An 20 Standorten weltweit. Jedes dritte Flugzeug fliegt mit unserer Technologie. Immer effizienter, leiser, nachhaltiger. Wir gestalten die Zukunft der Luftfahrt. Was wir noch brauchen? Dich. Bei der Instandhaltung von Flugzeugtriebwerken entstehen eine Vielzahl verschiedenster Daten. Erst wenn diese Informationen aufbereitet, geprüft und zusammengeführt sind, können Erkenntnisse und Entscheidungen daraus abgeleitet werden. Unser Team ist integraler Bestandteil der Digital…",Adzuna::API::Response::Job,,,,
"{'label': 'Stellen für Hochschulabsolventen', '__CLASS__': 'Adzuna::API::Response::Category', 'tag': 'graduate-jobs'}",9.856945,48.383137,"Duales Studium: ""Data Science & künstliche Intelligenz"" (w/m/d), Ulm, Start 2027",5880250669,"{'display_name': 'HENSOLDT', '__CLASS__': 'Adzuna::API::Response::Company'}",2026-09-12T01:39:53Z,0,"{'__CLASS__': 'Adzuna::API::Response::Location', 'area': ['Deutschland', 'Baden-Württemberg', 'Ulm'], 'display_name': 'Ulm, Baden-Württemberg'}",eyJhbGciOiJIUzI1NiJ9.eyJzIjoiUHJMckFrR3c4UkdiMmFNd2QtNkgzZyIsImkiOiI1ODgwMjUwNjY5In0.lZ_A3Cw0qr4GBQdvMSS5KrYnvFj341tKDgfydhRuQuM,https://www.adzuna.de/land/ad/5880250669?se=PrLrAkGw8RGb2aMwd-6H3g&utm_medium=api&utm_source=a4bcf954&v=1F3BB1EB3D3FADA9A508FF694A4368318200D3E9,"HENSOLDT ist ein führendes europäisches Hightech-Unternehmen der Verteidigungs- und Sicherheitsindustrie mit Sitz in Taufkirchen bei München. Das Unternehmen entwickelt Sensorlösungen, Elektronik und Software für die Bereiche Luft, Land, See, Cyber und Weltraum und unterstützt Streitkräfte weltweit dabei, Bedrohungen frühzeitig zu erkennen und fundierte operative Entscheidungen zu treffen. Aufbauend auf jahrzehntelanger Erfahrung in missionskritischer Sensorik verbindet HENSOLDT Radar-, Optroni…",Adzuna::API::Response::Job,,,,
"{'label': 'Stellen aus Einzelhandel', 'tag': 'retail-jobs', '__CLASS__': 'Adzuna::API::Response::Category'}",,,Duales Studium Wirtschaftsinformatik - Data Science 2027,5867196636,"{'__CLASS__': 'Adzuna::API::Response::Company', 'display_name': 'Lidl Stiftung & Co. KG'}",2026-09-02T17:22:48Z,0,"{'area': ['Deutschland'], 'display_name': 'Deutschland', '__CLASS__': 'Adzuna::API::Response::Location'}",eyJhbGciOiJIUzI1NiJ9.eyJzIjoiUHJMckFrR3c4UkdiMmFNd2QtNkgzZyIsImkiOiI1ODY3MTk2NjM2In0.nGShtcB74C_kNTV7ohCQwadA5pkqmF0RyDkwcMN4yZs,https://www.adzuna.de/land/ad/5867196636?se=PrLrAkGw8RGb2aMwd-6H3g&utm_medium=api&utm_source=a4bcf954&v=0D699D33CB3FD2B941D47EF8453D698F2FA8F353,"Eine gute Idee war der Ursprung, ein erfolgreiches Konzept ist das Ergebnis. Qualität zum guten Preis möglichst vielen Menschen anbieten zu können treibt uns an - mittlerweile weltweit, denn wir sind Lidl. Hier ist das berufliche Zuhause vielfältiger Talente. Ob im Einkauf, in der Logistik, im Warengeschäft oder in der IT; ob als Impulsgeber, Gestalter oder Dienstleister der Länder. Wir suchen Anpacker, Durchstarter, Möglichmacher und bieten spannende Aufgaben und Projekte in einem dynamischen …",Adzuna::API::Response::Job,,,,
"{'label': 'Sonstige/Allgemeine Stellen', '__CLASS__': 'Adzuna::API::Response::Category', 'tag': 'other-general-jobs'}",12.98145,50.98578,W2-Professur für Angewandte Mathematik - KI und Data Sciences (w/m/d),5849936588,"{'display_name': 'Hochschule Mittweida - University of Applied Sciences', '__CLASS__': 'Adzuna::API::Response::Company'}",2026-08-20T22:19:34Z,0,"{'__CLASS__': 'Adzuna::API::Response::Location', 'area': ['Deutschland', 'Sachsen', 'Mittelsachsen (Kreis)', 'Mittweida'], 'display_name': 'Mittweida, Mittelsachsen (Kreis)'}",eyJhbGciOiJIUzI1NiJ9.eyJzIjoiUHJMckFrR3c4UkdiMmFNd2QtNkgzZyIsImkiOiI1ODQ5OTM2NTg4In0.omQ0-dzjtZSy88b3cYly7E_QntuO1jDS8sfddmLqoOs,https://www.adzuna.de/land/ad/5849936588?se=PrLrAkGw8RGb2aMwd-6H3g&utm_medium=api&utm_source=a4bcf954&v=726766D74DF21C0E94E0909A9527777B5D9ED072,"Die Hochschule Mittweida, University of Applied Sciences, ist mit über 6.000 Studierenden eine der größten und erfolgreichsten Hochschulen für Angewandte Wissenschaften in Sachsen. Mit ihrem Campus inmitten der Hochschulstadt Mittweida hat sie sich einen familiären Charakter bewahrt, der Arbeiten, Forschen, Studieren und Leben attraktiv macht. Hightech, Kreativität, Weltoffenheit und das Engagement aller Hochschulangehörigen begegnen sich hier auf kurzen Wegen. Anwendungsnahes Lehren und Forsch…",Adzuna::API::Response::Job,,,,
"{'label': 'Stellen für Hochschulabsolventen', 'tag': 'graduate-jobs', '__CLASS__': 'Adzuna::API::Response::Category'}",9.187224,48.776198,"Duales Studium Wirtschaftsinformatik-Data Science, Studienbeginn 2027 (m/w/d)",5878965501,"{'display_name': 'Trelleborg Sealing Solutions Germany GmbH', '__CLASS__': 'Adzuna::API::Response::Company'}",2026-09-11T01:53:36Z,0,"{'__CLASS__': 'Adzuna::API::Response::Location', 'display_name': 'Stuttgart, Baden-Württemberg', 'area': ['Deutschland', 'Baden-Württemberg', 'Stuttgart']}",eyJhbGciOiJIUzI1NiJ9.eyJpIjoiNTg3ODk2NTUwMSIsInMiOiJQckxyQWtHdzhSR2IyYU13ZC02SDNnIn0.jUfRfqGkSebiLUR7eCxOXcgPMHIPXql_gA9UuVh55Q8,https://www.adzuna.de/land/ad/5878965501?se=PrLrAkGw8RGb2aMwd-6H3g&utm_medium=api&utm_source=a4bcf954&v=7F88571FFC20188591842C051FB40D0203C9CA92,"Duales Studium Wirtschaftsinformatik-Data Science, Studienbeginn 2027 (m/w/d) Trelleborg is a world leader in engineered polymer solutions for almost every industry on the planet. And we are where we are because our talents brought us here. By specializing in the polymer engineering that makes innovation and application possible, Trelleborg works closely with leading industry brands to accelerate their performance, drive their business forward—and along the way, shape the industry and progress …",Adzuna::API::Response::Job,,,,
"{'__CLASS__': 'Adzuna::API::Response::Category', 'tag': 'graduate-jobs', 'label': 'Stellen für Hochschulabsolventen'}",9.856945,48.383137,Duales Studium (B.Sc.) Data Science und Künstliche Intelligenz (m/w/d) Start 2027,5871919933,"{'__CLASS__': 'Adzuna::API::Response::Company', 'display_name': 'Seeberger GmbH'}",2026-09-05T13:46:56Z,0,"{'display_name': 'Ulm, Baden-Württemberg', 'area': ['Deutschland', 'Baden-Württemberg', 'Ulm'], '__CLASS__': 'Adzuna::API::Response::Location'}",eyJhbGciOiJIUzI1NiJ9.eyJpIjoiNTg3MTkxOTkzMyIsInMiOiJQckxyQWtHdzhSR2IyYU13ZC02SDNnIn0.ltLkVzxm5uOagW8o0IkqMv2g4DfCo4jaIlwjl1MFMDI,https://www.adzuna.de/land/ad/5871919933?se=PrLrAkGw8RGb2aMwd-6H3g&utm_medium=api&utm_source=a4bcf954&v=9ED7A9305A5B920B1D4055F430F22A4C5D9A5B2A,"Wir schenken Menschen Genussmomente aus der Natur. Als führende Marke bei Nüssen und Trockenfrüchten oder als deutschlandweit agierender Konzeptpartner, der auf die Bedürfnisse von Firmenkunden sowie der hochwertigen Gastronomie spezialisiert ist. Damit das auch in Zukunft so bleibt, bilden Wertschätzung, Qualität und Nachhaltigkeit das Fundament unserer Unternehmenskultur. In allen Bereichen ist das Beste unser Ansporn – bei unseren Produkten, in unserem Engagement für eine ausgewogene Work-Li…",Adzuna::API::Response::Job,,,,
"{'tag': 'unknown', '__CLASS__': 'Adzuna::API::Response::Category', 'label': 'Unknown'}",,,Lehrstuhl für Medical Data Science (W 3) - englische Fassung,5873438101,"{'__CLASS__': 'Adzuna::API::Response::Company', 'display_name': 'Universität Passau'}",2026-09-07T01:57:20Z,0,"{'__CLASS__': 'Adzuna::API::Response::Location', 'area': ['Deutschland'], 'display_name': 'Deutschland'}",eyJhbGciOiJIUzI1NiJ9.eyJpIjoiNTg3MzQzODEwMSIsInMiOiJQckxyQWtHdzhSR2IyYU13ZC02SDNnIn0.kmotcOqVX_wRPDhfzIEy24DStMk0hk09yT0o_J9mXsY,https://www.adzuna.de/land/ad/5873438101?se=PrLrAkGw8RGb2aMwd-6H3g&utm_medium=api&utm_source=a4bcf954&v=B1177F34BAF8099CCEFC2DE9D1E2E51837C578D9,"The University of Passau owes its strong visibility and good repute to excellent research, innovative teaching and its tight-knit international academic networks. Some 11,000 students and doctoral researchers and more than 1,300 staff study and work on our university campus, which is located a stone's throw from the historic Old Town of Passau and combines state-of-the-art technical infrastructure with award-winning architecture. Internationally successful high-tech companies and a vibrant star…",Adzuna::API::Response::Job,,,,
"{'label': 'Verwaltungsstellen', 'tag': 'admin-jobs', '__CLASS__': 'Adzuna::API::Response::Category'}",,,Professur für Business Data Science,5859747704,"{'display_name': 'Hochschule Osnabrück', '__CLASS__': 'Adzuna::API::Response::Company'}",2026-08-28T17:00:07Z,0,"{'__CLASS__': 'Adzuna::API::Response::Location', 'area': ['Deutschland'], 'display_name': 'Deutschland'}",eyJhbGciOiJIUzI1NiJ9.eyJzIjoiUHJMckFrR3c4UkdiMmFNd2QtNkgzZyIsImkiOiI1ODU5NzQ3NzA0In0.yBt-OzQYv4FYOLXHqSRsCwgXOfEMu6qKiN6NSN8HKGw,https://www.adzuna.de/land/ad/5859747704?se=PrLrAkGw8RGb2aMwd-6H3g&utm_medium=api&utm_source=a4bcf954&v=6CD1CF9AB7F35239EE590000FC952BD000A900C8,"Professur für Business Data Science Das Themengebiet der Professur konzentriert sich auf die wirtschaftlichen Anwendungen der Künstlichen Intelligenz im Kontext von Natural Language Processing und Machine Learning. Die künftige Stelleninhaberin oder der künftige Stelleninhaber vertritt das Fachgebiet der Datenwissenschaft in Lehre, Forschung und Transfer. Der Standort Osnabrück bietet mit seinen beiden Hochschulen sowie dem Labor Niedersachsen des Deutschen Forschungszentrums für Künstliche Int…",Adzuna::API::Response::Job,,,,
"{'label': 'Teilzeitstellen', 'tag': 'part-time-jobs', '__CLASS__': 'Adzuna::API::Response::Category'}",8.650578,50.129683,Data Science und Künstliche Intelligenz (B.Sc.) 2027,5776991573,"{'display_name': 'Siemens AG', '__CLASS__': 'Adzuna::API::Response::Company'}",2026-06-26T01:42:46Z,0,"{'area': ['Deutschland', 'Hessen', 'Frankfurt am Main'], 'display_name': 'Frankfurt am Main, Hessen', '__CLASS__': 'Adzuna::API::Response::Location'}",eyJhbGciOiJIUzI1NiJ9.eyJzIjoiUHJMckFrR3c4UkdiMmFNd2QtNkgzZyIsImkiOiI1Nzc2OTkxNTczIn0.Hu_2ZCrTsyFf2igM2ZRUU0MbPpui554ge8azNEY215M,https://www.adzuna.de/land/ad/5776991573?se=PrLrAkGw8RGb2aMwd-6H3g&utm_medium=api&utm_source=a4bcf954&v=333B251EC63C28872D35E9BBDEE132B1419089E5,"Dein Berufsbild: Du möchtest irgendwas mit Mathe machen und findest die Wirtschaftswelt spannend? Dann entscheide dich für ein Studium in Data Science und Künstliche Intelligenz und hol alles aus den Daten heraus. Data Science und Künstliche Intelligenz Spezialisten (w/m/d) sind die Schnittstelle zwischen IT und Business. Sie beherrschen die verschiedenen Technologien, bewerten deren Potenziale und wissen, wie man sie technisch umsetzt. In deinem dualen Studium erlernst du die Grundlagen, Konze…",Adzuna::API::Response::Job,,,,
"{'label': 'Teilzeitstellen', '__CLASS__': 'Adzuna::API::Response::Category', 'tag': 'part-time-jobs'}",9.560146,47.759752,Duales Studium (DHBW) Data Science und Künstliche Intelligenz,5776221804,"{'__CLASS__': 'Adzuna::API::Response::Company', 'display_name': 'EBZ SE'}",2026-06-25T13:38:21Z,0,"{'area': ['Deutschland', 'Baden-Württemberg', 'Ravensburg (Kreis)', 'Ravensburg'], 'display_name': 'Ravensburg, Ravensburg (Kreis)', '__CLASS__': 'Adzuna::API::Response::Location'}",eyJhbGciOiJIUzI1NiJ9.eyJzIjoiUHJMckFrR3c4UkdiMmFNd2QtNkgzZyIsImkiOiI1Nzc2MjIxODA0In0.lIG6MQtvWmI-GZx1xyu9uolsv2paeHCJYKrOe5jWems,https://www.adzuna.de/land/ad/5776221804?se=PrLrAkGw8RGb2aMwd-6H3g&utm_medium=api&utm_source=a4bcf954&v=496F0D5CC95E9EA60CFB834C492F2FA74AC23E97,"Dieser Studiengang bereitet Dich darauf vor, den digitalen Wandel in Unternehmen voranzutreiben und aktiv mitzugestalten. Dazu werden Grundlagen der Informatik und der Wirtschaftsinformatik mit Kerninhalten der Data Science kombiniert. Themen wie Cloud Computing, Big Data, Visual Analytics und AI spielen hier eine große Rolle. Du lernst den Umgang und die Interpretation von großen Datenmengen, deren Darstellung, und das Training von AI-Modellen. Deine Ideen und Projekte kannst du dabei direkt i…",Adzuna::API::Response::Job,,,,
"{'label': 'Teilzeitstellen', 'tag': 'part-time-jobs', '__CLASS__': 'Adzuna::API::Response::Category'}",9.64655,47.80684,Duales Studium Wirtschaftsinformatik (B.Sc.) - Data Science,5850415032,"{'__CLASS__': 'Adzuna::API::Response::Company', 'display_name': 'All for One Group SE'}",2026-08-21T04:34:21Z,0,"{'__CLASS__': 'Adzuna::API::Response::Location', 'display_name': 'Weingarten, Ravensburg (Kreis)', 'area': ['Deutschland', 'Baden-Württemberg', 'Ravensburg (Kreis)', 'Weingarten']}",eyJhbGciOiJIUzI1NiJ9.eyJzIjoiUHJMckFrR3c4UkdiMmFNd2QtNkgzZyIsImkiOiI1ODUwNDE1MDMyIn0.aDkdpHaQfuQauyTa4VRzMsP13mjqOg66DPLt4VsOkOo,https://www.adzuna.de/land/ad/5850415032?se=PrLrAkGw8RGb2aMwd-6H3g&utm_medium=api&utm_source=a4bcf954&v=D802F1A5442BA458638A852A64F06CDBFA877124,"3.200 Kolleg:innen,über 4.500 Kund:innen– und ein gemeinsames Ziel: Unternehmen wirklich voranzubringen. Wir sind All for One– führender IT-, Consulting- und Service-Provider rund um SAP und weltweit an der Spitze, wenn es um SAP-Transformationen und Cloud-Lösungen geht. Wir kennen den Mittelstand und begleiten ihn in allen Themen, die heute wirklich zählen: von Digitalisierung und Datennutzungüber Cybersecurity und Employee Experience bis hin zu New Work und Nachhaltigkeit. Was uns antreibt? D…",Adzuna::API::Response::Job,,,,
"{'label': 'Teilzeitstellen', '__CLASS__': 'Adzuna::API::Response::Category', 'tag': 'part-time-jobs'}",8.53563,49.80341,Duales Studium Data Science&Künstliche Intelligenz 2027,5770589039,"{'__CLASS__': 'Adzuna::API::Response::Company', 'display_name': 'Transgourmet Deutschland GmbH&Co. OHG'}",2026-06-20T12:53:08Z,0,"{'area': ['Deutschland', 'Hessen', 'Groß-Gerau (Kreis)', 'Riedstadt'], 'display_name': 'Riedstadt, Groß-Gerau (Kreis)', '__CLASS__': 'Adzuna::API::Response::Location'}",eyJhbGciOiJIUzI1NiJ9.eyJzIjoiUHJMckFrR3c4UkdiMmFNd2QtNkgzZyIsImkiOiI1NzcwNTg5MDM5In0.dNUQuXQ37jOBXVxxMYcdSGtJ9OnVE3Tdxu-OGxCkWXE,https://www.adzuna.de/land/ad/5770589039?se=PrLrAkGw8RGb2aMwd-6H3g&utm_medium=api&utm_source=a4bcf954&v=681BE7A3D03AC6F297C387CC551FF08EF9980009,"Duales Studium– unser Erfolgsrezept: Theorie und Praxis verbinden! Werde bei Transgourmet zur KI-Koryphäe: Duübernimmst Initiative in schmackhaften Projekten, bei denen du marktfrische, innovative Ansätze direkt aus deinem Studium einbringst. Du erhältst Einblicke in die Geheimnisse der kulinarischen Datenwelt eines modernen Lebensmittelgroßhändlers: Prozessveredelungá la IT: Optimiere mit uns die digitalen Kochprozesse in unserem Unternehmen, automatisiere Abläufe und würze die Systeme mit Kün…",Adzuna::API::Response::Job,,,,
"{'__CLASS__': 'Adzuna::API::Response::Category', 'tag': 'unknown', 'label': 'Unknown'}",6.743718,51.443356,"Universitätsprofessur (Bes. Gr. W2) für ""Pädiatrische Versorgungsforschung und Data Science in der Neonatologie und Pädiatrischen Intensivmedizin""",5869555630,"{'display_name': 'Universität Duisburg-Essen', '__CLASS__': 'Adzuna::API::Response::Company'}",2026-09-03T22:56:31Z,0,"{'display_name': 'Duisburg, Nordrhein-Westfalen', 'area': ['Deutschland', 'Nordrhein-Westfalen', 'Duisburg'], '__CLASS__': 'Adzuna::API::Response::Location'}",eyJhbGciOiJIUzI1NiJ9.eyJpIjoiNTg2OTU1NTYzMCIsInMiOiJQckxyQWtHdzhSR2IyYU13ZC02SDNnIn0.vCbjCLA-DuDijXWFr9RtmXBtCa6aQid1ajK248TXLKI,https://www.adzuna.de/land/ad/5869555630?se=PrLrAkGw8RGb2aMwd-6H3g&utm_medium=api&utm_source=a4bcf954&v=F720A21755A35473CD915542DE99D2CE4AAE23C3,An der Universität Duisburg-Essen ist an der Medizinischen Fakultät in der Klinik für Kinderheilkunde I (Direktorin Prof. Dr. med. Ursula Felderhoff-Müser) zum nächstmöglichen Zeitpunkt folgende Stelle zu besetzen: Universitätsprofessur (Bes. Gr. W2) für „Pädiatrische Versorgungsforschung und Data Science in der Neonatologie und Pädiatrischen Intensivmedizin“ (im Angestelltenverhältnis) Mit der Professur ist die Bestellung zur Leiterin/zum Leiter des Bereiches Clinical Data Science mit Schwerpu…,Adzuna::API::Response::Job,,,,
"{'label': 'Stellen für Hochschulabsolventen', '__CLASS__': 'Adzuna::API::Response::Category', 'tag': 'graduate-jobs'}",8.412378,49.001249,Duales Studium (B.Sc.) – Data Science und Künstliche Intelligenz (m/w/d),5855308446,"{'display_name': 'VBL. Versorgungsanstalt des Bundes und der Länder', '__CLASS__': 'Adzuna::API::Response::Company'}",2026-08-25T12:57:12Z,0,"{'display_name': 'Karlsruhe, Karlsruhe (Kreis)', 'area': ['Deutschland', 'Baden-Württemberg', 'Karlsruhe (Kreis)', 'Karlsruhe'], '__CLASS__': 'Adzuna::API::Response::Location'}",eyJhbGciOiJIUzI1NiJ9.eyJpIjoiNTg1NTMwODQ0NiIsInMiOiJQckxyQWtHdzhSR2IyYU13ZC02SDNnIn0.lOcQ9wZyFb0knACqZWhRGYTUGH7VPSNnS8VgDJYuB5c,https://www.adzuna.de/land/ad/5855308446?se=PrLrAkGw8RGb2aMwd-6H3g&utm_medium=api&utm_source=a4bcf954&v=55F206BF27204AB65AB05644F9F1D4FC8E8421F5,"Die VBL mit Sitz in Karlsruhe ist Deutschlands größte Zusatzversorgungseinrichtung für Beschäftigte des öffentlichen Dienstes und betreut circa 5,4 Mio. Versicherte und circa 1,5 Mio. Rentenberechtigte. Sie begeistern sich für Daten, digitale Technologien und intelligente Systeme? Dann verbinden Sie Theorie und Praxis in einem zukunftsweisenden dualen Studium bei der VBL. Ab sofort suchen wir einen Studierenden für 2027. Duales Studium (B.Sc.) – Data Science und Künstliche Intelligenz (m/w/d) J…",Adzuna::API::Response::Job,,,,
"{'label': 'Stellen für Hochschulabsolventen', '__CLASS__': 'Adzuna::API::Response::Category', 'tag': 'graduate-jobs'}",8.28431,47.6383,Dual Student in Data Science and Artificial Intelligence – Digital Production (B.Sc.) starting October 2027,5867792533,"{'__CLASS__': 'Adzuna::API::Response::Company', 'display_name': 'BBC Cellpack GmbH'}",2026-09-03T01:39:15Z,0,"{'area': ['Deutschland', 'Baden-Württemberg', 'Waldshut (Kreis)', 'Waldshut-Tiengen'], 'display_name': 'Waldshut-Tiengen, Waldshut (Kreis)', '__CLASS__': 'Adzuna::API::Response::Location'}",eyJhbGciOiJIUzI1NiJ9.eyJpIjoiNTg2Nzc5MjUzMyIsInMiOiJQckxyQWtHdzhSR2IyYU13ZC02SDNnIn0.8-vbWPwEtlVTt0pE1-xtI7TnzGGoZbwUQeJcb2ltdQg,https://www.adzuna.de/land/ad/5867792533?se=PrLrAkGw8RGb2aMwd-6H3g&utm_medium=api&utm_source=a4bcf954&v=EBD2D73443764EDCFB0690DF399473713A40BD9A,"BBC Cellpack was founded in 1935 in Vilmergen, Switzerland, as a successor to Dreifuss Brothers AG. Originally focused on cellophane packaging, the company quickly evolved through the pioneering spirit of the Dreifuss brothers, who recognized the potential of new materials and developed high-quality industrial goods. This innovative mindset laid the foundation for decades of progress With the launch of Cellpack GmbH in Waldshut-Tiengen in 1967, the company expanded into fibre-reinforced plastic…",Adzuna::API::Response::Job,,,,
"{'tag': 'unknown', '__CLASS__': 'Adzuna::API::Response::Category', 'label': 'Unknown'}",10.137982,54.319658,Duales Studium Data Science (M.Sc.) (m/w/d),5829017676,"{'__CLASS__': 'Adzuna::API::Response::Company', 'display_name': 'HAW Kiel Hochschule für Angewandte Wissenschaften'}",2026-08-05T12:58:58Z,0,"{'display_name': 'Kiel, Schleswig-Holstein', 'area': ['Deutschland', 'Schleswig-Holstein', 'Kiel'], '__CLASS__': 'Adzuna::API::Response::Location'}",eyJhbGciOiJIUzI1NiJ9.eyJpIjoiNTgyOTAxNzY3NiIsInMiOiJQckxyQWtHdzhSR2IyYU13ZC02SDNnIn0.DDWreNAvMYWVTSwk4hiR4-Mn2oAyNQph2pX8XOhRJWo,https://www.adzuna.de/details/5829017676?utm_medium=api&utm_source=a4bcf954,"Data Science (M.Sc.) Unterrichtssprache : Englisch Immatrikulation : jeweils zum Sommer- und Wintersemester (zulassungsbeschränkt) Deine Zukunft mit einem Data-Science-Studium Social Media, Satellitenaufnahmen, mobile Anwendungen, Industrie 4.0 - die Welt erlebt eine Datenexplosion. Für Unternehmen aller Branchen wie auch für den öffentlichen Sektor wird die intelligente Nutzung von Daten unter Berücksichtigung des Datenschutzes und der Datenethik immer wichtiger. So Potenziale identifiziert un…",Adzuna::API::Response::Job,,,,
"{'__CLASS__': 'Adzuna::API::Response::Category', 'tag': 'unknown', 'label': 'Unknown'}",8.656595,49.877672,Data Science (Master of Science) (m/w/d) - dual,5829018599,"{'display_name': 'Hochschule Darmstadt', '__CLASS__': 'Adzuna::API::Response::Company'}",2026-08-05T12:59:08Z,0,"{'__CLASS__': 'Adzuna::API::Response::Location', 'display_name': 'Darmstadt, Hessen', 'area': ['Deutschland', 'Hessen', 'Darmstadt']}",eyJhbGciOiJIUzI1NiJ9.eyJpIjoiNTgyOTAxODU5OSIsInMiOiJQckxyQWtHdzhSR2IyYU13ZC02SDNnIn0.B5YlTl8uWzQH-cy9shz_F3wGQpHLuBds8zmI1JCJfCw,https://www.adzuna.de/details/5829018599?utm_medium=api&utm_source=a4bcf954,"Data Science (Master of Science) (m/w/d) - dual Warum dual studieren? Studieren und trotzdem Geld verdienen? Ein reines Studium ist zu theoretisch? Die duale Variante des Master-Studiengangs Data Science bietet beides zugleich: ein wissenschaftliches Studium und praktische Erfahrungen im Unternehmen. Neben Vorlesungen und Seminaren besteht dadurch die Möglichkeit, das Gelernte in Praxisprojekten umzusetzen. Dabei werden die Studierenden von Fachbetreuern und Fachbetreuerinnen im Unternehmen sow…",Adzuna::API::Response::Job,,,,
"{'label': 'Unknown', 'tag': 'unknown', '__CLASS__': 'Adzuna::API::Response::Category'}",8.412378,49.001249,StudiumPLUS Praxis Data Science (B.Sc.) (w/m/d),5831199246,"{'__CLASS__': 'Adzuna::API::Response::Company', 'display_name': 'dm-drogerie markt GmbH + Co. KG'}",2026-08-07T01:06:50Z,0,"{'__CLASS__': 'Adzuna::API::Response::Location', 'area': ['Deutschland', 'Baden-Württemberg', 'Karlsruhe (Kreis)', 'Karlsruhe'], 'display_name': 'Karlsruhe, Karlsruhe (Kreis)'}",eyJhbGciOiJIUzI1NiJ9.eyJpIjoiNTgzMTE5OTI0NiIsInMiOiJQckxyQWtHdzhSR2IyYU13ZC02SDNnIn0.ixhWjB72xOBzkb7CnQXSCkG3ut5payzadj52z0gMpNU,https://www.adzuna.de/details/5831199246?utm_medium=api&utm_source=a4bcf954,"Du möchtest im Team an digitalen Projekten in der Logistik mitarbeiten und dabei lernen, wie Daten und Künstliche Intelligenz im Arbeitsalltag genutzt werden? Du willst nicht nur im Studium erfahren, wie man Abläufe verbessert oder große Datenmengen sinnvoll nutzt, sondern Dein Wissen direkt in der Praxis anwenden? Du suchst einen Partner, bei dem Du neben Deinem Data-Science-Studium praktische Erfahrungen in der Logistik sammeln kannst – mit weniger Arbeitszeit während der Vorlesungszeit und l…",Adzuna::API::Response::Job,,,,
"{'__CLASS__': 'Adzuna::API::Response::Category', 'tag': 'unknown', 'label': 'Unknown'}",8.90175,52.03331,Duales Studium Data Science (B. Sc.) (m/w/d),5867796524,"{'display_name': 'Technische Hochschule Ostwestfalen-Lippe', '__CLASS__': 'Adzuna::API::Response::Company'}",2026-09-03T01:39:46Z,0,"{'__CLASS__': 'Adzuna::API::Response::Location', 'display_name': 'Lemgo, Lippe (Kreis)', 'area': ['Deutschland', 'Nordrhein-Westfalen', 'Lippe (Kreis)', 'Lemgo']}",eyJhbGciOiJIUzI1NiJ9.eyJpIjoiNTg2Nzc5NjUyNCIsInMiOiJQckxyQWtHdzhSR2IyYU13ZC02SDNnIn0.Whvk6SWHaEeI2msgZAxOauF7fFzfC0rKzkqj7wCeYiI,https://www.adzuna.de/details/5867796524?utm_medium=api&utm_source=a4bcf954,"Duales Studium Data Science Bachelor of Science (B.Sc.) (m/w/d) In der Rolle eines Data Scientist gestalten Sie Softwarelösungen zur Verarbeitung von Daten. Unser Bildungsgang bereitet Sie ideal auf dieses vielfältige, kreative und zukunftsorientierte Berufsfeld vor. Wir bieten individuelle Betreuung und eine praxisnahe Ausbildung. Unsere Schwerpunkte liegen in den Bereichen Mobilität, Energieversorgung, Fertigungsprozesse und Kommunikation. Ebenso faszinierend ist die Einbindung aktueller Fors…",Adzuna::API::Response::Job,,,,
"{'label': 'Unknown', 'tag': 'unknown', '__CLASS__': 'Adzuna::API::Response::Category'}",8.412378,49.001249,Duales Studium Data Science und Künstliche Intelligenz (B. Sc.) 2027,5867803890,"{'__CLASS__': 'Adzuna::API::Response::Company', 'display_name': 'dm-drogerie markt GmbH + Co. KG'}",2026-09-03T01:40:50Z,0,"{'__CLASS__': 'Adzuna::API::Response::Location', 'display_name': 'Karlsruhe, Karlsruhe (Kreis)', 'area': ['Deutschland', 'Baden-Württemberg', 'Karlsruhe (Kreis)', 'Karlsruhe']}",eyJhbGciOiJIUzI1NiJ9.eyJzIjoiUHJMckFrR3c4UkdiMmFNd2QtNkgzZyIsImkiOiI1ODY3ODAzODkwIn0.S2iWj8AFxda3y5bkUFqIZub50eY07RtXCLRFOKK2a1g,https://www.adzuna.de/details/5867803890?utm_medium=api&utm_source=a4bcf954,"Bei dm und dmTECH sind wir der Überzeugung, dass die Digitalisierung unsere Welt und unser Kaufverhalten verändert. Dabei spielt künstliche Intelligenz eine wichtige Rolle. Schon heute setzen wir auf modernste Technologien, um intelligente Lösungen zu entwickeln. Hierfür suchen wir lösungsorientierte Persönlichkeiten mit analytischem und mathematischem Denkvermögen sowie Leidenschaft für innovative Technologien. Das klingt nach Dir? Dann lass uns gemeinsam handeln – mit Deinem dualen Studium Da…",Adzuna::API::Response::Job,,,,
"{'__CLASS__': 'Adzuna::API::Response::Category', 'tag': 'part-time-jobs', 'label': 'Teilzeitstellen'}",8.71298,50.1246,Data Science und Künstliche Intelligenz (B.Sc.) 2027,5809710891,"{'display_name': 'Siemens AG', '__CLASS__': 'Adzuna::API::Response::Company'}",2026-07-21T22:58:38Z,0,"{'display_name': 'Bornheim, Frankfurt am Main', 'area': ['Deutschland', 'Hessen', 'Frankfurt am Main', 'Bornheim'], '__CLASS__': 'Adzuna::API::Response::Location'}",eyJhbGciOiJIUzI1NiJ9.eyJpIjoiNTgwOTcxMDg5MSIsInMiOiJQckxyQWtHdzhSR2IyYU13ZC02SDNnIn0.l1jp3ZW2rxa_glSN1I1IMvPGUjcq_qTboeIZlEYaV20,https://www.adzuna.de/details/5809710891?utm_medium=api&utm_source=a4bcf954,"Dein Berufsbild: Du möchtest irgendwas mit Mathe machen und findest die Wirtschaftswelt spannend? Dann entscheide dich für ein Studium in Data Science und Künstliche Intelligenz und hol alles aus den Daten heraus. Data Science und Künstliche Intelligenz Spezialisten (w/m/d) sind die Schnittstelle zwischen IT und Business. Sie beherrschen die verschiedenen Technologien, bewerten deren Potenziale und wissen, wie man sie technisch umsetzt. In deinem dualen Studium erlernst du die Grundlagen, Konze…",Adzuna::API::Response::Job,,,,
"{'tag': 'accounting-finance-jobs', '__CLASS__': 'Adzuna::API::Response::Category', 'label': 'Stellen aus Buchhaltung & Finanzwesen'}",,,Duales Studium Data Science & Künstliche Intelligenz B.Sc.,5879832848,"{'__CLASS__': 'Adzuna::API::Response::Company', 'display_name': 'Atruvia AG'}",2026-09-11T16:57:31Z,0,"{'__CLASS__': 'Adzuna::API::Response::Location', 'display_name': 'Deutschland', 'area': ['Deutschland']}",eyJhbGciOiJIUzI1NiJ9.eyJpIjoiNTg3OTgzMjg0OCIsInMiOiJQckxyQWtHdzhSR2IyYU13ZC02SDNnIn0.v5xLAZ_IRoaMXAMAig_LXriZbPaP8-3bA9lF1XWP7To,https://www.adzuna.de/land/ad/5879832848?se=PrLrAkGw8RGb2aMwd-6H3g&utm_medium=api&utm_source=a4bcf954&v=F76E138F691F53C37625E56B6E7AE29394B6AA74,Wir sind der Digitalisierungspartner in der genossenschaftlichen FinanzGruppe und vereinen jahrzehntelanges Expertenwissen in Banking und Informationstechnologie. Die speziell auf Banken zugeschnittenen IT-Lösungen und Leistungen reichen vom Rechenzentrumsbetrieb über das Bankverfahren von Atruvia bis hin zur App-Entwicklung. Dabei nutzen wir zukunftsweisende Technologien wie Smart Data und schreiben Prozessoptimierung und Regulatorik groß. Gestalte die Zukunft mit KI – Starte dein Duales Studi…,Adzuna::API::Response::Job,,,,
"{'label': 'Teilzeitstellen', '__CLASS__': 'Adzuna::API::Response::Category', 'tag': 'part-time-jobs'}",8.78967,50.804953,Duales Bachelorstudium Softwaretechnologie Data Science (B.Sc.) - Marburg,5766706297,"{'display_name': 'Siemens Healthineers AG', '__CLASS__': 'Adzuna::API::Response::Company'}",2026-06-17T13:17:48Z,0,"{'__CLASS__': 'Adzuna::API::Response::Location', 'area': ['Deutschland', 'Hessen', 'Marburg-Biedenkopf (Kreis)', 'Marburg'], 'display_name': 'Marburg, Marburg-Biedenkopf (Kreis)'}",eyJhbGciOiJIUzI1NiJ9.eyJpIjoiNTc2NjcwNjI5NyIsInMiOiJQckxyQWtHdzhSR2IyYU13ZC02SDNnIn0.yPDrR9kyPgha3brWlqz4dJm9TZFeRIES4AwhxRbvMX8,https://www.adzuna.de/land/ad/5766706297?se=PrLrAkGw8RGb2aMwd-6H3g&utm_medium=api&utm_source=a4bcf954&v=65F8763346210AA5E6A022222F57416BDAB2FB5A,"Dein Berufsbild: Du magst Mathe und möchtest später etwas mit Daten machen? Dich faszinieren datengestützte Tools, wie ChatGPT, und du kennst deren große Chance für die Zukunft? Dann bewirb dich für das duale Studium B. Sc. Softwaretechnologie - Data Science und entdecke mit uns, wie wir die Welt der Labordiagnostik durch datenbasierte Entscheidungen verändern können. Daten sind eines der Fundamente, damit Unternehmen bestmögliche Entscheidungen treffen können. Im Studiengang B. Sc. Softwaretec…",Adzuna::API::Response::Job,,,,
"{'tag': 'part-time-jobs', '__CLASS__': 'Adzuna::API::Response::Category', 'label': 'Teilzeitstellen'}",9.72719,48.28207,DHBW Studium - Data Science und Künstliche Intelligenz (B.Sc.),5810169631,"{'__CLASS__': 'Adzuna::API::Response::Company', 'display_name': 'Liebherr Firmengruppe'}",2026-07-22T03:13:54Z,0,"{'area': ['Deutschland', 'Baden-Württemberg', 'Alb-Donau-Kreis', 'Ehingen (Donau)'], 'display_name': 'Ehingen (Donau), Alb-Donau-Kreis', '__CLASS__': 'Adzuna::API::Response::Location'}",eyJhbGciOiJIUzI1NiJ9.eyJpIjoiNTgxMDE2OTYzMSIsInMiOiJQckxyQWtHdzhSR2IyYU13ZC02SDNnIn0.A-LByCK2KXUeTdtoGsFhcAxObBP86gZz5NaZSnpHZTg,https://www.adzuna.de/land/ad/5810169631?se=PrLrAkGw8RGb2aMwd-6H3g&utm_medium=api&utm_source=a4bcf954&v=14D552709EE1F41D06854371D5A212D32BB9173B,Die Liebherr-Werk Ehingen GmbH zählt zu den weltweit führenden Herstellern von Fahrzeugkranen. Das Programm umfasst Teleskop- und Gittermastkrane auf Mobil- und Raupenfahrwerken. Seit der Gründung wurde die Produktionsstätte und ihre Kapazität kontinuierlich erweitert. Heute werden täglich sechs Fahrzeugkrane aus Ehingen in die ganze Welt geliefert. Mitarbeit an innovativen Projekten im Bereich Data Science und Künstliche Intelligenz Analyse und Auswertung großer Datenmengen zur Optimierung von…,Adzuna::API::Response::Job,,,,
"{'label': 'Stellen aus Gastronomie & Catering', 'tag': 'hospitality-catering-jobs', '__CLASS__': 'Adzuna::API::Response::Category'}",8.650578,50.129683,Duales Studium Data Science und Künstliche Intelligenz 2027 (w/m/d),5866940509,"{'__CLASS__': 'Adzuna::API::Response::Company', 'display_name': 'Deutsche Bahn AG'}",2026-09-02T12:48:54Z,0,"{'__CLASS__': 'Adzuna::API::Response::Location', 'display_name': 'Frankfurt am Main, Hessen', 'area': ['Deutschland', 'Hessen', 'Frankfurt am Main']}",eyJhbGciOiJIUzI1NiJ9.eyJpIjoiNTg2Njk0MDUwOSIsInMiOiJQckxyQWtHdzhSR2IyYU13ZC02SDNnIn0.HpIei0VRngsdlxeA2EIeTom4hKFxxE-9Hi0snkX_UG8,https://www.adzuna.de/land/ad/5866940509?se=PrLrAkGw8RGb2aMwd-6H3g&utm_medium=api&utm_source=a4bcf954&v=0E3436D3214572912C2D26FA119E7248D38C87C1,"Wir sind die Deutsche Bahn. Millionen Fahrgäste sind jeden Tag mit uns unterwegs und wir transportieren enorme Gütermengen – deutschlandweit sowie im angrenzenden Europa. Zu oft enttäuschen wir auch. Deshalb arbeiten wir mit Hochdruck an einer besseren Bahn. Dafür brauchen wir Power und dich! Wir sind eine der vielfältigsten Arbeitgeber:innen Deutschlands. Jedes Jahr suchen wir rund 500 Dual Studierende in 25 verschiedenen Studiengängen, die gemeinsam mit uns die Bahn Tag für Tag ein Stück bess…",Adzuna::API::Response::Job,full_time,,,
"{'__CLASS__': 'Adzuna::API::Response::Category', 'tag': 'unknown', 'label': 'Unknown'}",12.112321,49.022981,Duales Studium (OTH) - Künstliche Intelligenz und Data Science (d/m/w),5829018332,"{'__CLASS__': 'Adzuna::API::Response::Company', 'display_name': 'Schaeffler Technologies AG & Co. KG'}",2026-08-05T12:59:05Z,0,"{'area': ['Deutschland', 'Bayern', 'Regensburg (Kreis)', 'Regensburg'], 'display_name': 'Regensburg, Regensburg (Kreis)', '__CLASS__': 'Adzuna::API::Response::Location'}",eyJhbGciOiJIUzI1NiJ9.eyJpIjoiNTgyOTAxODMzMiIsInMiOiJQckxyQWtHdzhSR2IyYU13ZC02SDNnIn0.o0Isov9kRe8MQX1CZq3sAWzJoJlcah-N9Hxz8h2yUWU,https://www.adzuna.de/details/5829018332?utm_medium=api&utm_source=a4bcf954,"Duales Studium (OTH) - Künstliche Intelligenz und Data Science (d/m/w) 2027 Im Überblick Studienabschluss: Bachelor of Science Künstliche Intelligenz und Data Science Studiendauer: 3,5 Jahre Ausbildungsstart: 01.09.2027 Studienbeginn: 01.10.2027 Standort: Vitesco Technologies Regensburg (Schaeffler Gruppe) Hochschule: Ostbayerische Technische Hochschule Regensburg Ausbildungsschwerpunkte Studium in den Grundlagen der Wirtschaftswissenschaften und der Informatik (u.a. BWL, VWL, Recht, Finanzen, …",Adzuna::API::Response::Job,,,,
"{'label': 'Unknown', 'tag': 'unknown', '__CLASS__': 'Adzuna::API::Response::Category'}",9.21629,49.2291,Duales Studium Data Science und Künstliche Intelligenz 2027 (m/w/d),5867805253,"{'display_name': 'Schwarz Digits', '__CLASS__': 'Adzuna::API::Response::Company'}",2026-09-03T01:41:02Z,0,"{'__CLASS__': 'Adzuna::API::Response::Location', 'area': ['Deutschland', 'Baden-Württemberg', 'Heilbronn (Kreis)', 'Bad Friedrichshall'], 'display_name': 'Bad Friedrichshall, Heilbronn (Kreis)'}",eyJhbGciOiJIUzI1NiJ9.eyJzIjoiUHJMckFrR3c4UkdiMmFNd2QtNkgzZyIsImkiOiI1ODY3ODA1MjUzIn0.SLniYgkBBnZ1oWVCIRjgQz1kF3iM3dXeoyl5Sjewm8Y,https://www.adzuna.de/details/5867805253?utm_medium=api&utm_source=a4bcf954,"Als weltweit agierendes Unternehmen benötigen wir eine IT-Landschaft, die jederzeit reibungslos funktioniert, sich stets auf dem neuesten Stand der Technik befindet und sich an den Bedürfnissen unserer Kunden innerhalb der Unternehmen der Schwarz Gruppe orientiert. An der Schnittstelle zwischen Daten und IT erarbeiten wir tragfähige Lösungen, die maßgeblich und sichtbar zu unserem Erfolg beitragen. Studienbeginn: 01.09.2027 mit dem Begrüßungsmonat Studiendauer: 3 Jahre Studiendauer: 01.10.2027 …",Adzuna::API::Response::Job,,,,
"{'label': 'Unknown', 'tag': 'unknown', '__CLASS__': 'Adzuna::API::Response::Category'}",9.187224,48.776198,Duales Studium (m/w/d) Wirtschaftsinformatik (B.Sc.) Data Science,5831198350,"{'__CLASS__': 'Adzuna::API::Response::Company', 'display_name': 'Hallesche Krankenversicherung'}",2026-08-07T01:04:22Z,0,"{'area': ['Deutschland', 'Baden-Württemberg', 'Stuttgart'], 'display_name': 'Stuttgart, Baden-Württemberg', '__CLASS__': 'Adzuna::API::Response::Location'}",eyJhbGciOiJIUzI1NiJ9.eyJzIjoiUHJMckFrR3c4UkdiMmFNd2QtNkgzZyIsImkiOiI1ODMxMTk4MzUwIn0.9h29zM8H7ZI2cWOF9zxQ7-xFgs5nTLmDnzU3e6EkkwA,https://www.adzuna.de/details/5831198350?utm_medium=api&utm_source=a4bcf954,"Duales Studium (m/w/d)* Wirtschaftsinformatik (B.Sc.) - Data Science Eine Gruppe. Viele Möglichkeiten. Als erfahrenes Versicherungs- und Finanzdienstleistungsunternehmen verbinden wir seit 1819 Wachstum mit Tradition. Rund 3.200 Mitarbeitende sorgen täglich dafür, dass unsere Kundinnen und Kunden bestens abgesichert sind und einen ausgezeichneten Service erhalten. Bei uns erwartet dich ein Arbeitsumfeld voller Offenheit, Teamgeist und Rückhalt. Gemeinsam mit dir formen wir aus unseren individue…",Adzuna::API::Response::Job,,,,
"{'tag': 'unknown', '__CLASS__': 'Adzuna::API::Response::Category', 'label': 'Unknown'}",7.94837,48.42392,Duales Studium: Data Science und Künstliche Intelligenz (m/w/d) - 2027,5829024571,"{'display_name': 'EDEKA Südwest Stiftung & Co.KG', '__CLASS__': 'Adzuna::API::Response::Company'}",2026-08-05T13:00:21Z,0,"{'__CLASS__': 'Adzuna::API::Response::Location', 'area': ['Deutschland', 'Baden-Württemberg', 'Ortenaukreis', 'Offenburg'], 'display_name': 'Offenburg, Ortenaukreis'}",eyJhbGciOiJIUzI1NiJ9.eyJpIjoiNTgyOTAyNDU3MSIsInMiOiJQckxyQWtHdzhSR2IyYU13ZC02SDNnIn0.6cINmCpTUm4rMwQcznRWKnw-WgpijZchqg9eIkqIrj4,https://www.adzuna.de/details/5829024571?utm_medium=api&utm_source=a4bcf954,Was macht man da aus sich? Im Fokus steht der reibungslose Fluss von Informationen innerhalb des Unternehmens. Schon während des Studiums betreust du selbstständig Anwendungen und wirst in Softwareprojekte mit einbezogen. Du analysierst und planst Systeme Du entwickelst oder betreust Anwendungen Du unterstützt dein Team bei der Planung und Überwachung von Softwareentwicklungsprojekten Du nimmst an Fachkreisen zum Thema KI teil und bringst dein Know-How mit ein Du berätst und schulst Benutzer zu…,Adzuna::API::Response::Job,,,,
"{'label': 'Teilzeitstellen', '__CLASS__': 'Adzuna::API::Response::Category', 'tag': 'part-time-jobs'}",8.70301,50.81987,Duales Bachelorstudium Softwaretechnologie Data Science (B.Sc.) - Marburg,5809719280,"{'display_name': 'Siemens Healthineers AG', '__CLASS__': 'Adzuna::API::Response::Company'}",2026-07-21T22:59:51Z,0,"{'__CLASS__': 'Adzuna::API::Response::Location', 'area': ['Deutschland', 'Hessen', 'Marburg-Biedenkopf (Kreis)', 'Marburg', 'Dagobertshausen'], 'display_name': 'Dagobertshausen, Marburg'}",eyJhbGciOiJIUzI1NiJ9.eyJpIjoiNTgwOTcxOTI4MCIsInMiOiJQckxyQWtHdzhSR2IyYU13ZC02SDNnIn0.kVF0pI3zLUgxxmeJLhVisoDsK7nMZZva6tEFN2uHa2I,https://www.adzuna.de/details/5809719280?utm_medium=api&utm_source=a4bcf954,"Dein Berufsbild: Du magst Mathe und möchtest später etwas mit Daten machen? Dich faszinieren datengestützte Tools, wie ChatGPT, und du kennst deren große Chance für die Zukunft? Dann bewirb dich für das duale Studium B. Sc. Softwaretechnologie - Data Science und entdecke mit uns, wie wir die Welt der Labordiagnostik durch datenbasierte Entscheidungen verändern können. Daten sind eines der Fundamente, damit Unternehmen bestmögliche Entscheidungen treffen können. Im Studiengang B. Sc. Softwaretec…",Adzuna::API::Response::Job,,,,
"{'tag': 'retail-jobs', '__CLASS__': 'Adzuna::API::Response::Category', 'label': 'Stellen aus Einzelhandel'}",,,Duales Studium Data Science und KI - Smart Operations Management 2027,5867196581,"{'display_name': 'Lidl Stiftung & Co. KG', '__CLASS__': 'Adzuna::API::Response::Company'}",2026-09-02T17:22:43Z,0,"{'__CLASS__': 'Adzuna::API::Response::Location', 'area': ['Deutschland'], 'display_name': 'Deutschland'}",eyJhbGciOiJIUzI1NiJ9.eyJzIjoiUHJMckFrR3c4UkdiMmFNd2QtNkgzZyIsImkiOiI1ODY3MTk2NTgxIn0.t-iaDU2RatnXz92YdVrLC-DRRrS0cMPrUXkZI49sSck,https://www.adzuna.de/land/ad/5867196581?se=PrLrAkGw8RGb2aMwd-6H3g&utm_medium=api&utm_source=a4bcf954&v=243A01D502A6ACDB84DEAE940DBF837E018A764C,"Eine gute Idee war der Ursprung, ein erfolgreiches Konzept ist das Ergebnis. Qualität zum guten Preis möglichst vielen Menschen anbieten zu können treibt uns an - mittlerweile weltweit, denn wir sind Lidl. Hier ist das berufliche Zuhause vielfältiger Talente. Ob im Einkauf, in der Logistik, im Warengeschäft oder in der IT; ob als Impulsgeber, Gestalter oder Dienstleister der Länder. Wir suchen Anpacker, Durchstarter, Möglichmacher und bieten spannende Aufgaben und Projekte in einem dynamischen …",Adzuna::API::Response::Job,,,,
"{'label': 'Teilzeitstellen', 'tag': 'part-time-jobs', '__CLASS__': 'Adzuna::API::Response::Category'}",10.786696,52.41453,"Duales Studium Data Science&KI, Bachelor of Science, 2027",5750391844,"{'__CLASS__': 'Adzuna::API::Response::Company', 'display_name': 'dx.one GmbH - A Volkswagen Group Company'}",2026-06-03T11:39:06Z,0,"{'area': ['Deutschland', 'Niedersachsen', 'Wolfsburg'], 'display_name': 'Wolfsburg, Niedersachsen', '__CLASS__': 'Adzuna::API::Response::Location'}",eyJhbGciOiJIUzI1NiJ9.eyJpIjoiNTc1MDM5MTg0NCIsInMiOiJQckxyQWtHdzhSR2IyYU13ZC02SDNnIn0.iAD0wWofzbzRcq7nWlV5PfWPDsDLel_qJlnx9S1DJao,https://www.adzuna.de/land/ad/5750391844?se=PrLrAkGw8RGb2aMwd-6H3g&utm_medium=api&utm_source=a4bcf954&v=14922F225E74ED6DCC20A0AAA1A211B5D2C6A077,Auf einen Blick Studiengang: Data Science&KI Studienort: Duale Hochschule Baden-Württemberg Mannheim Studienbeginn: 1. Oktober 2027 (Wintersemester) Studiendauer: 3 Jahre Abschluss: Bachelor of Science (B.Sc.) Informationen unter: DHBW Data Science&KI Inhalte des dualen Studiums Du wolltest schon immer neues Wissen aus Daten gewinnen und innovative Anwendungen und Geschäftsmodelle kreieren? Dann ist dieses duale Studium genau das richtige für dich. In dem Studiengang Data Science&Künstliche Int…,Adzuna::API::Response::Job,,,,
"{'label': 'Teilzeitstellen', '__CLASS__': 'Adzuna::API::Response::Category', 'tag': 'part-time-jobs'}",9.14057,48.69447,Duales Studium Data Science und Künstliche Intelligenz (m/w/d),5796938261,"{'display_name': 'Deutsche Telekom AG, Telekom Ausbildung', '__CLASS__': 'Adzuna::API::Response::Company'}",2026-07-11T14:28:10Z,0,"{'area': ['Deutschland', 'Baden-Württemberg', 'Esslingen (Kreis)', 'Leinfelden-Echterdingen'], 'display_name': 'Leinfelden-Echterdingen, Esslingen (Kreis)', '__CLASS__': 'Adzuna::API::Response::Location'}",eyJhbGciOiJIUzI1NiJ9.eyJpIjoiNTc5NjkzODI2MSIsInMiOiJQckxyQWtHdzhSR2IyYU13ZC02SDNnIn0._otYh0Ug8uuItAkXA92wH4u99QuxqKHR3mScv0FsVRM,https://www.adzuna.de/land/ad/5796938261?se=PrLrAkGw8RGb2aMwd-6H3g&utm_medium=api&utm_source=a4bcf954&v=089EA4546C4AF9A0E531A797F84B8055EF6B43A5,"In unserem dualen Studiengang Bachelor of Science in Data Science und Künstliche Intelligenz lernst du fundierte Inhalte der Informatik und erhältst gleichzeitig Einblicke in die KI, das maschinelle Lernen und Big Data. In den 3 Jahren Studium bist du pro Semester ca. 12 Wochen an der Dualen Hochschule Baden-Württemberg in Stuttgart und die restliche Zeit in deiner Telekom-Abteilung eingesetzt. Während deiner Studien- und Praxisphasen erwarten dich u. a.: Mathematik und Statistik Informatik und…",Adzuna::API::Response::Job,,,,
"{'label': 'Teilzeitstellen', '__CLASS__': 'Adzuna::API::Response::Category', 'tag': 'part-time-jobs'}",8.20531,50.74164,"Duales Studium Softwaretechnologie – Fachrichtung Data Science, Künstliche Intelligenz oder Software",5801157277,"{'display_name': 'Loh Services GmbH&Co. KG', '__CLASS__': 'Adzuna::API::Response::Company'}",2026-07-15T14:41:15Z,0,"{'__CLASS__': 'Adzuna::API::Response::Location', 'area': ['Deutschland', 'Hessen', 'Lahn-Dill-Kreis', 'Haiger'], 'display_name': 'Haiger, Lahn-Dill-Kreis'}",eyJhbGciOiJIUzI1NiJ9.eyJzIjoiUHJMckFrR3c4UkdiMmFNd2QtNkgzZyIsImkiOiI1ODAxMTU3Mjc3In0.GAxj-ETENlGQtaOYiH_wsmmt8PdJihSQVCTH8z3mnWU,https://www.adzuna.de/land/ad/5801157277?se=PrLrAkGw8RGb2aMwd-6H3g&utm_medium=api&utm_source=a4bcf954&v=B44D2D5110E63AE4E03B7A1395CAD02844C36F87,"Gemeinsam bewegen wir mehr. Nutze unsere vielfältigen Einsatzmöglichkeiten und beginne am 9. Juli 2027 Dein duales Studium in der Friedhelm Loh Group. Aufgaben Duales Bachelor Studium im Bereich Softwaretechnologie für die Fachrichtungen Data Science, Künstliche Intelligenz oder Softwareentwicklung Studiendauer 7 Semester in Kooperation mit der Technischen Hochschule Mittelhessen Reale Projekte und abwechslungsreiche Praxisphasen in verschiedenen Einsatzgebieten z. B. IT, Produktion, Forschung …",Adzuna::API::Response::Job,,,,
"{'tag': 'part-time-jobs', '__CLASS__': 'Adzuna::API::Response::Category', 'label': 'Teilzeitstellen'}",8.89711,49.44669,Duales Studium Bachelor of Science - Data Science&Künstliche Intelligenz,5804050215,"{'__CLASS__': 'Adzuna::API::Response::Company', 'display_name': 'GELITA AG'}",2026-07-17T03:01:41Z,0,"{'__CLASS__': 'Adzuna::API::Response::Location', 'area': ['Deutschland', 'Hessen', 'Bergstraße (Kreis)', 'Hirschhorn (Neckar)'], 'display_name': 'Hirschhorn (Neckar), Bergstraße (Kreis)'}",eyJhbGciOiJIUzI1NiJ9.eyJpIjoiNTgwNDA1MDIxNSIsInMiOiJQckxyQWtHdzhSR2IyYU13ZC02SDNnIn0._gNqS_UsL85ZLq1QeR0Jk1msiGDtkLswWxkBEUp3Ty4,https://www.adzuna.de/land/ad/5804050215?se=PrLrAkGw8RGb2aMwd-6H3g&utm_medium=api&utm_source=a4bcf954&v=C423C9D6BC17D1F44060E07B5AE08547038C11E2,Die GELITA-Unternehmensgruppe ist einer der führenden Hersteller von Kollagenproteinen weltweit und mit mehr als 2.900 Mitarbeitenden und 20 Standorten auf allen Kontinenten vertreten. Wir sind mit unserer globalen Präsenz im Markt für Gesundheit und Nahrungsergänzung genauso zu Hause wie in den Bereichen Pharmazie und Medizin. Darüber hinaus bieten wir mit unseren Produkten eine große Bandbreite anäußerst spannenden technologischen Anwendungen. Wir leben Innovation und folgen dabei konsequent …,Adzuna::API::Response::Job,,,,
"{'label': 'Teilzeitstellen', '__CLASS__': 'Adzuna::API::Response::Category', 'tag': 'part-time-jobs'}",8.412378,49.001249,Duales Studium Data Science und Künstliche Intelligenz (m/w/d),5838304605,"{'__CLASS__': 'Adzuna::API::Response::Company', 'display_name': 'Deutsche Telekom AG, Telekom Ausbildung'}",2026-08-12T15:30:24Z,0,"{'__CLASS__': 'Adzuna::API::Response::Location', 'area': ['Deutschland', 'Baden-Württemberg', 'Karlsruhe (Kreis)', 'Karlsruhe'], 'display_name': 'Karlsruhe, Karlsruhe (Kreis)'}",eyJhbGciOiJIUzI1NiJ9.eyJpIjoiNTgzODMwNDYwNSIsInMiOiJQckxyQWtHdzhSR2IyYU13ZC02SDNnIn0.jEjc2rC_zW5qLchTIeDRJFm56Fk-sLV7NqqIQkdB5Os,https://www.adzuna.de/land/ad/5838304605?se=PrLrAkGw8RGb2aMwd-6H3g&utm_medium=api&utm_source=a4bcf954&v=7D45829D5380036F0AEE8FD8AA5DBE151443C309,"In unserem dualen Studiengang Data Science und Künstliche Intelligenz (Studienrichtung Business Management) erwirbst du interdisziplinäre Kenntnisse aus Informatik, Mathematik und Machine Learning und lernst, datenbasierte Lösungen für Wirtschaft und Gesellschaft zu entwickeln. In den 3 Jahren Studium bist du pro Semester ca. 12 Wochen an der Dualen Hochschule Baden-Württemberg in Karlsruhe und die restliche Zeit in deiner Telekom-Abteilung eingesetzt. Während deiner Studien- und Praxisphasen e…",Adzuna::API::Response::Job,,,,
"{'label': 'IT-Stellen', 'tag': 'it-jobs', '__CLASS__': 'Adzuna::API::Response::Category'}",11.555737,48.137418,Duales Studium Data Science und Künstliche Intelligenz für den Start 2027,5784675291,{'__CLASS__': 'Adzuna::API::Response::Company'},2026-07-02T02:48:58Z,0,"{'display_name': 'München, München (Kreis)', 'area': ['Deutschland', 'Bayern', 'München (Kreis)', 'München'], '__CLASS__': 'Adzuna::API::Response::Location'}",eyJhbGciOiJIUzI1NiJ9.eyJpIjoiNTc4NDY3NTI5MSIsInMiOiJQckxyQWtHdzhSR2IyYU13ZC02SDNnIn0.lwcpQFmwCas1KeQp4f1O6GRlkxB-N7IDoYeaKjSRBoI,https://www.adzuna.de/land/ad/5784675291?se=PrLrAkGw8RGb2aMwd-6H3g&utm_medium=api&utm_source=a4bcf954&v=3A3E535844478F9D48282718717D601136A371F0,"Wir sind über 13.000. An 20 Standorten weltweit. Jedes dritte Flugzeug fliegt mit unserer Technologie. Immer effizienter, leiser, nachhaltiger. Wir gestalten die Zukunft der Luftfahrt. Was wir noch brauchen? Dich. Unser Team in GER | München sucht Dich: Theoretisch gut und praktisch spitze - duale Studiengänge vereinen beide Seiten. Der Studiengang Data Science & KI bereitet Dich ganz gezielt auf eine spätere Tätigkeit in der Datenanalyse der MTU vor. Mit Deiner späteren Übernahmestelle, die in…",Adzuna::API::Response::Job,,,,
"{'tag': 'unknown', 'label': 'Unknown', '__CLASS__': 'Adzuna::API::Response::Category'}",10.88109,49.56892,Duales Studium (DHBW) - Data Science und künstliche Intelligenz (d/m/w) 2027,5829026023,"{'display_name': 'Schaeffler Technologies AG & Co. KG', '__CLASS__': 'Adzuna::API::Response::Company'}",2026-08-05T13:00:38Z,0,"{'display_name': 'Herzogenaurach, Erlangen-Höchstadt (Kreis)', '__CLASS__': 'Adzuna::API::Response::Location', 'area': ['Deutschland', 'Bayern', 'Erlangen-Höchstadt (Kreis)', 'Herzogenaurach']}",eyJhbGciOiJIUzI1NiJ9.eyJzIjoiaUJva0JFR3c4UkdOQ0k0TFhzd29DZyIsImkiOiI1ODI5MDI2MDIzIn0.Ruv66lbQhqDMD3DZr-4qFMmav3_PcXloLv7Q2Az5Qlc,https://www.adzuna.de/details/5829026023?utm_medium=api&utm_source=a4bcf954,"Du bist technikbegeistert und voller Ideen, mit denen Du die Welt bewegen willst? Dann ist eine Ausbildung oder ein duales Studium bei Schaeffler genau das Richtige für Dich. Ohne unsere Produkte könnten Autos nicht fahren, Maschinen nicht laufen und Flugzeuge nicht fliegen. Als führender Anbieter von Wälzlagern für sämtliche Industrien und wichtiger Partner im internationalen Automobilbau bietet Dir Schaeffler ein hervorragendes Umfeld für Deinen Start in die Berufswelt. Im Überblick Studienab…",Adzuna::API::Response::Job,,,,
"{'tag': 'unknown', 'label': 'Unknown', '__CLASS__': 'Adzuna::API::Response::Category'}",9.83242,47.68562,Duales Studium zum (B. Sc.) (m/w/d) Data Science und KI,5829025223,"{'display_name': 'WALDNER Holding SE & Co. KG', '__CLASS__': 'Adzuna::API::Response::Company'}",2026-08-05T13:00:27Z,0,"{'__CLASS__': 'Adzuna::API::Response::Location', 'area': ['Deutschland', 'Baden-Württemberg', 'Ravensburg (Kreis)', 'Wangen im Allgäu'], 'display_name': 'Wangen im Allgäu, Ravensburg (Kreis)'}",eyJhbGciOiJIUzI1NiJ9.eyJzIjoiaUJva0JFR3c4UkdOQ0k0TFhzd29DZyIsImkiOiI1ODI5MDI1MjIzIn0.mLD5qQ1fm-i_eRQTOnWXsoQBwjHIj95ybEzesYk5R48,https://www.adzuna.de/details/5829025223?utm_medium=api&utm_source=a4bcf954,"Duales Studium zum B. Sc. Data Science und KI Start 2027 Wir von Waldner sind ein über 100-jähriges Familienunternehmen des Maschinen- und Anlagenbaus, sowie Einrichter für Schul- und Laborräume. Mit über 1.800 Mitarbeitern, davon über 1.100 am Produktionsstandort Wangen im schönen Allgäu, entwickeln und bauen wir auf 90.000 qm hochwertigste Innovationen nach kundenspezifischen Anforderungen. Ob Laboreinrichtungen, Abfüllanlagen, Prozessanlagen oder Lernraumkonzepte: Waldner Lösungen entstehen …",Adzuna::API::Response::Job,,,,
"{'label': 'Unknown', 'tag': 'unknown', '__CLASS__': 'Adzuna::API::Response::Category'}",12.4561,48.14882,Duales Studium (B.Sc.) Data Science und Künstliche Intelligenz (d/m/w),5829013983,"{'__CLASS__': 'Adzuna::API::Response::Company', 'display_name': 'Airbus Group'}",2026-08-05T12:58:21Z,0,"{'__CLASS__': 'Adzuna::API::Response::Location', 'area': ['Deutschland', 'Bayern', 'Mühldorf am Inn (Kreis)', 'Taufkirchen'], 'display_name': 'Taufkirchen, Mühldorf am Inn (Kreis)'}",eyJhbGciOiJIUzI1NiJ9.eyJpIjoiNTgyOTAxMzk4MyIsInMiOiJpQm9rQkVHdzhSR05DSTRMWHN3b0NnIn0.dmj91-ydGYcYDMwIAyULivjmt1EC2y5PkLX4B-CpS4A,https://www.adzuna.de/details/5829013983?utm_medium=api&utm_source=a4bcf954,"Duales Studium (B.Sc.) Data Science und Künstliche Intelligenz (d/m/w) zum 01.09.2027 Starte deine Karriere bei Airbus! Bist du fasziniert davon, wie riesige Datenmengen und Künstliche Intelligenz die Geschäftswelt und unser Leben verändern, und möchtest aktiv die Zukunft mitgestalten? Dann ist ein Duales Studium bei Airbus genau das Richtige für dich! Dieser Studiengang konzentriert sich stark auf die Analyse großer Datenmengen, das Erkennen von Mustern und das Ableiten von Handlungsempfehlung…",Adzuna::API::Response::Job,,,,
"{'__CLASS__': 'Adzuna::API::Response::Category', 'tag': 'unknown', 'label': 'Unknown'}",12.112321,49.022981,Duales Studium - B. Sc. Künstliche Intelligenz / Data Science (m/w/d),5829016854,"{'display_name': 'Infineon Technologies AG', '__CLASS__': 'Adzuna::API::Response::Company'}",2026-08-05T12:58:49Z,0,"{'display_name': 'Regensburg, Regensburg (Kreis)', '__CLASS__': 'Adzuna::API::Response::Location', 'area': ['Deutschland', 'Bayern', 'Regensburg (Kreis)', 'Regensburg']}",eyJhbGciOiJIUzI1NiJ9.eyJpIjoiNTgyOTAxNjg1NCIsInMiOiJpQm9rQkVHdzhSR05DSTRMWHN3b0NnIn0.r2kqttLZX4pRMQcdAHYkMP3OrnBLyYhdGiWFl6ryap4,https://www.adzuna.de/details/5829016854?utm_medium=api&utm_source=a4bcf954,"WeAreIn to create tiny chips and big careers. Theorie allein reicht Dir nicht? Im Dualen Studium bei Infineon verbindest Du Theorie und Praxis. Du arbeitest an echten Projekten, lernst von Expert*innen und machst aus Deiner Leidenschaft eine Karriere mit Sinn. Are you in? Deine Rolle Haupttätigkeiten Praxis: Während Deines Studiums lernst Du praxisnah am Standort Regensburg Theorie: Den theoretischen Input erhältst Du an der der Ostbayerischen Technischen Hochschule Regensburg Auslandseinsätze:…",Adzuna::API::Response::Job,,,,
"{'__CLASS__': 'Adzuna::API::Response::Category', 'tag': 'part-time-jobs', 'label': 'Teilzeitstellen'}",8.98712,49.46241,Duales Studium Bachelor of Science - Data Science&Künstliche Intelligenz,5809720302,"{'display_name': 'GELITA AG', '__CLASS__': 'Adzuna::API::Response::Company'}",2026-07-21T23:00:00Z,0,"{'area': ['Deutschland', 'Baden-Württemberg', 'Rhein-Neckar-Kreis', 'Eberbach'], '__CLASS__': 'Adzuna::API::Response::Location', 'display_name': 'Eberbach, Rhein-Neckar-Kreis'}",eyJhbGciOiJIUzI1NiJ9.eyJpIjoiNTgwOTcyMDMwMiIsInMiOiJpQm9rQkVHdzhSR05DSTRMWHN3b0NnIn0.zuT7IAi54A5B43trFb0jIuPlyxBhr6u7rBBfSiWIXfg,https://www.adzuna.de/details/5809720302?utm_medium=api&utm_source=a4bcf954,Die GELITA-Unternehmensgruppe ist einer der führenden Hersteller von Kollagenproteinen weltweit und mit mehr als 2.900 Mitarbeitenden und 20 Standorten auf allen Kontinenten vertreten. Wir sind mit unserer globalen Präsenz im Markt für Gesundheit und Nahrungsergänzung genauso zu Hause wie in den Bereichen Pharmazie und Medizin. Darüber hinaus bieten wir mit unseren Produkten eine große Bandbreite anäußerst spannenden technologischen Anwendungen. Wir leben Innovation und folgen dabei konsequent …,Adzuna::API::Response::Job,,,,
"{'__CLASS__': 'Adzuna::API::Response::Category', 'tag': 'part-time-jobs', 'label': 'Teilzeitstellen'}",8.47624,49.00018,Duales Studium Data Science und Künstliche Intelligenz (B. Sc.) 2027,5809709303,"{'display_name': 'dm-drogerie markt GmbH + Co. KG', '__CLASS__': 'Adzuna::API::Response::Company'}",2026-07-21T22:58:22Z,0,"{'display_name': 'Durlach, Karlsruhe', 'area': ['Deutschland', 'Baden-Württemberg', 'Karlsruhe (Kreis)', 'Karlsruhe', 'Durlach'], '__CLASS__': 'Adzuna::API::Response::Location'}",eyJhbGciOiJIUzI1NiJ9.eyJzIjoiaUJva0JFR3c4UkdOQ0k0TFhzd29DZyIsImkiOiI1ODA5NzA5MzAzIn0.Ui381zxT9X4u7y35ox-FQ141ruZgrTAymxsdjMLDdAk,https://www.adzuna.de/details/5809709303?utm_medium=api&utm_source=a4bcf954,"Bei dm und dmTECH sind wir der Überzeugung, dass die Digitalisierung unsere Welt und unser Kaufverhalten verändert. Dabei spielt künstliche Intelligenz eine wichtige Rolle. Schon heute setzen wir auf modernste Technologien, um intelligente Lösungen zu entwickeln. Hierfür suchen wir lösungsorientierte Persönlichkeiten mit analytischem und mathematischem Denkvermögen sowie Leidenschaft für innovative Technologien. Das klingt nach Dir? Dann lass uns gemeinsam handeln – mit Deinem dualen Studium Da…",Adzuna::API::Response::Job,,,,
"{'label': 'Teilzeitstellen', 'tag': 'part-time-jobs', '__CLASS__': 'Adzuna::API::Response::Category'}",8.63966,50.21936,Duales Studium – Data Science und Künstliche Intelligenz (m/w/d) 2027,5779597035,"{'__CLASS__': 'Adzuna::API::Response::Company', 'display_name': 'Fresenius SE&Co. KGaA'}",2026-06-28T01:17:07Z,0,"{'display_name': 'Bad Homburg vor der Höhe, Hochtaunuskreis', 'area': ['Deutschland', 'Hessen', 'Hochtaunuskreis', 'Bad Homburg vor der Höhe'], '__CLASS__': 'Adzuna::API::Response::Location'}",eyJhbGciOiJIUzI1NiJ9.eyJpIjoiNTc3OTU5NzAzNSIsInMiOiJpQm9rQkVHdzhSR05DSTRMWHN3b0NnIn0.oIMb0drcJkXgNjoKy5SK0vO5OoDIK9eaR6lhB4A_vPE,https://www.adzuna.de/land/ad/5779597035?se=iBokBEGw8RGNCI4LXswoCg&utm_medium=api&utm_source=a4bcf954&v=57CAC761ACC0CB746DB546B2E7E71C2DA0EC9430,"Einleitung/Über uns Duales Studium zum Bachelor of Science - Data Science und Künstliche Intelligenz (m/w/d) 2027 - Ausbildungsbeginn: 26.07.2027 Du bist fasziniert von der Welt der Daten und IT? Du möchtest aktiv dazu beitragen, komplexe Datensätze zu analysieren, um wertvolle Erkenntnisse zu gewinnen und innovative Lösungen zu entwickeln? Daten sind für dich nicht nur Rohmaterial, sondern das Fundament für die digitale Transformation – eine Quelle für relevante Erkenntnisse und die Basis für …",Adzuna::API::Response::Job,,,,
"{'__CLASS__': 'Adzuna::API::Response::Category', 'tag': 'part-time-jobs', 'label': 'Teilzeitstellen'}",9.187224,48.776198,Duales Studium Wirtschaftsinformatik – Data Science (B.Sc.) (m/w/d),5840307438,"{'display_name': 'ITSCare-IT-Services für den Gesundheitsmarkt GbR', '__CLASS__': 'Adzuna::API::Response::Company'}",2026-08-13T15:38:36Z,0,"{'__CLASS__': 'Adzuna::API::Response::Location', 'area': ['Deutschland', 'Baden-Württemberg', 'Stuttgart'], 'display_name': 'Stuttgart, Baden-Württemberg'}",eyJhbGciOiJIUzI1NiJ9.eyJpIjoiNTg0MDMwNzQzOCIsInMiOiJpQm9rQkVHdzhSR05DSTRMWHN3b0NnIn0.8qoZb_M3dMI5-CKmMqE532KJcbXYguDdyfsncu6g_Wc,https://www.adzuna.de/land/ad/5840307438?se=iBokBEGw8RGNCI4LXswoCg&utm_medium=api&utm_source=a4bcf954&v=4A30A6DE99E366FE0024D08C219A87688EA6E787,"Duales Studium Wirtschaftsinformatik– Data Science (B.Sc.) (m/w/d) Einblicke in das Unternehmen Die ITSCare mit Sitz in Frankfurt a.M. und zentralem Unternehmensstandort in Stuttgart ist 100% Tochter von drei AOKs. Als Dienstleister sind wir mit ca. 700 qualifizierten Mitarbeitenden verantwortlich für die Verarbeitung und Speicherung der Sozialdaten von ca. 7,5 Millionen Versicherten. Als Spezialist für Netzwerke, Hardware, Software, Telekommunikation und Rechenzentrumsbetrieb stehen wir für Le…",Adzuna::API::Response::Job,,,,
"{'__CLASS__': 'Adzuna::API::Response::Category', 'tag': 'part-time-jobs', 'label': 'Teilzeitstellen'}",11.555737,48.137418,Dualer Student (m/w/d) - Data Science&Scientific Computing Bachelor,5750360385,"{'__CLASS__': 'Adzuna::API::Response::Company', 'display_name': 'ASMPT GmbH&Co. KG'}",2026-06-03T11:34:00Z,0,"{'display_name': 'München, München (Kreis)', '__CLASS__': 'Adzuna::API::Response::Location', 'area': ['Deutschland', 'Bayern', 'München (Kreis)', 'München']}",eyJhbGciOiJIUzI1NiJ9.eyJpIjoiNTc1MDM2MDM4NSIsInMiOiJpQm9rQkVHdzhSR05DSTRMWHN3b0NnIn0.1M4ZHl6KX0Rvqal3i7jzNKutox4lCIvOa0RnUrMQyFE,https://www.adzuna.de/land/ad/5750360385?se=iBokBEGw8RGNCI4LXswoCg&utm_medium=api&utm_source=a4bcf954&v=D0DF4373E4704CC85E24991C16B79454A4AE637D,"Willkommen bei ASMPT. Hier bist du auf dem direkten Weg in das digitale Zeitalter. Mit 12.000 Mitarbeitenden weltweit sind wir technologischer Prozesspartner für die Elektronikindustrie und brennen für innovative Automatisierungsstrategien am Puls der Zeit. Mit unseren smarten Lösungen fordern unsere passionierten Teams den technischen Status quo immer wieder heraus und setzen so neue Maßstäbe für die Fertigung von Smartphones, Computern, Netzwerken, autonomen Fahrzeugen, intelligenten Maschine…",Adzuna::API::Response::Job,,,,
"{'tag': 'part-time-jobs', 'label': 'Teilzeitstellen', '__CLASS__': 'Adzuna::API::Response::Category'}",10.984506,49.577521,Duales Bachelorstudium Data Science in Technik und Wirtschaft (B.Eng.) - Erlangen/Forchheim,5766706265,"{'display_name': 'Siemens Healthineers AG', '__CLASS__': 'Adzuna::API::Response::Company'}",2026-06-17T13:17:48Z,0,"{'display_name': 'Erlangen, Bayern', 'area': ['Deutschland', 'Bayern', 'Erlangen'], '__CLASS__': 'Adzuna::API::Response::Location'}",eyJhbGciOiJIUzI1NiJ9.eyJpIjoiNTc2NjcwNjI2NSIsInMiOiJpQm9rQkVHdzhSR05DSTRMWHN3b0NnIn0.G3-xmzyeXHB1NixzxNbXAB2VCXSAC4wu4u1PDc4dQdg,https://www.adzuna.de/land/ad/5766706265?se=iBokBEGw8RGNCI4LXswoCg&utm_medium=api&utm_source=a4bcf954&v=66F0723CBAA37A63EAA8BB4C63A95584B42DD6A8,"Dein Berufsbild: Du magst Mathe und möchtest später etwas mit Daten machen? Dich faszinieren datengestützte Tools, wie ChatGPT, und du kennst deren große Chance für die Zukunft? Dann bewirb dich für das duale Studium B.Eng. Data Science in Technik und Wirtschaft und entdecke mit uns, wie wir die Welt der Medizintechnik durch datenbasierte Entscheidungen verändern können. Daten sind eines der Fundamente, damit Unternehmen bestmögliche Entscheidungen treffen können. Im Studiengang B.Eng. Data Sci…",Adzuna::API::Response::Job,,,,
"{'__CLASS__': 'Adzuna::API::Response::Category', 'tag': 'part-time-jobs', 'label': 'Teilzeitstellen'}",9.01646,48.80225,Duales Studium Data Science&KI (Bachelor of Science) ab 2027,5804889618,"{'display_name': 'GEZE GmbH', '__CLASS__': 'Adzuna::API::Response::Company'}",2026-07-17T14:53:24Z,0,"{'display_name': 'Leonberg, Böblingen (Kreis)', '__CLASS__': 'Adzuna::API::Response::Location', 'area': ['Deutschland', 'Baden-Württemberg', 'Böblingen (Kreis)', 'Leonberg']}",eyJhbGciOiJIUzI1NiJ9.eyJzIjoiaUJva0JFR3c4UkdOQ0k0TFhzd29DZyIsImkiOiI1ODA0ODg5NjE4In0.AJ1D7CsH6q7R5s19RmGPj4r-8LdgI0dVjbeQcSOyifg,https://www.adzuna.de/land/ad/5804889618?se=iBokBEGw8RGNCI4LXswoCg&utm_medium=api&utm_source=a4bcf954&v=CF507F3C24FED4ECADFCECDA90803DB188687CAB,"Duales Studium Data Science&KI (Bachelor of Science) ab 2027 Reinhold-Vöster-Straße 21-29 71229, Leonberg Baden-Württemberg GEZE Leonberg | DHBW Stuttgart | ab 01.10.2027 GEZE gehört zu den weltweit führenden Unternehmen für Produkte, Systemlösungen und umfassenden Service rund um Türen und Fenster. Der Spezialist für innovative und moderne Tür-, Fenster- und Sicherheitstechnik erzielt mit fundierter Branchen- und Fachkenntnis seitüber 160 Jahren herausragende Ergebnisse, die Gebäude lebenswert…",Adzuna::API::Response::Job,,,,
"{'label': 'Teilzeitstellen', 'tag': 'part-time-jobs', '__CLASS__': 'Adzuna::API::Response::Category'}",9.18451,48.86157,Bachelor of Science (m/w/d) - Wirtschaftsinformatik - Studiengang Data Science,5832776687,"{'display_name': 'Wüstenrot&Württembergische-Gruppe', '__CLASS__': 'Adzuna::API::Response::Company'}",2026-08-08T03:23:59Z,0,"{'area': ['Deutschland', 'Baden-Württemberg', 'Ludwigsburg (Kreis)', 'Kornwestheim'], '__CLASS__': 'Adzuna::API::Response::Location', 'display_name': 'Kornwestheim, Ludwigsburg (Kreis)'}",eyJhbGciOiJIUzI1NiJ9.eyJzIjoiaUJva0JFR3c4UkdOQ0k0TFhzd29DZyIsImkiOiI1ODMyNzc2Njg3In0.t5Znkyc9394MP1kQjwnQAXG9XMYkgTXLRjUg8TA__M0,https://www.adzuna.de/land/ad/5832776687?se=iBokBEGw8RGNCI4LXswoCg&utm_medium=api&utm_source=a4bcf954&v=B048BAB14F2B599EF6B19CE9D6FA57163346BE2E,"Inhalte und Aufgaben Ein praxisorientiertes Studium in Verbindung mit der Duale Hochschule Baden-Württemberg in Stuttgart, bei dem Sie die theoretischen Studieninhalte direkt on the job anwenden können Softwareentwicklung mit Open Source/Java, Pega, SAP oder SAS: Wir machen Sie fit für die digitalen Anforderungen der Zukunft Server, Netze und Datenbanken sind Ihre neuen Tools, die Sie verstehen und einzusetzen lernen Agile Arbeitsmethoden, Business-Analyse. Data Science, UI/UX-Design bis hin zu…",Adzuna::API::Response::Job,,,,
"{'tag': 'part-time-jobs', 'label': 'Teilzeitstellen', '__CLASS__': 'Adzuna::API::Response::Category'}",8.491505,49.496025,Bachelor of Science Data Science&künstliche Intelligenz (m/w/d),5804049836,"{'__CLASS__': 'Adzuna::API::Response::Company', 'display_name': 'Stadt Mannheim'}",2026-07-17T03:01:39Z,0,"{'display_name': 'Mannheim, Baden-Württemberg', '__CLASS__': 'Adzuna::API::Response::Location', 'area': ['Deutschland', 'Baden-Württemberg', 'Mannheim']}",eyJhbGciOiJIUzI1NiJ9.eyJpIjoiNTgwNDA0OTgzNiIsInMiOiJpQm9rQkVHdzhSR05DSTRMWHN3b0NnIn0.GwdWb2E_WeTay8BFyn114TeBPTO7C2K4LJDTyy7mAAg,https://www.adzuna.de/land/ad/5804049836?se=iBokBEGw8RGNCI4LXswoCg&utm_medium=api&utm_source=a4bcf954&v=CB1EABA806BBB7479F833A20044FF33E9385915D,DAS ERWARTET DICH IM PRAXISTEIL DU möchtest gemeinsam mit uns Mannheim noch digitaler machen? Der Praxisteil deines Studiums findet im Fachbereich Informationstechnologie der Stadt Mannheim statt. Dort hast du die Möglichkeit fundierte Einblicke in die Bereiche Grundlagen der IT und Verwaltungswirtschaft zu bekommen. Außerdem lernst du alles rund um den intelligenten und verantwortungsvollen Umgang mit Daten und wirst zum Experten in Sachen zukunftsfähiger Technologien und deren Einsatzmöglichk…,Adzuna::API::Response::Job,,,,
"{'label': 'Teilzeitstellen', 'tag': 'part-time-jobs', '__CLASS__': 'Adzuna::API::Response::Category'}",9.187224,48.776198,Duales Studium (m/w/d) Wirtschaftsinformatik – Data Science (B.Sc.),5829089580,"{'__CLASS__': 'Adzuna::API::Response::Company', 'display_name': 'Hallesche Krankenversicherung a. G.'}",2026-08-05T15:16:21Z,0,"{'area': ['Deutschland', 'Baden-Württemberg', 'Stuttgart'], '__CLASS__': 'Adzuna::API::Response::Location', 'display_name': 'Stuttgart, Baden-Württemberg'}",eyJhbGciOiJIUzI1NiJ9.eyJpIjoiNTgyOTA4OTU4MCIsInMiOiJpQm9rQkVHdzhSR05DSTRMWHN3b0NnIn0.N-Sq2iURVcspSobFSflQA3Kbw5VPxjdqzqLpAGnbr8I,https://www.adzuna.de/land/ad/5829089580?se=iBokBEGw8RGNCI4LXswoCg&utm_medium=api&utm_source=a4bcf954&v=A00F86AE86286E156696C5747872944D5BD23D12,"Eine Gruppe. Viele Möglichkeiten. Als erfahrenes Versicherungs- und Finanzdienstleistungsunternehmen verbinden wir seit 1819 Wachstum mit Tradition. Rund 3.200 Mitarbeitende sorgen täglich dafür, dass unsere Kundinnen und Kunden bestens abgesichert sind und einen ausgezeichneten Service erhalten. Bei uns erwartet dich ein Arbeitsumfeld voller Offenheit, Teamgeist und Rückhalt. Gemeinsam mit dir formen wir aus unseren individuellen Kompetenzen ein starkes Team: die ALH Gruppe. Erfahre hier mehr …",Adzuna::API::Response::Job,,,,
"{'__CLASS__': 'Adzuna::API::Response::Category', 'label': 'Teilzeitstellen', 'tag': 'part-time-jobs'}",7.94837,48.42392,Duales Studium: Data Science und Künstliche Intelligenz (m/w/d) - 2027,5784624030,"{'display_name': 'EDEKA Südwest Stiftung&Co. KG', '__CLASS__': 'Adzuna::API::Response::Company'}",2026-07-02T02:07:53Z,0,"{'display_name': 'Offenburg, Ortenaukreis', 'area': ['Deutschland', 'Baden-Württemberg', 'Ortenaukreis', 'Offenburg'], '__CLASS__': 'Adzuna::API::Response::Location'}",eyJhbGciOiJIUzI1NiJ9.eyJzIjoiaUJva0JFR3c4UkdOQ0k0TFhzd29DZyIsImkiOiI1Nzg0NjI0MDMwIn0.sCosn39SYWlgdoQdnKfT4Jk17awL4ihZW2w5lLCCahA,https://www.adzuna.de/land/ad/5784624030?se=iBokBEGw8RGNCI4LXswoCg&utm_medium=api&utm_source=a4bcf954&v=CDF8A0C90450F82B412FB51139BC443F839DB477,"Mit rund 46.000 Mitarbeitenden sowie rund 3.000 Auszubildenden in über 40 Ausbildungsberufen und dualen Studiengängen im Einzelhandel, Großhandel und in der Produktion sind wir einer der größten Arbeitgeber der Region. Rund 1.100 Märkte, sechs Logistikzentren und sechs Produktionsbetriebe in fünf Bundesländern gehören zu EDEKA Südwest. Was macht man da aus sich? Im Fokus steht der reibungslose Fluss von Informationen innerhalb des Unternehmens. Schon während des Studiums betreust du selbstständ…",Adzuna::API::Response::Job,,,,
"{'__CLASS__': 'Adzuna::API::Response::Category', 'label': 'Teilzeitstellen', 'tag': 'part-time-jobs'}",8.77577,47.85762,Duales Studium Bachelor of Science - Informatik / Wirtschaftsinformatik / Data Science&KI,5829088942,"{'__CLASS__': 'Adzuna::API::Response::Company', 'display_name': 'allsafe GmbH&Co. KG'}",2026-08-05T15:16:14Z,0,"{'__CLASS__': 'Adzuna::API::Response::Location', 'area': ['Deutschland', 'Baden-Württemberg', 'Konstanz (Kreis)', 'Engen'], 'display_name': 'Engen, Konstanz (Kreis)'}",eyJhbGciOiJIUzI1NiJ9.eyJpIjoiNTgyOTA4ODk0MiIsInMiOiJpQm9rQkVHdzhSR05DSTRMWHN3b0NnIn0.mx5879UJBlLqEdaiO278HBKRcUeqiL7zv58YlQblprc,https://www.adzuna.de/land/ad/5829088942?se=iBokBEGw8RGNCI4LXswoCg&utm_medium=api&utm_source=a4bcf954&v=FCD429D2C7528585BF56FCAC9F7E98B8E6C756CB,"Das bieten wir: - Mitverantwortung im Tagessgeschäft und eigenverantwortliche Umsetzung von Studenten-Projekten - Work-Life-Balance dank flexiblem Arbeitszeitenmodell der VERTRAUENSARBEITSZEIT - Mitwirkung auf unseren Social-Media-Kanälen (Instagram, Facebook, TikTok, Youtube, ) - Kollegialer Umgang und offene Kommunikation mit Kollegen - Arbeiten auf Augenhöhe durch flache Hierarchien im Unternehmen - Kostenloser Kaffee, Tischtennis, Tischkicker, Lese-Ecke, eigenes internes Restaurant, Terrass…",Adzuna::API::Response::Job,,,,
"{'__CLASS__': 'Adzuna::API::Response::Category', 'label': 'Stellen für Hochschulabsolventen', 'tag': 'graduate-jobs'}",9.315933,48.745846,"Duales Studium Wirtschaftsinformatik/Data Science (B.Sc.), Mercedes-Benz Group AG, Stuttgart, 01.10.2027 (m/w/d)",5810541431,"{'__CLASS__': 'Adzuna::API::Response::Company', 'display_name': 'Mercedes-Benz Group AG'}",2026-07-22T10:24:42Z,0,"{'display_name': 'Esslingen am Neckar, Esslingen (Kreis)', 'area': ['Deutschland', 'Baden-Württemberg', 'Esslingen (Kreis)', 'Esslingen am Neckar'], '__CLASS__': 'Adzuna::API::Response::Location'}",eyJhbGciOiJIUzI1NiJ9.eyJzIjoiaUJva0JFR3c4UkdOQ0k0TFhzd29DZyIsImkiOiI1ODEwNTQxNDMxIn0.yKuQ1suKHmCX_jOuGrQI4zH4xHLzzHWUuN9pwgj4CDg,https://www.adzuna.de/land/ad/5810541431?se=iBokBEGw8RGNCI4LXswoCg&utm_medium=api&utm_source=a4bcf954&v=857EFE5E44CCBBC5000E37042CB9756F2CB9AFF8,"Life is always about becoming… Im Leben geht es darum, sich auf eine Reise zu begeben, um die beste Version unseres zukünftigen Selbst zu werden. Während wir Neues entdecken, stellen wir uns Herausforderungen, meistern sie und wachsen über uns hinaus. Bewerben Sie sich bei Mercedes-Benz und finden Sie den Aufgabenbereich, in dem Sie Ihre Talente individuell entfalten können. Dabei werden Sie von visionären Kolleginnen und Kollegen unterstützt, die Ihren Pioniergeist teilen. Bei uns einzusteigen…",Adzuna::API::Response::Job,,,,
"{'tag': 'accounting-finance-jobs', 'label': 'Stellen aus Buchhaltung & Finanzwesen', '__CLASS__': 'Adzuna::API::Response::Category'}",,,DHBW-Studium Bachelor of Science – Wirtschaftsinformatik Data Science,5869217575,"{'display_name': 'WGV - Württembergische Gemeinde-Versicherung a.G.', '__CLASS__': 'Adzuna::API::Response::Company'}",2026-09-03T17:59:24Z,0,"{'area': ['Deutschland'], '__CLASS__': 'Adzuna::API::Response::Location', 'display_name': 'Deutschland'}",eyJhbGciOiJIUzI1NiJ9.eyJzIjoiaUJva0JFR3c4UkdOQ0k0TFhzd29DZyIsImkiOiI1ODY5MjE3NTc1In0.dRQDLNFJeHHD4p7XLpVefjJKM47X_y6jQn9-_qlRpvQ,https://www.adzuna.de/land/ad/5869217575?se=iBokBEGw8RGNCI4LXswoCg&utm_medium=api&utm_source=a4bcf954&v=94AA363EF9D8CFC3A69306A504001F64EADD2377,DHBW-Studium Bachelor of Science – Wirt­schafts­informatik Data Science Als starker Arbeitgeber und attrak­tives Aus­bildungs­unter­nehmen bieten wir viel­fältige und spannende Aus­bildungs- und Studien­plätze mit besten Über­nahme­chancen. Bereit für ein echt spannendes und abwechslungsreiches Studium? Wir machen dich fit für deine Zukunft in einer modernen Versicherung. Für den Studienstart am 01.09.2027 in Stuttgart suchen wir aufgeschlossene und motivierte Studierende. Original Stellenanzei…,Adzuna::API::Response::Job,,,,
"{'__CLASS__': 'Adzuna::API::Response::Category', 'label': 'Unknown', 'tag': 'unknown'}",7.7081,47.84069,Duales Studium Bachelor of Science (m/w/d) Data Science und Künstliche Intelligenz,5838982643,"{'display_name': 'Hekatron Unternehmen', '__CLASS__': 'Adzuna::API::Response::Company'}",2026-08-13T01:10:57Z,0,"{'area': ['Deutschland', 'Baden-Württemberg', 'Breisgau-Hochschwarzwald (Kreis)', 'Sulzburg'], '__CLASS__': 'Adzuna::API::Response::Location', 'display_name': 'Sulzburg, Breisgau-Hochschwarzwald (Kreis)'}",eyJhbGciOiJIUzI1NiJ9.eyJzIjoiaUJva0JFR3c4UkdOQ0k0TFhzd29DZyIsImkiOiI1ODM4OTgyNjQzIn0.6rwmkZ5KX9NdorJqf3az_hutSVjhSaYS9gyFN_ultdA,https://www.adzuna.de/details/5838982643?utm_medium=api&utm_source=a4bcf954,"Die Hekatron Unternehmen bieten: Duales Studium Bachelor of Science (m/w/d) Data Science und Künstliche Intelligenz für 2027 Starte Deine Zukunft bei Hekatron: Bachelor of Science Data Science und künstliche Intelligenz. Du suchst ein Studium, welches Dir den Freiraum bietet, Deinen eigenen Weg zu finden und Deine Arbeit mit Deiner Freizeit optimal zu verbinden? Dann bist Du bei uns, den Hekatron Unternehmen, genau richtig! Wir bei Hekatron sind auf der Suche nach engagierten Studenten, die mit…",Adzuna::API::Response::Job,,,,
"{'__CLASS__': 'Adzuna::API::Response::Category', 'tag': 'unknown', 'label': 'Unknown'}",11.555737,48.137418,Duales Studium Data Science und Scientific Computing (B.Sc.) (m/w/d) 2027,5829013829,"{'__CLASS__': 'Adzuna::API::Response::Company', 'display_name': 'BayernLB'}",2026-08-05T12:58:19Z,0,"{'display_name': 'München, München (Kreis)', '__CLASS__': 'Adzuna::API::Response::Location', 'area': ['Deutschland', 'Bayern', 'München (Kreis)', 'München']}",eyJhbGciOiJIUzI1NiJ9.eyJpIjoiNTgyOTAxMzgyOSIsInMiOiJpQm9rQkVHdzhSR05DSTRMWHN3b0NnIn0.Mtq20ZvNnhHhMrriMaj8YpoTh1NUO_q7yaYs7QLkK8I,https://www.adzuna.de/details/5829013829?utm_medium=api&utm_source=a4bcf954,"Hochschule München: Duales Studium Data Science und Scientific Computing (B.Sc.) 2027 Wir alle haben als Kinder davon geträumt, Großes zu bewirken – ob als gute Feen, Stars im Rampenlicht oder Weltraumreisende im All. Höchste Zeit, dass diese Träume wahr werden! Dein Traumschiff? Die BayernLB! Bei uns steuern wir einer blühenden Zukunft entgegen und kämpfen als Fortschrittsfinanzierer für die Welt von morgen. Unsere Feenflügel und Raumanzüge haben wir abgelegt. Nicht aber unsere Ziele. Denen si…",Adzuna::API::Response::Job,,,,
"{'__CLASS__': 'Adzuna::API::Response::Category', 'label': 'Unknown', 'tag': 'unknown'}",10.89379,48.357096,Duales Studium B.Sc. (d/m/w) Informatik - Data Science und Künstliche Intelligenz,5829014958,"{'__CLASS__': 'Adzuna::API::Response::Company', 'display_name': 'Airbus'}",2026-08-05T12:58:30Z,0,"{'area': ['Deutschland', 'Bayern', 'Augsburg (Kreis)', 'Augsburg'], '__CLASS__': 'Adzuna::API::Response::Location', 'display_name': 'Augsburg, Augsburg (Kreis)'}",eyJhbGciOiJIUzI1NiJ9.eyJzIjoiaUJva0JFR3c4UkdOQ0k0TFhzd29DZyIsImkiOiI1ODI5MDE0OTU4In0.J7_LLk6VeJZ_zj64dYnbN5eoBFKOxe79-uj-Xa7FTvk,https://www.adzuna.de/details/5829014958?utm_medium=api&utm_source=a4bcf954,"Duales Studium B.Sc. (d/m/w) Informatik - Data Science und Künstliche Intelligenz zum 01.09.2027 Bist du neugierig auf Technik und möchtest die Welt von morgen mitgestalten? Dann ist eine Ausbildung oder ein Studium bei Airbus am Standort in Augsburg genau das Richtige für dich! Im dualen Studium Informatik befasst du dich in der Industrie mit komplexen Themen und Systemen. Du konzipierst, entwickelst und realisierst technische Lösungen zur Unterstützung der Geschäftsprozesse im Bereich der Übe…",Adzuna::API::Response::Job,,,,
"{'label': 'IT-Stellen', 'tag': 'it-jobs', '__CLASS__': 'Adzuna::API::Response::Category'}",10.307105,47.73273,Dualer Student (m/w/d) Data Science und Künstliche Intelligenz,5881234753,"{'__CLASS__': 'Adzuna::API::Response::Company', 'display_name': 'DACHSER SE'}",2026-09-12T19:38:33Z,0,"{'__CLASS__': 'Adzuna::API::Response::Location', 'area': ['Deutschland', 'Bayern', 'Kempten (Allgäu)'], 'display_name': 'Kempten (Allgäu), Bayern'}",eyJhbGciOiJIUzI1NiJ9.eyJzIjoiaUJva0JFR3c4UkdOQ0k0TFhzd29DZyIsImkiOiI1ODgxMjM0NzUzIn0.9GKy_1mSgi4Mk4_M3O2mXG4m5HKPEa0uTNJ-5yQRPY0,https://www.adzuna.de/land/ad/5881234753?se=iBokBEGw8RGNCI4LXswoCg&utm_medium=api&utm_source=a4bcf954&v=D626D35418CADE00E3B82F792BD47B3B0C5D69F8,"Job ID : 7173 | Studienstart : 01.09.2027 | Jobkategorie : IT; Landverkehr / Spedition ""Logistics is People Business"" - dieser Leitsatz macht deutlich, dass die Mitarbeitenden für DACHSER der Schlüsselfaktor für den Unternehmenserfolg sind. Gemeinsam verfolgen wir die Mission, die weltweit intelligenteste Kombination und Integration logistischer Netzkompetenzen zu schaffen und so die Logistikbilanz unserer Kunden zu optimieren. Suchst du einen dualen Studienplatz mit Perspektive in einem stabil…",Adzuna::API::Response::Job,,,,
"{'label': 'Teilzeitstellen', 'tag': 'part-time-jobs', '__CLASS__': 'Adzuna::API::Response::Category'}",8.46027,49.49301,Bachelor of Science Data Science&künstliche Intelligenz (m/w/d),5809720185,"{'__CLASS__': 'Adzuna::API::Response::Company', 'display_name': 'Stadt Mannheim'}",2026-07-21T22:59:59Z,0,"{'__CLASS__': 'Adzuna::API::Response::Location', 'area': ['Deutschland', 'Baden-Württemberg', 'Mannheim', 'Innenstadt'], 'display_name': 'Innenstadt, Mannheim'}",eyJhbGciOiJIUzI1NiJ9.eyJzIjoiaUJva0JFR3c4UkdOQ0k0TFhzd29DZyIsImkiOiI1ODA5NzIwMTg1In0.SS_B5Lz_KcN7gbD33BXUnluz7PBUQsNYo1XB4bYRUCw,https://www.adzuna.de/details/5809720185?utm_medium=api&utm_source=a4bcf954,DAS ERWARTET DICH IM PRAXISTEIL DU möchtest gemeinsam mit uns Mannheim noch digitaler machen? Der Praxisteil deines Studiums findet im Fachbereich Informationstechnologie der Stadt Mannheim statt. Dort hast du die Möglichkeit fundierte Einblicke in die Bereiche Grundlagen der IT und Verwaltungswirtschaft zu bekommen. Außerdem lernst du alles rund um den intelligenten und verantwortungsvollen Umgang mit Daten und wirst zum Experten in Sachen zukunftsfähiger Technologien und deren Einsatzmöglichk…,Adzuna::API::Response::Job,,,,
"{'__CLASS__': 'Adzuna::API::Response::Category', 'label': 'Teilzeitstellen', 'tag': 'part-time-jobs'}",9.16896,48.74475,Duales Studium (m/w/d) Wirtschaftsinformatik – Data Science (B.Sc.),5830893984,"{'display_name': 'Hallesche Krankenversicherung a. G.', '__CLASS__': 'Adzuna::API::Response::Company'}",2026-08-06T22:35:49Z,0,"{'display_name': 'Degerloch, Stuttgart', 'area': ['Deutschland', 'Baden-Württemberg', 'Stuttgart', 'Degerloch'], '__CLASS__': 'Adzuna::API::Response::Location'}",eyJhbGciOiJIUzI1NiJ9.eyJzIjoiaUJva0JFR3c4UkdOQ0k0TFhzd29DZyIsImkiOiI1ODMwODkzOTg0In0.R5nOPNWs7ElcxTf49RqR_fxiDfKrHv49ng0fMFQ1ZdA,https://www.adzuna.de/details/5830893984?utm_medium=api&utm_source=a4bcf954,"Eine Gruppe. Viele Möglichkeiten. Als erfahrenes Versicherungs- und Finanzdienstleistungsunternehmen verbinden wir seit 1819 Wachstum mit Tradition. Rund 3.200 Mitarbeitende sorgen täglich dafür, dass unsere Kundinnen und Kunden bestens abgesichert sind und einen ausgezeichneten Service erhalten. Bei uns erwartet dich ein Arbeitsumfeld voller Offenheit, Teamgeist und Rückhalt. Gemeinsam mit dir formen wir aus unseren individuellen Kompetenzen ein starkes Team: die ALH Gruppe. Erfahre hier mehr …",Adzuna::API::Response::Job,,,,
"{'__CLASS__': 'Adzuna::API::Response::Category', 'tag': 'part-time-jobs', 'label': 'Teilzeitstellen'}",10.88109,49.56892,Duales Studium (DHBW) - Data Science und künstliche Intelligenz (d/m/w) 2027,5799243414,"{'display_name': 'Schaeffler Technologies AG&Co. KG', '__CLASS__': 'Adzuna::API::Response::Company'}",2026-07-14T01:36:59Z,0,"{'area': ['Deutschland', 'Bayern', 'Erlangen-Höchstadt (Kreis)', 'Herzogenaurach'], '__CLASS__': 'Adzuna::API::Response::Location', 'display_name': 'Herzogenaurach, Erlangen-Höchstadt (Kreis)'}",eyJhbGciOiJIUzI1NiJ9.eyJzIjoiaUJva0JFR3c4UkdOQ0k0TFhzd29DZyIsImkiOiI1Nzk5MjQzNDE0In0.rT4nB7Jt-fJfGnaHF5m_JsY3mhTX90U__THlmCehah8,https://www.adzuna.de/land/ad/5799243414?se=iBokBEGw8RGNCI4LXswoCg&utm_medium=api&utm_source=a4bcf954&v=31FD5B2497C9352AD9EC7826D671B164F8108EE9,"Du bist technikbegeistert und voller Ideen, mit denen Du die Welt bewegen willst? Dann ist eine Ausbildung oder ein duales Studium bei Schaeffler genau das Richtige für Dich. Ohne unsere Produkte könnten Autos nicht fahren, Maschinen nicht laufen und Flugzeuge nicht fliegen. Als führender Anbieter von Wälzlagern für sämtliche Industrien und wichtiger Partner im internationalen Automobilbau bietet Dir Schaeffler ein hervorragendes Umfeld für Deinen Start in die Berufswelt. Ausbildungsschwerpunkt…",Adzuna::API::Response::Job,,,,
"{'__CLASS__': 'Adzuna::API::Response::Category', 'tag': 'part-time-jobs', 'label': 'Teilzeitstellen'}",9.37738,48.67129,Duales Studium - Wirtschaftsinformatik Data Science (B. Sc. m/w/d) 2027,5767328953,"{'__CLASS__': 'Adzuna::API::Response::Company', 'display_name': 'Festool Group'}",2026-06-18T01:08:56Z,0,"{'__CLASS__': 'Adzuna::API::Response::Location', 'area': ['Deutschland', 'Baden-Württemberg', 'Esslingen (Kreis)', 'Wendlingen am Neckar'], 'display_name': 'Wendlingen am Neckar, Esslingen (Kreis)'}",eyJhbGciOiJIUzI1NiJ9.eyJpIjoiNTc2NzMyODk1MyIsInMiOiJpQm9rQkVHdzhSR05DSTRMWHN3b0NnIn0.KsBP2pwBs9FOXfP_r80G-aLgxQllYrcDIHewD1CwASY,https://www.adzuna.de/land/ad/5767328953?se=iBokBEGw8RGNCI4LXswoCg&utm_medium=api&utm_source=a4bcf954&v=958EB314919057C73F9E1CF6996FB866EE6E6089,"Das kannst Du von uns erwarten: Technik und Wirtschaft gehören für Dich zusammen? Du begeisterst Dich für Informationstechnologien ebenso wie fürökonomische Zusammenhänge und möchtest Theorie direkt in der Praxis anwenden? Dann ist das Duale Studium Wirtschaftsinformatik mit Schwerpunkt Data Science– in Kooperation mit der Dualen Hochschule Baden-Württemberg (DHBW) in Stuttgart– genau das Richtige für Dich. Kennenlernen innovativer IT-Systeme, moderner Datenanalyseverfahren sowie deren Einsatz …",Adzuna::API::Response::Job,,,,
"{'__CLASS__': 'Adzuna::API::Response::Category', 'label': 'Teilzeitstellen', 'tag': 'part-time-jobs'}",8.393718,49.486443,Duales Studium (B.Sc.) - Data Science und Künstliche Intelligenz (m/w/d),5750392345,"{'__CLASS__': 'Adzuna::API::Response::Company', 'display_name': 'BASF'}",2026-06-03T11:39:11Z,0,"{'__CLASS__': 'Adzuna::API::Response::Location', 'area': ['Deutschland', 'Rheinland-Pfalz', 'Ludwigshafen am Rhein'], 'display_name': 'Ludwigshafen am Rhein, Rheinland-Pfalz'}",eyJhbGciOiJIUzI1NiJ9.eyJpIjoiNTc1MDM5MjM0NSIsInMiOiJpQm9rQkVHdzhSR05DSTRMWHN3b0NnIn0._hXPtRDVp2H01anw37bJ2DyLrDj41n6x5_Npugyr7h0,https://www.adzuna.de/land/ad/5750392345?se=iBokBEGw8RGNCI4LXswoCg&utm_medium=api&utm_source=a4bcf954&v=BB24CAAFBE97C01E8B71480D53D62C30FA0721EC,"ÜBER UNS Wir bei BASF Digital Solutions machen die Digitalisierung der BASF möglich. Als deutsche Gruppengesellschaft der BASF mit Sitz in Ludwigshafen und Standorten wie Madrid, Schwarzheide beschäftigt die BASF Digital Solutions GmbH rund 1.700 Mitarbeiter. Digitalisierung ist einer der Schwerpunkte der neuen Unternehmensstrategie von BASF. In agilen Teams wollen wir neue digitale Lösungen einführen, die für unseren Kunden einen klaren Mehrwert darstellen. Alle relevanten Informationen zu dei…",Adzuna::API::Response::Job,,,,
"{'__CLASS__': 'Adzuna::API::Response::Category', 'tag': 'part-time-jobs', 'label': 'Teilzeitstellen'}",11.555737,48.137418,Hochschule München: Duales Studium Data Science und Scientific Computing (B.Sc.) 2027,5750358483,"{'display_name': 'Bayerische Landesbank ', '__CLASS__': 'Adzuna::API::Response::Company'}",2026-06-03T11:33:42Z,0,"{'display_name': 'München, München (Kreis)', 'area': ['Deutschland', 'Bayern', 'München (Kreis)', 'München'], '__CLASS__': 'Adzuna::API::Response::Location'}",eyJhbGciOiJIUzI1NiJ9.eyJpIjoiNTc1MDM1ODQ4MyIsInMiOiJpQm9rQkVHdzhSR05DSTRMWHN3b0NnIn0.YvMk3Fi_zKXajj61EtPyniD3ncZyAK26EE3xXK9Mc98,https://www.adzuna.de/land/ad/5750358483?se=iBokBEGw8RGNCI4LXswoCg&utm_medium=api&utm_source=a4bcf954&v=E7D6BD682D593476A95C23C277F782F8D43EB095,"Wir alle haben als Kinder davon geträumt, Großes zu bewirken– ob als gute Feen, Stars im Rampenlicht oder Weltraumreisende im All. Höchste Zeit, dass diese Träume wahr werden! Dein Traumschiff? Die BayernLB! Bei uns steuern wir einer blühenden Zukunft entgegen und kämpfen als Fortschrittsfinanzierer für die Welt von morgen. Unsere Feenflügel und Raumanzüge haben wir abgelegt. Nicht aber unsere Ziele. Denen sind wir näher denn je. Als Spezialbank fokussieren wir uns auf ausgesuchte Zukunftssekto…",Adzuna::API::Response::Job,,,,
"{'__CLASS__': 'Adzuna::API::Response::Category', 'tag': 'unknown', 'label': 'Unknown'}",11.555737,48.137418,Professur für Statistik und Data Science in der Amtlichen Statistik (Thüringer Modell) verbunden mit der Leitung einer Organisationseinheit (ab Referatsleitung aufwärts) am Statistischen Bundesamt,5869555631,"{'display_name': 'Ludwig-Maximilians-Universität München', '__CLASS__': 'Adzuna::API::Response::Company'}",2026-09-03T22:56:31Z,0,"{'__CLASS__': 'Adzuna::API::Response::Location', 'area': ['Deutschland', 'Bayern', 'München (Kreis)', 'München'], 'display_name': 'München, München (Kreis)'}",eyJhbGciOiJIUzI1NiJ9.eyJzIjoiaUJva0JFR3c4UkdOQ0k0TFhzd29DZyIsImkiOiI1ODY5NTU1NjMxIn0.2IoABjR3Td6NE05Pmi6BuURCM7PJ4ucXk1HeR6QIQaU,https://www.adzuna.de/land/ad/5869555631?se=iBokBEGw8RGNCI4LXswoCg&utm_medium=api&utm_source=a4bcf954&v=E78F25C974130A4E4C30EFC7428159D4E907D93B,"Professur für Statistik und Data Science in der Amtlichen Statistik An der Fakultät für Mathematik, Informatik und Statistik der Ludwig-Maximilians-Universität München (LMU) und am Statistischen Bundesamt (StBA) ist im Rahmen einer gemeinsamen Berufung zum nächstmöglichen Zeitpunkt eine Professur für Statistik und Data Science in der Amtlichen Statistik gemäß Art. 67 Abs. 3 Bayerisches Hochschulinnovationsgesetz (Thüringer Modell) zu besetzen. Die Professur ist verbunden mit der Leitung einer O…",Adzuna::API::Response::Job,,,,
"{'__CLASS__': 'Adzuna::API::Response::Category', 'label': 'Teilzeitstellen', 'tag': 'part-time-jobs'}",7.816286,47.999458,Duales Studium Data Science und Künstliche Intelligenz (B.Sc.) (m/w/d),5813864350,"{'display_name': 'Komm.ONE AöR', '__CLASS__': 'Adzuna::API::Response::Company'}",2026-07-24T15:12:04Z,0,"{'area': ['Deutschland', 'Baden-Württemberg', 'Freiburg im Breisgau'], '__CLASS__': 'Adzuna::API::Response::Location', 'display_name': 'Freiburg im Breisgau, Baden-Württemberg'}",eyJhbGciOiJIUzI1NiJ9.eyJpIjoiNTgxMzg2NDM1MCIsInMiOiJpQm9rQkVHdzhSR05DSTRMWHN3b0NnIn0.vw3xVnWiEBArz1vml4W7Sp8Wx4CqWxelg1xvcFx3lHg,https://www.adzuna.de/land/ad/5813864350?se=iBokBEGw8RGNCI4LXswoCg&utm_medium=api&utm_source=a4bcf954&v=3E53C66DF757775099A42CF46B6C4A01BF6C1B85,"Deine Aufgaben: Studierenden der Komm.ONE werden fundierte Kenntnisse im Bereich der Betriebswirtschaftslehre und Informatik vermittelt. Beispiele für die vielfältigen Einsatzgebiete von Wirtschaftsinformatikern sind die Entwicklung moderner Informationssysteme, die Optimierung komplexer Geschäftsprozesse oder die Leitung interner oder externer Projekte. Um die Komm.ONE kennen zu lernen und erste Kontakte zu knüpfen, beginnst du bei uns im Betrieb mit einem Vorpraktikum bereits zum 1. September…",Adzuna::API::Response::Job,,,,
"{'__CLASS__': 'Adzuna::API::Response::Category', 'label': 'Unknown', 'tag': 'unknown'}",8.412378,49.001249,"Duales Studium Data Science & Künstliche Intelligenz B.Sc. (m/w/d), Karlsruhe 2027",5829025894,"{'display_name': 'Atruvia AG', '__CLASS__': 'Adzuna::API::Response::Company'}",2026-08-05T13:00:36Z,0,"{'area': ['Deutschland', 'Baden-Württemberg', 'Karlsruhe (Kreis)', 'Karlsruhe'], '__CLASS__': 'Adzuna::API::Response::Location', 'display_name': 'Karlsruhe, Karlsruhe (Kreis)'}",eyJhbGciOiJIUzI1NiJ9.eyJpIjoiNTgyOTAyNTg5NCIsInMiOiJpQm9rQkVHdzhSR05DSTRMWHN3b0NnIn0.4uPx2HRm-49ypdbz2Qo8qGFiGQ-RLmi7yM2IxLZ7ZxI,https://www.adzuna.de/details/5829025894?utm_medium=api&utm_source=a4bcf954,"Gestalte die Zukunft mit KI – Starte dein Duales Studium im Bereich Data Science & Künstlicher Intelligenz ! Du möchtest mit smarten Lösungen die Welt der Banken-IT revolutionieren? Bei uns lernst du, wie du innovative Data-Science- und KI-Lösungen entwickelst, die unseren Kunden das Leben erleichtern. Gemeinsam gestalten wir die digitale Transformation – nach dem Motto: „Wir machen das Leben leichter mit KI.“ Deine Aufgaben: Entwickle KI-Lösungen: Du unterstützt bei der Entwicklung maßgeschnei…",Adzuna::API::Response::Job,,,,
"{'tag': 'unknown', 'label': 'Unknown', '__CLASS__': 'Adzuna::API::Response::Category'}",10.984506,49.577521,Duales Studium: Data Science in Technik und Wirtschaft (B.Eng.) (w/m/d) - Erlangen/Forchheim,5829017526,"{'__CLASS__': 'Adzuna::API::Response::Company', 'display_name': 'Siemens Healthineers AG'}",2026-08-05T12:58:56Z,0,"{'display_name': 'Erlangen, Bayern', '__CLASS__': 'Adzuna::API::Response::Location', 'area': ['Deutschland', 'Bayern', 'Erlangen']}",eyJhbGciOiJIUzI1NiJ9.eyJzIjoiaUJva0JFR3c4UkdOQ0k0TFhzd29DZyIsImkiOiI1ODI5MDE3NTI2In0.HmfC-0108UeMzq5HHSivIAF2h8xIM4r0KIvOAd_5fMA,https://www.adzuna.de/details/5829017526?utm_medium=api&utm_source=a4bcf954,"Duales Bachelorstudium Data Science in Technik und Wirtschaft (B.Eng.) - Erlangen/Forchheim Dein Berufsbild: Du magst Mathe und möchtest später etwas mit Daten machen? Dich faszinieren datengestützte Tools, wie ChatGPT, und du kennst deren große Chance für die Zukunft? Dann bewirb dich für das duale Studium B.Eng. Data Science in Technik und Wirtschaft und entdecke mit uns, wie wir die Welt der Medizintechnik durch datenbasierte Entscheidungen verändern können. Daten sind eines der Fundamente, …",Adzuna::API::Response::Job,,,,
"{'tag': 'other-general-jobs', 'label': 'Sonstige/Allgemeine Stellen', '__CLASS__': 'Adzuna::API::Response::Category'}",7.464954,51.504967,Head of AI & Data Science (m/w/d),5810579233,"{'display_name': 'Dr. Ausbüttel GmbH & Co. KG', '__CLASS__': 'Adzuna::API::Response::Company'}",2026-07-22T10:33:42Z,0,"{'display_name': 'Dortmund, Nordrhein-Westfalen', 'area': ['Deutschland', 'Nordrhein-Westfalen', 'Dortmund'], '__CLASS__': 'Adzuna::API::Response::Location'}",eyJhbGciOiJIUzI1NiJ9.eyJpIjoiNTgxMDU3OTIzMyIsInMiOiJpQm9rQkVHdzhSR05DSTRMWHN3b0NnIn0.Z08bfdqV1hyzrA0N_K1XTmW4EQvcisNFsnvozDx9rkA,https://www.adzuna.de/land/ad/5810579233?se=iBokBEGw8RGNCI4LXswoCg&utm_medium=api&utm_source=a4bcf954&v=E5CB564F625F7AC343A646D91B42342134CC24FB,"Head of AI & Data Science: Tragen Sie dazu bei, Wunden zu heilen, Innovationen zu fördern und Wachstum zu gestalten! Schwer heilende Wunden sind eine enorme Belastung für Patienten, Angehörige und Behandelnde. Machen Sie durch Ihr gestalterisches Mitwirken einen signifikanten Unterschied. Wir entwickeln Produkte und Services, um Wunden bezahlbar zu heilen. Als wachsendes, zukunftsorientiertes inhabergeführtes Familienunternehmen investieren und arbeiten wir mit langfristiger Perspektive statt m…",Adzuna::API::Response::Job,,,,
"{'label': 'Stellen aus Gesundheitswesen & Pflege', 'tag': 'healthcare-nursing-jobs', '__CLASS__': 'Adzuna::API::Response::Category'}",,,Duales Studium Data Science / KI (w/m/d) 2027,5867275574,"{'display_name': 'medi GmbH & Co. KG', '__CLASS__': 'Adzuna::API::Response::Company'}",2026-09-02T18:19:02Z,0,"{'display_name': 'Deutschland', '__CLASS__': 'Adzuna::API::Response::Location', 'area': ['Deutschland']}",eyJhbGciOiJIUzI1NiJ9.eyJzIjoiaUJva0JFR3c4UkdOQ0k0TFhzd29DZyIsImkiOiI1ODY3Mjc1NTc0In0.TnPYdpxUG5ydcd2Vc0O6517QKsKyr0Nm1fFWhKHO7Jg,https://www.adzuna.de/land/ad/5867275574?se=iBokBEGw8RGNCI4LXswoCg&utm_medium=api&utm_source=a4bcf954&v=03F36B5236A1DA3C277B704DD3119E94FA1D9248,"medi GmbH & Co. KG Bayreuth Präsenz / Mobil Ausbildung IT Vollzeit Du willst die digitale Zukunft aktiv mitgestalten und dein Interesse für Daten, KI und moderne Technologien nicht nur im Hörsaal, sondern auch direkt in der Praxis einsetzen? Dann ist das duale Studium Data Science / KI bei medi genau dein Weg in eine zukunftsorientierte Karriere in der datengetriebenen Welt von morgen. Bewirb dich jetzt für einen Start ab September 2027 und absolviere dein duales Studium in nur drei Jahren Über…",Adzuna::API::Response::Job,,,,
"{'label': 'Unknown', 'tag': 'unknown', '__CLASS__': 'Adzuna::API::Response::Category'}",9.78975,48.0962,Duales Studium B. Sc. Data Science und Künstliche Intelligenz in Biberach 2027,5784675090,"{'__CLASS__': 'Adzuna::API::Response::Company', 'display_name': 'Boehringer Ingelheim GmbH'}",2026-07-02T02:48:54Z,0,"{'area': ['Deutschland', 'Baden-Württemberg', 'Biberach (Kreis)', 'Biberach an der Riß'], '__CLASS__': 'Adzuna::API::Response::Location', 'display_name': 'Biberach an der Riß, Biberach (Kreis)'}",eyJhbGciOiJIUzI1NiJ9.eyJpIjoiNTc4NDY3NTA5MCIsInMiOiJpQm9rQkVHdzhSR05DSTRMWHN3b0NnIn0.o-7j2wyHC_XiQnocWDPvy1HD-CXD-pLrYsN9RBFtprk,https://www.adzuna.de/land/ad/5784675090?se=iBokBEGw8RGNCI4LXswoCg&utm_medium=api&utm_source=a4bcf954&v=450D2BCC4626B0EC1851F28D464EBE05AD5E83AE,"Die Stelle Bewirb Dich jetzt für den Start im September 2027! Du findest Informatik in Kombination mit Künstlicher Intelligenz spannend und interessierst Dich für Machine Learning. Du interessierst Dich für Datenmengen - Verarbeitung und Entwicklung von Verfahren der Künstlichen Intelligenz? Dann sind diese guten Voraussetzungen für ein Duales Studium in Data Science und Künstliche Intelligenz. Bei uns hast Du die Möglichkeit dein Wissen, das Du an der Dualen Hochschule Ravensburg / Friedrichsh…",Adzuna::API::Response::Job,,,,
"{'label': 'Unknown', 'tag': 'unknown', '__CLASS__': 'Adzuna::API::Response::Category'}",8.78967,50.804953,Duales Studium 2027 - Softwaretechnologie - FR Data Science (m/f/d),5784675099,{'__CLASS__': 'Adzuna::API::Response::Company'},2026-07-02T02:48:54Z,0,"{'display_name': 'Marburg, Marburg-Biedenkopf (Kreis)', 'area': ['Deutschland', 'Hessen', 'Marburg-Biedenkopf (Kreis)', 'Marburg'], '__CLASS__': 'Adzuna::API::Response::Location'}",eyJhbGciOiJIUzI1NiJ9.eyJpIjoiNTc4NDY3NTA5OSIsInMiOiJpQm9rQkVHdzhSR05DSTRMWHN3b0NnIn0.cPnVsA6THmyda4j3vxaHVpjARWPnqKWrt9-Jv7grJd0,https://www.adzuna.de/land/ad/5784675099?se=iBokBEGw8RGNCI4LXswoCg&utm_medium=api&utm_source=a4bcf954&v=1AF97F120ABF8664350883073611AA84346F3350,"Wir sind eines der größten Impfstoffunternehmen der Welt und produzieren Impfstoffe, die Menschen in allen Lebensphasen schützen. In unserer Forschung und Entwicklung konzentrieren wir uns auf die Entwicklung von Impfstoffen gegen Infektionskrankheiten, die einen hohen medizinischen Bedarf und ein großes Marktpotenzial aufweisen. Unser Impfstoffgeschäft verfügt über ein Portfolio von mehr als 20 Impfstoffen, die Menschen ein Leben lang vor einer Menge von Krankheiten schützen. Wir liefern diese…",Adzuna::API::Response::Job,,,,
"{'__CLASS__': 'Adzuna::API::Response::Category', 'tag': 'unknown', 'label': 'Unknown'}",,,Gesucht: Lehrstuhl für Medical Data Science (W 3),5872684109,"{'display_name': 'Universität Passau', '__CLASS__': 'Adzuna::API::Response::Company'}",2026-09-06T05:27:43Z,0,"{'display_name': 'Deutschland', '__CLASS__': 'Adzuna::API::Response::Location', 'area': ['Deutschland']}",eyJhbGciOiJIUzI1NiJ9.eyJpIjoiNTg3MjY4NDEwOSIsInMiOiJpQm9rQkVHdzhSR05DSTRMWHN3b0NnIn0.kQBZFqwWeJD2u057bS2AE3NSncaU_Hj8YBVgiO5dn3U,https://www.adzuna.de/land/ad/5872684109?se=iBokBEGw8RGNCI4LXswoCg&utm_medium=api&utm_source=a4bcf954&v=4A8B025F688CFE4ECCA2E8CFD783833BA0A31913,"Die Universität Passau genießt durch exzellente Forschung, innovative Lehre und ein dichtes internationales Netzwerk hohe Sichtbarkeit und Ansehen. Rund 11.000 Studierende und Promovierende und über 1.300 Beschäftigte lernen und arbeiten nahe der Altstadt auf einem Campus, der modernste technische Infrastruktur mit einer preisgekrönten städtebaulichen Anlage vereint. International erfolgreiche High-Tech-Firmen und eine lebhafte Gründerszene, gepaart mit reicher Kultur und niederbayerischer Trad…",Adzuna::API::Response::Job,,,,
"{'label': 'Teilzeitstellen', 'tag': 'part-time-jobs', '__CLASS__': 'Adzuna::API::Response::Category'}",11.56907,48.14093,Hochschule München: Duales Studium Data Science und Scientific Computing (B.Sc.) 2027,5809663975,"{'display_name': 'Bayerische Landesbank ', '__CLASS__': 'Adzuna::API::Response::Company'}",2026-07-21T22:51:09Z,0,"{'display_name': 'Altstadt-Lehel, München', '__CLASS__': 'Adzuna::API::Response::Location', 'area': ['Deutschland', 'Bayern', 'München (Kreis)', 'München', 'Altstadt-Lehel']}",eyJhbGciOiJIUzI1NiJ9.eyJzIjoiaUJva0JFR3c4UkdOQ0k0TFhzd29DZyIsImkiOiI1ODA5NjYzOTc1In0.Aw2KrS0W8XRjt0R3FayX93T3vyEU7MRJqelQ4KEPGOk,https://www.adzuna.de/details/5809663975?utm_medium=api&utm_source=a4bcf954,"Wir alle haben als Kinder davon geträumt, Großes zu bewirken– ob als gute Feen, Stars im Rampenlicht oder Weltraumreisende im All. Höchste Zeit, dass diese Träume wahr werden! Dein Traumschiff? Die BayernLB! Bei uns steuern wir einer blühenden Zukunft entgegen und kämpfen als Fortschrittsfinanzierer für die Welt von morgen. Unsere Feenflügel und Raumanzüge haben wir abgelegt. Nicht aber unsere Ziele. Denen sind wir näher denn je. Als Spezialbank fokussieren wir uns auf ausgesuchte Zukunftssekto…",Adzuna::API::Response::Job,,,,
"{'label': 'IT-Stellen', 'tag': 'it-jobs', '__CLASS__': 'Adzuna::API::Response::Category'}",,,Duales Studium Wirtschaftsinformatik - Data Science 2027,5871413239,"{'__CLASS__': 'Adzuna::API::Response::Company', 'display_name': 'Lidl Stiftung & Co. KG'}",2026-09-05T05:56:23Z,0,"{'area': ['Deutschland'], '__CLASS__': 'Adzuna::API::Response::Location', 'display_name': 'Deutschland'}",eyJhbGciOiJIUzI1NiJ9.eyJpIjoiNTg3MTQxMzIzOSIsInMiOiJpQm9rQkVHdzhSR05DSTRMWHN3b0NnIn0.IA1Ox2xGmY13aNnnr_00x8uh7qnEvWBeWVnovteKOJo,https://www.adzuna.de/land/ad/5871413239?se=iBokBEGw8RGNCI4LXswoCg&utm_medium=api&utm_source=a4bcf954&v=FFEB24F014F5E4FCC2F082B79926EC6B85743557,"Eine gute Idee war der Ursprung, ein erfolgreiches Konzept ist das Ergebnis. Qualität zum guten Preis möglichst vielen Menschen anbieten zu können treibt uns an - mittlerweile weltweit, denn wir sind Lidl. Hier ist das berufliche Zuhause vielfältiger Talente. Ob im Einkauf, in der Logistik, im Warengeschäft oder in der IT; ob als Impulsgeber, Gestalter oder Dienstleister der Länder. Wir suchen Anpacker, Durchstarter, Möglichmacher und bieten spannende Aufgaben und Projekte in einem dynamischen …",Adzuna::API::Response::Job,,,,
"{'__CLASS__': 'Adzuna::API::Response::Category', 'tag': 'part-time-jobs', 'label': 'Teilzeitstellen'}",,,Duales Studium Data Science und Künstliche Inteligenzen B.Sc. 2027 (m/w/d),5793494224,"{'__CLASS__': 'Adzuna::API::Response::Company', 'display_name': 'Viessmann Climate Solutions'}",2026-07-09T02:54:13Z,0,"{'__CLASS__': 'Adzuna::API::Response::Location', 'area': ['Deutschland'], 'display_name': 'Deutschland'}",eyJhbGciOiJIUzI1NiJ9.eyJpIjoiNTc5MzQ5NDIyNCIsInMiOiJpQm9rQkVHdzhSR05DSTRMWHN3b0NnIn0.kQIQ627inmqHT8XKolwP-ofVozbZU8hvDI10XiHNeaE,https://www.adzuna.de/land/ad/5793494224?se=iBokBEGw8RGNCI4LXswoCg&utm_medium=api&utm_source=a4bcf954&v=70924A227E063BA07F75004A8CE597F09B7830DF,"Starte mit Viessmann Climate Solutions in dein dualesstudium. Du studierst in Mannheim und arbeitest zum Großteil in unserem EU-Headquarter in Allendorf (Eder). Während des Dualen Studiums im Studiengang Data Science und Künstliche Intelligenz analysierst und interpretierst du große Datenmengen, um daraus wertvolles Wissen zu gewinnen. Du entwickelst intelligente, KI-basierte Anwendungen und optimierst damit Prozesse. Diese Kompetenzen machen dich zu einer gefragten Expertin oder einem gefragte…",Adzuna::API::Response::Job,,,,
"{'__CLASS__': 'Adzuna::API::Response::Category', 'tag': 'part-time-jobs', 'label': 'Teilzeitstellen'}",7.82367,48.01513,Duales Studium Data Science und Künstliche Intelligenz (B.Sc.) (m/w/d),5814302887,"{'__CLASS__': 'Adzuna::API::Response::Company', 'display_name': 'Komm.ONE AöR'}",2026-07-24T23:09:30Z,0,"{'display_name': 'Betzenhausen, Freiburg im Breisgau', '__CLASS__': 'Adzuna::API::Response::Location', 'area': ['Deutschland', 'Baden-Württemberg', 'Freiburg im Breisgau', 'Betzenhausen']}",eyJhbGciOiJIUzI1NiJ9.eyJpIjoiNTgxNDMwMjg4NyIsInMiOiJpQm9rQkVHdzhSR05DSTRMWHN3b0NnIn0.Vn7TJ0hhH5Y9rfou3UNBxc09fGOziYwW1Y8e7wEOV_w,https://www.adzuna.de/details/5814302887?utm_medium=api&utm_source=a4bcf954,"Deine Aufgaben: Studierenden der Komm.ONE werden fundierte Kenntnisse im Bereich der Betriebswirtschaftslehre und Informatik vermittelt. Beispiele für die vielfältigen Einsatzgebiete von Wirtschaftsinformatikern sind die Entwicklung moderner Informationssysteme, die Optimierung komplexer Geschäftsprozesse oder die Leitung interner oder externer Projekte. Um die Komm.ONE kennen zu lernen und erste Kontakte zu knüpfen, beginnst du bei uns im Betrieb mit einem Vorpraktikum bereits zum 1. September…",Adzuna::API::Response::Job,,,,
"{'__CLASS__': 'Adzuna::API::Response::Category', 'label': 'Teilzeitstellen', 'tag': 'part-time-jobs'}",12.112321,49.022981,Duales Studium - B. Sc. Künstliche Intelligenz / Data Science 2027 (w/m/d),5810893427,"{'__CLASS__': 'Adzuna::API::Response::Company', 'display_name': 'Infineon Technologies AG'}",2026-07-22T15:01:11Z,0,"{'area': ['Deutschland', 'Bayern', 'Regensburg (Kreis)', 'Regensburg'], '__CLASS__': 'Adzuna::API::Response::Location', 'display_name': 'Regensburg, Regensburg (Kreis)'}",eyJhbGciOiJIUzI1NiJ9.eyJzIjoiaUJva0JFR3c4UkdOQ0k0TFhzd29DZyIsImkiOiI1ODEwODkzNDI3In0.cjBR8XufGOpYmyb58sskmOnl8QUOyflCCX_7q1J6-u0,https://www.adzuna.de/land/ad/5810893427?se=iBokBEGw8RGNCI4LXswoCg&utm_medium=api&utm_source=a4bcf954&v=3A8CF232D4B6E5155291B7D14D78BBDEB290EBA1,"WeAreIn to create tiny chips and big careers. Theorie allein reicht Dir nicht? Im Dualen Studium bei Infineon verbindest Du Theorie und Praxis. Du arbeitest an echten Projekten, lernst von Expert*innen und machst aus Deiner Leidenschaft eine Karriere mit Sinn. Are you in? Deine Rolle Haupttätigkeiten Praxis: Während Deines Studiums mit Start zum 01.09.2027 lernst Du praxisnah am Standort Regensburg Theorie: Den theoretischen Input erhältst Du an der der Ostbayerischen Technischen Hochschule Reg…",Adzuna::API::Response::Job,,,,
"{'label': 'IT-Stellen', 'tag': 'it-jobs', '__CLASS__': 'Adzuna::API::Response::Category'}",,,Lehrstuhl für Medical Data Science (W 3),5872157695,"{'__CLASS__': 'Adzuna::API::Response::Company', 'display_name': 'Universität Passau'}",2026-09-05T18:22:03Z,0,"{'__CLASS__': 'Adzuna::API::Response::Location', 'area': ['Deutschland'], 'display_name': 'Deutschland'}",eyJhbGciOiJIUzI1NiJ9.eyJpIjoiNTg3MjE1NzY5NSIsInMiOiJpQm9rQkVHdzhSR05DSTRMWHN3b0NnIn0.L6SQl9tFCY6CJGvTghQ-OaJ8mkw1W-Z2Op-hqdksp7o,https://www.adzuna.de/land/ad/5872157695?se=iBokBEGw8RGNCI4LXswoCg&utm_medium=api&utm_source=a4bcf954&v=655FCA78601C18BAFF36AE505DC7EAD8A0DB133A,"Die Universität Passau genießt durch exzellente Forschung, innovative Lehre und ein dichtes internationales Netzwerk hohe Sichtbarkeit und Ansehen. Rund 11.000 Studierende und Promovierende und über 1.300 Beschäftigte lernen und arbeiten nahe der Altstadt auf einem Campus, der modernste technische Infrastruktur mit einer preisgekrönten städtebaulichen Anlage vereint. International erfolgreiche High-Tech-Firmen und eine lebhafte Gründerszene, gepaart mit reicher Kultur und niederbayerischer Trad…",Adzuna::API::Response::Job,,,,
"{'__CLASS__': 'Adzuna::API::Response::Category', 'label': 'Stellen für Hochschulabsolventen', 'tag': 'graduate-jobs'}",6.808387,51.226802,Duales Studium Data Science & Künstliche Intelligenz (B.S.) 2027,5860303370,"{'display_name': 'PwC', '__CLASS__': 'Adzuna::API::Response::Company'}",2026-08-29T00:58:12Z,0,"{'area': ['Deutschland', 'Nordrhein-Westfalen', 'Düsseldorf'], '__CLASS__': 'Adzuna::API::Response::Location', 'display_name': 'Düsseldorf, Nordrhein-Westfalen'}",eyJhbGciOiJIUzI1NiJ9.eyJpIjoiNTg2MDMwMzM3MCIsInMiOiJpQm9rQkVHdzhSR05DSTRMWHN3b0NnIn0.6bl_twK7urmiuIDpJHeJkZrPJZ5xbOUA-tQUlCDlmjI,https://www.adzuna.de/land/ad/5860303370?se=iBokBEGw8RGNCI4LXswoCg&utm_medium=api&utm_source=a4bcf954&v=069644C8DF01974C76C40DEBEF12C64B38611290,"Bei PwC Deutschland arbeiten wir daran, entscheidende Herausforderungen zu lösen, nachhaltige Ergebnisse zu schaffen und das Vertrauen in die Wirtschaft und Gesellschaft auszubauen. Als Teil unserer Business Services Teams bist du der Treiber hinter unserem Versprechen: human-led und tech-powered. Unsere entscheidenden Bereiche sind Frontend- und Backend-Entwicklung, Datenanalyse, künstliche Intelligenz und die Entwicklung digitaler Lösungen zur Prozessoptimierung für interne und externe Anwend…",Adzuna::API::Response::Job,,,,
"{'tag': 'unknown', 'label': 'Unknown', '__CLASS__': 'Adzuna::API::Response::Category'}",,,"Duales Studium Wirtschaftsinformatik-Data Science, Studienbeginn 2027 (m/w/d)",5882717385,"{'__CLASS__': 'Adzuna::API::Response::Company', 'display_name': 'Trelleborg Sealing Solutions Germany GmbH'}",2026-09-13T17:33:20Z,0,"{'display_name': 'Deutschland', '__CLASS__': 'Adzuna::API::Response::Location', 'area': ['Deutschland']}",eyJhbGciOiJIUzI1NiJ9.eyJpIjoiNTg4MjcxNzM4NSIsInMiOiJpQm9rQkVHdzhSR05DSTRMWHN3b0NnIn0.cZpeQY1QkyPlfz_B40VmWfI24t2QxayL_IWXJXq3lZc,https://www.adzuna.de/land/ad/5882717385?se=iBokBEGw8RGNCI4LXswoCg&utm_medium=api&utm_source=a4bcf954&v=08593F1036B678FAA239E203AB4835C9F9EC4137,"Duales Studium Wirtschaftsinformatik-Data Science, Studienbeginn 2027 (m/w/d) Trelleborg is a world leader in engineered polymer solutions for almost every industry on the planet. And we are where we are because our talents brought us here. By specializing in the polymer engineering that makes innovation and application possible, Trelleborg works closely with leading industry brands to accelerate their performance, drive their business forward—and along the way, shape the industry and progress …",Adzuna::API::Response::Job,,,,
"{'__CLASS__': 'Adzuna::API::Response::Category', 'label': 'Sonstige/Allgemeine Stellen', 'tag': 'other-general-jobs'}",,,Teamleiter Künstliche Intelligenz - Data Science / MLOps (m/w/d),5833385844,"{'display_name': 'HKCM Engineering e. K.', '__CLASS__': 'Adzuna::API::Response::Company'}",2026-08-08T12:53:32Z,0,"{'__CLASS__': 'Adzuna::API::Response::Location', 'area': ['Deutschland'], 'display_name': 'Deutschland'}",eyJhbGciOiJIUzI1NiJ9.eyJzIjoiaUJva0JFR3c4UkdOQ0k0TFhzd29DZyIsImkiOiI1ODMzMzg1ODQ0In0.qULoBboBL-FyF-kkSl_dhr-BTCiWThQBy2-94mq11T0,https://www.adzuna.de/land/ad/5833385844?se=iBokBEGw8RGNCI4LXswoCg&utm_medium=api&utm_source=a4bcf954&v=D80DFE6C432E08DADF502FEF1E92053E8D724A8A,"Wir sind ein Analysehaus aus Stuttgart mit der Mission, Anleger am Kapitalmarkt mit präzisen Analysen zu Erfolg zu helfen. Mit unseren täglichen Analysen, Einschätzungen und Prognosen zu über 203 Werten, bieten wir für jeden Anleger maximalen Mehrwert. Dabei steht der finanzielle Erfolg unserer Abonnenten immer im Vordergrund, weshalb wir auch finanzjournalistische Arbeit leisten, um ein vollumfängliches Paket anzubieten. JLFT1_DE",Adzuna::API::Response::Job,,,,
"{'__CLASS__': 'Adzuna::API::Response::Category', 'tag': 'part-time-jobs', 'label': 'Teilzeitstellen'}",8.412378,49.001249,"Duales Studium Data Science&Künstliche Intelligenz B.Sc. (m/w/d), Karlsruhe 2027",5793494282,"{'display_name': 'Atruvia AG', '__CLASS__': 'Adzuna::API::Response::Company'}",2026-07-09T02:54:13Z,0,"{'__CLASS__': 'Adzuna::API::Response::Location', 'area': ['Deutschland', 'Baden-Württemberg', 'Karlsruhe (Kreis)', 'Karlsruhe'], 'display_name': 'Karlsruhe, Karlsruhe (Kreis)'}",eyJhbGciOiJIUzI1NiJ9.eyJzIjoiaUJva0JFR3c4UkdOQ0k0TFhzd29DZyIsImkiOiI1NzkzNDk0MjgyIn0.0LENcFbsz9FEMKSGsGKZFbIH8tV9X-g07Y0OWQ9mogo,https://www.adzuna.de/land/ad/5793494282?se=iBokBEGw8RGNCI4LXswoCg&utm_medium=api&utm_source=a4bcf954&v=55D0F7DC6645ECDA1D2B9247D973D80AD7DF0682,"Gestalte die Zukunft mit KI– Starte dein Duales Studium im Bereich Data Science&Künstlicher Intelligenz! Du möchtest mit Daten arbeiten, smarte Lösungen entwickeln und herausfinden, wie KI den Alltag von Millionen Menschen erleichtern kann? Im dualen Studium Data Science&Künstliche Intelligenz bei Atruvia verbindest du Theorie und Praxis in einem der spannendsten IT-Bereicheüberhaupt. Deine Aufgaben: Entwickle KI-Lösungen: Du unterstützt bei der Entwicklung von Data-Science- und KI-Lösungen– vo…",Adzuna::API::Response::Job,,,,
"{'label': 'Teilzeitstellen', 'tag': 'part-time-jobs', '__CLASS__': 'Adzuna::API::Response::Category'}",8.67311,51.02637,Duales Studium Data Science und Künstliche Inteligenzen B.Sc. 2027 (m/w/d),5809716222,"{'display_name': 'Viessmann Climate Solutions', '__CLASS__': 'Adzuna::API::Response::Company'}",2026-07-21T22:59:22Z,0,"{'area': ['Deutschland', 'Hessen', 'Waldeck-Frankenberg (Kreis)', 'Battenberg (Eder)'], '__CLASS__': 'Adzuna::API::Response::Location', 'display_name': 'Battenberg (Eder), Waldeck-Frankenberg (Kreis)'}",eyJhbGciOiJIUzI1NiJ9.eyJpIjoiNTgwOTcxNjIyMiIsInMiOiJpQm9rQkVHdzhSR05DSTRMWHN3b0NnIn0.czUBPHU7oTlU5Rs8blz9lLv3fs35UBN-gnVyyp4OGeY,https://www.adzuna.de/details/5809716222?utm_medium=api&utm_source=a4bcf954,"Starte mit Viessmann Climate Solutions in dein dualesstudium. Du studierst in Mannheim und arbeitest zum Großteil in unserem EU-Headquarter in Allendorf (Eder). Während des Dualen Studiums im Studiengang Data Science und Künstliche Intelligenz analysierst und interpretierst du große Datenmengen, um daraus wertvolles Wissen zu gewinnen. Du entwickelst intelligente, KI-basierte Anwendungen und optimierst damit Prozesse. Diese Kompetenzen machen dich zu einer gefragten Expertin oder einem gefragte…",Adzuna::API::Response::Job,,,,
"{'label': 'Stellen aus Gastronomie & Catering', 'tag': 'hospitality-catering-jobs', '__CLASS__': 'Adzuna::API::Response::Category'}",,,Duales Studium (B.Sc.) Data Science und Künstliche Intelligenz (m/w/d) Start 2027,5872137140,"{'__CLASS__': 'Adzuna::API::Response::Company', 'display_name': 'Seeberger GmbH'}",2026-09-05T18:03:51Z,0,"{'display_name': 'Deutschland', '__CLASS__': 'Adzuna::API::Response::Location', 'area': ['Deutschland']}",eyJhbGciOiJIUzI1NiJ9.eyJpIjoiNTg3MjEzNzE0MCIsInMiOiJpQm9rQkVHdzhSR05DSTRMWHN3b0NnIn0.kafCUWN3v5Ae3lvrQu5u9eURQMXQbYyGXDJ3InuAuUw,https://www.adzuna.de/land/ad/5872137140?se=iBokBEGw8RGNCI4LXswoCg&utm_medium=api&utm_source=a4bcf954&v=45F62F13495F5F65018F73A07A270B55870EE690,"Wir schenken Menschen Genussmomente aus der Natur. Als führende Marke bei Nüssen und Trockenfrüchten oder als deutschlandweit agierender Konzeptpartner, der auf die Bedürfnisse von Firmenkunden sowie der hochwertigen Gastronomie spezialisiert ist. Damit das auch in Zukunft so bleibt, bilden Wertschätzung, Qualität und Nachhaltigkeit das Fundament unserer Unternehmenskultur. In allen Bereichen ist das Beste unser Ansporn – bei unseren Produkten, in unserem Engagement für eine ausgewogene Work-Li…",Adzuna::API::Response::Job,,,,
"{'label': 'Teilzeitstellen', 'tag': 'part-time-jobs', '__CLASS__': 'Adzuna::API::Response::Category'}",8.753842,51.737096,Duales Studium Bachelor of Science Wirtschaftsinformatik - KI&Data Science (m/w/d) 2026,5750396620,"{'__CLASS__': 'Adzuna::API::Response::Company', 'display_name': 'Westfalen Weser Netz GmbH'}",2026-06-03T11:42:34Z,0,"{'display_name': 'Paderborn, Paderborn (Kreis)', '__CLASS__': 'Adzuna::API::Response::Location', 'area': ['Deutschland', 'Nordrhein-Westfalen', 'Paderborn (Kreis)', 'Paderborn']}",eyJhbGciOiJIUzI1NiJ9.eyJzIjoiaUJva0JFR3c4UkdOQ0k0TFhzd29DZyIsImkiOiI1NzUwMzk2NjIwIn0.1msNuauLcjwiT_gsqpwn0qx8jHZaoQv2Slh9AbJaSM8,https://www.adzuna.de/land/ad/5750396620?se=iBokBEGw8RGNCI4LXswoCg&utm_medium=api&utm_source=a4bcf954&v=D056E22E56F35755F5E799EB89C67A14F64D0834,Deine Aufga ben Als Bachelor of Science Wirtschaftsinformatik - Künstliche Intelligenz&Data Science (m/w/d) lernst du bei uns verschiedene Themengebiete kennen: Du analysierst Unternehmensdaten zielsicher und bereitest diese auf. Du sorgst für Datentransparenz im Unternehmen. Du arbeitest in Business Intelligence Projekten. Du setzt unsere Datenstrategie im Team um. Ausbildungsort: Paderborn Ausbildungsdauer: 6 Semester Partnerhochschule: Fachhochschule der Wirtschaft Fürstenallee 5 33102 Pader…,Adzuna::API::Response::Job,,,,
"{'__CLASS__': 'Adzuna::API::Response::Category', 'tag': 'part-time-jobs', 'label': 'Teilzeitstellen'}",12.07704,49.00784,Duales Studium - B. Sc. Künstliche Intelligenz / Data Science 2027 (w/m/d),5811193117,"{'__CLASS__': 'Adzuna::API::Response::Company', 'display_name': 'Infineon Technologies AG'}",2026-07-22T23:03:38Z,0,"{'area': ['Deutschland', 'Bayern', 'Regensburg (Kreis)', 'Regensburg', 'Großprüfening-Dechbetten-Königswiesen'], '__CLASS__': 'Adzuna::API::Response::Location', 'display_name': 'Großprüfening-Dechbetten-Königswiesen, Regensburg'}",eyJhbGciOiJIUzI1NiJ9.eyJpIjoiNTgxMTE5MzExNyIsInMiOiJQcGdfQlVHdzhSR05DSTRMWHN3b0NnIn0.9_sEmj6UjbjfWZmBewcdC2G7GzjS7hOVifsdhCn2mHo,https://www.adzuna.de/details/5811193117?utm_medium=api&utm_source=a4bcf954,"WeAreIn to create tiny chips and big careers. Theorie allein reicht Dir nicht? Im Dualen Studium bei Infineon verbindest Du Theorie und Praxis. Du arbeitest an echten Projekten, lernst von Expert*innen und machst aus Deiner Leidenschaft eine Karriere mit Sinn. Are you in? Deine Rolle Haupttätigkeiten Praxis: Während Deines Studiums mit Start zum 01.09.2027 lernst Du praxisnah am Standort Regensburg Theorie: Den theoretischen Input erhältst Du an der der Ostbayerischen Technischen Hochschule Reg…",Adzuna::API::Response::Job,,,,
"{'__CLASS__': 'Adzuna::API::Response::Category', 'tag': 'unknown', 'label': 'Unknown'}",,,Lehrstuhl für Medical Data Science (W 3) - Passau,5872706653,"{'display_name': 'Universität Passau', '__CLASS__': 'Adzuna::API::Response::Company'}",2026-09-06T05:42:26Z,0,"{'__CLASS__': 'Adzuna::API::Response::Location', 'area': ['Deutschland'], 'display_name': 'Deutschland'}",eyJhbGciOiJIUzI1NiJ9.eyJpIjoiNTg3MjcwNjY1MyIsInMiOiJQcGdfQlVHdzhSR05DSTRMWHN3b0NnIn0.SCzyB8rBjKPeUq_CM5MQugZ7J98-SZ-EMdrqLbOsl5A,https://www.adzuna.de/land/ad/5872706653?se=Ppg_BUGw8RGNCI4LXswoCg&utm_medium=api&utm_source=a4bcf954&v=B0412D65A503597F50FD6A35FA25E44BAED4C589,"Die Universität Passau genießt durch exzellente Forschung, innovative Lehre und ein dichtes internationales Netzwerk hohe Sichtbarkeit und Ansehen. Rund 11.000 Studierende und Promovierende und über 1.300 Beschäftigte lernen und arbeiten nahe der Altstadt auf einem Campus, der modernste technische Infrastruktur mit einer preisgekrönten städtebaulichen Anlage vereint. International erfolgreiche High-Tech-Firmen und eine lebhafte Gründerszene, gepaart mit reicher Kultur und niederbayerischer Trad…",Adzuna::API::Response::Job,,,,
"{'tag': 'unknown', 'label': 'Unknown', '__CLASS__': 'Adzuna::API::Response::Category'}",,,Wir suchen: Lehrstuhl für Medical Data Science (W 3),5873149566,"{'__CLASS__': 'Adzuna::API::Response::Company', 'display_name': 'Universität Passau'}",2026-09-06T17:29:39Z,0,"{'__CLASS__': 'Adzuna::API::Response::Location', 'area': ['Deutschland'], 'display_name': 'Deutschland'}",eyJhbGciOiJIUzI1NiJ9.eyJzIjoiUHBnX0JVR3c4UkdOQ0k0TFhzd29DZyIsImkiOiI1ODczMTQ5NTY2In0.vyjJtyFt9fcwtw4YsyAUUT66lQnxr1-o8XfmfFlgkx8,https://www.adzuna.de/land/ad/5873149566?se=Ppg_BUGw8RGNCI4LXswoCg&utm_medium=api&utm_source=a4bcf954&v=9E95CBFE086FA437E2D138DC89A482EBCF75482C,"Die Universität Passau genießt durch exzellente Forschung, innovative Lehre und ein dichtes internationales Netzwerk hohe Sichtbarkeit und Ansehen. Rund 11.000 Studierende und Promovierende und über 1.300 Beschäftigte lernen und arbeiten nahe der Altstadt auf einem Campus, der modernste technische Infrastruktur mit einer preisgekrönten städtebaulichen Anlage vereint. International erfolgreiche High-Tech-Firmen und eine lebhafte Gründerszene, gepaart mit reicher Kultur und niederbayerischer Trad…",Adzuna::API::Response::Job,,,,
"{'__CLASS__': 'Adzuna::API::Response::Category', 'tag': 'it-jobs', 'label': 'IT-Stellen'}",,,DHBW-Studium Bachelor of Science - Wirtschaftsinformatik Data Science,5883238037,"{'__CLASS__': 'Adzuna::API::Response::Company', 'display_name': 'WGV - Württembergische Gemeinde-Versicherung a.G.'}",2026-09-14T05:55:33Z,0,"{'display_name': 'Deutschland', '__CLASS__': 'Adzuna::API::Response::Location', 'area': ['Deutschland']}",eyJhbGciOiJIUzI1NiJ9.eyJzIjoiUHBnX0JVR3c4UkdOQ0k0TFhzd29DZyIsImkiOiI1ODgzMjM4MDM3In0.G3XnlaDYQlXZjYIxH3ulC5p2GxqwPHPK-niUe7N87sU,https://www.adzuna.de/land/ad/5883238037?se=Ppg_BUGw8RGNCI4LXswoCg&utm_medium=api&utm_source=a4bcf954&v=BB2B7DF92EDFC3073B7B6220DDDDB0EB220C8C58,"Job Description DHBW-Studium Bachelor of Science – Wirt­schafts­informatik Data Science Prüfen Sie alle zugehörigen Bewerbungsunterlagen sorgfältig, bevor Sie auf die Schaltfläche ""Bewerben"" am Ende dieser Beschreibung klicken. Als starker Arbeitgeber und attrak­tives Aus­bildungs­unter­nehmen bieten wir viel­fältige und spannende Aus­bildungs- und Studien­plätze mit besten Über­nahme­chancen. Bereit für ein echt spannendes und abwechslungsreiches Studium? Wir machen dich fit für deine Zukunft …",Adzuna::API::Response::Job,,,,
"{'__CLASS__': 'Adzuna::API::Response::Category', 'tag': 'unknown', 'label': 'Unknown'}",11.083642,49.443967,"Duales Studium Bachelor of Science in Data Science und Künstlicher Intelligenz (m/w/d), ab 09/2027",5829016735,"{'display_name': 'DATEV eG', '__CLASS__': 'Adzuna::API::Response::Company'}",2026-08-05T12:58:48Z,0,"{'display_name': 'Nürnberg, Bayern', 'area': ['Deutschland', 'Bayern', 'Nürnberg'], '__CLASS__': 'Adzuna::API::Response::Location'}",eyJhbGciOiJIUzI1NiJ9.eyJzIjoiUHBnX0JVR3c4UkdOQ0k0TFhzd29DZyIsImkiOiI1ODI5MDE2NzM1In0.LFIDyEnydVKaLFlceSX5aQIo4Daj6hoURu3sjuizT_0,https://www.adzuna.de/details/5829016735?utm_medium=api&utm_source=a4bcf954,"Das ist dein Arbeitsumfeld: Bei DATEV arbeitest du nicht nur in einem Team, sondern bist von Anfang an Teil einer Gemeinschaft, die rund 200 Auszubildende und dual Studierende umfasst. Du bist in verschiedene Aufgaben eingebunden, die sowohl herausfordernd als auch abwechslungsreich sind. Gemeinsam sorgen wir für exzellente Kundenberatung und langfristige Geschäftsbeziehungen. Du arbeitest in einem dynamischen und innovativen Umfeld, das neuen Ideen und Weiterentwicklungen stets offen gegenüber…",Adzuna::API::Response::Job,,,,
"{'__CLASS__': 'Adzuna::API::Response::Category', 'tag': 'it-jobs', 'label': 'IT-Stellen'}",,,DATA SCIENCE CONSULTANT FRANKFURT/DÜSSELDORF,5872140526,"{'display_name': 'Management Solutions', '__CLASS__': 'Adzuna::API::Response::Company'}",2026-09-05T18:07:57Z,0,"{'__CLASS__': 'Adzuna::API::Response::Location', 'area': ['Deutschland'], 'display_name': 'Deutschland'}",eyJhbGciOiJIUzI1NiJ9.eyJzIjoiUHBnX0JVR3c4UkdOQ0k0TFhzd29DZyIsImkiOiI1ODcyMTQwNTI2In0.61cMM4kRwm4_qLjImnycPq8NDcsF2DyBqNHStrcJUNA,https://www.adzuna.de/land/ad/5872140526?se=Ppg_BUGw8RGNCI4LXswoCg&utm_medium=api&utm_source=a4bcf954&v=74499FFFB16EDE800EC42E4562650D594AB5C5DB,"Management Solutions is an international consulting firm whose core mission is to deliver business, risk, financial, organisational and process-related advisory services, targeting both functional aspects and the implementation of related technologies. Nachfolgend finden Sie alles, was Sie über diese Stelle wissen müssen und was von den Bewerbern erwartet wird. We currently have a multidisciplinary team (functional, mathematical, technical and systems integration) of around 4,000 professionals.…",Adzuna::API::Response::Job,,,,
"{'__CLASS__': 'Adzuna::API::Response::Category', 'label': 'Stellen aus Wissenschaft & Qualitätssicherung', 'tag': 'scientific-qa-jobs'}",,,Head Of Ai & Data Science (m/w/d),5880542550,"{'display_name': 'Dr. Ausbüttel GmbH & Co. KG', '__CLASS__': 'Adzuna::API::Response::Company'}",2026-09-12T05:17:50Z,0,"{'area': ['Deutschland'], '__CLASS__': 'Adzuna::API::Response::Location', 'display_name': 'Deutschland'}",eyJhbGciOiJIUzI1NiJ9.eyJpIjoiNTg4MDU0MjU1MCIsInMiOiJQcGdfQlVHdzhSR05DSTRMWHN3b0NnIn0.NY1cHe0qEMWgBvxtrMytQgQhdkcupGk34sdpePp7p7w,https://www.adzuna.de/land/ad/5880542550?se=Ppg_BUGw8RGNCI4LXswoCg&utm_medium=api&utm_source=a4bcf954&v=DE0BF1ABDA44880ECBFE13BD2A8BC96A4B87183C,"Head of AI & Data Science: Tragen Sie dazu bei, Wunden zu heilen, Innovationen zu fördern und Wachstum zu gestalten! Schwer heilende Wunden sind eine enorme Belastung für Patienten, Angehörige und Behandelnde. Machen Sie durch Ihr gestalterisches Mitwirken einen signifikanten Unterschied. Wir entwickeln Produkte und Services, um Wunden bezahlbar zu heilen . klicken sie bewerben, für die volle Stellenbeschreibung",Adzuna::API::Response::Job,,,,
"{'__CLASS__': 'Adzuna::API::Response::Category', 'label': 'Unknown', 'tag': 'unknown'}",7.112412,50.71942,Werkstudent (w/m/d) - im Bereich Mittelstandsbank & Private Kunden - Customer Analytics / Data Science,5853271400,"{'__CLASS__': 'Adzuna::API::Response::Company', 'display_name': 'KFW Konzern'}",2026-08-23T05:31:13Z,0,"{'__CLASS__': 'Adzuna::API::Response::Location', 'area': ['Deutschland', 'Nordrhein-Westfalen', 'Bonn'], 'display_name': 'Bonn, Nordrhein-Westfalen'}",eyJhbGciOiJIUzI1NiJ9.eyJzIjoiUHBnX0JVR3c4UkdOQ0k0TFhzd29DZyIsImkiOiI1ODUzMjcxNDAwIn0.RxznxAn2NiFkVU-mVbSpNdWpbmdx3uPLsEASgGAkydE,https://www.adzuna.de/land/ad/5853271400?se=Ppg_BUGw8RGNCI4LXswoCg&utm_medium=api&utm_source=a4bcf954&v=33591016B68E53EB592704872A9B56DD4BB22D31,"Willkommen bei der KfW! Als eine der führenden Förderbanken der Welt stehen wir für die nachhaltige Transformation von Umwelt, Gesellschaft und Unternehmen. Wir fördern Windparks, Infrastruktur-Projekte, Schulen und Krankenhäuser und gestalten damit die Zukunft. Und wir bauen auf die Menschen, die bei uns arbeiten! Bei uns findest du ein vertrauensvolles Arbeitsumfeld, in dem Teamspirit, Vielfalt und Inklusion gelebt werden. Mache deine ersten Karriereschritte bei uns und sammle praktische Erfa…",Adzuna::API::Response::Job,,,,
"{'__CLASS__': 'Adzuna::API::Response::Category', 'label': 'Verwaltungsstellen', 'tag': 'admin-jobs'}",,,Duales Studium (B.Sc.) – Data Science und Künstliche Intelligenz (m/w/d),5864754801,"{'display_name': 'VBL. Versorgungsanstalt des Bundes und der Länder', '__CLASS__': 'Adzuna::API::Response::Company'}",2026-09-01T16:52:21Z,0,"{'__CLASS__': 'Adzuna::API::Response::Location', 'area': ['Deutschland'], 'display_name': 'Deutschland'}",eyJhbGciOiJIUzI1NiJ9.eyJzIjoiUHBnX0JVR3c4UkdOQ0k0TFhzd29DZyIsImkiOiI1ODY0NzU0ODAxIn0.PRZzuz8-6KwLCVgFfxQ4el6jH6uxwsG_3seLeCMDwBg,https://www.adzuna.de/land/ad/5864754801?se=Ppg_BUGw8RGNCI4LXswoCg&utm_medium=api&utm_source=a4bcf954&v=F81680029750FEAB7F3AEC4B0788E1F660048935,"Die VBL mit Sitz in Karlsruhe ist Deutschlands größte Zusatzversorgungseinrichtung für Beschäftigte des öffentlichen Dienstes und betreut circa 5,4 Mio. Versicherte und circa 1,5 Mio. Rentenberechtigte. Sie begeistern sich für Daten, digitale Technologien und intelligente Systeme? Dann verbinden Sie Theorie und Praxis in einem zukunftsweisenden dualen Studium bei der VBL. Ab sofort suchen wir einen Studierenden für 2027. Duales Studium (B.Sc.) – Data Science und Künstliche Intelligenz (m/w/d) O…",Adzuna::API::Response::Job,,,,
"{'tag': 'part-time-jobs', 'label': 'Teilzeitstellen', '__CLASS__': 'Adzuna::API::Response::Category'}",8.47624,49.00018,"Duales Studium Data Science&Künstliche Intelligenz B.Sc. (m/w/d), Karlsruhe 2027",5809716291,"{'__CLASS__': 'Adzuna::API::Response::Company', 'display_name': 'Atruvia AG'}",2026-07-21T22:59:23Z,0,"{'__CLASS__': 'Adzuna::API::Response::Location', 'area': ['Deutschland', 'Baden-Württemberg', 'Karlsruhe (Kreis)', 'Karlsruhe', 'Durlach'], 'display_name': 'Durlach, Karlsruhe'}",eyJhbGciOiJIUzI1NiJ9.eyJpIjoiNTgwOTcxNjI5MSIsInMiOiJQcGdfQlVHdzhSR05DSTRMWHN3b0NnIn0.8FDGOfHtR-QreY7SoIWIHN7LW_cCQ1xeZsIWrrfYF8k,https://www.adzuna.de/details/5809716291?utm_medium=api&utm_source=a4bcf954,"Gestalte die Zukunft mit KI– Starte dein Duales Studium im Bereich Data Science&Künstlicher Intelligenz! Du möchtest mit Daten arbeiten, smarte Lösungen entwickeln und herausfinden, wie KI den Alltag von Millionen Menschen erleichtern kann? Im dualen Studium Data Science&Künstliche Intelligenz bei Atruvia verbindest du Theorie und Praxis in einem der spannendsten IT-Bereicheüberhaupt. Deine Aufgaben: Entwickle KI-Lösungen: Du unterstützt bei der Entwicklung von Data-Science- und KI-Lösungen– vo…",Adzuna::API::Response::Job,,,,
"{'__CLASS__': 'Adzuna::API::Response::Category', 'label': 'Beraterstellen', 'tag': 'consultancy-jobs'}",8.412378,49.001249,Data Science Consultant,5805425948,"{'__CLASS__': 'Adzuna::API::Response::Company', 'display_name': 'Blue Yonder'}",2026-07-18T00:48:17Z,0,"{'area': ['Deutschland', 'Baden-Württemberg', 'Karlsruhe (Kreis)', 'Karlsruhe'], '__CLASS__': 'Adzuna::API::Response::Location', 'display_name': 'Karlsruhe, Karlsruhe (Kreis)'}",eyJhbGciOiJIUzI1NiJ9.eyJzIjoiUHBnX0JVR3c4UkdOQ0k0TFhzd29DZyIsImkiOiI1ODA1NDI1OTQ4In0.L_bBUeh60cBHCN6oPJ0ZqZnAgOFp7mc2mWkJGyI6jBM,https://www.adzuna.de/details/5805425948?utm_medium=api&utm_source=a4bcf954,"Overview The Data Science Consultant provides services that maximize the value of the customer’s business through data-driven insights and enhanced decision support. This role will be responsible for advising the customer and recommending software configuration alternatives and adapting the software that is configured to optimize the solution so that the customer may realize the maximum value from the software. Responsibilities: Perform data analysis to discover patterns, trends and anomalies i…",Adzuna::API::Response::Job,full_time,,,
"{'__CLASS__': 'Adzuna::API::Response::Category', 'label': 'Stellen für Hochschulabsolventen', 'tag': 'graduate-jobs'}",,,Duales Studium Wirtschaftsinformatik Schwerpunkt Data Science / Künstliche Intelligenz in Kooperation mit der Dualen Hochschule Baden-Württemberg 2027 (m/w/d/x),5810562577,"{'__CLASS__': 'Adzuna::API::Response::Company', 'display_name': 'Mercedes-Benz Tech Innovation'}",2026-07-22T10:29:16Z,0,"{'display_name': 'Deutschland', '__CLASS__': 'Adzuna::API::Response::Location', 'area': ['Deutschland']}",eyJhbGciOiJIUzI1NiJ9.eyJpIjoiNTgxMDU2MjU3NyIsInMiOiJQcGdfQlVHdzhSR05DSTRMWHN3b0NnIn0.jCBuy2pwzSt9KChcYzhtRG_FcRJXet7u3CJZJBVINNc,https://www.adzuna.de/land/ad/5810562577?se=Ppg_BUGw8RGNCI4LXswoCg&utm_medium=api&utm_source=a4bcf954&v=23ADBABEF25756707DB87654939ED2BE84091293,"Life is always about becoming… Im Leben geht es darum, sich auf eine Reise zu begeben, um die beste Version unseres zukünftigen Selbst zu werden. Während wir Neues entdecken, stellen wir uns Herausforderungen, meistern sie und wachsen über uns hinaus. Bewerben Sie sich bei Mercedes-Benz und finden Sie den Aufgabenbereich, in dem Sie Ihre Talente individuell entfalten können. Dabei werden Sie von visionären Kolleginnen und Kollegen unterstützt, die Ihren Pioniergeist teilen. Bei uns einzusteigen…",Adzuna::API::Response::Job,,,,
"{'tag': 'unknown', 'label': 'Unknown', '__CLASS__': 'Adzuna::API::Response::Category'}",,,DHBW Studium - Data Science und Künstliche Intelligenz (B.Sc.),5848311825,"{'__CLASS__': 'Adzuna::API::Response::Company', 'display_name': 'Liebherr-Werk Ehingen GmbH'}",2026-08-19T16:58:28Z,0,"{'display_name': 'Deutschland', 'area': ['Deutschland'], '__CLASS__': 'Adzuna::API::Response::Location'}",eyJhbGciOiJIUzI1NiJ9.eyJpIjoiNTg0ODMxMTgyNSIsInMiOiJQcGdfQlVHdzhSR05DSTRMWHN3b0NnIn0.mxWkxqkXSqJpiDmFrEhFXSbA6RDgiXj8dq3xA68ghiA,https://www.adzuna.de/land/ad/5848311825?se=Ppg_BUGw8RGNCI4LXswoCg&utm_medium=api&utm_source=a4bcf954&v=81AE321CEF0D01CD87C80FBA973F9BAE592E6EFE,Die Liebherr-Werk Ehingen GmbH zählt zu den weltweit führenden Herstellern von Fahrzeugkranen. Das Programm umfasst Teleskop- und Gittermastkrane auf Mobil- und Raupenfahrwerken. Seit der Gründung wurde die Produktionsstätte und ihre Kapazität kontinuierlich erweitert. Heute werden täglich sechs Fahrzeugkrane aus Ehingen in die ganze Welt geliefert. DHBW Studium - Data Science und Künstliche Intelligenz (B.Sc.) Job-ID 83588 Original Stellenanzeige auf StepStone.de bit.ly/4w2X7RC APCT1_DE,Adzuna::API::Response::Job,,,,
"{'__CLASS__': 'Adzuna::API::Response::Category', 'tag': 'unknown', 'label': 'Unknown'}",,,Head of AI & Data Science (m/w/d),5848302156,"{'display_name': 'Dr. Ausbüttel GmbH & Co. KG', '__CLASS__': 'Adzuna::API::Response::Company'}",2026-08-19T16:56:33Z,0,"{'display_name': 'Deutschland', '__CLASS__': 'Adzuna::API::Response::Location', 'area': ['Deutschland']}",eyJhbGciOiJIUzI1NiJ9.eyJpIjoiNTg0ODMwMjE1NiIsInMiOiJQcGdfQlVHdzhSR05DSTRMWHN3b0NnIn0.-ijqOXwnrFR2ynV7yENDXp1GyIf41SBm8G66-IfeLdk,https://www.adzuna.de/land/ad/5848302156?se=Ppg_BUGw8RGNCI4LXswoCg&utm_medium=api&utm_source=a4bcf954&v=62CD0A1E4DD44B024ED849C6DC2D74BD201DF8B9,"Head of AI & Data Science: Tragen Sie dazu bei, Wunden zu heilen, Innovationen zu fördern und Wachstum zu gestalten! Schwer heilende Wunden sind eine enorme Belastung für Patienten, Angehörige und Behandelnde. Machen Sie durch Ihr gestalterisches Mitwirken einen signifikanten Unterschied. Wir entwickeln Produkte und Services, um Wunden bezahlbar zu heilen. Als wachsendes, zukunftsorientiertes inhabergeführtes Familienunternehmen investieren und arbeiten wir mit langfristiger Perspektive statt m…",Adzuna::API::Response::Job,,,,
"{'tag': 'it-jobs', 'label': 'IT-Stellen', '__CLASS__': 'Adzuna::API::Response::Category'}",,,Duales Studium Data Science & Künstliche Intelligenz B.Sc.,5880554927,"{'display_name': 'Atruvia AG', '__CLASS__': 'Adzuna::API::Response::Company'}",2026-09-12T05:34:07Z,0,"{'__CLASS__': 'Adzuna::API::Response::Location', 'area': ['Deutschland'], 'display_name': 'Deutschland'}",eyJhbGciOiJIUzI1NiJ9.eyJpIjoiNTg4MDU1NDkyNyIsInMiOiJQcGdfQlVHdzhSR05DSTRMWHN3b0NnIn0.Nx0c0uYnJT1c1U3wWxCaC_izstmvvqtoUZNDK5M4Xe0,https://www.adzuna.de/land/ad/5880554927?se=Ppg_BUGw8RGNCI4LXswoCg&utm_medium=api&utm_source=a4bcf954&v=39B2B8FC40A56D1A185547E254FD9123F17127B1,Wir sind der Digitalisierungspartner in der genossenschaftlichen FinanzGruppe und vereinen jahrzehntelanges Expertenwissen in Banking und Informationstechnologie. Die speziell auf Banken zugeschnittenen IT-Lösungen und Leistungen reichen vom Rechenzentrumsbetrieb über das Bankverfahren von Atruvia bis hin zur App-Entwicklung. Dabei nutzen wir zukunftsweisende Technologien wie Smart Data und schreiben Prozessoptimierung und Regulatorik groß. Gestalte die Zukunft mit KI – Starte dein Duales Studi…,Adzuna::API::Response::Job,,,,
"{'label': 'Unknown', 'tag': 'unknown', '__CLASS__': 'Adzuna::API::Response::Category'}",,,"Duales Studium: ""Data Science & künstliche Intelligenz"" (w/m/d), Ulm, Start 2027",5881109338,"{'display_name': 'Hensoldt', '__CLASS__': 'Adzuna::API::Response::Company'}",2026-09-12T17:41:22Z,0,"{'display_name': 'Deutschland', '__CLASS__': 'Adzuna::API::Response::Location', 'area': ['Deutschland']}",eyJhbGciOiJIUzI1NiJ9.eyJpIjoiNTg4MTEwOTMzOCIsInMiOiJQcGdfQlVHdzhSR05DSTRMWHN3b0NnIn0.07sMtcl-Vw9sxcVi1tvDz_kwWljW00uTvvQD-M15_qI,https://www.adzuna.de/land/ad/5881109338?se=Ppg_BUGw8RGNCI4LXswoCg&utm_medium=api&utm_source=a4bcf954&v=E8DD4CEAE7A724BBA972165D919A2ED63CFDBDF0,"HENSOLDT ist ein führendes europäisches Hightech-Unternehmen der Verteidigungs- und Sicherheitsindustrie mit Sitz in Taufkirchen bei München. Das Unternehmen entwickelt Sensorlösungen, Elektronik und Software für die Bereiche Luft, Land, See, Cyber und Weltraum und unterstützt Streitkräfte weltweit dabei, Bedrohungen frühzeitig zu erkennen und fundierte operative Entscheidungen zu treffen. Aufbauend auf jahrzehntelanger Erfahrung in missionskritischer Sensorik verbindet HENSOLDT Radar-, Optroni…",Adzuna::API::Response::Job,,,,
"{'tag': 'other-general-jobs', 'label': 'Sonstige/Allgemeine Stellen', '__CLASS__': 'Adzuna::API::Response::Category'}",9.209895,49.142335,Wissenschaftliche*r Mitarbeiter*in (m/w/d) für das Studienzentrum Wirtschaftsinformatik / Data Science & KI,5876273339,"{'__CLASS__': 'Adzuna::API::Response::Company', 'display_name': 'Duale Hochschule Baden-Württemberg Heilbronn'}",2026-09-09T02:19:54Z,0,"{'area': ['Deutschland', 'Baden-Württemberg', 'Heilbronn (Kreis)', 'Heilbronn'], '__CLASS__': 'Adzuna::API::Response::Location', 'display_name': 'Heilbronn, Heilbronn (Kreis)'}",eyJhbGciOiJIUzI1NiJ9.eyJpIjoiNTg3NjI3MzMzOSIsInMiOiJQcGdfQlVHdzhSR05DSTRMWHN3b0NnIn0.VU1KVSWp5sC313qXK5dCiHuFGS4vPQbXPjsT2hmQQrk,https://www.adzuna.de/land/ad/5876273339?se=Ppg_BUGw8RGNCI4LXswoCg&utm_medium=api&utm_source=a4bcf954&v=C114DC89A721E8B1102239E11844F47CBD5356B2,"DAS DUALE HOCHSCHULSTUDIUM MIT ZUKUNFT. Die Duale Hochschule Baden-Württemberg (DHBW) ist mit rund 33.000 Studierenden an neun Studienakademien und drei Campus sowie dem Center for Advanced Studies die größte Hochschule Baden-Württembergs. Gemeinsam mit 9.000 ausgewählten Unternehmen sowie sozialen und gesundheitsnahen Einrichtungen sorgt die DHBW für einen in Theorie und Praxis exzellent qualifizierten Fach- und Führungskräftenachwuchs in den Bereichen Wirtschaft, Technik, Sozialwesen und Gesu…",Adzuna::API::Response::Job,,,,
"{'label': 'Stellen aus Wissenschaft & Qualitätssicherung', 'tag': 'scientific-qa-jobs', '__CLASS__': 'Adzuna::API::Response::Category'}",,,Teamleiter Künstliche Intelligenz - Data Science / Mlops (m/w/d),5882713960,"{'__CLASS__': 'Adzuna::API::Response::Company', 'display_name': 'HKCM Engineering e. K.'}",2026-09-13T17:29:31Z,0,"{'area': ['Deutschland'], '__CLASS__': 'Adzuna::API::Response::Location', 'display_name': 'Deutschland'}",eyJhbGciOiJIUzI1NiJ9.eyJpIjoiNTg4MjcxMzk2MCIsInMiOiJQcGdfQlVHdzhSR05DSTRMWHN3b0NnIn0.YwsH2KPoCWXBSKiMemWe6LNvV83cHHAO4xK4If0boYg,https://www.adzuna.de/land/ad/5882713960?se=Ppg_BUGw8RGNCI4LXswoCg&utm_medium=api&utm_source=a4bcf954&v=9AC2C6C874C501E9B6804A44A09245BB74CCD2C3,"Wir sind ein Analysehaus aus Stuttgart mit der Mission, Anleger am Kapitalmarkt mit präzisen Analysen zu Erfolg zu helfen. Mit unseren täglichen Analysen, Einschätzungen und Prognosen zu über 203 Werten, bieten wir für jeden Anleger maximalen Mehrwert. Dabei steht der finanzielle Erfolg unserer Abonnenten immer im Vordergrund, weshalb wir auch finanzjournalistische Arbeit leisten . klicken sie bewerben, für die volle Stellenbeschreibung",Adzuna::API::Response::Job,,,,
"{'__CLASS__': 'Adzuna::API::Response::Category', 'label': 'IT-Stellen', 'tag': 'it-jobs'}",,,Lehrstuhl für Medical Data Science (W 3) - englische Fassung,5871418050,"{'display_name': 'Universität Passau', '__CLASS__': 'Adzuna::API::Response::Company'}",2026-09-05T05:57:54Z,0,"{'display_name': 'Deutschland', '__CLASS__': 'Adzuna::API::Response::Location', 'area': ['Deutschland']}",eyJhbGciOiJIUzI1NiJ9.eyJzIjoiUHBnX0JVR3c4UkdOQ0k0TFhzd29DZyIsImkiOiI1ODcxNDE4MDUwIn0.ylTvAfq6wuSwa9xkc5L9HrTIFqaTbRqDEXxuVjgy0Sw,https://www.adzuna.de/land/ad/5871418050?se=Ppg_BUGw8RGNCI4LXswoCg&utm_medium=api&utm_source=a4bcf954&v=3EADD5048C3D2375EC7FB5DCD1ECB385E2BDD122,"The University of Passau owes its strong visibility and good repute to excellent research, innovative teaching and its tight-knit international academic networks. Some 11,000 students and doctoral researchers and more than 1,300 staff study and work on our university campus, which is located a stone's throw from the historic Old Town of Passau and combines state-of-the-art technical infrastructure with award-winning architecture. Internationally successful high-tech companies and a vibrant star…",Adzuna::API::Response::Job,,,,
"{'__CLASS__': 'Adzuna::API::Response::Category', 'label': 'Teilzeitstellen', 'tag': 'part-time-jobs'}",8.412378,49.001249,Duales Studium Bachelor of Science (B.Sc.) Data Science und künstliche Intelligenz (m/w/d) 2027,5750389086,"{'display_name': 'BBBank eG', '__CLASS__': 'Adzuna::API::Response::Company'}",2026-06-03T11:38:38Z,0,"{'area': ['Deutschland', 'Baden-Württemberg', 'Karlsruhe (Kreis)', 'Karlsruhe'], '__CLASS__': 'Adzuna::API::Response::Location', 'display_name': 'Karlsruhe, Karlsruhe (Kreis)'}",eyJhbGciOiJIUzI1NiJ9.eyJpIjoiNTc1MDM4OTA4NiIsInMiOiJQcGdfQlVHdzhSR05DSTRMWHN3b0NnIn0.wa03hMM_FIG0kcvY5RRqM9hWnNOQwjnZLifk_bfAUgg,https://www.adzuna.de/land/ad/5750389086?se=Ppg_BUGw8RGNCI4LXswoCg&utm_medium=api&utm_source=a4bcf954&v=2A546E6A4CD6C05D1693DE36D50BCB026400255D,"BBBank eG - Better Banking Wir sind die größte genossenschaftliche Privatkundenbank in Deutschland. Als Digitalbank mit bundesweitem Filialnetz anüber 100 Standorten vereinen wir Erfahrung und Innovation mit derüber 100-jährigen Kompetenz eines erfolgreichen Bankhauses– kundenorientiert, wirtschaftlich, nachhaltig und sympathisch. Wir leben, lieben und liefern Better Banking und setzen Maßstäbe, die nachhaltig sind. Für Wachstum mit Substanz. Für beständige Weiterentwicklung, die Kundenerlebnis…",Adzuna::API::Response::Job,,,,
"{'__CLASS__': 'Adzuna::API::Response::Category', 'label': 'Teilzeitstellen', 'tag': 'part-time-jobs'}",11.083642,49.443967,"Duales Studium Bachelor of Science in Data Science und Künstlicher Intelligenz (m/w/d), ab 09/2027",5788591414,"{'display_name': 'DATEV eG', '__CLASS__': 'Adzuna::API::Response::Company'}",2026-07-05T01:48:24Z,0,"{'display_name': 'Nürnberg, Bayern', '__CLASS__': 'Adzuna::API::Response::Location', 'area': ['Deutschland', 'Bayern', 'Nürnberg']}",eyJhbGciOiJIUzI1NiJ9.eyJzIjoiUHBnX0JVR3c4UkdOQ0k0TFhzd29DZyIsImkiOiI1Nzg4NTkxNDE0In0.6fcNRlt9NPedzPGmfJBQc4aMy41s1H08sI6bzPiJ2U4,https://www.adzuna.de/land/ad/5788591414?se=Ppg_BUGw8RGNCI4LXswoCg&utm_medium=api&utm_source=a4bcf954&v=C324DFB5529A7982C109999BF348D3184B650ACE,Das ist dein Arbeitsumfeld: Gemeinsam mit rund 200 Auszubildenden und dual Studierenden meisterst du die abwechslungsreichen und anspruchsvollen Aufgaben und bist von Beginn an in ein Team eingebunden. Kompetente Ausbilderinnen und Ausbilder stehen dir mit Rat und Tat zur Seite und unterstützen dich bei deiner fachlichen und persönlichen Entwicklung. Nach erfolgreichem Abschluss darfst du dich auf eineÜbernahme von mind. einem Jahr freuen. Zum 01.09. starten wir in einen gemeinsamen Orientierun…,Adzuna::API::Response::Job,,,,
"{'tag': 'other-general-jobs', 'label': 'Sonstige/Allgemeine Stellen', '__CLASS__': 'Adzuna::API::Response::Category'}",6.969972,50.940164,Mathematiker/Aktuar (d/m/w) Data Science/Pricing/Risikomanagement/Solvency II,5843635016,"{'__CLASS__': 'Adzuna::API::Response::Company', 'display_name': 'Meyerthole Siems Kohlruss Ges. für aktuarielle Beratung mbH'}",2026-08-16T01:18:46Z,0,"{'area': ['Deutschland', 'Nordrhein-Westfalen', 'Köln'], '__CLASS__': 'Adzuna::API::Response::Location', 'display_name': 'Köln, Nordrhein-Westfalen'}",eyJhbGciOiJIUzI1NiJ9.eyJpIjoiNTg0MzYzNTAxNiIsInMiOiJQcGdfQlVHdzhSR05DSTRMWHN3b0NnIn0.8TL4Cib2kXpwn_DJeI4cW786EoHTmQIllwaEKVmQUyk,https://www.adzuna.de/land/ad/5843635016?se=Ppg_BUGw8RGNCI4LXswoCg&utm_medium=api&utm_source=a4bcf954&v=FC34432F8F1EA4757C968380D31761046B387AA2,"Meyerthole Siems Kohlruss (MSK) ist eine aktuarielle Beratungsgesellschaft mit Sitz in Köln und seit 1998 im deutschsprachigen Raum für Schaden- und Unfallversicherer tätig. Unsere Schwerpunkte liegen auf abwechslungsreichen Aufgaben aus den Bereichen Data Science, Telematik, Pricing, Naturgefahren, Bilanzbewertung, Rückversicherung und Solvency II. Wir widmen uns Zukunftsthemen, entwickeln maßgeschneiderte Lösungen am Puls der Zeit. Zu unseren Mandanten zählen sowohl etablierte Versicherer als…",Adzuna::API::Response::Job,,,,
"{'__CLASS__': 'Adzuna::API::Response::Category', 'tag': 'unknown', 'label': 'Unknown'}",13.420806,52.507706,Enterprise Data Science Specialist,5836581108,"{'__CLASS__': 'Adzuna::API::Response::Company', 'display_name': 'Mercor'}",2026-08-11T12:29:53Z,0,"{'display_name': 'Berlin, Deutschland', '__CLASS__': 'Adzuna::API::Response::Location', 'area': ['Deutschland', 'Berlin']}",eyJhbGciOiJIUzI1NiJ9.eyJpIjoiNTgzNjU4MTEwOCIsInMiOiJQcGdfQlVHdzhSR05DSTRMWHN3b0NnIn0.BGQbbtZoJ5KdeM7Sz88yiZBaJI5qn6uTJ2blzPx11vg,https://www.adzuna.de/details/5836581108?utm_medium=api&utm_source=a4bcf954,"About the job Mercor connects elite creative and technical talent with leading AI research labs. Headquartered in San Francisco, our investors include Benchmark , General Catalyst , Peter Thiel , Adam D'Angelo , Larry Summers , and Jack Dorsey . Position: Data Science and Analytics Experts Type: Contract Compensation: $60–$70/hour Location: Remote Role Responsibilities Construct enterprise data science scenarios for large-scale predictive modeling and multi-stakeholder analytics governance at F…",Adzuna::API::Response::Job,,,,
"{'__CLASS__': 'Adzuna::API::Response::Category', 'tag': 'unknown', 'label': 'Unknown'}",,,DHBW-Studium Bachelor of Science - Wirtschaftsinformatik Data Science,5883227632,"{'__CLASS__': 'Adzuna::API::Response::Company', 'display_name': 'WGV - Württembergische Gemeinde-Versicherung a.G.'}",2026-09-14T05:53:13Z,0,"{'__CLASS__': 'Adzuna::API::Response::Location', 'area': ['Deutschland'], 'display_name': 'Deutschland'}",eyJhbGciOiJIUzI1NiJ9.eyJzIjoiUHBnX0JVR3c4UkdOQ0k0TFhzd29DZyIsImkiOiI1ODgzMjI3NjMyIn0.6ia7-3EPExXzNgRLWRrJhWu4mV_-wiYbppTK_swPRHI,https://www.adzuna.de/land/ad/5883227632?se=Ppg_BUGw8RGNCI4LXswoCg&utm_medium=api&utm_source=a4bcf954&v=C20F638EE7D9361C14EBBAA99CD9BF9206DC3866,"Job Description Erfahren Sie unten mehr über die allgemeinen Aufgaben, die mit dieser Stelle verbunden sind, sowie über die erforderlichen Fähigkeiten. DHBW-Studium Bachelor of Science – Wirt­schafts­informatik Data Science Als starker Arbeitgeber und attrak­tives Aus­bildungs­unter­nehmen bieten wir viel­fältige und spannende Aus­bildungs- und Studien­plätze mit besten Über­nahme­chancen. Bereit für ein echt spannendes und abwechslungsreiches Studium? Wir machen dich fit für deine Zukunft in e…",Adzuna::API::Response::Job,,,,
"{'__CLASS__': 'Adzuna::API::Response::Category', 'tag': 'it-jobs', 'label': 'IT-Stellen'}",,,"Duales Studium Wirtschaftsinformatik-Data Science, Studienbeginn 2027 (m/w/d)",5883233963,"{'__CLASS__': 'Adzuna::API::Response::Company', 'display_name': 'Trelleborg Sealing Solutions Germany GmbH'}",2026-09-14T05:54:42Z,0,"{'display_name': 'Deutschland', '__CLASS__': 'Adzuna::API::Response::Location', 'area': ['Deutschland']}",eyJhbGciOiJIUzI1NiJ9.eyJzIjoiUHBnX0JVR3c4UkdOQ0k0TFhzd29DZyIsImkiOiI1ODgzMjMzOTYzIn0.ZCgB0DM5KC0TExR1D5CGcSQLr3mioSSDiPpggcHixLU,https://www.adzuna.de/land/ad/5883233963?se=Ppg_BUGw8RGNCI4LXswoCg&utm_medium=api&utm_source=a4bcf954&v=02E3CEB888FF7DEEC66A7905B8A41555DB3403AD,"Job Description Duales Studium Wirtschaftsinformatik-Data Science, Studienbeginn 2027 (m/w/d) Nachfolgend finden Sie alles, was Sie über diese Stelle wissen müssen und was von den Bewerbern erwartet wird. Trelleborg is a world leader in engineered polymer solutions for almost every industry on the planet. And we are where we are because our talents brought us here. By specializing in the polymer engineering that makes innovation and application possible, Trelleborg works closely with leading in…",Adzuna::API::Response::Job,,,,
"{'tag': 'unknown', 'label': 'Unknown', '__CLASS__': 'Adzuna::API::Response::Category'}",6.86811,50.87096,Initiativbewerbung Data Science / BI,5727333234,"{'__CLASS__': 'Adzuna::API::Response::Company', 'display_name': 'Skopos Group'}",2026-05-12T23:14:56Z,0,"{'area': ['Deutschland', 'Nordrhein-Westfalen', 'Rhein-Erft-Kreis', 'Hürth'], '__CLASS__': 'Adzuna::API::Response::Location', 'display_name': 'Hürth, Rhein-Erft-Kreis'}",eyJhbGciOiJIUzI1NiJ9.eyJpIjoiNTcyNzMzMzIzNCIsInMiOiJQcGdfQlVHdzhSR05DSTRMWHN3b0NnIn0.J28cFNahkSYbJl1lxoogEF9V44Uoje6W-lgzYAn9RJE,https://www.adzuna.de/details/5727333234?utm_medium=api&utm_source=a4bcf954,"Das sind wir Daten sind für uns nicht gleich Daten. Du teilst unsere Mission ""Mehr aus Daten rausholen""? Dann bist Du als Newbie oder erfahrenes Data Science Talent bei uns mehr als willkommen! Bei SKOPOS ELEMENTS unterstützen talentierte Data Scientists zukunftsorientierte Unternehmen und Menschen bei ihrem Weg zur Data Driven Company. Als Teil der SKOPOS GROUP sind wir seit 1995 führender Anbieter in der Marktforschung und beschäftigen aktuell über 140 Mitarbeitende. Begleite unser Wachstum u…",Adzuna::API::Response::Job,full_time,,,
"{'label': 'Unknown', 'tag': 'unknown', '__CLASS__': 'Adzuna::API::Response::Category'}",6.86811,50.87096,Initiativbewerbung Data Science / BI,5864483599,"{'__CLASS__': 'Adzuna::API::Response::Company', 'display_name': 'SKOPOS GROUP'}",2026-09-01T13:00:05Z,0,"{'__CLASS__': 'Adzuna::API::Response::Location', 'area': ['Deutschland', 'Nordrhein-Westfalen', 'Rhein-Erft-Kreis', 'Hürth'], 'display_name': 'Hürth, Rhein-Erft-Kreis'}",eyJhbGciOiJIUzI1NiJ9.eyJzIjoiUHBnX0JVR3c4UkdOQ0k0TFhzd29DZyIsImkiOiI1ODY0NDgzNTk5In0.itjFQRLDnLWDWR4RykFU2Kjqig38M90fIleuTxhPp4Q,https://www.adzuna.de/details/5864483599?utm_medium=api&utm_source=a4bcf954,"Das sind wir Daten sind für uns nicht gleich Daten. Du teilst unsere Mission ""Mehr aus Daten rausholen""? Dann bist Du als Newbie oder erfahrenes Data Science Talent bei uns mehr als willkommen! Bei SKOPOS ELEMENTS unterstützen talentierte Data Scientists zukunftsorientierte Unternehmen und Menschen bei ihrem Weg zur Data Driven Company. Als Teil der SKOPOS GROUP sind wir seit 1995 führender Anbieter in der Marktforschung und beschäftigen aktuell über 140 Mitarbeitende. Begleite unser Wachstum u…",Adzuna::API::Response::Job,full_time,,,
"{'tag': 'it-jobs', 'label': 'IT-Stellen', '__CLASS__': 'Adzuna::API::Response::Category'}",13.420806,52.507706,Engineering Manager (Data Science),5784246611,"{'display_name': 'Peec AI', '__CLASS__': 'Adzuna::API::Response::Company'}",2026-07-01T22:58:19Z,0,"{'__CLASS__': 'Adzuna::API::Response::Location', 'area': ['Deutschland', 'Berlin'], 'display_name': 'Berlin, Deutschland'}",eyJhbGciOiJIUzI1NiJ9.eyJpIjoiNTc4NDI0NjYxMSIsInMiOiJQcGdfQlVHdzhSR05DSTRMWHN3b0NnIn0.IC5i1x9y5qoxmKrfuBNK7Zws0OF2vFECcWzHK3EIcKM,https://www.adzuna.de/details/5784246611?utm_medium=api&utm_source=a4bcf954,"What you’ll do Build, mentor, and lead an elite data science team as a trusted, empathetic player-coach, while clearly communicating complex technical ideas to executives, customers, and partners Personally design, train, deploy, and own the models that power Peec AI’s AI Search recommendations, taking hands-on responsibility for our most business-critical ML systems Develop and ship novel algorithms that reverse-engineer AI search and LLM behavior, turning deep technical insight into durable, …",Adzuna::API::Response::Job,full_time,120000.0,160000.0,
"{'__CLASS__': 'Adzuna::API::Response::Category', 'tag': 'unknown', 'label': 'Unknown'}",10.85789,48.84099,Data Science Lead 1,5672477950,"{'display_name': 'UCB', '__CLASS__': 'Adzuna::API::Response::Company'}",2026-03-19T22:33:09Z,0,"{'__CLASS__': 'Adzuna::API::Response::Location', 'area': ['Deutschland', 'Bayern', 'Donau-Ries (Kreis)', 'Monheim'], 'display_name': 'Monheim, Donau-Ries (Kreis)'}",eyJhbGciOiJIUzI1NiJ9.eyJpIjoiNTY3MjQ3Nzk1MCIsInMiOiJQcGdfQlVHdzhSR05DSTRMWHN3b0NnIn0.JphoMq3s_RVcYOJaoqFlzp5hVpWarfEwp9lRuKiwBZ0,https://www.adzuna.de/details/5672477950?utm_medium=api&utm_source=a4bcf954,"Make your mark for patients To strengthen our Global Advanced Analytics team, we are looking for an adaptable, collaborative individual with an intrapreneurial mindset for our Analytics Lead opening . This hybrid role is based in our headquarters in Monheim, Germany requiring 40% onsite presence and 5-10% international/ domestic travel. About the role You will help to inform on the commercial viability of various assets in development. You will be responsible for making exceptional business imp…",Adzuna::API::Response::Job,,,,
"{'__CLASS__': 'Adzuna::API::Response::Category', 'tag': 'it-jobs', 'label': 'IT-Stellen'}",,,Duales Studium - Data Science & Künstliche Intelligenz 2027 (B. Sc.),5880550116,"{'display_name': 'MPDV Mikrolab GmbH', '__CLASS__': 'Adzuna::API::Response::Company'}",2026-09-12T05:33:21Z,0,"{'display_name': 'Deutschland', '__CLASS__': 'Adzuna::API::Response::Location', 'area': ['Deutschland']}",eyJhbGciOiJIUzI1NiJ9.eyJpIjoiNTg4MDU1MDExNiIsInMiOiJQcGdfQlVHdzhSR05DSTRMWHN3b0NnIn0.rGfytQtxOGCW2ZslT2ob6kHK01us5E7ka7rmi4AslOE,https://www.adzuna.de/land/ad/5880550116?se=Ppg_BUGw8RGNCI4LXswoCg&utm_medium=api&utm_source=a4bcf954&v=0DE64C4733741D5752A2C916515415F23B5211A9,"Gemeinsam zukunftsweisende Lösungen für die Smart Factory unserer Kunden zu entwickeln und diese erfolgreich zu machen: das ist unser Ziel als Marktführer für IT-Lösungen in der Fertigung! Lesen Sie weiter, um herauszufinden, welche Fähigkeiten, Qualifikationen und Erfahrungen Sie benötigen, um diese Stelle erfolgreich zu besetzen. Mit mehr als 47 Jahren Projekterfahrung im Produktionsumfeld verfügen wir über umfangreiches Fachwissen. Mehr als 1.485.000 Menschen in 1.750 Fertigungsunternehmen w…",Adzuna::API::Response::Job,,,,
"{'label': 'IT-Stellen', 'tag': 'it-jobs', '__CLASS__': 'Adzuna::API::Response::Category'}",,,Duales Studium Data Science und KI - Smart Operations Management 2027,5873208295,"{'__CLASS__': 'Adzuna::API::Response::Company', 'display_name': 'Lidl Stiftung & Co. KG'}",2026-09-06T17:56:50Z,0,"{'display_name': 'Deutschland', 'area': ['Deutschland'], '__CLASS__': 'Adzuna::API::Response::Location'}",eyJhbGciOiJIUzI1NiJ9.eyJpIjoiNTg3MzIwODI5NSIsInMiOiJQcGdfQlVHdzhSR05DSTRMWHN3b0NnIn0.IWNhVi9-yMcxv0ZzhuWX7dwtEXNaOJ2PW958sWkzzvg,https://www.adzuna.de/land/ad/5873208295?se=Ppg_BUGw8RGNCI4LXswoCg&utm_medium=api&utm_source=a4bcf954&v=3FC0F194C877461EF748E4B58333D67EDFB660D5,"Eine gute Idee war der Ursprung, ein erfolgreiches Konzept ist das Ergebnis. Qualität zum guten Preis möglichst vielen Menschen anbieten zu können treibt uns an - mittlerweile weltweit, denn wir sind Lidl. Hier ist das berufliche Zuhause vielfältiger Talente. Ob im Einkauf, in der Logistik, im Warengeschäft oder in der IT; ob als Impulsgeber, Gestalter oder Dienstleister der Länder. Wir suchen Anpacker, Durchstarter, Möglichmacher und bieten spannende Aufgaben und Projekte in einem dynamischen …",Adzuna::API::Response::Job,,,,
"{'label': 'Teilzeitstellen', 'tag': 'part-time-jobs', '__CLASS__': 'Adzuna::API::Response::Category'}",8.38979,49.01336,Duales Studium Bachelor of Science (B.Sc.) Data Science und künstliche Intelligenz (m/w/d) 2027,5809699626,"{'__CLASS__': 'Adzuna::API::Response::Company', 'display_name': 'BBBank eG'}",2026-07-21T22:57:04Z,0,"{'area': ['Deutschland', 'Baden-Württemberg', 'Karlsruhe (Kreis)', 'Karlsruhe', 'Innenstadt'], '__CLASS__': 'Adzuna::API::Response::Location', 'display_name': 'Innenstadt, Karlsruhe'}",eyJhbGciOiJIUzI1NiJ9.eyJpIjoiNTgwOTY5OTYyNiIsInMiOiJQcGdfQlVHdzhSR05DSTRMWHN3b0NnIn0.GYtOVoOwvdbhRVxMD_zs4okbz0REYmLGziAia66uC-c,https://www.adzuna.de/details/5809699626?utm_medium=api&utm_source=a4bcf954,"BBBank eG - Better Banking Wir sind die größte genossenschaftliche Privatkundenbank in Deutschland. Als Digitalbank mit bundesweitem Filialnetz anüber 100 Standorten vereinen wir Erfahrung und Innovation mit derüber 100-jährigen Kompetenz eines erfolgreichen Bankhauses– kundenorientiert, wirtschaftlich, nachhaltig und sympathisch. Wir leben, lieben und liefern Better Banking und setzen Maßstäbe, die nachhaltig sind. Für Wachstum mit Substanz. Für beständige Weiterentwicklung, die Kundenerlebnis…",Adzuna::API::Response::Job,,,,
"{'tag': 'unknown', 'label': 'Unknown', '__CLASS__': 'Adzuna::API::Response::Category'}",11.555737,48.137418,Duales Studium B.Sc. Data Science und Künstliche Intelligenz (d/m/w) zum 01.09.2027,5769550193,"{'__CLASS__': 'Adzuna::API::Response::Company', 'display_name': 'E Airbus Defence and Space GmbH'}",2026-06-19T21:03:05Z,0,"{'display_name': 'München, München (Kreis)', 'area': ['Deutschland', 'Bayern', 'München (Kreis)', 'München'], '__CLASS__': 'Adzuna::API::Response::Location'}",eyJhbGciOiJIUzI1NiJ9.eyJpIjoiNTc2OTU1MDE5MyIsInMiOiJQcGdfQlVHdzhSR05DSTRMWHN3b0NnIn0.RisKqJhJ7dUuPURxYBrrJMs_FyBng1pTkxD2CzDt5Fg,https://www.adzuna.de/land/ad/5769550193?se=Ppg_BUGw8RGNCI4LXswoCg&utm_medium=api&utm_source=a4bcf954&v=2B795DD5507610ECAA394CEAFB4904F7433789FF,"Job Description: Dein Duales Studium B.Sc. (d/m/w) Data Science & Künstliche Intelligenz zum 01.09.2027 Starte deine Karriere bei Airbus! Bist du fasziniert davon, wie riesige Datenmengen und Künstliche Intelligenz die Geschäftswelt und unser Leben verändern, und möchtest aktiv die Zukunft mitgestalten? Dann ist ein Duales Studium bei Airbus genau das Richtige für dich! B.Sc. Data Science und Künstliche Intelligenz: Dieser Studiengang konzentriert sich stark auf die Analyse großer Datenmengen ,…",Adzuna::API::Response::Job,,,,
"{'label': 'IT-Stellen', 'tag': 'it-jobs', '__CLASS__': 'Adzuna::API::Response::Category'}",,,Duales Studium - Data Science & Künstliche Intelligenz 2027 (B. Sc.),5880557762,"{'display_name': 'MPDV Mikrolab GmbH', '__CLASS__': 'Adzuna::API::Response::Company'}",2026-09-12T05:34:51Z,0,"{'display_name': 'Deutschland', '__CLASS__': 'Adzuna::API::Response::Location', 'area': ['Deutschland']}",eyJhbGciOiJIUzI1NiJ9.eyJpIjoiNTg4MDU1Nzc2MiIsInMiOiJQcGdfQlVHdzhSR05DSTRMWHN3b0NnIn0.JODgi9JKNZ4tFD_2cnDmkNCnMMCfQLE1e6eSNTIfYTA,https://www.adzuna.de/land/ad/5880557762?se=Ppg_BUGw8RGNCI4LXswoCg&utm_medium=api&utm_source=a4bcf954&v=2B6F0776D5D53819725579ABA81A848044F4B451,Job Description Nachfolgend finden Sie eine vollständige Aufschlüsselung aller Anforderungen an potenzielle Bewerber sowie eine Anleitung zur Bewerbung Viel Glück. Gemeinsam zukunftsweisende Lösungen für die Smart Factory unserer Kunden zu entwickeln und diese erfolgreich zu machen: das ist unser Ziel als Marktführer für IT-Lösungen in der Fertigung! Mit mehr als 47 Jahren Projekterfahrung im Produktionsumfeld verfügen wir über umfangreiches Fachwissen. Mehr als 1.485.000 Menschen in 1.750 Fert…,Adzuna::API::Response::Job,,,,
"{'__CLASS__': 'Adzuna::API::Response::Category', 'label': 'IT-Stellen', 'tag': 'it-jobs'}",,,Duales Studium Data Science / KI (w/m/d) 2027,5883232742,"{'__CLASS__': 'Adzuna::API::Response::Company', 'display_name': 'medi GmbH & Co. KG'}",2026-09-14T05:54:30Z,0,"{'__CLASS__': 'Adzuna::API::Response::Location', 'area': ['Deutschland'], 'display_name': 'Deutschland'}",eyJhbGciOiJIUzI1NiJ9.eyJzIjoiUHBnX0JVR3c4UkdOQ0k0TFhzd29DZyIsImkiOiI1ODgzMjMyNzQyIn0.E5EiYREOm582z4e8q7xH_xIbB6QhGq2FyqauXUZx_bQ,https://www.adzuna.de/land/ad/5883232742?se=Ppg_BUGw8RGNCI4LXswoCg&utm_medium=api&utm_source=a4bcf954&v=4662E9115B66A1639A7EEC1E1B5E03DB410D69B5,"Job Description Bewerben Sie sich schnell, um Ihre Chancen auf ein Vorstellungsgespräch zu erhöhen Lesen Sie die vollständige Stellenbeschreibung unten. medi GmbH & Co. KG Bayreuth Präsenz / Mobil Ausbildung IT Vollzeit Du willst die digitale Zukunft aktiv mitgestalten und dein Interesse für Daten, KI und moderne Technologien nicht nur im Hörsaal, sondern auch direkt in der Praxis einsetzen? Dann ist das duale Studium Data Science / KI bei medi genau dein Weg in eine zukunftsorientierte Karrier…",Adzuna::API::Response::Job,,,,
"{'tag': 'it-jobs', 'label': 'IT-Stellen', '__CLASS__': 'Adzuna::API::Response::Category'}",,,Duales Studium (B.Sc.) - Data Science und Künstliche Intelligenz (m/w/d),5883236801,"{'display_name': 'VBL. Versorgungsanstalt des Bundes und der Länder', '__CLASS__': 'Adzuna::API::Response::Company'}",2026-09-14T05:55:17Z,0,"{'display_name': 'Deutschland', '__CLASS__': 'Adzuna::API::Response::Location', 'area': ['Deutschland']}",eyJhbGciOiJIUzI1NiJ9.eyJpIjoiNTg4MzIzNjgwMSIsInMiOiJQcGdfQlVHdzhSR05DSTRMWHN3b0NnIn0.ivAso2uZnQlj5fXjrtvvXQoXJCipWsFV8qD1RJB6aSQ,https://www.adzuna.de/land/ad/5883236801?se=Ppg_BUGw8RGNCI4LXswoCg&utm_medium=api&utm_source=a4bcf954&v=BE3215EF69C42829E780057B0E9F7FE602BEFEA3,"Job Description Vergessen Sie nicht, Ihren Lebenslauf zu überprüfen, bevor Sie sich bewerben. Lesen Sie sich auch alle Anforderungen für diese Stelle durch. Die VBL mit Sitz in Karlsruhe ist Deutschlands größte Zusatzversorgungseinrichtung für Beschäftigte des öffentlichen Dienstes und betreut circa 5,4 Mio. Versicherte und circa 1,5 Mio. Rentenberechtigte. Sie begeistern sich für Daten, digitale Technologien und intelligente Systeme? Dann verbinden Sie Theorie und Praxis in einem zukunftsweise…",Adzuna::API::Response::Job,,,,
"{'tag': 'unknown', 'label': 'Unknown', '__CLASS__': 'Adzuna::API::Response::Category'}",13.420806,52.507706,Data Science Expert - Fully Remote,5835477251,"{'__CLASS__': 'Adzuna::API::Response::Company', 'display_name': 'Mercor'}",2026-08-10T12:30:38Z,0,"{'display_name': 'Berlin, Deutschland', '__CLASS__': 'Adzuna::API::Response::Location', 'area': ['Deutschland', 'Berlin']}",eyJhbGciOiJIUzI1NiJ9.eyJzIjoiUHBnX0JVR3c4UkdOQ0k0TFhzd29DZyIsImkiOiI1ODM1NDc3MjUxIn0.ixDOdU4Pa6CQuGyNpJFKijyAHyFGpO5t8RsCDTZdN-k,https://www.adzuna.de/details/5835477251?utm_medium=api&utm_source=a4bcf954,"About the job Mercor connects elite creative and technical talent with leading AI research labs. Headquartered in San Francisco, our investors include Benchmark , General Catalyst , Peter Thiel , Adam D'Angelo , Larry Summers , and Jack Dorsey . Position: Data Science and Analytics Experts Type: Contract Compensation: $60–$70/hour Location: Remote Role Responsibilities Construct enterprise data science scenarios for large-scale predictive modeling and multi-stakeholder analytics governance at F…",Adzuna::API::Response::Job,,,,
"{'tag': 'unknown', 'label': 'Unknown', '__CLASS__': 'Adzuna::API::Response::Category'}",13.420806,52.507706,Data Science Expert - AI Evaluation,5836581118,"{'__CLASS__': 'Adzuna::API::Response::Company', 'display_name': 'Mercor'}",2026-08-11T12:29:53Z,0,"{'display_name': 'Berlin, Deutschland', '__CLASS__': 'Adzuna::API::Response::Location', 'area': ['Deutschland', 'Berlin']}",eyJhbGciOiJIUzI1NiJ9.eyJzIjoiUHBnX0JVR3c4UkdOQ0k0TFhzd29DZyIsImkiOiI1ODM2NTgxMTE4In0.SIS6r-kjQk0e2WDUDwJGuIapCWQdznTU2k14i8p1tx0,https://www.adzuna.de/details/5836581118?utm_medium=api&utm_source=a4bcf954,"About the job Mercor connects elite creative and technical talent with leading AI research labs. Headquartered in San Francisco, our investors include Benchmark , General Catalyst , Peter Thiel , Adam D'Angelo , Larry Summers , and Jack Dorsey . Position: Data Science Expert Type: Contract Compensation: $120–$170/hour Location: Remote Role Responsibilities Design precise, task-specific grading criteria for real-world data science deliverables such as analyses, models, dashboards, and experiment…",Adzuna::API::Response::Job,,,,
"{'tag': 'unknown', 'label': 'Unknown', '__CLASS__': 'Adzuna::API::Response::Category'}",13.420806,52.507706,Data Science Specialist - Fully Remote,5841712586,"{'display_name': 'Mercor', '__CLASS__': 'Adzuna::API::Response::Company'}",2026-08-14T12:32:59Z,0,"{'display_name': 'Berlin, Deutschland', 'area': ['Deutschland', 'Berlin'], '__CLASS__': 'Adzuna::API::Response::Location'}",eyJhbGciOiJIUzI1NiJ9.eyJzIjoiUHBnX0JVR3c4UkdOQ0k0TFhzd29DZyIsImkiOiI1ODQxNzEyNTg2In0.XsWtWDOUuREzKR1Px64vO3m7slRo7HolY-9C3HW4tz4,https://www.adzuna.de/details/5841712586?utm_medium=api&utm_source=a4bcf954,"About the job Mercor connects elite creative and technical talent with leading AI research labs. Headquartered in San Francisco, our investors include Benchmark , General Catalyst , Peter Thiel , Adam D'Angelo , Larry Summers , and Jack Dorsey . Position: Data Science Expert Type: Contract Compensation: $120–$170/hour Location: Remote Role Responsibilities Design precise, task-specific grading criteria for real-world data science deliverables such as analyses, models, dashboards, and experiment…",Adzuna::API::Response::Job,,,,
"{'tag': 'unknown', 'label': 'Unknown', '__CLASS__': 'Adzuna::API::Response::Category'}",13.420806,52.507706,Data Science Expert - Evaluation Specialist,5862103161,"{'display_name': 'Mercor', '__CLASS__': 'Adzuna::API::Response::Company'}",2026-08-30T12:37:07Z,0,"{'area': ['Deutschland', 'Berlin'], '__CLASS__': 'Adzuna::API::Response::Location', 'display_name': 'Berlin, Deutschland'}",eyJhbGciOiJIUzI1NiJ9.eyJzIjoiUHBnX0JVR3c4UkdOQ0k0TFhzd29DZyIsImkiOiI1ODYyMTAzMTYxIn0.W_M_szN4oAGm7WFdzGGPxvVjp7XMaVKUex0Lm7w0NTc,https://www.adzuna.de/details/5862103161?utm_medium=api&utm_source=a4bcf954,"About the job Mercor connects elite creative and technical talent with leading AI research labs. Headquartered in San Francisco, our investors include Benchmark , General Catalyst , Peter Thiel , Adam D'Angelo , Larry Summers , and Jack Dorsey . Position: Data Science Expert Type: Contract Compensation: $120–$170/hour Location: Remote Role Responsibilities Design precise, task-specific grading criteria for real-world data science deliverables, including analyses, models, dashboards, and experim…",Adzuna::API::Response::Job,,,,
"{'tag': 'unknown', 'label': 'Unknown', '__CLASS__': 'Adzuna::API::Response::Category'}",13.420806,52.507706,Data Science Expert - Fully Remote,5862883166,"{'display_name': 'Mercor', '__CLASS__': 'Adzuna::API::Response::Company'}",2026-08-31T12:36:51Z,0,"{'__CLASS__': 'Adzuna::API::Response::Location', 'area': ['Deutschland', 'Berlin'], 'display_name': 'Berlin, Deutschland'}",eyJhbGciOiJIUzI1NiJ9.eyJpIjoiNTg2Mjg4MzE2NiIsInMiOiJQcGdfQlVHdzhSR05DSTRMWHN3b0NnIn0.BUD9M7b0_E1fUrjMCagJc7RkrrRdkUcitEqPkz2B-tU,https://www.adzuna.de/details/5862883166?utm_medium=api&utm_source=a4bcf954,"About the job Mercor connects elite creative and technical talent with leading AI research labs. Headquartered in San Francisco, our investors include Benchmark , General Catalyst , Peter Thiel , Adam D'Angelo , Larry Summers , and Jack Dorsey . Position: Data Science Expert Type: Contract Compensation: $120–$170/hour Location: Remote Role Responsibilities Design precise, task-specific grading criteria for real-world data science deliverables, including analyses, models, dashboards, and experim…",Adzuna::API::Response::Job,,,,
"{'tag': 'engineering-jobs', 'label': 'Technikerstellen', '__CLASS__': 'Adzuna::API::Response::Category'}",,,Dual Student in Data Science and Artificial Intelligence – Digital Production (B.Sc.) starting October 2027,5867271462,"{'display_name': 'BBC Cellpack GmbH', '__CLASS__': 'Adzuna::API::Response::Company'}",2026-09-02T18:16:44Z,0,"{'__CLASS__': 'Adzuna::API::Response::Location', 'area': ['Deutschland'], 'display_name': 'Deutschland'}",eyJhbGciOiJIUzI1NiJ9.eyJpIjoiNTg2NzI3MTQ2MiIsInMiOiJQcGdfQlVHdzhSR05DSTRMWHN3b0NnIn0.4D_thDc3ZZAjYW4KntNA_CTJWyrbHUAsO4m9_H_hQ1U,https://www.adzuna.de/land/ad/5867271462?se=Ppg_BUGw8RGNCI4LXswoCg&utm_medium=api&utm_source=a4bcf954&v=51A1A8F1AA47C52432ADE506163AE10AF6A62DD1,"BBC Cellpack was founded in 1935 in Vilmergen, Switzerland, as a successor to Dreifuss Brothers AG. Originally focused on cellophane packaging, the company quickly evolved through the pioneering spirit of the Dreifuss brothers, who recognized the potential of new materials and developed high-quality industrial goods. This innovative mindset laid the foundation for decades of progress With the launch of Cellpack GmbH in Waldshut-Tiengen in 1967, the company expanded into fibre-reinforced plastic…",Adzuna::API::Response::Job,,,,
"{'label': 'Unknown', 'tag': 'unknown', '__CLASS__': 'Adzuna::API::Response::Category'}",13.420806,52.507706,Data Science Expert - Fully Remote,5840176653,"{'__CLASS__': 'Adzuna::API::Response::Company', 'display_name': 'Mercor'}",2026-08-13T12:31:57Z,0,"{'display_name': 'Berlin, Deutschland', 'area': ['Deutschland', 'Berlin'], '__CLASS__': 'Adzuna::API::Response::Location'}",eyJhbGciOiJIUzI1NiJ9.eyJpIjoiNTg0MDE3NjY1MyIsInMiOiJQcGdfQlVHdzhSR05DSTRMWHN3b0NnIn0.ShWzGNQdJTWPNTWWcfeINRAhWKoCaedodMPrQtkr7EQ,https://www.adzuna.de/details/5840176653?utm_medium=api&utm_source=a4bcf954,"About the job Mercor connects elite creative and technical talent with leading AI research labs. Headquartered in San Francisco, our investors include Benchmark , General Catalyst , Peter Thiel , Adam D'Angelo , Larry Summers , and Jack Dorsey . Position: Data Scientist Talent Network Type: Contract Compensation: $100–$150/hour Location: Remote Role Responsibilities Design precise, task-specific grading criteria for data science deliverables, including exploratory data analyses , statistical mo…",Adzuna::API::Response::Job,,,,
"{'__CLASS__': 'Adzuna::API::Response::Category', 'label': 'Unknown', 'tag': 'unknown'}",13.420806,52.507706,Data Science Expert - Fully Remote,5855248727,"{'display_name': 'Mercor', '__CLASS__': 'Adzuna::API::Response::Company'}",2026-08-25T12:34:48Z,0,"{'display_name': 'Berlin, Deutschland', 'area': ['Deutschland', 'Berlin'], '__CLASS__': 'Adzuna::API::Response::Location'}",eyJhbGciOiJIUzI1NiJ9.eyJzIjoiUHBnX0JVR3c4UkdOQ0k0TFhzd29DZyIsImkiOiI1ODU1MjQ4NzI3In0.BpgupftsOdE48g0LFxwCotmBmrMHWCqVHr3D2yA7gnI,https://www.adzuna.de/details/5855248727?utm_medium=api&utm_source=a4bcf954,"About the job Mercor connects elite creative and technical talent with leading AI research labs. Headquartered in San Francisco, our investors include Benchmark , General Catalyst , Peter Thiel , Adam D'Angelo , Larry Summers , and Jack Dorsey . Position: Data Scientist Talent Network Type: Contract Compensation: $100–$150/hour Location: Remote Role Responsibilities Design precise, task-specific grading criteria for data science deliverables. This includes exploratory data analyses , statistica…",Adzuna::API::Response::Job,,,,
"{'label': 'Unknown', 'tag': 'unknown', '__CLASS__': 'Adzuna::API::Response::Category'}",12.112321,49.022981,Bachelor - Künstliche Intelligenz und Data Science,5865242827,"{'display_name': 'Aumovio', '__CLASS__': 'Adzuna::API::Response::Company'}",2026-09-01T22:24:30Z,0,"{'__CLASS__': 'Adzuna::API::Response::Location', 'area': ['Deutschland', 'Bayern', 'Regensburg (Kreis)', 'Regensburg'], 'display_name': 'Regensburg, Regensburg (Kreis)'}",eyJhbGciOiJIUzI1NiJ9.eyJzIjoiUHBnX0JVR3c4UkdOQ0k0TFhzd29DZyIsImkiOiI1ODY1MjQyODI3In0.100mrzUCLHKVWP0wNJIwGtLPfQcB4DQC5VJjOSXqtu8,https://www.adzuna.de/details/5865242827?utm_medium=api&utm_source=a4bcf954,"Stellenbeschreibung Du interessierst dich für Informatik, Programmierung und Technologie? Künstliche Intelligenz weckt deine Neugier? Du willst die digitale Zukunft mitgestalten? Dann bist du startbereit für das duale Studium in künstlicher Intelligenz und Data Science! Lerne im dualen Studium die Welt der künstlichen Intelligenz und Datenvielfalt kennen: Du beschäftigst dich 7 Semester lang mit Informations- und Kommunikationssystemen und deren Datenverarbeitung, entwickelst dafür Verfahren de…",Adzuna::API::Response::Job,,,,
"{'__CLASS__': 'Adzuna::API::Response::Category', 'label': 'Sonstige/Allgemeine Stellen', 'tag': 'other-general-jobs'}",9.187224,48.776198,(Senior) Risk Manager (m/w/d) Modeling & Data Science - Fokus Retail Credit Risk,5811453477,"{'display_name': 'Creditplus Bank AG', '__CLASS__': 'Adzuna::API::Response::Company'}",2026-07-23T00:48:33Z,0,"{'area': ['Deutschland', 'Baden-Württemberg', 'Stuttgart'], '__CLASS__': 'Adzuna::API::Response::Location', 'display_name': 'Stuttgart, Baden-Württemberg'}",eyJhbGciOiJIUzI1NiJ9.eyJzIjoiUHBnX0JVR3c4UkdOQ0k0TFhzd29DZyIsImkiOiI1ODExNDUzNDc3In0.qpu3goJXotiuIE1mEeUBg-hcFZ5YU4osZoxNabaBiNc,https://www.adzuna.de/land/ad/5811453477?se=Ppg_BUGw8RGNCI4LXswoCg&utm_medium=api&utm_source=a4bcf954&v=A941201519F735C9B8A3B22DA1F7FE671E964088,"Wir machen Wünsche machbar – unsere Mission ist es, das Leben unserer Kund:innen zu bereichern und mit unseren Finanzdienstleistungen Träume zu verwirklichen. Wir verstehen uns nicht als typische Bank, sondern als lebendige Gemeinschaft von Gestalter:innen, die keine Angst davor haben, neue Wege zu gehen. Dabei setzen wir uns alle auch noch für Themen mit Impact wie Nachhaltigkeit und Digitalisierung ein – ob in unserer Zentrale in Stuttgart, an unserem Standort in Offenbach oder deutschlandwei…",Adzuna::API::Response::Job,,,,
"{'__CLASS__': 'Adzuna::API::Response::Category', 'tag': 'unknown', 'label': 'Unknown'}",14.10731,51.13209,Praktikum/Abschlussarbeit im Bereich Data Science,5299866746,"{'display_name': 'KSB', '__CLASS__': 'Adzuna::API::Response::Company'}",2025-07-12T22:07:55Z,0,"{'__CLASS__': 'Adzuna::API::Response::Location', 'area': ['Deutschland', 'Sachsen', 'Bautzen (Kreis)', 'Frankenthal'], 'display_name': 'Frankenthal, Bautzen (Kreis)'}",eyJhbGciOiJIUzI1NiJ9.eyJzIjoiUHBnX0JVR3c4UkdOQ0k0TFhzd29DZyIsImkiOiI1Mjk5ODY2NzQ2In0.KvE34opJZqhuNUfCpq3qRYy9VLYxzB2h-U0RZDgoukk,https://www.adzuna.de/details/5299866746?utm_medium=api&utm_source=a4bcf954,"Unterstützen Sie uns im Rahmen eines Praktikums/einer Abschlussarbeit im Bereich Data Science. Studium/Fachrichtung | Mathematik, Statistik, Data Science, Informatik, Physik oder vglb. Studiengänge Einsatzbereich | Praktikum/Abschlussarbeit im Bereich Data Science Dauer | 3-6 Monate Bestens gefordert | Wir suchen motivierte Studierende, die sich unserem Data Science Team für ein Pflichtpraktikum und/oder eine Bachelor-/Masterarbeit (3-6 Monate) anschließen möchten. Bei uns können Sie praktische…",Adzuna::API::Response::Job,,,,
"{'__CLASS__': 'Adzuna::API::Response::Category', 'label': 'Unknown', 'tag': 'unknown'}",13.420806,52.507706,"Research Scientist, Foundational Data Science",5788539455,"{'display_name': 'Prior Labs', '__CLASS__': 'Adzuna::API::Response::Company'}",2026-07-05T00:49:56Z,0,"{'area': ['Deutschland', 'Berlin'], '__CLASS__': 'Adzuna::API::Response::Location', 'display_name': 'Berlin, Deutschland'}",eyJhbGciOiJIUzI1NiJ9.eyJpIjoiNTc4ODUzOTQ1NSIsInMiOiJQcGdfQlVHdzhSR05DSTRMWHN3b0NnIn0.SzKkFJG-1bidLfMtpBfqxN_4ducMt7-UiSuzoWJsYWk,https://www.adzuna.de/details/5788539455?utm_medium=api&utm_source=a4bcf954,"Who we are Foundation models transformed text and images. Structured data - the largest and most consequential data format in the world - stayed untouched, until now. What LLMs did for language, we're doing for tables. We pioneered tabular foundation models: TabPFN v2 was a Nature cover story, has passed 3.5M downloads and 7,500 GitHub stars, and runs in production from detecting lung disease with Oxford Cancer Analytics to preventing train failures with Hitachi . The hardest problems - million…",Adzuna::API::Response::Job,full_time,,,
"{'__CLASS__': 'Adzuna::API::Response::Category', 'label': 'Stellen aus PR, Werbung & Marketing', 'tag': 'pr-advertising-marketing-jobs'}",11.44811,48.18449,Projektmanager – Data Analytics / Data Science,5778269339,"{'__CLASS__': 'Adzuna::API::Response::Company', 'display_name': 'Guldberg'}",2026-06-26T23:23:03Z,0,"{'display_name': 'Allach-Untermenzing, München', '__CLASS__': 'Adzuna::API::Response::Location', 'area': ['Deutschland', 'Bayern', 'München (Kreis)', 'München', 'Allach-Untermenzing']}",eyJhbGciOiJIUzI1NiJ9.eyJpIjoiNTc3ODI2OTMzOSIsInMiOiJQcGdfQlVHdzhSR05DSTRMWHN3b0NnIn0.CYJmKLphzF74jtCaIKyvpvsGLeGBF0Tv5CDPvl5O02Y,https://www.adzuna.de/details/5778269339?utm_medium=api&utm_source=a4bcf954,"Für den Standort München suchen wir: Projektmanager – Data Analytics / Data Science Ihre Aufgaben: Planung, Steuerung und Umsetzung datengetriebener Use Cases und Projekte über den gesamten Lifecycle Projektmanagement im Data-/Analytics-Umfeld (Termine, Budget, Risiken, Ressourcen) Zusammenarbeit mit Data Scientists, Data Analysts, Data Engineers, Product Ownern und Fachbereichen Übersetzung fachlicher Anforderungen in analytische Lösungsansätze Steuerung interner und externer Projektbeteiligte…",Adzuna::API::Response::Job,full_time,,,
"{'__CLASS__': 'Adzuna::API::Response::Category', 'label': 'Unknown', 'tag': 'unknown'}",,,Data Science Intern (FT Potential),5745959926,"{'display_name': 'Finmid', '__CLASS__': 'Adzuna::API::Response::Company'}",2026-05-30T23:27:29Z,0,"{'display_name': 'Deutschland', 'area': ['Deutschland'], '__CLASS__': 'Adzuna::API::Response::Location'}",eyJhbGciOiJIUzI1NiJ9.eyJzIjoiUHBnX0JVR3c4UkdOQ0k0TFhzd29DZyIsImkiOiI1NzQ1OTU5OTI2In0.SiVpbb4CLpJniBZHt6gPRJUVra6SiXYR40zkywoBnf8,https://www.adzuna.de/details/5745959926?utm_medium=api&utm_source=a4bcf954,"About finmid finmid 's mission is to enable software companies to reimagine how their business customers access capital. By productizing the complexity of financial services, finmid empowers companies to offer financial services where FinTech isn't the mission but enables the mission. About the opportunity We are looking for a Data Science Intern to join our Data team. This is an exciting opportunity for someone early in their career who is hungry to learn and build. You’ll work closely with th…",Adzuna::API::Response::Job,full_time,,,
"{'tag': 'unknown', 'label': 'Unknown', '__CLASS__': 'Adzuna::API::Response::Category'}",6.808387,51.226802,Werkstudent/ in im Data Science (all gender),5869337422,"{'display_name': 'Havas', '__CLASS__': 'Adzuna::API::Response::Company'}",2026-09-03T18:30:16Z,0,"{'__CLASS__': 'Adzuna::API::Response::Location', 'display_name': 'Düsseldorf, Nordrhein-Westfalen', 'area': ['Deutschland', 'Nordrhein-Westfalen', 'Düsseldorf']}",eyJhbGciOiJIUzI1NiJ9.eyJzIjoiWG94WEJrR3c4UkdZTTZuREFzVmZtdyIsImkiOiI1ODY5MzM3NDIyIn0.9mAO-aZFnNbFhCmrJiYBLSQZC9ReDXIclMSi4cVlQ94,https://www.adzuna.de/details/5869337422?utm_medium=api&utm_source=a4bcf954,"Agency : Havas Media Germany Job Description : Willkommen bei Havas Media – Entdecke deine Leidenschaft für die Welt der Medien! Was macht eine Mediaagentur? Hast du dich schon einmal gefragt, wie genau die Werbespots ins Fernsehen oder auf Social Media kommen? Bei Havas Media sind wir die Trendsetter, die Innovatoren und die Planer unvergesslicher Kampagnen. Während Kreativagenturen die Kampagnen gestalten, sorgen wir dafür, dass sie auf allen digitalen Kanälen wie Social Media, YouTube und ve…",Adzuna::API::Response::Job,part_time,15600.0,15600.0,
"{'__CLASS__': 'Adzuna::API::Response::Category', 'label': 'Unknown', 'tag': 'unknown'}",12.112321,49.022981,Bachelor - Knstliche Intelligenz und Data Science,5868478752,"{'display_name': 'AUMOVIO', '__CLASS__': 'Adzuna::API::Response::Company'}",2026-09-03T09:27:14Z,0,"{'area': ['Deutschland', 'Bayern', 'Regensburg (Kreis)', 'Regensburg'], 'display_name': 'Regensburg, Regensburg (Kreis)', '__CLASS__': 'Adzuna::API::Response::Location'}",eyJhbGciOiJIUzI1NiJ9.eyJpIjoiNTg2ODQ3ODc1MiIsInMiOiJYb3hYQmtHdzhSR1lNNm5EQXNWZm13In0.kjYk9RA7x6dGE7CMY-sPZU7deZuHqUqIt0m6Y3OQhjk,https://www.adzuna.de/details/5868478752?utm_medium=api&utm_source=a4bcf954,"Unternehmensbeschreibung AUMOVIO ist im September 2025 als Spin-off aus dem Geschäft des ehemaligen Continental-Unternehmensbereichs Automotive hervorgegangen und hat sich seitdem als eigenständiges Technologieunternehmen am Markt etabliert. Das Unternehmen bietet ein breites Portfolio für eine sichere, begeisternde, vernetzte und autonome Mobilität. Dazu gehören Sensorlösungen, Displays, Brems- und Komfortsysteme sowie umfassende Expertise in Software, Architekturplattformen und Assistenzsyste…",Adzuna::API::Response::Job,,,,
"{'tag': 'unknown', '__CLASS__': 'Adzuna::API::Response::Category', 'label': 'Unknown'}",12.112321,49.022981,Bachelor - Künstliche Intelligenz und Data Science,5870100541,"{'display_name': 'AUMOVIO', '__CLASS__': 'Adzuna::API::Response::Company'}",2026-09-04T07:22:41Z,0,"{'area': ['Deutschland', 'Bayern', 'Regensburg (Kreis)', 'Regensburg'], 'display_name': 'Regensburg, Regensburg (Kreis)', '__CLASS__': 'Adzuna::API::Response::Location'}",eyJhbGciOiJIUzI1NiJ9.eyJzIjoiWG94WEJrR3c4UkdZTTZuREFzVmZtdyIsImkiOiI1ODcwMTAwNTQxIn0.TedBagsq47iLuoX3S5KD4SJQ59RutXvV67wJ9ZZxaBI,https://www.adzuna.de/details/5870100541?utm_medium=api&utm_source=a4bcf954,"Unternehmensbeschreibung AUMOVIO ist im September 2025 als Spin-off aus dem Geschft des ehemaligen Continental-Unternehmensbereichs Automotive hervorgegangen und hat sich seitdem als eigenstndiges Technologieunternehmen am Markt etabliert. Das Unternehmen bietet ein breites Portfolio fr eine sichere, begeisternde, vernetzte und autonome Mobilitt. Dazu gehren Sensorlsungen, Displays, Brems- und Komfortsysteme sowie umfassende Expertise in Software, Architekturplattformen und Assistenzsystemen fr…",Adzuna::API::Response::Job,,,,
"{'tag': 'it-jobs', 'label': 'IT-Stellen', '__CLASS__': 'Adzuna::API::Response::Category'}",,,DHBW Studium - Data Science und Künstliche Intelligenz (B.Sc.),5879920370,"{'__CLASS__': 'Adzuna::API::Response::Company', 'display_name': 'Liebherr-Werk Ehingen GmbH'}",2026-09-11T17:57:08Z,0,"{'area': ['Deutschland'], 'display_name': 'Deutschland', '__CLASS__': 'Adzuna::API::Response::Location'}",eyJhbGciOiJIUzI1NiJ9.eyJzIjoiWG94WEJrR3c4UkdZTTZuREFzVmZtdyIsImkiOiI1ODc5OTIwMzcwIn0.om6qVFAmClJmeIfZYD5azDFOUWx9cETYGjtEYvZbGI8,https://www.adzuna.de/land/ad/5879920370?se=XoxXBkGw8RGYM6nDAsVfmw&utm_medium=api&utm_source=a4bcf954&v=881BB26B4B319459278D98D674C28E39D49BA7DD,"Job Description Erhöhen Sie Ihre Chancen auf ein Vorstellungsgespräch, indem Sie die vollständige Stellenbeschreibung lesen und sich umgehend bewerben. Die Liebherr-Werk Ehingen GmbH zählt zu den weltweit führenden Herstellern von Fahrzeugkranen. Das Programm umfasst Teleskop- und Gittermastkrane auf Mobil- und Raupenfahrwerken. Seit der Gründung wurde die Produktionsstätte und ihre Kapazität kontinuierlich erweitert. xvbsvpc Heute werden täglich sechs Fahrzeugkrane aus Ehingen in die ganze Wel…",Adzuna::API::Response::Job,,,,
"{'tag': 'it-jobs', 'label': 'IT-Stellen', '__CLASS__': 'Adzuna::API::Response::Category'}",,,Head of AI & Data Science (m/w/d),5882752299,"{'__CLASS__': 'Adzuna::API::Response::Company', 'display_name': 'Dr. Ausbüttel GmbH & Co. KG'}",2026-09-13T17:55:54Z,0,"{'display_name': 'Deutschland', '__CLASS__': 'Adzuna::API::Response::Location', 'area': ['Deutschland']}",eyJhbGciOiJIUzI1NiJ9.eyJpIjoiNTg4Mjc1MjI5OSIsInMiOiJYb3hYQmtHdzhSR1lNNm5EQXNWZm13In0.jHpyVh4-JZczP5dP02CZvXg_dDzbGmjt36qsleNG6_Y,https://www.adzuna.de/land/ad/5882752299?se=XoxXBkGw8RGYM6nDAsVfmw&utm_medium=api&utm_source=a4bcf954&v=C05E145665E2B0A60734B68C516EBAF02DB1690F,"Job Description Sie möchten sich bewerben Vergewissern Sie sich, dass Ihr Lebenslauf auf dem neuesten Stand ist, und lesen Sie dann die folgenden Stellenbeschreibungen sorgfältig durch, bevor Sie sich bewerben. Head of AI & Data Science: Tragen Sie dazu bei, Wunden zu heilen, Innovationen zu fördern und Wachstum zu gestalten! Schwer heilende Wunden sind eine enorme Belastung für Patienten, Angehörige und Behandelnde. Machen Sie durch Ihr gestalterisches Mitwirken einen signifikanten Unterschied…",Adzuna::API::Response::Job,,,,
"{'tag': 'unknown', '__CLASS__': 'Adzuna::API::Response::Category', 'label': 'Unknown'}",10.89379,48.357096,Duales Studium B. Sc. Informatik - Data Science und Künstliche Intelligenz (d/m/w) zum 01.09.2027,5825428693,"{'__CLASS__': 'Adzuna::API::Response::Company', 'display_name': 'Airbus Aerostructures GmbH'}",2026-08-02T10:01:02Z,0,"{'display_name': 'Augsburg, Augsburg (Kreis)', '__CLASS__': 'Adzuna::API::Response::Location', 'area': ['Deutschland', 'Bayern', 'Augsburg (Kreis)', 'Augsburg']}",eyJhbGciOiJIUzI1NiJ9.eyJpIjoiNTgyNTQyODY5MyIsInMiOiJYb3hYQmtHdzhSR1lNNm5EQXNWZm13In0.RrQ_gGRvbLjkryElwzVnKRplnZ41UfqOn4Qd5rItZdU,https://www.adzuna.de/land/ad/5825428693?se=XoxXBkGw8RGYM6nDAsVfmw&utm_medium=api&utm_source=a4bcf954&v=6306E28B2BB7096D76D08EC5E978C14164916CD7,"Job Description: Bist du neugierig auf Technik und möchtest die Welt von morgen mitgestalten? Dann ist eine Ausbildung oder ein Studium bei Airbus am Standort in Augsburg genau das Richtige für dich! Im dualen Studium Informatik befasst du dich in der Industrie mit komplexen Themen und Systemen. Du konzipierst, entwickelst und realisierst technische Lösungen zur Unterstützung der Geschäftsprozesse im Bereich der Übertragung, Vermittlung und Verarbeitung von Informationen. Hauptthemen in der Inf…",Adzuna::API::Response::Job,,,,
"{'tag': 'it-jobs', 'label': 'IT-Stellen', '__CLASS__': 'Adzuna::API::Response::Category'}",,,"Duales Studium Wirtschaftsinformatik-Data Science, Studienbeginn 2027 (m/w/d)",5883231520,"{'__CLASS__': 'Adzuna::API::Response::Company', 'display_name': 'Trelleborg Sealing Solutions Germany GmbH'}",2026-09-14T05:54:15Z,0,"{'area': ['Deutschland'], 'display_name': 'Deutschland', '__CLASS__': 'Adzuna::API::Response::Location'}",eyJhbGciOiJIUzI1NiJ9.eyJpIjoiNTg4MzIzMTUyMCIsInMiOiJYb3hYQmtHdzhSR1lNNm5EQXNWZm13In0.tMCJNVFKwCy51UFC3_rB6lt5d6btkt7ufrFnkALUVC4,https://www.adzuna.de/land/ad/5883231520?se=XoxXBkGw8RGYM6nDAsVfmw&utm_medium=api&utm_source=a4bcf954&v=15AF68252FF4AC65B56893633793CAFD8E427C81,"Job Description Vergewissern Sie sich, dass Sie den Richtlinien als Bewerber für diese Stelle entsprechen. Bitte lesen Sie die unten stehenden Informationen sorgfältig durch. Duales Studium Wirtschaftsinformatik-Data Science, Studienbeginn 2027 (m/w/d) Trelleborg is a world leader in engineered polymer solutions for almost every industry on the planet. And we are where we are because our talents brought us here. By specializing in the polymer engineering that makes innovation and application po…",Adzuna::API::Response::Job,,,,
"{'tag': 'unknown', '__CLASS__': 'Adzuna::API::Response::Category', 'label': 'Unknown'}",6.808387,51.226802,Praktikum Data Science / Data Engineering (m/w/d),5806562856,"{'display_name': 'jobvector', '__CLASS__': 'Adzuna::API::Response::Company'}",2026-07-19T00:14:27Z,0,"{'__CLASS__': 'Adzuna::API::Response::Location', 'display_name': 'Düsseldorf, Nordrhein-Westfalen', 'area': ['Deutschland', 'Nordrhein-Westfalen', 'Düsseldorf']}",eyJhbGciOiJIUzI1NiJ9.eyJzIjoiWG94WEJrR3c4UkdZTTZuREFzVmZtdyIsImkiOiI1ODA2NTYyODU2In0.lpIUGt-IPhUEKADswPqTI3A0alqy9fAJe9_mjRfRb5w,https://www.adzuna.de/details/5806562856?utm_medium=api&utm_source=a4bcf954,"Du hast Lust auf diese Aufgaben Du unterstützt uns im Bereich Data Engineering bei der Erweiterung von Data Pipelines / ETL-Prozessen, z.B. mit Airflow, dbt und Kafka. Du arbeitest in unserer Google Cloud Umgebung und nutzt dabei Services wie BigQuery. Du kombinierst Daten aus internen und externen Quellen und bereitest sie zu einem analytischen Datensatz auf. Du visualisierst Analyseergebnisse mit Tools wie Looker Studio Wir freuen uns auf Deine Qualifikationen Du bist Student:in (m/w/d) oder …",Adzuna::API::Response::Job,full_time,,,
"{'__CLASS__': 'Adzuna::API::Response::Category', 'label': 'Stellen für Hochschulabsolventen', 'tag': 'graduate-jobs'}",8.595073,53.548992,PhD position in Data Science/Bioinformatics for Marine and Arctic Biodiversity (f/x/d/m),5850943626,"{'__CLASS__': 'Adzuna::API::Response::Company', 'display_name': 'Alfred-Wegener-Institut Helmholtz-Zentrum für Polar- und Meeresforschung'}",2026-08-21T12:52:57Z,0,"{'display_name': 'Bremerhaven, Bremen', '__CLASS__': 'Adzuna::API::Response::Location', 'area': ['Deutschland', 'Bremen', 'Bremerhaven']}",eyJhbGciOiJIUzI1NiJ9.eyJzIjoiWG94WEJrR3c4UkdZTTZuREFzVmZtdyIsImkiOiI1ODUwOTQzNjI2In0.3oy6Uof35zPqk7LItWrgm9cW9cUdlu9xEJJrIjzXpuM,https://www.adzuna.de/land/ad/5850943626?se=XoxXBkGw8RGYM6nDAsVfmw&utm_medium=api&utm_source=a4bcf954&v=5BB161EDC37D3A9B78589499E10A688E317D9D40,"The Alfred Wegener Institute Helmholtz Centre for Polar and Marine Research (AWI) is a member of the Helmholtz Association (HGF) and funded by federal and state government. AWI focuses on polar and marine research in a variety of disciplines such as biology, oceanography, geology, geochemistry and geophysics thus allowing multidisciplinary approaches to scientific goals. PhD position in Data Science/Bioinformatics for Marine and Arctic Biodiversity (f/x/d/m) Background Long-term monitoring of m…",Adzuna::API::Response::Job,,,,
"{'__CLASS__': 'Adzuna::API::Response::Category', 'label': 'IT-Stellen', 'tag': 'it-jobs'}",,,"Duales Studium – Data Science/KI, B.Sc. (m/w/d) 2027",5880553492,"{'__CLASS__': 'Adzuna::API::Response::Company', 'display_name': 'thyssenkrupp Automotive Body Solutions GmbH'}",2026-09-12T05:33:49Z,0,"{'area': ['Deutschland'], 'display_name': 'Deutschland', '__CLASS__': 'Adzuna::API::Response::Location'}",eyJhbGciOiJIUzI1NiJ9.eyJpIjoiNTg4MDU1MzQ5MiIsInMiOiJYb3hYQmtHdzhSR1lNNm5EQXNWZm13In0.8PCPI4zMbhkhZG6xF56JD3tL7Jm7P1Y-o4PoxOFII94,https://www.adzuna.de/land/ad/5880553492?se=XoxXBkGw8RGYM6nDAsVfmw&utm_medium=api&utm_source=a4bcf954&v=730A2D9A9387C6BB2735B2E48F5B222B8310D42A,"thyssenkrupp ist ein international aufgestellter Industrie- und Technologiekonzern mit mehr als 93.000 Beschäftigten. In 48 Ländern erwirtschaftete Erhöhen Sie Ihre Chancen auf ein Vorstellungsgespräch, indem Sie den folgenden Überblick über diese Stelle lesen, bevor Sie sich bewerben. das Unternehmen im Geschäftsjahr 2024/2025 einen Umsatz von rund 33 Mrd. €. Die Geschäftsaktivitäten sind in fünf Segmenten gebündelt: Automotive Technology, Decarbon Technologies, Materials Services, Steel Europ…",Adzuna::API::Response::Job,,,,
"{'__CLASS__': 'Adzuna::API::Response::Category', 'label': 'Unknown', 'tag': 'unknown'}",9.21546,48.80499,DHBW Data Science & Künstliche Intelligenz – 2027,5593655402,"{'display_name': 'MWAY DIGITAL GmbH', '__CLASS__': 'Adzuna::API::Response::Company'}",2026-01-21T06:59:03Z,0,"{'area': ['Deutschland', 'Baden-Württemberg', 'Stuttgart', 'Bad Cannstatt'], 'display_name': 'Bad Cannstatt, Stuttgart', '__CLASS__': 'Adzuna::API::Response::Location'}",eyJhbGciOiJIUzI1NiJ9.eyJzIjoiWG94WEJrR3c4UkdZTTZuREFzVmZtdyIsImkiOiI1NTkzNjU1NDAyIn0.-_efxdi2YLEKQmW2-TE_bcvDJRyQhEWSgNj5UoFpiG4,https://www.adzuna.de/details/5593655402?utm_medium=api&utm_source=a4bcf954,"Dein Studium Du möchtest Theorie und Praxis miteinander verknüpfen und begeisterst dich für Daten, Analysen und Künstliche Intelligenz? Dann ist das duale Studium im Bereich Data Science & Künstliche Intelligenz in Kombination mit MWAY genau das Richtige für dich. Studiendauer: 3 Jahre Studienverlauf: Wechsel von Theorie- und Praxisphasen im 3-Monats-Rhythmus Praxisort: Stuttgart-Bad Cannstatt Studienstart: 01.10.2027 Studienort: DHBW Stuttgart Abschluss: Bachelor of Science Weitere Information…",Adzuna::API::Response::Job,full_time,,,
"{'tag': 'it-jobs', '__CLASS__': 'Adzuna::API::Response::Category', 'label': 'IT-Stellen'}",9.187224,48.776198,DHBW Data Science & Künstliche Intelligenz – 2027,5727301322,"{'display_name': 'MWAY DIGITAL', '__CLASS__': 'Adzuna::API::Response::Company'}",2026-05-12T22:59:27Z,0,"{'area': ['Deutschland', 'Baden-Württemberg', 'Stuttgart'], '__CLASS__': 'Adzuna::API::Response::Location', 'display_name': 'Stuttgart, Baden-Württemberg'}",eyJhbGciOiJIUzI1NiJ9.eyJzIjoiWG94WEJrR3c4UkdZTTZuREFzVmZtdyIsImkiOiI1NzI3MzAxMzIyIn0.l_TmTf2GmPKYFsl5_j1MpXZ6nzjphHQ9oyYMwh-A6h4,https://www.adzuna.de/details/5727301322?utm_medium=api&utm_source=a4bcf954,"Dein Studium Du möchtest Theorie und Praxis miteinander verknüpfen und begeisterst dich für Daten, Analysen und Künstliche Intelligenz? Dann ist das duale Studium im Bereich Data Science & Künstliche Intelligenz in Kombination mit MWAY genau das Richtige für dich. Studiendauer: 3 Jahre Studienverlauf: Wechsel von Theorie- und Praxisphasen im 3-Monats-Rhythmus Praxisort: Stuttgart-Bad Cannstatt Studienstart: 01.10.2027 Studienort: DHBW Stuttgart Abschluss: Bachelor of Science Weitere Information…",Adzuna::API::Response::Job,full_time,,,
"{'tag': 'unknown', '__CLASS__': 'Adzuna::API::Response::Category', 'label': 'Unknown'}",8.47624,49.00018,Werkstudierende Data Science (m/w/d),5849747855,"{'__CLASS__': 'Adzuna::API::Response::Company', 'display_name': 'TRUUCO'}",2026-08-20T17:44:29Z,0,"{'display_name': 'Durlach, Karlsruhe', '__CLASS__': 'Adzuna::API::Response::Location', 'area': ['Deutschland', 'Baden-Württemberg', 'Karlsruhe (Kreis)', 'Karlsruhe', 'Durlach']}",eyJhbGciOiJIUzI1NiJ9.eyJzIjoiWG94WEJrR3c4UkdZTTZuREFzVmZtdyIsImkiOiI1ODQ5NzQ3ODU1In0.eZSkQfodcMc0PDGreF1nNJ4IFvC7FGlNxDX6SAbUUW8,https://www.adzuna.de/details/5849747855?utm_medium=api&utm_source=a4bcf954,"Deine Aufgaben Du arbeitest in unseren cross-funktionalen Teams an spannenden Data-Science-Projekten im Finanzbereich mit und entwickelst datengetriebene Lösungen für unsere Kunden. Du unterstützt beim Aufbau, der Strukturierung und der Pflege unserer Modell-Repositories in Bitbucket und arbeitest dabei mit modernen Entwicklungsstandards wie Git, Cookiecutter und Python. Du unterstützt uns bei der Migration unserer Data-Science-Umgebung nach Databricks, beispielsweise durch die Anpassung und Re…",Adzuna::API::Response::Job,part_time,18.0,18.0,
"{'label': 'Stellen für Hochschulabsolventen', '__CLASS__': 'Adzuna::API::Response::Category', 'tag': 'graduate-jobs'}",12.83048,48.17244,Duales Studium - Data Science & Künstliche Intelligenz,5785230275,"{'__CLASS__': 'Adzuna::API::Response::Company', 'display_name': 'Wacker Chemie AG - Werk Burghausen'}",2026-07-02T11:24:40Z,0,"{'area': ['Deutschland', 'Bayern', 'Altötting (Kreis)', 'Burghausen'], '__CLASS__': 'Adzuna::API::Response::Location', 'display_name': 'Burghausen, Altötting (Kreis)'}",eyJhbGciOiJIUzI1NiJ9.eyJzIjoiWG94WEJrR3c4UkdZTTZuREFzVmZtdyIsImkiOiI1Nzg1MjMwMjc1In0.yAZ3lBWZMd1PiLmCJzuACJgsqjOwFASGh7_UTuFCkHI,https://www.adzuna.de/details/5785230275?utm_medium=api&utm_source=a4bcf954,Duales Studium - Data Science & Künstliche Intelligenz Standort Burghausen - 84489 Burghausen - Arbeitszeit: Vollzeit - Position: Duales Studium - Bildungsgrad Mindestvoraussetzung: Fachhochschulreife - Beschäftigungsbeginn: 01.09.2027,Adzuna::API::Response::Job,,,,
"{'label': 'Unknown', '__CLASS__': 'Adzuna::API::Response::Category', 'tag': 'unknown'}",,,Data Science Engineer m/w/d,5880042957,"{'__CLASS__': 'Adzuna::API::Response::Company', 'display_name': 'Krannich Group GmbH'}",2026-09-11T19:51:11Z,0,"{'area': ['Deutschland'], 'display_name': 'Deutschland', '__CLASS__': 'Adzuna::API::Response::Location'}",eyJhbGciOiJIUzI1NiJ9.eyJzIjoiWG94WEJrR3c4UkdZTTZuREFzVmZtdyIsImkiOiI1ODgwMDQyOTU3In0.0PU-cajFHOagYfpn8lGrt3B2Z-BgpW6p5Cwy1poOrxc,https://www.adzuna.de/details/5880042957?utm_medium=api&utm_source=a4bcf954,"Als internationales Großhandelsunternehmen für Photovoltaik-Anlagen befinden wir uns mitten im Zukunftsmarkt der Solarenergie. Mit jedem ausgelieferten Produkt tragen wir dazu bei, den Energiewandel mitzugestalten. Das gilt an jedem einzelnen Arbeitsplatz und für jede einzelne Person in unserem Team. Damit wir unsere Position im Zukunftsmarkt weiter stärken können, suchen wir Verstärkung für unser Team und bieten neue Perspektiven für eine/n DATA SCIENCE ENGINEER M/W/D Heimsheimer Str. 65/1, 71…",Adzuna::API::Response::Job,,,,
"{'tag': 'consultancy-jobs', 'label': 'Beraterstellen', '__CLASS__': 'Adzuna::API::Response::Category'}",,,AI & Data Science Consultant (all genders),5870797271,"{'__CLASS__': 'Adzuna::API::Response::Company', 'display_name': 'Accenture'}",2026-09-04T18:12:02Z,0,"{'__CLASS__': 'Adzuna::API::Response::Location', 'display_name': 'Deutschland', 'area': ['Deutschland']}",eyJhbGciOiJIUzI1NiJ9.eyJpIjoiNTg3MDc5NzI3MSIsInMiOiJYb3hYQmtHdzhSR1lNNm5EQXNWZm13In0.4jgkFU3Tza-xL8kRRK7bnTTQ2Q9235YfBgqAJZ7DLtg,https://www.adzuna.de/details/5870797271?utm_medium=api&utm_source=a4bcf954,"Im AI & Data Team bei Accenture vereinen wir einzigartige Persönlichkeiten und zukunftsgerichtetes Know-How, um gemeinsam mit unseren Kunden datengetriebene Transformation voranzutreiben und die Zukunft durch KI (Künstliche Intelligenz) zu gestalten. Wir begleiten unsere Kunden Ende-zu-Ende – von der strategischen, KI-nativen Neuausrichtung & Zieldefinition der Organisation über die Konzeption & Entwicklung von cutting-edge KI-Lösungen bis hin zum technischen Design & der Implementierung von KI…",Adzuna::API::Response::Job,full_time,,,
"{'__CLASS__': 'Adzuna::API::Response::Category', 'label': 'Unknown', 'tag': 'unknown'}",11.56803,48.1476,Data Science Consultant (m/w/d),5821791948,"{'display_name': 'INVENSITY GmbH', '__CLASS__': 'Adzuna::API::Response::Company'}",2026-07-31T02:40:38Z,0,"{'display_name': 'Maxvorstadt, München', '__CLASS__': 'Adzuna::API::Response::Location', 'area': ['Deutschland', 'Bayern', 'München (Kreis)', 'München', 'Maxvorstadt']}",eyJhbGciOiJIUzI1NiJ9.eyJzIjoiWG94WEJrR3c4UkdZTTZuREFzVmZtdyIsImkiOiI1ODIxNzkxOTQ4In0.Ov2akJKus-NVX-9NefFueF8Z6MrVMgyI3gVxRAcSwU0,https://www.adzuna.de/details/5821791948?utm_medium=api&utm_source=a4bcf954,"Welcome Du möchtest mit Data Science echten Impact in technologisch anspruchsvollen Projekten schaffen? Dann bist du bei INVENSITY genau richtig. Als internationale Technologieberatung unterstützen wir unsere Kunden dabei, komplexe technische Fragestellungen datenbasiert zu lösen und innovative Systeme weiterzuentwickeln. Dein Beitrag: Mit smarten Modellen und fundierten Analysen unterstützt du technische Entscheidungsprozesse in der Luft- und Raumfahrt sowie im Defense-Umfeld und schaffst so d…",Adzuna::API::Response::Job,full_time,,,permanent
"{'tag': 'consultancy-jobs', 'label': 'Beraterstellen', '__CLASS__': 'Adzuna::API::Response::Category'}",9.18071,48.77713,Data Science Consultant (m/w/d),5824132624,"{'__CLASS__': 'Adzuna::API::Response::Company', 'display_name': 'INVENSITY Stellenportal'}",2026-08-01T17:24:04Z,0,"{'__CLASS__': 'Adzuna::API::Response::Location', 'display_name': 'Mitte, Stuttgart', 'area': ['Deutschland', 'Baden-Württemberg', 'Stuttgart', 'Mitte']}",eyJhbGciOiJIUzI1NiJ9.eyJpIjoiNTgyNDEzMjYyNCIsInMiOiJYb3hYQmtHdzhSR1lNNm5EQXNWZm13In0.HjqxgTJrlto2ejaHjxSnEWnXKTNh07B83MPcuwwrmR4,https://www.adzuna.de/details/5824132624?utm_medium=api&utm_source=a4bcf954,"Welcome Du möchtest mit Data Science echten Impact in technologisch anspruchsvollen Projekten schaffen? Dann bist du bei INVENSITY genau richtig. Als internationale Technologieberatung unterstützen wir unsere Kunden dabei, komplexe technische Fragestellungen datenbasiert zu lösen und innovative Systeme weiterzuentwickeln. Dein Beitrag: Mit smarten Modellen und fundierten Analysen unterstützt du technische Entscheidungsprozesse in der Luft- und Raumfahrt sowie im Defense-Umfeld und schaffst so d…",Adzuna::API::Response::Job,full_time,,,
"{'__CLASS__': 'Adzuna::API::Response::Category', 'label': 'Unknown', 'tag': 'unknown'}",9.987297,53.557429,Data Science Director (f/m/d),5833704156,"{'__CLASS__': 'Adzuna::API::Response::Company', 'display_name': 'adjoe'}",2026-08-08T18:04:35Z,0,"{'area': ['Deutschland', 'Hamburg'], 'display_name': 'Hamburg, Deutschland', '__CLASS__': 'Adzuna::API::Response::Location'}",eyJhbGciOiJIUzI1NiJ9.eyJzIjoiWG94WEJrR3c4UkdZTTZuREFzVmZtdyIsImkiOiI1ODMzNzA0MTU2In0.mr3-hSEzUp5WEKyQmTqm3kFthqmffPXqMopKgiKsddk,https://www.adzuna.de/details/5833704156?utm_medium=api&utm_source=a4bcf954,"adjoe builds the technologies behind mobile apps growth and monetization. adjoe Ads is our programmatic in-app advertising platform that seamlessly connects advertisers and publishers through direct integration of our Android and iOS SDKs. Every ad decision happens in under 200ms across 10 million daily users, powered by real-time bidding algorithms and user quality prediction models that match the right ad to the right user at the right moment. 50 Billion Daily Bid Predictions The adjoe Ads Da…",Adzuna::API::Response::Job,full_time,,,
"{'tag': 'unknown', 'label': 'Unknown', '__CLASS__': 'Adzuna::API::Response::Category'}",8.86907,48.75202,Data Science Engineer m/w/d,5881074665,"{'display_name': 'Krannich Group GmbH', '__CLASS__': 'Adzuna::API::Response::Company'}",2026-09-12T16:59:29Z,0,"{'display_name': 'Weil der Stadt, Böblingen (Kreis)', '__CLASS__': 'Adzuna::API::Response::Location', 'area': ['Deutschland', 'Baden-Württemberg', 'Böblingen (Kreis)', 'Weil der Stadt']}",eyJhbGciOiJIUzI1NiJ9.eyJpIjoiNTg4MTA3NDY2NSIsInMiOiJYb3hYQmtHdzhSR1lNNm5EQXNWZm13In0.Jky8ITyCNh7TyVUqNqkKGmK5RY2K-NrTGwpSetxCT4I,https://www.adzuna.de/details/5881074665?utm_medium=api&utm_source=a4bcf954,"TEAM WORK? MAKES THE DREAM WORK! Als internationales Großhandelsunternehmen für Photovoltaik-Anlagen befinden wir uns mitten im Zukunftsmarkt der Solarenergie. Mit jedem ausgelieferten Produkt tragen wir dazu bei, den Energiewandel mitzugestalten. Das gilt an jedem einzelnen Arbeitsplatz und für jede einzelne Person in unserem Team. Damit wir unsere Position im Zukunftsmarkt weiter stärken können, suchen wir Verstärkung für unser Team und bieten neue Perspektiven für eine/n DATA SCIENCE ENGINEE…",Adzuna::API::Response::Job,full_time,,,
"{'tag': 'unknown', 'label': 'Unknown', '__CLASS__': 'Adzuna::API::Response::Category'}",9.1557,48.81065,Data Science Expert (m/w/d),5878627490,"{'__CLASS__': 'Adzuna::API::Response::Company', 'display_name': 'HCIE'}",2026-09-10T17:41:37Z,0,"{'area': ['Deutschland', 'Baden-Württemberg', 'Stuttgart', 'Feuerbach'], '__CLASS__': 'Adzuna::API::Response::Location', 'display_name': 'Feuerbach, Stuttgart'}",eyJhbGciOiJIUzI1NiJ9.eyJzIjoiWG94WEJrR3c4UkdZTTZuREFzVmZtdyIsImkiOiI1ODc4NjI3NDkwIn0.TzKX51fZNiWdvahgqkIV28xZF1COAYcx8H7-xh-k3ao,https://www.adzuna.de/details/5878627490?utm_medium=api&utm_source=a4bcf954,"Hanselmann & Compagnie ist eine Unternehmensberatung der es auf technologische Expertise, strategischen Weitblick und praxisorientierte Umsetzung ankommt. Setup Als Data Science Expert unterstützen Sie die digitale Transformation unserer Kunden: Sie sammeln, bereinigen und organisieren große Datenmengen und wenden statistische Modelle und Methoden an, um Vorhersagen zu treffen und Entscheidungen vorzubereiten. Dank Ihrer sehr guten Abstraktions- und Kommunikationsfähigkeit gelingt es Ihnen, Ihr…",Adzuna::API::Response::Job,full_time,,,
"{'label': 'Unknown', '__CLASS__': 'Adzuna::API::Response::Category', 'tag': 'unknown'}",7.10344,50.73754,Data Science Manager (m/w/d),5804577884,"{'__CLASS__': 'Adzuna::API::Response::Company', 'display_name': 'twomynds'}",2026-07-17T09:55:42Z,0,"{'__CLASS__': 'Adzuna::API::Response::Location', 'display_name': 'Zentrum, Bonn', 'area': ['Deutschland', 'Nordrhein-Westfalen', 'Bonn', 'Zentrum']}",eyJhbGciOiJIUzI1NiJ9.eyJzIjoiWG94WEJrR3c4UkdZTTZuREFzVmZtdyIsImkiOiI1ODA0NTc3ODg0In0.htYzn4AOq-VdRkaZqzKBCtmFccukfsyWwH0GtXM5MVc,https://www.adzuna.de/details/5804577884?utm_medium=api&utm_source=a4bcf954,"Über uns Du willst technische Verantwortung übernehmen und sehen, wie deine Arbeit in echten Use Cases Mehrwert schafft – bei Unternehmen, die du aus dem Alltag kennst? Willkommen bei twomynds. Wir sind eine dedizierte Data-&-AI-Beratung sowie ein Service Provider mit End-to-End-Umsetzung und begleiten Unternehmen von der strategischen Zielsetzung bis zur operativen Realisierung – strategisch, umsetzungsstark und ergebnisorientiert. Unsere Mission: Ambitionierte Unternehmen befähigen, Data & AI…",Adzuna::API::Response::Job,,,,
"{'tag': 'unknown', '__CLASS__': 'Adzuna::API::Response::Category', 'label': 'Unknown'}",7.112412,50.71942,Data Science Manager (m/w/d),5803061236,"{'display_name': 'twomynds', '__CLASS__': 'Adzuna::API::Response::Company'}",2026-07-16T16:27:05Z,0,"{'area': ['Deutschland', 'Nordrhein-Westfalen', 'Bonn'], '__CLASS__': 'Adzuna::API::Response::Location', 'display_name': 'Bonn, Nordrhein-Westfalen'}",eyJhbGciOiJIUzI1NiJ9.eyJzIjoiWG94WEJrR3c4UkdZTTZuREFzVmZtdyIsImkiOiI1ODAzMDYxMjM2In0.xiGWLYSfu4sKwOJBG7KsyIGNnHN2AAB_VpdooBoLGLI,https://www.adzuna.de/details/5803061236?utm_medium=api&utm_source=a4bcf954,"Über uns Du willst technische Verantwortung übernehmen und sehen, wie deine Arbeit in echten Use Cases Mehrwert schafft – bei Unternehmen, die du aus dem Alltag kennst? Willkommen bei twomynds. Wir sind eine dedizierte Data-&-AI-Beratung sowie ein Service Provider mit End-to-End-Umsetzung und begleiten Unternehmen von der strategischen Zielsetzung bis zur operativen Realisierung – strategisch, umsetzungsstark und ergebnisorientiert. Unsere Mission: Ambitionierte Unternehmen befähigen, Data & AI…",Adzuna::API::Response::Job,full_time,,,
"{'__CLASS__': 'Adzuna::API::Response::Category', 'label': 'Stellen aus Logistik & Lagerhaltung', 'tag': 'logistics-warehouse-jobs'}",8.45882,49.03084,Werkstudent Data Science (m/w/d),5727322915,"{'__CLASS__': 'Adzuna::API::Response::Company', 'display_name': 'Chrono24'}",2026-05-12T23:08:36Z,0,"{'area': ['Deutschland', 'Baden-Württemberg', 'Karlsruhe (Kreis)', 'Karlsruhe', 'Hagsfeld'], 'display_name': 'Hagsfeld, Karlsruhe', '__CLASS__': 'Adzuna::API::Response::Location'}",eyJhbGciOiJIUzI1NiJ9.eyJpIjoiNTcyNzMyMjkxNSIsInMiOiJYb3hYQmtHdzhSR1lNNm5EQXNWZm13In0.mxm7K3mDF5ajd2QPNvhRIVWH42-ydTdIBwfJcdQ0CS8,https://www.adzuna.de/details/5727322915?utm_medium=api&utm_source=a4bcf954,Darauf kannst Du dich freuen Du übernimmst eigenverantwortlich verschiedene Modellierungs- und Analyseprojekte und nutzt dabei unsere Marktplatzdaten sowie deine fundierten Methodenkenntnisse. Du bereitest Daten aus unterschiedlichen Systemen auf und setzt deine Fähigkeiten im Feature Engineering effektiv ein. Bei der Umsetzung von statistischen Modellen und Modell-Prototypen legst du großen Wert auf deren praktische Anwendbarkeit. Du führst statistisch fundierte Analysen und Simulationen durch…,Adzuna::API::Response::Job,part_time,,,
"{'__CLASS__': 'Adzuna::API::Response::Category', 'label': 'Unknown', 'tag': 'unknown'}",10.68758,53.86956,Praktikum Künstliche Intelligenz / Data Science Medizintechnik,5856675348,"{'display_name': 'Drägerwerk AG & Co. KGaA', '__CLASS__': 'Adzuna::API::Response::Company'}",2026-08-26T12:34:50Z,0,"{'area': ['Deutschland', 'Schleswig-Holstein', 'Lübeck', 'Lübeck'], 'display_name': 'Lübeck', '__CLASS__': 'Adzuna::API::Response::Location'}",eyJhbGciOiJIUzI1NiJ9.eyJpIjoiNTg1NjY3NTM0OCIsInMiOiJYb3hYQmtHdzhSR1lNNm5EQXNWZm13In0.AMH-cQK_ztIMBRhy4B7K0z3arE-uCFZSkdnvJitY2AE,https://www.adzuna.de/details/5856675348?utm_medium=api&utm_source=a4bcf954," Dafür suchen wir Dich Studieren macht Spaß – noch mehr, wenn du die Theorie auch in der Praxis erleben kannst. Bei Dräger bringst du vom ersten Tag an deine Ideen ein und übernimmst Verantwortung für ›Technik für das Leben‹. Im Bereich Workplace Infrastructure dreht sich alles um die Gestaltung moderner Arbeits- und Klinikumgebungen. Dabei spielen datenbasierte Entscheidungen, smarte Anwendungen und KI-gestützte Auswertungen eine immer größere Rolle. Im Bereich Künstliche Intelligenz unterstüt…",Adzuna::API::Response::Job,,,,contract
"{'label': 'Unknown', '__CLASS__': 'Adzuna::API::Response::Category', 'tag': 'unknown'}",11.62828,48.1475,Data Science Engineer (m/w/d),5727321876,"{'__CLASS__': 'Adzuna::API::Response::Company', 'display_name': 'smartvillage'}",2026-05-12T23:07:57Z,0,"{'area': ['Deutschland', 'Bayern', 'München (Kreis)', 'München', 'Bogenhausen'], 'display_name': 'Bogenhausen, München', '__CLASS__': 'Adzuna::API::Response::Location'}",eyJhbGciOiJIUzI1NiJ9.eyJzIjoiWG94WEJrR3c4UkdZTTZuREFzVmZtdyIsImkiOiI1NzI3MzIxODc2In0.gtq3yQJJgjQW0Vouh04LEWbvOo9CDfL6Hy2WpIBa9dI,https://www.adzuna.de/details/5727321876?utm_medium=api&utm_source=a4bcf954,"Dafür brauchen wir Dich Für ein neues Digital-Projekt in der MICE-Branche suchen wir Dich: eine Persönlichkeit, die Lust hat, mit uns Dinge neu zu denken, Ideen Realität werden zu lassen und die Zukunft unserer Branche aktiv mitzugestalten. Dateninfrastruktur & Skalierung: Du entwickelst und verantwortest unsere Dateninfrastruktur. Du baust robuste Pipelines, die Daten aus verschiedenen Quellen in ein sauberes, zuverlässiges Data Warehouse überführen und stellst Qualität, Konsistenz und Verfügb…",Adzuna::API::Response::Job,full_time,,,
"{'tag': 'unknown', 'label': 'Unknown', '__CLASS__': 'Adzuna::API::Response::Category'}",13.33722,50.91404,Duales Studium Data Science und Künstliche Intelligenz,5576690121,"{'display_name': 'Siltronic AG', '__CLASS__': 'Adzuna::API::Response::Company'}",2026-01-09T20:35:59Z,0,"{'area': ['Deutschland', 'Sachsen', 'Mittelsachsen (Kreis)', 'Freiberg'], '__CLASS__': 'Adzuna::API::Response::Location', 'display_name': 'Freiberg, Mittelsachsen (Kreis)'}",eyJhbGciOiJIUzI1NiJ9.eyJzIjoiWG94WEJrR3c4UkdZTTZuREFzVmZtdyIsImkiOiI1NTc2NjkwMTIxIn0.u81hyGJysG05n9T3Beiazn01wLjBImtwwKFK3YwHGd0,https://www.adzuna.de/details/5576690121?utm_medium=api&utm_source=a4bcf954,"Siltronic ist einer der weltweit größten Hersteller für Wafer aus Reinstsilizium und Partner vieler führender Chip-Hersteller mit rund 4.300 Mitarbeitenden und Produktionsstätten in Europa, Asien und den USA. Wir entwickeln und fertigen Wafer mit einem Durchmesser von bis zu 300 mm. Diese sind die Grundlage der modernen Mikro- und Nanoelektronik. In einem 3-jährigen Dualen Studium werden Theorie und Praxis gekonnt verbunden. Das hoch qualifizierende Studium wird durch breit gefächerte Praxisein…",Adzuna::API::Response::Job,full_time,,,
"{'__CLASS__': 'Adzuna::API::Response::Category', 'label': 'Unknown', 'tag': 'unknown'}",,,Duales Studium Wirtschaftsinformatik - Data Science 2027,5868838627,"{'display_name': 'Lidl Stiftung & Co. KG', '__CLASS__': 'Adzuna::API::Response::Company'}",2026-09-03T13:48:30Z,0,"{'area': ['Deutschland'], 'display_name': 'Deutschland', '__CLASS__': 'Adzuna::API::Response::Location'}",eyJhbGciOiJIUzI1NiJ9.eyJzIjoiWG94WEJrR3c4UkdZTTZuREFzVmZtdyIsImkiOiI1ODY4ODM4NjI3In0.4SjKmNqtGpg7f6jgLcHacHnz2uMrd_UCjZzXlUsBZA4,https://www.adzuna.de/details/5868838627?utm_medium=api&utm_source=a4bcf954,"Eine gute Idee war der Ursprung, ein erfolgreiches Konzept ist das Ergebnis. Qualität zum guten Preis möglichst vielen Menschen anbieten zu können treibt uns an - mittlerweile weltweit, denn wir sind Lidl. Hier ist das berufliche Zuhause vielfältiger Talente. Ob im Einkauf, in der Logistik, im Warengeschäft oder in der IT; ob als Impulsgeber, Gestalter oder Dienstleister der Länder. Wir suchen Anpacker, Durchstarter, Möglichmacher und bieten spannende Aufgaben und Projekte in einem dynamischen …",Adzuna::API::Response::Job,,,,
"{'tag': 'unknown', 'label': 'Unknown', '__CLASS__': 'Adzuna::API::Response::Category'}",9.2274,49.18975,Duales Studium Wirtschaftsinformatik - Data Science 2027,5867156926,"{'__CLASS__': 'Adzuna::API::Response::Company', 'display_name': 'Lidl Stiftung & Co. KG'}",2026-09-02T16:09:25Z,0,"{'area': ['Deutschland', 'Baden-Württemberg', 'Heilbronn (Kreis)', 'Neckarsulm'], '__CLASS__': 'Adzuna::API::Response::Location', 'display_name': 'Neckarsulm, Heilbronn (Kreis)'}",eyJhbGciOiJIUzI1NiJ9.eyJpIjoiNTg2NzE1NjkyNiIsInMiOiJYb3hYQmtHdzhSR1lNNm5EQXNWZm13In0.yXkABgKe7rQEnTDeigzhjgtGHZnxUbG859HsqE19bbM,https://www.adzuna.de/details/5867156926?utm_medium=api&utm_source=a4bcf954,"Eine gute Idee war der Ursprung, ein erfolgreiches Konzept ist das Ergebnis. Qualität zum guten Preis möglichst vielen Menschen anbieten zu können treibt uns an - mittlerweile weltweit, denn wir sind Lidl. Hier ist das berufliche Zuhause vielfältiger Talente. Ob im Einkauf, in der Logistik, im Warengeschäft oder in der IT; ob als Impulsgeber, Gestalter oder Dienstleister der Länder. Wir suchen Anpacker, Durchstarter, Möglichmacher und bieten spannende Aufgaben und Projekte in einem dynamischen …",Adzuna::API::Response::Job,,,,
"{'label': 'Unknown', '__CLASS__': 'Adzuna::API::Response::Category', 'tag': 'unknown'}",13.420806,52.507706,Teamlead Data Science - Data & AI Research (m/w/d),5880042143,"{'__CLASS__': 'Adzuna::API::Response::Company', 'display_name': 'Würth Deutschland'}",2026-09-11T19:51:00Z,0,"{'display_name': 'Berlin, Deutschland', '__CLASS__': 'Adzuna::API::Response::Location', 'area': ['Deutschland', 'Berlin']}",eyJhbGciOiJIUzI1NiJ9.eyJzIjoiWG94WEJrR3c4UkdZTTZuREFzVmZtdyIsImkiOiI1ODgwMDQyMTQzIn0.TJYx1uUQ1zDPDIG_L1d0epVNxMUUgTni7-pdtFs1QUw,https://www.adzuna.de/details/5880042143?utm_medium=api&utm_source=a4bcf954,"Die Adolf Würth GmbH & Co. KG ist führender Hersteller von Befestigungstechnik für die professionelle Anwendung. Das Familienunternehmen ist das größte Einzelunternehmen der weltweit tätigen Würth-Gruppe und beschäftigt in Deutschland über 8.000 Mitarbeitende. Rund 87.000 sind bei der Würth-Gruppe beschäftigt. Hohe Eigenmotivation, große Gestaltungsfreiräume und eine starke Kollegialität zeichnen die Unternehmenskultur aus. Neugierig geworden? Jetzt informieren und Teil der Würth Familie werden…",Adzuna::API::Response::Job,,,,
"{'tag': 'unknown', 'label': 'Unknown', '__CLASS__': 'Adzuna::API::Response::Category'}",11.555737,48.137418,PhD student at the Chair of Marketing Analytics (f/m/d),5881805008,"{'__CLASS__': 'Adzuna::API::Response::Company', 'display_name': 'Technische Universität München '}",2026-09-12T23:11:04Z,0,"{'__CLASS__': 'Adzuna::API::Response::Location', 'display_name': 'München, München (Kreis)', 'area': ['Deutschland', 'Bayern', 'München (Kreis)', 'München']}",eyJhbGciOiJIUzI1NiJ9.eyJpIjoiNTg4MTgwNTAwOCIsInMiOiJYb3hYQmtHdzhSR1lNNm5EQXNWZm13In0.YVnfbi6mMSoSQ-Ng4rXFMe7xVHkIaAIQP9oz6v2SAB4,https://www.adzuna.de/land/ad/5881805008?se=XoxXBkGw8RGYM6nDAsVfmw&utm_medium=api&utm_source=a4bcf954&v=61B038EC828907BB18952F0AEAD8781147A17211,"Professorship of Marketing Analytics TUM School of Management, Technical University of Munich We are hiring a PhD student for a project within TransforM: Munich Center for Transformative Technologies and Societal Change . As a Cluster of Excellence funded by the German Research Foundation (DFG), TransforM’s goal is to better understand why, when, and how technologies become socially transformative, and to critically assess and inform transformation pathways – from the early stages of their emer…",Adzuna::API::Response::Job,,,,
"{'__CLASS__': 'Adzuna::API::Response::Category', 'label': 'IT-Stellen', 'tag': 'it-jobs'}",7.621504,51.955292,Werkstudent KI & Data Science (m/w/d),5875643139,"{'__CLASS__': 'Adzuna::API::Response::Company', 'display_name': 'Thalia Bücher GmbH'}",2026-09-08T16:41:13Z,0,"{'__CLASS__': 'Adzuna::API::Response::Location', 'display_name': 'Münster, Nordrhein-Westfalen', 'area': ['Deutschland', 'Nordrhein-Westfalen', 'Münster']}",eyJhbGciOiJIUzI1NiJ9.eyJzIjoiWG94WEJrR3c4UkdZTTZuREFzVmZtdyIsImkiOiI1ODc1NjQzMTM5In0.i788-TkL-SJE5BnjpoNPfkAl9OdohF01l1asuwnu4NE,https://www.adzuna.de/details/5875643139?utm_medium=api&utm_source=a4bcf954,"Stellenbeschreibung Als Werkstudent (m/w/d) im Bereich Künstliche Intelligenz und Data Science wirst du ein wertvolles Mitglied unseres Teams. Im Rahmen deiner Tätigkeit begleitest du laufende Data-Science-Projekte von der Datenaufbereitung bis zur Präsentation der Ergebnisse und übernimmst eigenständig Ad-hoc-Analysen für unsere Fachbereiche. Dabei arbeitest du mit echten Handelsdaten und lernst, wie aus Daten Entscheidungen werden. Deine Aufgaben bei uns Ad-hoc-Analysen: Du beantwortest konkr…",Adzuna::API::Response::Job,,,,
"{'label': 'Unknown', '__CLASS__': 'Adzuna::API::Response::Category', 'tag': 'unknown'}",,,"Senior Manager, Data Science (m/f/d)",5877893409,"{'display_name': 'Redcare Pharmacy', '__CLASS__': 'Adzuna::API::Response::Company'}",2026-09-10T04:43:50Z,0,"{'area': ['Deutschland', 'Nordrhein-Westfalen', 'Köln'], 'display_name': 'Köln, Nordrhein-Westfalen', '__CLASS__': 'Adzuna::API::Response::Location'}",eyJhbGciOiJIUzI1NiJ9.eyJpIjoiNTg3Nzg5MzQwOSIsInMiOiJYb3hYQmtHdzhSR1lNNm5EQXNWZm13In0.qmkhbvEUGg3nvDNpyqEjSZv2tFkgCOMviVOgQ2uSojo,https://www.adzuna.de/details/5877893409?utm_medium=api&utm_source=a4bcf954,"Job Description About your tasks: Lead, develop, and enable a growing Data Science team of internal and external colleagues, creating clarity on priorities, supporting their professional development, and fostering an inclusive, high-performing environment. Act as a hands-on technical sparring partner for your team and stakeholders on data science, machine learning, and model evaluation—balancing business needs with analytical rigor and scalable implementation. Strengthen experimentation and mea…",Adzuna::API::Response::Job,,,,
"{'__CLASS__': 'Adzuna::API::Response::Category', 'label': 'Unknown', 'tag': 'unknown'}",13.420806,52.507706,"Senior Manager, Data Science (m/f/d)",5877893408,"{'display_name': 'Redcare Pharmacy', '__CLASS__': 'Adzuna::API::Response::Company'}",2026-09-10T04:43:50Z,0,"{'__CLASS__': 'Adzuna::API::Response::Location', 'display_name': 'Berlin, Deutschland', 'area': ['Deutschland', 'Berlin']}",eyJhbGciOiJIUzI1NiJ9.eyJpIjoiNTg3Nzg5MzQwOCIsInMiOiJYb3hYQmtHdzhSR1lNNm5EQXNWZm13In0.gCwotYVlFjt5p3NdDRYyOO1z3F1SoSVx_AWDlw_hyfA,https://www.adzuna.de/details/5877893408?utm_medium=api&utm_source=a4bcf954,"Job Description About your tasks: Lead, develop, and enable a growing Data Science team of internal and external colleagues, creating clarity on priorities, supporting their professional development, and fostering an inclusive, high-performing environment. Act as a hands-on technical sparring partner for your team and stakeholders on data science, machine learning, and model evaluation—balancing business needs with analytical rigor and scalable implementation. Strengthen experimentation and mea…",Adzuna::API::Response::Job,,,,
"{'label': 'IT-Stellen', '__CLASS__': 'Adzuna::API::Response::Category', 'tag': 'it-jobs'}",,,"Duales Studium: ""Data Science & künstliche Intelligenz"" (w/m/d), Ulm, Start 2027",5883231101,"{'display_name': 'Hensoldt', '__CLASS__': 'Adzuna::API::Response::Company'}",2026-09-14T05:54:10Z,0,"{'display_name': 'Deutschland', '__CLASS__': 'Adzuna::API::Response::Location', 'area': ['Deutschland']}",eyJhbGciOiJIUzI1NiJ9.eyJzIjoiWG94WEJrR3c4UkdZTTZuREFzVmZtdyIsImkiOiI1ODgzMjMxMTAxIn0.td-bpcm6JBwhmrXTNzPXyjnhMeSYZue-LmYh8dqjIrE,https://www.adzuna.de/land/ad/5883231101?se=XoxXBkGw8RGYM6nDAsVfmw&utm_medium=api&utm_source=a4bcf954&v=D9833C6614A93278D86DA57FBC550EEA7D5DE063,"Job Description Prüfen Sie unten, ob Sie die Voraussetzungen für diese Stelle erfüllen, und wenn ja, bewerben Sie sich so schnell wie möglich. HENSOLDT ist ein führendes europäisches Hightech-Unternehmen der Verteidigungs- und Sicherheitsindustrie mit Sitz in Taufkirchen bei München. Das Unternehmen entwickelt Sensorlösungen, Elektronik und Software für die Bereiche Luft, Land, See, Cyber und Weltraum und unterstützt Streitkräfte weltweit dabei, Bedrohungen frühzeitig zu erkennen und fundierte …",Adzuna::API::Response::Job,,,,
"{'tag': 'it-jobs', '__CLASS__': 'Adzuna::API::Response::Category', 'label': 'IT-Stellen'}",,,Dual Student In Data Science And Artificial Intelligence - Digital Production (b.sc.) Starting October 2027,5882131935,"{'__CLASS__': 'Adzuna::API::Response::Company', 'display_name': 'BBC Cellpack GmbH'}",2026-09-13T05:24:44Z,0,"{'__CLASS__': 'Adzuna::API::Response::Location', 'display_name': 'Deutschland', 'area': ['Deutschland']}",eyJhbGciOiJIUzI1NiJ9.eyJpIjoiNTg4MjEzMTkzNSIsInMiOiJYb3hYQmtHdzhSR1lNNm5EQXNWZm13In0.jwdKRFCA32waqjo0cuPItT-N3LqTj3STd2Lm0AGU2cw,https://www.adzuna.de/land/ad/5882131935?se=XoxXBkGw8RGYM6nDAsVfmw&utm_medium=api&utm_source=a4bcf954&v=D54A9FEFF7A9B1A2B779468072B68B4609D1A21D,"BBC Cellpack was founded in 1935 in Vilmergen, Switzerland, as a successor to Dreifuss Brothers AG. Originally focused on cellophane packaging, the company quickly evolved through the pioneering spirit of the Dreifuss brothers, who recognized the potential of new materials and developed high-quality industrial goods. This innovative mindset laid the foundation for decades of progress . click apply for full job details",Adzuna::API::Response::Job,,,,
"{'label': 'Unknown', '__CLASS__': 'Adzuna::API::Response::Category', 'tag': 'unknown'}",6.969972,50.940164,"Senior Manager, Data Science (m/f/d)",5878464064,"{'__CLASS__': 'Adzuna::API::Response::Company', 'display_name': 'Redcare Pharmacy'}",2026-09-10T14:32:24Z,0,"{'area': ['Deutschland', 'Nordrhein-Westfalen', 'Köln'], '__CLASS__': 'Adzuna::API::Response::Location', 'display_name': 'Köln, Nordrhein-Westfalen'}",eyJhbGciOiJIUzI1NiJ9.eyJpIjoiNTg3ODQ2NDA2NCIsInMiOiJYb3hYQmtHdzhSR1lNNm5EQXNWZm13In0.7ts8ITvqcYungptwMJN6K4dwZLoiYAmghrKB_ELk5MI,https://www.adzuna.de/details/5878464064?utm_medium=api&utm_source=a4bcf954,"Company Description About the role: As Senior Manager, Data Science, you will lead a growing team of data scientists and help shape high-impact data and AI products across Redcare Pharmacy. You will combine strong people leadership with hands-on data science and machine learning expertise, enabling your team to turn complex business challenges into reliable, measurable solutions. A central focus of the role is supporting our product teams, including our demand forecasting and replenishment prod…",Adzuna::API::Response::Job,,,,
"{'__CLASS__': 'Adzuna::API::Response::Category', 'label': 'Beraterstellen', 'tag': 'consultancy-jobs'}",13.40933,52.52219,Senior Manager – Data Science (m/w/d),5875782951,"{'__CLASS__': 'Adzuna::API::Response::Company', 'display_name': 'Simon-Kucher'}",2026-09-08T18:47:32Z,0,"{'display_name': 'Mitte, Berlin', '__CLASS__': 'Adzuna::API::Response::Location', 'area': ['Deutschland', 'Berlin', 'Mitte']}",eyJhbGciOiJIUzI1NiJ9.eyJzIjoiWG94WEJrR3c4UkdZTTZuREFzVmZtdyIsImkiOiI1ODc1NzgyOTUxIn0._BjPUWfu0LG8LUuTKka2Hr-hXv8WqMBUf_6b5ZY8aJc,https://www.adzuna.de/details/5875782951?utm_medium=api&utm_source=a4bcf954,"Senior Manager – Data Science (m/w/d) In Deutschland - Berlin | Bonn | Frankfurt/Main | Hamburg | Köln | München Du suchst ein innovatives und agiles Arbeitsumfeld, in dem du bei namhaften Unternehmen und Start-ups echten Mehrwert schaffen kannst? Dann werde Teil von Elevate, dem Beratungsteam von Simon-Kucher für digitale Transformations- und KI-Projekte. Unterstütze Unternehmen dabei, fundierte Entscheidungen zu treffen und nachhaltiges Wachstum zu erzielen, indem du Daten in konkrete und ums…",Adzuna::API::Response::Job,,,,
"{'__CLASS__': 'Adzuna::API::Response::Category', 'label': 'Unknown', 'tag': 'unknown'}",10.10558,48.78408,AI & Data Science Engineer (m/w/d),5836692388,"{'__CLASS__': 'Adzuna::API::Response::Company', 'display_name': 'cigus GmbH'}",2026-08-11T13:55:30Z,0,"{'display_name': 'Oberkochen, Ostalbkreis', '__CLASS__': 'Adzuna::API::Response::Location', 'area': ['Deutschland', 'Baden-Württemberg', 'Ostalbkreis', 'Oberkochen']}",eyJhbGciOiJIUzI1NiJ9.eyJzIjoiWG94WEJrR3c4UkdZTTZuREFzVmZtdyIsImkiOiI1ODM2NjkyMzg4In0.cHKxOvYjy02kILA0DVnpN6_rbl1OBBc1i3NqK9XrY8A,https://www.adzuna.de/details/5836692388?utm_medium=api&utm_source=a4bcf954,"Hochtechnologie und Innovation …aktiv mitgestalten und vorantreiben – für diese Position suchen wir eine engagierte Persönlichkeit (m/w/d), die mit Ideenreichtum, Verantwortungsbewusstsein und fachlicher Kompetenz überzeugt. Als Beratungsunternehmen unterstützen wir unseren Kunden bei der Suche nach einer passenden Person, die Herausforderungen nicht als Hürde, sondern als spannende Möglichkeit zur Weiterentwicklung versteht. Das erwartet dich: Entwicklung und Implementierung von Datenanalyse-,…",Adzuna::API::Response::Job,,,,
"{'tag': 'it-jobs', '__CLASS__': 'Adzuna::API::Response::Category', 'label': 'IT-Stellen'}",10.904,48.38236,Studium mit vertiefter Praxis: Data Science B.Sc.,5727348288,"{'display_name': 'XITASO', '__CLASS__': 'Adzuna::API::Response::Company'}",2026-05-12T23:30:21Z,0,"{'__CLASS__': 'Adzuna::API::Response::Location', 'display_name': 'Lechhausen, Augsburg', 'area': ['Deutschland', 'Bayern', 'Augsburg (Kreis)', 'Augsburg', 'Lechhausen']}",eyJhbGciOiJIUzI1NiJ9.eyJpIjoiNTcyNzM0ODI4OCIsInMiOiJYb3hYQmtHdzhSR1lNNm5EQXNWZm13In0.OhJ_FsNuzvXXBPKTRu61Fn8C0DZG3SMM_-q7CcAAUcM,https://www.adzuna.de/details/5727348288?utm_medium=api&utm_source=a4bcf954,"Das ist die Herausforderung Im Studium mit vertiefter Praxis kombinierst Du ideal Theorie und Praxis . Deine im Hochschulstudium erworbenen Kenntnisse wendest Du in den betrieblichen Praxisphasen in konkreten Projekten an. So lernst Du nicht nur, warum etwas funktioniert, sondern auch, wie es funktioniert und wie es gemacht wird. In den 3,5 Jahren deines Bachelorstudiums absolvierst Du in den vorlesungsfreien Zeiten sowie im Praxissemester Deine Praxisphasen bei XITASO. Auch Deine Bachelorarbei…",Adzuna::API::Response::Job,part_time,,,
"{'label': 'Unknown', '__CLASS__': 'Adzuna::API::Response::Category', 'tag': 'unknown'}",10.89379,48.357096,Studium mit vertiefter Praxis: Data Science B.Sc.,5802896200,"{'__CLASS__': 'Adzuna::API::Response::Company', 'display_name': 'XITASO GmbH'}",2026-07-16T15:50:09Z,0,"{'__CLASS__': 'Adzuna::API::Response::Location', 'display_name': 'Augsburg, Augsburg (Kreis)', 'area': ['Deutschland', 'Bayern', 'Augsburg (Kreis)', 'Augsburg']}",eyJhbGciOiJIUzI1NiJ9.eyJzIjoiWG94WEJrR3c4UkdZTTZuREFzVmZtdyIsImkiOiI1ODAyODk2MjAwIn0.5oudEks36Zmmv83g2hwKKOQHf4h0Od_uhrEloCfR-vg,https://www.adzuna.de/details/5802896200?utm_medium=api&utm_source=a4bcf954,"Das ist die Herausforderung Im Studium mit vertiefter Praxis kombinierst Du ideal Theorie und Praxis. Deine im Hochschulstudium erworbenen Kenntnisse wendest Du in den betrieblichen Praxisphasen in konkreten Projekten an. So lernst Du nicht nur, warum etwas funktioniert, sondern auch, wie es funktioniert und wie es gemacht wird. In den 3,5 Jahren deines Bachelorstudiums absolvierst Du in den vorlesungsfreien Zeiten sowie im Praxissemester Deine Praxisphasen bei XITASO. Auch Deine Bachelorarbeit…",Adzuna::API::Response::Job,,,,
"{'tag': 'unknown', '__CLASS__': 'Adzuna::API::Response::Category', 'label': 'Unknown'}",13.396,52.4984,Werkstudent (w/m/d) Data Science & AI,5839130894,"{'display_name': 'FLEX Capital Management GmbH', '__CLASS__': 'Adzuna::API::Response::Company'}",2026-08-13T02:34:36Z,0,"{'__CLASS__': 'Adzuna::API::Response::Location', 'display_name': 'Kreuzberg, Berlin', 'area': ['Deutschland', 'Berlin', 'Kreuzberg']}",eyJhbGciOiJIUzI1NiJ9.eyJzIjoiWG94WEJrR3c4UkdZTTZuREFzVmZtdyIsImkiOiI1ODM5MTMwODk0In0.npN_yWARfcTMzdirIrUTKBAHKK-D_4XP9YMttBoS9ws,https://www.adzuna.de/details/5839130894?utm_medium=api&utm_source=a4bcf954,"Info: Als Werkstudent (w/m/d) im Bereich Data Science & AI wirst du Teil des Data & AI-Teams von FLEX Capital und arbeitest an der Entwicklung und Umsetzung datengetriebener Lösungen für unsere Portfoliounternehmen sowie interne Projekte. Du unterstützt das Team nicht nur operativ, sondern übernimmst – je nach Erfahrung – auch eigene Projekte von der Konzeption über die Umsetzung bis zum Deployment. Damit bekommst du die Chance, praktische Verantwortung zu übernehmen und reale AI-Anwendungen in…",Adzuna::API::Response::Job,part_time,,,contract
"{'tag': 'unknown', '__CLASS__': 'Adzuna::API::Response::Category', 'label': 'Unknown'}",10.01166,53.61011,Business Analyst Data Science (m/w/d),5863612058,"{'display_name': 'EDEKA ZENTRALE Stiftung & Co. KG', '__CLASS__': 'Adzuna::API::Response::Company'}",2026-09-01T02:47:57Z,0,"{'__CLASS__': 'Adzuna::API::Response::Location', 'display_name': 'Alsterdorf, Hamburg', 'area': ['Deutschland', 'Hamburg', 'Alsterdorf']}",eyJhbGciOiJIUzI1NiJ9.eyJzIjoiWG94WEJrR3c4UkdZTTZuREFzVmZtdyIsImkiOiI1ODYzNjEyMDU4In0.krWqfskZeXldyYv-LvaAZkkxwTmvxC8IM-yK9rNXDes,https://www.adzuna.de/details/5863612058?utm_medium=api&utm_source=a4bcf954,"Die Koordination der EDEKA-Strategie erfolgt in der Hamburger EDEKA-Zentrale. Sie steuert das nationale Warengeschäft ebenso wie die erfolgreiche Kampagne „Wir lieben Lebensmittel“ und gibt vielfältige Impulse zur Realisierung verbundübergreifender Ziele. Mit dem Tochterunternehmen Netto Marken-Discount setzt sie darüber hinaus erfolgreiche Akzente im Discountgeschäft. EDEKA erzielte 2025 mit rund 10.900 Märkten und rund 417.500 Mitarbeitenden einen Umsatz von 77,3 Mrd. Euro. Mit rund 20.900 Au…",Adzuna::API::Response::Job,full_time,,,permanent
"{'tag': 'creative-design-jobs', 'label': 'Stellen aus Kreation & Design', '__CLASS__': 'Adzuna::API::Response::Category'}",,,Business Analyst Data Science (m/w/d),5882804072,"{'display_name': 'CGI', '__CLASS__': 'Adzuna::API::Response::Company'}",2026-09-13T18:30:00Z,0,"{'area': ['Deutschland'], 'display_name': 'Deutschland', '__CLASS__': 'Adzuna::API::Response::Location'}",eyJhbGciOiJIUzI1NiJ9.eyJzIjoiWG94WEJrR3c4UkdZTTZuREFzVmZtdyIsImkiOiI1ODgyODA0MDcyIn0.gN7q8rOB39cGwPb8zvTqlR4YFXtNm9ybxeHHM1Wrvdk,https://www.adzuna.de/details/5882804072?utm_medium=api&utm_source=a4bcf954,"Position Description: Daten, Analytics und Künstliche Intelligenz verändern die Finanzbranche grundlegend. Banken stehen vor der Herausforderung, ihre Daten nicht nur effizient zu verwalten, sondern daraus konkrete Mehrwerte für Kunden, Prozesse und Geschäftsmodelle zu schaffen. Als Business Analyst Data Science (m/w/d) bei CGI arbeitest du genau an dieser Schnittstelle: Du verstehst die fachlichen Herausforderungen unserer Kunden, identifizierst datengetriebene Use Cases und übersetzt Business…",Adzuna::API::Response::Job,full_time,,,
"{'__CLASS__': 'Adzuna::API::Response::Category', 'label': 'Unknown', 'tag': 'unknown'}",8.79958,47.98941,Duales Studium Data Science und Künstliche Intelligenz | 2027,5802937350,"{'__CLASS__': 'Adzuna::API::Response::Company', 'display_name': 'KLS Martin Group'}",2026-07-16T15:57:34Z,0,"{'display_name': 'Tuttlingen, Tuttlingen (Kreis)', '__CLASS__': 'Adzuna::API::Response::Location', 'area': ['Deutschland', 'Baden-Württemberg', 'Tuttlingen (Kreis)', 'Tuttlingen']}",eyJhbGciOiJIUzI1NiJ9.eyJpIjoiNTgwMjkzNzM1MCIsInMiOiJYb3hYQmtHdzhSR1lNNm5EQXNWZm13In0.mXwhs_mmKg-hAb1l0w5OYsZFuv6-67kic1kg8jZKmuc,https://www.adzuna.de/details/5802937350?utm_medium=api&utm_source=a4bcf954,"Du möchtest die digitale Welt aktiv mitgestalten und datengetriebene Lösungen für reale Herausforderungen entwickeln? Dann starte dein duales Studium im Studiengang Data Science & Künstliche Intelligenz an der DHBW Ravensburg und verbinde akademisches Wissen mit spannender Praxiserfahrung in der Medizintechnik. In deinen Theoriephasen eignest du dir fundierte Grundlagen in Programmierung, Mathematik und Statistik an Darüber hinaus baust du Kenntnisse in Data Science, Machine Learning und Künstl…",Adzuna::API::Response::Job,,,,
"{'label': 'Stellen aus Wissenschaft & Qualitätssicherung', '__CLASS__': 'Adzuna::API::Response::Category', 'tag': 'scientific-qa-jobs'}",10.10558,48.78408,AI & Data Science Manager (m/w/d),5836271332,"{'__CLASS__': 'Adzuna::API::Response::Company', 'display_name': 'encontec GmbH'}",2026-08-11T04:10:14Z,0,"{'display_name': 'Oberkochen, Ostalbkreis', '__CLASS__': 'Adzuna::API::Response::Location', 'area': ['Deutschland', 'Baden-Württemberg', 'Ostalbkreis', 'Oberkochen']}",eyJhbGciOiJIUzI1NiJ9.eyJpIjoiNTgzNjI3MTMzMiIsInMiOiJYb3hYQmtHdzhSR1lNNm5EQXNWZm13In0.9EzOmNzYfGEZJ4LahK2qe0caGLZd9cnBRohk16bkGuU,https://www.adzuna.de/details/5836271332?utm_medium=api&utm_source=a4bcf954,"AI & Data Science Manager (m/w/d) Bei unserem namhaften Kunden im Raum Aalen/Oberkochen - einem führenden Unternehmen der Hightechindustrie - bietet sich diese einmalige Perspektive im Rahmen der Arbeitnehmerüberlassung mit der Option auf Übernahme. Dein zukünftiger Tätigkeitsbereich Zentrale Mitgestaltung der technologischen Zukunft in einem Hightech-Umfeld sowie aktiver Beitrag zur digitalen Transformation und zur Sicherung der Wettbewerbsfähigkeit Verantwortung für die Entwicklung, Implement…",Adzuna::API::Response::Job,full_time,68000.0,75000.0,
"{'tag': 'unknown', '__CLASS__': 'Adzuna::API::Response::Category', 'label': 'Unknown'}",10.10558,48.78408,AI Data Science Engineer (m/w/d),5839580885,"{'__CLASS__': 'Adzuna::API::Response::Company', 'display_name': 'FERCHAU GmbH'}",2026-08-13T07:31:47Z,0,"{'display_name': 'Oberkochen, Ostalbkreis', '__CLASS__': 'Adzuna::API::Response::Location', 'area': ['Deutschland', 'Baden-Württemberg', 'Ostalbkreis', 'Oberkochen']}",eyJhbGciOiJIUzI1NiJ9.eyJzIjoiWG94WEJrR3c4UkdZTTZuREFzVmZtdyIsImkiOiI1ODM5NTgwODg1In0.zyGICTIQcC4aZOXuHODUFiYmY7SzwfECvyaPoDfk2Y4,https://www.adzuna.de/details/5839580885?utm_medium=api&utm_source=a4bcf954,"Menschen und Technologien zu verbinden, den Perfect Match für unsere Kunden zu gestalten, immer die richtigen Expert:innen für die jeweilige Herausforderung zu finden - das ist unser Anspruch bei FERCHAU und dafür suchen wir dich: Dein Aufgabengebiet * Entwicklung und Implementierung von Datenanalyse- und Machine-Learning-Lösungen für Messsysteme * Konzeption, Programmierung und Integration neuer Algorithmen zur Auswertung großer Datensätze * Anwendung von Methoden wie Deep Learning, Bildverarb…",Adzuna::API::Response::Job,,,,
"{'label': 'Unknown', '__CLASS__': 'Adzuna::API::Response::Category', 'tag': 'unknown'}",11.11021,49.50401,Data Science Consultant (m/f/x/d),5849254835,"{'display_name': 'WhyBrilliant GmbH', '__CLASS__': 'Adzuna::API::Response::Company'}",2026-08-20T05:31:08Z,0,"{'area': ['Deutschland', 'Bayern', 'Nürnberg', 'Buchenbühl'], '__CLASS__': 'Adzuna::API::Response::Location', 'display_name': 'Buchenbühl, Nürnberg'}",eyJhbGciOiJIUzI1NiJ9.eyJpIjoiNTg0OTI1NDgzNSIsInMiOiJYb3hYQmtHdzhSR1lNNm5EQXNWZm13In0.WHTA2C4AjLy1Hpi65qJgwx7C5AbaBFWGShmGqE85KV4,https://www.adzuna.de/details/5849254835?utm_medium=api&utm_source=a4bcf954,"WhyBrilliant is sourcing applicants for this role on behalf of an innovative German AI scale-up bridging psychology and advanced data analytics. The company's identity may stay confidential until first contact. Atlas, our AI Recruiter, is running this search and will pick the best candidates from Nova's network. The next step is to speak to Nova . The Role Job Title: Data Science Consultant (m/f/x/d) Location: Nuremberg, Germany Why this role matters As organizations struggle to extract actiona…",Adzuna::API::Response::Job,full_time,70000.0,95000.0,permanent
"{'__CLASS__': 'Adzuna::API::Response::Category', 'label': 'Unknown', 'tag': 'unknown'}",7.10344,50.73754,AI & Data Science Consultant (m/w/d),5804554861,"{'__CLASS__': 'Adzuna::API::Response::Company', 'display_name': 'twomynds'}",2026-07-17T09:51:02Z,0,"{'area': ['Deutschland', 'Nordrhein-Westfalen', 'Bonn', 'Zentrum'], 'display_name': 'Zentrum, Bonn', '__CLASS__': 'Adzuna::API::Response::Location'}",eyJhbGciOiJIUzI1NiJ9.eyJpIjoiNTgwNDU1NDg2MSIsInMiOiJYb3hYQmtHdzhSR1lNNm5EQXNWZm13In0.BupKDPPB36hKRZb6t2-IZj2sd9Vg1m5vV-ZiGo4H2L8,https://www.adzuna.de/details/5804554861?utm_medium=api&utm_source=a4bcf954,"Du willst sehen, wie deine Arbeit in echten Use Cases Mehrwert schafft – bei Unternehmen, die du aus dem Alltag kennst? Willkommen bei twomynds. Wir sind eine dedizierte Data-&-AI-Beratung sowie ein Service Provider mit End-to-End-Umsetzung und begleiten Unternehmen von der strategischen Zielsetzung bis zur operativen Realisierung – strategisch, umsetzungsstark und ergebnisorientiert. Unsere Mission: Ambitionierte Unternehmen befähigen, Data & AI in geschäftskritischen Mehrwert zu verwandeln – …",Adzuna::API::Response::Job,,,,
"{'label': 'Unknown', '__CLASS__': 'Adzuna::API::Response::Category', 'tag': 'unknown'}",7.112412,50.71942,AI & Data Science Consultant (m/w/d),5802963268,"{'display_name': 'twomynds', '__CLASS__': 'Adzuna::API::Response::Company'}",2026-07-16T16:04:38Z,0,"{'area': ['Deutschland', 'Nordrhein-Westfalen', 'Bonn'], '__CLASS__': 'Adzuna::API::Response::Location', 'display_name': 'Bonn, Nordrhein-Westfalen'}",eyJhbGciOiJIUzI1NiJ9.eyJzIjoiWG94WEJrR3c4UkdZTTZuREFzVmZtdyIsImkiOiI1ODAyOTYzMjY4In0.oUmIqYx82ziPidtVZnSdzYlfxklkT_BkWLi_jPmxFcE,https://www.adzuna.de/details/5802963268?utm_medium=api&utm_source=a4bcf954,"Du willst sehen, wie deine Arbeit in echten Use Cases Mehrwert schafft – bei Unternehmen, die du aus dem Alltag kennst? Willkommen bei twomynds. Wir sind eine dedizierte Data-&-AI-Beratung sowie ein Service Provider mit End-to-End-Umsetzung und begleiten Unternehmen von der strategischen Zielsetzung bis zur operativen Realisierung – strategisch, umsetzungsstark und ergebnisorientiert. Unsere Mission: Ambitionierte Unternehmen befähigen, Data & AI in geschäftskritischen Mehrwert zu verwandeln – …",Adzuna::API::Response::Job,full_time,,,
"{'label': 'Unknown', 'tag': 'unknown', '__CLASS__': 'Adzuna::API::Response::Category'}",,,Senior Scientist Data Science (f/m/d),5775814381,"{'__CLASS__': 'Adzuna::API::Response::Company', 'display_name': 'Danaher Corporation'}",2026-06-25T07:51:26Z,0,"{'display_name': 'Köln, Nordrhein-Westfalen', 'area': ['Deutschland', 'Nordrhein-Westfalen', 'Köln'], '__CLASS__': 'Adzuna::API::Response::Location'}",eyJhbGciOiJIUzI1NiJ9.eyJzIjoiS3IyR0IwR3c4UkdWYTYzX2pNMXJaUSIsImkiOiI1Nzc1ODE0MzgxIn0.tsDPmwYmMIs5zLjdk3reQYr0f2JBzrr3UE0AbfvvMKU,https://www.adzuna.de/details/5775814381?utm_medium=api&utm_source=a4bcf954,"Bring more to life. Are you ready to accelerate your potential and make a real difference within life sciences, diagnostics and biotechnology? At Cytiva, one of Danaher's (https://danaher.com/our-businesses) 15 operating companies, our work saves lives-and we're all united by a shared commitment to innovate for tangible impact. You'll thrive in a culture of belonging where you and your unique viewpoint matter. And by harnessing Danaher's system of continuous improvement, you help turn ideas int…",Adzuna::API::Response::Job,,,,
"{'__CLASS__': 'Adzuna::API::Response::Category', 'tag': 'unknown', 'label': 'Unknown'}",,,Senior Scientist Data Science (f/m/d),5821242140,"{'display_name': 'Danaher', '__CLASS__': 'Adzuna::API::Response::Company'}",2026-07-30T17:30:10Z,0,"{'__CLASS__': 'Adzuna::API::Response::Location', 'area': ['Deutschland'], 'display_name': 'Deutschland'}",eyJhbGciOiJIUzI1NiJ9.eyJzIjoiS3IyR0IwR3c4UkdWYTYzX2pNMXJaUSIsImkiOiI1ODIxMjQyMTQwIn0.vULRIkPkPErDYtKvfJCmPANpdzzfEFB-wzyfEQN9TI0,https://www.adzuna.de/details/5821242140?utm_medium=api&utm_source=a4bcf954,"Bring more to life. Are you ready to accelerate your potential and make a real difference within life sciences, diagnostics and biotechnology? At Cytiva, one of Danaher’s 15 operating companies, our work saves lives—and we’re all united by a shared commitment to innovate for tangible impact. You’ll thrive in a culture of belonging where you and your unique viewpoint matter. And by harnessing Danaher’s system of continuous improvement, you help turn ideas into impact – innovating at the speed of…",Adzuna::API::Response::Job,full_time,,,
"{'label': 'Unknown', 'tag': 'unknown', '__CLASS__': 'Adzuna::API::Response::Category'}",7.112412,50.71942,Data Science & Solutions Consultant (m/w/d),5802960629,"{'display_name': 'twomynds', '__CLASS__': 'Adzuna::API::Response::Company'}",2026-07-16T16:04:07Z,0,"{'display_name': 'Bonn, Nordrhein-Westfalen', 'area': ['Deutschland', 'Nordrhein-Westfalen', 'Bonn'], '__CLASS__': 'Adzuna::API::Response::Location'}",eyJhbGciOiJIUzI1NiJ9.eyJzIjoiS3IyR0IwR3c4UkdWYTYzX2pNMXJaUSIsImkiOiI1ODAyOTYwNjI5In0.Kl9p_kJeT2pDWaQzl_TzwW9mPz7rt6mc1ZpboY5aQtY,https://www.adzuna.de/details/5802960629?utm_medium=api&utm_source=a4bcf954,"Du willst sehen, wie deine Lösungen direkt Management-Entscheidungen beeinflussen und in echten Use Cases Mehrwert schaffen – bei Unternehmen, die du aus dem Alltag kennst? Willkommen bei twomynds. Wir sind ein dedizierter End-to-End Data & AI Service Provider – strategisch, umsetzungsstark und ergebnisorientiert. Unsere Mission: Ambitionierte Unternehmen befähigen, Data & AI in geschäftskritischen Mehrwert zu verwandeln – mit strategischer Klarheit, technischer Exzellenz und unternehmerischer …",Adzuna::API::Response::Job,full_time,,,
"{'label': 'Unknown', '__CLASS__': 'Adzuna::API::Response::Category', 'tag': 'unknown'}",7.10344,50.73754,Data Science & Solutions Consultant (m/w/d),5804550589,"{'display_name': 'twomynds', '__CLASS__': 'Adzuna::API::Response::Company'}",2026-07-17T09:50:27Z,0,"{'display_name': 'Zentrum, Bonn', 'area': ['Deutschland', 'Nordrhein-Westfalen', 'Bonn', 'Zentrum'], '__CLASS__': 'Adzuna::API::Response::Location'}",eyJhbGciOiJIUzI1NiJ9.eyJzIjoiS3IyR0IwR3c4UkdWYTYzX2pNMXJaUSIsImkiOiI1ODA0NTUwNTg5In0.ContkzvcIzePwx-Bf-1h5tHM0O2j3uIPHTffSDgBrB0,https://www.adzuna.de/details/5804550589?utm_medium=api&utm_source=a4bcf954,"Du willst sehen, wie deine Lösungen direkt Management-Entscheidungen beeinflussen und in echten Use Cases Mehrwert schaffen – bei Unternehmen, die du aus dem Alltag kennst? Willkommen bei twomynds. Wir sind ein dedizierter End-to-End Data & AI Service Provider – strategisch, umsetzungsstark und ergebnisorientiert. Unsere Mission: Ambitionierte Unternehmen befähigen, Data & AI in geschäftskritischen Mehrwert zu verwandeln – mit strategischer Klarheit, technischer Exzellenz und unternehmerischer …",Adzuna::API::Response::Job,,,,
"{'label': 'Stellen aus Logistik & Lagerhaltung', '__CLASS__': 'Adzuna::API::Response::Category', 'tag': 'logistics-warehouse-jobs'}",12.51611,49.1953,Duales Studium im Bereich Künstliche Intelligenz und Data Science,5588400364,"{'__CLASS__': 'Adzuna::API::Response::Company', 'display_name': 'MB Automation & Co. KG'}",2026-01-16T21:16:55Z,0,"{'display_name': 'Roding, Cham (Kreis)', '__CLASS__': 'Adzuna::API::Response::Location', 'area': ['Deutschland', 'Bayern', 'Cham (Kreis)', 'Roding']}",eyJhbGciOiJIUzI1NiJ9.eyJpIjoiNTU4ODQwMDM2NCIsInMiOiJLcjJHQjBHdzhSR1ZhNjNfak0xclpRIn0.xPLnA8iHCC1pStbcb5nobXgCXGknYp9bkIR3_jMM6tY,https://www.adzuna.de/details/5588400364?utm_medium=api&utm_source=a4bcf954,"Mitarbeit bei der Analyse und Verarbeitung großer Datenmengen (z.B. Datenaufbereitung, Datenbankmanagement, Statistik, Data Mining) Entwicklung und Anwendung von Machine-Learning-/KI-Modellen (z. B. für Bild- oder Spracherkennung, Predictive Analytics, Automatisierung) Unterstützung bei Software- und Systementwicklung, ggf. Webtechnologien, Datenbanken und Cloud-Lösungen Mitarbeit in interdisziplinären Projekten, Dokumentation, Testen und Evaluierung von Prototypen oder Anwendungen Zusammenarbe…",Adzuna::API::Response::Job,full_time,,,
"{'__CLASS__': 'Adzuna::API::Response::Category', 'tag': 'unknown', 'label': 'Unknown'}",13.420806,52.507706,Team Lead Data Science (f/m/x),5791478556,"{'display_name': 'Enpal', '__CLASS__': 'Adzuna::API::Response::Company'}",2026-07-08T00:41:07Z,0,"{'__CLASS__': 'Adzuna::API::Response::Location', 'area': ['Deutschland', 'Berlin'], 'display_name': 'Berlin, Deutschland'}",eyJhbGciOiJIUzI1NiJ9.eyJpIjoiNTc5MTQ3ODU1NiIsInMiOiJLcjJHQjBHdzhSR1ZhNjNfak0xclpRIn0.JePLdN1ggG1BywG6J5DhxxLjPkPneMjbezJ3RVSyIP0,https://www.adzuna.de/details/5791478556?utm_medium=api&utm_source=a4bcf954,"At Enpal, we are not just a company; we are a movement. As a recognized greentech unicorn and one of Europe’s fastest-growing energy companies, we’re dedicated to making solar energy accessible and effortless for homeowners across the continent. Our innovative business model for solar panels, heat pumps, home energy storage systems, and EV charging stations is redefining the residential energy market. With our mission to empower homeowners to embrace clean energy, we are paving the way for a su…",Adzuna::API::Response::Job,full_time,,,
"{'tag': 'consultancy-jobs', '__CLASS__': 'Adzuna::API::Response::Category', 'label': 'Beraterstellen'}",11.11021,49.50401,Data Science Consultant (m/f/x/d),5776860396,"{'__CLASS__': 'Adzuna::API::Response::Company', 'display_name': 'Career @ Symanto'}",2026-06-25T23:40:50Z,0,"{'__CLASS__': 'Adzuna::API::Response::Location', 'area': ['Deutschland', 'Bayern', 'Nürnberg', 'Buchenbühl'], 'display_name': 'Buchenbühl, Nürnberg'}",eyJhbGciOiJIUzI1NiJ9.eyJzIjoiS3IyR0IwR3c4UkdWYTYzX2pNMXJaUSIsImkiOiI1Nzc2ODYwMzk2In0._G_DidIbi8KtBhf0v9RyW40OhkKxH7_sqipCKVaYneM,https://www.adzuna.de/details/5776860396?utm_medium=api&utm_source=a4bcf954,"At Symanto, we are looking for a Data Science Consultant based in Germany, UAE or Spain to join our team! In this client-facing role, you will work at the intersection of advanced analytics, AI, and business consulting, helping organizations uncover opportunities for growth, transformation, and value creation. You will collaborate with senior stakeholders, translate business challenges into analytical solutions, and contribute to the development of innovative methodologies powered by cutting-ed…",Adzuna::API::Response::Job,full_time,,,
"{'__CLASS__': 'Adzuna::API::Response::Category', 'tag': 'part-time-jobs', 'label': 'Teilzeitstellen'}",9.62186,47.77567,Duales Studium (DHBW) Data Science und Künstliche Intelligenz,5809710595,"{'__CLASS__': 'Adzuna::API::Response::Company', 'display_name': 'EBZ SE'}",2026-07-21T22:58:35Z,0,"{'display_name': 'Weingartshof, Ravensburg', '__CLASS__': 'Adzuna::API::Response::Location', 'area': ['Deutschland', 'Baden-Württemberg', 'Ravensburg (Kreis)', 'Ravensburg', 'Weingartshof']}",eyJhbGciOiJIUzI1NiJ9.eyJzIjoiS3IyR0IwR3c4UkdWYTYzX2pNMXJaUSIsImkiOiI1ODA5NzEwNTk1In0.Dkz68pGI49OSe83iCHTjN5r2byYZGQWP5qbTqHO1PSk,https://www.adzuna.de/details/5809710595?utm_medium=api&utm_source=a4bcf954,"Dieser Studiengang bereitet Dich darauf vor, den digitalen Wandel in Unternehmen voranzutreiben und aktiv mitzugestalten. Dazu werden Grundlagen der Informatik und der Wirtschaftsinformatik mit Kerninhalten der Data Science kombiniert. Themen wie Cloud Computing, Big Data, Visual Analytics und AI spielen hier eine große Rolle. Du lernst den Umgang und die Interpretation von großen Datenmengen, deren Darstellung, und das Training von AI-Modellen. Deine Ideen und Projekte kannst du dabei direkt i…",Adzuna::API::Response::Job,,,,
"{'tag': 'it-jobs', '__CLASS__': 'Adzuna::API::Response::Category', 'label': 'IT-Stellen'}",11.57287,48.18446,Werkstudent/in - Data Science und Softwareentwicklung (m/w/d),5727284102,"{'__CLASS__': 'Adzuna::API::Response::Company', 'display_name': 'Enforto'}",2026-05-12T22:49:43Z,0,"{'__CLASS__': 'Adzuna::API::Response::Location', 'area': ['Deutschland', 'Bayern', 'München (Kreis)', 'München', 'Milbertshofen-Am Hart'], 'display_name': 'Milbertshofen-Am Hart, München'}",eyJhbGciOiJIUzI1NiJ9.eyJpIjoiNTcyNzI4NDEwMiIsInMiOiJLcjJHQjBHdzhSR1ZhNjNfak0xclpRIn0.POdHQALjuYV-TnMxlo9oV2wB0TN2ytcvorEE7lCjzbQ,https://www.adzuna.de/details/5727284102?utm_medium=api&utm_source=a4bcf954,"Was Du bei uns machst: Forschung, Entwicklung, Anwendung und Implementierung Data Science, Big Data Entwicklung und Integration von Automatisierungslösungen auf Basis von REST-APIs Datenbankanbindung und -abfragen im Rahmen von Datenpipelines (SQL) AI, Machine Learning, Deep Learning, Computer vision Full-Stack Programming Worum geht's Für unseren Bereich Forschung & Entwicklung suchen wir derzeit Unterstützung durch Studierende. In sowohl kundenspezifischen Projekten als auch Inhouse Forschung…",Adzuna::API::Response::Job,part_time,,,
"{'label': 'Unknown', 'tag': 'unknown', '__CLASS__': 'Adzuna::API::Response::Category'}",10.10558,48.78408,AI & Data Science Engineer (m/w/d),5837015735,"{'__CLASS__': 'Adzuna::API::Response::Company', 'display_name': 'Jenpersonal'}",2026-08-11T18:02:22Z,0,"{'display_name': 'Oberkochen, Ostalbkreis', 'area': ['Deutschland', 'Baden-Württemberg', 'Ostalbkreis', 'Oberkochen'], '__CLASS__': 'Adzuna::API::Response::Location'}",eyJhbGciOiJIUzI1NiJ9.eyJzIjoiS3IyR0IwR3c4UkdWYTYzX2pNMXJaUSIsImkiOiI1ODM3MDE1NzM1In0.lW14iJZ8rPuk7nvkGbb8L1xFHBZDN0hiRepiWv8dg3g,https://www.adzuna.de/details/5837015735?utm_medium=api&utm_source=a4bcf954,"Ihre Aufgaben: Für unseren High-Tech-Kunde aus der Halbleiterindustrie, sind wir derzeit auf der Suche nach einem AI & Data Science Engineer (m/w/d). im Bereich EUV Metrology Die Stelle wird im Rahmen der Arbeitnehmerüberlassung besetzt. Die Stelle ist auf einen Zeitraum von 24 Monaten ausgelegt. Zu Ihrem Verantwortungsbereich gehören: Aktive Mitgestaltung der digitalen Transformation und technologischen Weiterentwicklung unseres Auftraggebers und damit einen wichtigen Beitrag zur Sicherung und…",Adzuna::API::Response::Job,full_time,,,
"{'label': 'Unknown', 'tag': 'unknown', '__CLASS__': 'Adzuna::API::Response::Category'}",7.59999,51.9614,Werkstudent:in Data Science & KI (m/w/d),5875640458,"{'__CLASS__': 'Adzuna::API::Response::Company', 'display_name': 'solutions4performance GmbH & Co. KG'}",2026-09-08T16:31:16Z,0,"{'area': ['Deutschland', 'Nordrhein-Westfalen', 'Münster', 'Centrum'], '__CLASS__': 'Adzuna::API::Response::Location', 'display_name': 'Centrum, Münster'}",eyJhbGciOiJIUzI1NiJ9.eyJpIjoiNTg3NTY0MDQ1OCIsInMiOiJLcjJHQjBHdzhSR1ZhNjNfak0xclpRIn0.OtM16p4UVs49B-6U2_fNCCC1GpkzsMxZhBxCex9x2MM,https://www.adzuna.de/details/5875640458?utm_medium=api&utm_source=a4bcf954,"Die solutions4performance ist ein junges, wachsendes Unternehmen aus Münster. Wir entwickeln datengetriebene Lösungen für Marketing und E-Commerce und unterstützen Multi-Channel-Händler bei der Digitalisierung und Optimierung ihrer Geschäftsprozesse – von analytischen Modellen bis hin zu Cloud-basierten Plattformen. Zur Unterstützung unseres Teams suchen wir zum nächstmöglichen Zeitpunkt eine:n Werkstudent:in im Bereich Data Science (m/w/d) in Münster. Aufgaben Mitarbeit beim Aufbau und der Wei…",Adzuna::API::Response::Job,full_time,,,
"{'label': 'Stellen aus PR, Werbung & Marketing', 'tag': 'pr-advertising-marketing-jobs', '__CLASS__': 'Adzuna::API::Response::Category'}",7.59999,51.9614,Werkstudent:in Data Science & KI (m/w/d),5876095785,"{'display_name': 'solutions4performance GmbH & Co. KG', '__CLASS__': 'Adzuna::API::Response::Company'}",2026-09-08T22:38:23Z,0,"{'__CLASS__': 'Adzuna::API::Response::Location', 'area': ['Deutschland', 'Nordrhein-Westfalen', 'Münster', 'Centrum'], 'display_name': 'Centrum, Münster'}",eyJhbGciOiJIUzI1NiJ9.eyJpIjoiNTg3NjA5NTc4NSIsInMiOiJLcjJHQjBHdzhSR1ZhNjNfak0xclpRIn0.YVFTiFU0WInk-E0Pphc-If3pMGLdg3AALFk-eUJFFuI,https://www.adzuna.de/details/5876095785?utm_medium=api&utm_source=a4bcf954,"Die solutions4performance ist ein junges, wachsendes Unternehmen aus Münster. Wir entwickeln datengetriebene Lösungen für Marketing und E-Commerce und unterstützen Multi-Channel-Händler bei der Digitalisierung und Optimierung ihrer Geschäftsprozesse – von analytischen Modellen bis hin zu Cloud-basierten Plattformen. Zur Unterstützung unseres Teams suchen wir zum nächstmöglichen Zeitpunkt eine:n Werkstudent:in im Bereich Data Science (m/w/d) in Münster. Aufgaben Mitarbeit beim Aufbau und der Wei…",Adzuna::API::Response::Job,,,,
"{'label': 'Sonstige/Allgemeine Stellen', 'tag': 'other-general-jobs', '__CLASS__': 'Adzuna::API::Response::Category'}",10.10558,48.78408,AI & Data Science Engineer (m/w/d),5844148317,"{'__CLASS__': 'Adzuna::API::Response::Company', 'display_name': 'Jenpersonal GmbH'}",2026-08-16T12:38:07Z,0,"{'__CLASS__': 'Adzuna::API::Response::Location', 'area': ['Deutschland', 'Baden-Württemberg', 'Ostalbkreis', 'Oberkochen'], 'display_name': 'Oberkochen, Ostalbkreis'}",eyJhbGciOiJIUzI1NiJ9.eyJzIjoiS3IyR0IwR3c4UkdWYTYzX2pNMXJaUSIsImkiOiI1ODQ0MTQ4MzE3In0.OXrggw3Gch77KRlO6gF1mno8oPaIa7F0sS2s4RJlDRo,https://www.adzuna.de/details/5844148317?utm_medium=api&utm_source=a4bcf954,"Wer wir sind: JENPERSONAL bestimmt seinen Fokus auf Branchen, in denen Erfahrung, Marktkenntnisse und Fachwissen entscheidende Kriterien für eine nachhaltige Besetzung von Schlüsselpositionen aus dem Hochtechnologiesektor sind. JENPERSONAL sind branchenspezialisierte Personalberater, die Unternehmen aus dem Technologiesektor bei der Suche und Auswahl von Spezialisten und Führungskräften wirksam unterstützen. Ihre Aufgaben: Für unseren High-Tech-Kunde aus der Halbleiterindustrie, sind wir derzei…",Adzuna::API::Response::Job,full_time,,,
"{'label': 'Unknown', 'tag': 'unknown', '__CLASS__': 'Adzuna::API::Response::Category'}",13.30147,52.51115,Team Lead (f/m/d) Data Science,5813843229,"{'display_name': 'PAIR Finance GmbH', '__CLASS__': 'Adzuna::API::Response::Company'}",2026-07-24T15:03:20Z,0,"{'display_name': 'Charlottenburg, Berlin', 'area': ['Deutschland', 'Berlin', 'Charlottenburg'], '__CLASS__': 'Adzuna::API::Response::Location'}",eyJhbGciOiJIUzI1NiJ9.eyJpIjoiNTgxMzg0MzIyOSIsInMiOiJLcjJHQjBHdzhSR1ZhNjNfak0xclpRIn0.lI-_1bSALkwOSmUHS-w9h43SZd88BJtNLdcXyydrSLg,https://www.adzuna.de/details/5813843229?utm_medium=api&utm_source=a4bcf954,"Are you ready to change the market? As the innovation leader in the receivables management industry, we at PAIR Finance are proud of our unique technology. Our algorithm, based on artificial intelligence, sensitizes defaulting consumers to pay outstanding debts without straining the customer relationship. Our fully automated, individually tailored approach enables us to assess each debtor's situation and achieve higher repayment rates. Our Data and Behavioral Science teams utilize purpose-built…",Adzuna::API::Response::Job,full_time,97500.0,130000.0,permanent
"{'tag': 'creative-design-jobs', '__CLASS__': 'Adzuna::API::Response::Category', 'label': 'Stellen aus Kreation & Design'}",10.10558,48.78408,Abschlussarbeit Data Science / Mechanikdesign (m/w/x),5589698017,"{'display_name': 'ZEISS', '__CLASS__': 'Adzuna::API::Response::Company'}",2026-01-17T21:24:39Z,0,"{'display_name': 'Oberkochen, Ostalbkreis', '__CLASS__': 'Adzuna::API::Response::Location', 'area': ['Deutschland', 'Baden-Württemberg', 'Ostalbkreis', 'Oberkochen']}",eyJhbGciOiJIUzI1NiJ9.eyJpIjoiNTU4OTY5ODAxNyIsInMiOiJLcjJHQjBHdzhSR1ZhNjNfak0xclpRIn0.hCkW_dNYd9934rGb10yO0CUBbH3uqufYsXrG-CkzdCk,https://www.adzuna.de/details/5589698017?utm_medium=api&utm_source=a4bcf954,"Enabler für kleinere, leistungsfähigere und energieeffizientere Mikrochips Arbeiten, wo das Morgen entsteht. Rund 80 Prozent aller Mikrochips weltweit werden mit ZEISS Technologien gefertigt. Als Herzstück eines jeden elektronisch gesteuerten Systems sind sie aus unserem Alltag nicht mehr wegzudenken – egal ob im Smartphone, im Smart Home oder in Smart Factories. ZEISS ist Technologieführer im Bereich Halbleiterfertigungs-Equipment. Mit hochpräzisen Lithographie-Optiken, Photomasken-Systemen un…",Adzuna::API::Response::Job,full_time,,,
"{'tag': 'unknown', '__CLASS__': 'Adzuna::API::Response::Category', 'label': 'Unknown'}",13.40933,52.52219,Werkstudent (m/w/d) – Risikomanagement | Data Science,5868097099,"{'__CLASS__': 'Adzuna::API::Response::Company', 'display_name': 'S Rating und Risikosysteme GmbH'}",2026-09-03T03:31:05Z,0,"{'display_name': 'Mitte, Berlin', '__CLASS__': 'Adzuna::API::Response::Location', 'area': ['Deutschland', 'Berlin', 'Mitte']}",eyJhbGciOiJIUzI1NiJ9.eyJpIjoiNTg2ODA5NzA5OSIsInMiOiJLcjJHQjBHdzhSR1ZhNjNfak0xclpRIn0.V47f3ef1y4peoqwaTz305cDF0fAFFKlKxoKFuDCAebs,https://www.adzuna.de/details/5868097099?utm_medium=api&utm_source=a4bcf954,"Die Sparkassen Rating und Risikosysteme (SR) ist der zentrale Dienstleister für Verfahren des Risiko­manage­ments in der Sparkassen-Finanzgruppe. Wir unterstützen die Institute mit Standardlösungen in den Bereichen der Risiko­messung und-steuerung, der regulatorischen Banksteuerung sowie im Vertrieb mit Data-Analytics-Lösungen. Gemeinsam mit unseren Partnern bieten wir den Instituten, von der Konzeption der Verfahren, über deren Weiterentwicklung, IT-Umsetzung und Umsetzungsunterstützung, zentr…",Adzuna::API::Response::Job,,,,
"{'__CLASS__': 'Adzuna::API::Response::Category', 'tag': 'it-jobs', 'label': 'IT-Stellen'}",,,Duales Studium (B.Sc.) Data Science und Künstliche Intelligenz (m/w/d) Start 2027,5880554191,"{'__CLASS__': 'Adzuna::API::Response::Company', 'display_name': 'Seeberger GmbH'}",2026-09-12T05:33:57Z,0,"{'__CLASS__': 'Adzuna::API::Response::Location', 'area': ['Deutschland'], 'display_name': 'Deutschland'}",eyJhbGciOiJIUzI1NiJ9.eyJzIjoiS3IyR0IwR3c4UkdWYTYzX2pNMXJaUSIsImkiOiI1ODgwNTU0MTkxIn0.7BgxcLXnCzVQzI2gp66IGk8BddfCnpdJ8JUJHy1rD5k,https://www.adzuna.de/land/ad/5880554191?se=Kr2GB0Gw8RGVa63_jM1rZQ&utm_medium=api&utm_source=a4bcf954&v=C685053C94E4C2E4D321B13083AC80985FE81914,"Wir schenken Menschen Genussmomente aus der Natur. Als führende Marke bei Nüssen und Trockenfrüchten oder als deutschlandweit agierender Konzeptpartner, der auf die Bedürfnisse von Firmenkunden sowie der hochwertigen Gastronomie spezialisiert ist. Damit das auch in Zukunft so bleibt, bilden Wertschätzung, Qualität und Nachhaltigkeit das Fundament unserer Unternehmenskultur. In allen Bereichen ist das Beste unser Ansporn – bei unseren Produkten, in unserem Engagement für eine ausgewogene Work-Li…",Adzuna::API::Response::Job,,,,
"{'label': 'Unknown', '__CLASS__': 'Adzuna::API::Response::Category', 'tag': 'unknown'}",13.00056,52.42532,Professor (m/f/d) of Data Science,5820490857,"{'__CLASS__': 'Adzuna::API::Response::Company', 'display_name': 'GUS Germany GmbH'}",2026-07-30T02:38:56Z,0,"{'__CLASS__': 'Adzuna::API::Response::Location', 'area': ['Deutschland', 'Brandenburg', 'Potsdam', 'Bornim'], 'display_name': 'Bornim, Potsdam'}",eyJhbGciOiJIUzI1NiJ9.eyJpIjoiNTgyMDQ5MDg1NyIsInMiOiJLcjJHQjBHdzhSR1ZhNjNfak0xclpRIn0.KhzNkwyHJltRlWfnVKqUg8FoG3q5Kc6fop5-CUJpYvE,https://www.adzuna.de/details/5820490857?utm_medium=api&utm_source=a4bcf954,"About us Gisma University of Applied Sciences, first established in 1999 as Gisma Business School, is a leading university of applied sciences for innovative and creative international business, technology, and engineering innovation. Our Global MBA program has been recognized for its excellence through the highly acclaimed AMBA accreditation, reinforcing our reputation in the industry. Recently, we have expanded our programme portfolio into the fields of Computer Science, Software Engineering,…",Adzuna::API::Response::Job,full_time,,,
"{'__CLASS__': 'Adzuna::API::Response::Category', 'tag': 'teaching-jobs', 'label': 'Lehrberufe'}",,,Professor (m/f/d) of Data Science,5821314112,"{'display_name': 'Gisma', '__CLASS__': 'Adzuna::API::Response::Company'}",2026-07-30T17:47:59Z,0,"{'display_name': 'Deutschland', 'area': ['Deutschland'], '__CLASS__': 'Adzuna::API::Response::Location'}",eyJhbGciOiJIUzI1NiJ9.eyJpIjoiNTgyMTMxNDExMiIsInMiOiJLcjJHQjBHdzhSR1ZhNjNfak0xclpRIn0.Yi8z7HfycZRMNlC_YiZZXAaok3ixFltW4gOprkI6W2c,https://www.adzuna.de/details/5821314112?utm_medium=api&utm_source=a4bcf954,"Your Responsibilities Module responsibility and teaching of Gisma Bachelor and Master programmes as well as examination, assessments, and student supervision. Active participation in programme development and quality assurance. Conception, creation and adaptation of teaching and learning materials. Initiate, expand and maintain cooperation with partners in industry and research. Participation in accreditation procedures as needed. Active participation in academic administration and committee wo…",Adzuna::API::Response::Job,full_time,,,
"{'label': 'Lehrberufe', 'tag': 'teaching-jobs', '__CLASS__': 'Adzuna::API::Response::Category'}",13.396,52.4984,Professor (m/f/d) of Data Science,5822525972,"{'__CLASS__': 'Adzuna::API::Response::Company', 'display_name': 'Global University Systems'}",2026-07-31T17:49:59Z,0,"{'__CLASS__': 'Adzuna::API::Response::Location', 'area': ['Deutschland', 'Berlin', 'Kreuzberg'], 'display_name': 'Kreuzberg, Berlin'}",eyJhbGciOiJIUzI1NiJ9.eyJpIjoiNTgyMjUyNTk3MiIsInMiOiJLcjJHQjBHdzhSR1ZhNjNfak0xclpRIn0.S8C9_jDlRQ1fyEWG83w9gK0aD_RsrEDMBP79NNvdcXo,https://www.adzuna.de/details/5822525972?utm_medium=api&utm_source=a4bcf954,"Your Responsibilities Module responsibility and teaching of Gisma Bachelor and Master programmes as well as examination, assessments, and student supervision. Active participation in programme development and quality assurance. Conception, creation and adaptation of teaching and learning materials. Initiate, expand and maintain cooperation with partners in industry and research. Participation in accreditation procedures as needed. Active participation in academic administration and committee wo…",Adzuna::API::Response::Job,full_time,,,
"{'label': 'Sonstige/Allgemeine Stellen', '__CLASS__': 'Adzuna::API::Response::Category', 'tag': 'other-general-jobs'}",10.10558,48.78408,Abschlussarbeit Data Science / Mechanikdesign (m/w/x),5782380629,"{'display_name': 'ZEISS', '__CLASS__': 'Adzuna::API::Response::Company'}",2026-06-30T22:28:57Z,0,"{'display_name': 'Oberkochen, Ostalbkreis', '__CLASS__': 'Adzuna::API::Response::Location', 'area': ['Deutschland', 'Baden-Württemberg', 'Ostalbkreis', 'Oberkochen']}",eyJhbGciOiJIUzI1NiJ9.eyJzIjoiS3IyR0IwR3c4UkdWYTYzX2pNMXJaUSIsImkiOiI1NzgyMzgwNjI5In0.4ZwroeBqqG5VidlZCG90XXU2fUf1m0RKxB4vyxN4F_o,https://www.adzuna.de/details/5782380629?utm_medium=api&utm_source=a4bcf954,"Als Student arbeitest Du mit Deinen Kolleginnen und Kollegen auf Augenhöhe und schaffst ideale Voraussetzungen für Deine spätere Karriere. Sich etwas Neues trauen, über sich hinauswachsen und dabei die Grenzen des Machbaren neu deﬁnieren. Genau das ist es, was unsere Mitarbeitenden täglich leben dürfen und sollen. Um mit unseren Innovationen das Tempo vorzugeben und Großartiges zu ermöglichen. Denn hinter jedem erfolgreichen Unternehmen stehen eine ganze Menge faszinierender Menschen. Die Mitar…",Adzuna::API::Response::Job,,,,
"{'label': 'Unknown', '__CLASS__': 'Adzuna::API::Response::Category', 'tag': 'unknown'}",10.88248,48.04792,Werkstudent (m/w/d) BI & Data Science,5727346368,"{'display_name': 'nimax', '__CLASS__': 'Adzuna::API::Response::Company'}",2026-05-12T23:28:53Z,0,"{'display_name': 'Landsberg am Lech, Landsberg am Lech (Kreis)', 'area': ['Deutschland', 'Bayern', 'Landsberg am Lech (Kreis)', 'Landsberg am Lech'], '__CLASS__': 'Adzuna::API::Response::Location'}",eyJhbGciOiJIUzI1NiJ9.eyJzIjoiS3IyR0IwR3c4UkdWYTYzX2pNMXJaUSIsImkiOiI1NzI3MzQ2MzY4In0.17ZvkP-rU52axFrgi8sxpF4ZEqiGQPOgfi_qwmImYMY,https://www.adzuna.de/details/5727346368?utm_medium=api&utm_source=a4bcf954,"Was Dich erwartet Du hast ein Gespür für Daten und willst sehen, wie Deine Analysen echten Mehrwert schaffen? Dann bist Du bei uns genau richtig! Deine Mission: Hilf uns dabei, unsere Kunden datenbasiert besser zu verstehen und daraus konkrete Mehrwerte abzuleiten. Als Werkstudent im Beriech BI & Data Science entwickelst Du mit uns intelligente Analysen, optimierst Prozesse und schaffst die Grundlage für bessere Entscheidungen in Marketing, Beratung und Reporting. Du hast viel zu tun Kundendate…",Adzuna::API::Response::Job,part_time,,,
"{'label': 'Beraterstellen', 'tag': 'consultancy-jobs', '__CLASS__': 'Adzuna::API::Response::Category'}",13.420806,52.507706,Consultant Data Science - Healthcare (m/f/d),5470962686,"{'display_name': 'Statista', '__CLASS__': 'Adzuna::API::Response::Company'}",2025-10-30T13:54:30Z,0,"{'display_name': 'Berlin, Deutschland', 'area': ['Deutschland', 'Berlin'], '__CLASS__': 'Adzuna::API::Response::Location'}",eyJhbGciOiJIUzI1NiJ9.eyJzIjoiS3IyR0IwR3c4UkdWYTYzX2pNMXJaUSIsImkiOiI1NDcwOTYyNjg2In0.RKTpPT5dNU8cuxpOuPCBXld7wDd7pvk736VG4lv_qVc,https://www.adzuna.de/details/5470962686?utm_medium=api&utm_source=a4bcf954,"At Statista , we’re all about facts and data, for we are the world's leading business data platform. By providing reliable and easy-to-use data as well as various data analytics products and services, we empower people worldwide to make fact-based decisions. Founded in Hamburg in 2007, we have quickly grown into a global company with offices in major cities such as London, New York, Berlin and Tokyo. And we still have a lot of plans. Our constant growth does not only prove our success, but also…",Adzuna::API::Response::Job,full_time,,,
"{'__CLASS__': 'Adzuna::API::Response::Category', 'tag': 'graduate-jobs', 'label': 'Stellen für Hochschulabsolventen'}",13.86232,51.47465,Praktikum Data Science in der Digitalisierung (m/w/d),5062249327,"{'display_name': 'Basf France', '__CLASS__': 'Adzuna::API::Response::Company'}",2025-02-24T18:13:01Z,0,"{'display_name': 'Schwarzheide, Oberspreewald-Lausitz (Kreis)', 'area': ['Deutschland', 'Brandenburg', 'Oberspreewald-Lausitz (Kreis)', 'Schwarzheide'], '__CLASS__': 'Adzuna::API::Response::Location'}",eyJhbGciOiJIUzI1NiJ9.eyJzIjoiS3IyR0IwR3c4UkdWYTYzX2pNMXJaUSIsImkiOiI1MDYyMjQ5MzI3In0.t7Lhd2RbswdRDIzIBpOZw5bMXwIDaPPXhc8NK10ztgY,https://www.adzuna.de/details/5062249327?utm_medium=api&utm_source=a4bcf954,"WILLKOMMEN IM TEAM Am BASF-Standort in Schwarzheide produzieren wir nicht nur Polyurethangrundprodukte, Schaumstoffe und Lacke, sondern auch technische Kunststoffe, Veredlungschemikalien und Fungizide. So vielseitig wie unsere Produktpalette sind auch die Tätigkeiten, die es braucht, damit die Produkte hergestellt werden - unsere Mitarbeiterinnen und Mitarbeiter arbeiten bei uns am Standort in den unterschiedlichsten Fachdisziplinen zusammen: vom Ingenieurwesen bis hin zur Digitalisierung, von …",Adzuna::API::Response::Job,,,,contract
"{'tag': 'other-general-jobs', '__CLASS__': 'Adzuna::API::Response::Category', 'label': 'Sonstige/Allgemeine Stellen'}",,,Duales Studium Data Science und Künstliche Intelligenz für 2027,5831785335,"{'__CLASS__': 'Adzuna::API::Response::Company', 'display_name': 'Mediengruppe Allgäuer Zeitung'}",2026-08-07T11:25:21Z,0,"{'display_name': 'Deutschland', '__CLASS__': 'Adzuna::API::Response::Location', 'area': ['Deutschland']}",eyJhbGciOiJIUzI1NiJ9.eyJpIjoiNTgzMTc4NTMzNSIsInMiOiJLcjJHQjBHdzhSR1ZhNjNfak0xclpRIn0.iJAc_rj7p3a0ONuJtAMpBHlDlR7tEKSmo-mp12kLcok,https://www.adzuna.de/details/5831785335?utm_medium=api&utm_source=a4bcf954,"Du möchtest im Studium erlerntes theoretisches Wissen direkt in der Praxis anwenden? Nutze die Vorteile eines dualen Studiums: Studieren und gleichzeitig Berufserfahrung sammeln. Dich erwarten neben einer umfangreichen Einarbeitung, interessante und verantwortungsvolle Tätigkeiten innerhalb der Mediengruppe Allgäuer Zeitung. Ausbildungsdauer: 3 Jahre - 6 Semester (Dreimonatsrhythmus mit Theorie- und Praxisphasen) in Zusammenarbeit mit der DHBW-Ravensburg Ausbildungsunternehmen: Mediengruppe All…",Adzuna::API::Response::Job,,,,
"{'tag': 'it-jobs', '__CLASS__': 'Adzuna::API::Response::Category', 'label': 'IT-Stellen'}",10.88248,48.04792,Abschlussarbeit Data Science – Machine Learning im E-Commerce,5754849850,"{'display_name': 'nimax', '__CLASS__': 'Adzuna::API::Response::Company'}",2026-06-06T23:02:19Z,0,"{'area': ['Deutschland', 'Bayern', 'Landsberg am Lech (Kreis)', 'Landsberg am Lech'], '__CLASS__': 'Adzuna::API::Response::Location', 'display_name': 'Landsberg am Lech, Landsberg am Lech (Kreis)'}",eyJhbGciOiJIUzI1NiJ9.eyJzIjoiS3IyR0IwR3c4UkdWYTYzX2pNMXJaUSIsImkiOiI1NzU0ODQ5ODUwIn0._UaXY0ho_hk1TtexEMGmlrqO9uniAo_XSUHWPSbMmk4,https://www.adzuna.de/details/5754849850?utm_medium=api&utm_source=a4bcf954,"Du hast viel zu tun Du analysierst über 2,5 Millionen Bestelldaten aus 25 Jahren Onlinehandel Mit Hilfe von Machine Learning bildest Du Kundenkohorten und gewinnst daraus wertvolle Insights Du entwickelst Modelle, um aus dem Kaufverhalten der Vergangenheit zukünftige Kaufentscheidungen zu prognostizieren Deine Ergebnisse bilden die Grundlage für zukünftige Marketing-Kampagnen, z. B. um die richtigen Produkte zur richtigen Zeit zu bewerben Du hast einiges drauf Du stehst kurz vor dem Ende Deines…",Adzuna::API::Response::Job,part_time,,,
"{'__CLASS__': 'Adzuna::API::Response::Category', 'tag': 'pr-advertising-marketing-jobs', 'label': 'Stellen aus PR, Werbung & Marketing'}",,,"Data Science, Analytics & Data Engineer (Remote, Ongoing Search, Talent Pool)",5738072824,"{'display_name': 'FullStack Talents', '__CLASS__': 'Adzuna::API::Response::Company'}",2026-05-22T23:15:05Z,0,"{'display_name': 'Deutschland', 'area': ['Deutschland'], '__CLASS__': 'Adzuna::API::Response::Location'}",eyJhbGciOiJIUzI1NiJ9.eyJzIjoiS3IyR0IwR3c4UkdWYTYzX2pNMXJaUSIsImkiOiI1NzM4MDcyODI0In0.zZ5AAw8OfVB3FQOucj6IOyAF8_PDf8IqyaKRrz7Lk3M,https://www.adzuna.de/details/5738072824?utm_medium=api&utm_source=a4bcf954,"Position: Data Scientists, Data Engineers & Analytics Professionals – Talent Pool (Ongoing Search) Remote working policy: 100% remote possible, full-time Employment type: Freelancer/ Contract or Employee Duration: 12 months About us: We are a specialist technical recruitment agency constantly looking for strong strong Data talent for exciting opportunities. We partner with global enterprise companies, USA-based organisations, and EU clients that frequently offer remote, hybrid, and onsite roles…",Adzuna::API::Response::Job,,,,contract
"{'label': 'Stellen für Hochschulabsolventen', 'tag': 'graduate-jobs', '__CLASS__': 'Adzuna::API::Response::Category'}",8.43196,49.47766,Praktikum Management Consulting im Bereich Data Science / Data Analytics (m/w/d),4571173892,"{'display_name': 'Basf France', '__CLASS__': 'Adzuna::API::Response::Company'}",2024-02-16T11:00:56Z,0,"{'display_name': 'Mitte, Ludwigshafen am Rhein', '__CLASS__': 'Adzuna::API::Response::Location', 'area': ['Deutschland', 'Rheinland-Pfalz', 'Ludwigshafen am Rhein', 'Mitte']}",eyJhbGciOiJIUzI1NiJ9.eyJzIjoiS3IyR0IwR3c4UkdWYTYzX2pNMXJaUSIsImkiOiI0NTcxMTczODkyIn0.1bXjT2rxvb4N8cxP1WxogCZKJXLP4dIeZaoZrdEvTtI,https://www.adzuna.de/details/4571173892?utm_medium=api&utm_source=a4bcf954,"WILLKOMMEN IM TEAM Wir sind die globale Inhouse Managementberatung der BASF. Unser Schwerpunkt liegt auf strategischen Projekten, mit denen wir wirkungsvoll Veränderungsprozesse vorantreiben. Dabei reicht unser Themenspektrum von Wachstums-, Organisationsentwicklungs- und Effizienzprojekten bis hin zu Akquisitionen und Devestitionen. Wir leben einen starken Teamspirit und fördern aktiv die Karriereentwicklung innerhalb der BASF. AUFGABEN Zum nächstmöglichen Zeitpunkt sind Sie für einen Zeitraum…",Adzuna::API::Response::Job,,,,contract
"{'label': 'Sonstige/Allgemeine Stellen', 'tag': 'other-general-jobs', '__CLASS__': 'Adzuna::API::Response::Category'}",11.555737,48.137418,Projektmanager – Data Analytics / Data Science (m/w/d),5802941895,"{'__CLASS__': 'Adzuna::API::Response::Company', 'display_name': 'Driven Solution GmbH'}",2026-07-16T15:58:24Z,0,"{'display_name': 'München, München (Kreis)', 'area': ['Deutschland', 'Bayern', 'München (Kreis)', 'München'], '__CLASS__': 'Adzuna::API::Response::Location'}",eyJhbGciOiJIUzI1NiJ9.eyJpIjoiNTgwMjk0MTg5NSIsInMiOiJLcjJHQjBHdzhSR1ZhNjNfak0xclpRIn0.OjYYQe741IV8UF56sKIbt34Gf0ffx4E7v4TRbneTpQI,https://www.adzuna.de/details/5802941895?utm_medium=api&utm_source=a4bcf954,"Bringen Sie Ihre Karriere ins Rollen! Erfolg braucht Partnerschaft. Das ist unsere Überzeugung und unser Motto: engineering based on partnership. Als Partner beraten wir Sie vom Eingang Ihrer Bewerbung über die Auswahl geeigneter Einstiegsmöglichkeiten bis zur gezielten Karriereplanung – immer im Fokus unsere gemeinsamen Ziele: Weiterentwicklung, Wachstum und Spaß bei der Arbeit. Als Dienstleister für Mobilitätslösungen arbeiten wir mit vielen namhaften Unternehmen in ganz Deutschland zusammen,…",Adzuna::API::Response::Job,,,,
"{'label': 'Unknown', '__CLASS__': 'Adzuna::API::Response::Category', 'tag': 'unknown'}",8.45882,49.03084,Duales Studium Data Science & Künstliche Intelligenz B.Sc.,5883003736,"{'display_name': 'Atruvia AG', '__CLASS__': 'Adzuna::API::Response::Company'}",2026-09-14T02:26:00Z,0,"{'__CLASS__': 'Adzuna::API::Response::Location', 'area': ['Deutschland', 'Baden-Württemberg', 'Karlsruhe (Kreis)', 'Karlsruhe', 'Hagsfeld'], 'display_name': 'Hagsfeld, Karlsruhe'}",eyJhbGciOiJIUzI1NiJ9.eyJzIjoiS3IyR0IwR3c4UkdWYTYzX2pNMXJaUSIsImkiOiI1ODgzMDAzNzM2In0.aTtp1EMY-vYy5S0FxBrJGZTdCZZuA_yA9R2HJAdZ-V4,https://www.adzuna.de/details/5883003736?utm_medium=api&utm_source=a4bcf954,Wir sind der Digitalisierungspartner in der genossenschaftlichen FinanzGruppe und vereinen jahrzehntelanges Expertenwissen in Banking und Informationstechnologie. Die speziell auf Banken zugeschnittenen IT-Lösungen und Leistungen reichen vom Rechenzentrumsbetrieb über das Bankverfahren von Atruvia bis hin zur App-Entwicklung. Dabei nutzen wir zukunftsweisende Technologien wie Smart Data und schreiben Prozessoptimierung und Regulatorik groß. Gestalte die Zukunft mit KI – Starte dein Duales Studi…,Adzuna::API::Response::Job,,,,
"{'__CLASS__': 'Adzuna::API::Response::Category', 'tag': 'unknown', 'label': 'Unknown'}",8.412378,49.001249,Duales Studium Data Science & Künstliche Intelligenz B.Sc.,5880974767,"{'display_name': 'Atruvia AG', '__CLASS__': 'Adzuna::API::Response::Company'}",2026-09-12T13:58:30Z,0,"{'__CLASS__': 'Adzuna::API::Response::Location', 'area': ['Deutschland', 'Baden-Württemberg', 'Karlsruhe (Kreis)', 'Karlsruhe'], 'display_name': 'Karlsruhe, Karlsruhe (Kreis)'}",eyJhbGciOiJIUzI1NiJ9.eyJzIjoiS3IyR0IwR3c4UkdWYTYzX2pNMXJaUSIsImkiOiI1ODgwOTc0NzY3In0.Jzs3JnjaIfhgjMzXIr31-nt2vL5uO6sa0RQMjLXkDMc,https://www.adzuna.de/details/5880974767?utm_medium=api&utm_source=a4bcf954,Wir sind der Digitalisierungspartner in der genossenschaftlichen FinanzGruppe und vereinen jahrzehntelanges Expertenwissen in Banking und Informationstechnologie. Die speziell auf Banken zugeschnittenen IT-Lösungen und Leistungen reichen vom Rechenzentrumsbetrieb über das Bankverfahren von Atruvia bis hin zur App-Entwicklung. Dabei nutzen wir zukunftsweisende Technologien wie Smart Data und schreiben Prozessoptimierung und Regulatorik groß. Gestalte die Zukunft mit KI – Starte dein Duales Studi…,Adzuna::API::Response::Job,,,,
"{'tag': 'unknown', '__CLASS__': 'Adzuna::API::Response::Category', 'label': 'Unknown'}",8.412378,49.001249,Duales Studium Data Science & Künstliche Intelligenz B.Sc.,5879753184,"{'display_name': 'Atruvia AG', '__CLASS__': 'Adzuna::API::Response::Company'}",2026-09-11T15:06:06Z,0,"{'display_name': 'Karlsruhe, Karlsruhe (Kreis)', '__CLASS__': 'Adzuna::API::Response::Location', 'area': ['Deutschland', 'Baden-Württemberg', 'Karlsruhe (Kreis)', 'Karlsruhe']}",eyJhbGciOiJIUzI1NiJ9.eyJzIjoiS3IyR0IwR3c4UkdWYTYzX2pNMXJaUSIsImkiOiI1ODc5NzUzMTg0In0.E05xg5b1_HPCIVW6CX_dDVkXsK7WwC9xhjOnsSfRPQk,https://www.adzuna.de/details/5879753184?utm_medium=api&utm_source=a4bcf954,Wir sind der Digitalisierungspartner in der genossenschaftlichen FinanzGruppe und vereinen jahrzehntelanges Expertenwissen in Banking und Informationstechnologie. Die speziell auf Banken zugeschnittenen IT-Lösungen und Leistungen reichen vom Rechenzentrumsbetrieb über das Bankverfahren von Atruvia bis hin zur App-Entwicklung. Dabei nutzen wir zukunftsweisende Technologien wie Smart Data und schreiben Prozessoptimierung und Regulatorik groß. Gestalte die Zukunft mit KI – Starte dein Duales Studi…,Adzuna::API::Response::Job,,,,
"{'tag': 'unknown', '__CLASS__': 'Adzuna::API::Response::Category', 'label': 'Unknown'}",9.21546,48.80499,IT‑Consultant KI & Data Science (m/w/d),5803389736,"{'display_name': 'Digital MoveS GmbH', '__CLASS__': 'Adzuna::API::Response::Company'}",2026-07-16T18:53:06Z,0,"{'display_name': 'Bad Cannstatt, Stuttgart', '__CLASS__': 'Adzuna::API::Response::Location', 'area': ['Deutschland', 'Baden-Württemberg', 'Stuttgart', 'Bad Cannstatt']}",eyJhbGciOiJIUzI1NiJ9.eyJzIjoiS3IyR0IwR3c4UkdWYTYzX2pNMXJaUSIsImkiOiI1ODAzMzg5NzM2In0.xMbZY62qr2rWoBp6IAk4w2MzBJiR34n38pZSXq4Jpsc,https://www.adzuna.de/details/5803389736?utm_medium=api&utm_source=a4bcf954,"Deine Aufgaben: Leitung und Steuerung von komplexen KI‑ und Data‑Science‑Projekten – von der ersten Idee bis zum produktiven Einsatz Analyse fachlicher Anforderungen und Übersetzung von Business‑Fragestellungen in tragfähige, wertschöpfende KI‑Use‑Cases Konzeption und Umsetzung moderner KI‑Architekturen (z. B. LLM‑Integration, RAG‑Systeme, Agentic‑AI‑Ansätze) Verantwortung für PoCs, Experiment‑Phasen sowie die Skalierung und Weiterentwicklung produktiver KI‑Lösungen Sicherstellung eines struktu…",Adzuna::API::Response::Job,full_time,,,permanent
"{'__CLASS__': 'Adzuna::API::Response::Category', 'tag': 'it-jobs', 'label': 'IT-Stellen'}",7.464954,51.504967,Head of AI & Data Science (m/w/d),5878065396,"{'__CLASS__': 'Adzuna::API::Response::Company', 'display_name': 'Dr. Ausbüttel GmbH & Co. KG'}",2026-09-10T07:49:43Z,0,"{'area': ['Deutschland', 'Nordrhein-Westfalen', 'Dortmund'], '__CLASS__': 'Adzuna::API::Response::Location', 'display_name': 'Dortmund, Nordrhein-Westfalen'}",eyJhbGciOiJIUzI1NiJ9.eyJzIjoiS3IyR0IwR3c4UkdWYTYzX2pNMXJaUSIsImkiOiI1ODc4MDY1Mzk2In0.WoPiAHOP0aMVB8KoPIF7VRRyx-OgvHCKS_fyHsYn5Kw,https://www.adzuna.de/details/5878065396?utm_medium=api&utm_source=a4bcf954,"Head of AI & Data Science: Tragen Sie dazu bei, Wunden zu heilen, Innovationen zu fördern und Wachstum zu gestalten! Schwer heilende Wunden sind eine enorme Belastung für Patienten, Angehörige und Behandelnde. Machen Sie durch Ihr gestalterisches Mitwirken einen signifikanten Unterschied. Wir entwickeln Produkte und Services, um Wunden bezahlbar zu heilen. Als wachsendes, zukunftsorientiertes inhabergeführtes Familienunternehmen investieren und arbeiten wir mit langfristiger Perspektive statt m…",Adzuna::API::Response::Job,,,,
"{'__CLASS__': 'Adzuna::API::Response::Category', 'tag': 'graduate-jobs', 'label': 'Stellen für Hochschulabsolventen'}",,,Data Science Engineer/Analyst Aerospace (m/w/d),5720195168,"{'__CLASS__': 'Adzuna::API::Response::Company', 'display_name': 'Sopra-Steria'}",2026-05-06T08:48:38Z,0,"{'display_name': 'Deutschland', '__CLASS__': 'Adzuna::API::Response::Location', 'area': ['Deutschland']}",eyJhbGciOiJIUzI1NiJ9.eyJzIjoiS3IyR0IwR3c4UkdWYTYzX2pNMXJaUSIsImkiOiI1NzIwMTk1MTY4In0.nFOQOkdz0DbLchmBowg5PgMrXmXvu3j6GZH3Eo9xKzU,https://www.adzuna.de/details/5720195168?utm_medium=api&utm_source=a4bcf954,"Unternehmensbeschreibung Wir sind als eine der führenden europäischen Management- und Technologieberatungen ein echter Tech-Player. Wir sehen uns als Vordenker*innen, handeln und denken strategisch, entwickeln mit unseren Kunden maßgeschneiderte Lösungen, sowie präzise Prozesse und implementieren innovative Technologien. Weltweit sind wir über 50.000 tech-affine und kluge Köpfe – gemeinsam gestalten wir die Zukunft unserer Kunden und die der Gesellschaft. Bist du bereit, das digitale Europa mit…",Adzuna::API::Response::Job,,,,
"{'label': 'Unknown', '__CLASS__': 'Adzuna::API::Response::Category', 'tag': 'unknown'}",10.53811,49.08598,DHBW Studium - Data Science und Künstliche Intelligenz (B.Sc.),5878067290,"{'display_name': 'Liebherr-Werk Ehingen GmbH', '__CLASS__': 'Adzuna::API::Response::Company'}",2026-09-10T07:51:05Z,0,"{'area': ['Deutschland', 'Bayern', 'Ansbach (Kreis)', 'Ehingen'], '__CLASS__': 'Adzuna::API::Response::Location', 'display_name': 'Ehingen, Ansbach (Kreis)'}",eyJhbGciOiJIUzI1NiJ9.eyJpIjoiNTg3ODA2NzI5MCIsInMiOiJLcjJHQjBHdzhSR1ZhNjNfak0xclpRIn0.lK2L1_Gdfw3o1wH2e7BPSHIkPE8oviSMYimBZ_cIw6M,https://www.adzuna.de/details/5878067290?utm_medium=api&utm_source=a4bcf954,Die Liebherr-Werk Ehingen GmbH zählt zu den weltweit führenden Herstellern von Fahrzeugkranen. Das Programm umfasst Teleskop- und Gittermastkrane auf Mobil- und Raupenfahrwerken. Seit der Gründung wurde die Produktionsstätte und ihre Kapazität kontinuierlich erweitert. Heute werden täglich sechs Fahrzeugkrane aus Ehingen in die ganze Welt geliefert. DHBW Studium - Data Science und Künstliche Intelligenz (B.Sc.) Job-ID 83588 Aufgaben Mitarbeit an innovativen Projekten im Bereich Data Science und…,Adzuna::API::Response::Job,,,,
"{'__CLASS__': 'Adzuna::API::Response::Category', 'tag': 'consultancy-jobs', 'label': 'Beraterstellen'}",,,Projektmanager (m/w/d) Data Analytics / Data Science,5870759948,"{'display_name': 'HR4YOU', '__CLASS__': 'Adzuna::API::Response::Company'}",2026-09-04T17:45:47Z,0,"{'display_name': 'Deutschland', '__CLASS__': 'Adzuna::API::Response::Location', 'area': ['Deutschland']}",eyJhbGciOiJIUzI1NiJ9.eyJpIjoiNTg3MDc1OTk0OCIsInMiOiJLcjJHQjBHdzhSR1ZhNjNfak0xclpRIn0.Y0C061Lz91RzZ37stINQp594iGIpeBaHEq1kH660ETg,https://www.adzuna.de/details/5870759948?utm_medium=api&utm_source=a4bcf954,"CENIS ist seit über 40 Jahren ein erfahrener Partner für hochwertige Personaldienstleistungen und individuelle Karrierewege. Wir unterstützen Fach- und Führungskräfte dabei, den Job zu finden, der wirklich zu ihnen passt, mit fairen Konditionen und einem Mehrwert für alle beteiligten Parteien. Dank unseres starken Netzwerks vermitteln wir insbesondere qualifizierte Positionen im Engineering, in der IT sowie im kaufmännischen Umfeld – insbesondere in Branchen wie Luft- und Raumfahrt (Aviation), …",Adzuna::API::Response::Job,full_time,18000.0,18000.0,
"{'tag': 'pr-advertising-marketing-jobs', '__CLASS__': 'Adzuna::API::Response::Category', 'label': 'Stellen aus PR, Werbung & Marketing'}",,,Praktikant*in - Data Science / Analytics / GenAI (w/m/d),5825803276,"{'display_name': 'Capgemini Invent', '__CLASS__': 'Adzuna::API::Response::Company'}",2026-08-02T17:34:24Z,0,"{'display_name': 'Deutschland', '__CLASS__': 'Adzuna::API::Response::Location', 'area': ['Deutschland']}",eyJhbGciOiJIUzI1NiJ9.eyJzIjoiS3IyR0IwR3c4UkdWYTYzX2pNMXJaUSIsImkiOiI1ODI1ODAzMjc2In0.2Bd2VnlRs8zVHQat96bC0wPYiHwOwRjwE5PffnnkG_w,https://www.adzuna.de/details/5825803276?utm_medium=api&utm_source=a4bcf954,"Wir bei Capgemini Invent glauben, dass unterschiedliche Perspektiven den Wandel vorantreiben. Als innovative Transformationsberater vereinen wir unsere strategischen, kreativen und wissenschaftlichen Fähigkeiten und arbeiten eng mit unseren Kunden zusammen, um zukunftsweisende Lösungen zu entwickeln. Hilf uns dabei, den Wandel voranzutreiben, der auf die Herausforderungen unserer Kunden von heute und morgen zugeschnitten ist. Informiert und validiert durch Wissenschaft und Daten. Verstärkt durc…",Adzuna::API::Response::Job,,,,
"{'label': 'Stellen für Hochschulabsolventen', '__CLASS__': 'Adzuna::API::Response::Category', 'tag': 'graduate-jobs'}",9.99417,53.5504,Duales Masterstudium Applied Data Science (m/f/d),5677782124,"{'display_name': 'CGI', '__CLASS__': 'Adzuna::API::Response::Company'}",2026-03-25T06:58:05Z,0,"{'display_name': 'Hamburg-Altstadt, Hamburg', '__CLASS__': 'Adzuna::API::Response::Location', 'area': ['Deutschland', 'Hamburg', 'Hamburg-Altstadt']}",eyJhbGciOiJIUzI1NiJ9.eyJpIjoiNTY3Nzc4MjEyNCIsInMiOiJLcjJHQjBHdzhSR1ZhNjNfak0xclpRIn0.aSNGqoDvnxxeOv5U2pkU9sOFCZuQy0KGDwToN-ZSE9U,https://www.adzuna.de/details/5677782124?utm_medium=api&utm_source=a4bcf954,"Position Description: Duales Masterstudium Applied Data Science (m/f/d) Stellenbeschreibung Du willst Dich dem analytischen Umgang mit Daten stellen und hast dabei gleichzeitig „das große Ganze“ im Unternehmen im Blick? Künstliche Intelligenz, Data Mining, Predictive Analytics und Projektmanagement findest Du spannend? Kein Problem bei CGI! • Breite Karrieremöglichkeiten • Steile Lernkurve in kleinen Teams • Freistellungstage für Präsenzphasen und individuelles Lernen • Attraktives Gehalt sowie…",Adzuna::API::Response::Job,,,,contract
"{'label': 'Unknown', 'tag': 'unknown', '__CLASS__': 'Adzuna::API::Response::Category'}",8.60289,49.67828,Bachelor of Science (B. Sc.) Data Science und KI,4508854671,"{'display_name': 'Dentsply Sirona', '__CLASS__': 'Adzuna::API::Response::Company'}",2024-01-03T20:47:04Z,0,"{'display_name': 'Bensheim, Bergstraße (Kreis)', 'area': ['Deutschland', 'Hessen', 'Bergstraße (Kreis)', 'Bensheim'], '__CLASS__': 'Adzuna::API::Response::Location'}",eyJhbGciOiJIUzI1NiJ9.eyJpIjoiNDUwODg1NDY3MSIsInMiOiJLcjJHQjBHdzhSR1ZhNjNfak0xclpRIn0.H3t9jLTq0CLBR6o9kXu-GrbpR-RRNMtbD6jsjnrCw6o,https://www.adzuna.de/details/4508854671?utm_medium=api&utm_source=a4bcf954,"Requistion ID : 67844 Dentsply Sirona ist der weltweit größte Anbieter von Dentalprodukten- und technologien und unterstützt Zahnärzte und Zahntechniker dabei, eine bessere, schnellere und sicherere Versorgung in allen zahnmedizinischen Bereichen anzubieten. Wir sind stolz darauf, bevorzugter Partner für Zahnarztpraxen, Kliniken, Dentallabore und autorisierte Vertriebshändler weltweit zu sein. Der Hauptfirmensitz von Dentsply Sirona befindet sich in Charlotte, North Carolina. So fortschrittlich…",Adzuna::API::Response::Job,,,,
"{'label': 'Unknown', '__CLASS__': 'Adzuna::API::Response::Category', 'tag': 'unknown'}",8.60289,49.67828,Bachelor of Science (B. Sc.) Data Science und KI,5846159755,"{'display_name': 'Dentsply Sirona', '__CLASS__': 'Adzuna::API::Response::Company'}",2026-08-18T08:13:35Z,0,"{'__CLASS__': 'Adzuna::API::Response::Location', 'area': ['Deutschland', 'Hessen', 'Bergstraße (Kreis)', 'Bensheim'], 'display_name': 'Bensheim, Bergstraße (Kreis)'}",eyJhbGciOiJIUzI1NiJ9.eyJpIjoiNTg0NjE1OTc1NSIsInMiOiJLcjJHQjBHdzhSR1ZhNjNfak0xclpRIn0.GSJjS68ToEgCA6EAMq8JElK4RE1D8yD2cl9OxLYQ3RU,https://www.adzuna.de/details/5846159755?utm_medium=api&utm_source=a4bcf954,"Requistion ID : 67844 Dentsply Sirona ist der weltweit grte Anbieter von Dentalprodukten- und technologien und untersttzt Zahnrzte und Zahntechniker dabei, eine bessere, schnellere und sicherere Versorgung in allen zahnmedizinischen Bereichen anzubieten. Wir sind stolz darauf, bevorzugter Partner fr Zahnarztpraxen, Kliniken, Dentallabore und autorisierte Vertriebshndler weltweit zu sein. Der Hauptfirmensitz von Dentsply Sirona befindet sich in Charlotte, North Carolina. So fortschrittlich die Z…",Adzuna::API::Response::Job,,,,
"{'label': 'Beraterstellen', '__CLASS__': 'Adzuna::API::Response::Category', 'tag': 'consultancy-jobs'}",13.40933,52.52219,Praktikum Associate Consultant Data Science (m/w/d),5875725147,"{'__CLASS__': 'Adzuna::API::Response::Company', 'display_name': 'Simon-Kucher'}",2026-09-08T17:56:01Z,0,"{'display_name': 'Mitte, Berlin', 'area': ['Deutschland', 'Berlin', 'Mitte'], '__CLASS__': 'Adzuna::API::Response::Location'}",eyJhbGciOiJIUzI1NiJ9.eyJzIjoiS3IyR0IwR3c4UkdWYTYzX2pNMXJaUSIsImkiOiI1ODc1NzI1MTQ3In0.aV83f2KlTcZt2kmAJ_s2OAmE3GEzEHCrAvPQNs68JvU,https://www.adzuna.de/details/5875725147?utm_medium=api&utm_source=a4bcf954,Praktikum Associate Consultant Data Science (m/w/d) In Deutschland - Berlin | Bonn | Köln Du willst Praxiserfahrung in einer internationalen Unternehmensberatung sammeln? Bei uns kannst du dein Interesse an Wirtschaftsthemen mit deinen analytischen Fähigkeiten verbinden! Werde für mindestens 10 Wochen Teil eines außergewöhnlichen Teams. Was uns besonders macht: ein starker Unternehmergeist und jede Menge Gestaltungsfreiheit. Der Advanced Analytics Bereich bei Simon-Kucher konzentriert sich auf …,Adzuna::API::Response::Job,,,,
"{'label': 'IT-Stellen', '__CLASS__': 'Adzuna::API::Response::Category', 'tag': 'it-jobs'}",,,(Associate) Consultant Data Science & AI (m/w/d),5301078165,"{'display_name': 'Capgemini Invent', '__CLASS__': 'Adzuna::API::Response::Company'}",2025-07-13T22:14:52Z,0,"{'display_name': 'Deutschland', 'area': ['Deutschland'], '__CLASS__': 'Adzuna::API::Response::Location'}",eyJhbGciOiJIUzI1NiJ9.eyJzIjoiS3IyR0IwR3c4UkdWYTYzX2pNMXJaUSIsImkiOiI1MzAxMDc4MTY1In0.Zfhx0oivlskthl7s4ZGswK4LyegpsI5N1UUesYRrFmM,https://www.adzuna.de/details/5301078165?utm_medium=api&utm_source=a4bcf954,"Wir bei Capgemini Invent glauben, dass unterschiedliche Perspektiven den Wandel vorantreiben. Als innovative Transformationsberater vereinen wir unsere strategischen, kreativen und wissenschaftlichen Fähigkeiten und arbeiten eng mit unseren Kunden zusammen, um zukunftsweisende Lösungen zu entwickeln. Hilf uns dabei, den Wandel voranzutreiben, der auf die Herausforderungen unserer Kunden von heute und morgen zugeschnitten ist. Informiert und validiert durch Wissenschaft und Daten. Verstärkt durc…",Adzuna::API::Response::Job,,,,contract
"{'__CLASS__': 'Adzuna::API::Response::Category', 'tag': 'unknown', 'label': 'Unknown'}",12.3713,51.33968,Werkstudent Data Science / Business Intelligence (m/w/d),5836701364,"{'__CLASS__': 'Adzuna::API::Response::Company', 'display_name': 'Meierhofer AG'}",2026-08-11T14:38:58Z,0,"{'area': ['Deutschland', 'Sachsen', 'Leipzig (Kreis)', 'Leipzig', 'Zentrum'], '__CLASS__': 'Adzuna::API::Response::Location', 'display_name': 'Zentrum, Leipzig'}",eyJhbGciOiJIUzI1NiJ9.eyJpIjoiNTgzNjcwMTM2NCIsInMiOiJLcjJHQjBHdzhSR1ZhNjNfak0xclpRIn0.UQVbO6p6X3ffPAmUlQc-laDWRQRJEUALpN86BcNvlh4,https://www.adzuna.de/details/5836701364?utm_medium=api&utm_source=a4bcf954,"Unsere Standorte Berlin, Hannover, Leipzig, München, Passau oder remote / im Homeoffice – du kannst uns standortunabhängig unterstützen Dein zukünftiges Team Als Werkstudent*in im Bereich Produktentwicklung unterstützt du uns dabei, Daten aus internen Systemen sowie aus unserem Krankenhausinformationssystem M-KIS zu analysieren, aufzubereiten und in verständliche Reports und Dashboards zu übersetzen. Dabei arbeitest du an der Schnittstelle von IT, Fachbereichen und weiteren Stakeholdern und kan…",Adzuna::API::Response::Job,part_time,,,
"{'tag': 'unknown', '__CLASS__': 'Adzuna::API::Response::Category', 'label': 'Unknown'}",12.373598,51.339254,Werkstudent Data Science / Business Intelligence (m/w/d),5838215457,"{'__CLASS__': 'Adzuna::API::Response::Company', 'display_name': 'Meierhofer'}",2026-08-12T13:50:53Z,0,"{'display_name': 'Leipzig, Leipzig (Kreis)', 'area': ['Deutschland', 'Sachsen', 'Leipzig (Kreis)', 'Leipzig'], '__CLASS__': 'Adzuna::API::Response::Location'}",eyJhbGciOiJIUzI1NiJ9.eyJpIjoiNTgzODIxNTQ1NyIsInMiOiJLcjJHQjBHdzhSR1ZhNjNfak0xclpRIn0.gk4EWe7_HzhZ4yAVy6urdcLrqgahJvQEA3rWurr8654,https://www.adzuna.de/details/5838215457?utm_medium=api&utm_source=a4bcf954,"Unsere Standorte Berlin, Hannover, Leipzig, München, Passau oder remote / im Homeoffice – du kannst uns standortunabhängig unterstützen Dein zukünftiges Team Als Werkstudent*in im Bereich Produktentwicklung unterstützt du uns dabei, Daten aus internen Systemen sowie aus unserem Krankenhausinformationssystem M-KIS zu analysieren, aufzubereiten und in verständliche Reports und Dashboards zu übersetzen. Dabei arbeitest du an der Schnittstelle von IT, Fachbereichen und weiteren Stakeholdern und kan…",Adzuna::API::Response::Job,,,,
"{'__CLASS__': 'Adzuna::API::Response::Category', 'tag': 'unknown', 'label': 'Unknown'}",11.71669,48.17109,Werkstudent Data Science / Business Intelligence (m/w/d),5840503349,"{'display_name': 'Meierhofer', '__CLASS__': 'Adzuna::API::Response::Company'}",2026-08-13T18:11:53Z,0,"{'display_name': 'Aschheim, München (Kreis)', '__CLASS__': 'Adzuna::API::Response::Location', 'area': ['Deutschland', 'Bayern', 'München (Kreis)', 'Aschheim']}",eyJhbGciOiJIUzI1NiJ9.eyJpIjoiNTg0MDUwMzM0OSIsInMiOiJLcjJHQjBHdzhSR1ZhNjNfak0xclpRIn0.x7QV3vBm4gKQJFJHhlom07GE0CrS0DCitX-uH2dfxpM,https://www.adzuna.de/details/5840503349?utm_medium=api&utm_source=a4bcf954,"Unsere Standorte Berlin, Hannover, Leipzig, München, Passau oder remote / im Homeoffice – du kannst uns standortunabhängig unterstützen Dein zukünftiges Team Als Werkstudent*in im Bereich Produktentwicklung unterstützt du uns dabei, Daten aus internen Systemen sowie aus unserem Krankenhausinformationssystem M-KIS zu analysieren, aufzubereiten und in verständliche Reports und Dashboards zu übersetzen. Dabei arbeitest du an der Schnittstelle von IT, Fachbereichen und weiteren Stakeholdern und kan…",Adzuna::API::Response::Job,part_time,,,
"{'label': 'Unknown', '__CLASS__': 'Adzuna::API::Response::Category', 'tag': 'unknown'}",9.72719,48.28207,DHBW Studium - Data Science und Künstliche Intelligenz (B.Sc.),5880529170,"{'display_name': 'Liebherr-Werk Ehingen GmbH', '__CLASS__': 'Adzuna::API::Response::Company'}",2026-09-12T05:06:01Z,0,"{'area': ['Deutschland', 'Baden-Württemberg', 'Alb-Donau-Kreis', 'Ehingen (Donau)'], '__CLASS__': 'Adzuna::API::Response::Location', 'display_name': 'Ehingen (Donau), Alb-Donau-Kreis'}",eyJhbGciOiJIUzI1NiJ9.eyJpIjoiNTg4MDUyOTE3MCIsInMiOiJLcjJHQjBHdzhSR1ZhNjNfak0xclpRIn0.6dfacFDBYjOxXfBMI14r8YsXfB1e4Wo0vcolYY85sMo,https://www.adzuna.de/details/5880529170?utm_medium=api&utm_source=a4bcf954,Die Liebherr-Werk Ehingen GmbH zählt zu den weltweit führenden Herstellern von Fahrzeugkranen. Das Programm umfasst Teleskop- und Gittermastkrane auf Mobil- und Raupenfahrwerken. Seit der Gründung wurde die Produktionsstätte und ihre Kapazität kontinuierlich erweitert. Heute werden täglich sechs Fahrzeugkrane aus Ehingen in die ganze Welt geliefert. Mitarbeit an innovativen Projekten im Bereich Data Science und Künstliche Intelligenz Analyse und Auswertung großer Datenmengen zur Optimierung von…,Adzuna::API::Response::Job,full_time,,,
"{'label': 'Stellen für Hochschulabsolventen', '__CLASS__': 'Adzuna::API::Response::Category', 'tag': 'graduate-jobs'}",,,(Associate) Manager Data Science & AI (m/w/d),5743201137,"{'__CLASS__': 'Adzuna::API::Response::Company', 'display_name': 'Sopra-Steria'}",2026-05-28T09:14:48Z,0,"{'__CLASS__': 'Adzuna::API::Response::Location', 'area': ['Deutschland'], 'display_name': 'Deutschland'}",eyJhbGciOiJIUzI1NiJ9.eyJpIjoiNTc0MzIwMTEzNyIsInMiOiJLcjJHQjBHdzhSR1ZhNjNfak0xclpRIn0.jBvl1FYfjz5hquw6MhlsXXzOS89ad49cwyR4Ls5IDCc,https://www.adzuna.de/details/5743201137?utm_medium=api&utm_source=a4bcf954,"Unternehmensbeschreibung Wir sind als eine der führenden europäischen Management- und Technologieberatungen ein echter Tech-Player. Wir sehen uns als Vordenker*innen, handeln und denken strategisch, entwickeln mit unseren Kunden maßgeschneiderte Lösungen, sowie präzise Prozesse und implementieren innovative Technologien. Weltweit sind wir über 50.000 tech-affine und kluge Köpfe – gemeinsam gestalten wir die Zukunft unserer Kunden und die der Gesellschaft. Bist du bereit, das digitale Europa mit…",Adzuna::API::Response::Job,,,,
"{'label': 'Unknown', 'tag': 'unknown', '__CLASS__': 'Adzuna::API::Response::Category'}",7.621504,51.955292,(Senior) Consultant Data Science & AI (m/w/d),5802970779,"{'display_name': 'APRIORI - business solutions AG', '__CLASS__': 'Adzuna::API::Response::Company'}",2026-07-16T16:06:03Z,0,"{'area': ['Deutschland', 'Nordrhein-Westfalen', 'Münster'], '__CLASS__': 'Adzuna::API::Response::Location', 'display_name': 'Münster, Nordrhein-Westfalen'}",eyJhbGciOiJIUzI1NiJ9.eyJzIjoiS3IyR0IwR3c4UkdWYTYzX2pNMXJaUSIsImkiOiI1ODAyOTcwNzc5In0.hLvMoiVSbn0IceV-cy0afLafexPgPnjuunUUxYl_zdA,https://www.adzuna.de/details/5802970779?utm_medium=api&utm_source=a4bcf954,"Über uns Wir suchen im Rahmen einer unbefristeten Festanstellung einen (Senior) Consultant Data Science & AI (m/w/d) für ein ausgezeichnetes IT-Beratungshaus in Münster. Bei meinem Klienten erwartet Dich ein agiles Umfeld, in dem Du branchenübergreifende Projekte begleitest und Deine Leidenschaft für Daten voll entfalten kannst. Aufgaben Lösungsentwicklung: Du konzipierst und entwickelst individuelle Softwarelösungen für Kunden Anforderungsanalyse: Du arbeitest eng mit den Fachbereichen zusamme…",Adzuna::API::Response::Job,full_time,,,
"{'tag': 'unknown', '__CLASS__': 'Adzuna::API::Response::Category', 'label': 'Unknown'}",8.68437,49.40574,Adjunct Instructor in Data Science Computer - Science (Immediate Appointment),5798717578,"{'__CLASS__': 'Adzuna::API::Response::Company', 'display_name': 'Schiller International University'}",2026-07-13T11:48:57Z,0,"{'area': ['Deutschland', 'Baden-Württemberg', 'Heidelberg', 'Bergheim'], '__CLASS__': 'Adzuna::API::Response::Location', 'display_name': 'Bergheim, Heidelberg'}",eyJhbGciOiJIUzI1NiJ9.eyJzIjoiS3IyR0IwR3c4UkdWYTYzX2pNMXJaUSIsImkiOiI1Nzk4NzE3NTc4In0.sXGyOS-Qd9aEatAlF4CNVi1LHElQpCtXAVQ8cK3dAHc,https://www.adzuna.de/details/5798717578?utm_medium=api&utm_source=a4bcf954,"Your mission We invite visionary PhD holders and MSc scholars in Mathematical Statistics, Financial Mathematics, Data Science, with practical teaching experience to join us at Schiller International University in shaping the future of experiential and project-based education. The instructor will have the opportunity not only to teach but also to lead a state-of-the-art Immersive Technology Lab, fostering collaboration among students, colleagues, industry partners, and researchers to redefine th…",Adzuna::API::Response::Job,part_time,,,
