category,company,description,latitude,redirect_url,longitude,adref,id,location,title,__CLASS__,salary_is_predicted,created,contract_time,salary_max,salary_min,contract_type
"{'tag': 'unknown', 'label': 'Unknown', '__CLASS__': 'Adzuna::API::Response::Category'}","{'display_name': 'Lidl Stiftung & Co. KG', '__CLASS__': 'Adzuna::API::Response::Company'}","Eine gute Idee war der Ursprung, ein erfolgreiches Konzept ist das Ergebnis. Qualität zum guten Preis möglichst vielen Menschen anbieten zu können treibt uns an - mittlerweile weltweit, denn wir sind Lidl. Hier ist das berufliche Zuhause vielfältiger Talente. Ob im Einkauf, in der Logistik, im Warengeschäft oder in der IT; ob als Impulsgeber, Gestalter oder Dienstleister der Länder. Wir suchen Anpacker, Durchstarter, Möglichmacher und bieten spannende Aufgaben und Projekte in einem dynamischen …",49.18975,https://www.adzuna.de/land/ad/5867156926?se=HCZLjdHA8RGG747TTDN8rQ&utm_medium=api&utm_source=a4bcf954&v=57538349D517A874951EE6D4F43A60A107187C1F,9.2274,eyJhbGciOiJIUzI1NiJ9.eyJpIjoiNTg2NzE1NjkyNiIsInMiOiJIQ1pMamRIQThSR0c3NDdUVEROOHJRIn0.zwHL6t0UrNA29CTF8_NCz45EO2gpSItmMY_aMwXERjc,5867156926,"{'__CLASS__': 'Adzuna::API::Response::Location', 'area': ['Deutschland', 'Baden-Württemberg', 'Heilbronn (Kreis)', 'Neckarsulm'], 'display_name': 'Neckarsulm, Heilbronn (Kreis)'}",Duales Studium Wirtschaftsinformatik - Data Science 2027,Adzuna::API::Response::Job,0,2026-09-02T16:09:25Z,,,,
"{'label': 'Unknown', '__CLASS__': 'Adzuna::API::Response::Category', 'tag': 'unknown'}","{'__CLASS__': 'Adzuna::API::Response::Company', 'display_name': 'Zeppelin Systems GmbH'}","Aufgaben Profil Wir bieten Die Zeppelin Systems GmbH ist spezialisiert auf den Bau von Anlagen zum Lagern, Fördern, Mischen, Dosieren und Verwiegen hochwertiger Schüttgüter. Mit weltweit mehr als 1.600 Mitarbeitern begleitet das Unternehmen seine Kunden aus unterschiedlichen Branchen von der Planung über die Realisierung bis hin zum After-Sales-Service. Die Zeppelin Systems GmbH ist Teil der global agierenden Zeppelin Gruppe. Rund 12.000 Mitarbeitende arbeiten in den Bereichen Bauwirtschaft und…",47.66385,https://www.adzuna.de/land/ad/5890244862?se=HCZLjdHA8RGG747TTDN8rQ&utm_medium=api&utm_source=a4bcf954&v=39C12EE0D1295BD0020B50650C092D397BD4F60D,9.45975,eyJhbGciOiJIUzI1NiJ9.eyJpIjoiNTg5MDI0NDg2MiIsInMiOiJIQ1pMamRIQThSR0c3NDdUVEROOHJRIn0.RfVGOkitdg5yV2rA514iIIkLoIaIjuR_0cwDGB6Z8ko,5890244862,"{'display_name': 'Friedrichshafen, Bodenseekreis', '__CLASS__': 'Adzuna::API::Response::Location', 'area': ['Deutschland', 'Baden-Württemberg', 'Bodenseekreis', 'Friedrichshafen']}",Duales Studium | Data Science und Künstliche Intelligenz | 2027,Adzuna::API::Response::Job,0,2026-09-19T07:45:37Z,,,,
"{'__CLASS__': 'Adzuna::API::Response::Category', 'label': 'Unknown', 'tag': 'unknown'}","{'__CLASS__': 'Adzuna::API::Response::Company', 'display_name': 'MPDV Mikrolab GmbH'}","Gemeinsam zukunftsweisende Lösungen für die Smart Factory unserer Kunden zu entwickeln und diese erfolgreich zu machen: das ist unser Ziel als Marktführer für IT-Lösungen in der Fertigung! Mit mehr als 47 Jahren Projekterfahrung im Produktionsumfeld verfügen wir über umfangreiches Fachwissen. Mehr als 1.485.000 Menschen in 1.750 Fertigungsunternehmen weltweit nutzen täglich unsere Softwarelösungen, um ihre Produktionsprozesse effizienter zu gestalten. Du möchtest studieren und gleichzeitig erst…",49.35198,https://www.adzuna.de/land/ad/5879753355?se=HCZLjdHA8RGG747TTDN8rQ&utm_medium=api&utm_source=a4bcf954&v=1BEA646538BCDF024BE6CB5FA1D1299E3C56B05E,9.14587,eyJhbGciOiJIUzI1NiJ9.eyJzIjoiSENaTGpkSEE4UkdHNzQ3VFRETjhyUSIsImkiOiI1ODc5NzUzMzU1In0.7xz42wrguQdB4Cc2RlFUrthb-xKZCNLQsjqVQY0R-uI,5879753355,"{'display_name': 'Mosbach, Neckar-Odenwald-Kreis', '__CLASS__': 'Adzuna::API::Response::Location', 'area': ['Deutschland', 'Baden-Württemberg', 'Neckar-Odenwald-Kreis', 'Mosbach']}",Duales Studium - Data Science & Künstliche Intelligenz 2027 (B. Sc.),Adzuna::API::Response::Job,0,2026-09-11T15:06:13Z,,,,
"{'label': 'Unknown', '__CLASS__': 'Adzuna::API::Response::Category', 'tag': 'unknown'}","{'display_name': 'Lidl Stiftung & Co. KG', '__CLASS__': 'Adzuna::API::Response::Company'}","Eine gute Idee war der Ursprung, ein erfolgreiches Konzept ist das Ergebnis. Qualität zum guten Preis möglichst vielen Menschen anbieten zu können treibt uns an - mittlerweile weltweit, denn wir sind Lidl. Hier ist das berufliche Zuhause vielfältiger Talente. Ob im Einkauf, in der Logistik, im Warengeschäft oder in der IT; ob als Impulsgeber, Gestalter oder Dienstleister der Länder. Wir suchen Anpacker, Durchstarter, Möglichmacher und bieten spannende Aufgaben und Projekte in einem dynamischen …",49.18975,https://www.adzuna.de/land/ad/5867748095?se=HCZLjdHA8RGG747TTDN8rQ&utm_medium=api&utm_source=a4bcf954&v=6CCA5DCD457AACFE0589896DE157FC35B303CC21,9.2274,eyJhbGciOiJIUzI1NiJ9.eyJzIjoiSENaTGpkSEE4UkdHNzQ3VFRETjhyUSIsImkiOiI1ODY3NzQ4MDk1In0.DdM7h_SqYrYXkN88TrEGlPhZm3V-chPFvPWe3SbzaWg,5867748095,"{'display_name': 'Neckarsulm, Heilbronn (Kreis)', 'area': ['Deutschland', 'Baden-Württemberg', 'Heilbronn (Kreis)', 'Neckarsulm'], '__CLASS__': 'Adzuna::API::Response::Location'}",Duales Studium Data Science und KI - Smart Operations Management 2027,Adzuna::API::Response::Job,0,2026-09-03T01:27:52Z,,,,
"{'label': 'Unknown', '__CLASS__': 'Adzuna::API::Response::Category', 'tag': 'unknown'}","{'__CLASS__': 'Adzuna::API::Response::Company', 'display_name': 'Atruvia AG'}",Wir sind der Digitalisierungspartner in der genossenschaftlichen FinanzGruppe und vereinen jahrzehntelanges Expertenwissen in Banking und Informationstechnologie. Die speziell auf Banken zugeschnittenen IT-Lösungen und Leistungen reichen vom Rechenzentrumsbetrieb über das Bankverfahren von Atruvia bis hin zur App-Entwicklung. Dabei nutzen wir zukunftsweisende Technologien wie Smart Data und schreiben Prozessoptimierung und Regulatorik groß. Gestalte die Zukunft mit KI – Starte dein Duales Studi…,49.001249,https://www.adzuna.de/land/ad/5895674265?se=HCZLjdHA8RGG747TTDN8rQ&utm_medium=api&utm_source=a4bcf954&v=FCDF4B96F1E4B2BE83D1F8D67594C88515F685E8,8.412378,eyJhbGciOiJIUzI1NiJ9.eyJzIjoiSENaTGpkSEE4UkdHNzQ3VFRETjhyUSIsImkiOiI1ODk1Njc0MjY1In0.a35Q9WiksH2IIo-9_aYLOVhOQzM78EmTPdymD10o2CU,5895674265,"{'display_name': 'Karlsruhe, Karlsruhe (Kreis)', '__CLASS__': 'Adzuna::API::Response::Location', 'area': ['Deutschland', 'Baden-Württemberg', 'Karlsruhe (Kreis)', 'Karlsruhe']}",Duales Studium Data Science & Künstliche Intelligenz B.Sc.,Adzuna::API::Response::Job,0,2026-09-23T23:18:22Z,,,,
"{'label': 'Unknown', '__CLASS__': 'Adzuna::API::Response::Category', 'tag': 'unknown'}","{'display_name': 'Trelleborg Sealing Solutions Germany GmbH', '__CLASS__': 'Adzuna::API::Response::Company'}","Duales Studium Wirtschaftsinformatik-Data Science, Studienbeginn 2027 (m/w/d) Trelleborg is a world leader in engineered polymer solutions for almost every industry on the planet. And we are where we are because our talents brought us here. By specializing in the polymer engineering that makes innovation and application possible, Trelleborg works closely with leading industry brands to accelerate their performance, drive their business forward—and along the way, shape the industry and progress …",48.776198,https://www.adzuna.de/land/ad/5882421037?se=HCZLjdHA8RGG747TTDN8rQ&utm_medium=api&utm_source=a4bcf954&v=EDCB0CA36536BD262C7DEB3EEE0AC24E6F084D02,9.187224,eyJhbGciOiJIUzI1NiJ9.eyJzIjoiSENaTGpkSEE4UkdHNzQ3VFRETjhyUSIsImkiOiI1ODgyNDIxMDM3In0.NrDbUKa5GIOyGlDAwBwtBsk8jx8DD9GXqn0SUn8jC8M,5882421037,"{'area': ['Deutschland', 'Baden-Württemberg', 'Stuttgart'], '__CLASS__': 'Adzuna::API::Response::Location', 'display_name': 'Stuttgart, Baden-Württemberg'}","Duales Studium Wirtschaftsinformatik-Data Science, Studienbeginn 2027 (m/w/d)",Adzuna::API::Response::Job,0,2026-09-13T10:57:10Z,,,,
"{'tag': 'scientific-qa-jobs', 'label': 'Stellen aus Wissenschaft & Qualitätssicherung', '__CLASS__': 'Adzuna::API::Response::Category'}","{'display_name': 'Knuddels GmbH & Co. KG', '__CLASS__': 'Adzuna::API::Response::Company'}","Wir sind mit mehr als 300.000 monatlich aktiven Mitgliedern und mehr als 1.000 aktiven Chaträumen Deutschlands größte Chat-Community. Unsere Vision ist es, ein Café oder auch eine gemütliche Bar im Netz zu bauen, wo jeder eine gute Zeit mit anderen beim Chatten verbringt. Wir glauben, dass soziale Kontakte die Grundlage für ein glückliches Leben sind. Aufgaben Du analysierst komplexe Datenbestände mit Python (pandas, sklearn) und SQL, um durch Machine Learning Modelle (z.B. Clustering, Forecast…",49.001249,https://www.adzuna.de/land/ad/5911733908?se=HCZLjdHA8RGG747TTDN8rQ&utm_medium=api&utm_source=a4bcf954&v=104DC94EF2297265A719B573B7A595CF518C3D06,8.412378,eyJhbGciOiJIUzI1NiJ9.eyJzIjoiSENaTGpkSEE4UkdHNzQ3VFRETjhyUSIsImkiOiI1OTExNzMzOTA4In0.XiTft2KrdV2BFBP1_RMULlLZ1Zn8S8DL2a_2cLOtONQ,5911733908,"{'area': ['Deutschland', 'Baden-Württemberg', 'Karlsruhe (Kreis)', 'Karlsruhe'], '__CLASS__': 'Adzuna::API::Response::Location', 'display_name': 'Karlsruhe, Karlsruhe (Kreis)'}",Head of Data Science - Maschinelles Lernen / KI (m/w/d),Adzuna::API::Response::Job,0,2026-10-04T19:04:31Z,,,,
"{'label': 'Stellen aus Wissenschaft & Qualitätssicherung', '__CLASS__': 'Adzuna::API::Response::Category', 'tag': 'scientific-qa-jobs'}","{'__CLASS__': 'Adzuna::API::Response::Company', 'display_name': 'Dr. Ausbüttel GmbH & Co. KG'}","Head of AI & Data Science: Tragen Sie dazu bei, Wunden zu heilen, Innovationen zu fördern und Wachstum zu gestalten! Schwer heilende Wunden sind eine enorme Belastung für Patienten, Angehörige und Behandelnde. Machen Sie durch Ihr gestalterisches Mitwirken einen signifikanten Unterschied. Wir entwickeln Produkte und Services, um Wunden bezahlbar zu heilen. Als wachsendes, zukunftsorientiertes inhabergeführtes Familienunternehmen investieren und arbeiten wir mit langfristiger Perspektive statt m…",51.504967,https://www.adzuna.de/land/ad/5778612605?se=HCZLjdHA8RGG747TTDN8rQ&utm_medium=api&utm_source=a4bcf954&v=618D595659D80CC814AEDB32378C842FA87F230F,7.464954,eyJhbGciOiJIUzI1NiJ9.eyJzIjoiSENaTGpkSEE4UkdHNzQ3VFRETjhyUSIsImkiOiI1Nzc4NjEyNjA1In0.B9A-Tp2Sf-5uk6hfKju50I2TmTDJqewfTLH345wJxu0,5778612605,"{'__CLASS__': 'Adzuna::API::Response::Location', 'area': ['Deutschland', 'Nordrhein-Westfalen', 'Dortmund'], 'display_name': 'Dortmund, Nordrhein-Westfalen'}",Head of AI & Data Science (m/w/d),Adzuna::API::Response::Job,0,2026-06-27T06:23:04Z,,,,
"{'tag': 'unknown', '__CLASS__': 'Adzuna::API::Response::Category', 'label': 'Unknown'}","{'display_name': 'HENSOLDT', '__CLASS__': 'Adzuna::API::Response::Company'}","HENSOLDT ist ein führendes europäisches Hightech-Unternehmen der Verteidigungs- und Sicherheitsindustrie mit Sitz in Taufkirchen bei München. Das Unternehmen entwickelt Sensorlösungen, Elektronik und Software für die Bereiche Luft, Land, See, Cyber und Weltraum und unterstützt Streitkräfte weltweit dabei, Bedrohungen frühzeitig zu erkennen und fundierte operative Entscheidungen zu treffen. Aufbauend auf jahrzehntelanger Erfahrung in missionskritischer Sensorik verbindet HENSOLDT Radar-, Optroni…",48.383137,https://www.adzuna.de/land/ad/5880789255?se=HCZLjdHA8RGG747TTDN8rQ&utm_medium=api&utm_source=a4bcf954&v=FC0E9F5FD927685FCF5BA793DAD25A3F17717D68,9.856945,eyJhbGciOiJIUzI1NiJ9.eyJzIjoiSENaTGpkSEE4UkdHNzQ3VFRETjhyUSIsImkiOiI1ODgwNzg5MjU1In0.0TWoWT1HVlBSUo5XASkvd7w4y4EaPI_cXzK_WyNKVU0,5880789255,"{'display_name': 'Ulm, Baden-Württemberg', 'area': ['Deutschland', 'Baden-Württemberg', 'Ulm'], '__CLASS__': 'Adzuna::API::Response::Location'}","Duales Studium: ""Data Science & künstliche Intelligenz"" (w/m/d), Ulm, Start 2027",Adzuna::API::Response::Job,0,2026-09-12T10:52:50Z,,,,
"{'__CLASS__': 'Adzuna::API::Response::Category', 'label': 'Unknown', 'tag': 'unknown'}","{'display_name': 'FUCHS LUBRICANTS GERMANY GmbH', '__CLASS__': 'Adzuna::API::Response::Company'}","FUCHS ist der weltweit größte unabhängige Anbieter von innovativen Schmierstofflösungen für nahezu alle Branchen und Anwendungsbereiche. Unsere Produkte und Lösungen halten die Welt in Bewegung, auch wenn diese nicht immer sichtbar sind. Entscheidend ist, dass jeder Einzelne unserer über 6.000 Mitarbeiter in mehr als 50 Ländern sichtbar ist - ihr Unternehmergeist, ihre Ideen und Fähigkeiten sind das Herzstück unseres globalen Geschäfts. Aufgaben Das sind Deine Aufgaben: Du kombinierst Informati…",49.496025,https://www.adzuna.de/land/ad/5911099080?se=HCZLjdHA8RGG747TTDN8rQ&utm_medium=api&utm_source=a4bcf954&v=1E4C81F90228FD3B0830455774687F0F9D0022A8,8.491505,eyJhbGciOiJIUzI1NiJ9.eyJzIjoiSENaTGpkSEE4UkdHNzQ3VFRETjhyUSIsImkiOiI1OTExMDk5MDgwIn0.2kVIWAzpIiM4fN0Ou6nubUIt3Rpwvm604jVi0Up1G8A,5911099080,"{'display_name': 'Mannheim, Baden-Württemberg', '__CLASS__': 'Adzuna::API::Response::Location', 'area': ['Deutschland', 'Baden-Württemberg', 'Mannheim']}",Duales Studium B.Sc. Data Science und Künstliche Intelligenz (m/w/d) 2027,Adzuna::API::Response::Job,0,2026-10-04T07:04:13Z,,,,
"{'tag': 'unknown', '__CLASS__': 'Adzuna::API::Response::Category', 'label': 'Unknown'}","{'__CLASS__': 'Adzuna::API::Response::Company', 'display_name': 'medi GmbH & Co. KG'}","medi GmbH & Co. KG Bayreuth Präsenz / Mobil Ausbildung IT Vollzeit Du willst die digitale Zukunft aktiv mitgestalten und dein Interesse für Daten, KI und moderne Technologien nicht nur im Hörsaal, sondern auch direkt in der Praxis einsetzen? Dann ist das duale Studium Data Science / KI bei medi genau dein Weg in eine zukunftsorientierte Karriere in der datengetriebenen Welt von morgen. Bewirb dich jetzt für einen Start ab September 2027 und absolviere dein duales Studium in nur drei Jahren Über…",49.941534,https://www.adzuna.de/land/ad/5889988881?se=HCZLjdHA8RGG747TTDN8rQ&utm_medium=api&utm_source=a4bcf954&v=373FA171ED59C90814BFE43E5B8BFC4490F13ACB,11.588238,eyJhbGciOiJIUzI1NiJ9.eyJpIjoiNTg4OTk4ODg4MSIsInMiOiJIQ1pMamRIQThSR0c3NDdUVEROOHJRIn0.8OhfbPbp2ugNZqGmrg44i3zQLfvi_JaU4aU5CVNCUSU,5889988881,"{'__CLASS__': 'Adzuna::API::Response::Location', 'area': ['Deutschland', 'Bayern', 'Bayreuth (Kreis)', 'Bayreuth'], 'display_name': 'Bayreuth, Bayreuth (Kreis)'}",Duales Studium Data Science / KI (w/m/d) 2027,Adzuna::API::Response::Job,0,2026-09-19T02:37:19Z,,,,
"{'tag': 'other-general-jobs', '__CLASS__': 'Adzuna::API::Response::Category', 'label': 'Sonstige/Allgemeine Stellen'}","{'display_name': 'naturenergie hochrhein AG', '__CLASS__': 'Adzuna::API::Response::Company'}","Seit 1898 machen wir bei naturenergie die Energie der Natur nutzbar. Starte bei uns in eine Ausbildung, die dich unterstützt, fördert und dir echte Perspektiven bietet – mitten in der Region. Du bist bei naturenergie genau richtig, … wenn du eine Ausbildung willst, die dich ernst nimmt und fördert. … wenn du ein Team suchst, das dich unterstützt und nicht allein lässt. … wenn du einen Beruf lernen willst, der Zukunft hat und Sinn macht. Bachelor of Science Studiengang Data Science und Künstlich…",47.55924,https://www.adzuna.de/land/ad/5910301048?se=HCZLjdHA8RGG747TTDN8rQ&utm_medium=api&utm_source=a4bcf954&v=4829717088A9A136A647CFB27C1716D83EAFA47D,7.78433,eyJhbGciOiJIUzI1NiJ9.eyJpIjoiNTkxMDMwMTA0OCIsInMiOiJIQ1pMamRIQThSR0c3NDdUVEROOHJRIn0.ibDKyBRWarNkx3L2PMid6r_U9OoRFxFhvgL-dR2kYh0,5910301048,"{'area': ['Deutschland', 'Baden-Württemberg', 'Lörrach (Kreis)', 'Rheinfelden (Baden)'], '__CLASS__': 'Adzuna::API::Response::Location', 'display_name': 'Rheinfelden (Baden), Lörrach (Kreis)'}",Bachelor of Science Studiengang Data Science und Künstliche Intelligenz (m/w/d) ab 01.10.2027,Adzuna::API::Response::Job,0,2026-10-03T18:41:53Z,,,,
"{'tag': 'unknown', 'label': 'Unknown', '__CLASS__': 'Adzuna::API::Response::Category'}","{'display_name': 'Würth Deutschland', '__CLASS__': 'Adzuna::API::Response::Company'}","Die Adolf Würth GmbH & Co. KG ist führender Hersteller von Befestigungstechnik für die professionelle Anwendung. Das Familienunternehmen ist das größte Einzelunternehmen der weltweit tätigen Würth-Gruppe und beschäftigt in Deutschland über 8.000 Mitarbeitende. Rund 87.000 sind bei der Würth-Gruppe beschäftigt. Hohe Eigenmotivation, große Gestaltungsfreiräume und eine starke Kollegialität zeichnen die Unternehmenskultur aus. Neugierig geworden? Jetzt informieren und Teil der Würth Familie werden…",52.507706,https://www.adzuna.de/land/ad/5880042143?se=HCZLjdHA8RGG747TTDN8rQ&utm_medium=api&utm_source=a4bcf954&v=9774BA355471DF2F08279D0D5EFDA23F7F29EC46,13.420806,eyJhbGciOiJIUzI1NiJ9.eyJzIjoiSENaTGpkSEE4UkdHNzQ3VFRETjhyUSIsImkiOiI1ODgwMDQyMTQzIn0.aJJuiIAKRRAQEyi0DlVH7jnzKsRuRzIyO6ed3gpLIPo,5880042143,"{'display_name': 'Berlin, Deutschland', '__CLASS__': 'Adzuna::API::Response::Location', 'area': ['Deutschland', 'Berlin']}",Teamlead Data Science - Data & AI Research (m/w/d),Adzuna::API::Response::Job,0,2026-09-11T19:51:00Z,,,,
"{'tag': 'pr-advertising-marketing-jobs', '__CLASS__': 'Adzuna::API::Response::Category', 'label': 'Stellen aus PR, Werbung & Marketing'}","{'display_name': 'CHECK24', '__CLASS__': 'Adzuna::API::Response::Company'}","CHECK24 ist das Vergleichsportal: Wir sind Marktführer und dynamisches Startup in einem. In agilen Teams treffen wir schnelle Entscheidungen und leben flache Hierarchien. Durch den gezielten Einsatz modernster Tools und Technologien sowie State-of-the-Art-Methoden der KI treiben wir datengetriebene Innovationen voran - immer mit Blick auf den Mehrwert für unsere Kunden. So arbeiten wir täglich in mehr als 50 Produkten daran, die User Experience unserer über 20 Millionen Kunden kontinuierlich zu…",48.357096,https://www.adzuna.de/land/ad/5905013793?se=HCZLjdHA8RGG747TTDN8rQ&utm_medium=api&utm_source=a4bcf954&v=067272A4F644AA8250F97E5B2650E4C826C02B4E,10.89379,eyJhbGciOiJIUzI1NiJ9.eyJpIjoiNTkwNTAxMzc5MyIsInMiOiJIQ1pMamRIQThSR0c3NDdUVEROOHJRIn0.64ma3o1bEg8oQz12c1K_wRIFmREmF8GfMZExJr9DEtM,5905013793,"{'display_name': 'Augsburg, Augsburg (Kreis)', 'area': ['Deutschland', 'Bayern', 'Augsburg (Kreis)', 'Augsburg'], '__CLASS__': 'Adzuna::API::Response::Location'}",Werkstudent (m/w/d) technisches Produktmanagement & Data Science Camper,Adzuna::API::Response::Job,0,2026-10-01T08:14:18Z,,,,
"{'__CLASS__': 'Adzuna::API::Response::Category', 'label': 'Unknown', 'tag': 'unknown'}","{'display_name': 'BBC Cellpack GmbH', '__CLASS__': 'Adzuna::API::Response::Company'}","BBC Cellpack wurde 1935 in Villmergen, Schweiz, als Nachfolger der Dreifuss Brothers AG gegründet. Ursprünglich auf Zellophanverpackungen fokussiert, entwickelte sich das Unternehmen durch den Pioniergeist der Gebrüder Dreifuss, die das Potenzial neuer Materialien erkannten und hochwertige Industriegüter entwickelten, schnell weiter. Diese innovative Denkweise legte den Grundstein für jahrzehntelangen Fortschritt. Mit der Gründung der Cellpack GmbH in Waldshut-Tiengen im Jahr 1967, expandierte …",47.6383,https://www.adzuna.de/land/ad/5891461829?se=HCZLjdHA8RGG747TTDN8rQ&utm_medium=api&utm_source=a4bcf954&v=15002FBA01A1ED05D820C5B9280390984B86532C,8.28431,eyJhbGciOiJIUzI1NiJ9.eyJpIjoiNTg5MTQ2MTgyOSIsInMiOiJIQ1pMamRIQThSR0c3NDdUVEROOHJRIn0.Q8awG3_zHYGdgWQCrIroqKXS45oJaMLd9WIIxBY2oEo,5891461829,"{'display_name': 'Waldshut-Tiengen, Waldshut (Kreis)', '__CLASS__': 'Adzuna::API::Response::Location', 'area': ['Deutschland', 'Baden-Württemberg', 'Waldshut (Kreis)', 'Waldshut-Tiengen']}",Dualer Student (m/w/d) Data Science und Künstliche Intelligenz – Digitale Produktion (B.Sc.) ab Oktober 2027,Adzuna::API::Response::Job,0,2026-09-20T09:29:48Z,,,,
"{'label': 'Unknown', '__CLASS__': 'Adzuna::API::Response::Category', 'tag': 'unknown'}","{'__CLASS__': 'Adzuna::API::Response::Company', 'display_name': 'CLINOTEL Krankenhausverbund gemeinnützige GmbH'}","Die Clinotel Krankenhausverbund gGmbH ist ein trägerübergreifender, gemeinnütziger Verbund von leistungsstarken und innovativen Krankenhäusern mit bundesweit über 70 Standorten in ganz Deutschland. Unter dem Motto ""Selbstbestimmt. Gemeinsam. Stark."" unterstützt das Team in der Kölner Geschäftsstelle unsere unabhängigen Mitgliedshäuser dabei, Qualität, Wirtschaftlichkeit und Transparenz weiterzuentwickeln. Gemeinsam Daten besser nutzbar machen Für unseren Bereich Data Science und Softwareprodukt…",50.940164,https://www.adzuna.de/land/ad/5888081020?se=HCZLjdHA8RGG747TTDN8rQ&utm_medium=api&utm_source=a4bcf954&v=47CAF2626E8D0666450DD579215CE483C77FB333,6.969972,eyJhbGciOiJIUzI1NiJ9.eyJzIjoiSENaTGpkSEE4UkdHNzQ3VFRETjhyUSIsImkiOiI1ODg4MDgxMDIwIn0.1L2n9u6HrIgQBgUv_zAbOQmVl63-zjxYPnaK441xJ8U,5888081020,"{'area': ['Deutschland', 'Nordrhein-Westfalen', 'Köln'], '__CLASS__': 'Adzuna::API::Response::Location', 'display_name': 'Köln, Nordrhein-Westfalen'}",Projektleitung Data Science im Gesundheitswesen (m/w/d),Adzuna::API::Response::Job,0,2026-09-17T19:59:19Z,,,,
"{'__CLASS__': 'Adzuna::API::Response::Category', 'label': 'Unknown', 'tag': 'unknown'}","{'__CLASS__': 'Adzuna::API::Response::Company', 'display_name': 'S-Kreditpartner GmbH'}",S-Kreditpartner – unser Name ist Programm. Und der macht auf den ersten Blick deutlich: Wir gehören zur Familie der Sparkassen. Als spezialisierter Verbundpartner bündeln wir die Aktivitäten für die Auto- und Konsumenten­finanzierung. Gemein­sam mit unseren Vertriebs­partnern wollen wir die Position der Sparkassen-Finanz­gruppe in diesen Geschäftsfeldern stärken. Als Referent (m/w/d) Data Scientist gestaltest Du die Banksteuerung aktiv mit und machst aus komplexen Daten klare Entscheidungs­grun…,52.507706,https://www.adzuna.de/land/ad/5906171103?se=HCZLjdHA8RGG747TTDN8rQ&utm_medium=api&utm_source=a4bcf954&v=D07C2403D18446104356C43A295BF803B04EE5C3,13.420806,eyJhbGciOiJIUzI1NiJ9.eyJzIjoiSENaTGpkSEE4UkdHNzQ3VFRETjhyUSIsImkiOiI1OTA2MTcxMTAzIn0.tDhLRPWNCGPOqFBobRdj2uOl3Ax1BBCyid4nRiAwCq4,5906171103,"{'area': ['Deutschland', 'Berlin'], '__CLASS__': 'Adzuna::API::Response::Location', 'display_name': 'Berlin, Deutschland'}",Referent Data Science & Reporting (m/w/d),Adzuna::API::Response::Job,0,2026-10-01T20:59:47Z,,,,
"{'label': 'Unknown', '__CLASS__': 'Adzuna::API::Response::Category', 'tag': 'unknown'}","{'display_name': 'Mercedes-Benz Group AG', '__CLASS__': 'Adzuna::API::Response::Company'}","Life is always about becoming… Im Leben geht es darum, sich auf eine Reise zu begeben, um die beste Version unseres zukünftigen Selbst zu werden. Während wir Neues entdecken, stellen wir uns Herausforderungen, meistern sie und wachsen über uns hinaus. Bewerben Sie sich bei Mercedes-Benz und finden Sie den Aufgabenbereich, in dem Sie Ihre Talente individuell entfalten können. Dabei werden Sie von visionären Kolleginnen und Kollegen unterstützt, die Ihren Pioniergeist teilen. Bei uns einzusteigen…",48.745846,https://www.adzuna.de/land/ad/5911866807?se=HCZLjdHA8RGG747TTDN8rQ&utm_medium=api&utm_source=a4bcf954&v=EF047B884BD9D8083DA044ADC2F39BE73648F399,9.315933,eyJhbGciOiJIUzI1NiJ9.eyJpIjoiNTkxMTg2NjgwNyIsInMiOiJIQ1pMamRIQThSR0c3NDdUVEROOHJRIn0.O1iSDbWJvW7sow6WtfxZObR-pxEutE4Lu7dJbV-vzG0,5911866807,"{'display_name': 'Esslingen am Neckar, Esslingen (Kreis)', 'area': ['Deutschland', 'Baden-Württemberg', 'Esslingen (Kreis)', 'Esslingen am Neckar'], '__CLASS__': 'Adzuna::API::Response::Location'}","Duales Studium Wirtschaftsinformatik/Data Science (B.Sc.), Mercedes-Benz Group AG, Stuttgart, 01.10.2027 (m/w/d)",Adzuna::API::Response::Job,0,2026-10-05T01:04:44Z,,,,
"{'__CLASS__': 'Adzuna::API::Response::Category', 'label': 'Unknown', 'tag': 'unknown'}","{'display_name': 'Mercedes-Benz Tech Innovation', '__CLASS__': 'Adzuna::API::Response::Company'}","Life is always about becoming… Im Leben geht es darum, sich auf eine Reise zu begeben, um die beste Version unseres zukünftigen Selbst zu werden. Während wir Neues entdecken, stellen wir uns Herausforderungen, meistern sie und wachsen über uns hinaus. Bewerben Sie sich bei Mercedes-Benz und finden Sie den Aufgabenbereich, in dem Sie Ihre Talente individuell entfalten können. Dabei werden Sie von visionären Kolleginnen und Kollegen unterstützt, die Ihren Pioniergeist teilen. Bei uns einzusteigen…",48.383137,https://www.adzuna.de/land/ad/5902540444?se=HCZLjdHA8RGG747TTDN8rQ&utm_medium=api&utm_source=a4bcf954&v=A94D1029BADBE988F6D5D4A89882196087EC6850,9.856945,eyJhbGciOiJIUzI1NiJ9.eyJpIjoiNTkwMjU0MDQ0NCIsInMiOiJIQ1pMamRIQThSR0c3NDdUVEROOHJRIn0.I6Q2LPXnpkn8dJajLmUGNi8MQdIY2zEL5Bawq1_TDdw,5902540444,"{'__CLASS__': 'Adzuna::API::Response::Location', 'area': ['Deutschland', 'Baden-Württemberg', 'Ulm'], 'display_name': 'Ulm, Baden-Württemberg'}",Duales Studium Wirtschaftsinformatik Schwerpunkt Data Science / Künstliche Intelligenz in Kooperation mit der Dualen Hochschule Baden-Württemberg 2027 (m/w/d/x),Adzuna::API::Response::Job,0,2026-09-29T06:23:55Z,,,,
"{'tag': 'unknown', '__CLASS__': 'Adzuna::API::Response::Category', 'label': 'Unknown'}","{'__CLASS__': 'Adzuna::API::Response::Company', 'display_name': 'Bundeskriminalamt'}",Wissenschaftliche Mitarbeiterin / Wissenschaftlicher Mitarbeiter im Bereich „KI/Data Science Kriminal­technische Analytik“ (w/m/d) Personenkreis: Tarifbeschäftigte und Beamtinnen und Beamte Arbeits-/Dienstort: Wiesbaden Beschäftigungsumfang: Vollzeit/Teilzeit Vergütung/Besoldung: EG 14 TV EntgO Bund mit dem Ziel der Verbeamtung bzw. A 13h/​A 14 BBesG (Bundes­besoldungs­gesetz) Bewerbungs­frist: 31.10.2026 Arbeits-/Dienstbeginn: zum nächstmöglichen Zeitpunkt Joblevel: Fachkraft Berufs­gruppe: IT…,50.08407,https://www.adzuna.de/land/ad/5907514162?se=HCZLjdHA8RGG747TTDN8rQ&utm_medium=api&utm_source=a4bcf954&v=006832B9A316335C450132C291F460A9D4573057,8.23838,eyJhbGciOiJIUzI1NiJ9.eyJpIjoiNTkwNzUxNDE2MiIsInMiOiJIQ1pMamRIQThSR0c3NDdUVEROOHJRIn0.ZOUeNqGb26gggi0UcQ1p7EZIy73yh2JksWFJIn0c20I,5907514162,"{'display_name': 'Wiesbaden, Wiesbaden (Kreis)', 'area': ['Deutschland', 'Hessen', 'Wiesbaden (Kreis)', 'Wiesbaden'], '__CLASS__': 'Adzuna::API::Response::Location'}",Wissenschaftliche Mitarbeiterin / Wissenschaftlicher Mitarbeiter im Bereich „KI/Data Science Kriminal­technische Analytik“ (w/m/d),Adzuna::API::Response::Job,0,2026-10-02T08:01:59Z,,,,
"{'label': 'Unknown', '__CLASS__': 'Adzuna::API::Response::Category', 'tag': 'unknown'}","{'display_name': 'Meyerthole Siems Kohlruss Ges. für aktuarielle Beratung mbH', '__CLASS__': 'Adzuna::API::Response::Company'}","Meyerthole Siems Kohlruss (MSK) ist eine aktuarielle Beratungsgesellschaft mit Sitz in Köln und seit 1998 im deutschsprachigen Raum für Schaden- und Unfallversicherer tätig. Unsere Schwerpunkte liegen auf abwechslungsreichen Aufgaben aus den Bereichen Data Science, Telematik, Pricing, Naturgefahren, Bilanzbewertung, Rückversicherung und Solvency II. Wir widmen uns Zukunftsthemen, entwickeln maßgeschneiderte Lösungen am Puls der Zeit. Zu unseren Mandanten zählen sowohl etablierte Versicherer als…",50.940164,https://www.adzuna.de/land/ad/5843314281?se=HCZLjdHA8RGG747TTDN8rQ&utm_medium=api&utm_source=a4bcf954&v=289575776753B066F1B9C82655B505CA56B9D2E7,6.969972,eyJhbGciOiJIUzI1NiJ9.eyJzIjoiSENaTGpkSEE4UkdHNzQ3VFRETjhyUSIsImkiOiI1ODQzMzE0MjgxIn0.dEA6mPLFNLKuPOG08i3fX3VLoYpqccd42hTMbvLjk2w,5843314281,"{'display_name': 'Köln, Nordrhein-Westfalen', 'area': ['Deutschland', 'Nordrhein-Westfalen', 'Köln'], '__CLASS__': 'Adzuna::API::Response::Location'}",Mathematiker/Aktuar (d/m/w) Data Science/Pricing/Risikomanagement/Solvency II,Adzuna::API::Response::Job,0,2026-08-15T20:01:03Z,,,,
"{'tag': 'other-general-jobs', '__CLASS__': 'Adzuna::API::Response::Category', 'label': 'Sonstige/Allgemeine Stellen'}","{'__CLASS__': 'Adzuna::API::Response::Company', 'display_name': 'Friedrich-Alexander-Universität Erlangen-Nürnberg '}","Die Naturwissenschaftliche Fakultät besetzt im Department of Data Science zum frühestmöglichen Zeitpunkt eine W3-Professur im Themenfeld Data Science im Beamtenverhältnis auf Lebenszeit . Das Department of Data Science (DDS) befindet sich derzeit im Aufbau. In einer dynamischen, kollaborativen Departmentstruktur sollen die Grundlagen des Bereichs Data Science erforscht werden. In agilen Teams wird an zukunftsweisenden, disziplinübergreifenden Forschungsthemen gearbeitet. Aufgaben Gesucht wird e…",49.577521,https://www.adzuna.de/land/ad/5884472118?se=HCZLjdHA8RGG747TTDN8rQ&utm_medium=api&utm_source=a4bcf954&v=D7DE0237E440B1568E9D238BB5D782BFC536BCAB,10.984506,eyJhbGciOiJIUzI1NiJ9.eyJpIjoiNTg4NDQ3MjExOCIsInMiOiJIQ1pMamRIQThSR0c3NDdUVEROOHJRIn0.ctJeEYiGgicHbla3VYAyqghB-PJOAsjFMPV-i0vrcZE,5884472118,"{'display_name': 'Erlangen, Bayern', '__CLASS__': 'Adzuna::API::Response::Location', 'area': ['Deutschland', 'Bayern', 'Erlangen']}",W3-Professur im Themenfeld Data Science,Adzuna::API::Response::Job,0,2026-09-15T11:07:26Z,,,,
"{'tag': 'it-jobs', '__CLASS__': 'Adzuna::API::Response::Category', 'label': 'IT-Stellen'}","{'__CLASS__': 'Adzuna::API::Response::Company', 'display_name': 'Universität Passau'}","An der Fakultät für Informatik und Mathematik der Universität Passau ist zum nächstmöglichen Zeitpunkt folgende Stelle im Beamtenverhältnis auf Lebenszeit zu besetzen: Lehrstuhl für Medical Data Science (W3) Gesucht wird eine Persönlichkeit, die in modernen Teilgebieten von Medical Data Science international wissenschaftlich hervorragend ausgewiesen ist und ihren Forschungsschwerpunkt in der Entwicklung und Anwendung statistischer Methoden zur Analyse komplexer biomedizinischer Daten hat. Ein b…",48.578446,https://www.adzuna.de/land/ad/5878211281?se=HCZLjdHA8RGG747TTDN8rQ&utm_medium=api&utm_source=a4bcf954&v=DFFF562DCD13A7D478A93162AB168CB8FBEEDD0D,13.43091,eyJhbGciOiJIUzI1NiJ9.eyJzIjoiSENaTGpkSEE4UkdHNzQ3VFRETjhyUSIsImkiOiI1ODc4MjExMjgxIn0.3EhyxJtY7v2f1aJg7slcUZfKdWjDJRK9o5D_44oeSik,5878211281,"{'display_name': 'Passau, Passau (Kreis)', '__CLASS__': 'Adzuna::API::Response::Location', 'area': ['Deutschland', 'Bayern', 'Passau (Kreis)', 'Passau']}",Lehrstuhl für Medical Data Science (W 3),Adzuna::API::Response::Job,0,2026-09-10T11:01:47Z,,,,
"{'tag': 'graduate-jobs', 'label': 'Stellen für Hochschulabsolventen', '__CLASS__': 'Adzuna::API::Response::Category'}","{'__CLASS__': 'Adzuna::API::Response::Company', 'display_name': 'Lidl Stiftung & Co. KG'}","Eine gute Idee war der Ursprung, ein erfolgreiches Konzept ist das Ergebnis. Qualität zum guten Preis möglichst vielen Menschen anbieten zu können treibt uns an - mittlerweile weltweit, denn wir sind Lidl. Hier ist das berufliche Zuhause vielfältiger Talente. Ob im Einkauf, in der Logistik, im Warengeschäft oder in der IT; ob als Impulsgeber, Gestalter oder Dienstleister der Länder. Wir suchen Anpacker, Durchstarter, Möglichmacher und bieten spannende Aufgaben und Projekte in einem dynamischen …",49.18975,https://www.adzuna.de/land/ad/5867745926?se=HCZLjdHA8RGG747TTDN8rQ&utm_medium=api&utm_source=a4bcf954&v=EE77F10D72125E6854147BDB5DE2E76F8E2432B9,9.2274,eyJhbGciOiJIUzI1NiJ9.eyJzIjoiSENaTGpkSEE4UkdHNzQ3VFRETjhyUSIsImkiOiI1ODY3NzQ1OTI2In0.ngZ7YEaZdmEfO6wmhzZB6WyajWi7MrDDEki2SNXKZeo,5867745926,"{'__CLASS__': 'Adzuna::API::Response::Location', 'area': ['Deutschland', 'Baden-Württemberg', 'Heilbronn (Kreis)', 'Neckarsulm'], 'display_name': 'Neckarsulm, Heilbronn (Kreis)'}",Duales Studium Data Science und KI - Smart Operations Management 2027,Adzuna::API::Response::Job,0,2026-09-03T01:26:43Z,,,,
"{'tag': 'unknown', 'label': 'Unknown', '__CLASS__': 'Adzuna::API::Response::Category'}","{'display_name': 'cigus GmbH', '__CLASS__': 'Adzuna::API::Response::Company'}","Hochtechnologie und Innovation …aktiv mitgestalten und vorantreiben – für diese Position suchen wir eine engagierte Persönlichkeit (m/w/d), die mit Ideenreichtum, Verantwortungsbewusstsein und fachlicher Kompetenz überzeugt. Als Beratungsunternehmen unterstützen wir unseren Kunden bei der Suche nach einer passenden Person, die Herausforderungen nicht als Hürde, sondern als spannende Möglichkeit zur Weiterentwicklung versteht. Das erwartet dich: Entwicklung und Implementierung von Datenanalyse-,…",48.78408,https://www.adzuna.de/land/ad/5836692388?se=HCZLjdHA8RGG747TTDN8rQ&utm_medium=api&utm_source=a4bcf954&v=C2C15E108296B9CF811B640C8AFC4BDE04E6ACD9,10.10558,eyJhbGciOiJIUzI1NiJ9.eyJpIjoiNTgzNjY5MjM4OCIsInMiOiJIQ1pMamRIQThSR0c3NDdUVEROOHJRIn0._uRKPbdwXNCWKz-JAqSPD-HA-91LDSPWWMGGge7CPCE,5836692388,"{'__CLASS__': 'Adzuna::API::Response::Location', 'area': ['Deutschland', 'Baden-Württemberg', 'Ostalbkreis', 'Oberkochen'], 'display_name': 'Oberkochen, Ostalbkreis'}",AI & Data Science Engineer (m/w/d),Adzuna::API::Response::Job,0,2026-08-11T13:55:30Z,,,,
"{'__CLASS__': 'Adzuna::API::Response::Category', 'label': 'Unknown', 'tag': 'unknown'}","{'__CLASS__': 'Adzuna::API::Response::Company', 'display_name': 'XITASO GmbH'}","Das ist die Herausforderung Im Studium mit vertiefter Praxis kombinierst Du ideal Theorie und Praxis. Deine im Hochschulstudium erworbenen Kenntnisse wendest Du in den betrieblichen Praxisphasen in konkreten Projekten an. So lernst Du nicht nur, warum etwas funktioniert, sondern auch, wie es funktioniert und wie es gemacht wird. In den 3,5 Jahren deines Bachelorstudiums absolvierst Du in den vorlesungsfreien Zeiten sowie im Praxissemester Deine Praxisphasen bei XITASO. Auch Deine Bachelorarbeit…",48.357096,https://www.adzuna.de/land/ad/5802896200?se=HCZLjdHA8RGG747TTDN8rQ&utm_medium=api&utm_source=a4bcf954&v=825E802D683737B32CE719F769C6A026AB48788B,10.89379,eyJhbGciOiJIUzI1NiJ9.eyJpIjoiNTgwMjg5NjIwMCIsInMiOiJIQ1pMamRIQThSR0c3NDdUVEROOHJRIn0.Ez-icSuEOshPLNidhrZGuNskEYBpybBdUPsF59tK_wM,5802896200,"{'area': ['Deutschland', 'Bayern', 'Augsburg (Kreis)', 'Augsburg'], '__CLASS__': 'Adzuna::API::Response::Location', 'display_name': 'Augsburg, Augsburg (Kreis)'}",Studium mit vertiefter Praxis: Data Science B.Sc.,Adzuna::API::Response::Job,0,2026-07-16T15:50:09Z,,,,
"{'__CLASS__': 'Adzuna::API::Response::Category', 'label': 'Unknown', 'tag': 'unknown'}","{'display_name': 'KLS Martin Group', '__CLASS__': 'Adzuna::API::Response::Company'}","Du möchtest die digitale Welt aktiv mitgestalten und datengetriebene Lösungen für reale Herausforderungen entwickeln? Dann starte dein duales Studium im Studiengang Data Science & Künstliche Intelligenz an der DHBW Ravensburg und verbinde akademisches Wissen mit spannender Praxiserfahrung in der Medizintechnik. In deinen Theoriephasen eignest du dir fundierte Grundlagen in Programmierung, Mathematik und Statistik an Darüber hinaus baust du Kenntnisse in Data Science, Machine Learning und Künstl…",48.02321,https://www.adzuna.de/land/ad/5802937350?se=HCZLjdHA8RGG747TTDN8rQ&utm_medium=api&utm_source=a4bcf954&v=BCD2ECA165053E1B5A556D69E43553C11ED2ECA5,8.88818,eyJhbGciOiJIUzI1NiJ9.eyJpIjoiNTgwMjkzNzM1MCIsInMiOiJIQ1pMamRIQThSR0c3NDdUVEROOHJRIn0.ZVBrPK01WSnJ-iMY4zh_hDF8y9hC8v16fYKyFiI3ywA,5802937350,"{'display_name': 'Mühlheim an der Donau, Tuttlingen (Kreis)', 'area': ['Deutschland', 'Baden-Württemberg', 'Tuttlingen (Kreis)', 'Mühlheim an der Donau'], '__CLASS__': 'Adzuna::API::Response::Location'}",Duales Studium Data Science und Künstliche Intelligenz | 2027,Adzuna::API::Response::Job,0,2026-07-16T15:57:34Z,,,,
"{'tag': 'other-general-jobs', '__CLASS__': 'Adzuna::API::Response::Category', 'label': 'Sonstige/Allgemeine Stellen'}","{'__CLASS__': 'Adzuna::API::Response::Company', 'display_name': 'Universität Mannheim'}",An der Fakultät für Sozialwissenschaften der Universität Mannheim ist zum 1. Februar 2027 eine W3-Professur für Social Data Science und sozialwissenschaftliche Methodenlehre zu besetzen. Die Universität Mannheim ist eine in Forschung und Lehre hervorragend ausgewiesene wissenschaftliche Hochschule mit derzeit ca. 2.630 Beschäftigten und rund 12.000 Studierenden. Insbesondere der an der Universität Mannheim traditionell stark vertretene Bereich der Wirtschafts- und Sozialwissenschaften gehört na…,49.496025,https://www.adzuna.de/land/ad/5902650385?se=HCZLjdHA8RGG747TTDN8rQ&utm_medium=api&utm_source=a4bcf954&v=15DC6C600BD885AC5C0E1F80D5918874303F3037,8.491505,eyJhbGciOiJIUzI1NiJ9.eyJzIjoiSENaTGpkSEE4UkdHNzQ3VFRETjhyUSIsImkiOiI1OTAyNjUwMzg1In0.0kXU4pvy5SeLJt4UkEUbpGrm9zaYt2atO1Al36_UNHA,5902650385,"{'area': ['Deutschland', 'Baden-Württemberg', 'Mannheim'], '__CLASS__': 'Adzuna::API::Response::Location', 'display_name': 'Mannheim, Baden-Württemberg'}",W3-Professur für Social Data Science und sozialwissenschaftliche Methodenlehre,Adzuna::API::Response::Job,0,2026-09-29T10:26:00Z,,,,
"{'tag': 'it-jobs', '__CLASS__': 'Adzuna::API::Response::Category', 'label': 'IT-Stellen'}","{'display_name': 'Universität Münster', '__CLASS__': 'Adzuna::API::Response::Company'}","The Department of Information Systems in the School of Business and Economics at the University of Münster, Germany, is currently inviting applications for the position of Professor of Data Science Methods in Information Systems (tenured, salary level W2) to commence on 1 April 2027 or as soon as possible thereafter. We envision this professorship to further strengthen the Department of Information Systems in terms of its global reputation for research and teaching, as well as its contribution …",51.955292,https://www.adzuna.de/land/ad/5885896451?se=HCZLjdHA8RGG747TTDN8rQ&utm_medium=api&utm_source=a4bcf954&v=F89920A7D03B2E2584B9298F17C4C5E2ABBAFF61,7.621504,eyJhbGciOiJIUzI1NiJ9.eyJpIjoiNTg4NTg5NjQ1MSIsInMiOiJIQ1pMamRIQThSR0c3NDdUVEROOHJRIn0.6aD8e-qLBvxM3gVbGAmUeFDlcaLjpVOfbunzsf_Fzug,5885896451,"{'area': ['Deutschland', 'Nordrhein-Westfalen', 'Münster'], '__CLASS__': 'Adzuna::API::Response::Location', 'display_name': 'Münster, Nordrhein-Westfalen'}",Professor of Data Science Methods in Information Systems,Adzuna::API::Response::Job,0,2026-09-16T11:08:51Z,,,,
"{'label': 'Sonstige/Allgemeine Stellen', '__CLASS__': 'Adzuna::API::Response::Category', 'tag': 'other-general-jobs'}","{'__CLASS__': 'Adzuna::API::Response::Company', 'display_name': 'Driven Solution GmbH'}","Bringen Sie Ihre Karriere ins Rollen! Erfolg braucht Partnerschaft. Das ist unsere Überzeugung und unser Motto: engineering based on partnership. Als Partner beraten wir Sie vom Eingang Ihrer Bewerbung über die Auswahl geeigneter Einstiegsmöglichkeiten bis zur gezielten Karriereplanung – immer im Fokus unsere gemeinsamen Ziele: Weiterentwicklung, Wachstum und Spaß bei der Arbeit. Als Dienstleister für Mobilitätslösungen arbeiten wir mit vielen namhaften Unternehmen in ganz Deutschland zusammen,…",48.137418,https://www.adzuna.de/land/ad/5802941895?se=HCZLjdHA8RGG747TTDN8rQ&utm_medium=api&utm_source=a4bcf954&v=2472A826659DDC53E53E730C577DFB4C8113EA5A,11.555737,eyJhbGciOiJIUzI1NiJ9.eyJpIjoiNTgwMjk0MTg5NSIsInMiOiJIQ1pMamRIQThSR0c3NDdUVEROOHJRIn0.IwuZqueaQ6pmII1Hvt7R2mACHZobJuGNEI9yopoRb0M,5802941895,"{'__CLASS__': 'Adzuna::API::Response::Location', 'area': ['Deutschland', 'Bayern', 'München (Kreis)', 'München'], 'display_name': 'München, München (Kreis)'}",Projektmanager – Data Analytics / Data Science (m/w/d),Adzuna::API::Response::Job,0,2026-07-16T15:58:24Z,,,,
"{'tag': 'unknown', '__CLASS__': 'Adzuna::API::Response::Category', 'label': 'Unknown'}","{'__CLASS__': 'Adzuna::API::Response::Company', 'display_name': 'Sanofi'}","Für unseren Entwicklungs-, Produktions- und Fertigungsstandort Frankfurt am Main suchen wir innerhalb der vorlesungsfreien Zeiten für unseren Bereich IT/Data Sciences Werkstudenten*innen in Vollzeit (37,5 Stunden/Woche). Ihre Aufgaben Im Rahmen Ihrer Tätigkeit unterstützen Sie, unter Einhaltung geltender Regularien, bei einfachen Labortätigkeiten sowie bei administrativen Arbeiten. Sie unterstützen bei der Datenpflege , indem Sie bei der Überprüfung großer biologischer Datensätze helfen und erl…",50.129683,https://www.adzuna.de/land/ad/5908549658?se=HCZLjdHA8RGG747TTDN8rQ&utm_medium=api&utm_source=a4bcf954&v=45C3F548C1DCD9A880BD3F357FF20943FEC0CF48,8.650578,eyJhbGciOiJIUzI1NiJ9.eyJpIjoiNTkwODU0OTY1OCIsInMiOiJIQ1pMamRIQThSR0c3NDdUVEROOHJRIn0.VS8B2Irb1vzCfrj2NXMsAsQzwIF1RDjiD6TvDzMto5o,5908549658,"{'__CLASS__': 'Adzuna::API::Response::Location', 'area': ['Deutschland', 'Hessen', 'Frankfurt am Main'], 'display_name': 'Frankfurt am Main, Hessen'}",Werkstudent*in IT/Data Sciences - Wintersemesterferien 2026/2027 - Inklusiver Job   ,Adzuna::API::Response::Job,0,2026-10-02T19:43:49Z,,,,
"{'tag': 'unknown', '__CLASS__': 'Adzuna::API::Response::Category', 'label': 'Unknown'}","{'__CLASS__': 'Adzuna::API::Response::Company', 'display_name': 'WGV Versicherung'}","Duales Studium Data Science (B.Sc.) 2027 Als starker Arbeitgeber und attraktives Ausbildungsunternehmen bieten wir vielfältige und spannende Ausbildungs- und Studienplätze mit besten Übernahmechancen. Bereit für ein echt spannendes und abwechslungsreiches Studium? Wir machen dich fit für deine Zukunft in einer modernen Versicherung. Für den Studienstart am 01.09.2027 in Stuttgart suchen wir aufgeschlossene und motivierte Studierende. Wie läuft das Studium ab? Drei Jahre bei der WGV studieren, d…",48.77713,https://www.adzuna.de/land/ad/5809950831?se=HCZLjdHA8RGG747TTDN8rQ&utm_medium=api&utm_source=a4bcf954&v=5E2A4B571D372A4460B3F3C670CCC44C7AA02A8C,9.18071,eyJhbGciOiJIUzI1NiJ9.eyJzIjoiSENaTGpkSEE4UkdHNzQ3VFRETjhyUSIsImkiOiI1ODA5OTUwODMxIn0.n4LMUplh-MMSttpG6Gl7CFISzY2uuxFvT0ne82xYFWU,5809950831,"{'display_name': 'Mitte, Stuttgart', '__CLASS__': 'Adzuna::API::Response::Location', 'area': ['Deutschland', 'Baden-Württemberg', 'Stuttgart', 'Mitte']}",DHBW-Studium Bachelor of Science - Wirtschaftsinformatik Data Science,Adzuna::API::Response::Job,0,2026-07-22T01:08:34Z,,,,
"{'tag': 'unknown', '__CLASS__': 'Adzuna::API::Response::Category', 'label': 'Unknown'}","{'__CLASS__': 'Adzuna::API::Response::Company', 'display_name': 'Philipps-Universität Marburg'}","Am Fachbereich Erziehungswissenschaft und Sportwissenschaft ist in Kooperation mit dem Fachbereich Mathematik und Informatik zum 01.04.2028 eine Professur (W 2) für Data Science in Sports and Health zu besetzen. Gesucht wird eine wissenschaftlich profilierte Persönlichkeit, die das Fachgebiet Data Science in Sports and Health konzeptionell prägt und innovative datenwissenschaftliche Methoden in Forschung und Lehre an der Schnittstelle von Sport, Bewegung, Gesundheit und Medizin verankert. Stell…",50.804953,https://www.adzuna.de/land/ad/5896500024?se=HCZLjdHA8RGG747TTDN8rQ&utm_medium=api&utm_source=a4bcf954&v=FF1E4737A8E565270F9369D5EE1669F02DB1A2EB,8.78967,eyJhbGciOiJIUzI1NiJ9.eyJzIjoiSENaTGpkSEE4UkdHNzQ3VFRETjhyUSIsImkiOiI1ODk2NTAwMDI0In0.A_tDK0vIGetzMdpePoTy0hDWYldvSBJC4SwOW9I3pM0,5896500024,"{'display_name': 'Marburg, Marburg-Biedenkopf (Kreis)', 'area': ['Deutschland', 'Hessen', 'Marburg-Biedenkopf (Kreis)', 'Marburg'], '__CLASS__': 'Adzuna::API::Response::Location'}",Professur (W 2) für Data Science in Sports and Health,Adzuna::API::Response::Job,0,2026-09-24T10:25:09Z,,,,
"{'tag': 'graduate-jobs', 'label': 'Stellen für Hochschulabsolventen', '__CLASS__': 'Adzuna::API::Response::Category'}","{'__CLASS__': 'Adzuna::API::Response::Company', 'display_name': 'Atruvia AG'}",Wir sind der Digitalisierungspartner in der genossenschaftlichen FinanzGruppe und vereinen jahrzehntelanges Expertenwissen in Banking und Informationstechnologie. Die speziell auf Banken zugeschnittenen IT-Lösungen und Leistungen reichen vom Rechenzentrumsbetrieb über das Bankverfahren von Atruvia bis hin zur App-Entwicklung. Dabei nutzen wir zukunftsweisende Technologien wie Smart Data und schreiben Prozessoptimierung und Regulatorik groß. Gestalte die Zukunft mit KI – Starte dein Duales Studi…,49.001249,https://www.adzuna.de/land/ad/5877056187?se=HCZLjdHA8RGG747TTDN8rQ&utm_medium=api&utm_source=a4bcf954&v=46D7A9947610D76E9367E822FE2776BF6D7DA7DB,8.412378,eyJhbGciOiJIUzI1NiJ9.eyJzIjoiSENaTGpkSEE4UkdHNzQ3VFRETjhyUSIsImkiOiI1ODc3MDU2MTg3In0.d4oVp6chhU1Z-MFoE4Hwjz5G78ecUyuLDBbzn2Mr9Pk,5877056187,"{'area': ['Deutschland', 'Baden-Württemberg', 'Karlsruhe (Kreis)', 'Karlsruhe'], '__CLASS__': 'Adzuna::API::Response::Location', 'display_name': 'Karlsruhe, Karlsruhe (Kreis)'}",Duales Studium Data Science & Künstliche Intelligenz B.Sc.,Adzuna::API::Response::Job,0,2026-09-09T13:46:56Z,,,,
"{'label': 'Unknown', '__CLASS__': 'Adzuna::API::Response::Category', 'tag': 'unknown'}","{'__CLASS__': 'Adzuna::API::Response::Company', 'display_name': 'Eraneos Germany GmbH'}","Das findest Du bei uns Wir sind ein technisches, umsetzungsorientiertes Spin-Off einer global agierenden Managementberatung. Zu unseren Kunden gehören primär DAX und Fortune Global 500 Unternehmen, die wir zu Fragen in den Bereichen Analytics, Big Data und Machine Learning beraten. Wir übernehmen in der Gruppe die Entwicklung von individuellen und datengetriebenen Lösungen, um so unsere Kunden in KI-gestützte Unternehmen zu transformieren. Wir bieten ein internationales Arbeitsumfeld mit agilen…",,https://www.adzuna.de/land/ad/5895624106?se=HCZLjdHA8RGG747TTDN8rQ&utm_medium=api&utm_source=a4bcf954&v=C5B2483230F0361D4D44B88B16421171A121BB73,,eyJhbGciOiJIUzI1NiJ9.eyJpIjoiNTg5NTYyNDEwNiIsInMiOiJIQ1pMamRIQThSR0c3NDdUVEROOHJRIn0.VgsfTvR4aGninUCdgY98wE76QqDLax3eCeEaFiNHYrU,5895624106,"{'display_name': 'Deutschland', '__CLASS__': 'Adzuna::API::Response::Location', 'area': ['Deutschland']}",Senior Manager Data Science & AI Engineering (w/m/d),Adzuna::API::Response::Job,0,2026-09-23T22:45:09Z,,,,
"{'label': 'Stellen aus PR, Werbung & Marketing', '__CLASS__': 'Adzuna::API::Response::Category', 'tag': 'pr-advertising-marketing-jobs'}","{'display_name': 'C24 Bank GmbH', '__CLASS__': 'Adzuna::API::Response::Company'}","Unser Anspruch ist es eine neue Dimension im mobile Banking zu stellen. Du kannst hier ganz vorne mit dabei sein! Du willst Finanzkriminalität nicht nur bekämpfen, sondern mit modernster KI-Technologie neu denken? Dann übernimm bei uns die Verantwortung für ein Team, das Fraud Detection und agentengestützte AFC-Workflows gemeinsam nach vorne bringt! Wir freuen uns auf Deine Bewerbung als Teamleitung Produktmanagement (m/w/d) Fraud Detection & AFC KI bei der C24 Bank GmbH! Aufgaben Du übernimmst…",50.129683,https://www.adzuna.de/land/ad/5899479591?se=HCZLjdHA8RGG747TTDN8rQ&utm_medium=api&utm_source=a4bcf954&v=7AAA333A1795589FE0BD6D115B2CF1216FED0E41,8.650578,eyJhbGciOiJIUzI1NiJ9.eyJzIjoiSENaTGpkSEE4UkdHNzQ3VFRETjhyUSIsImkiOiI1ODk5NDc5NTkxIn0.7hQX6kjK3__JTwoLm9aQ_OU6k49X6WAWR_U0i5NcRWA,5899479591,"{'area': ['Deutschland', 'Hessen', 'Frankfurt am Main'], '__CLASS__': 'Adzuna::API::Response::Location', 'display_name': 'Frankfurt am Main, Hessen'}",Teamleitung Produktmanagement (m/w/d) Fraud Detection & AFC KI,Adzuna::API::Response::Job,0,2026-09-26T11:16:45Z,,,,
"{'label': 'Sonstige/Allgemeine Stellen', '__CLASS__': 'Adzuna::API::Response::Category', 'tag': 'other-general-jobs'}","{'__CLASS__': 'Adzuna::API::Response::Company', 'display_name': 'Dr. Ausbüttel GmbH & Co. KG'}","Head of AI & Data Science: Tragen Sie dazu bei, Wunden zu heilen, Innovationen zu fördern und Wachstum zu gestalten! Schwer heilende Wunden sind eine enorme Belastung für Patienten, Angehörige und Behandelnde. Machen Sie durch Ihr gestalterisches Mitwirken einen signifikanten Unterschied. Wir entwickeln Produkte und Services, um Wunden bezahlbar zu heilen. Als wachsendes, zukunftsorientiertes inhabergeführtes Familienunternehmen investieren und arbeiten wir mit langfristiger Perspektive statt m…",51.504967,https://www.adzuna.de/land/ad/5810579233?se=HCZLjdHA8RGG747TTDN8rQ&utm_medium=api&utm_source=a4bcf954&v=E5CB564F625F7AC343A646D91B42342134CC24FB,7.464954,eyJhbGciOiJIUzI1NiJ9.eyJpIjoiNTgxMDU3OTIzMyIsInMiOiJIQ1pMamRIQThSR0c3NDdUVEROOHJRIn0.eCsdSRAdihpUGpBpQMVFNRwVcaHwRgntZCjiYwYMvQU,5810579233,"{'area': ['Deutschland', 'Nordrhein-Westfalen', 'Dortmund'], '__CLASS__': 'Adzuna::API::Response::Location', 'display_name': 'Dortmund, Nordrhein-Westfalen'}",Head of AI & Data Science (m/w/d),Adzuna::API::Response::Job,0,2026-07-22T10:33:42Z,,,,
"{'__CLASS__': 'Adzuna::API::Response::Category', 'label': 'Stellen für Hochschulabsolventen', 'tag': 'graduate-jobs'}","{'__CLASS__': 'Adzuna::API::Response::Company', 'display_name': 'MPDV Mikrolab GmbH'}","Gemeinsam zukunftsweisende Lösungen für die Smart Factory unserer Kunden zu entwickeln und diese erfolgreich zu machen: das ist unser Ziel als Marktführer für IT-Lösungen in der Fertigung! Mit mehr als 47 Jahren Projekterfahrung im Produktionsumfeld verfügen wir über umfangreiches Fachwissen. Mehr als 1.485.000 Menschen in 1.750 Fertigungsunternehmen weltweit nutzen täglich unsere Softwarelösungen, um ihre Produktionsprozesse effizienter zu gestalten. Du möchtest studieren und gleichzeitig erst…",,https://www.adzuna.de/land/ad/5874897505?se=HCZLjdHA8RGG747TTDN8rQ&utm_medium=api&utm_source=a4bcf954&v=44D5289B3429E83A5B55D53557ACA03B7CA6BEF7,,eyJhbGciOiJIUzI1NiJ9.eyJpIjoiNTg3NDg5NzUwNSIsInMiOiJIQ1pMamRIQThSR0c3NDdUVEROOHJRIn0.CuI4buxhCuVX1Kc5kzmSmBaBFRTHoBnAe3-2PL1Iyxo,5874897505,"{'__CLASS__': 'Adzuna::API::Response::Location', 'area': ['Deutschland'], 'display_name': 'Deutschland'}",Duales Studium - Data Science & Künstliche Intelligenz 2027 (B. Sc.),Adzuna::API::Response::Job,0,2026-09-08T01:42:53Z,,,,
"{'__CLASS__': 'Adzuna::API::Response::Category', 'label': 'Stellen aus Gastronomie & Catering', 'tag': 'hospitality-catering-jobs'}","{'display_name': 'Zenjob SE', '__CLASS__': 'Adzuna::API::Response::Company'}","About us Zenjob is an AI-powered flexible staffing platform that has efficiently connected companies and temporary workers since 2015. Companies use our platform to book ready-to-work staff in real time, while students use our app to find part-time jobs that conveniently fit around their studies. Over 40,000 students and 1,000 partner companies from logistics, retail, and hospitality in all major German cities share our belief that good work is not a coincidence. It is the result of innovative …",52.507706,https://www.adzuna.de/land/ad/5769224016?se=HCZLjdHA8RGG747TTDN8rQ&utm_medium=api&utm_source=a4bcf954&v=0CBE58766F7271E596F1D0041EF7C0033C10DF28,13.420806,eyJhbGciOiJIUzI1NiJ9.eyJzIjoiSENaTGpkSEE4UkdHNzQ3VFRETjhyUSIsImkiOiI1NzY5MjI0MDE2In0.jCmtbBXu72pNdDwtXWssPgDBomdJnmqP3qMn44Rrpes,5769224016,"{'display_name': 'Berlin, Deutschland', '__CLASS__': 'Adzuna::API::Response::Location', 'area': ['Deutschland', 'Berlin']}",Head of Analytics and Data Science,Adzuna::API::Response::Job,0,2026-06-19T11:24:10Z,full_time,,,
"{'tag': 'unknown', 'label': 'Unknown', '__CLASS__': 'Adzuna::API::Response::Category'}","{'__CLASS__': 'Adzuna::API::Response::Company', 'display_name': 'Zeppelin Universität gemeinnützige GmbH'}","Endowed Full Professorship of Data Science and Data Engineering (full-time, open rank) Zeppelin University (ZU) in Friedrichshafen at Lake Constance is a state-approved privately endowed university with BA, MA, and PhD programs in the fields of economics, politics and psychology. ZU is dedicated to multidisciplinarity, internationality and individuality in both research and teaching. Zeppelin University is establishing a new Endowed Professorship in Data Science & Data Engineering, as part of i…",47.66385,https://www.adzuna.de/land/ad/5905110168?se=HCZLjdHA8RGG747TTDN8rQ&utm_medium=api&utm_source=a4bcf954&v=FFA16D4D89210E7AF11F6431F24D533D10F4A1A0,9.45975,eyJhbGciOiJIUzI1NiJ9.eyJpIjoiNTkwNTExMDE2OCIsInMiOiJIQ1pMamRIQThSR0c3NDdUVEROOHJRIn0.QtB2RofGsc8EyGtPEgxUhQYJ2bPI8b8xeULj7lN8HHw,5905110168,"{'area': ['Deutschland', 'Baden-Württemberg', 'Bodenseekreis', 'Friedrichshafen'], '__CLASS__': 'Adzuna::API::Response::Location', 'display_name': 'Friedrichshafen, Bodenseekreis'}","Endowed Full Professorship of Data Science and Data Engineering (full-time, open rank)",Adzuna::API::Response::Job,0,2026-10-01T09:36:22Z,,,,
"{'label': 'Stellen für Hochschulabsolventen', '__CLASS__': 'Adzuna::API::Response::Category', 'tag': 'graduate-jobs'}","{'__CLASS__': 'Adzuna::API::Response::Company', 'display_name': 'Trelleborg Sealing Solutions Germany GmbH'}","Duales Studium Wirtschaftsinformatik-Data Science, Studienbeginn 2027 (m/w/d) Trelleborg is a world leader in engineered polymer solutions for almost every industry on the planet. And we are where we are because our talents brought us here. By specializing in the polymer engineering that makes innovation and application possible, Trelleborg works closely with leading industry brands to accelerate their performance, drive their business forward—and along the way, shape the industry and progress …",48.776198,https://www.adzuna.de/land/ad/5878965501?se=HCZLjdHA8RGG747TTDN8rQ&utm_medium=api&utm_source=a4bcf954&v=7F88571FFC20188591842C051FB40D0203C9CA92,9.187224,eyJhbGciOiJIUzI1NiJ9.eyJpIjoiNTg3ODk2NTUwMSIsInMiOiJIQ1pMamRIQThSR0c3NDdUVEROOHJRIn0.u4bZ1N2IaNtIp0T9W2v1Qsg0NmZU7dyu6cfJL_ozDKQ,5878965501,"{'display_name': 'Stuttgart, Baden-Württemberg', '__CLASS__': 'Adzuna::API::Response::Location', 'area': ['Deutschland', 'Baden-Württemberg', 'Stuttgart']}","Duales Studium Wirtschaftsinformatik-Data Science, Studienbeginn 2027 (m/w/d)",Adzuna::API::Response::Job,0,2026-09-11T01:53:36Z,,,,
"{'__CLASS__': 'Adzuna::API::Response::Category', 'label': 'Stellen für Hochschulabsolventen', 'tag': 'graduate-jobs'}","{'display_name': 'medi GmbH & Co. KG', '__CLASS__': 'Adzuna::API::Response::Company'}","medi GmbH & Co. KG Bayreuth Präsenz / Mobil Ausbildung IT Vollzeit Du willst die digitale Zukunft aktiv mitgestalten und dein Interesse für Daten, KI und moderne Technologien nicht nur im Hörsaal, sondern auch direkt in der Praxis einsetzen? Dann ist das duale Studium Data Science / KI bei medi genau dein Weg in eine zukunftsorientierte Karriere in der datengetriebenen Welt von morgen. Bewirb dich jetzt für einen Start ab September 2027 und absolviere dein duales Studium in nur drei Jahren Über…",49.941534,https://www.adzuna.de/land/ad/5865809177?se=HCZLjdHA8RGG747TTDN8rQ&utm_medium=api&utm_source=a4bcf954&v=F21595B9CAE840EE9F01453668C50AB5C7C278D2,11.588238,eyJhbGciOiJIUzI1NiJ9.eyJzIjoiSENaTGpkSEE4UkdHNzQ3VFRETjhyUSIsImkiOiI1ODY1ODA5MTc3In0.e3La2FMd1NjOHFBJFe8czqvUNgz3uu4jf-SVQxZTmkU,5865809177,"{'display_name': 'Bayreuth, Bayreuth (Kreis)', 'area': ['Deutschland', 'Bayern', 'Bayreuth (Kreis)', 'Bayreuth'], '__CLASS__': 'Adzuna::API::Response::Location'}",Duales Studium Data Science / KI (w/m/d) 2027,Adzuna::API::Response::Job,0,2026-09-02T01:48:14Z,,,,
"{'tag': 'other-general-jobs', '__CLASS__': 'Adzuna::API::Response::Category', 'label': 'Sonstige/Allgemeine Stellen'}","{'display_name': 'Knuddels GmbH & Co. KG', '__CLASS__': 'Adzuna::API::Response::Company'}","Wir sind mit mehr als 300.000 monatlich aktiven Mitgliedern und mehr als 1.000 aktiven Chaträumen Deutschlands größte Chat-Community. Unsere Vision ist es, ein Café oder auch eine gemütliche Bar im Netz zu bauen, wo jeder eine gute Zeit mit anderen beim Chatten verbringt. Wir glauben, dass soziale Kontakte die Grundlage für ein glückliches Leben sind. JLFT1_DE",49.001249,https://www.adzuna.de/land/ad/5908104524?se=HCZLjdHA8RGG747TTDN8rQ&utm_medium=api&utm_source=a4bcf954&v=C3D08CD9353675BE67C8E23953B144751A846FB2,8.412378,eyJhbGciOiJIUzI1NiJ9.eyJpIjoiNTkwODEwNDUyNCIsInMiOiJIQ1pMamRIQThSR0c3NDdUVEROOHJRIn0.5NH-g7NPsBU026keH5hFHgPTelkI4OMV7UkMcA_eBaw,5908104524,"{'__CLASS__': 'Adzuna::API::Response::Location', 'area': ['Deutschland', 'Baden-Württemberg', 'Karlsruhe (Kreis)', 'Karlsruhe'], 'display_name': 'Karlsruhe, Karlsruhe (Kreis)'}",Head of Data Science - Maschinelles Lernen / KI (m/w/d),Adzuna::API::Response::Job,0,2026-10-02T15:39:22Z,,,,
"{'__CLASS__': 'Adzuna::API::Response::Category', 'label': 'Stellen aus PR, Werbung & Marketing', 'tag': 'pr-advertising-marketing-jobs'}","{'display_name': 'C24 Bank GmbH', '__CLASS__': 'Adzuna::API::Response::Company'}","Unser Anspruch ist es, eine neue Dimension im Mobile Banking zu definieren. Du kannst hier ganz vorne mit dabei sein! Im Bereich Anti-Financial-Crime entwickeln wir KI-Agenten, die unser AFC-Operations-Team bei der Bearbeitung von Alerts, Fallabklärungen und der Erstellung von Verdachtsmeldungen unterstützen. Als (Senior) Produktmanager (m/w/d) KI-Agenten Anti Financial Crime schärfst Du gemeinsam mit AFC-Operations, Compliance und Data-Science die Use Cases der Agenten und sorgst dafür, dass d…",50.129683,https://www.adzuna.de/land/ad/5911222999?se=HCZLjdHA8RGG747TTDN8rQ&utm_medium=api&utm_source=a4bcf954&v=472EA2331CCFD680C389B03EA6EEA1866979CBD3,8.650578,eyJhbGciOiJIUzI1NiJ9.eyJzIjoiSENaTGpkSEE4UkdHNzQ3VFRETjhyUSIsImkiOiI1OTExMjIyOTk5In0.f5UotKPfW5bd5UNOAu9Cjd7GC2284hWz-X_7HLn4QUY,5911222999,"{'display_name': 'Frankfurt am Main, Hessen', '__CLASS__': 'Adzuna::API::Response::Location', 'area': ['Deutschland', 'Hessen', 'Frankfurt am Main']}",(Senior) Produktmanager (m/w/d) KI-Agenten Anti Financial Crime,Adzuna::API::Response::Job,0,2026-10-04T09:58:05Z,,,,
"{'__CLASS__': 'Adzuna::API::Response::Category', 'label': 'Unknown', 'tag': 'unknown'}","{'__CLASS__': 'Adzuna::API::Response::Company', 'display_name': 'Universität Passau'}","The University of Passau owes its strong visibility and good repute to excellent research, innovative teaching and its tight-knit international academic networks. Some 11,000 students and doctoral researchers and more than 1,300 staff study and work on our university campus, which is located a stone's throw from the historic Old Town of Passau and combines state-of-the-art technical infrastructure with award-winning architecture. Internationally successful high-tech companies and a vibrant star…",48.578446,https://www.adzuna.de/land/ad/5873438101?se=HCZLjdHA8RGG747TTDN8rQ&utm_medium=api&utm_source=a4bcf954&v=B1177F34BAF8099CCEFC2DE9D1E2E51837C578D9,13.43091,eyJhbGciOiJIUzI1NiJ9.eyJpIjoiNTg3MzQzODEwMSIsInMiOiJIQ1pMamRIQThSR0c3NDdUVEROOHJRIn0.FCZmg-OetlpNs1rnLQ6Ej9k1JzWIqXen2WnsXtJOUdQ,5873438101,"{'area': ['Deutschland', 'Bayern', 'Passau (Kreis)', 'Passau'], '__CLASS__': 'Adzuna::API::Response::Location', 'display_name': 'Passau, Passau (Kreis)'}",Lehrstuhl für Medical Data Science (W 3) - englische Fassung,Adzuna::API::Response::Job,0,2026-09-07T01:57:20Z,,,,
"{'tag': 'unknown', 'label': 'Unknown', '__CLASS__': 'Adzuna::API::Response::Category'}","{'display_name': 'HAW Kiel Hochschule für Angewandte Wissenschaften', '__CLASS__': 'Adzuna::API::Response::Company'}","Data Science (M.Sc.) Unterrichtssprache : Englisch Immatrikulation : jeweils zum Sommer- und Wintersemester (zulassungsbeschränkt) Deine Zukunft mit einem Data-Science-Studium Social Media, Satellitenaufnahmen, mobile Anwendungen, Industrie 4.0 - die Welt erlebt eine Datenexplosion. Für Unternehmen aller Branchen wie auch für den öffentlichen Sektor wird die intelligente Nutzung von Daten unter Berücksichtigung des Datenschutzes und der Datenethik immer wichtiger. So Potenziale identifiziert un…",54.319658,https://www.adzuna.de/land/ad/5829017676?se=HCZLjdHA8RGG747TTDN8rQ&utm_medium=api&utm_source=a4bcf954&v=5A96E4157ABD8C7BC5536D4489E0C8980AC20D61,10.137982,eyJhbGciOiJIUzI1NiJ9.eyJzIjoiSENaTGpkSEE4UkdHNzQ3VFRETjhyUSIsImkiOiI1ODI5MDE3Njc2In0.swzr5SfM-kdKHhiA7nW9fhRePktusAuJlkl5Z7ho2Sc,5829017676,"{'display_name': 'Kiel, Schleswig-Holstein', '__CLASS__': 'Adzuna::API::Response::Location', 'area': ['Deutschland', 'Schleswig-Holstein', 'Kiel']}",Duales Studium Data Science (M.Sc.) (m/w/d),Adzuna::API::Response::Job,0,2026-08-05T12:58:58Z,,,,
"{'label': 'Unknown', '__CLASS__': 'Adzuna::API::Response::Category', 'tag': 'unknown'}","{'__CLASS__': 'Adzuna::API::Response::Company', 'display_name': 'Hochschule Darmstadt'}","Data Science (Master of Science) (m/w/d) - dual Warum dual studieren? Studieren und trotzdem Geld verdienen? Ein reines Studium ist zu theoretisch? Die duale Variante des Master-Studiengangs Data Science bietet beides zugleich: ein wissenschaftliches Studium und praktische Erfahrungen im Unternehmen. Neben Vorlesungen und Seminaren besteht dadurch die Möglichkeit, das Gelernte in Praxisprojekten umzusetzen. Dabei werden die Studierenden von Fachbetreuern und Fachbetreuerinnen im Unternehmen sow…",49.877672,https://www.adzuna.de/land/ad/5829018599?se=HCZLjdHA8RGG747TTDN8rQ&utm_medium=api&utm_source=a4bcf954&v=48062471BBA0AE47BA11F5468C89DD74D01A4221,8.656595,eyJhbGciOiJIUzI1NiJ9.eyJpIjoiNTgyOTAxODU5OSIsInMiOiJIQ1pMamRIQThSR0c3NDdUVEROOHJRIn0.jby42-686EdNb1EUzCsorsOBUSYM49bi4YxwSeNLmqk,5829018599,"{'display_name': 'Darmstadt, Hessen', 'area': ['Deutschland', 'Hessen', 'Darmstadt'], '__CLASS__': 'Adzuna::API::Response::Location'}",Data Science (Master of Science) (m/w/d) - dual,Adzuna::API::Response::Job,0,2026-08-05T12:59:08Z,,,,
"{'label': 'Unknown', '__CLASS__': 'Adzuna::API::Response::Category', 'tag': 'unknown'}","{'display_name': 'dm-drogerie markt GmbH + Co. KG', '__CLASS__': 'Adzuna::API::Response::Company'}","Du möchtest im Team an digitalen Projekten in der Logistik mitarbeiten und dabei lernen, wie Daten und Künstliche Intelligenz im Arbeitsalltag genutzt werden? Du willst nicht nur im Studium erfahren, wie man Abläufe verbessert oder große Datenmengen sinnvoll nutzt, sondern Dein Wissen direkt in der Praxis anwenden? Du suchst einen Partner, bei dem Du neben Deinem Data-Science-Studium praktische Erfahrungen in der Logistik sammeln kannst – mit weniger Arbeitszeit während der Vorlesungszeit und l…",49.001249,https://www.adzuna.de/land/ad/5831199246?se=HCZLjdHA8RGG747TTDN8rQ&utm_medium=api&utm_source=a4bcf954&v=666CA334471200188ECABEFEC2D2D6628ED6FF92,8.412378,eyJhbGciOiJIUzI1NiJ9.eyJpIjoiNTgzMTE5OTI0NiIsInMiOiJIQ1pMamRIQThSR0c3NDdUVEROOHJRIn0.zmyotTUP6kzCVeJzPYsvSimChYRgToFo-aB4i8A-Yfc,5831199246,"{'area': ['Deutschland', 'Baden-Württemberg', 'Karlsruhe (Kreis)', 'Karlsruhe'], '__CLASS__': 'Adzuna::API::Response::Location', 'display_name': 'Karlsruhe, Karlsruhe (Kreis)'}",StudiumPLUS Praxis Data Science (B.Sc.) (w/m/d),Adzuna::API::Response::Job,0,2026-08-07T01:06:50Z,,,,
"{'__CLASS__': 'Adzuna::API::Response::Category', 'label': 'Unknown', 'tag': 'unknown'}","{'display_name': 'Technische Hochschule Ostwestfalen-Lippe', '__CLASS__': 'Adzuna::API::Response::Company'}","Duales Studium Data Science Bachelor of Science (B.Sc.) (m/w/d) In der Rolle eines Data Scientist gestalten Sie Softwarelösungen zur Verarbeitung von Daten. Unser Bildungsgang bereitet Sie ideal auf dieses vielfältige, kreative und zukunftsorientierte Berufsfeld vor. Wir bieten individuelle Betreuung und eine praxisnahe Ausbildung. Unsere Schwerpunkte liegen in den Bereichen Mobilität, Energieversorgung, Fertigungsprozesse und Kommunikation. Ebenso faszinierend ist die Einbindung aktueller Fors…",52.03331,https://www.adzuna.de/land/ad/5867796524?se=HCZLjdHA8RGG747TTDN8rQ&utm_medium=api&utm_source=a4bcf954&v=4F75E6CE9ABD0D1335565CF22A53AA6FDFD43231,8.90175,eyJhbGciOiJIUzI1NiJ9.eyJzIjoiSENaTGpkSEE4UkdHNzQ3VFRETjhyUSIsImkiOiI1ODY3Nzk2NTI0In0.K1FJUow7E_NdlgpcMg90JcqXiWgfbwyvmmqDopYiFtE,5867796524,"{'display_name': 'Lemgo, Lippe (Kreis)', '__CLASS__': 'Adzuna::API::Response::Location', 'area': ['Deutschland', 'Nordrhein-Westfalen', 'Lippe (Kreis)', 'Lemgo']}",Duales Studium Data Science (B. Sc.) (m/w/d),Adzuna::API::Response::Job,0,2026-09-03T01:39:46Z,,,,
"{'label': 'Unknown', '__CLASS__': 'Adzuna::API::Response::Category', 'tag': 'unknown'}","{'display_name': 'dm-drogerie markt GmbH + Co. KG', '__CLASS__': 'Adzuna::API::Response::Company'}","Bei dm und dmTECH sind wir der Überzeugung, dass die Digitalisierung unsere Welt und unser Kaufverhalten verändert. Dabei spielt künstliche Intelligenz eine wichtige Rolle. Schon heute setzen wir auf modernste Technologien, um intelligente Lösungen zu entwickeln. Hierfür suchen wir lösungsorientierte Persönlichkeiten mit analytischem und mathematischem Denkvermögen sowie Leidenschaft für innovative Technologien. Das klingt nach Dir? Dann lass uns gemeinsam handeln – mit Deinem dualen Studium Da…",49.001249,https://www.adzuna.de/land/ad/5867803890?se=HCZLjdHA8RGG747TTDN8rQ&utm_medium=api&utm_source=a4bcf954&v=50A057B8FA6DE21E91541992B0FAB5FAD480EEBB,8.412378,eyJhbGciOiJIUzI1NiJ9.eyJpIjoiNTg2NzgwMzg5MCIsInMiOiJIQ1pMamRIQThSR0c3NDdUVEROOHJRIn0.4Sv5i55YoKnHnmcdoiNtibEfOzx2wEcNxbXmnaqY9t0,5867803890,"{'display_name': 'Karlsruhe, Karlsruhe (Kreis)', 'area': ['Deutschland', 'Baden-Württemberg', 'Karlsruhe (Kreis)', 'Karlsruhe'], '__CLASS__': 'Adzuna::API::Response::Location'}",Duales Studium Data Science und Künstliche Intelligenz (B. Sc.) 2027,Adzuna::API::Response::Job,0,2026-09-03T01:40:50Z,,,,
"{'label': 'Stellen für Hochschulabsolventen', 'tag': 'graduate-jobs', '__CLASS__': 'Adzuna::API::Response::Category'}","{'__CLASS__': 'Adzuna::API::Response::Company', 'display_name': 'naturenergie hochrhein AG'}","Seit 1898 machen wir bei naturenergie die Energie der Natur nutzbar. Starte bei uns in eine Ausbildung, die dich unterstützt, fördert und dir echte Perspektiven bietet – mitten in der Region. Du bist bei naturenergie genau richtig, … wenn du eine Ausbildung willst, die dich ernst nimmt und fördert. … wenn du ein Team suchst, das dich unterstützt und nicht allein lässt. … wenn du einen Beruf lernen willst, der Zukunft hat und Sinn macht. Bachelor of Science Studiengang Data Science und Künstlich…",47.55924,https://www.adzuna.de/land/ad/5904378590?se=YNBgjtHA8RGVdogLJ2Or7Q&utm_medium=api&utm_source=a4bcf954&v=404D4F78BD1DC5AF7788558AC220235D75FBFA12,7.78433,eyJhbGciOiJIUzI1NiJ9.eyJzIjoiWU5CZ2p0SEE4UkdWZG9nTEoyT3I3USIsImkiOiI1OTA0Mzc4NTkwIn0.YKde2tHLUcVG1oZArXxwzFIICv1hKKrtFgQ-WfvrAwc,5904378590,"{'area': ['Deutschland', 'Baden-Württemberg', 'Lörrach (Kreis)', 'Rheinfelden (Baden)'], '__CLASS__': 'Adzuna::API::Response::Location', 'display_name': 'Rheinfelden (Baden), Lörrach (Kreis)'}",Bachelor of Science Studiengang Data Science und Künstliche Intelligenz (m/w/d) ab 01.10.2027,Adzuna::API::Response::Job,0,2026-10-01T03:31:32Z,,,,
"{'label': 'Stellen für Hochschulabsolventen', '__CLASS__': 'Adzuna::API::Response::Category', 'tag': 'graduate-jobs'}","{'__CLASS__': 'Adzuna::API::Response::Company', 'display_name': 'HENSOLDT'}","HENSOLDT ist ein führendes europäisches Hightech-Unternehmen der Verteidigungs- und Sicherheitsindustrie mit Sitz in Taufkirchen bei München. Das Unternehmen entwickelt Sensorlösungen, Elektronik und Software für die Bereiche Luft, Land, See, Cyber und Weltraum und unterstützt Streitkräfte weltweit dabei, Bedrohungen frühzeitig zu erkennen und fundierte operative Entscheidungen zu treffen. Aufbauend auf jahrzehntelanger Erfahrung in missionskritischer Sensorik verbindet HENSOLDT Radar-, Optroni…",48.383137,https://www.adzuna.de/land/ad/5880250669?se=YNBgjtHA8RGVdogLJ2Or7Q&utm_medium=api&utm_source=a4bcf954&v=1F3BB1EB3D3FADA9A508FF694A4368318200D3E9,9.856945,eyJhbGciOiJIUzI1NiJ9.eyJzIjoiWU5CZ2p0SEE4UkdWZG9nTEoyT3I3USIsImkiOiI1ODgwMjUwNjY5In0.er6jJS5l5xHomURQJBe6J18eSEseoxw51i3i4bE25QE,5880250669,"{'__CLASS__': 'Adzuna::API::Response::Location', 'area': ['Deutschland', 'Baden-Württemberg', 'Ulm'], 'display_name': 'Ulm, Baden-Württemberg'}","Duales Studium: ""Data Science & künstliche Intelligenz"" (w/m/d), Ulm, Start 2027",Adzuna::API::Response::Job,0,2026-09-12T01:39:53Z,,,,
"{'__CLASS__': 'Adzuna::API::Response::Category', 'tag': 'graduate-jobs', 'label': 'Stellen für Hochschulabsolventen'}","{'display_name': 'FUCHS LUBRICANTS GERMANY GmbH', '__CLASS__': 'Adzuna::API::Response::Company'}","FUCHS ist der weltweit größte unabhängige Anbieter von innovativen Schmierstofflösungen für nahezu alle Branchen und Anwendungsbereiche. Unsere Produkte und Lösungen halten die Welt in Bewegung, auch wenn diese nicht immer sichtbar sind. Entscheidend ist, dass jeder Einzelne unserer über 6.000 Mitarbeiter in mehr als 50 Ländern sichtbar ist - ihr Unternehmergeist, ihre Ideen und Fähigkeiten sind das Herzstück unseres globalen Geschäfts. JLFT1_DE",49.496025,https://www.adzuna.de/land/ad/5882581217?se=YNBgjtHA8RGVdogLJ2Or7Q&utm_medium=api&utm_source=a4bcf954&v=CD5583546379E8622628479D32894E9A0FFCB89B,8.491505,eyJhbGciOiJIUzI1NiJ9.eyJpIjoiNTg4MjU4MTIxNyIsInMiOiJZTkJnanRIQThSR1Zkb2dMSjJPcjdRIn0.WvnhlsOXOD_XR1l3zGIYH1YOa0rZfjgBCFVFIZLJRq8,5882581217,"{'__CLASS__': 'Adzuna::API::Response::Location', 'area': ['Deutschland', 'Baden-Württemberg', 'Mannheim'], 'display_name': 'Mannheim, Baden-Württemberg'}",Duales Studium B.Sc. Data Science und Künstliche Intelligenz (m/w/d) 2027,Adzuna::API::Response::Job,0,2026-09-13T13:35:34Z,,,,
"{'label': 'Stellen aus Gastronomie & Catering', '__CLASS__': 'Adzuna::API::Response::Category', 'tag': 'hospitality-catering-jobs'}","{'display_name': 'Deutsche Bahn AG', '__CLASS__': 'Adzuna::API::Response::Company'}","Wir sind die Deutsche Bahn. Millionen Fahrgäste sind jeden Tag mit uns unterwegs und wir transportieren enorme Gütermengen – deutschlandweit sowie im angrenzenden Europa. Zu oft enttäuschen wir auch. Deshalb arbeiten wir mit Hochdruck an einer besseren Bahn. Dafür brauchen wir Power und dich! Wir sind eine der vielfältigsten Arbeitgeber:innen Deutschlands. Jedes Jahr suchen wir rund 500 Dual Studierende in 25 verschiedenen Studiengängen, die gemeinsam mit uns die Bahn Tag für Tag ein Stück bess…",50.129683,https://www.adzuna.de/land/ad/5912405674?se=YNBgjtHA8RGVdogLJ2Or7Q&utm_medium=api&utm_source=a4bcf954&v=AB4597C9CB7C00BC1F69F02F9E19E075E1C5CFE6,8.650578,eyJhbGciOiJIUzI1NiJ9.eyJzIjoiWU5CZ2p0SEE4UkdWZG9nTEoyT3I3USIsImkiOiI1OTEyNDA1Njc0In0.j-0wOF21jEa2W8so8zd4Sjpue2sqykMUZ3c1aqTLYEE,5912405674,"{'display_name': 'Frankfurt am Main, Hessen', 'area': ['Deutschland', 'Hessen', 'Frankfurt am Main'], '__CLASS__': 'Adzuna::API::Response::Location'}",Duales Studium Data Science und Künstliche Intelligenz 2027 (w/m/d),Adzuna::API::Response::Job,0,2026-10-05T13:08:54Z,full_time,,,
"{'tag': 'unknown', '__CLASS__': 'Adzuna::API::Response::Category', 'label': 'Unknown'}","{'display_name': 'Schaeffler Technologies AG & Co. KG', '__CLASS__': 'Adzuna::API::Response::Company'}","Duales Studium (OTH) - Künstliche Intelligenz und Data Science (d/m/w) 2027 Im Überblick Studienabschluss: Bachelor of Science Künstliche Intelligenz und Data Science Studiendauer: 3,5 Jahre Ausbildungsstart: 01.09.2027 Studienbeginn: 01.10.2027 Standort: Vitesco Technologies Regensburg (Schaeffler Gruppe) Hochschule: Ostbayerische Technische Hochschule Regensburg Ausbildungsschwerpunkte Studium in den Grundlagen der Wirtschaftswissenschaften und der Informatik (u.a. BWL, VWL, Recht, Finanzen, …",49.022981,https://www.adzuna.de/land/ad/5829018332?se=YNBgjtHA8RGVdogLJ2Or7Q&utm_medium=api&utm_source=a4bcf954&v=F4CDBB0A053ACDDD0670DAB94E38AE5702B4A8F4,12.112321,eyJhbGciOiJIUzI1NiJ9.eyJzIjoiWU5CZ2p0SEE4UkdWZG9nTEoyT3I3USIsImkiOiI1ODI5MDE4MzMyIn0.u_84FBKpu9FM_nZ44c1tJJvfO2vNyKjs0D6z1RxZkfQ,5829018332,"{'display_name': 'Regensburg, Regensburg (Kreis)', '__CLASS__': 'Adzuna::API::Response::Location', 'area': ['Deutschland', 'Bayern', 'Regensburg (Kreis)', 'Regensburg']}",Duales Studium (OTH) - Künstliche Intelligenz und Data Science (d/m/w),Adzuna::API::Response::Job,0,2026-08-05T12:59:05Z,,,,
"{'__CLASS__': 'Adzuna::API::Response::Category', 'tag': 'unknown', 'label': 'Unknown'}","{'__CLASS__': 'Adzuna::API::Response::Company', 'display_name': 'Schwarz Digits'}","Als weltweit agierendes Unternehmen benötigen wir eine IT-Landschaft, die jederzeit reibungslos funktioniert, sich stets auf dem neuesten Stand der Technik befindet und sich an den Bedürfnissen unserer Kunden innerhalb der Unternehmen der Schwarz Gruppe orientiert. An der Schnittstelle zwischen Daten und IT erarbeiten wir tragfähige Lösungen, die maßgeblich und sichtbar zu unserem Erfolg beitragen. Studienbeginn: 01.09.2027 mit dem Begrüßungsmonat Studiendauer: 3 Jahre Studiendauer: 01.10.2027 …",49.2291,https://www.adzuna.de/land/ad/5867805253?se=YNBgjtHA8RGVdogLJ2Or7Q&utm_medium=api&utm_source=a4bcf954&v=F93DBE9F9AC620F0FA9B523959E3DD44AF0817EB,9.21629,eyJhbGciOiJIUzI1NiJ9.eyJpIjoiNTg2NzgwNTI1MyIsInMiOiJZTkJnanRIQThSR1Zkb2dMSjJPcjdRIn0.9tl6BrUzMJGg8aFO7MoeAJ4YV00PtFiZlYrStrIYwD0,5867805253,"{'__CLASS__': 'Adzuna::API::Response::Location', 'area': ['Deutschland', 'Baden-Württemberg', 'Heilbronn (Kreis)', 'Bad Friedrichshall'], 'display_name': 'Bad Friedrichshall, Heilbronn (Kreis)'}",Duales Studium Data Science und Künstliche Intelligenz 2027 (m/w/d),Adzuna::API::Response::Job,0,2026-09-03T01:41:02Z,,,,
"{'__CLASS__': 'Adzuna::API::Response::Category', 'tag': 'unknown', 'label': 'Unknown'}","{'__CLASS__': 'Adzuna::API::Response::Company', 'display_name': 'Hallesche Krankenversicherung'}","Duales Studium (m/w/d) Wirtschaftsinformatik (B.Sc.) - Data Science Eine Gruppe. Viele Möglichkeiten. Als erfahrenes Versicherungs- und Finanzdienstleistungsunternehmen verbinden wir seit 1819 Wachstum mit Tradition. Rund 3.200 Mitarbeitende sorgen täglich dafür, dass unsere Kundinnen und Kunden bestens abgesichert sind und einen ausgezeichneten Service erhalten. Bei uns erwartet dich ein Arbeitsumfeld voller Offenheit, Teamgeist und Rückhalt. Gemeinsam mit dir formen wir aus unseren individuel…",48.776198,https://www.adzuna.de/land/ad/5831198350?se=YNBgjtHA8RGVdogLJ2Or7Q&utm_medium=api&utm_source=a4bcf954&v=5408BAF802913B32CD3BB13B99204B5AF643DC0B,9.187224,eyJhbGciOiJIUzI1NiJ9.eyJzIjoiWU5CZ2p0SEE4UkdWZG9nTEoyT3I3USIsImkiOiI1ODMxMTk4MzUwIn0.064mZ7xQFka1R5H3FVc8ETmdBK4jNTRgnhT3jMHft-c,5831198350,"{'area': ['Deutschland', 'Baden-Württemberg', 'Stuttgart'], '__CLASS__': 'Adzuna::API::Response::Location', 'display_name': 'Stuttgart, Baden-Württemberg'}",Duales Studium (m/w/d) Wirtschaftsinformatik (B.Sc.) - Data Science,Adzuna::API::Response::Job,0,2026-08-07T01:04:22Z,,,,
"{'__CLASS__': 'Adzuna::API::Response::Category', 'tag': 'unknown', 'label': 'Unknown'}","{'display_name': 'EDEKA Südwest Stiftung & Co.KG', '__CLASS__': 'Adzuna::API::Response::Company'}",Was macht man da aus sich? Im Fokus steht der reibungslose Fluss von Informationen innerhalb des Unternehmens. Schon während des Studiums betreust du selbstständig Anwendungen und wirst in Softwareprojekte mit einbezogen. Du analysierst und planst Systeme Du entwickelst oder betreust Anwendungen Du unterstützt dein Team bei der Planung und Überwachung von Softwareentwicklungsprojekten Du nimmst an Fachkreisen zum Thema KI teil und bringst dein Know-How mit ein Du berätst und schulst Benutzer zu…,48.42392,https://www.adzuna.de/land/ad/5829024571?se=YNBgjtHA8RGVdogLJ2Or7Q&utm_medium=api&utm_source=a4bcf954&v=931F33912E699F434C85D1446A57094D025C122D,7.94837,eyJhbGciOiJIUzI1NiJ9.eyJzIjoiWU5CZ2p0SEE4UkdWZG9nTEoyT3I3USIsImkiOiI1ODI5MDI0NTcxIn0.zobMA32jkHM3inIQ7az068c_gWzAZ2ptUVaYurh-edY,5829024571,"{'display_name': 'Offenburg, Ortenaukreis', 'area': ['Deutschland', 'Baden-Württemberg', 'Ortenaukreis', 'Offenburg'], '__CLASS__': 'Adzuna::API::Response::Location'}",Duales Studium: Data Science und Künstliche Intelligenz (m/w/d) - 2027,Adzuna::API::Response::Job,0,2026-08-05T13:00:21Z,,,,
"{'tag': 'unknown', '__CLASS__': 'Adzuna::API::Response::Category', 'label': 'Unknown'}","{'display_name': 'KFW Konzern', '__CLASS__': 'Adzuna::API::Response::Company'}","Willkommen bei der KfW! Als eine der führenden Förderbanken der Welt stehen wir für die nachhaltige Transformation von Umwelt, Gesellschaft und Unternehmen. Wir fördern Windparks, Infrastruktur-Projekte, Schulen und Krankenhäuser und gestalten damit die Zukunft. Und wir bauen auf die Menschen, die bei uns arbeiten! Bei uns findest du ein vertrauensvolles Arbeitsumfeld, in dem Teamspirit, Vielfalt und Inklusion gelebt werden. Mache deine ersten Karriereschritte bei uns und sammle praktische Erfa…",50.71942,https://www.adzuna.de/land/ad/5905920070?se=YNBgjtHA8RGVdogLJ2Or7Q&utm_medium=api&utm_source=a4bcf954&v=09BA25A82B1C218BDC56D7563379D6F53862E388,7.112412,eyJhbGciOiJIUzI1NiJ9.eyJpIjoiNTkwNTkyMDA3MCIsInMiOiJZTkJnanRIQThSR1Zkb2dMSjJPcjdRIn0.KQWjSdVs9l44mDpud_8ZeuCQRE_Q2hOvWmCN86vEMZs,5905920070,"{'display_name': 'Bonn, Nordrhein-Westfalen', 'area': ['Deutschland', 'Nordrhein-Westfalen', 'Bonn'], '__CLASS__': 'Adzuna::API::Response::Location'}",Werkstudent (w/m/d) - im Bereich Mittelstandsbank & Private Kunden - Customer Analytics / Data Science - Inklusiver Job   ,Adzuna::API::Response::Job,0,2026-10-01T17:59:49Z,,,,
"{'label': 'Stellen für Hochschulabsolventen', 'tag': 'graduate-jobs', '__CLASS__': 'Adzuna::API::Response::Category'}","{'display_name': 'BBC Cellpack GmbH', '__CLASS__': 'Adzuna::API::Response::Company'}","BBC Cellpack wurde 1935 in Villmergen, Schweiz, als Nachfolger der Dreifuss Brothers AG gegründet. Ursprünglich auf Zellophanverpackungen fokussiert, entwickelte sich das Unternehmen durch den Pioniergeist der Gebrüder Dreifuss, die das Potenzial neuer Materialien erkannten und hochwertige Industriegüter entwickelten, schnell weiter. Diese innovative Denkweise legte den Grundstein für jahrzehntelangen Fortschritt. Mit der Gründung der Cellpack GmbH in Waldshut-Tiengen im Jahr 1967, expandierte …",47.6383,https://www.adzuna.de/land/ad/5886088124?se=YNBgjtHA8RGVdogLJ2Or7Q&utm_medium=api&utm_source=a4bcf954&v=7196F8834356BB8DC8663978F2C5A05273F9A62B,8.28431,eyJhbGciOiJIUzI1NiJ9.eyJzIjoiWU5CZ2p0SEE4UkdWZG9nTEoyT3I3USIsImkiOiI1ODg2MDg4MTI0In0.JZvJ6XX9Tsb6Yo_yeBRi46ksDDTkbFcF3w23-RdpYf0,5886088124,"{'display_name': 'Waldshut-Tiengen, Waldshut (Kreis)', '__CLASS__': 'Adzuna::API::Response::Location', 'area': ['Deutschland', 'Baden-Württemberg', 'Waldshut (Kreis)', 'Waldshut-Tiengen']}",Dualer Student (m/w/d) Data Science und Künstliche Intelligenz – Digitale Produktion (B.Sc.) ab Oktober 2027,Adzuna::API::Response::Job,0,2026-09-16T13:49:46Z,,,,
"{'__CLASS__': 'Adzuna::API::Response::Category', 'tag': 'scientific-qa-jobs', 'label': 'Stellen aus Wissenschaft & Qualitätssicherung'}","{'__CLASS__': 'Adzuna::API::Response::Company', 'display_name': 'Cimt ag'}","Wir sind ein branchenübergreifendes IT-Beratungsunternehmen. Mit mehr als 250 Mitarbeitern entwickeln wir innovative Software, moderne IT-Konzepte und zeitgemäße Systemarchitekturen. Schwerpunkte unserer Dienstleistungen: Data Science von der Business Analyse bis zu Visualisierungen und SAP-Beratung vom Betrieb bis zur Applikationsentwicklung. Dabei gehören Cloud Technologien ebenso wie moderne DevOps Technologien zu unserem Alltag sowie Entwicklung mittels ABAP und Java. Aufgaben Bei uns erwar…",53.557429,https://www.adzuna.de/land/ad/5911559270?se=YNBgjtHA8RGVdogLJ2Or7Q&utm_medium=api&utm_source=a4bcf954&v=45E7400B94641A396326A4385CD7E78849CAC0E7,9.987297,eyJhbGciOiJIUzI1NiJ9.eyJzIjoiWU5CZ2p0SEE4UkdWZG9nTEoyT3I3USIsImkiOiI1OTExNTU5MjcwIn0.lLQE_dmySCW47cD04P9Dx_aStgja-Gz0NL1FqZrXVfY,5911559270,"{'area': ['Deutschland', 'Hamburg'], '__CLASS__': 'Adzuna::API::Response::Location', 'display_name': 'Hamburg, Deutschland'}",IT Consultant - SAP Fiori / ABAP / User Experience / CDS Views (m/w/d),Adzuna::API::Response::Job,0,2026-10-04T15:39:28Z,,,,
"{'tag': 'unknown', '__CLASS__': 'Adzuna::API::Response::Category', 'label': 'Unknown'}","{'__CLASS__': 'Adzuna::API::Response::Company', 'display_name': 'Gubesch GmbH'}",Duales Studium Data Science & Künstliche Intelligenz (m/w/d) Bei uns gestaltest Du die Zukunft und bringst die digitale Transformation in unsere Fachbereiche. Hierzu erlernst Du grundlegende Kenntnisse zu den Schlüsseltechnologien des digitalen Wandels Data Science und KI im Rahmen eines Studiums an der Dualen Hochschule Baden-Württemberg Mosbach https://www.mosbach.dhbw.de/studium/studienangebot-bachelor/data-science-kuenstliche-intelligenz/studieninhalte-profil/ und erbringst Deine Praxiseins…,,https://www.adzuna.de/land/ad/5825714928?se=YNBgjtHA8RGVdogLJ2Or7Q&utm_medium=api&utm_source=a4bcf954&v=95864F56F0F5F4F53D19673C8ED3E3A94DD6139C,,eyJhbGciOiJIUzI1NiJ9.eyJpIjoiNTgyNTcxNDkyOCIsInMiOiJZTkJnanRIQThSR1Zkb2dMSjJPcjdRIn0.ZuDgFyKRqTobl8tLq9bTI-gcAPKlT1N18EhI7klFKls,5825714928,"{'display_name': 'Deutschland', '__CLASS__': 'Adzuna::API::Response::Location', 'area': ['Deutschland']}",Dualer Student (m/w/d) Studiengang Data Science und Künstliche Intelligenz an der dualen Hochschule Mosbach,Adzuna::API::Response::Job,0,2026-08-02T15:43:27Z,,,,
"{'__CLASS__': 'Adzuna::API::Response::Category', 'tag': 'unknown', 'label': 'Unknown'}","{'display_name': 'Schaeffler Technologies AG & Co. KG', '__CLASS__': 'Adzuna::API::Response::Company'}","Du bist technikbegeistert und voller Ideen, mit denen Du die Welt bewegen willst? Dann ist eine Ausbildung oder ein duales Studium bei Schaeffler genau das Richtige für Dich. Ohne unsere Produkte könnten Autos nicht fahren, Maschinen nicht laufen und Flugzeuge nicht fliegen. Als führender Anbieter von Wälzlagern für sämtliche Industrien und wichtiger Partner im internationalen Automobilbau bietet Dir Schaeffler ein hervorragendes Umfeld für Deinen Start in die Berufswelt. Im Überblick Studienab…",49.56892,https://www.adzuna.de/land/ad/5829026023?se=YNBgjtHA8RGVdogLJ2Or7Q&utm_medium=api&utm_source=a4bcf954&v=713594266776EF6C62A6C01007195B424D9BF50F,10.88109,eyJhbGciOiJIUzI1NiJ9.eyJpIjoiNTgyOTAyNjAyMyIsInMiOiJZTkJnanRIQThSR1Zkb2dMSjJPcjdRIn0.x3wA9PROG5JqQ-daUVTod56OKgKsMysgGKV5XbP8E2Q,5829026023,"{'display_name': 'Herzogenaurach, Erlangen-Höchstadt (Kreis)', '__CLASS__': 'Adzuna::API::Response::Location', 'area': ['Deutschland', 'Bayern', 'Erlangen-Höchstadt (Kreis)', 'Herzogenaurach']}",Duales Studium (DHBW) - Data Science und künstliche Intelligenz (d/m/w) 2027,Adzuna::API::Response::Job,0,2026-08-05T13:00:38Z,,,,
"{'label': 'Unknown', 'tag': 'unknown', '__CLASS__': 'Adzuna::API::Response::Category'}","{'__CLASS__': 'Adzuna::API::Response::Company', 'display_name': 'WALDNER Holding SE & Co. KG'}","Duales Studium zum B. Sc. Data Science und KI Start 2027 Wir von Waldner sind ein über 100-jähriges Familienunternehmen des Maschinen- und Anlagenbaus, sowie Einrichter für Schul- und Laborräume. Mit über 1.800 Mitarbeitern, davon über 1.100 am Produktionsstandort Wangen im schönen Allgäu, entwickeln und bauen wir auf 90.000 qm hochwertigste Innovationen nach kundenspezifischen Anforderungen. Ob Laboreinrichtungen, Abfüllanlagen, Prozessanlagen oder Lernraumkonzepte: Waldner Lösungen entstehen …",47.68562,https://www.adzuna.de/land/ad/5829025223?se=YNBgjtHA8RGVdogLJ2Or7Q&utm_medium=api&utm_source=a4bcf954&v=7B7C2FAF263FBEB0FCC6FC391F2775CF3A0D4368,9.83242,eyJhbGciOiJIUzI1NiJ9.eyJzIjoiWU5CZ2p0SEE4UkdWZG9nTEoyT3I3USIsImkiOiI1ODI5MDI1MjIzIn0.lO3p_RYQe6wleWBQo5RDQ2FQn3ka2j9oR9_VSqSnK1Q,5829025223,"{'area': ['Deutschland', 'Baden-Württemberg', 'Ravensburg (Kreis)', 'Wangen im Allgäu'], '__CLASS__': 'Adzuna::API::Response::Location', 'display_name': 'Wangen im Allgäu, Ravensburg (Kreis)'}",Duales Studium zum (B. Sc.) (m/w/d) Data Science und KI,Adzuna::API::Response::Job,0,2026-08-05T13:00:27Z,,,,
"{'__CLASS__': 'Adzuna::API::Response::Category', 'tag': 'unknown', 'label': 'Unknown'}","{'__CLASS__': 'Adzuna::API::Response::Company', 'display_name': 'Airbus Group'}","Duales Studium (B.Sc.) Data Science und Künstliche Intelligenz (d/m/w) zum 01.09.2027 Starte deine Karriere bei Airbus! Bist du fasziniert davon, wie riesige Datenmengen und Künstliche Intelligenz die Geschäftswelt und unser Leben verändern, und möchtest aktiv die Zukunft mitgestalten? Dann ist ein Duales Studium bei Airbus genau das Richtige für dich! Dieser Studiengang konzentriert sich stark auf die Analyse großer Datenmengen, das Erkennen von Mustern und das Ableiten von Handlungsempfehlung…",48.14882,https://www.adzuna.de/land/ad/5829013983?se=YNBgjtHA8RGVdogLJ2Or7Q&utm_medium=api&utm_source=a4bcf954&v=5916FD0E7CAA41CC5C46668E133961C1C2399E7F,12.4561,eyJhbGciOiJIUzI1NiJ9.eyJpIjoiNTgyOTAxMzk4MyIsInMiOiJZTkJnanRIQThSR1Zkb2dMSjJPcjdRIn0.DIsAmo5ynjfZOo7eSe_fKYa9mea_Vpn_gdD6hNxGGyU,5829013983,"{'area': ['Deutschland', 'Bayern', 'Mühldorf am Inn (Kreis)', 'Taufkirchen'], '__CLASS__': 'Adzuna::API::Response::Location', 'display_name': 'Taufkirchen, Mühldorf am Inn (Kreis)'}",Duales Studium (B.Sc.) Data Science und Künstliche Intelligenz (d/m/w),Adzuna::API::Response::Job,0,2026-08-05T12:58:21Z,,,,
"{'label': 'Unknown', 'tag': 'unknown', '__CLASS__': 'Adzuna::API::Response::Category'}","{'display_name': 'Infineon Technologies AG', '__CLASS__': 'Adzuna::API::Response::Company'}","WeAreIn to create tiny chips and big careers. Theorie allein reicht Dir nicht? Im Dualen Studium bei Infineon verbindest Du Theorie und Praxis. Du arbeitest an echten Projekten, lernst von Expert*innen und machst aus Deiner Leidenschaft eine Karriere mit Sinn. Are you in? Deine Rolle Haupttätigkeiten Praxis: Während Deines Studiums lernst Du praxisnah am Standort Regensburg Theorie: Den theoretischen Input erhältst Du an der der Ostbayerischen Technischen Hochschule Regensburg Auslandseinsätze:…",49.022981,https://www.adzuna.de/land/ad/5829016854?se=YNBgjtHA8RGVdogLJ2Or7Q&utm_medium=api&utm_source=a4bcf954&v=E7A3FDF31EFC2F249A611215827833C02BD18DF7,12.112321,eyJhbGciOiJIUzI1NiJ9.eyJzIjoiWU5CZ2p0SEE4UkdWZG9nTEoyT3I3USIsImkiOiI1ODI5MDE2ODU0In0.4n0smK42K1BdImUqJDTl5aX3i26eqAXuHSNalSzHRz8,5829016854,"{'display_name': 'Regensburg, Regensburg (Kreis)', '__CLASS__': 'Adzuna::API::Response::Location', 'area': ['Deutschland', 'Bayern', 'Regensburg (Kreis)', 'Regensburg']}",Duales Studium - B. Sc. Künstliche Intelligenz / Data Science (m/w/d),Adzuna::API::Response::Job,0,2026-08-05T12:58:49Z,,,,
"{'__CLASS__': 'Adzuna::API::Response::Category', 'tag': 'other-general-jobs', 'label': 'Sonstige/Allgemeine Stellen'}","{'__CLASS__': 'Adzuna::API::Response::Company', 'display_name': 'Würth Deutschland'}","Die Adolf Würth GmbH & Co. KG ist führender Hersteller von Befestigungstechnik für die professionelle Anwendung. Das Familienunternehmen ist das größte Einzelunternehmen der weltweit tätigen Würth-Gruppe und beschäftigt in Deutschland über 8.000 Mitarbeitende. Rund 87.000 sind bei der Würth-Gruppe beschäftigt. Hohe Eigenmotivation, große Gestaltungsfreiräume und eine starke Kollegialität zeichnen die Unternehmenskultur aus. Neugierig geworden? Jetzt informieren und Teil der Würth Familie werden…",52.507706,https://www.adzuna.de/land/ad/5880250602?se=YNBgjtHA8RGVdogLJ2Or7Q&utm_medium=api&utm_source=a4bcf954&v=0CDBC4AA8EAAAF0DDB28B9091A97A43AFA6AA713,13.420806,eyJhbGciOiJIUzI1NiJ9.eyJpIjoiNTg4MDI1MDYwMiIsInMiOiJZTkJnanRIQThSR1Zkb2dMSjJPcjdRIn0.pUSbq2BL-PVWhrw265AGABsycB8LG2s1_d1vtINT6QI,5880250602,"{'display_name': 'Berlin, Deutschland', 'area': ['Deutschland', 'Berlin'], '__CLASS__': 'Adzuna::API::Response::Location'}",Teamlead Data Science - Data & AI Research (m/w/d),Adzuna::API::Response::Job,0,2026-09-12T01:39:50Z,,,,
"{'__CLASS__': 'Adzuna::API::Response::Category', 'tag': 'unknown', 'label': 'Unknown'}","{'__CLASS__': 'Adzuna::API::Response::Company', 'display_name': 'Dr. Theiss Naturwaren GmbH'}","Wir sind ein dynamisches und leistungsstarkes Unternehmen der kosmetischen und pharmazeutischen Industrie. Neben der nach GMP-Richtlinien zertifizierten eigenen Produktion für unsere Gesichts-, Körper-, Haarpflegeprodukte und dekorativen Kosmetik legen wir großen Wert auf unser Qualitätsmerkmal ""Made in Germany"". Jährlich werden unsere innovativen Apothekenprodukte mit Preisen wie ""Beste Neueinführung"" oder ""Top Marke"" ausgezeichnet. Zur Verstärkung unseres IT-Teams suchen wir zum nächstmöglich…",49.31944,https://www.adzuna.de/land/ad/5908587162?se=YNBgjtHA8RGVdogLJ2Or7Q&utm_medium=api&utm_source=a4bcf954&v=B1F8ABF4E74AE323FF43DABBC37AFE76AD835FDB,7.3341,eyJhbGciOiJIUzI1NiJ9.eyJzIjoiWU5CZ2p0SEE4UkdWZG9nTEoyT3I3USIsImkiOiI1OTA4NTg3MTYyIn0.LPAZgf5iAS02m7qPA34jLMjU-vVv5iXfH4-IZBryUzU,5908587162,"{'area': ['Deutschland', 'Saarland', 'Saarpfalz-Kreis', 'Homburg'], '__CLASS__': 'Adzuna::API::Response::Location', 'display_name': 'Homburg, Saarpfalz-Kreis'}",Solution Consultant KI-Plattformen (m/w/d),Adzuna::API::Response::Job,0,2026-10-02T20:24:39Z,,,,
"{'__CLASS__': 'Adzuna::API::Response::Category', 'tag': 'it-jobs', 'label': 'IT-Stellen'}","{'__CLASS__': 'Adzuna::API::Response::Company', 'display_name': 'HDI AG'}","Starte durch bei HDI Global! Als einer der welt­weit führenden Industrie­versicherer haben wir in unserer 120-jährigen Unter­nehmens­geschichte mit Pionier­geist und Gemeinschafts­sinn viele Heraus­forderungen gemeistert und sind für die Zukunft sehr gut auf­gestellt. Wir bieten Dir die Mög­lich­keit, immer wieder neue Wege zu gehen und uns so gemein­sam weiter­zu­entwickeln. Aufgaben Fachliche Verantwortung für bestimmte Daten-Domains, Bündelung von Know-How über existierende Daten (-quellen) …",52.378818,https://www.adzuna.de/land/ad/5897971504?se=YNBgjtHA8RGVdogLJ2Or7Q&utm_medium=api&utm_source=a4bcf954&v=6B8616A036F8D6B65058E4AF31BD871109F8A38C,9.742751,eyJhbGciOiJIUzI1NiJ9.eyJzIjoiWU5CZ2p0SEE4UkdWZG9nTEoyT3I3USIsImkiOiI1ODk3OTcxNTA0In0._mJHTk_52JWD2P7-eMxPck8QXLhcsLUokaq5na2D4s8,5897971504,"{'area': ['Deutschland', 'Niedersachsen', 'Region Hannover (Kreis)', 'Hannover'], '__CLASS__': 'Adzuna::API::Response::Location', 'display_name': 'Hannover, Region Hannover (Kreis)'}",Senior Data / Software Engineer,Adzuna::API::Response::Job,0,2026-09-25T08:06:30Z,,,,
"{'label': 'Unknown', '__CLASS__': 'Adzuna::API::Response::Category', 'tag': 'unknown'}","{'display_name': 'Hekatron Unternehmen', '__CLASS__': 'Adzuna::API::Response::Company'}","Die Hekatron Unternehmen bieten: Duales Studium Bachelor of Science (m/w/d) Data Science und Künstliche Intelligenz für 2027 Starte Deine Zukunft bei Hekatron: Bachelor of Science Data Science und künstliche Intelligenz. Du suchst ein Studium, welches Dir den Freiraum bietet, Deinen eigenen Weg zu finden und Deine Arbeit mit Deiner Freizeit optimal zu verbinden? Dann bist Du bei uns, den Hekatron Unternehmen, genau richtig! Wir bei Hekatron sind auf der Suche nach engagierten Studenten, die mit…",47.84069,https://www.adzuna.de/land/ad/5838982643?se=YNBgjtHA8RGVdogLJ2Or7Q&utm_medium=api&utm_source=a4bcf954&v=B8386A271D624F90E35C459784B56896C54215EF,7.7081,eyJhbGciOiJIUzI1NiJ9.eyJzIjoiWU5CZ2p0SEE4UkdWZG9nTEoyT3I3USIsImkiOiI1ODM4OTgyNjQzIn0.xla_nJKimQ98hFQgq5Xll8usYPhZElzRDSid7CveYOE,5838982643,"{'display_name': 'Sulzburg, Breisgau-Hochschwarzwald (Kreis)', 'area': ['Deutschland', 'Baden-Württemberg', 'Breisgau-Hochschwarzwald (Kreis)', 'Sulzburg'], '__CLASS__': 'Adzuna::API::Response::Location'}",Duales Studium Bachelor of Science (m/w/d) Data Science und Künstliche Intelligenz,Adzuna::API::Response::Job,0,2026-08-13T01:10:57Z,,,,
"{'label': 'Unknown', '__CLASS__': 'Adzuna::API::Response::Category', 'tag': 'unknown'}","{'__CLASS__': 'Adzuna::API::Response::Company', 'display_name': 'BayernLB'}","Hochschule München: Duales Studium Data Science und Scientific Computing (B.Sc.) 2027 Wir alle haben als Kinder davon geträumt, Großes zu bewirken – ob als gute Feen, Stars im Rampenlicht oder Weltraumreisende im All. Höchste Zeit, dass diese Träume wahr werden! Dein Traumschiff? Die BayernLB! Bei uns steuern wir einer blühenden Zukunft entgegen und kämpfen als Fortschrittsfinanzierer für die Welt von morgen. Unsere Feenflügel und Raumanzüge haben wir abgelegt. Nicht aber unsere Ziele. Denen si…",48.137418,https://www.adzuna.de/land/ad/5829013829?se=YNBgjtHA8RGVdogLJ2Or7Q&utm_medium=api&utm_source=a4bcf954&v=B860D86976399786132F9FF028645B0C36869A04,11.555737,eyJhbGciOiJIUzI1NiJ9.eyJzIjoiWU5CZ2p0SEE4UkdWZG9nTEoyT3I3USIsImkiOiI1ODI5MDEzODI5In0.jMM75zLEpBdFdBEktXWg65j2xaT5IWoUwMCj_YuH75o,5829013829,"{'area': ['Deutschland', 'Bayern', 'München (Kreis)', 'München'], '__CLASS__': 'Adzuna::API::Response::Location', 'display_name': 'München, München (Kreis)'}",Duales Studium Data Science und Scientific Computing (B.Sc.) (m/w/d) 2027,Adzuna::API::Response::Job,0,2026-08-05T12:58:19Z,,,,
"{'label': 'Unknown', '__CLASS__': 'Adzuna::API::Response::Category', 'tag': 'unknown'}","{'display_name': 'Airbus', '__CLASS__': 'Adzuna::API::Response::Company'}","Duales Studium B.Sc. (d/m/w) Informatik - Data Science und Künstliche Intelligenz zum 01.09.2027 Bist du neugierig auf Technik und möchtest die Welt von morgen mitgestalten? Dann ist eine Ausbildung oder ein Studium bei Airbus am Standort in Augsburg genau das Richtige für dich! Im dualen Studium Informatik befasst du dich in der Industrie mit komplexen Themen und Systemen. Du konzipierst, entwickelst und realisierst technische Lösungen zur Unterstützung der Geschäftsprozesse im Bereich der Übe…",48.357096,https://www.adzuna.de/land/ad/5829014958?se=YNBgjtHA8RGVdogLJ2Or7Q&utm_medium=api&utm_source=a4bcf954&v=6DD748172AFD815A2F92C55273BE0A5D65807D87,10.89379,eyJhbGciOiJIUzI1NiJ9.eyJpIjoiNTgyOTAxNDk1OCIsInMiOiJZTkJnanRIQThSR1Zkb2dMSjJPcjdRIn0.4927j7LX6G0qMtc8sj_wRh2hA0DSS1gRbuW8K677iGQ,5829014958,"{'__CLASS__': 'Adzuna::API::Response::Location', 'area': ['Deutschland', 'Bayern', 'Augsburg (Kreis)', 'Augsburg'], 'display_name': 'Augsburg, Augsburg (Kreis)'}",Duales Studium B.Sc. (d/m/w) Informatik - Data Science und Künstliche Intelligenz,Adzuna::API::Response::Job,0,2026-08-05T12:58:30Z,,,,
"{'label': 'IT-Stellen', '__CLASS__': 'Adzuna::API::Response::Category', 'tag': 'it-jobs'}","{'__CLASS__': 'Adzuna::API::Response::Company', 'display_name': 'TÜV SÜD'}","Innovationen bringen tiefgreifende Veränderungen mit sich und beeinflussen unser Leben in vielfältiger Weise. Bei der TÜV SÜD Gruppe sind wir in hohem Maße bestrebt, ein wichtiger Teil dieser Entwicklung und des Fortschritts zu sein. Wir sind von Anfang an dabei und begleiten diesen Prozess. Wir sorgen für eine sichere und nachhaltige Zukunft und schaffen Vertrauen in neue Technologien. Wir beraten, wir prüfen, wir zertifizieren. Für die Sicherheit von Menschen und der Gesellschaft fordern wir …",48.137418,https://www.adzuna.de/land/ad/5904168640?se=YNBgjtHA8RGVdogLJ2Or7Q&utm_medium=api&utm_source=a4bcf954&v=70D16411267A0D7DC05CB5C28669D75B29725D0C,11.555737,eyJhbGciOiJIUzI1NiJ9.eyJpIjoiNTkwNDE2ODY0MCIsInMiOiJZTkJnanRIQThSR1Zkb2dMSjJPcjdRIn0.yHQTHh22GEVYAYpy39QBeYlN-lxISzRmAk5QuvVK92w,5904168640,"{'display_name': 'München, München (Kreis)', 'area': ['Deutschland', 'Bayern', 'München (Kreis)', 'München'], '__CLASS__': 'Adzuna::API::Response::Location'}",Senior Data Scientist (w/m/d),Adzuna::API::Response::Job,0,2026-09-30T20:14:34Z,,,,
"{'__CLASS__': 'Adzuna::API::Response::Category', 'tag': 'it-jobs', 'label': 'IT-Stellen'}",{'__CLASS__': 'Adzuna::API::Response::Company'},"Bei Datacon GmbH & Co. KG - ein Unternehmen der SEIER Gruppe - erwarten dich ein verlässliches Umfeld, klare Kommunikation und ein Team, das zusammenarbeitet. Das Unternehmen arbeitest du nah an den Fachbereichen und gestaltest digitale Prozesse aktiv mit. In dieser Position als Werkstudent IT – Application Management, Digitalisierung & KI (m/w/d) zählt vor allem, dass du zuverlässig mit anpackst und dich im Team einbringst. Unterschiedliche Perspektiven machenuns besser. Deshalb freuen wir uns…",53.548992,https://www.adzuna.de/land/ad/5902611629?se=YNBgjtHA8RGVdogLJ2Or7Q&utm_medium=api&utm_source=a4bcf954&v=4D0E67A340A600A0B22CF28370E3E3F47FDEB058,8.595073,eyJhbGciOiJIUzI1NiJ9.eyJzIjoiWU5CZ2p0SEE4UkdWZG9nTEoyT3I3USIsImkiOiI1OTAyNjExNjI5In0.X8CW5Bq1-R5icwobPdhPlzu7qpxWXhfTS0AKne9NGgw,5902611629,"{'area': ['Deutschland', 'Bremen', 'Bremerhaven'], '__CLASS__': 'Adzuna::API::Response::Location', 'display_name': 'Bremerhaven, Bremen'}","Werkstudent IT – Application Management, Digitalisierung & KI (m/w/d)",Adzuna::API::Response::Job,0,2026-09-29T08:34:03Z,,,,
"{'label': 'Unknown', '__CLASS__': 'Adzuna::API::Response::Category', 'tag': 'unknown'}","{'__CLASS__': 'Adzuna::API::Response::Company', 'display_name': 'Schwarz Digits'}","Als weltweit agierendes Unternehmen benötigen wir eine IT-Landschaft, die jederzeit reibungslos funktioniert, sich stets auf dem neuesten Stand der Technik befindet und sich an den Bedürfnissen unserer Kunden innerhalb den Unternehmen der Schwarz Gruppe orientiert. An der Schnittstelle zwischen BWL und IT erarbeiten wir tragfähige Lösungen, die maßgeblich und sichtbar zu unserem Erfolg beitragen. {Programmbeginn:} 01.09.2027 mit dem Begrüßungsmonat {Studienbeginn:} 01.10.2027 {Studiendauer:} 3 …",49.2291,https://www.adzuna.de/land/ad/5910621810?se=YNBgjtHA8RGVdogLJ2Or7Q&utm_medium=api&utm_source=a4bcf954&v=6E9166AB799C9C92E103756E5FA30B8F5C8FC044,9.21629,eyJhbGciOiJIUzI1NiJ9.eyJpIjoiNTkxMDYyMTgxMCIsInMiOiJZTkJnanRIQThSR1Zkb2dMSjJPcjdRIn0.u7wYdNDQRVIaZd81aE0xzyjT4f2pTXmkWGKgYywPFMk,5910621810,"{'display_name': 'Bad Friedrichshall, Heilbronn (Kreis)', 'area': ['Deutschland', 'Baden-Württemberg', 'Heilbronn (Kreis)', 'Bad Friedrichshall'], '__CLASS__': 'Adzuna::API::Response::Location'}",Duales Studium Wirtschaftsinformatik 2027 Neckarsulm (m/w/d),Adzuna::API::Response::Job,0,2026-10-04T00:41:08Z,,,,
"{'__CLASS__': 'Adzuna::API::Response::Category', 'tag': 'healthcare-nursing-jobs', 'label': 'Stellen aus Gesundheitswesen & Pflege'}","{'__CLASS__': 'Adzuna::API::Response::Company', 'display_name': 'Universitätsklinikum Carl Gustav Carus Dresden'}","Aufgaben Profil Wir bieten Die Medizinische Fakultät der Technischen Universität Dresden, eine der elf deutschen Exzellenzuniversitäten, stärkt mit ihrem vom BMFTR geförderten Programm „CAMINO – Career Advancements in Multidimensional Tumor Targeting“ die translationale Forschung und die Karriereperspektiven für forschende Ärzte. Um visionäre Forscher dabei zu unterstützen, die onkologische Forschung am biomedizinischen Campus in Dresden voranzutreiben, lädt die Medizinische Fakultät zur Bewerb…",51.052725,https://www.adzuna.de/land/ad/5911279108?se=YNBgjtHA8RGVdogLJ2Or7Q&utm_medium=api&utm_source=a4bcf954&v=C5A4FB6D7D89E16547F8BD9A859D3B47A33AA8DB,13.756452,eyJhbGciOiJIUzI1NiJ9.eyJzIjoiWU5CZ2p0SEE4UkdWZG9nTEoyT3I3USIsImkiOiI1OTExMjc5MTA4In0.dg61qicTyfbuwiW3Ks-JCza1IASTtdwvDDJ2_9QZATk,5911279108,"{'display_name': 'Dresden, Sachsen', 'area': ['Deutschland', 'Sachsen', 'Dresden'], '__CLASS__': 'Adzuna::API::Response::Location'}",Forschende Ärztin/Forschender Arzt (m/w/d) / Advanced Clinician Scientist (m/f/d),Adzuna::API::Response::Job,0,2026-10-04T10:38:40Z,,,,
"{'label': 'Sonstige/Allgemeine Stellen', '__CLASS__': 'Adzuna::API::Response::Category', 'tag': 'other-general-jobs'}","{'display_name': 'CLINOTEL Krankenhausverbund gemeinnützige GmbH', '__CLASS__': 'Adzuna::API::Response::Company'}","Die Clinotel Krankenhausverbund gGmbH ist ein trägerübergreifender, gemeinnütziger Verbund von leistungsstarken und innovativen Krankenhäusern mit bundesweit über 70 Standorten in ganz Deutschland. Unter dem Motto ""Selbstbestimmt. Gemeinsam. Stark."" unterstützt das Team in der Kölner Geschäftsstelle unsere unabhängigen Mitgliedshäuser dabei, Qualität, Wirtschaftlichkeit und Transparenz weiterzuentwickeln. Gemeinsam Daten besser nutzbar machen Für unseren Bereich Data Science und Softwareprodukt…",50.940164,https://www.adzuna.de/land/ad/5888310294?se=YNBgjtHA8RGVdogLJ2Or7Q&utm_medium=api&utm_source=a4bcf954&v=3B8271A64BB7716090073D68D7C1D6576184E8D9,6.969972,eyJhbGciOiJIUzI1NiJ9.eyJzIjoiWU5CZ2p0SEE4UkdWZG9nTEoyT3I3USIsImkiOiI1ODg4MzEwMjk0In0.BScBGJgc-CClYIUlwdo0epoyUal2iJAWqWNS6J9RUnc,5888310294,"{'area': ['Deutschland', 'Nordrhein-Westfalen', 'Köln'], '__CLASS__': 'Adzuna::API::Response::Location', 'display_name': 'Köln, Nordrhein-Westfalen'}",Projektleitung Data Science im Gesundheitswesen (m/w/d),Adzuna::API::Response::Job,0,2026-09-18T01:32:53Z,,,,
"{'label': 'Sonstige/Allgemeine Stellen', '__CLASS__': 'Adzuna::API::Response::Category', 'tag': 'other-general-jobs'}","{'__CLASS__': 'Adzuna::API::Response::Company', 'display_name': 'S-Kreditpartner GmbH'}",S-Kreditpartner – unser Name ist Programm. Und der macht auf den ersten Blick deutlich: Wir gehören zur Familie der Sparkassen. Als spezialisierter Verbundpartner bündeln wir die Aktivitäten für die Auto- und Konsumenten­finanzierung. Gemein­sam mit unseren Vertriebs­partnern wollen wir die Position der Sparkassen-Finanz­gruppe in diesen Geschäftsfeldern stärken. Als Referent (m/w/d) Data Scientist gestaltest Du die Banksteuerung aktiv mit und machst aus komplexen Daten klare Entscheidungs­grun…,52.507706,https://www.adzuna.de/land/ad/5905659400?se=YNBgjtHA8RGVdogLJ2Or7Q&utm_medium=api&utm_source=a4bcf954&v=B0FA20B274B68BFB21B8793DF3F67589D2B6A9B4,13.420806,eyJhbGciOiJIUzI1NiJ9.eyJpIjoiNTkwNTY1OTQwMCIsInMiOiJZTkJnanRIQThSR1Zkb2dMSjJPcjdRIn0.zdBEXh9iBF_ChMu6vFGp5PXYFO0shhEBI7x1s2vvgxc,5905659400,"{'display_name': 'Berlin, Deutschland', 'area': ['Deutschland', 'Berlin'], '__CLASS__': 'Adzuna::API::Response::Location'}",Referent Data Science & Reporting (m/w/d),Adzuna::API::Response::Job,0,2026-10-01T15:06:19Z,,,,
"{'label': 'Technikerstellen', 'tag': 'engineering-jobs', '__CLASS__': 'Adzuna::API::Response::Category'}","{'__CLASS__': 'Adzuna::API::Response::Company', 'display_name': 'Bosch Gruppe'}","Möchten Sie Ihre Ideen in nutzbringende und sinnvolle Technologien verwandeln? Ob im Bereich Mobility Solutions, Consumer Goods, Industrial Technology oder Energy and Building Technology - mit uns verbessern Sie die Lebensqualität der Menschen auf der ganzen Welt. Willkommen bei Bosch. Die Robert Bosch Semiconductor Manufacturing Dresden GmbH freut sich auf Ihre Bewerbung! Anstellungsart: Unbefristet Arbeitszeit: Vollzeit Arbeitsort: Dresden Aufgaben Als Ingenieur/Ingenieurin Advanced Process C…",51.052725,https://www.adzuna.de/land/ad/5896408592?se=YNBgjtHA8RGVdogLJ2Or7Q&utm_medium=api&utm_source=a4bcf954&v=62772F87049FFBAF548885411201D50954B36D02,13.756452,eyJhbGciOiJIUzI1NiJ9.eyJpIjoiNTg5NjQwODU5MiIsInMiOiJZTkJnanRIQThSR1Zkb2dMSjJPcjdRIn0.mqyGKaxFaQjAW0KbhYQwOGfWAwGV5CqZPDTBYleDYMQ,5896408592,"{'area': ['Deutschland', 'Sachsen', 'Dresden'], '__CLASS__': 'Adzuna::API::Response::Location', 'display_name': 'Dresden, Sachsen'}",Ingenieur Advanced Process Control (FDC) (w/m/div.),Adzuna::API::Response::Job,0,2026-09-24T08:06:06Z,,,,
"{'label': 'Unknown', 'tag': 'unknown', '__CLASS__': 'Adzuna::API::Response::Category'}","{'display_name': 'Versandhaus Walz GmbH', '__CLASS__': 'Adzuna::API::Response::Company'}","Weiterdenken, gestalten und gemeinsam wachsen – willkommen bei der Walz-Familie! Als eines der führenden Multi-Channel-Unternehmen Europas verbindet das Versandhaus Walz mit seinen Marken baby-walz , Die moderne Hausfrau , walzvital und babymarkt erfolgreich Tradition mit Innovation. Kurze Entscheidungswege, echte Teamarbeit und die Möglichkeit, Ideen aktiv voranzubringen zeichnen das Unternehmen aus. Wir glauben an Menschen, die Verantwortung übernehmen und mit uns die Zukunft des Versandhande…",47.9214,https://www.adzuna.de/land/ad/5890991984?se=YNBgjtHA8RGVdogLJ2Or7Q&utm_medium=api&utm_source=a4bcf954&v=957C9F8D115BE668EAFCE8CF0546F211CA7A09F4,9.752,eyJhbGciOiJIUzI1NiJ9.eyJpIjoiNTg5MDk5MTk4NCIsInMiOiJZTkJnanRIQThSR1Zkb2dMSjJPcjdRIn0.3i-t1tzHfR_1CDC5sDU0tIRsDFz-2b7J0ga14rn7UNQ,5890991984,"{'__CLASS__': 'Adzuna::API::Response::Location', 'area': ['Deutschland', 'Baden-Württemberg', 'Ravensburg (Kreis)', 'Bad Waldsee'], 'display_name': 'Bad Waldsee, Ravensburg (Kreis)'}",Duales Studium (B.Sc.) Date Science & Künstliche Intelligenz (m/w/d) für 2027,Adzuna::API::Response::Job,0,2026-09-19T23:03:55Z,,,,
"{'tag': 'consultancy-jobs', '__CLASS__': 'Adzuna::API::Response::Category', 'label': 'Beraterstellen'}","{'display_name': 'ADI Solutions GmbH', '__CLASS__': 'Adzuna::API::Response::Company'}","Die ADI Solutions GmbH steht für moderne Softwareentwicklung – international ausgerichtet. An unseren Standorten in Osnabrück und Venlo sowie gemeinsam mit internationalen Kollegen entwickeln rund 50 Mitarbeitende Lösungen, die weltweit im Einsatz sind – bei über 100 Kunden in mehr als 25 Ländern. Was uns antreibt, ist die Verbindung von Menschen, Ideen und Technologien. Ob ERP mit Microsoft Dynamics 365 Business Central, Business Intelligence, Power Platform, Web-Apps oder KI – wir schaffen Lö…",52.274227,https://www.adzuna.de/land/ad/5813842154?se=YNBgjtHA8RGVdogLJ2Or7Q&utm_medium=api&utm_source=a4bcf954&v=150DEB8C82E2383AC553AEC26E7D401A3CFA64C7,8.055137,eyJhbGciOiJIUzI1NiJ9.eyJzIjoiWU5CZ2p0SEE4UkdWZG9nTEoyT3I3USIsImkiOiI1ODEzODQyMTU0In0.KE5Rhqq59GO2mN2KH-T-iRwmatAnUt3jrByP_4yo7sg,5813842154,"{'__CLASS__': 'Adzuna::API::Response::Location', 'area': ['Deutschland', 'Niedersachsen', 'Osnabrück (Kreis)', 'Osnabrück'], 'display_name': 'Osnabrück, Osnabrück (Kreis)'}",Teamlead Artificial Intelligence - MLOps / Machine Learning (m/w/d),Adzuna::API::Response::Job,0,2026-07-24T15:02:55Z,,,,
"{'label': 'Unknown', 'tag': 'unknown', '__CLASS__': 'Adzuna::API::Response::Category'}","{'display_name': 'Universitätsklinikum Carl Gustav Carus Dresden', '__CLASS__': 'Adzuna::API::Response::Company'}","Aufgaben Profil Wir bieten The Faculty of Medicine at the Dresden University of Technology, one of the 11 German Universities of Excellence, is strengthening translational research and career perspectives for researching physicians with its Advanced Clinician Scientist Program “CAMINO - Career Advancements in Multidimensional Tumor Targeting”, funded by the BMFTR. The program offers a long-term research perspective for expert physicians in the fields of CAMINO pipelines: Immunity and Inflammati…",51.052725,https://www.adzuna.de/land/ad/5904658776?se=YNBgjtHA8RGVdogLJ2Or7Q&utm_medium=api&utm_source=a4bcf954&v=9EA4588F5338BACDE71AA1CFBADD50B242B3F212,13.756452,eyJhbGciOiJIUzI1NiJ9.eyJzIjoiWU5CZ2p0SEE4UkdWZG9nTEoyT3I3USIsImkiOiI1OTA0NjU4Nzc2In0.19KKCYWgbyORZLGWM846MyaCURfj7sifO9LWJ63ax7c,5904658776,"{'area': ['Deutschland', 'Sachsen', 'Dresden'], '__CLASS__': 'Adzuna::API::Response::Location', 'display_name': 'Dresden, Sachsen'}",Advanced Clinician Scientist (m/f/d),Adzuna::API::Response::Job,0,2026-10-01T05:44:00Z,,,,
"{'tag': 'unknown', '__CLASS__': 'Adzuna::API::Response::Category', 'label': 'Unknown'}","{'display_name': 'TKMS GmbH', '__CLASS__': 'Adzuna::API::Response::Company'}","TKMS steht für herausragende Ingenieurskunst und Innovationskraft im Überwasser- und Unterwasserschiffbau. Seit mehr als 185 Jahren. Als starker Partner, dem die NATO vertraut, bauen wir 70 Prozent ihrer U-Boot-Flotte und tragen so zu Frieden und Sicherheit bei. Weltweit. Bereit mit den Besten und als Teil eines Teams aus mehr als 9.700 Kolleginnen und Kollegen, zu arbeiten? Als wachsendes Marineunternehmen bieten wir zukunftssichere Entwicklungsmöglichkeiten in einem internationalen, diversen …",54.319658,https://www.adzuna.de/land/ad/5890245066?se=YNBgjtHA8RGVdogLJ2Or7Q&utm_medium=api&utm_source=a4bcf954&v=39136D2434CD8F3B58A12E22FFAE451E8A751750,10.137982,eyJhbGciOiJIUzI1NiJ9.eyJpIjoiNTg5MDI0NTA2NiIsInMiOiJZTkJnanRIQThSR1Zkb2dMSjJPcjdRIn0.75EdbKX9cFzN2De6dTX2gw9oz4tEJMaltmGnwMOVvqI,5890245066,"{'__CLASS__': 'Adzuna::API::Response::Location', 'area': ['Deutschland', 'Schleswig-Holstein', 'Kiel'], 'display_name': 'Kiel, Schleswig-Holstein'}",Projektkalkulator (m/w/d) Anlagenbau/ Schiffbau,Adzuna::API::Response::Job,0,2026-09-19T07:45:49Z,,,,
"{'label': 'Unknown', '__CLASS__': 'Adzuna::API::Response::Category', 'tag': 'unknown'}","{'__CLASS__': 'Adzuna::API::Response::Company', 'display_name': 'tesa Werk Hamburg GmbH'}","It all started with a self-adhesive tape. As an independent company, we now developself-adhesive solutions for industrial, trade, office and home applications. We assist ourend consumers in their creative everyday activities and help them to ease everyday life. In the automotive, paper, printing and electronic segments, we cooperate closely with our customers in the development of manufacturing processes and finished products. As one of the world's market leaders, our intention is to continue g…",53.557429,https://www.adzuna.de/land/ad/5892604430?se=YNBgjtHA8RGVdogLJ2Or7Q&utm_medium=api&utm_source=a4bcf954&v=B14B0B36DDE7FD442BE32E2E79790053C27BBD23,9.987297,eyJhbGciOiJIUzI1NiJ9.eyJpIjoiNTg5MjYwNDQzMCIsInMiOiJZTkJnanRIQThSR1Zkb2dMSjJPcjdRIn0.cNL9cqO3-9pxv1WKUgaLWovVrh-fXKGBTyAOT7IpBAE,5892604430,"{'area': ['Deutschland', 'Hamburg'], '__CLASS__': 'Adzuna::API::Response::Location', 'display_name': 'Hamburg, Deutschland'}",Digitalization Project Engineer (m/w/d),Adzuna::API::Response::Job,0,2026-09-21T10:41:19Z,,,,
"{'tag': 'unknown', '__CLASS__': 'Adzuna::API::Response::Category', 'label': 'Unknown'}","{'display_name': 'Atruvia AG', '__CLASS__': 'Adzuna::API::Response::Company'}","Gestalte die Zukunft mit KI – Starte dein Duales Studium im Bereich Data Science & Künstlicher Intelligenz ! Du möchtest mit smarten Lösungen die Welt der Banken-IT revolutionieren? Bei uns lernst du, wie du innovative Data-Science- und KI-Lösungen entwickelst, die unseren Kunden das Leben erleichtern. Gemeinsam gestalten wir die digitale Transformation – nach dem Motto: „Wir machen das Leben leichter mit KI.“ Deine Aufgaben: Entwickle KI-Lösungen: Du unterstützt bei der Entwicklung maßgeschnei…",49.001249,https://www.adzuna.de/land/ad/5829025894?se=YNBgjtHA8RGVdogLJ2Or7Q&utm_medium=api&utm_source=a4bcf954&v=808A945CDABFCEDC88050BB37B89FAC4E7FB66C9,8.412378,eyJhbGciOiJIUzI1NiJ9.eyJpIjoiNTgyOTAyNTg5NCIsInMiOiJZTkJnanRIQThSR1Zkb2dMSjJPcjdRIn0.GKfc9BB7dm4DMUF730prL4EkR6I1bBalsGiJhuPodeo,5829025894,"{'display_name': 'Karlsruhe, Karlsruhe (Kreis)', '__CLASS__': 'Adzuna::API::Response::Location', 'area': ['Deutschland', 'Baden-Württemberg', 'Karlsruhe (Kreis)', 'Karlsruhe']}","Duales Studium Data Science & Künstliche Intelligenz B.Sc. (m/w/d), Karlsruhe 2027",Adzuna::API::Response::Job,0,2026-08-05T13:00:36Z,,,,
"{'label': 'Unknown', '__CLASS__': 'Adzuna::API::Response::Category', 'tag': 'unknown'}","{'display_name': 'Siemens Healthineers AG', '__CLASS__': 'Adzuna::API::Response::Company'}","Duales Bachelorstudium Data Science in Technik und Wirtschaft (B.Eng.) - Erlangen/Forchheim Dein Berufsbild: Du magst Mathe und möchtest später etwas mit Daten machen? Dich faszinieren datengestützte Tools, wie ChatGPT, und du kennst deren große Chance für die Zukunft? Dann bewirb dich für das duale Studium B.Eng. Data Science in Technik und Wirtschaft und entdecke mit uns, wie wir die Welt der Medizintechnik durch datenbasierte Entscheidungen verändern können. Daten sind eines der Fundamente, …",49.577521,https://www.adzuna.de/land/ad/5829017526?se=YNBgjtHA8RGVdogLJ2Or7Q&utm_medium=api&utm_source=a4bcf954&v=AB0E949E4BF5FFCB4CB7A84A0B80B67B816993B5,10.984506,eyJhbGciOiJIUzI1NiJ9.eyJzIjoiWU5CZ2p0SEE4UkdWZG9nTEoyT3I3USIsImkiOiI1ODI5MDE3NTI2In0.iqQAwrNbNaCls9SSCEqU6e0X2_pwZ409-mV4Erdt4Y0,5829017526,"{'display_name': 'Erlangen, Bayern', 'area': ['Deutschland', 'Bayern', 'Erlangen'], '__CLASS__': 'Adzuna::API::Response::Location'}",Duales Studium: Data Science in Technik und Wirtschaft (B.Eng.) (w/m/d) - Erlangen/Forchheim,Adzuna::API::Response::Job,0,2026-08-05T12:58:56Z,,,,
"{'label': 'Stellen aus PR, Werbung & Marketing', 'tag': 'pr-advertising-marketing-jobs', '__CLASS__': 'Adzuna::API::Response::Category'}","{'__CLASS__': 'Adzuna::API::Response::Company', 'display_name': 'Endress+Hauser SE+Co. KG'}","Bei EndressHauser geschieht Fortschritt durch Zusammenarbeit. Als weltweit führender Anbieter von Messgeräten gestalten unsere rund 18.000 Mitarbeitenden die Zukunft im Bereich der Prozessautomatisierung. Ob bei der Innovation und Umsetzung neuer Technologien im Team, der Zusammenarbeit in der Entwicklung neuer Geräte oder der Stärkung wichtiger Beziehungen zu verschiedenen globalen Industrien: Unsere Arbeit basiert darauf, vertrauensvolle Beziehungen aufzubauen, die allen zum Erfolg verhelfen.…",,https://www.adzuna.de/land/ad/5906172714?se=YNBgjtHA8RGVdogLJ2Or7Q&utm_medium=api&utm_source=a4bcf954&v=03293E105B87332CE929CA286D2091C4F6E229CF,,eyJhbGciOiJIUzI1NiJ9.eyJpIjoiNTkwNjE3MjcxNCIsInMiOiJZTkJnanRIQThSR1Zkb2dMSjJPcjdRIn0.wdZHCB4TAtdN7xyFmy6I3kqWKcO1setVi87GclwnYx8,5906172714,"{'display_name': 'Deutschland', 'area': ['Deutschland'], '__CLASS__': 'Adzuna::API::Response::Location'}",Praktikum oder Abschlussarbeit im Bereich Künstliche Intelligenz und Market Intelligence,Adzuna::API::Response::Job,0,2026-10-01T21:00:08Z,,,,
"{'label': 'Unknown', '__CLASS__': 'Adzuna::API::Response::Category', 'tag': 'unknown'}","{'__CLASS__': 'Adzuna::API::Response::Company', 'display_name': 'naturenergie'}","Bachelor of Science Studiengang Data Science und Künstliche Intelligenz (m/w/d) ab 01.10.2027 Standort: Rheinfelden, 79618, DE Veröffentlicht: 2026-09-23 Wenn Zukunft bei dir beginnt. Duales Studium Data Science und Künstliche Intelligenz 2027 (m/w/d) Energie für die Region. Zukunft für morgen. Seit 1898 machen wir bei naturenergie die Energie der Natur nutzbar. Starte bei uns in eine Ausbildung, die dich unterstützt, fördert und dir echte Perspektiven bietet - mitten in der Region. Du bist bei…",47.55924,https://www.adzuna.de/land/ad/5897330460?se=YNBgjtHA8RGVdogLJ2Or7Q&utm_medium=api&utm_source=a4bcf954&v=1180767ED4D7A75061B0E31F5583111ECF61327A,7.78433,eyJhbGciOiJIUzI1NiJ9.eyJpIjoiNTg5NzMzMDQ2MCIsInMiOiJZTkJnanRIQThSR1Zkb2dMSjJPcjdRIn0.LCkFRduKmZZTYHALX-yLKJXFMO-6LlqKvQLasDiSkC0,5897330460,"{'area': ['Deutschland', 'Baden-Württemberg', 'Lörrach (Kreis)', 'Rheinfelden (Baden)'], '__CLASS__': 'Adzuna::API::Response::Location', 'display_name': 'Rheinfelden (Baden), Lörrach (Kreis)'}",Bachelor of Science Studiengang Data Science und Künstliche Intelligenz (m/w/d) ab 01.10.2027,Adzuna::API::Response::Job,0,2026-09-24T23:01:00Z,,,,
"{'tag': 'it-jobs', '__CLASS__': 'Adzuna::API::Response::Category', 'label': 'IT-Stellen'}","{'__CLASS__': 'Adzuna::API::Response::Company', 'display_name': 'Dr. Ausbüttel GmbH & Co. KG'}","Head of Data Strategy, Analytics & Engineering : Tragen Sie dazu bei, Wunden zu heilen, Innovationen zu fördern und Wachstum zu gestalten! Schwer heilende Wunden sind eine enorme Belastung für Patienten, Angehörige und Behandelnde. Machen Sie durch Ihr gestalterisches Mitwirken einen signifikanten Unterschied. Wir entwickeln Produkte und Services, um Wunden bezahlbar zu heilen. Als wachsendes, zukunftsorientiertes inhabergeführtes Familienunternehmen investieren und arbeiten wir mit langfristig…",51.504967,https://www.adzuna.de/land/ad/5895932936?se=YNBgjtHA8RGVdogLJ2Or7Q&utm_medium=api&utm_source=a4bcf954&v=619B7FEA122D7573256DF02125EB78FEEC6D5589,7.464954,eyJhbGciOiJIUzI1NiJ9.eyJpIjoiNTg5NTkzMjkzNiIsInMiOiJZTkJnanRIQThSR1Zkb2dMSjJPcjdRIn0.yLD-ZJAfxvn8iGCvMODInbMlaLuGW9LjlsLvNn2p0no,5895932936,"{'__CLASS__': 'Adzuna::API::Response::Location', 'area': ['Deutschland', 'Nordrhein-Westfalen', 'Dortmund'], 'display_name': 'Dortmund, Nordrhein-Westfalen'}","Head of Data Strategy, Analytics & Engineering (m/w/d)",Adzuna::API::Response::Job,0,2026-09-24T02:59:29Z,,,,
"{'label': 'Beraterstellen', 'tag': 'consultancy-jobs', '__CLASS__': 'Adzuna::API::Response::Category'}","{'display_name': 'Schwarz Corporate Solutions', '__CLASS__': 'Adzuna::API::Response::Company'}","Dein (Master)Studium in Energiewirtschaft, Data Science, Wirtschaftsingenieurwesen oder einem vergleichbaren Studiengang ist deine Basis – dein Wissensdurst ist dein Antrieb! Du kennst die Energiewelt und fühlst dich im Bilanzkreis-Management oder im Energiehandel zu Hause. Du weißt, wie wichtig präzise Verbrauchsprognosen für den Markterfolg sind. Du liebst es, tief in große Datenmengen einzutauchen, Strukturen in Datenbanken zu erkennen und daraus wertvolle Schlüsse für den energiewirtschaftl…",49.18975,https://www.adzuna.de/land/ad/5878842145?se=YNBgjtHA8RGVdogLJ2Or7Q&utm_medium=api&utm_source=a4bcf954&v=CAC4BD51ED98403D09A5CDCE85E0362F5C64A074,9.2274,eyJhbGciOiJIUzI1NiJ9.eyJpIjoiNTg3ODg0MjE0NSIsInMiOiJZTkJnanRIQThSR1Zkb2dMSjJPcjdRIn0.IKDl-7t31cxKHK5_9J5leKaKRSFN4bddLGhjsi55VVM,5878842145,"{'display_name': 'Neckarsulm, Heilbronn (Kreis)', 'area': ['Deutschland', 'Baden-Württemberg', 'Heilbronn (Kreis)', 'Neckarsulm'], '__CLASS__': 'Adzuna::API::Response::Location'}",Projektleiter Energiemarktprognosen (m/w/d),Adzuna::API::Response::Job,0,2026-09-10T22:24:30Z,,,,
"{'__CLASS__': 'Adzuna::API::Response::Category', 'tag': 'unknown', 'label': 'Unknown'}","{'display_name': 'HENSOLDT', '__CLASS__': 'Adzuna::API::Response::Company'}","HENSOLDT ist ein führendes europäisches Hightech-Unternehmen der Verteidigungs- und Sicherheitsindustrie mit Sitz in Taufkirchen bei München. Das Unternehmen entwickelt Sensorlösungen, Elektronik und Software für die Bereiche Luft, Land, See, Cyber und Weltraum und unterstützt Streitkräfte weltweit dabei, Bedrohungen frühzeitig zu erkennen und fundierte operative Entscheidungen zu treffen. Aufbauend auf jahrzehntelanger Erfahrung in missionskritischer Sensorik verbindet HENSOLDT Radar-, Optroni…",48.17776,https://www.adzuna.de/land/ad/5883421903?se=YNBgjtHA8RGVdogLJ2Or7Q&utm_medium=api&utm_source=a4bcf954&v=7E1364415AA7FE159A3F465D5F22600C2CD961F0,11.25536,eyJhbGciOiJIUzI1NiJ9.eyJpIjoiNTg4MzQyMTkwMyIsInMiOiJZTkJnanRIQThSR1Zkb2dMSjJPcjdRIn0.tSut0hjoM_Q2NFSHIScm6HqrQNjhlgo5N4Pu6clwNOk,5883421903,"{'area': ['Deutschland', 'Bayern', 'Fürstenfeldbruck (Kreis)', 'Fürstenfeldbruck'], '__CLASS__': 'Adzuna::API::Response::Location', 'display_name': 'Fürstenfeldbruck, Fürstenfeldbruck (Kreis)'}","Duales Studium: ""Informatik"" (w/m/d), Fürstenfeldbruck, Start 2027",Adzuna::API::Response::Job,0,2026-09-14T10:34:10Z,,,,
"{'label': 'Beraterstellen', 'tag': 'consultancy-jobs', '__CLASS__': 'Adzuna::API::Response::Category'}","{'display_name': 'Drees & Sommer SE', '__CLASS__': 'Adzuna::API::Response::Company'}","Wir stehen jeden Morgen dafür auf, eine lebenswerte Zukunft für nachfolgende Generationen zu schaffen. Je nach Projekt sind wir Berater, Umsetzer – oder beides – nachhaltiger, innovativer und wirtschaftlicher Lösungen für Immobilien, Industrie, Energie und Infrastruktur. In interdisziplinären Teams unterstützen unsere über 6.500 Mitarbeitenden an mehr als 80 Standorten weltweit unsere Kunden. Wir denken visionär und realistisch. Wir arbeiten eigenständig und im Team. Mit Leidenschaft und modern…",48.776198,https://www.adzuna.de/land/ad/5912011866?se=YNBgjtHA8RGVdogLJ2Or7Q&utm_medium=api&utm_source=a4bcf954&v=7AA44F3DA039A770A8656F1F5FE5C4B6F3249EE4,9.187224,eyJhbGciOiJIUzI1NiJ9.eyJzIjoiWU5CZ2p0SEE4UkdWZG9nTEoyT3I3USIsImkiOiI1OTEyMDExODY2In0.0trsGGAakubxyegX5oS-qvUK4cyHS77ahOzX_VMGLxg,5912011866,"{'display_name': 'Stuttgart, Baden-Württemberg', '__CLASS__': 'Adzuna::API::Response::Location', 'area': ['Deutschland', 'Baden-Württemberg', 'Stuttgart']}",Berater (w/m/d) Digitales Baumanagement & Dalux,Adzuna::API::Response::Job,0,2026-10-05T03:43:13Z,,,,
"{'label': 'Stellen aus Gesundheitswesen & Pflege', 'tag': 'healthcare-nursing-jobs', '__CLASS__': 'Adzuna::API::Response::Category'}","{'display_name': 'Dr. Ausbüttel GmbH & Co. KG', '__CLASS__': 'Adzuna::API::Response::Company'}","Head of AI & Data Science: Tragen Sie dazu bei, Wunden zu heilen, Innovationen zu fördern und Wachstum zu gestalten! Schwer heilende Wunden sind eine enorme Belastung für Patienten, Angehörige und Behandelnde. Machen Sie durch Ihr gestalterisches Mitwirken einen signifikanten Unterschied. Wir entwickeln Produkte und Services, um Wunden bezahlbar zu heilen. Als wachsendes, zukunftsorientiertes inhabergeführtes Familienunternehmen investieren und arbeiten wir mit langfristiger Perspektive statt m…",,https://www.adzuna.de/details/5848402113?utm_medium=api&utm_source=a4bcf954,,eyJhbGciOiJIUzI1NiJ9.eyJzIjoiWU5CZ2p0SEE4UkdWZG9nTEoyT3I3USIsImkiOiI1ODQ4NDAyMTEzIn0.XS3s1lL41PL4uNKKHjWC4ZDO_TQnG0ozrTJDoK10K8g,5848402113,"{'__CLASS__': 'Adzuna::API::Response::Location', 'area': ['Deutschland'], 'display_name': 'Deutschland'}",Head of AI & Data Science (m/w/d),Adzuna::API::Response::Job,0,2026-08-19T17:29:11Z,,,,
"{'__CLASS__': 'Adzuna::API::Response::Category', 'tag': 'unknown', 'label': 'Unknown'}","{'__CLASS__': 'Adzuna::API::Response::Company', 'display_name': 'ALTEN GmbH'}","Wir sind die Gestalter von heute für die Welt von morgen. Als einer der weltweit führenden Entwicklungsdienstleister setzen wir uns bei ALTEN dafür ein, die Zukunft unserer Partnerunternehmen, die Karrieren unserer Mitarbeiter und Mitarbeiterinnen sowie die Herausforderungen für unsere Gesellschaft und Umwelt positiv zu gestalten. Knapp 60.000 Angestellte in 30 Ländern arbeiten schon heute an innovativen Lösungen in verschiedenen Ingenieur- und IT-Branchen wie Luft- und Raumfahrt, erneuerbare E…",48.71945,https://www.adzuna.de/land/ad/5901423798?se=YNBgjtHA8RGVdogLJ2Or7Q&utm_medium=api&utm_source=a4bcf954&v=C5746162C54D2D24B3A573B6DD8C0CDA3150AB70,10.77687,eyJhbGciOiJIUzI1NiJ9.eyJzIjoiWU5CZ2p0SEE4UkdWZG9nTEoyT3I3USIsImkiOiI1OTAxNDIzNzk4In0.7n7mC0aW64KQC5iRaxdLNJIDwLccyJyk1nNhIIDpMFY,5901423798,"{'area': ['Deutschland', 'Bayern', 'Donau-Ries (Kreis)', 'Donauwörth'], '__CLASS__': 'Adzuna::API::Response::Location', 'display_name': 'Donauwörth, Donau-Ries (Kreis)'}",Entwickler Skywise & Datenvisualisierung (all gender),Adzuna::API::Response::Job,0,2026-09-28T11:04:27Z,,,,
"{'tag': 'unknown', '__CLASS__': 'Adzuna::API::Response::Category', 'label': 'Unknown'}","{'display_name': 'Mercedes-Benz AG', '__CLASS__': 'Adzuna::API::Response::Company'}","Life is always about becoming… Im Leben geht es darum, sich auf eine Reise zu begeben, um die beste Version unseres zukünftigen Selbst zu werden. Während wir Neues entdecken, stellen wir uns Herausforderungen, meistern sie und wachsen über uns hinaus. Bewerben Sie sich bei Mercedes-Benz und finden Sie den Aufgabenbereich, in dem Sie Ihre Talente individuell entfalten können. Dabei werden Sie von visionären Kolleginnen und Kollegen unterstützt, die Ihren Pioniergeist teilen. Bei uns einzusteigen…",48.720071,https://www.adzuna.de/land/ad/5911765391?se=YNBgjtHA8RGVdogLJ2Or7Q&utm_medium=api&utm_source=a4bcf954&v=D55C9AD04F6735583CAD79368079C5F8C6DE5044,9.026231,eyJhbGciOiJIUzI1NiJ9.eyJzIjoiWU5CZ2p0SEE4UkdWZG9nTEoyT3I3USIsImkiOiI1OTExNzY1MzkxIn0.8KXKw9SEAGarp03HY3VJ687RozindnSi5kVt0vfEy0M,5911765391,"{'display_name': 'Sindelfingen, Böblingen (Kreis)', '__CLASS__': 'Adzuna::API::Response::Location', 'area': ['Deutschland', 'Baden-Württemberg', 'Böblingen (Kreis)', 'Sindelfingen']}",Praktikant*in HV-Simulation in BEVs,Adzuna::API::Response::Job,0,2026-10-04T20:04:25Z,,,,
"{'label': 'Beraterstellen', 'tag': 'consultancy-jobs', '__CLASS__': 'Adzuna::API::Response::Category'}","{'__CLASS__': 'Adzuna::API::Response::Company', 'display_name': 'ING Deutschland'}","Die ING ist mit rund 10 Millionen Kund*innen die drittgrößte Privatkundenbank in Deutschland. Wer bei der ING arbeitet, macht nicht einfach einen Job. Arbeiten bei uns ist die Chance, Erfolg zu gestalten. Wie das gelingt? Indem wir jeden Tag Verantwortung übernehmen, gemeinsam ambitionierte Ziele verfolgen und dabei auch die kleinen Beiträge wertschätzen. Wir öffnen Dir die Türen, um erfolgreich zu sein – und Du gehst durch. Senior AI Business Partner (w/m/d) am Standort Frankfurt AI ist für Di…",50.129683,https://www.adzuna.de/land/ad/5896551266?se=YNBgjtHA8RGVdogLJ2Or7Q&utm_medium=api&utm_source=a4bcf954&v=11C28E31934E4D20336AB2FF19C65496014107E1,8.650578,eyJhbGciOiJIUzI1NiJ9.eyJzIjoiWU5CZ2p0SEE4UkdWZG9nTEoyT3I3USIsImkiOiI1ODk2NTUxMjY2In0.kGFYXJwW-e2eWX07jKsEvtB4DhtTWDD26wkyFt3Bo6M,5896551266,"{'display_name': 'Frankfurt am Main, Hessen', '__CLASS__': 'Adzuna::API::Response::Location', 'area': ['Deutschland', 'Hessen', 'Frankfurt am Main']}",Senior AI Business Partner (w/m/d),Adzuna::API::Response::Job,0,2026-09-24T10:50:18Z,,,,
"{'label': 'Stellen für Hochschulabsolventen', '__CLASS__': 'Adzuna::API::Response::Category', 'tag': 'graduate-jobs'}","{'display_name': 'CHECK24', '__CLASS__': 'Adzuna::API::Response::Company'}","CHECK24 ist das Vergleichsportal: Wir sind Marktführer und dynamisches Startup in einem. In agilen Teams treffen wir schnelle Entscheidungen und leben flache Hierarchien. Durch den gezielten Einsatz modernster Tools und Technologien sowie State-of-the-Art-Methoden der KI treiben wir datengetriebene Innovationen voran - immer mit Blick auf den Mehrwert für unsere Kunden. So arbeiten wir täglich in mehr als 50 Produkten daran, die User Experience unserer über 20 Millionen Kunden kontinuierlich zu…",48.357096,https://www.adzuna.de/land/ad/5885238095?se=YNBgjtHA8RGVdogLJ2Or7Q&utm_medium=api&utm_source=a4bcf954&v=EE885EDC49A927FC9F11C4746ECF35418D77B85E,10.89379,eyJhbGciOiJIUzI1NiJ9.eyJzIjoiWU5CZ2p0SEE4UkdWZG9nTEoyT3I3USIsImkiOiI1ODg1MjM4MDk1In0.zXF9nipvlGdxt_8kQkEdNMx6xEsLoVBSlgokp6bAVxI,5885238095,"{'display_name': 'Augsburg, Augsburg (Kreis)', 'area': ['Deutschland', 'Bayern', 'Augsburg (Kreis)', 'Augsburg'], '__CLASS__': 'Adzuna::API::Response::Location'}",Werkstudent (m/w/d) technisches Produktmanagement & Data Science Camper,Adzuna::API::Response::Job,0,2026-09-16T01:29:54Z,,,,
"{'label': 'Sonstige/Allgemeine Stellen', '__CLASS__': 'Adzuna::API::Response::Category', 'tag': 'other-general-jobs'}","{'__CLASS__': 'Adzuna::API::Response::Company', 'display_name': 'GRIMME Landmaschinenfabrik SE & Co. KG'}","Das Familienunternehmen GRIMME ist seit 1861 im Dienste der Landwirtschaft tätig und steht für führende Technologien in der Kartoffel-, Rüben- und Gemüsetechnik. 3.100 Mitarbeiter tragen dazu bei, dass unsere Produkte die Kunden in über 120 Ländern der Welt begeistern. Raum für Kreativität, kurze Entscheidungswege, Teamgeist und Vertrauen sind die Erfolgsfaktoren, die uns zu einem weltweit führenden Hersteller machen. Praktikum im Bereich Computer Vision (m/w/d) Damme | Vollzeit | Technische En…",52.52141,https://www.adzuna.de/land/ad/5911182028?se=YNBgjtHA8RGVdogLJ2Or7Q&utm_medium=api&utm_source=a4bcf954&v=484B3DC3AC2301DCA5CC865EA0B9345F8557E871,8.19736,eyJhbGciOiJIUzI1NiJ9.eyJpIjoiNTkxMTE4MjAyOCIsInMiOiJZTkJnanRIQThSR1Zkb2dMSjJPcjdRIn0.B7s3KFv7nRvf_XErWqegbT1j4SYFTbEOrJxXTI_ZpIs,5911182028,"{'display_name': 'Damme, Vechta (Kreis)', 'area': ['Deutschland', 'Niedersachsen', 'Vechta (Kreis)', 'Damme'], '__CLASS__': 'Adzuna::API::Response::Location'}",Praktikum im Bereich Computer Vision (m/w/d),Adzuna::API::Response::Job,0,2026-10-04T08:03:50Z,,,,
"{'__CLASS__': 'Adzuna::API::Response::Category', 'tag': 'graduate-jobs', 'label': 'Stellen für Hochschulabsolventen'}","{'__CLASS__': 'Adzuna::API::Response::Company', 'display_name': 'Mercedes-Benz Tech Innovation'}","Life is always about becoming… Im Leben geht es darum, sich auf eine Reise zu begeben, um die beste Version unseres zukünftigen Selbst zu werden. Während wir Neues entdecken, stellen wir uns Herausforderungen, meistern sie und wachsen über uns hinaus. Bewerben Sie sich bei Mercedes-Benz und finden Sie den Aufgabenbereich, in dem Sie Ihre Talente individuell entfalten können. Dabei werden Sie von visionären Kolleginnen und Kollegen unterstützt, die Ihren Pioniergeist teilen. Bei uns einzusteigen…",,https://www.adzuna.de/land/ad/5810562577?se=YNBgjtHA8RGVdogLJ2Or7Q&utm_medium=api&utm_source=a4bcf954&v=23ADBABEF25756707DB87654939ED2BE84091293,,eyJhbGciOiJIUzI1NiJ9.eyJzIjoiWU5CZ2p0SEE4UkdWZG9nTEoyT3I3USIsImkiOiI1ODEwNTYyNTc3In0.wnp5tmCvGUC2BIr8iuEX6TtCl1yiDEvXc7OCebh2m_E,5810562577,"{'area': ['Deutschland'], '__CLASS__': 'Adzuna::API::Response::Location', 'display_name': 'Deutschland'}",Duales Studium Wirtschaftsinformatik Schwerpunkt Data Science / Künstliche Intelligenz in Kooperation mit der Dualen Hochschule Baden-Württemberg 2027 (m/w/d/x),Adzuna::API::Response::Job,0,2026-07-22T10:29:16Z,,,,
"{'tag': 'unknown', '__CLASS__': 'Adzuna::API::Response::Category', 'label': 'Unknown'}","{'display_name': 'Josef Witt GmbH', '__CLASS__': 'Adzuna::API::Response::Company'}","Duales Studium Künstliche Intelligenz und Data Science KI und Data Science sind längst Teil unseres Alltags. Ob du per Sprachbefehl nach Produkten suchst, auf Streaming-Plattformen personalisierte Empfehlungen erhältst oder in einem Onlineshop mit einem Chatbot schreibst – hinter all dem steckt Künstliche Intelligenz, maschinelles Lernen und intelligente Datenverarbeitung. Dich begeistert die Kombination aus modernster Technologie und der Möglichkeit, mit Daten innovative Lösungen zu entwickeln…",49.67856,https://www.adzuna.de/land/ad/5883998410?se=YNBgjtHA8RGVdogLJ2Or7Q&utm_medium=api&utm_source=a4bcf954&v=FAB21CB4ECF1AE380949BFB2688F2A071E11AD60,12.16665,eyJhbGciOiJIUzI1NiJ9.eyJpIjoiNTg4Mzk5ODQxMCIsInMiOiJZTkJnanRIQThSR1Zkb2dMSjJPcjdRIn0.4qC-O6OBd0iu8XB3MPp_9XZa17auY0_ny_AQBZ85POc,5883998410,"{'__CLASS__': 'Adzuna::API::Response::Location', 'area': ['Deutschland', 'Bayern', 'Weiden in der Oberpfalz (Kreis)', 'Weiden in der Oberpfalz'], 'display_name': 'Weiden in der Oberpfalz, Weiden in der Oberpfalz (Kreis)'}",Duales Studium zum Bachelor of Science (B.Sc.) (m/w/d) Künstliche Intelligenz und Data Science,Adzuna::API::Response::Job,0,2026-09-15T01:50:05Z,,,,
"{'label': 'Unknown', '__CLASS__': 'Adzuna::API::Response::Category', 'tag': 'unknown'}","{'__CLASS__': 'Adzuna::API::Response::Company', 'display_name': 'DATEV eG'}","Das ist dein Arbeitsumfeld: Bei DATEV arbeitest du nicht nur in einem Team, sondern bist von Anfang an Teil einer Gemeinschaft, die rund 200 Auszubildende und dual Studierende umfasst. Du bist in verschiedene Aufgaben eingebunden, die sowohl herausfordernd als auch abwechslungsreich sind. Gemeinsam sorgen wir für exzellente Kundenberatung und langfristige Geschäftsbeziehungen. Du arbeitest in einem dynamischen und innovativen Umfeld, das neuen Ideen und Weiterentwicklungen stets offen gegenüber…",49.443967,https://www.adzuna.de/land/ad/5829016735?se=zBCBj9HA8RGG747TTDN8rQ&utm_medium=api&utm_source=a4bcf954&v=1C3763BA56DBE2D56F6E323FF68A2334490E9F85,11.083642,eyJhbGciOiJIUzI1NiJ9.eyJpIjoiNTgyOTAxNjczNSIsInMiOiJ6QkNCajlIQThSR0c3NDdUVEROOHJRIn0.aGBCHY7x3qBzxPkqWMFJKX7lRy5OvVWgwbPvYQe-a30,5829016735,"{'display_name': 'Nürnberg, Bayern', '__CLASS__': 'Adzuna::API::Response::Location', 'area': ['Deutschland', 'Bayern', 'Nürnberg']}","Duales Studium Bachelor of Science in Data Science und Künstlicher Intelligenz (m/w/d), ab 09/2027",Adzuna::API::Response::Job,0,2026-08-05T12:58:48Z,,,,
"{'label': 'Unknown', '__CLASS__': 'Adzuna::API::Response::Category', 'tag': 'unknown'}","{'display_name': 'S-Kreditpartner GmbH', '__CLASS__': 'Adzuna::API::Response::Company'}","S-Kreditpartner – unser Name ist unser Versprechen. Er zeigt unsere Zugehörigkeit zur Sparkassen-Familie. Als spezialisierter Motor der Innovation bündeln wir unsere Expertise in der Auto- und Konsumentenfinanzierung. Gemeinsam mit unseren Vertriebspartnern stärken wir die Sparkassen-Finanzgruppe mit frischem Denken und entschlossenem Handeln in diesen Geschäftsfeldern. Du möchtest Dein Studium durch eine spannende Werkstudententätigkeit ergänzen, bei der Du sowohl fachlich als auch persönlich …",52.507706,https://www.adzuna.de/land/ad/5878809010?se=zBCBj9HA8RGG747TTDN8rQ&utm_medium=api&utm_source=a4bcf954&v=8A8B69483E0712F8F0DFC9C4429A2A8DE896DAF6,13.420806,eyJhbGciOiJIUzI1NiJ9.eyJzIjoiekJDQmo5SEE4UkdHNzQ3VFRETjhyUSIsImkiOiI1ODc4ODA5MDEwIn0.6j76iB_NSaqySyAvH6sm1BO2yxeNa7aSDnE4je5lonQ,5878809010,"{'area': ['Deutschland', 'Berlin'], '__CLASS__': 'Adzuna::API::Response::Location', 'display_name': 'Berlin, Deutschland'}",Werkstudent im Risikomanagement – Schwerpunkt Modellvalidierung (m/w/d),Adzuna::API::Response::Job,0,2026-09-10T19:54:03Z,,,,
"{'__CLASS__': 'Adzuna::API::Response::Category', 'label': 'Unknown', 'tag': 'unknown'}","{'display_name': 'Almawatech GmbH', '__CLASS__': 'Adzuna::API::Response::Company'}","Sie möchten Ihre Masterarbeit mit einem praxisnahen Zukunftsthema verbinden und künstliche Intelligenz für nachhaltige Lösungen einsetzen? Dann sind Sie bei uns genau richtig. Die ALMAWATECH GmbH entwickelt und realisiert innovative Anlagen zur industriellen Wasseraufbereitung und Abwasserbehandlung. Im Rahmen Ihrer Masterarbeit beschäftigen Sie sich mit der Frage, wie KI-gestützte Berechnungsmethoden die Planung und Auslegung wasser- und abwassertechnischer Anlagen verbessern und effizienter g…",49.96366,https://www.adzuna.de/land/ad/5887353527?se=zBCBj9HA8RGG747TTDN8rQ&utm_medium=api&utm_source=a4bcf954&v=731E1738387E7F6CA1331301071C4CFE5366076F,8.9518,eyJhbGciOiJIUzI1NiJ9.eyJpIjoiNTg4NzM1MzUyNyIsInMiOiJ6QkNCajlIQThSR0c3NDdUVEROOHJRIn0.jbSnGdXacLgq046xVwLLLH38n_7Zcz5dcDRP72iBEXA,5887353527,"{'__CLASS__': 'Adzuna::API::Response::Location', 'area': ['Deutschland', 'Hessen', 'Darmstadt-Dieburg (Kreis)', 'Babenhausen'], 'display_name': 'Babenhausen, Darmstadt-Dieburg (Kreis)'}",Masterand (m/w/d) – KI-gestützte Berechnungen in der Wasser- und Abwassertechnik,Adzuna::API::Response::Job,0,2026-09-17T10:34:47Z,,,,
"{'tag': 'it-jobs', 'label': 'IT-Stellen', '__CLASS__': 'Adzuna::API::Response::Category'}","{'display_name': 'ainovi GmbH', '__CLASS__': 'Adzuna::API::Response::Company'}","ainovi ist ein progressives IT-Beratungsunternehmen für SAP, Data Science, Custom Development und digitale Produkte. Seit 2011 begleiten wir KMUs und DAX-Konzerne durch die digitale Transformation. Unsere Werte: Progressivität, Vielseitigkeit, Authentizität und Tempo. Wir setzen Ideen schnell um und entwickeln uns genauso schnell weiter. Kurze Wege statt langer Abstimmungsketten. Wir investieren aktiv in die Entwicklung und das Wohlbefinden unserer Teams. Aufgaben Planung, Modellierung und Impl…",50.14334,https://www.adzuna.de/land/ad/5911098396?se=zBCBj9HA8RGG747TTDN8rQ&utm_medium=api&utm_source=a4bcf954&v=97687AEFC6D8E4349BF09DCD22E19340E6BDC1C9,8.56908,eyJhbGciOiJIUzI1NiJ9.eyJpIjoiNTkxMTA5ODM5NiIsInMiOiJ6QkNCajlIQThSR0c3NDdUVEROOHJRIn0.zwiRyHKvQdOo04YpBTWz7TZ80-sIEJlg0tiFdLYgWuQ,5911098396,"{'__CLASS__': 'Adzuna::API::Response::Location', 'area': ['Deutschland', 'Hessen', 'Main-Taunus-Kreis', 'Eschborn'], 'display_name': 'Eschborn, Main-Taunus-Kreis'}","Senior Consultant SAP BDC, Datasphere, SAC, Planung (m/w/d)",Adzuna::API::Response::Job,0,2026-10-04T07:03:52Z,,,,
"{'label': 'Unknown', '__CLASS__': 'Adzuna::API::Response::Category', 'tag': 'unknown'}","{'__CLASS__': 'Adzuna::API::Response::Company', 'display_name': 'S-Kreditpartner GmbH'}","S-Kreditpartner – unser Name ist Programm. Und der macht auf den ersten Blick deutlich: Wir gehören zur Familie der Sparkassen. Als spezialisierter Verbundpartner bündeln wir die Aktivitäten für die Auto- und Konsumentenfinanzierung. Gemeinsam mit unseren Vertriebspartnern wollen wir die Position der Sparkassen-Finanzgruppe in diesen Geschäftsfeldern stärken. Unser Ziel ist es, diese starke Position zu festigen und weiter auszubauen – und dafür suchen wir zum nächstmöglichen Zeitpunkt einen Ref…",52.507706,https://www.adzuna.de/land/ad/5898091141?se=zBCBj9HA8RGG747TTDN8rQ&utm_medium=api&utm_source=a4bcf954&v=109FAA900AFD59CCF3E22C1FA6955B3DD2460A82,13.420806,eyJhbGciOiJIUzI1NiJ9.eyJpIjoiNTg5ODA5MTE0MSIsInMiOiJ6QkNCajlIQThSR0c3NDdUVEROOHJRIn0.PaROXk_rEzWiylC-y_SyZFp6UfH2eqI9jWwJezaDTkM,5898091141,"{'display_name': 'Berlin, Deutschland', 'area': ['Deutschland', 'Berlin'], '__CLASS__': 'Adzuna::API::Response::Location'}",Referent Banksteuerung – Risikomethoden (m/w/d),Adzuna::API::Response::Job,0,2026-09-25T11:14:52Z,,,,
"{'__CLASS__': 'Adzuna::API::Response::Category', 'label': 'Unknown', 'tag': 'unknown'}","{'display_name': 'Mercedes-Benz AG', '__CLASS__': 'Adzuna::API::Response::Company'}","Life is always about becoming… Im Leben geht es darum, sich auf eine Reise zu begeben, um die beste Version unseres zukünftigen Selbst zu werden. Während wir Neues entdecken, stellen wir uns Herausforderungen, meistern sie und wachsen über uns hinaus. Bewerben Sie sich bei Mercedes-Benz und finden Sie den Aufgabenbereich, in dem Sie Ihre Talente individuell entfalten können. Dabei werden Sie von visionären Kolleginnen und Kollegen unterstützt, die Ihren Pioniergeist teilen. Bei uns einzusteigen…",48.720071,https://www.adzuna.de/land/ad/5897223746?se=zBCBj9HA8RGG747TTDN8rQ&utm_medium=api&utm_source=a4bcf954&v=CF428CB7C91B236F60E27CABFB0E5FEE2F519832,9.026231,eyJhbGciOiJIUzI1NiJ9.eyJzIjoiekJDQmo5SEE4UkdHNzQ3VFRETjhyUSIsImkiOiI1ODk3MjIzNzQ2In0.D-A9D123o7wnfjkOLSHXYs7JMYaU72fpnNGhpbPdP0A,5897223746,"{'display_name': 'Sindelfingen, Böblingen (Kreis)', 'area': ['Deutschland', 'Baden-Württemberg', 'Böblingen (Kreis)', 'Sindelfingen'], '__CLASS__': 'Adzuna::API::Response::Location'}",Praktikant*in Product Management digitale Ladedienste,Adzuna::API::Response::Job,0,2026-09-24T20:04:52Z,,,,
"{'label': 'Beraterstellen', '__CLASS__': 'Adzuna::API::Response::Category', 'tag': 'consultancy-jobs'}","{'__CLASS__': 'Adzuna::API::Response::Company', 'display_name': 'Badenova AG & Co. KG'}",Der beste Energie- und Umweltdienstleister in Baden-Württemberg zu sein – das ist unser Anspruch. Diesen Anspruch können wir nur dank kompetenter und engagierter Mitarbeiter (m/w/d) erfüllen. Cloud Governance & Data Strategy Manager (m/w/d) Standort: Freiburg im Breisgau Arbeitsbereich: Informationsmanagement Arbeitszeit: Vollzeit Arbeitsverhältnis: Unbefristet Aufgaben Aktive Mitgestaltung der digitalen Zukunft unserer Unternehmensgruppe durch den Aufbau und die Weiterentwicklung von Governanc…,47.999458,https://www.adzuna.de/land/ad/5883421965?se=zBCBj9HA8RGG747TTDN8rQ&utm_medium=api&utm_source=a4bcf954&v=92CCC7C30D3B1E8EA63394B0B328BC559E04BDDE,7.816286,eyJhbGciOiJIUzI1NiJ9.eyJpIjoiNTg4MzQyMTk2NSIsInMiOiJ6QkNCajlIQThSR0c3NDdUVEROOHJRIn0.XQouiz2INZs5X47N8nn8s78YZt2j6ASvqXb15jLE7DE,5883421965,"{'__CLASS__': 'Adzuna::API::Response::Location', 'area': ['Deutschland', 'Baden-Württemberg', 'Freiburg im Breisgau'], 'display_name': 'Freiburg im Breisgau, Baden-Württemberg'}",Cloud Governance & Data Strategy Manager (m/w/d),Adzuna::API::Response::Job,0,2026-09-14T10:34:16Z,,,,
"{'label': 'Unknown', '__CLASS__': 'Adzuna::API::Response::Category', 'tag': 'unknown'}","{'display_name': 'Duale Hochschule Schleswig-Holstein ', '__CLASS__': 'Adzuna::API::Response::Company'}","Die Duale Hochschule Schleswig-Holstein (DHSH) bietet als staatlich anerkannte Hochschule für angewandte Wissenschaften an den Studienstandorten Kiel, Lübeck und Flensburg duale Studiengänge und praxisverbundene Forschung. Vor über 50 Jahren als Berufsakademie Schleswig-Holstein gegründet, bietet die DHSH Studierenden die Chance, von jahrzehntelanger Erfahrung im dualen Studium zu profitieren. Angeboten werden in Zusammenarbeit mit über 400 Partnerunternehmen die dualen Bachelorstudiengänge Bet…",54.319658,https://www.adzuna.de/land/ad/5824804598?se=zBCBj9HA8RGG747TTDN8rQ&utm_medium=api&utm_source=a4bcf954&v=597F413F415FA674B299D6C66E5EA2E3631D7102,10.137982,eyJhbGciOiJIUzI1NiJ9.eyJpIjoiNTgyNDgwNDU5OCIsInMiOiJ6QkNCajlIQThSR0c3NDdUVEROOHJRIn0.Jt-CR1HUIQe7QkX7Uw-JcUuCklhO_e3vDpjIqtEqa60,5824804598,"{'display_name': 'Kiel, Schleswig-Holstein', 'area': ['Deutschland', 'Schleswig-Holstein', 'Kiel'], '__CLASS__': 'Adzuna::API::Response::Location'}",Duales Studium Wirtschaftsinformatik an der DHSH in Kiel,Adzuna::API::Response::Job,0,2026-08-02T01:09:25Z,,,,
"{'label': 'IT-Stellen', '__CLASS__': 'Adzuna::API::Response::Category', 'tag': 'it-jobs'}","{'display_name': 'CHECK24', '__CLASS__': 'Adzuna::API::Response::Company'}","CHECK24 ist das Vergleichsportal: Wir sind Marktführer und dynamisches Startup in einem. In agilen Teams treffen wir schnelle Entscheidungen und leben flache Hierarchien. Durch den gezielten Einsatz modernster Tools und Technologien sowie State-of-the-Art-Methoden der KI treiben wir datengetriebene Innovationen voran - immer mit Blick auf den Mehrwert für unsere Kunden. So arbeiten wir täglich in mehr als 50 Produkten daran, die User Experience unserer über 20 Millionen Kunden kontinuierlich zu…",,https://www.adzuna.de/details/5889429977?utm_medium=api&utm_source=a4bcf954,,eyJhbGciOiJIUzI1NiJ9.eyJzIjoiekJDQmo5SEE4UkdHNzQ3VFRETjhyUSIsImkiOiI1ODg5NDI5OTc3In0.SZaNri9SGYNYeWSx7HUK-7i8ZjWcE2jUwxlAMsn8MzA,5889429977,"{'__CLASS__': 'Adzuna::API::Response::Location', 'area': ['Deutschland'], 'display_name': 'Deutschland'}",Werkstudent (m/w/d) technisches Produktmanagement & Data Science Camper,Adzuna::API::Response::Job,0,2026-09-18T16:59:57Z,,,,
"{'tag': 'unknown', '__CLASS__': 'Adzuna::API::Response::Category', 'label': 'Unknown'}","{'__CLASS__': 'Adzuna::API::Response::Company', 'display_name': 'DAK-Gesundheit'}","Im Geschäftsbereich Personalmanagement verbinden wir Finance, Controlling und Analytics, um eine datenbasierte und zukunftsorientierte Personalsteuerung zu ermöglichen. Der Fachbereich HR-Strategie und Analytics schafft Transparenz über Budgets, Kosten und Kennzahlen und liefert fundierte Entscheidungsgrundlagen für das Personalmanagement – von Haushaltsplanung und Finanzsteuerung über Forecasts und Reporting bis hin zu Datenanalysen und Handlungsempfehlungen. Der Dienstsitz dieser Stelle ist H…",53.557429,https://www.adzuna.de/land/ad/5902653814?se=zBCBj9HA8RGG747TTDN8rQ&utm_medium=api&utm_source=a4bcf954&v=D50EC881D060CC414CDD5390EAB8AC008F3BD28E,9.987297,eyJhbGciOiJIUzI1NiJ9.eyJzIjoiekJDQmo5SEE4UkdHNzQ3VFRETjhyUSIsImkiOiI1OTAyNjUzODE0In0.DOGcPypQTHnyE9len5dwMKr4UgM-zdEm3tZQCSvacrU,5902653814,"{'area': ['Deutschland', 'Hamburg'], '__CLASS__': 'Adzuna::API::Response::Location', 'display_name': 'Hamburg, Deutschland'}",Senior HR Controlling und Finance Expert (m/w/d),Adzuna::API::Response::Job,0,2026-09-29T11:03:29Z,,,,
"{'tag': 'unknown', 'label': 'Unknown', '__CLASS__': 'Adzuna::API::Response::Category'}","{'__CLASS__': 'Adzuna::API::Response::Company', 'display_name': 'Lieferando'}","Ready for a challenge? Then Just Eat Takeaway.com might be the place for you. We’re a leading global online delivery platform, and our vision is to empower everyday convenience. Whether it’s a Friday-night feast, a post-gym poke bowl, or grabbing some groceries, our tech platform connects tens of millions of customers with hundreds of thousands of restaurant, grocery and convenience partners across the globe. About this role As the Data Science Manager for Logistics Estimations, you will be the…",52.51456,https://www.adzuna.de/details/5912108854?utm_medium=api&utm_source=a4bcf954,13.49831,eyJhbGciOiJIUzI1NiJ9.eyJzIjoiekJDQmo5SEE4UkdHNzQ3VFRETjhyUSIsImkiOiI1OTEyMTA4ODU0In0.6FSNSh-LdXK315HiBjxdO6R7-CSxcPP1JiqVQNsqLKM,5912108854,"{'display_name': 'Lichtenberg, Berlin', 'area': ['Deutschland', 'Berlin', 'Lichtenberg'], '__CLASS__': 'Adzuna::API::Response::Location'}",Data Science Manager,Adzuna::API::Response::Job,0,2026-10-05T05:36:17Z,full_time,,,
"{'__CLASS__': 'Adzuna::API::Response::Category', 'label': 'Unknown', 'tag': 'unknown'}","{'__CLASS__': 'Adzuna::API::Response::Company', 'display_name': 'Just Eat'}","Ready for a challenge? Then Just Eat Takeaway.com might be the place for you. We’re a leading global online delivery platform, and our vision is to empower everyday convenience. Whether it’s a Friday-night feast, a post-gym poke bowl, or grabbing some groceries, our tech platform connects tens of millions of customers with hundreds of thousands of restaurant, grocery and convenience partners across the globe. About this role As the Data Science Manager for Logistics Estimations, you will be the…",,https://www.adzuna.de/details/5908481767?utm_medium=api&utm_source=a4bcf954,,eyJhbGciOiJIUzI1NiJ9.eyJzIjoiekJDQmo5SEE4UkdHNzQ3VFRETjhyUSIsImkiOiI1OTA4NDgxNzY3In0.GSUqRnxFK06ZhIAA-fxS3_-TQkhTe3hBl6T6TyoMEbQ,5908481767,"{'display_name': 'Deutschland', '__CLASS__': 'Adzuna::API::Response::Location', 'area': ['Deutschland']}",Data Science Manager,Adzuna::API::Response::Job,0,2026-10-02T18:52:13Z,full_time,,,
"{'label': 'Unknown', '__CLASS__': 'Adzuna::API::Response::Category', 'tag': 'unknown'}","{'__CLASS__': 'Adzuna::API::Response::Company', 'display_name': 'Lieferando'}","Ready for a challenge? Then Just Eat Takeaway.com might be the place for you. We’re a leading global online delivery platform, and our vision is to empower everyday convenience. Whether it’s a Friday-night feast, a post-gym poke bowl, or grabbing some groceries, our tech platform connects tens of millions of customers with hundreds of thousands of restaurant, grocery and convenience partners across the globe. About this role As the Data Science Manager for Logistics Estimations, you will be the…",52.511688,https://www.adzuna.de/details/5912108842?utm_medium=api&utm_source=a4bcf954,13.45065,eyJhbGciOiJIUzI1NiJ9.eyJpIjoiNTkxMjEwODg0MiIsInMiOiJ6QkNCajlIQThSR0c3NDdUVEROOHJRIn0.urUbO-dkgX5LDJFN3wHET8Bggu7g-G3AE3sQ01avoio,5912108842,"{'__CLASS__': 'Adzuna::API::Response::Location', 'area': ['Deutschland', 'Berlin', 'Friedrichshain'], 'display_name': 'Friedrichshain, Berlin'}",Data Science Manager,Adzuna::API::Response::Job,0,2026-10-05T05:36:17Z,full_time,,,
"{'__CLASS__': 'Adzuna::API::Response::Category', 'label': 'Unknown', 'tag': 'unknown'}","{'__CLASS__': 'Adzuna::API::Response::Company', 'display_name': 'Lieferando'}","Ready for a challenge? Then Just Eat Takeaway.com might be the place for you. We’re a leading global online delivery platform, and our vision is to empower everyday convenience. Whether it’s a Friday-night feast, a post-gym poke bowl, or grabbing some groceries, our tech platform connects tens of millions of customers with hundreds of thousands of restaurant, grocery and convenience partners across the globe. About this role As the Data Science Manager for Logistics Estimations, you will be the…",47.81493,https://www.adzuna.de/details/5912108859?utm_medium=api&utm_source=a4bcf954,9.59457,eyJhbGciOiJIUzI1NiJ9.eyJzIjoiekJDQmo5SEE4UkdHNzQ3VFRETjhyUSIsImkiOiI1OTEyMTA4ODU5In0.Sbd1jAMlNh0CE5zGYlNFwDqA1M-DTNBkqZ01w50DV1c,5912108859,"{'area': ['Deutschland', 'Baden-Württemberg', 'Ravensburg (Kreis)', 'Berg'], '__CLASS__': 'Adzuna::API::Response::Location', 'display_name': 'Berg, Ravensburg (Kreis)'}",Data Science Manager,Adzuna::API::Response::Job,0,2026-10-05T05:36:17Z,full_time,,,
"{'__CLASS__': 'Adzuna::API::Response::Category', 'label': 'Unknown', 'tag': 'unknown'}","{'display_name': 'Lieferando', '__CLASS__': 'Adzuna::API::Response::Company'}","Ready for a challenge? Then Just Eat Takeaway.com might be the place for you. We’re a leading global online delivery platform, and our vision is to empower everyday convenience. Whether it’s a Friday-night feast, a post-gym poke bowl, or grabbing some groceries, our tech platform connects tens of millions of customers with hundreds of thousands of restaurant, grocery and convenience partners across the globe. About this role As the Data Science Manager for Logistics Estimations, you will be the…",52.4984,https://www.adzuna.de/details/5912108846?utm_medium=api&utm_source=a4bcf954,13.396,eyJhbGciOiJIUzI1NiJ9.eyJzIjoiekJDQmo5SEE4UkdHNzQ3VFRETjhyUSIsImkiOiI1OTEyMTA4ODQ2In0.VVvLC6yqpfm_2AmcAuvahs7NigZFi1KyEhdrTZWgUYI,5912108846,"{'__CLASS__': 'Adzuna::API::Response::Location', 'area': ['Deutschland', 'Berlin', 'Kreuzberg'], 'display_name': 'Kreuzberg, Berlin'}",Data Science Manager,Adzuna::API::Response::Job,0,2026-10-05T05:36:17Z,full_time,,,
"{'__CLASS__': 'Adzuna::API::Response::Category', 'label': 'Unknown', 'tag': 'unknown'}","{'__CLASS__': 'Adzuna::API::Response::Company', 'display_name': 'Lieferando'}","Ready for a challenge? Then Just Eat Takeaway.com might be the place for you. We’re a leading global online delivery platform, and our vision is to empower everyday convenience. Whether it’s a Friday-night feast, a post-gym poke bowl, or grabbing some groceries, our tech platform connects tens of millions of customers with hundreds of thousands of restaurant, grocery and convenience partners across the globe. About this role As the Data Science Manager for Logistics Estimations, you will be the…",52.48624,https://www.adzuna.de/details/5912108857?utm_medium=api&utm_source=a4bcf954,13.47797,eyJhbGciOiJIUzI1NiJ9.eyJzIjoiekJDQmo5SEE4UkdHNzQ3VFRETjhyUSIsImkiOiI1OTEyMTA4ODU3In0.dUzIaJoINBgmP70g9MRgwSlJCnsDKvpVcNbcOV-R9OU,5912108857,"{'area': ['Deutschland', 'Berlin', 'Alt-Treptow'], '__CLASS__': 'Adzuna::API::Response::Location', 'display_name': 'Alt-Treptow, Berlin'}",Data Science Manager,Adzuna::API::Response::Job,0,2026-10-05T05:36:17Z,full_time,,,
"{'label': 'Unknown', '__CLASS__': 'Adzuna::API::Response::Category', 'tag': 'unknown'}","{'__CLASS__': 'Adzuna::API::Response::Company', 'display_name': 'Lieferando'}","Ready for a challenge? Then Just Eat Takeaway.com might be the place for you. We’re a leading global online delivery platform, and our vision is to empower everyday convenience. Whether it’s a Friday-night feast, a post-gym poke bowl, or grabbing some groceries, our tech platform connects tens of millions of customers with hundreds of thousands of restaurant, grocery and convenience partners across the globe. About this role As the Data Science Manager for Logistics Estimations, you will be the…",52.47819,https://www.adzuna.de/details/5912108856?utm_medium=api&utm_source=a4bcf954,13.38598,eyJhbGciOiJIUzI1NiJ9.eyJpIjoiNTkxMjEwODg1NiIsInMiOiJ6QkNCajlIQThSR0c3NDdUVEROOHJRIn0.lrS1eJpqVj82vL7tW9mCIuC64ACx7UcX1ITNYFwxy50,5912108856,"{'display_name': 'Tempelhof, Berlin', '__CLASS__': 'Adzuna::API::Response::Location', 'area': ['Deutschland', 'Berlin', 'Tempelhof']}",Data Science Manager,Adzuna::API::Response::Job,0,2026-10-05T05:36:17Z,full_time,,,
"{'tag': 'consultancy-jobs', '__CLASS__': 'Adzuna::API::Response::Category', 'label': 'Beraterstellen'}","{'__CLASS__': 'Adzuna::API::Response::Company', 'display_name': 'Blue Yonder'}","Overview The Data Science Consultant provides services that maximize the value of the customer’s business through data-driven insights and enhanced decision support. This role will be responsible for advising the customer and recommending software configuration alternatives and adapting the software that is configured to optimize the solution so that the customer may realize the maximum value from the software. Responsibilities: Perform data analysis to discover patterns, trends and anomalies i…",49.001249,https://www.adzuna.de/details/5805425948?utm_medium=api&utm_source=a4bcf954,8.412378,eyJhbGciOiJIUzI1NiJ9.eyJpIjoiNTgwNTQyNTk0OCIsInMiOiJ6QkNCajlIQThSR0c3NDdUVEROOHJRIn0.NW11INQJ8n0qD6eIl4GXYxVTAoJJWWlHbuBvJHdZFik,5805425948,"{'display_name': 'Karlsruhe, Karlsruhe (Kreis)', '__CLASS__': 'Adzuna::API::Response::Location', 'area': ['Deutschland', 'Baden-Württemberg', 'Karlsruhe (Kreis)', 'Karlsruhe']}",Data Science Consultant,Adzuna::API::Response::Job,0,2026-07-18T00:48:17Z,full_time,,,
"{'__CLASS__': 'Adzuna::API::Response::Category', 'label': 'Unknown', 'tag': 'unknown'}","{'__CLASS__': 'Adzuna::API::Response::Company', 'display_name': 'Krause Automation GmbH'}","Krause Automation ist ein international tätiger Geschäftsbereich der Agile Robots SE. Für seine Kunden ist das Unternehmen ein starker und zuverlässiger Partner, der ihre Wertschöpfungskette optimiert und ihre Leistungsfähigkeit steigert. Mit modernsten Technologien, innovativem Engineering sowie den neuesten Entwicklungen in den Bereichen Robotik, Software und Physical AI treiben wir die Zukunft der industriellen Automatisierung aktiv voran. Indem Sie Ihr Fachwissen und Ihre Führungserfahrung …",53.10403,https://www.adzuna.de/land/ad/5888939540?se=zBCBj9HA8RGG747TTDN8rQ&utm_medium=api&utm_source=a4bcf954&v=06DC1A8D1631B2D4107FDFA33EFEE803437B851A,8.786477,eyJhbGciOiJIUzI1NiJ9.eyJpIjoiNTg4ODkzOTU0MCIsInMiOiJ6QkNCajlIQThSR0c3NDdUVEROOHJRIn0.V9ZPjefqlYvDhYdXZx4ij2_ZtiGNpl7IUL3Zh2jNeOE,5888939540,"{'display_name': 'Bremen, Deutschland', '__CLASS__': 'Adzuna::API::Response::Location', 'area': ['Deutschland', 'Bremen']}",Head of Controls/Software (m/w/d),Adzuna::API::Response::Job,0,2026-09-18T10:36:08Z,,,,
"{'tag': 'consultancy-jobs', 'label': 'Beraterstellen', '__CLASS__': 'Adzuna::API::Response::Category'}","{'__CLASS__': 'Adzuna::API::Response::Company', 'display_name': 'Jungheinrich AG'}","Mehr mit dir – Gestalte mit uns die Zukunft der Intralogistik! Seit 1953 entwickeln wir bei Jungheinrich smarte und nachhaltige Lösungen für den weltweiten Materialfluss - von intelligenten Fahrzeugen bis hin zu vollautomatisierten Systemen. Heute sind wir über 21.000 Kolleg*innen weltweit, vereint durch die Überzeugung, dass wir gemeinsam mehr bewegen können. Global Lead AI Solution Architect - Customer Service (m/w/d) Gesellschaft JH Service & Parts Geschäftsbereich Customer Service Standort …",53.557429,https://www.adzuna.de/land/ad/5891509060?se=zBCBj9HA8RGG747TTDN8rQ&utm_medium=api&utm_source=a4bcf954&v=DF65A986DD2250FB626232DC300E7F15F296B52A,9.987297,eyJhbGciOiJIUzI1NiJ9.eyJpIjoiNTg5MTUwOTA2MCIsInMiOiJ6QkNCajlIQThSR0c3NDdUVEROOHJRIn0.hhFZ1JCVvsEsLjdhZVPOX2RLo7GMZ8gLjAdae0PnVgk,5891509060,"{'area': ['Deutschland', 'Hamburg'], '__CLASS__': 'Adzuna::API::Response::Location', 'display_name': 'Hamburg, Deutschland'}",Global Lead AI Solution Architect - Customer Service (m/w/d),Adzuna::API::Response::Job,0,2026-09-20T10:38:49Z,,,,
"{'tag': 'unknown', '__CLASS__': 'Adzuna::API::Response::Category', 'label': 'Unknown'}","{'__CLASS__': 'Adzuna::API::Response::Company', 'display_name': 'Technische Informationsbibliothek '}",Die TIB ist eine Stiftung öffentlichen Rechts des Landes Niedersachsen. Mit rund 600 Beschäftigten und einem Etat von circa 60 Millionen Euro ist sie eine der größten Informationsinfrastruktureinrichtungen in Deutschland. Als Deutsche Zentrale Fachbibliothek für Technik und Naturwissenschaften sichern wir mit unseren zukunftsweisenden Dienstleistungen die infrastrukturellen Voraussetzungen einer qualitativ hochwertigen Informations- und Literaturversorgung für Forschung in Wissenschaft und Indu…,52.378818,https://www.adzuna.de/land/ad/5903550950?se=zBCBj9HA8RGG747TTDN8rQ&utm_medium=api&utm_source=a4bcf954&v=B309E9DBC45AE3F42F6E712C5994A4E94A16BBBA,9.742751,eyJhbGciOiJIUzI1NiJ9.eyJpIjoiNTkwMzU1MDk1MCIsInMiOiJ6QkNCajlIQThSR0c3NDdUVEROOHJRIn0.hRuLXF1SOECI4XSfSxSVkRIVfc85VdWgPct02g_cMzI,5903550950,"{'display_name': 'Hannover, Region Hannover (Kreis)', 'area': ['Deutschland', 'Niedersachsen', 'Region Hannover (Kreis)', 'Hannover'], '__CLASS__': 'Adzuna::API::Response::Location'}",Referent:in für Forschung und Entwicklung (m/w/d),Adzuna::API::Response::Job,0,2026-09-30T08:09:06Z,,,,
"{'tag': 'it-jobs', 'label': 'IT-Stellen', '__CLASS__': 'Adzuna::API::Response::Category'}","{'__CLASS__': 'Adzuna::API::Response::Company', 'display_name': 'Almato AG'}","Die Almato mit Hauptsitz in Stuttgart ist der europäische Spezialist für KI-gestützte semantische Datenplattformen. Mit Bardioc, der AI-powered Semantic Data Platform, bietet Almato eine souveräne und leistungsstarke Lösung zur intelligenten Nutzung von Daten, verfügbar in verschiedenen Betriebsmodellen, darunter als Platform as a Service (PaaS). Rund 200 Mitarbeiter unterstützen Organisationen aus Wirtschaft, öffentlichem Sektor und Verteidigung gemeinsam mit führenden Partnern in den Bereiche…",49.403755,https://www.adzuna.de/land/ad/5911098593?se=zBCBj9HA8RGG747TTDN8rQ&utm_medium=api&utm_source=a4bcf954&v=676BDB1A4BA3C9AF286AF6A093496BB3438E304C,8.696891,eyJhbGciOiJIUzI1NiJ9.eyJzIjoiekJDQmo5SEE4UkdHNzQ3VFRETjhyUSIsImkiOiI1OTExMDk4NTkzIn0.udlUSbSRsht9wtojvLXT1vviBCVrzsNpszAYNNrwai0,5911098593,"{'__CLASS__': 'Adzuna::API::Response::Location', 'area': ['Deutschland', 'Baden-Württemberg', 'Heidelberg'], 'display_name': 'Heidelberg, Baden-Württemberg'}",Senior Sales Manager (all genders) – Conversational AI,Adzuna::API::Response::Job,0,2026-10-04T07:03:56Z,,,,
"{'__CLASS__': 'Adzuna::API::Response::Category', 'label': 'Sonstige/Allgemeine Stellen', 'tag': 'other-general-jobs'}","{'display_name': 'Meyerthole Siems Kohlruss Ges. für aktuarielle Beratung mbH', '__CLASS__': 'Adzuna::API::Response::Company'}","Meyerthole Siems Kohlruss (MSK) ist eine aktuarielle Beratungsgesellschaft mit Sitz in Köln und seit 1998 im deutschsprachigen Raum für Schaden- und Unfallversicherer tätig. Unsere Schwerpunkte liegen auf abwechslungsreichen Aufgaben aus den Bereichen Data Science, Telematik, Pricing, Naturgefahren, Bilanzbewertung, Rückversicherung und Solvency II. Wir widmen uns Zukunftsthemen, entwickeln maßgeschneiderte Lösungen am Puls der Zeit. Zu unseren Mandanten zählen sowohl etablierte Versicherer als…",50.940164,https://www.adzuna.de/land/ad/5843635016?se=zBCBj9HA8RGG747TTDN8rQ&utm_medium=api&utm_source=a4bcf954&v=FC34432F8F1EA4757C968380D31761046B387AA2,6.969972,eyJhbGciOiJIUzI1NiJ9.eyJpIjoiNTg0MzYzNTAxNiIsInMiOiJ6QkNCajlIQThSR0c3NDdUVEROOHJRIn0.zIgOPMIUvedF3MtyhIaHFQ5x4AOMMEONdPEdWimr1zA,5843635016,"{'area': ['Deutschland', 'Nordrhein-Westfalen', 'Köln'], '__CLASS__': 'Adzuna::API::Response::Location', 'display_name': 'Köln, Nordrhein-Westfalen'}",Mathematiker/Aktuar (d/m/w) Data Science/Pricing/Risikomanagement/Solvency II,Adzuna::API::Response::Job,0,2026-08-16T01:18:46Z,,,,
"{'tag': 'unknown', 'label': 'Unknown', '__CLASS__': 'Adzuna::API::Response::Category'}","{'display_name': 'Mercor', '__CLASS__': 'Adzuna::API::Response::Company'}","About the job Mercor connects elite creative and technical talent with leading AI research labs. Headquartered in San Francisco, our investors include Benchmark , General Catalyst , Peter Thiel , Adam D'Angelo , Larry Summers , and Jack Dorsey . Position: Data Science and Analytics Experts Type: Contract Compensation: $60–$70/hour Location: Remote Role Responsibilities Construct enterprise data science scenarios for large-scale predictive modeling and multi-stakeholder analytics governance at F…",52.507706,https://www.adzuna.de/details/5836581108?utm_medium=api&utm_source=a4bcf954,13.420806,eyJhbGciOiJIUzI1NiJ9.eyJzIjoiekJDQmo5SEE4UkdHNzQ3VFRETjhyUSIsImkiOiI1ODM2NTgxMTA4In0.kL0yyVya0QzgYEFxADgIAwVWP-mNAbS0KLCU0J2GT7s,5836581108,"{'__CLASS__': 'Adzuna::API::Response::Location', 'area': ['Deutschland', 'Berlin'], 'display_name': 'Berlin, Deutschland'}",Enterprise Data Science Specialist,Adzuna::API::Response::Job,0,2026-08-11T12:29:53Z,,,,
"{'label': 'Stellen aus PR, Werbung & Marketing', '__CLASS__': 'Adzuna::API::Response::Category', 'tag': 'pr-advertising-marketing-jobs'}","{'__CLASS__': 'Adzuna::API::Response::Company', 'display_name': 'C24 Bank GmbH'}","Unser Anspruch ist es, eine neue Dimension im Mobile Banking zu definieren. Du kannst hier ganz vorne mit dabei sein! Im Bereich Anti-Financial-Crime entwickeln wir KI-Agenten, die unser AFC-Operations-Team bei der Bearbeitung von Alerts, Fallabklärungen und der Erstellung von Verdachtsmeldungen unterstützen. Du wirkst gemeinsam mit AFC-Operations, Compliance und Data Science an der Weiterentwicklung dieser Agenten mit und lernst, wie moderne KI-Technologie in einem hochregulierten, gesellschaf…",50.129683,https://www.adzuna.de/land/ad/5898619498?se=zBCBj9HA8RGG747TTDN8rQ&utm_medium=api&utm_source=a4bcf954&v=C06703BEE76DF1312D0F7996D35D11F796DB96EF,8.650578,eyJhbGciOiJIUzI1NiJ9.eyJzIjoiekJDQmo5SEE4UkdHNzQ3VFRETjhyUSIsImkiOiI1ODk4NjE5NDk4In0.JvisKI9y8t7O6lJKJ1YJSVUrdO7VDeSr577f6wlDlAU,5898619498,"{'__CLASS__': 'Adzuna::API::Response::Location', 'area': ['Deutschland', 'Hessen', 'Frankfurt am Main'], 'display_name': 'Frankfurt am Main, Hessen'}",(Junior) Produktmanager (m/w/d) KI-Agenten Anti Financial Crime,Adzuna::API::Response::Job,0,2026-09-25T20:01:48Z,,,,
"{'tag': 'unknown', '__CLASS__': 'Adzuna::API::Response::Category', 'label': 'Unknown'}","{'display_name': 'FERCHAU – Connecting People and Technologies', '__CLASS__': 'Adzuna::API::Response::Company'}","Unser Partner zählt mit über 1.000 Kunden deutschlandweit zu den führenden Softwareanbietern für den Psychotherapie- und Gesundheitsmarkt und hat sich in mehr als 25 Jahren als Hidden Champion seines Segments etabliert. Die Lösungen des Unternehmens unterstützen täglich Therapeutinnen und Therapeuten bei Dokumentation, Terminverwaltung und Praxisorganisation. Gleichzeitig treiben sie die Entwicklung moderner KI-Lösungen voran, die administrative Prozesse automatisieren und dadurch wertvolle Zei…",,https://www.adzuna.de/land/ad/5909566250?se=zBCBj9HA8RGG747TTDN8rQ&utm_medium=api&utm_source=a4bcf954&v=88852D14BE9487E9149993A8F636A085DCB66CB2,,eyJhbGciOiJIUzI1NiJ9.eyJpIjoiNTkwOTU2NjI1MCIsInMiOiJ6QkNCajlIQThSR0c3NDdUVEROOHJRIn0.1ERqRIPpFBCt9aOjdPmbP7qo05zdN4LUGyRwnWiBiMM,5909566250,"{'__CLASS__': 'Adzuna::API::Response::Location', 'area': ['Deutschland'], 'display_name': 'Deutschland'}",Abteilungsleiter Künstliche Intelligenz (m/w/d) in Direktvermittlung,Adzuna::API::Response::Job,0,2026-10-03T08:04:17Z,,,,
"{'tag': 'unknown', '__CLASS__': 'Adzuna::API::Response::Category', 'label': 'Unknown'}","{'__CLASS__': 'Adzuna::API::Response::Company', 'display_name': 'Skopos Group'}","Das sind wir Daten sind für uns nicht gleich Daten. Du teilst unsere Mission ""Mehr aus Daten rausholen""? Dann bist Du als Newbie oder erfahrenes Data Science Talent bei uns mehr als willkommen! Bei SKOPOS ELEMENTS unterstützen talentierte Data Scientists zukunftsorientierte Unternehmen und Menschen bei ihrem Weg zur Data Driven Company. Als Teil der SKOPOS GROUP sind wir seit 1995 führender Anbieter in der Marktforschung und beschäftigen aktuell über 140 Mitarbeitende. Begleite unser Wachstum u…",50.87096,https://www.adzuna.de/details/5727333234?utm_medium=api&utm_source=a4bcf954,6.86811,eyJhbGciOiJIUzI1NiJ9.eyJpIjoiNTcyNzMzMzIzNCIsInMiOiJ6QkNCajlIQThSR0c3NDdUVEROOHJRIn0.msCHS2gMQE39OHScOnT3V1EGrpFw3tb2JicatD58-IM,5727333234,"{'display_name': 'Hürth, Rhein-Erft-Kreis', '__CLASS__': 'Adzuna::API::Response::Location', 'area': ['Deutschland', 'Nordrhein-Westfalen', 'Rhein-Erft-Kreis', 'Hürth']}",Initiativbewerbung Data Science / BI,Adzuna::API::Response::Job,0,2026-05-12T23:14:56Z,full_time,,,
"{'__CLASS__': 'Adzuna::API::Response::Category', 'label': 'Unknown', 'tag': 'unknown'}","{'__CLASS__': 'Adzuna::API::Response::Company', 'display_name': 'SKOPOS GROUP'}","Das sind wir Daten sind für uns nicht gleich Daten. Du teilst unsere Mission ""Mehr aus Daten rausholen""? Dann bist Du als Newbie oder erfahrenes Data Science Talent bei uns mehr als willkommen! Bei SKOPOS ELEMENTS unterstützen talentierte Data Scientists zukunftsorientierte Unternehmen und Menschen bei ihrem Weg zur Data Driven Company. Als Teil der SKOPOS GROUP sind wir seit 1995 führender Anbieter in der Marktforschung und beschäftigen aktuell über 140 Mitarbeitende. Begleite unser Wachstum u…",50.87096,https://www.adzuna.de/details/5864483599?utm_medium=api&utm_source=a4bcf954,6.86811,eyJhbGciOiJIUzI1NiJ9.eyJzIjoiekJDQmo5SEE4UkdHNzQ3VFRETjhyUSIsImkiOiI1ODY0NDgzNTk5In0.CMCIf4UCcYWQUVxJ21ujypybn40w-ZJDsNp1lkC9hSY,5864483599,"{'__CLASS__': 'Adzuna::API::Response::Location', 'area': ['Deutschland', 'Nordrhein-Westfalen', 'Rhein-Erft-Kreis', 'Hürth'], 'display_name': 'Hürth, Rhein-Erft-Kreis'}",Initiativbewerbung Data Science / BI,Adzuna::API::Response::Job,0,2026-09-01T13:00:05Z,full_time,,,
"{'label': 'Unknown', '__CLASS__': 'Adzuna::API::Response::Category', 'tag': 'unknown'}","{'display_name': 'CTC gGmbH – Center for the Transformation of Chemistry', '__CLASS__': 'Adzuna::API::Response::Company'}","Das Center for the Transformation of Chemistry (CTC) ist ein neu entstehendes Großforschungszentrum in Mitteldeutschland mit den Standorten Delitzsch in Sachsen und Merseburg in Sachsen-Anhalt. Das Zentrum wird in der Gesellschaftsform einer gGmbH vom Bund sowie den Ländern Sachsen und Sachsen-Anhalt betrieben und finanziert. Am CTC wollen wir Chemie neu denken und umsetzen – und zwar auf vielen Ebenen: neue Materialien, neue chemische Prozesse und Anlagen und eine neue Art chemisch zu forschen…",51.52196,https://www.adzuna.de/land/ad/5888740146?se=zBCBj9HA8RGG747TTDN8rQ&utm_medium=api&utm_source=a4bcf954&v=3C58E8807A55F0962DF2A8F956901A50703C7D80,12.33728,eyJhbGciOiJIUzI1NiJ9.eyJpIjoiNTg4ODc0MDE0NiIsInMiOiJ6QkNCajlIQThSR0c3NDdUVEROOHJRIn0.AUwkRKZhmETVhm-_7BMFx8Y_oBG_1MIp3cQR6goP2gE,5888740146,"{'display_name': 'Delitzsch, Nordsachsen (Kreis)', 'area': ['Deutschland', 'Sachsen', 'Nordsachsen (Kreis)', 'Delitzsch'], '__CLASS__': 'Adzuna::API::Response::Location'}","Justiziar/in (m/w/d) mit Schwerpunkt Forschungs-, Kooperations- und Transferrecht",Adzuna::API::Response::Job,0,2026-09-18T07:18:05Z,,,,
"{'__CLASS__': 'Adzuna::API::Response::Category', 'label': 'IT-Stellen', 'tag': 'it-jobs'}","{'__CLASS__': 'Adzuna::API::Response::Company', 'display_name': 'Peec AI'}","What you’ll do Build, mentor, and lead an elite data science team as a trusted, empathetic player-coach, while clearly communicating complex technical ideas to executives, customers, and partners Personally design, train, deploy, and own the models that power Peec AI’s AI Search recommendations, taking hands-on responsibility for our most business-critical ML systems Develop and ship novel algorithms that reverse-engineer AI search and LLM behavior, turning deep technical insight into durable, …",52.507706,https://www.adzuna.de/details/5784246611?utm_medium=api&utm_source=a4bcf954,13.420806,eyJhbGciOiJIUzI1NiJ9.eyJzIjoiekJDQmo5SEE4UkdHNzQ3VFRETjhyUSIsImkiOiI1Nzg0MjQ2NjExIn0.aVQapVyyPlDDDSRvJp7byJDUYhWIEzJ9Su2XzitRE9Y,5784246611,"{'display_name': 'Berlin, Deutschland', 'area': ['Deutschland', 'Berlin'], '__CLASS__': 'Adzuna::API::Response::Location'}",Engineering Manager (Data Science),Adzuna::API::Response::Job,0,2026-07-01T22:58:19Z,full_time,160000.0,120000.0,
"{'tag': 'unknown', 'label': 'Unknown', '__CLASS__': 'Adzuna::API::Response::Category'}","{'__CLASS__': 'Adzuna::API::Response::Company', 'display_name': 'UCB'}","Make your mark for patients To strengthen our Global Advanced Analytics team, we are looking for an adaptable, collaborative individual with an intrapreneurial mindset for our Analytics Lead opening . This hybrid role is based in our headquarters in Monheim, Germany requiring 40% onsite presence and 5-10% international/ domestic travel. About the role You will help to inform on the commercial viability of various assets in development. You will be responsible for making exceptional business imp…",48.84099,https://www.adzuna.de/details/5672477950?utm_medium=api&utm_source=a4bcf954,10.85789,eyJhbGciOiJIUzI1NiJ9.eyJpIjoiNTY3MjQ3Nzk1MCIsInMiOiJ6QkNCajlIQThSR0c3NDdUVEROOHJRIn0.b-C1ypQ6s_fU0LclEOvPp4NYE0x0QmuNJxCZDhXExIg,5672477950,"{'area': ['Deutschland', 'Bayern', 'Donau-Ries (Kreis)', 'Monheim'], '__CLASS__': 'Adzuna::API::Response::Location', 'display_name': 'Monheim, Donau-Ries (Kreis)'}",Data Science Lead 1,Adzuna::API::Response::Job,0,2026-03-19T22:33:09Z,,,,
"{'__CLASS__': 'Adzuna::API::Response::Category', 'label': 'Vertriebsstellen', 'tag': 'sales-jobs'}","{'__CLASS__': 'Adzuna::API::Response::Company', 'display_name': 'Finanz Informatik GmbH & Co. KG'}","Als einer der größten Banken-IT-Dienstleister und Digitalisierungspartner Europas sind wir der Treiber der Digitalisierung innerhalb der Sparkassen-Finanzgruppe. Mit über 5.000 Mitarbeiter:innen an 3 Standorten machen wir digitales Banking von heute leistungsfähig und entwickeln smarte Finanz-Services von morgen. Dabei bieten wir Ihnen ein breites Aufgabenspektrum, in dem Sie Ihre individuelle Stärke hervorragend einbringen können. Ob App-Entwicklung, Netzwerktechnologien und Serverbetrieb oder…",52.378818,https://www.adzuna.de/land/ad/5891524361?se=zBCBj9HA8RGG747TTDN8rQ&utm_medium=api&utm_source=a4bcf954&v=FCE6960DFFCB749BAFF9A2CE7CE4AF5910DC5522,9.742751,eyJhbGciOiJIUzI1NiJ9.eyJzIjoiekJDQmo5SEE4UkdHNzQ3VFRETjhyUSIsImkiOiI1ODkxNTI0MzYxIn0.MHHubbWZRTqA3Pnsmxpq2HMRyjUQEXb_EwXeng9OrLc,5891524361,"{'display_name': 'Hannover, Region Hannover (Kreis)', 'area': ['Deutschland', 'Niedersachsen', 'Region Hannover (Kreis)', 'Hannover'], '__CLASS__': 'Adzuna::API::Response::Location'}",Lead Expert Strategic Sales & AI Transformation (m/w/d),Adzuna::API::Response::Job,0,2026-09-20T11:05:43Z,,,,
"{'__CLASS__': 'Adzuna::API::Response::Category', 'label': 'Sonstige/Allgemeine Stellen', 'tag': 'other-general-jobs'}","{'__CLASS__': 'Adzuna::API::Response::Company', 'display_name': 'DIEHL Metering GmbH'}","Digitale Trans­formation. Nach­haltig­keit. Friedens­sicherung. Spannende Aufgaben, an denen auch wir bei Diehl in unseren fünf Teil­konzernen Metall, Controls, Defence, Aviation und Metering und unsere über 16.000 Mit­ar­bei­te­rin­nen und Mit­arbeiter mit Hochdruck arbeiten. Entdecken Sie faszinierende Techno­logien und bewerben Sie sich. In einem von Vertrauen und Mut geprägten Familien­unter­nehmen, das beständig und stabil ist – aus Tradition. Für unseren Standort Diehl Metering GmbH in Nü…",49.443967,https://www.adzuna.de/land/ad/5909564718?se=zBCBj9HA8RGG747TTDN8rQ&utm_medium=api&utm_source=a4bcf954&v=3212259A7185E8C58B44D7B691CE9C38E2B1CF49,11.083642,eyJhbGciOiJIUzI1NiJ9.eyJzIjoiekJDQmo5SEE4UkdHNzQ3VFRETjhyUSIsImkiOiI1OTA5NTY0NzE4In0.PZFaeyQoDtloeqhwCuCBl39NRfg1OLrQ0kQkr7oFU10,5909564718,"{'display_name': 'Nürnberg, Bayern', '__CLASS__': 'Adzuna::API::Response::Location', 'area': ['Deutschland', 'Bayern', 'Nürnberg']}",Specialist (m/w/d) People Analytics,Adzuna::API::Response::Job,0,2026-10-03T08:03:15Z,,,,
"{'tag': 'unknown', '__CLASS__': 'Adzuna::API::Response::Category', 'label': 'Unknown'}","{'display_name': 'ALH Gruppe', '__CLASS__': 'Adzuna::API::Response::Company'}","Als erfahrenes Versicherungs- und Finanzdienstleistungsunternehmen verbinden wir seit 1819 Wachstum mit Tradition. Rund 3.200 Mitarbeitende sorgen täglich dafür, dass unsere Kundinnen und Kunden bestens abgesichert sind und einen ausgezeichneten Service erhalten. Bei uns erwartet dich ein Arbeitsumfeld voller Offenheit, Teamgeist und Rückhalt. Gemeinsam mit dir formen wir aus unseren individuellen Kompetenzen ein starkes Team: die ALH Gruppe. Erfahre hier mehr über uns als Arbeitgeber . Als Kon…",,https://www.adzuna.de/land/ad/5909565332?se=zBCBj9HA8RGG747TTDN8rQ&utm_medium=api&utm_source=a4bcf954&v=FB03A086CE27A434FA6D4358A7A53636B25CFDBC,,eyJhbGciOiJIUzI1NiJ9.eyJzIjoiekJDQmo5SEE4UkdHNzQ3VFRETjhyUSIsImkiOiI1OTA5NTY1MzMyIn0.8cJoQ700_GZzgnHiRrvm8imwFEhIDEstY5Xg4DlqLeU,5909565332,"{'area': ['Deutschland'], '__CLASS__': 'Adzuna::API::Response::Location', 'display_name': 'Deutschland'}",Revisor (m/w/d)*,Adzuna::API::Response::Job,0,2026-10-03T08:03:30Z,,,,
"{'tag': 'pr-advertising-marketing-jobs', '__CLASS__': 'Adzuna::API::Response::Category', 'label': 'Stellen aus PR, Werbung & Marketing'}","{'__CLASS__': 'Adzuna::API::Response::Company', 'display_name': 'C24 Bank GmbH'}","Unser Anspruch ist es, eine neue Dimension im mobile Banking zu definieren. Du kannst hier ganz vorne mit dabei sein! Erlebe die Dynamik des FinTech Space mit agilen Prozessen, kurzen Entscheidungswegen und einer steilen Entwicklungskurve in einem großartigen Team. Wir freuen uns auf Deine Bewerbung als Praktikant (m/w/d) bei der C24 Bank für einen Zeitraum von mindestens 3 Monaten. Aufgaben Du unterstützt uns dabei, interne Prozesse KI-gestützt zu automatisieren - von der Identifikation geeign…",50.129683,https://www.adzuna.de/land/ad/5911182410?se=zBCBj9HA8RGG747TTDN8rQ&utm_medium=api&utm_source=a4bcf954&v=04EA1900E24B9989648B55B3B56E40254051580C,8.650578,eyJhbGciOiJIUzI1NiJ9.eyJpIjoiNTkxMTE4MjQxMCIsInMiOiJ6QkNCajlIQThSR0c3NDdUVEROOHJRIn0._WpkD18dIGiGIR3AYb0CpZzsv0p2lD-4cAk6zCsRSjA,5911182410,"{'display_name': 'Frankfurt am Main, Hessen', '__CLASS__': 'Adzuna::API::Response::Location', 'area': ['Deutschland', 'Hessen', 'Frankfurt am Main']}",Praktikant (m/w/d) Produktmanager,Adzuna::API::Response::Job,0,2026-10-04T08:03:55Z,,,,
"{'__CLASS__': 'Adzuna::API::Response::Category', 'label': 'Unknown', 'tag': 'unknown'}","{'__CLASS__': 'Adzuna::API::Response::Company', 'display_name': 'TWT GmbH Science & Innovation'}","What if your next project shaped the next decade of innovation? At TWT Science & Innovation, we're looking for a Research Manager who leads collaborative, international research at the intersection of AI, Data, Simulation, Processes, and Quantum Computing – turning scientific excellence into technological breakthroughs. Over the last decade, 22 researchers from TWT became university professors. Now, we're searching for the next mind to push the frontier forward. About the Role As a Research Man…",48.776198,https://www.adzuna.de/land/ad/5891433034?se=zBCBj9HA8RGG747TTDN8rQ&utm_medium=api&utm_source=a4bcf954&v=0E946A09F9AAF6E813CBF8BF5631630B0EF1D284,9.187224,eyJhbGciOiJIUzI1NiJ9.eyJzIjoiekJDQmo5SEE4UkdHNzQ3VFRETjhyUSIsImkiOiI1ODkxNDMzMDM0In0.xSWJOYtXcFKZ4NlD-KIJnjdyU67anPwMWqIYaVYNXoI,5891433034,"{'display_name': 'Stuttgart, Baden-Württemberg', '__CLASS__': 'Adzuna::API::Response::Location', 'area': ['Deutschland', 'Baden-Württemberg', 'Stuttgart']}","Research Manager AI & Data, Simulation and Quantum (m/f/d)",Adzuna::API::Response::Job,0,2026-09-20T07:58:46Z,,,,
"{'tag': 'graduate-jobs', 'label': 'Stellen für Hochschulabsolventen', '__CLASS__': 'Adzuna::API::Response::Category'}","{'__CLASS__': 'Adzuna::API::Response::Company', 'display_name': 'EY Deutschland'}","Are you ready to shape your future with confidence? Gemeinsam die Welt jeden Tag ein bisschen besser machen. Für diesen Anspruch setzen wir bei EY alles in Bewegung und gehen als Team „all in"". Schließlich haben wir ein klares Ziel vor Augen: nachhaltigen Wert und Wachstum zu schaffen - für unsere Mandant:innen, Mitarbeitenden und die gesamte Gesellschaft. Unser globales Netzwerk aus rund 400.000 Mitarbeitenden weltweit bietet dir alle Möglichkeiten zu wachsen, dich zu entwickeln, dich zu spezi…",,https://www.adzuna.de/land/ad/5912000171?se=zBCBj9HA8RGG747TTDN8rQ&utm_medium=api&utm_source=a4bcf954&v=93D61EA0D5E1D5F01D9DF4FB341A5D8581F842BA,,eyJhbGciOiJIUzI1NiJ9.eyJzIjoiekJDQmo5SEE4UkdHNzQ3VFRETjhyUSIsImkiOiI1OTEyMDAwMTcxIn0.gZsw_pbQL4TAuEUWAr7zJWqOJFoOQhFhT4R03V6glJE,5912000171,"{'area': ['Deutschland', 'Hessen', 'Main-Taunus-Kreis', 'Eschborn'], '__CLASS__': 'Adzuna::API::Response::Location', 'display_name': 'Eschborn, Main-Taunus-Kreis'}",Praktikant Data Science im Bereich prüfungsnahe Beratung / Quants (Financial Services) (w/m/d),Adzuna::API::Response::Job,0,2026-10-05T03:36:20Z,,,,
"{'__CLASS__': 'Adzuna::API::Response::Category', 'label': 'Unknown', 'tag': 'unknown'}","{'__CLASS__': 'Adzuna::API::Response::Company', 'display_name': 'Meyerthole Siems Kohlruss Ges. für aktuarielle Beratung mbH'}","Meyerthole Siems Kohlruss (MSK) ist eine aktuarielle Beratungsgesellschaft mit Sitz in Köln und seit 1998 im deutschsprachigen Raum für Schaden- und Unfallversicherer tätig. Unsere Schwerpunkte liegen auf abwechslungsreichen Aufgaben aus den Bereichen Data Science, Telematik, Pricing, Naturgefahren, Bilanzbewertung, Rückversicherung und Solvency II. Zu unseren Mandaten zählen mehr als 80 Versicherer und Rückversicherer sowie InsurTechs. Kreativität und Teamarbeit haben einen hohen Stellenwert b…",50.940164,https://www.adzuna.de/land/ad/5884383616?se=zBCBj9HA8RGG747TTDN8rQ&utm_medium=api&utm_source=a4bcf954&v=166440818B7194B2902974F382C4EA3946A8BE6D,6.969972,eyJhbGciOiJIUzI1NiJ9.eyJzIjoiekJDQmo5SEE4UkdHNzQ3VFRETjhyUSIsImkiOiI1ODg0MzgzNjE2In0.GmAzNjL5k7bpjE_Tod5KB5Rx4eZXdxACvQlytHV4SMU,5884383616,"{'display_name': 'Köln, Nordrhein-Westfalen', 'area': ['Deutschland', 'Nordrhein-Westfalen', 'Köln'], '__CLASS__': 'Adzuna::API::Response::Location'}",Werkstudent oder Praktikant (d/m/w) Versicherungsmathematik,Adzuna::API::Response::Job,0,2026-09-15T07:57:36Z,,,,
"{'label': 'Beraterstellen', '__CLASS__': 'Adzuna::API::Response::Category', 'tag': 'consultancy-jobs'}","{'display_name': 'Mercedes-Benz AG', '__CLASS__': 'Adzuna::API::Response::Company'}","Life is always about becoming… Im Leben geht es darum, sich auf eine Reise zu begeben, um die beste Version unseres zukünftigen Selbst zu werden. Während wir Neues entdecken, stellen wir uns Herausforderungen, meistern sie und wachsen über uns hinaus. Bewerben Sie sich bei Mercedes-Benz und finden Sie den Aufgabenbereich, in dem Sie Ihre Talente individuell entfalten können. Dabei werden Sie von visionären Kolleginnen und Kollegen unterstützt, die Ihren Pioniergeist teilen. Bei uns einzusteigen…",48.720071,https://www.adzuna.de/land/ad/5890961262?se=zBCBj9HA8RGG747TTDN8rQ&utm_medium=api&utm_source=a4bcf954&v=4C3A0CDA1E29F154BD169D336D93C32FCB53689F,9.026231,eyJhbGciOiJIUzI1NiJ9.eyJpIjoiNTg5MDk2MTI2MiIsInMiOiJ6QkNCajlIQThSR0c3NDdUVEROOHJRIn0.DAeZ7CJ0YdfRZvdPF3yZZj8qA6NiRDP5rKvH7nxk20w,5890961262,"{'area': ['Deutschland', 'Baden-Württemberg', 'Böblingen (Kreis)', 'Sindelfingen'], '__CLASS__': 'Adzuna::API::Response::Location', 'display_name': 'Sindelfingen, Böblingen (Kreis)'}",Praktikant*in im Bereich Projektleitung Qualität E/E – Customer Readiness,Adzuna::API::Response::Job,0,2026-09-19T22:49:41Z,,,,
"{'tag': 'unknown', 'label': 'Unknown', '__CLASS__': 'Adzuna::API::Response::Category'}","{'display_name': 'Mercor', '__CLASS__': 'Adzuna::API::Response::Company'}","About the job Mercor connects elite creative and technical talent with leading AI research labs. Headquartered in San Francisco, our investors include Benchmark , General Catalyst , Peter Thiel , Adam D'Angelo , Larry Summers , and Jack Dorsey . Position: Data Science and Analytics Experts Type: Contract Compensation: $60–$70/hour Location: Remote Role Responsibilities Construct enterprise data science scenarios for large-scale predictive modeling and multi-stakeholder analytics governance at F…",52.507706,https://www.adzuna.de/details/5835477251?utm_medium=api&utm_source=a4bcf954,13.420806,eyJhbGciOiJIUzI1NiJ9.eyJpIjoiNTgzNTQ3NzI1MSIsInMiOiJ6QkNCajlIQThSR0c3NDdUVEROOHJRIn0.SLpR4N2OFMU0W-vXjhH___dhn-Ye3nTePWnYfUWs30E,5835477251,"{'display_name': 'Berlin, Deutschland', '__CLASS__': 'Adzuna::API::Response::Location', 'area': ['Deutschland', 'Berlin']}",Data Science Expert - Fully Remote,Adzuna::API::Response::Job,0,2026-08-10T12:30:38Z,,,,
"{'__CLASS__': 'Adzuna::API::Response::Category', 'label': 'Unknown', 'tag': 'unknown'}","{'display_name': 'Evocenta GmbH', '__CLASS__': 'Adzuna::API::Response::Company'}","Was Sie bei uns erwartet Sie haben viel Freiraum, Ideen einzubringen, und umfangreiche Möglichkeiten, Ihr Potenzial auszuschöpfen. Sie übernehmen vielfältige Aufgaben im Bereich Datenverarbeitung. Darüber hinaus bieten wir hervorragende Weiterentwicklungsmöglichkeiten in einem schnell wachsenden, internationalen Technologieunternehmen. Wir bieten Ihnen eine verantwortungsvolle, interessante und vielseitige Tätigkeit am Standort Saarbrücken (hybrid) in einem dynamischen, innovativen Umfeld sowie…",49.232146,https://www.adzuna.de/land/ad/5908586988?se=zBCBj9HA8RGG747TTDN8rQ&utm_medium=api&utm_source=a4bcf954&v=FB67F9094B3F0C55692475EB115AE478EBB8772D,7.013165,eyJhbGciOiJIUzI1NiJ9.eyJzIjoiekJDQmo5SEE4UkdHNzQ3VFRETjhyUSIsImkiOiI1OTA4NTg2OTg4In0.szaGic9w0j9SEb_ibbYO5Rh2ADmFlIEJ0FwzQcYqFHg,5908586988,"{'__CLASS__': 'Adzuna::API::Response::Location', 'area': ['Deutschland', 'Saarland', 'Regionalverband Saarbrücken (Kreis)', 'Saarbrücken'], 'display_name': 'Saarbrücken, Regionalverband Saarbrücken (Kreis)'}",Senior Backend & Cloud Engineer für AI-Plattformen (m/w/d),Adzuna::API::Response::Job,0,2026-10-02T20:24:34Z,,,,
"{'label': 'Unknown', '__CLASS__': 'Adzuna::API::Response::Category', 'tag': 'unknown'}","{'__CLASS__': 'Adzuna::API::Response::Company', 'display_name': 'Mercor'}","About the job Mercor connects elite creative and technical talent with leading AI research labs. Headquartered in San Francisco, our investors include Benchmark , General Catalyst , Peter Thiel , Adam D'Angelo , Larry Summers , and Jack Dorsey . Position: Data Science Expert Type: Contract Compensation: $120–$170/hour Location: Remote Role Responsibilities Design precise, task-specific grading criteria for real-world data science deliverables such as analyses, models, dashboards, and experiment…",52.507706,https://www.adzuna.de/details/5836581118?utm_medium=api&utm_source=a4bcf954,13.420806,eyJhbGciOiJIUzI1NiJ9.eyJzIjoiekJDQmo5SEE4UkdHNzQ3VFRETjhyUSIsImkiOiI1ODM2NTgxMTE4In0.alDdyMfVnn9MeSQGbCL2LF9gsH8rIDH7kJY8tXkayto,5836581118,"{'display_name': 'Berlin, Deutschland', '__CLASS__': 'Adzuna::API::Response::Location', 'area': ['Deutschland', 'Berlin']}",Data Science Expert - AI Evaluation,Adzuna::API::Response::Job,0,2026-08-11T12:29:53Z,,,,
"{'tag': 'unknown', '__CLASS__': 'Adzuna::API::Response::Category', 'label': 'Unknown'}","{'__CLASS__': 'Adzuna::API::Response::Company', 'display_name': 'Mercor'}","About the job Mercor connects elite creative and technical talent with leading AI research labs. Headquartered in San Francisco, our investors include Benchmark , General Catalyst , Peter Thiel , Adam D'Angelo , Larry Summers , and Jack Dorsey . Position: Data Science Expert Type: Contract Compensation: $120–$170/hour Location: Remote Role Responsibilities Design precise, task-specific grading criteria for real-world data science deliverables such as analyses, models, dashboards, and experiment…",52.507706,https://www.adzuna.de/details/5841712586?utm_medium=api&utm_source=a4bcf954,13.420806,eyJhbGciOiJIUzI1NiJ9.eyJzIjoiekJDQmo5SEE4UkdHNzQ3VFRETjhyUSIsImkiOiI1ODQxNzEyNTg2In0.TJMFlKlh0HIgNAE_mMpvw1ndEoTGdFWX6Rpjx-axAQI,5841712586,"{'area': ['Deutschland', 'Berlin'], '__CLASS__': 'Adzuna::API::Response::Location', 'display_name': 'Berlin, Deutschland'}",Data Science Specialist - Fully Remote,Adzuna::API::Response::Job,0,2026-08-14T12:32:59Z,,,,
"{'tag': 'unknown', 'label': 'Unknown', '__CLASS__': 'Adzuna::API::Response::Category'}","{'display_name': 'Mercor', '__CLASS__': 'Adzuna::API::Response::Company'}","About the job Mercor connects elite creative and technical talent with leading AI research labs. Headquartered in San Francisco, our investors include Benchmark , General Catalyst , Peter Thiel , Adam D'Angelo , Larry Summers , and Jack Dorsey . Position: Data Science Expert Type: Contract Compensation: $120–$170/hour Location: Remote Role Responsibilities Design precise, task-specific grading criteria for real-world data science deliverables, including analyses, models, dashboards, and experim…",52.507706,https://www.adzuna.de/details/5862103161?utm_medium=api&utm_source=a4bcf954,13.420806,eyJhbGciOiJIUzI1NiJ9.eyJzIjoiekJDQmo5SEE4UkdHNzQ3VFRETjhyUSIsImkiOiI1ODYyMTAzMTYxIn0.B-EcwYLcqDBVoulN1ygMOkkStRYpeAictiGVZidZcrI,5862103161,"{'__CLASS__': 'Adzuna::API::Response::Location', 'area': ['Deutschland', 'Berlin'], 'display_name': 'Berlin, Deutschland'}",Data Science Expert - Evaluation Specialist,Adzuna::API::Response::Job,0,2026-08-30T12:37:07Z,,,,
"{'tag': 'unknown', 'label': 'Unknown', '__CLASS__': 'Adzuna::API::Response::Category'}","{'display_name': 'Mercor', '__CLASS__': 'Adzuna::API::Response::Company'}","About the job Mercor connects elite creative and technical talent with leading AI research labs. Headquartered in San Francisco, our investors include Benchmark , General Catalyst , Peter Thiel , Adam D'Angelo , Larry Summers , and Jack Dorsey . Position: Data Science Expert Type: Contract Compensation: $120–$170/hour Location: Remote Role Responsibilities Design precise, task-specific grading criteria for real-world data science deliverables, including analyses, models, dashboards, and experim…",52.507706,https://www.adzuna.de/details/5862883166?utm_medium=api&utm_source=a4bcf954,13.420806,eyJhbGciOiJIUzI1NiJ9.eyJzIjoiekJDQmo5SEE4UkdHNzQ3VFRETjhyUSIsImkiOiI1ODYyODgzMTY2In0.EYeIaZq2HloTgZ5qDWyYhRwqPUeGSXfkzTYb5a5DSZk,5862883166,"{'__CLASS__': 'Adzuna::API::Response::Location', 'area': ['Deutschland', 'Berlin'], 'display_name': 'Berlin, Deutschland'}",Data Science Expert - Fully Remote,Adzuna::API::Response::Job,0,2026-08-31T12:36:51Z,,,,
"{'__CLASS__': 'Adzuna::API::Response::Category', 'label': 'Unknown', 'tag': 'unknown'}","{'__CLASS__': 'Adzuna::API::Response::Company', 'display_name': 'Mercor'}","About the job Mercor connects elite creative and technical talent with leading AI research labs. Headquartered in San Francisco, our investors include Benchmark , General Catalyst , Peter Thiel , Adam D'Angelo , Larry Summers , and Jack Dorsey . Position: Data Scientist Talent Network Type: Contract Compensation: $100–$150/hour Location: Remote Role Responsibilities Design precise, task-specific grading criteria for data science deliverables, including exploratory data analyses , statistical mo…",52.507706,https://www.adzuna.de/details/5840176653?utm_medium=api&utm_source=a4bcf954,13.420806,eyJhbGciOiJIUzI1NiJ9.eyJpIjoiNTg0MDE3NjY1MyIsInMiOiJ6QkNCajlIQThSR0c3NDdUVEROOHJRIn0.z8slOhFgLQU_KvuhZN2iI3HS-gS4B-JEbVrFTWY7KN0,5840176653,"{'display_name': 'Berlin, Deutschland', 'area': ['Deutschland', 'Berlin'], '__CLASS__': 'Adzuna::API::Response::Location'}",Data Science Expert - Fully Remote,Adzuna::API::Response::Job,0,2026-08-13T12:31:57Z,,,,
"{'tag': 'unknown', 'label': 'Unknown', '__CLASS__': 'Adzuna::API::Response::Category'}","{'__CLASS__': 'Adzuna::API::Response::Company', 'display_name': 'Mercor'}","About the job Mercor connects elite creative and technical talent with leading AI research labs. Headquartered in San Francisco, our investors include Benchmark , General Catalyst , Peter Thiel , Adam D'Angelo , Larry Summers , and Jack Dorsey . Position: Data Scientist Talent Network Type: Contract Compensation: $100–$150/hour Location: Remote Role Responsibilities Design precise, task-specific grading criteria for data science deliverables. This includes exploratory data analyses , statistica…",52.507706,https://www.adzuna.de/details/5855248727?utm_medium=api&utm_source=a4bcf954,13.420806,eyJhbGciOiJIUzI1NiJ9.eyJzIjoiekJDQmo5SEE4UkdHNzQ3VFRETjhyUSIsImkiOiI1ODU1MjQ4NzI3In0.RQ1RxeRNo3BPLMGJAIA0kKDWjswR6Pe_XV428vVd-Ts,5855248727,"{'display_name': 'Berlin, Deutschland', '__CLASS__': 'Adzuna::API::Response::Location', 'area': ['Deutschland', 'Berlin']}",Data Science Expert - Fully Remote,Adzuna::API::Response::Job,0,2026-08-25T12:34:48Z,,,,
"{'label': 'Unknown', '__CLASS__': 'Adzuna::API::Response::Category', 'tag': 'unknown'}","{'display_name': 'Sportfive Germany GmbH', '__CLASS__': 'Adzuna::API::Response::Company'}","Sport begeistert, verbindet, inspiriert – und wir bei SPORTFIVE decken als globale Agentur die gesamte Wertschöpfungskette in der Sportvermarktung ab und setzen wegweisende Impulse in der Branche. Unsere Kollegin Friederike Pape-Lüttmann sucht für ihr Team Dich als: (Junior) Manager (w/m/d) Aufgaben Du unterstützt das SPORTFIVE Vertriebsteam beim Hamburger SV entlang des gesamten Verkaufsprozesses im Sponsoring auf Basis von datengestützten Analysen Du arbeitest an spannenden Fragestellungen ru…",53.557429,https://www.adzuna.de/land/ad/5910461961?se=zBCBj9HA8RGG747TTDN8rQ&utm_medium=api&utm_source=a4bcf954&v=F98D341C035786A4CB1BED9B484EDC451348F0B0,9.987297,eyJhbGciOiJIUzI1NiJ9.eyJzIjoiekJDQmo5SEE4UkdHNzQ3VFRETjhyUSIsImkiOiI1OTEwNDYxOTYxIn0.1GR8PWz16ziKJkYXjAZkaxEQf3tu_tf3cc8J6ckF7tU,5910461961,"{'display_name': 'Hamburg, Deutschland', '__CLASS__': 'Adzuna::API::Response::Location', 'area': ['Deutschland', 'Hamburg']}","(Junior) Manager (w/m/d) Sponsorship Intelligence, Hamburger SV",Adzuna::API::Response::Job,0,2026-10-03T20:03:56Z,,,,
"{'tag': 'manufacturing-jobs', 'label': 'Stellen aus Fertigung', '__CLASS__': 'Adzuna::API::Response::Category'}","{'__CLASS__': 'Adzuna::API::Response::Company', 'display_name': 'HUK-COBURG Versicherungsgruppe'}","Wir - die HUK-COBURG Versicherungsgruppe - zählen zu den 10 größten in Deutschland. Vor über 90 Jahren gegründet sind wir mit über 13 Millionen Kund:innen heute der große Versicherer für Privathaushalte und der größte deutsche Autoversicherer. Dass wir oft preisgünstiger sind als andere Versicherungen, hat bei uns schon Tradition. Genau wie unser Ruf als Arbeitgeberin, mit der DU wachsen und deine persönlichen Ziele erreichen kannst. Bei uns kannst du eine spannende Karriere machen. Mit viel Te…",50.25777,https://www.adzuna.de/land/ad/5896576198?se=zBCBj9HA8RGG747TTDN8rQ&utm_medium=api&utm_source=a4bcf954&v=5B3CEE0155C003C8432C84FB09BFAE5E8E1C7A91,10.96603,eyJhbGciOiJIUzI1NiJ9.eyJzIjoiekJDQmo5SEE4UkdHNzQ3VFRETjhyUSIsImkiOiI1ODk2NTc2MTk4In0.s9eE5R5iOD-LWP-vLgi5-eV4-_P_V6vW2_JEj1pZbYo,5896576198,"{'__CLASS__': 'Adzuna::API::Response::Location', 'area': ['Deutschland', 'Bayern', 'Coburg (Kreis)', 'Coburg'], 'display_name': 'Coburg, Coburg (Kreis)'}",Teamlead Prozessdesign und -steuerung (m/w/d),Adzuna::API::Response::Job,0,2026-09-24T11:13:41Z,,,,
"{'__CLASS__': 'Adzuna::API::Response::Category', 'label': 'Stellen aus Wissenschaft & Qualitätssicherung', 'tag': 'scientific-qa-jobs'}","{'__CLASS__': 'Adzuna::API::Response::Company', 'display_name': 'ADAC'}","Der ADAC ist immer in Bewegung und da, um zu helfen - dabei decken wir die unterschiedlichsten Bereiche ab, wie z.B.: Versicherungen, Reisen und medizinische Unterstützung, rechtliche Beratung, Digitalisierung, klassische Pannenhilfe oder die Luftrettung. Wir sind da. In Deinem Studium naht das Praxissemester oder Du möchtest praktische Erfahrungen in einem vielfältigen Unternehmen sammeln? Mit dem ADAC hast Du einen Praxispartner, der Dir ein solches Arbeitsumfeld bietet und in verschiedenen B…",48.137418,https://www.adzuna.de/land/ad/5906169700?se=zBCBj9HA8RGG747TTDN8rQ&utm_medium=api&utm_source=a4bcf954&v=D8E8B71178AF2F3B1AD57DAF2B94FA5F5C9FD6BE,11.555737,eyJhbGciOiJIUzI1NiJ9.eyJzIjoiekJDQmo5SEE4UkdHNzQ3VFRETjhyUSIsImkiOiI1OTA2MTY5NzAwIn0.11wfUakNXjm-716hu4PLQd1Tq3Sjq3zWeYhzc9gw3oc,5906169700,"{'display_name': 'München, München (Kreis)', 'area': ['Deutschland', 'Bayern', 'München (Kreis)', 'München'], '__CLASS__': 'Adzuna::API::Response::Location'}",Werkstudent Datenanalyse Auslandskrankenschutz (w|m|d),Adzuna::API::Response::Job,0,2026-10-01T20:59:27Z,,,,
"{'label': 'Unknown', '__CLASS__': 'Adzuna::API::Response::Category', 'tag': 'unknown'}","{'__CLASS__': 'Adzuna::API::Response::Company', 'display_name': 'HOTREGA GmbH'}","Als expandierendes Unternehmen der Chemiebranche entwickelt, produziert und vertreibt die HOTREGA GmbH seit 1997 innovative Reinigungs- und Pflegemittel sowie hochwertige Kleb- und Dichtstoffe - auch im hauseigenen Labor, Made in Germany. Aufgaben Analyse bestehender Geschäftsprozesse sowie Identifikation von Optimierungs-, Automatisierungs- und KI-Potenzialen Entwicklung und Umsetzung von Automatisierungs-Workflows (z. B. mit n8n) Aufbau, Testen und kontinuierliche Weiterentwicklung von KI-Ass…",50.62431,https://www.adzuna.de/land/ad/5907515534?se=sn-UkNHA8RGG747TTDN8rQ&utm_medium=api&utm_source=a4bcf954&v=7056FD4853493784000D6C3425ED5768B4CDEF58,9.50761,eyJhbGciOiJIUzI1NiJ9.eyJpIjoiNTkwNzUxNTUzNCIsInMiOiJzbi1Va05IQThSR0c3NDdUVEROOHJRIn0.FZrMEIOLKnGYTh9OtmqRecnPeYkfAqOhH03AXNy3Yb4,5907515534,"{'display_name': 'Bad Salzschlirf, Fulda (Kreis)', '__CLASS__': 'Adzuna::API::Response::Location', 'area': ['Deutschland', 'Hessen', 'Fulda (Kreis)', 'Bad Salzschlirf']}",KI- und Prozessmanager (m/w/d),Adzuna::API::Response::Job,0,2026-10-02T08:02:15Z,,,,
"{'__CLASS__': 'Adzuna::API::Response::Category', 'label': 'Unknown', 'tag': 'unknown'}","{'__CLASS__': 'Adzuna::API::Response::Company', 'display_name': 'KSB'}","Unterstützen Sie uns im Rahmen eines Praktikums/einer Abschlussarbeit im Bereich Data Science. Studium/Fachrichtung | Mathematik, Statistik, Data Science, Informatik, Physik oder vglb. Studiengänge Einsatzbereich | Praktikum/Abschlussarbeit im Bereich Data Science Dauer | 3-6 Monate Bestens gefordert | Wir suchen motivierte Studierende, die sich unserem Data Science Team für ein Pflichtpraktikum und/oder eine Bachelor-/Masterarbeit (3-6 Monate) anschließen möchten. Bei uns können Sie praktische…",51.13209,https://www.adzuna.de/details/5299866746?utm_medium=api&utm_source=a4bcf954,14.10731,eyJhbGciOiJIUzI1NiJ9.eyJzIjoic24tVWtOSEE4UkdHNzQ3VFRETjhyUSIsImkiOiI1Mjk5ODY2NzQ2In0.PXbxV_JKaMMhW7dPn0Vm2QAKQhpEpcdYxUlCOHFz7aA,5299866746,"{'display_name': 'Frankenthal, Bautzen (Kreis)', '__CLASS__': 'Adzuna::API::Response::Location', 'area': ['Deutschland', 'Sachsen', 'Bautzen (Kreis)', 'Frankenthal']}",Praktikum/Abschlussarbeit im Bereich Data Science,Adzuna::API::Response::Job,0,2025-07-12T22:07:55Z,,,,
"{'tag': 'unknown', 'label': 'Unknown', '__CLASS__': 'Adzuna::API::Response::Category'}","{'__CLASS__': 'Adzuna::API::Response::Company', 'display_name': 'Prior Labs'}","Who we are Foundation models transformed text and images. Structured data - the largest and most consequential data format in the world - stayed untouched, until now. What LLMs did for language, we're doing for tables. We pioneered tabular foundation models: TabPFN v2 was a Nature cover story, has passed 3.5M downloads and 7,500 GitHub stars, and runs in production from detecting lung disease with Oxford Cancer Analytics to preventing train failures with Hitachi . The hardest problems - million…",52.507706,https://www.adzuna.de/details/5788539455?utm_medium=api&utm_source=a4bcf954,13.420806,eyJhbGciOiJIUzI1NiJ9.eyJpIjoiNTc4ODUzOTQ1NSIsInMiOiJzbi1Va05IQThSR0c3NDdUVEROOHJRIn0.KIGJgAf9zQ0iYZ4kRya6-V_3W8KrAZhZneecl9ln2Ag,5788539455,"{'display_name': 'Berlin, Deutschland', '__CLASS__': 'Adzuna::API::Response::Location', 'area': ['Deutschland', 'Berlin']}","Research Scientist, Foundational Data Science",Adzuna::API::Response::Job,0,2026-07-05T00:49:56Z,full_time,,,
"{'tag': 'unknown', 'label': 'Unknown', '__CLASS__': 'Adzuna::API::Response::Category'}","{'__CLASS__': 'Adzuna::API::Response::Company', 'display_name': 'Liebherr-Digital Development Center GmbH'}","Liebherr-Digital Development Center GmbH in Ulm develops digital solutions for the entire Liebherr Group. Our passionate team from the areas of software development, engineering and data science works together on various projects from the whole Liebherr product world. Our mission: creating outstanding digital experiences! Cloud Software Engineer (m/f/d) Job-ID 83306 Aufgaben Define and implement cloud infrastructure and observability tooling - Be a passionate software developer Support and deve…",48.383137,https://www.adzuna.de/land/ad/5906168381?se=sn-UkNHA8RGG747TTDN8rQ&utm_medium=api&utm_source=a4bcf954&v=64AF91DE02D06CC0B6475D25D3C2FB81B502A51B,9.856945,eyJhbGciOiJIUzI1NiJ9.eyJpIjoiNTkwNjE2ODM4MSIsInMiOiJzbi1Va05IQThSR0c3NDdUVEROOHJRIn0.dSL1xqUsdkmkrKcH_Ce-cixnRkga0o6Mv4zOfomg8RA,5906168381,"{'display_name': 'Ulm, Baden-Württemberg', '__CLASS__': 'Adzuna::API::Response::Location', 'area': ['Deutschland', 'Baden-Württemberg', 'Ulm']}",Cloud Software Engineer (m/f/d),Adzuna::API::Response::Job,0,2026-10-01T20:58:55Z,,,,
"{'tag': 'unknown', '__CLASS__': 'Adzuna::API::Response::Category', 'label': 'Unknown'}","{'display_name': 'Havas', '__CLASS__': 'Adzuna::API::Response::Company'}","Agency : Havas Media Germany Job Description : Willkommen bei Havas Media – Entdecke deine Leidenschaft für die Welt der Medien! Was macht eine Mediaagentur? Hast du dich schon einmal gefragt, wie genau die Werbespots ins Fernsehen oder auf Social Media kommen? Bei Havas Media sind wir die Trendsetter, die Innovatoren und die Planer unvergesslicher Kampagnen. Während Kreativagenturen die Kampagnen gestalten, sorgen wir dafür, dass sie auf allen digitalen Kanälen wie Social Media, YouTube und ve…",51.226802,https://www.adzuna.de/details/5869337422?utm_medium=api&utm_source=a4bcf954,6.808387,eyJhbGciOiJIUzI1NiJ9.eyJpIjoiNTg2OTMzNzQyMiIsInMiOiJzbi1Va05IQThSR0c3NDdUVEROOHJRIn0.hdJHAnf-XAfIg50a8jtYoPKIUH9f6lGIOINm23dzHJI,5869337422,"{'display_name': 'Düsseldorf, Nordrhein-Westfalen', 'area': ['Deutschland', 'Nordrhein-Westfalen', 'Düsseldorf'], '__CLASS__': 'Adzuna::API::Response::Location'}",Werkstudent/ in im Data Science (all gender),Adzuna::API::Response::Job,0,2026-09-03T18:30:16Z,part_time,15600.0,15600.0,
"{'label': 'Unknown', '__CLASS__': 'Adzuna::API::Response::Category', 'tag': 'unknown'}","{'display_name': 'AUMOVIO', '__CLASS__': 'Adzuna::API::Response::Company'}","Unternehmensbeschreibung AUMOVIO ist im September 2025 als Spin-off aus dem Geschäft des ehemaligen Continental-Unternehmensbereichs Automotive hervorgegangen und hat sich seitdem als eigenständiges Technologieunternehmen am Markt etabliert. Das Unternehmen bietet ein breites Portfolio für eine sichere, begeisternde, vernetzte und autonome Mobilität. Dazu gehören Sensorlösungen, Displays, Brems- und Komfortsysteme sowie umfassende Expertise in Software, Architekturplattformen und Assistenzsyste…",49.022981,https://www.adzuna.de/details/5868478752?utm_medium=api&utm_source=a4bcf954,12.112321,eyJhbGciOiJIUzI1NiJ9.eyJzIjoic24tVWtOSEE4UkdHNzQ3VFRETjhyUSIsImkiOiI1ODY4NDc4NzUyIn0.3LtyrPxx24SB0_pFgdW8co6k2N2iDKfX90U-E3G5ys0,5868478752,"{'display_name': 'Regensburg, Regensburg (Kreis)', 'area': ['Deutschland', 'Bayern', 'Regensburg (Kreis)', 'Regensburg'], '__CLASS__': 'Adzuna::API::Response::Location'}",Bachelor - Knstliche Intelligenz und Data Science,Adzuna::API::Response::Job,0,2026-09-03T09:27:14Z,,,,
"{'__CLASS__': 'Adzuna::API::Response::Category', 'label': 'Unknown', 'tag': 'unknown'}","{'display_name': 'AUMOVIO', '__CLASS__': 'Adzuna::API::Response::Company'}","Unternehmensbeschreibung AUMOVIO ist im September 2025 als Spin-off aus dem Geschft des ehemaligen Continental-Unternehmensbereichs Automotive hervorgegangen und hat sich seitdem als eigenstndiges Technologieunternehmen am Markt etabliert. Das Unternehmen bietet ein breites Portfolio fr eine sichere, begeisternde, vernetzte und autonome Mobilitt. Dazu gehren Sensorlsungen, Displays, Brems- und Komfortsysteme sowie umfassende Expertise in Software, Architekturplattformen und Assistenzsystemen fr…",49.022981,https://www.adzuna.de/details/5870100541?utm_medium=api&utm_source=a4bcf954,12.112321,eyJhbGciOiJIUzI1NiJ9.eyJpIjoiNTg3MDEwMDU0MSIsInMiOiJzbi1Va05IQThSR0c3NDdUVEROOHJRIn0.qomtKqbMczQKf3ZNhoWPJnGsCGD8INWjP_E7pF4CoaI,5870100541,"{'__CLASS__': 'Adzuna::API::Response::Location', 'area': ['Deutschland', 'Bayern', 'Regensburg (Kreis)', 'Regensburg'], 'display_name': 'Regensburg, Regensburg (Kreis)'}",Bachelor - Künstliche Intelligenz und Data Science,Adzuna::API::Response::Job,0,2026-09-04T07:22:41Z,,,,
"{'tag': 'unknown', 'label': 'Unknown', '__CLASS__': 'Adzuna::API::Response::Category'}","{'__CLASS__': 'Adzuna::API::Response::Company', 'display_name': 'S-Kreditpartner GmbH'}","S-Kreditpartner – unser Name ist Programm. Und der macht deutlich: Wir gehören zur Sparkassen-Familie. Als spezialisierter Motor der Innovation bündeln wir unsere Expertise in der Auto- und Konsumenten­finanzierung. Gemein­sam mit unseren Vertriebs­partnern wollen wir die Position der Sparkassen-Finanz­gruppe in diesen Geschäftsfeldern stärken. Im Bereich Geschäftsent­wicklung sind wir für die Weiterent­wicklung und Optimierung von Retailkredit­produkten, Refinanzierungs­produkten und ‑prozesse…",52.507706,https://www.adzuna.de/land/ad/5891426878?se=sn-UkNHA8RGG747TTDN8rQ&utm_medium=api&utm_source=a4bcf954&v=CEF772F72E514D5A6C02DB7E044181845830BAA5,13.420806,eyJhbGciOiJIUzI1NiJ9.eyJpIjoiNTg5MTQyNjg3OCIsInMiOiJzbi1Va05IQThSR0c3NDdUVEROOHJRIn0.fQNmchLgGAiLpYvYTiMoLuLSNOB3DfMXT51-tH56jvo,5891426878,"{'display_name': 'Berlin, Deutschland', '__CLASS__': 'Adzuna::API::Response::Location', 'area': ['Deutschland', 'Berlin']}",Werkstudent Date Science – Konditions­gestaltung (m/w/d),Adzuna::API::Response::Job,0,2026-09-20T07:55:46Z,,,,
"{'tag': 'scientific-qa-jobs', 'label': 'Stellen aus Wissenschaft & Qualitätssicherung', '__CLASS__': 'Adzuna::API::Response::Category'}","{'__CLASS__': 'Adzuna::API::Response::Company', 'display_name': 'HUK-COBURG Versicherungsgruppe'}","Im Data Analytics Team der HUK-COBURG transformieren wir Daten in echte Mehrwerte für über 13 Mio. Kund:innen. Als Deutschlands führende Kfz-Versicherung sind wir ein traditionsreiches und stabiles Unternehmen, welches zielgerichtet in Innovation und seine datengetriebene Zukunft investiert. Unsere agilen Data Analytics Teams setzen modernste Machine Learning und KI-Methoden ein, um Prozesse zu optimieren, faire Preise zu berechnen, Schäden digital und intelligent zu steuern und um neue, innova…",50.25777,https://www.adzuna.de/land/ad/5907526239?se=sn-UkNHA8RGG747TTDN8rQ&utm_medium=api&utm_source=a4bcf954&v=978CBAF482DB558908B85259E8D3915B1DC5B439,10.96603,eyJhbGciOiJIUzI1NiJ9.eyJzIjoic24tVWtOSEE4UkdHNzQ3VFRETjhyUSIsImkiOiI1OTA3NTI2MjM5In0.M7Yhw3xpuMpkysbJJRzc_Lwdyi5Fo_zJqIG3MjZyXSY,5907526239,"{'display_name': 'Coburg, Coburg (Kreis)', '__CLASS__': 'Adzuna::API::Response::Location', 'area': ['Deutschland', 'Bayern', 'Coburg (Kreis)', 'Coburg']}",(Senior) Applied Scientist (Machine Learning) (w/m/d),Adzuna::API::Response::Job,0,2026-10-02T08:05:21Z,,,,
"{'tag': 'sales-jobs', '__CLASS__': 'Adzuna::API::Response::Category', 'label': 'Vertriebsstellen'}","{'display_name': 'IQVIA CSMS GmbH', '__CLASS__': 'Adzuna::API::Response::Company'}","IQVIA – The Human Data Science Company – ist ein führender, globaler Anbieter von zukunftsweisender Analytik, Technologielösungen und klinischer Auftragsforschung. IQVIA unterstützt Life Science Unternehmen, Verbände, Institutionen, Kostenträger und weitere Akteure im Gesundheitswesen darin, bessere Ergebnisse in der Gesundheitsversorgung zu erzielen. Werden Sie Teil unserer Community von rund 88.000 Mitarbeiterinnen und Mitarbeitern in über 100 Ländern, die sich dafür einsetzen, das Potenzial …",54.132423,https://www.adzuna.de/land/ad/5877432941?se=sn-UkNHA8RGG747TTDN8rQ&utm_medium=api&utm_source=a4bcf954&v=42ECC0FE5951711DA325BEB50D3C92BAA9B603CF,12.131588,eyJhbGciOiJIUzI1NiJ9.eyJzIjoic24tVWtOSEE4UkdHNzQ3VFRETjhyUSIsImkiOiI1ODc3NDMyOTQxIn0.olsKtbjD3_to62p4ONs-vm89hB42Uz2PnO9U-OdMrzw,5877432941,"{'display_name': 'Rostock, Mecklenburg-Vorpommern', 'area': ['Deutschland', 'Mecklenburg-Vorpommern', 'Rostock'], '__CLASS__': 'Adzuna::API::Response::Location'}",Pharmaberater/Pharmareferenten (m/w/d) für den wissenschaftlichen / pharmazeutischen Außendienst im Bereich Impfstoffe,Adzuna::API::Response::Job,0,2026-09-09T19:49:41Z,,,,
"{'__CLASS__': 'Adzuna::API::Response::Category', 'label': 'Unknown', 'tag': 'unknown'}","{'__CLASS__': 'Adzuna::API::Response::Company', 'display_name': 'EVI Energieversorgung Hildesheim GmbH & Co. KG'}","Mit über 300 Mitarbeiter:innen ist die EVI Energieversorgung Hildesheim eines der großen Energiewirtschaftsunternehmen in Niedersachsen. Unsere Themen sind die moderne Gas-, Wasser- und Wärmeversorgung, die Mobilität, die Reduzierung von CO2, die Realisierung einer klimafreundlichen Strom- und Wärmeerzeugung, die Digitalisierung, die Kopplung der einzelnen Sektoren, Glasfaser etc. Wir haben eine klare Vorstellung von unserer Zukunft und haben noch viel vor! Unser Ziel ist es, die Lebensqualität…",52.141344,https://www.adzuna.de/land/ad/5906223239?se=sn-UkNHA8RGG747TTDN8rQ&utm_medium=api&utm_source=a4bcf954&v=13E1E10543AA775435B754865CE49612D6C173DA,9.959913,eyJhbGciOiJIUzI1NiJ9.eyJpIjoiNTkwNjIyMzIzOSIsInMiOiJzbi1Va05IQThSR0c3NDdUVEROOHJRIn0.SuQ_58NXe41ntp4OQCNnnMESLKfiR2GNh1gMiCwc9-s,5906223239,"{'area': ['Deutschland', 'Niedersachsen', 'Hildesheim (Kreis)', 'Hildesheim'], '__CLASS__': 'Adzuna::API::Response::Location', 'display_name': 'Hildesheim, Hildesheim (Kreis)'}",KI-Spezialist:in (m/w/d),Adzuna::API::Response::Job,0,2026-10-01T21:44:55Z,,,,
"{'label': 'Unknown', '__CLASS__': 'Adzuna::API::Response::Category', 'tag': 'unknown'}","{'display_name': 'CTC gGmbH – Center for the Transformation of Chemistry', '__CLASS__': 'Adzuna::API::Response::Company'}","Das Center for the Transformation of Chemistry (CTC) ist ein neu entstehendes Großforschungszentrum in Mitteldeutschland mit den Standorten Delitzsch in Sachsen und Merseburg in Sachsen-Anhalt. Das Zentrum wird in der Gesellschaftsform einer gGmbH vom Bund sowie den Ländern Sachsen und Sachsen-Anhalt betrieben und finanziert. Am CTC wollen wir Chemie neu denken und umsetzen – und zwar auf vielen Ebenen: neue Materialien, neue chemische Prozesse und Anlagen und eine neue Art chemisch zu forschen…",51.52196,https://www.adzuna.de/land/ad/5888965502?se=sn-UkNHA8RGG747TTDN8rQ&utm_medium=api&utm_source=a4bcf954&v=289F16FB163A2D6BF13124C2E9E7F1B847C25E09,12.33728,eyJhbGciOiJIUzI1NiJ9.eyJzIjoic24tVWtOSEE4UkdHNzQ3VFRETjhyUSIsImkiOiI1ODg4OTY1NTAyIn0.rn_2bLikbvX4NPNyaQuanpS8SDJRBOAiSW3sYWTpKgc,5888965502,"{'area': ['Deutschland', 'Sachsen', 'Nordsachsen (Kreis)', 'Delitzsch'], '__CLASS__': 'Adzuna::API::Response::Location', 'display_name': 'Delitzsch, Nordsachsen (Kreis)'}","Justiziar/in (m/w/d) mit Schwerpunkt Datenschutz, Vergabe- und Vertragsrecht und Arbeitsrecht",Adzuna::API::Response::Job,0,2026-09-18T11:03:18Z,,,,
"{'__CLASS__': 'Adzuna::API::Response::Category', 'label': 'IT-Stellen', 'tag': 'it-jobs'}","{'__CLASS__': 'Adzuna::API::Response::Company', 'display_name': 'PartSpace GmbH'}","Wenn du schon mal eine CAD-Zeichnung gesehen hast und dachtest: „Da steckt doch mehr drin als nur Linien und Maße“, dann wirst du dich bei uns schnell zu Hause fühlen. Denn genau das glauben wir auch! Wir arbeiten jeden Tag daran, dieses „Mehr“ sichtbar zu machen. PartSpace ist die Plattform, die technischen Zeichnungen eine neue Bedeutung gibt: Unsere KI analysiert, versteht und rechnet aus, was früher Bauchgefühl war. Direkt aus der Konstruktion heraus. So helfen wir Industrieunternehmen, ihr…",48.83367,https://www.adzuna.de/land/ad/5801508978?se=sn-UkNHA8RGG747TTDN8rQ&utm_medium=api&utm_source=a4bcf954&v=680241CBC2CEEA053248E8208BBAE4699C233C1F,12.96065,eyJhbGciOiJIUzI1NiJ9.eyJpIjoiNTgwMTUwODk3OCIsInMiOiJzbi1Va05IQThSR0c3NDdUVEROOHJRIn0.LK3FWUrJr5v6fXdNXAUS42qxMn2bxAlYaAlJYTjhrEE,5801508978,"{'area': ['Deutschland', 'Bayern', 'Deggendorf (Kreis)', 'Deggendorf'], '__CLASS__': 'Adzuna::API::Response::Location', 'display_name': 'Deggendorf, Deggendorf (Kreis)'}",IT Projektleiter - SaaS / KI / SAP / PLM (m/w/d),Adzuna::API::Response::Job,0,2026-07-15T21:26:45Z,,,,
"{'tag': 'unknown', '__CLASS__': 'Adzuna::API::Response::Category', 'label': 'Unknown'}","{'__CLASS__': 'Adzuna::API::Response::Company', 'display_name': 'Rosenxt Group'}","Rosenxt ist eine zukunftsorientierte Technologiegruppe - wir sind visionäre Architekten des Fortschritts mit Jahrzehnten an Ingenieurs-Exzellenz. Als ein privat geführter globaler Partner mit mehr als 650 Mitarbeitern schauen wir weit in die Zukunft, setzen auf Langfristigkeit und machen so aus Chancen erfolgreiche Geschäftsfelder. Wir sind technikbegeistert durch und durch, tauchen tief in die neuesten Technologien ein. Diese Expertise in verschiedensten Technologiebereichen wie Sensoren, auto…",,https://www.adzuna.de/land/ad/5875644707?se=sn-UkNHA8RGG747TTDN8rQ&utm_medium=api&utm_source=a4bcf954&v=D6BB5247B237A6A415B198CBF9F68242B5A712C6,,eyJhbGciOiJIUzI1NiJ9.eyJpIjoiNTg3NTY0NDcwNyIsInMiOiJzbi1Va05IQThSR0c3NDdUVEROOHJRIn0.ZNnGRCBfert_Qr2LpWYBHV7dNGORcsSdd5dCvW7LCpU,5875644707,"{'__CLASS__': 'Adzuna::API::Response::Location', 'area': ['Deutschland'], 'display_name': 'Deutschland'}","Cloud-Native Architekt (m/w/d) – Kubernetes, CNCF, MLOps",Adzuna::API::Response::Job,0,2026-09-08T16:42:44Z,,,,
"{'__CLASS__': 'Adzuna::API::Response::Category', 'label': 'Unknown', 'tag': 'unknown'}","{'__CLASS__': 'Adzuna::API::Response::Company', 'display_name': 'Union Investment'}","Union Investment ist bekannt für eine herausragende Expertise im Asset Management und damit eine der führenden Investmentfondsgesellschaften. Als Teil der Genossenschaftlichen FinanzGruppe bieten wir Privatpersonen sowie institutionellen Kunden seit 1956 zukunftssichere Anlagelösungen mit dem Ziel, das Vermögen unserer mehr als fünf Millionen Anleger*innen zu vermehren. Unsere Kultur ist geprägt von einem hohen Leistungsanspruch und partnerschaftlichen Miteinander. Bei uns bringen alle Mitarbei…",50.129683,https://www.adzuna.de/land/ad/5881800396?se=sn-UkNHA8RGG747TTDN8rQ&utm_medium=api&utm_source=a4bcf954&v=37052354F898808E0E66620CBFA3AA8789F317DF,8.650578,eyJhbGciOiJIUzI1NiJ9.eyJpIjoiNTg4MTgwMDM5NiIsInMiOiJzbi1Va05IQThSR0c3NDdUVEROOHJRIn0.mwQ6gIjGDe7IwP7MgUWbJVI1lwOVmCnWW2ayivubfQc,5881800396,"{'display_name': 'Frankfurt am Main, Hessen', '__CLASS__': 'Adzuna::API::Response::Location', 'area': ['Deutschland', 'Hessen', 'Frankfurt am Main']}",Forward Deployed Architekt*in KI-native Delivery,Adzuna::API::Response::Job,0,2026-09-12T22:57:05Z,,,,
"{'__CLASS__': 'Adzuna::API::Response::Category', 'label': 'Unknown', 'tag': 'unknown'}","{'display_name': 'adesso SE', '__CLASS__': 'Adzuna::API::Response::Company'}","Bei uns kommen AI-Kompetenz, Engineering-Exzellenz und fundiertes Branchenverständnis zusammen – getragen von Menschen, die gemeinsam etwas bewegen wollen. So entstehen zukunftsfähige Lösungen, die im Alltag unserer Kunden wirklich einen Unterschied machen. Das gelingt durch Menschen, die Verantwortung übernehmen, Chancen erkennen und technologische Möglichkeiten in greifbare Ergebnisse verwandeln. Dafür schaffen wir ein Umfeld, das von gegenseitiger Unterstützung geprägt ist: Raum für fachlich…",51.226802,https://www.adzuna.de/land/ad/5906459617?se=sn-UkNHA8RGG747TTDN8rQ&utm_medium=api&utm_source=a4bcf954&v=4166DDE4FD8C9EAD66F7E5160EDDE79EC2BB9808,6.808387,eyJhbGciOiJIUzI1NiJ9.eyJpIjoiNTkwNjQ1OTYxNyIsInMiOiJzbi1Va05IQThSR0c3NDdUVEROOHJRIn0.f-2pWugZsxjrgStG8Yv8ePz6v2Y17-nMi9grWaVIBBg,5906459617,"{'area': ['Deutschland', 'Nordrhein-Westfalen', 'Düsseldorf'], '__CLASS__': 'Adzuna::API::Response::Location', 'display_name': 'Düsseldorf, Nordrhein-Westfalen'}",Data Engineer Salesforce Data Cloud (all genders),Adzuna::API::Response::Job,0,2026-10-02T02:23:30Z,,,,
"{'label': 'Unknown', '__CLASS__': 'Adzuna::API::Response::Category', 'tag': 'unknown'}","{'display_name': 'adesso SE', '__CLASS__': 'Adzuna::API::Response::Company'}","Bei uns kommen AI-Kompetenz, Engineering-Exzellenz und fundiertes Branchenverständnis zusammen – getragen von Menschen, die gemeinsam etwas bewegen wollen. So entstehen zukunftsfähige Lösungen, die im Alltag unserer Kunden wirklich einen Unterschied machen. Das gelingt durch Menschen, die Verantwortung übernehmen, Chancen erkennen und technologische Möglichkeiten in greifbare Ergebnisse verwandeln. Dafür schaffen wir ein Umfeld, das von gegenseitiger Unterstützung geprägt ist: Raum für fachlich…",52.507706,https://www.adzuna.de/land/ad/5900900092?se=sn-UkNHA8RGG747TTDN8rQ&utm_medium=api&utm_source=a4bcf954&v=EF9C948140A988AF3C1B894D77838B3ED5161F53,13.420806,eyJhbGciOiJIUzI1NiJ9.eyJzIjoic24tVWtOSEE4UkdHNzQ3VFRETjhyUSIsImkiOiI1OTAwOTAwMDkyIn0.89vhW_gARmzNxwB-9KCNy7EFraPs57U1dJsbBPFaBGk,5900900092,"{'display_name': 'Berlin, Deutschland', '__CLASS__': 'Adzuna::API::Response::Location', 'area': ['Deutschland', 'Berlin']}",Senior Consultant Data & AI - Process Mining (all genders),Adzuna::API::Response::Job,0,2026-09-27T23:18:26Z,,,,
"{'__CLASS__': 'Adzuna::API::Response::Category', 'label': 'Unknown', 'tag': 'unknown'}","{'display_name': 'Blickle Räder+Rollen GmbH u. Co. KG', '__CLASS__': 'Adzuna::API::Response::Company'}","Wir sind eine mittelständische Unternehmensgruppe mit 23 Vertriebsgesellschaften in Europa, Nordamerika, Südamerika, Asien und Australien und beschäftigen insgesamt mehr als 1.350 Mitarbeitende, davon über 950 am Stammsitz in Rosenfeld. Wir sind Weltmarktführer unserer Branche und exportieren unsere Produkte in über 120 Länder. Die Schwerpunkte unserer Fertigung sind Stanz- und Umformtechnik, Schweißen und Montage sowie Kunststoffverarbeitung und Polyurethanfertigung. Unsere Kunden sind überwie…",48.2866,https://www.adzuna.de/land/ad/5876729025?se=sn-UkNHA8RGG747TTDN8rQ&utm_medium=api&utm_source=a4bcf954&v=5B31BB18B5B59FB74235909679A8B4EDCD5ABFA3,8.72455,eyJhbGciOiJIUzI1NiJ9.eyJpIjoiNTg3NjcyOTAyNSIsInMiOiJzbi1Va05IQThSR0c3NDdUVEROOHJRIn0.8mQhSKzKsQPzdt_pN5S5GQIK6iMEMMUMkR4bgJA_Iew,5876729025,"{'__CLASS__': 'Adzuna::API::Response::Location', 'area': ['Deutschland', 'Baden-Württemberg', 'Zollernalbkreis', 'Rosenfeld'], 'display_name': 'Rosenfeld, Zollernalbkreis'}",SAP Application Developer / SAP ABAP Entwickler (m/w/d) - S/4 HANA / UI5,Adzuna::API::Response::Job,0,2026-09-09T07:49:52Z,,,,
"{'__CLASS__': 'Adzuna::API::Response::Category', 'label': 'Unknown', 'tag': 'unknown'}","{'display_name': 'jobvector', '__CLASS__': 'Adzuna::API::Response::Company'}","Du hast Lust auf diese Aufgaben Du unterstützt uns im Bereich Data Engineering bei der Erweiterung von Data Pipelines / ETL-Prozessen, z.B. mit Airflow, dbt und Kafka. Du arbeitest in unserer Google Cloud Umgebung und nutzt dabei Services wie BigQuery. Du kombinierst Daten aus internen und externen Quellen und bereitest sie zu einem analytischen Datensatz auf. Du visualisierst Analyseergebnisse mit Tools wie Looker Studio Wir freuen uns auf Deine Qualifikationen Du bist Student:in (m/w/d) oder …",51.226802,https://www.adzuna.de/details/5806562856?utm_medium=api&utm_source=a4bcf954,6.808387,eyJhbGciOiJIUzI1NiJ9.eyJpIjoiNTgwNjU2Mjg1NiIsInMiOiJzbi1Va05IQThSR0c3NDdUVEROOHJRIn0.YZ2a1IPC6MlVZkOOjWQG3wWIwWJMlhCfcxYhxNoaInM,5806562856,"{'display_name': 'Düsseldorf, Nordrhein-Westfalen', 'area': ['Deutschland', 'Nordrhein-Westfalen', 'Düsseldorf'], '__CLASS__': 'Adzuna::API::Response::Location'}",Praktikum Data Science / Data Engineering (m/w/d),Adzuna::API::Response::Job,0,2026-07-19T00:14:27Z,full_time,,,
"{'tag': 'other-general-jobs', '__CLASS__': 'Adzuna::API::Response::Category', 'label': 'Sonstige/Allgemeine Stellen'}","{'__CLASS__': 'Adzuna::API::Response::Company', 'display_name': 'Bundeskriminalamt'}",Wissenschaftliche Mitarbeiterin / Wissenschaftlicher Mitarbeiter im Bereich „KI/Data Science Kriminal­technische Analytik“ (w/m/d) Personenkreis: Tarifbeschäftigte und Beamtinnen und Beamte Arbeits-/Dienstort: Wiesbaden Beschäftigungsumfang: Vollzeit/Teilzeit Vergütung/Besoldung: EG 14 TV EntgO Bund mit dem Ziel der Verbeamtung bzw. A 13h/​A 14 BBesG (Bundes­besoldungs­gesetz) Bewerbungs­frist: 31.10.2026 Arbeits-/Dienstbeginn: zum nächstmöglichen Zeitpunkt Joblevel: Fachkraft Berufs­gruppe: IT…,50.08407,https://www.adzuna.de/land/ad/5908101572?se=sn-UkNHA8RGG747TTDN8rQ&utm_medium=api&utm_source=a4bcf954&v=5C2D06CF7103DCF8FFE5325EC7207001893C0B08,8.23838,eyJhbGciOiJIUzI1NiJ9.eyJpIjoiNTkwODEwMTU3MiIsInMiOiJzbi1Va05IQThSR0c3NDdUVEROOHJRIn0.y5IXye0Q58fus8iEFd8mK-yZW7fvVCJxls6YZiZ5Q2g,5908101572,"{'area': ['Deutschland', 'Hessen', 'Wiesbaden (Kreis)', 'Wiesbaden'], '__CLASS__': 'Adzuna::API::Response::Location', 'display_name': 'Wiesbaden, Wiesbaden (Kreis)'}",Wissenschaftliche Mitarbeiterin / Wissenschaftlicher Mitarbeiter im Bereich „KI/Data Science Kriminal­technische Analytik“ (w/m/d),Adzuna::API::Response::Job,0,2026-10-02T15:37:23Z,,,,
"{'tag': 'it-jobs', '__CLASS__': 'Adzuna::API::Response::Category', 'label': 'IT-Stellen'}","{'display_name': 'ebm-papst neo GmbH & Co. KG', '__CLASS__': 'Adzuna::API::Response::Company'}","ebm-papst ist weltweit führender Hersteller von Ventilatoren und Motoren in der Luft- und Heiztechnik. Mit unseren intelligenten Lösungen leisten wir einen aktiven Beitrag für eine nachhaltige Zukunft und ermöglichen Menschen weltweit ein besseres Leben. Damit uns das gelingt, entwickeln wir uns selbst, unser innovatives Arbeitsumfeld und die Art, wie wir zusammenarbeiten stetig voran. Mutig, inspirierend und weltoffen. Wir bei ebm-papst nennen das: Better Working. Better Teams. Better Future. …",51.504967,https://www.adzuna.de/land/ad/5899338072?se=sn-UkNHA8RGG747TTDN8rQ&utm_medium=api&utm_source=a4bcf954&v=04074B7B6E3D0270D98CABD6CB0CDCB48DF436FD,7.464954,eyJhbGciOiJIUzI1NiJ9.eyJzIjoic24tVWtOSEE4UkdHNzQ3VFRETjhyUSIsImkiOiI1ODk5MzM4MDcyIn0.AfNsvZIebgUOCt_XfcMvvzOa92be-pE624zB7ZoC1bo,5899338072,"{'area': ['Deutschland', 'Nordrhein-Westfalen', 'Dortmund'], '__CLASS__': 'Adzuna::API::Response::Location', 'display_name': 'Dortmund, Nordrhein-Westfalen'}",Senior Backend & Cloud Engineer (Node.js / Python / AWS) (w/m/d),Adzuna::API::Response::Job,0,2026-09-26T08:02:06Z,,,,
"{'tag': 'unknown', 'label': 'Unknown', '__CLASS__': 'Adzuna::API::Response::Category'}","{'display_name': 'MWAY DIGITAL GmbH', '__CLASS__': 'Adzuna::API::Response::Company'}","Dein Studium Du möchtest Theorie und Praxis miteinander verknüpfen und begeisterst dich für Daten, Analysen und Künstliche Intelligenz? Dann ist das duale Studium im Bereich Data Science & Künstliche Intelligenz in Kombination mit MWAY genau das Richtige für dich. Studiendauer: 3 Jahre Studienverlauf: Wechsel von Theorie- und Praxisphasen im 3-Monats-Rhythmus Praxisort: Stuttgart-Bad Cannstatt Studienstart: 01.10.2027 Studienort: DHBW Stuttgart Abschluss: Bachelor of Science Weitere Information…",48.80499,https://www.adzuna.de/details/5593655402?utm_medium=api&utm_source=a4bcf954,9.21546,eyJhbGciOiJIUzI1NiJ9.eyJzIjoic24tVWtOSEE4UkdHNzQ3VFRETjhyUSIsImkiOiI1NTkzNjU1NDAyIn0.88vH8vwDO0L7BXec_9XX8eHP90PaaERbRsqC2eXbbVo,5593655402,"{'display_name': 'Bad Cannstatt, Stuttgart', '__CLASS__': 'Adzuna::API::Response::Location', 'area': ['Deutschland', 'Baden-Württemberg', 'Stuttgart', 'Bad Cannstatt']}",DHBW Data Science & Künstliche Intelligenz – 2027,Adzuna::API::Response::Job,0,2026-01-21T06:59:03Z,full_time,,,
"{'tag': 'it-jobs', '__CLASS__': 'Adzuna::API::Response::Category', 'label': 'IT-Stellen'}","{'__CLASS__': 'Adzuna::API::Response::Company', 'display_name': 'MWAY DIGITAL'}","Dein Studium Du möchtest Theorie und Praxis miteinander verknüpfen und begeisterst dich für Daten, Analysen und Künstliche Intelligenz? Dann ist das duale Studium im Bereich Data Science & Künstliche Intelligenz in Kombination mit MWAY genau das Richtige für dich. Studiendauer: 3 Jahre Studienverlauf: Wechsel von Theorie- und Praxisphasen im 3-Monats-Rhythmus Praxisort: Stuttgart-Bad Cannstatt Studienstart: 01.10.2027 Studienort: DHBW Stuttgart Abschluss: Bachelor of Science Weitere Information…",48.776198,https://www.adzuna.de/details/5727301322?utm_medium=api&utm_source=a4bcf954,9.187224,eyJhbGciOiJIUzI1NiJ9.eyJzIjoic24tVWtOSEE4UkdHNzQ3VFRETjhyUSIsImkiOiI1NzI3MzAxMzIyIn0.fpQIhs7Cvpi-ArCeW9NHxF24DWTxIM_JU3T5oa1OuRE,5727301322,"{'display_name': 'Stuttgart, Baden-Württemberg', '__CLASS__': 'Adzuna::API::Response::Location', 'area': ['Deutschland', 'Baden-Württemberg', 'Stuttgart']}",DHBW Data Science & Künstliche Intelligenz – 2027,Adzuna::API::Response::Job,0,2026-05-12T22:59:27Z,full_time,,,
"{'label': 'Unknown', '__CLASS__': 'Adzuna::API::Response::Category', 'tag': 'unknown'}","{'display_name': 'TRUUCO', '__CLASS__': 'Adzuna::API::Response::Company'}","Deine Aufgaben Du arbeitest in unseren cross-funktionalen Teams an spannenden Data-Science-Projekten im Finanzbereich mit und entwickelst datengetriebene Lösungen für unsere Kunden. Du unterstützt beim Aufbau, der Strukturierung und der Pflege unserer Modell-Repositories in Bitbucket und arbeitest dabei mit modernen Entwicklungsstandards wie Git, Cookiecutter und Python. Du unterstützt uns bei der Migration unserer Data-Science-Umgebung nach Databricks, beispielsweise durch die Anpassung und Re…",49.00018,https://www.adzuna.de/details/5849747855?utm_medium=api&utm_source=a4bcf954,8.47624,eyJhbGciOiJIUzI1NiJ9.eyJpIjoiNTg0OTc0Nzg1NSIsInMiOiJzbi1Va05IQThSR0c3NDdUVEROOHJRIn0.xs7-tF90Xn22bDrDwj5VcQpinPjNwSNcJcMXE98J4J0,5849747855,"{'display_name': 'Durlach, Karlsruhe', 'area': ['Deutschland', 'Baden-Württemberg', 'Karlsruhe (Kreis)', 'Karlsruhe', 'Durlach'], '__CLASS__': 'Adzuna::API::Response::Location'}",Werkstudierende Data Science (m/w/d),Adzuna::API::Response::Job,0,2026-08-20T17:44:29Z,part_time,18.0,18.0,
"{'label': 'Stellen für Hochschulabsolventen', '__CLASS__': 'Adzuna::API::Response::Category', 'tag': 'graduate-jobs'}","{'display_name': 'Wacker Chemie AG - Werk Burghausen', '__CLASS__': 'Adzuna::API::Response::Company'}",Duales Studium - Data Science & Künstliche Intelligenz Standort Burghausen - 84489 Burghausen - Arbeitszeit: Vollzeit - Position: Duales Studium - Bildungsgrad Mindestvoraussetzung: Fachhochschulreife - Beschäftigungsbeginn: 01.09.2027,48.17244,https://www.adzuna.de/details/5785230275?utm_medium=api&utm_source=a4bcf954,12.83048,eyJhbGciOiJIUzI1NiJ9.eyJpIjoiNTc4NTIzMDI3NSIsInMiOiJzbi1Va05IQThSR0c3NDdUVEROOHJRIn0.9xY3cIFs3VMpL8d-zPsYoZ8i47MBtGz4bJU4R3ce3-A,5785230275,"{'display_name': 'Burghausen, Altötting (Kreis)', 'area': ['Deutschland', 'Bayern', 'Altötting (Kreis)', 'Burghausen'], '__CLASS__': 'Adzuna::API::Response::Location'}",Duales Studium - Data Science & Künstliche Intelligenz,Adzuna::API::Response::Job,0,2026-07-02T11:24:40Z,,,,
"{'tag': 'unknown', 'label': 'Unknown', '__CLASS__': 'Adzuna::API::Response::Category'}","{'__CLASS__': 'Adzuna::API::Response::Company', 'display_name': 'INVENSITY GmbH'}","Welcome Du möchtest mit Data Science echten Impact in technologisch anspruchsvollen Projekten schaffen? Dann bist du bei INVENSITY genau richtig. Als internationale Technologieberatung unterstützen wir unsere Kunden dabei, komplexe technische Fragestellungen datenbasiert zu lösen und innovative Systeme weiterzuentwickeln. Dein Beitrag: Mit smarten Modellen und fundierten Analysen unterstützt du technische Entscheidungsprozesse in der Luft- und Raumfahrt sowie im Defense-Umfeld und schaffst so d…",48.1476,https://www.adzuna.de/details/5821791948?utm_medium=api&utm_source=a4bcf954,11.56803,eyJhbGciOiJIUzI1NiJ9.eyJpIjoiNTgyMTc5MTk0OCIsInMiOiJzbi1Va05IQThSR0c3NDdUVEROOHJRIn0.1LFJ5GtJ7PIs61UjiXdc9iG25wOleOAU4u1-INlu1KI,5821791948,"{'display_name': 'Maxvorstadt, München', '__CLASS__': 'Adzuna::API::Response::Location', 'area': ['Deutschland', 'Bayern', 'München (Kreis)', 'München', 'Maxvorstadt']}",Data Science Consultant (m/w/d),Adzuna::API::Response::Job,0,2026-07-31T02:40:38Z,full_time,,,permanent
"{'tag': 'consultancy-jobs', 'label': 'Beraterstellen', '__CLASS__': 'Adzuna::API::Response::Category'}","{'display_name': 'INVENSITY Stellenportal', '__CLASS__': 'Adzuna::API::Response::Company'}","Welcome Du möchtest mit Data Science echten Impact in technologisch anspruchsvollen Projekten schaffen? Dann bist du bei INVENSITY genau richtig. Als internationale Technologieberatung unterstützen wir unsere Kunden dabei, komplexe technische Fragestellungen datenbasiert zu lösen und innovative Systeme weiterzuentwickeln. Dein Beitrag: Mit smarten Modellen und fundierten Analysen unterstützt du technische Entscheidungsprozesse in der Luft- und Raumfahrt sowie im Defense-Umfeld und schaffst so d…",48.77713,https://www.adzuna.de/details/5824132624?utm_medium=api&utm_source=a4bcf954,9.18071,eyJhbGciOiJIUzI1NiJ9.eyJpIjoiNTgyNDEzMjYyNCIsInMiOiJzbi1Va05IQThSR0c3NDdUVEROOHJRIn0.sXzGmnD7xCtRynx8ZPpDAC4N84dXlVQTFuZm0hJPjqw,5824132624,"{'display_name': 'Mitte, Stuttgart', 'area': ['Deutschland', 'Baden-Württemberg', 'Stuttgart', 'Mitte'], '__CLASS__': 'Adzuna::API::Response::Location'}",Data Science Consultant (m/w/d),Adzuna::API::Response::Job,0,2026-08-01T17:24:04Z,full_time,,,
"{'tag': 'consultancy-jobs', '__CLASS__': 'Adzuna::API::Response::Category', 'label': 'Beraterstellen'}","{'__CLASS__': 'Adzuna::API::Response::Company', 'display_name': 'QPLIX GmbH'}","QPLIX entwickelt und betreibt eine FinTech-Plattform für das Management komplexer Vermögen. Über die Plattform werden derzeit insgesamt mehr als 300 Mrd. EUR von namhaft en nationalen und internationalen Kund:innen wie Family Offices, Asset Managern und Banken verwaltet. Sie nutzen QPLIX für das Management aller Bestandteile ihres verwalteten Vermögens, das von Aktien, Anleihen, Private Equity Funds und Immobilien über Kunst und Sammlerstücke bis hin zu Flugzeugen und Golfplätzen reicht. Das QP…",,https://www.adzuna.de/land/ad/5844265689?se=sn-UkNHA8RGG747TTDN8rQ&utm_medium=api&utm_source=a4bcf954&v=8801D4C8FB07CBBFF9EDD5D420B3D064FE0DA063,,eyJhbGciOiJIUzI1NiJ9.eyJzIjoic24tVWtOSEE4UkdHNzQ3VFRETjhyUSIsImkiOiI1ODQ0MjY1Njg5In0.j344c5v9df0pd4idYYBAsv6BBhKMujzdgKQDkDIWf4I,5844265689,"{'__CLASS__': 'Adzuna::API::Response::Location', 'area': ['Deutschland'], 'display_name': 'Deutschland'}",Implementation Consultant | Investment Finance | 80-100% (m/w/d),Adzuna::API::Response::Job,0,2026-08-16T16:06:36Z,,,,
"{'label': 'Unknown', '__CLASS__': 'Adzuna::API::Response::Category', 'tag': 'unknown'}","{'__CLASS__': 'Adzuna::API::Response::Company', 'display_name': 'adjoe'}","adjoe builds the technologies behind mobile apps growth and monetization. adjoe Ads is our programmatic in-app advertising platform that seamlessly connects advertisers and publishers through direct integration of our Android and iOS SDKs. Every ad decision happens in under 200ms across 10 million daily users, powered by real-time bidding algorithms and user quality prediction models that match the right ad to the right user at the right moment. 50 Billion Daily Bid Predictions The adjoe Ads Da…",53.557429,https://www.adzuna.de/details/5833704156?utm_medium=api&utm_source=a4bcf954,9.987297,eyJhbGciOiJIUzI1NiJ9.eyJpIjoiNTgzMzcwNDE1NiIsInMiOiJzbi1Va05IQThSR0c3NDdUVEROOHJRIn0.gC4vtwDxkCEtX5OKtXRDEtV3K3fCFnIKXxcIwF0k4Zo,5833704156,"{'__CLASS__': 'Adzuna::API::Response::Location', 'area': ['Deutschland', 'Hamburg'], 'display_name': 'Hamburg, Deutschland'}",Data Science Director (f/m/d),Adzuna::API::Response::Job,0,2026-08-08T18:04:35Z,full_time,,,
"{'label': 'Unknown', '__CLASS__': 'Adzuna::API::Response::Category', 'tag': 'unknown'}","{'display_name': 'HCIE', '__CLASS__': 'Adzuna::API::Response::Company'}","Hanselmann & Compagnie ist eine Unternehmensberatung der es auf technologische Expertise, strategischen Weitblick und praxisorientierte Umsetzung ankommt. Setup Als Data Science Expert unterstützen Sie die digitale Transformation unserer Kunden: Sie sammeln, bereinigen und organisieren große Datenmengen und wenden statistische Modelle und Methoden an, um Vorhersagen zu treffen und Entscheidungen vorzubereiten. Dank Ihrer sehr guten Abstraktions- und Kommunikationsfähigkeit gelingt es Ihnen, Ihr…",48.81065,https://www.adzuna.de/details/5878627490?utm_medium=api&utm_source=a4bcf954,9.1557,eyJhbGciOiJIUzI1NiJ9.eyJzIjoic24tVWtOSEE4UkdHNzQ3VFRETjhyUSIsImkiOiI1ODc4NjI3NDkwIn0.SvRWxhVlGFM5R-LMgrH13RxkM0miLdxBjRee9ivlolE,5878627490,"{'area': ['Deutschland', 'Baden-Württemberg', 'Stuttgart', 'Feuerbach'], '__CLASS__': 'Adzuna::API::Response::Location', 'display_name': 'Feuerbach, Stuttgart'}",Data Science Expert (m/w/d),Adzuna::API::Response::Job,0,2026-09-10T17:41:37Z,full_time,,,
"{'tag': 'unknown', 'label': 'Unknown', '__CLASS__': 'Adzuna::API::Response::Category'}","{'__CLASS__': 'Adzuna::API::Response::Company', 'display_name': 'twomynds'}","Über uns Du willst technische Verantwortung übernehmen und sehen, wie deine Arbeit in echten Use Cases Mehrwert schafft – bei Unternehmen, die du aus dem Alltag kennst? Willkommen bei twomynds. Wir sind eine dedizierte Data-&-AI-Beratung sowie ein Service Provider mit End-to-End-Umsetzung und begleiten Unternehmen von der strategischen Zielsetzung bis zur operativen Realisierung – strategisch, umsetzungsstark und ergebnisorientiert. Unsere Mission: Ambitionierte Unternehmen befähigen, Data & AI…",50.73754,https://www.adzuna.de/details/5804577884?utm_medium=api&utm_source=a4bcf954,7.10344,eyJhbGciOiJIUzI1NiJ9.eyJpIjoiNTgwNDU3Nzg4NCIsInMiOiJzbi1Va05IQThSR0c3NDdUVEROOHJRIn0.wPy9pQOtluLINL3HZP-exX5A11ldzoT3KML6tDTDTDs,5804577884,"{'__CLASS__': 'Adzuna::API::Response::Location', 'area': ['Deutschland', 'Nordrhein-Westfalen', 'Bonn', 'Zentrum'], 'display_name': 'Zentrum, Bonn'}",Data Science Manager (m/w/d),Adzuna::API::Response::Job,0,2026-07-17T09:55:42Z,,,,
"{'tag': 'unknown', '__CLASS__': 'Adzuna::API::Response::Category', 'label': 'Unknown'}","{'__CLASS__': 'Adzuna::API::Response::Company', 'display_name': 'twomynds'}","Über uns Du willst technische Verantwortung übernehmen und sehen, wie deine Arbeit in echten Use Cases Mehrwert schafft – bei Unternehmen, die du aus dem Alltag kennst? Willkommen bei twomynds. Wir sind eine dedizierte Data-&-AI-Beratung sowie ein Service Provider mit End-to-End-Umsetzung und begleiten Unternehmen von der strategischen Zielsetzung bis zur operativen Realisierung – strategisch, umsetzungsstark und ergebnisorientiert. Unsere Mission: Ambitionierte Unternehmen befähigen, Data & AI…",50.71942,https://www.adzuna.de/details/5803061236?utm_medium=api&utm_source=a4bcf954,7.112412,eyJhbGciOiJIUzI1NiJ9.eyJpIjoiNTgwMzA2MTIzNiIsInMiOiJzbi1Va05IQThSR0c3NDdUVEROOHJRIn0.4SQuBCIKBSX1jlahT8ZY_OA5J11g2WcelNgYMqWI5do,5803061236,"{'__CLASS__': 'Adzuna::API::Response::Location', 'area': ['Deutschland', 'Nordrhein-Westfalen', 'Bonn'], 'display_name': 'Bonn, Nordrhein-Westfalen'}",Data Science Manager (m/w/d),Adzuna::API::Response::Job,0,2026-07-16T16:27:05Z,full_time,,,
"{'label': 'Stellen aus Logistik & Lagerhaltung', '__CLASS__': 'Adzuna::API::Response::Category', 'tag': 'logistics-warehouse-jobs'}","{'display_name': 'Chrono24', '__CLASS__': 'Adzuna::API::Response::Company'}",Darauf kannst Du dich freuen Du übernimmst eigenverantwortlich verschiedene Modellierungs- und Analyseprojekte und nutzt dabei unsere Marktplatzdaten sowie deine fundierten Methodenkenntnisse. Du bereitest Daten aus unterschiedlichen Systemen auf und setzt deine Fähigkeiten im Feature Engineering effektiv ein. Bei der Umsetzung von statistischen Modellen und Modell-Prototypen legst du großen Wert auf deren praktische Anwendbarkeit. Du führst statistisch fundierte Analysen und Simulationen durch…,49.03084,https://www.adzuna.de/details/5727322915?utm_medium=api&utm_source=a4bcf954,8.45882,eyJhbGciOiJIUzI1NiJ9.eyJpIjoiNTcyNzMyMjkxNSIsInMiOiJzbi1Va05IQThSR0c3NDdUVEROOHJRIn0.iTv0wqvxXfPgteqQQvo8TdeUxH0z1FJq5JL_OvET_NQ,5727322915,"{'display_name': 'Hagsfeld, Karlsruhe', 'area': ['Deutschland', 'Baden-Württemberg', 'Karlsruhe (Kreis)', 'Karlsruhe', 'Hagsfeld'], '__CLASS__': 'Adzuna::API::Response::Location'}",Werkstudent Data Science (m/w/d),Adzuna::API::Response::Job,0,2026-05-12T23:08:36Z,part_time,,,
"{'tag': 'unknown', 'label': 'Unknown', '__CLASS__': 'Adzuna::API::Response::Category'}","{'display_name': 'Nespresso Deutschland GmbH', '__CLASS__': 'Adzuna::API::Response::Company'}","Foods you love. Brands you trust. And a career that empowers you to grow. At Nestlé USA, we’re all working towards the same goal - to delight and deliver for our consumers. With a rich portfolio of beloved brands, including DiGiorno, Toll House, and Coffee mate, in 97% of U.S. households, we have a unique opportunity - and responsibility - to be there for every moment in our consumers’ lives. Joining Nestlé means becoming part of an inclusive workplace that inspires innovation, encourages strat…",,https://www.adzuna.de/details/5911829149?utm_medium=api&utm_source=a4bcf954,,eyJhbGciOiJIUzI1NiJ9.eyJpIjoiNTkxMTgyOTE0OSIsInMiOiJzbi1Va05IQThSR0c3NDdUVEROOHJRIn0.1kf0Cly3UzoaxjAar2eV3NnxTNFMC2X5Z0T141f5ABM,5911829149,"{'area': ['Deutschland'], '__CLASS__': 'Adzuna::API::Response::Location', 'display_name': 'Deutschland'}",Senior Manager - Data Science & AI Innovation,Adzuna::API::Response::Job,0,2026-10-04T23:33:16Z,,,,
"{'__CLASS__': 'Adzuna::API::Response::Category', 'label': 'IT-Stellen', 'tag': 'it-jobs'}","{'display_name': 'Compredict', '__CLASS__': 'Adzuna::API::Response::Company'}","Your mission As a (Senior) Data Science Specialist for Virtual Sensors at COMPREDICT, you will improve our existing Virtual Sensors and bring them from research into series application . You will combine research and development with deployment, so that the solutions you build are accurate and robust enough to run in production vehicles. You will work across multiple fields: tire pressure and tire wear, as well as other automotive use cases. Your work is always driven by physics and a solid und…",49.877672,https://www.adzuna.de/details/5911697682?utm_medium=api&utm_source=a4bcf954,8.656595,eyJhbGciOiJIUzI1NiJ9.eyJpIjoiNTkxMTY5NzY4MiIsInMiOiJzbi1Va05IQThSR0c3NDdUVEROOHJRIn0.TGzKn9jTHvBY8fkXMzFcSsHcmFvRlH-bOp_zaJWH2pQ,5911697682,"{'__CLASS__': 'Adzuna::API::Response::Location', 'area': ['Deutschland', 'Hessen', 'Darmstadt'], 'display_name': 'Darmstadt, Hessen'}",(Senior) Data Science Specialist – Virtual Sensor,Adzuna::API::Response::Job,0,2026-10-04T18:35:45Z,full_time,,,
"{'tag': 'unknown', '__CLASS__': 'Adzuna::API::Response::Category', 'label': 'Unknown'}","{'__CLASS__': 'Adzuna::API::Response::Company', 'display_name': 'smartvillage'}","Dafür brauchen wir Dich Für ein neues Digital-Projekt in der MICE-Branche suchen wir Dich: eine Persönlichkeit, die Lust hat, mit uns Dinge neu zu denken, Ideen Realität werden zu lassen und die Zukunft unserer Branche aktiv mitzugestalten. Dateninfrastruktur & Skalierung: Du entwickelst und verantwortest unsere Dateninfrastruktur. Du baust robuste Pipelines, die Daten aus verschiedenen Quellen in ein sauberes, zuverlässiges Data Warehouse überführen und stellst Qualität, Konsistenz und Verfügb…",48.1475,https://www.adzuna.de/details/5727321876?utm_medium=api&utm_source=a4bcf954,11.62828,eyJhbGciOiJIUzI1NiJ9.eyJzIjoic24tVWtOSEE4UkdHNzQ3VFRETjhyUSIsImkiOiI1NzI3MzIxODc2In0.LeNT33OTWIPl9FhT8zJZnjQThFAAGH6WIX5LzXtop8I,5727321876,"{'area': ['Deutschland', 'Bayern', 'München (Kreis)', 'München', 'Bogenhausen'], '__CLASS__': 'Adzuna::API::Response::Location', 'display_name': 'Bogenhausen, München'}",Data Science Engineer (m/w/d),Adzuna::API::Response::Job,0,2026-05-12T23:07:57Z,full_time,,,
"{'label': 'Unknown', '__CLASS__': 'Adzuna::API::Response::Category', 'tag': 'unknown'}","{'__CLASS__': 'Adzuna::API::Response::Company', 'display_name': 'Siltronic AG'}","Siltronic ist einer der weltweit größten Hersteller für Wafer aus Reinstsilizium und Partner vieler führender Chip-Hersteller mit rund 4.300 Mitarbeitenden und Produktionsstätten in Europa, Asien und den USA. Wir entwickeln und fertigen Wafer mit einem Durchmesser von bis zu 300 mm. Diese sind die Grundlage der modernen Mikro- und Nanoelektronik. In einem 3-jährigen Dualen Studium werden Theorie und Praxis gekonnt verbunden. Das hoch qualifizierende Studium wird durch breit gefächerte Praxisein…",50.91404,https://www.adzuna.de/details/5576690121?utm_medium=api&utm_source=a4bcf954,13.33722,eyJhbGciOiJIUzI1NiJ9.eyJzIjoic24tVWtOSEE4UkdHNzQ3VFRETjhyUSIsImkiOiI1NTc2NjkwMTIxIn0.8efs24dZyMJZrnuT-RI7dq3yWm85TgAqLJRyOLA7L8w,5576690121,"{'display_name': 'Freiberg, Mittelsachsen (Kreis)', 'area': ['Deutschland', 'Sachsen', 'Mittelsachsen (Kreis)', 'Freiberg'], '__CLASS__': 'Adzuna::API::Response::Location'}",Duales Studium Data Science und Künstliche Intelligenz,Adzuna::API::Response::Job,0,2026-01-09T20:35:59Z,full_time,,,
"{'label': 'Unknown', '__CLASS__': 'Adzuna::API::Response::Category', 'tag': 'unknown'}","{'display_name': 'KSC Jobs', '__CLASS__': 'Adzuna::API::Response::Company'}","Zum nächstmöglichen Zeitpunkt suchen wir dich als Verstärkung für unser Data-Team im Sportbereich als Werkstudent (m/w/d) mit rund 16 Stunden pro Woche. Daten helfen uns, den Fußball besser zu verstehen und fundiertere Entscheidungen zu treffen von der Kaderplanung über athletische Bereiche bis zur Spielanalyse. Du arbeitest daran mit, unsere Modelle zu entwickeln, und lieferst Analysen und Erkenntnisse, die im Tagesgeschäft genutzt werden. Dabei arbeitest du eng mit Scouting, Analyse und Sport…",49.03084,https://www.adzuna.de/details/5902944374?utm_medium=api&utm_source=a4bcf954,8.45882,eyJhbGciOiJIUzI1NiJ9.eyJpIjoiNTkwMjk0NDM3NCIsInMiOiJzbi1Va05IQThSR0c3NDdUVEROOHJRIn0.-0fPMXScRC4sYHX1FYVXRiUrdpdioYX_SBxO1b92vXg,5902944374,"{'display_name': 'Hagsfeld, Karlsruhe', '__CLASS__': 'Adzuna::API::Response::Location', 'area': ['Deutschland', 'Baden-Württemberg', 'Karlsruhe (Kreis)', 'Karlsruhe', 'Hagsfeld']}",WERKSTUDIUM DATA SCIENCE (m/w/d),Adzuna::API::Response::Job,0,2026-09-29T18:21:36Z,,,,
"{'tag': 'unknown', '__CLASS__': 'Adzuna::API::Response::Category', 'label': 'Unknown'}","{'display_name': 'Lidl Stiftung & Co. KG', '__CLASS__': 'Adzuna::API::Response::Company'}","Eine gute Idee war der Ursprung, ein erfolgreiches Konzept ist das Ergebnis. Qualität zum guten Preis möglichst vielen Menschen anbieten zu können treibt uns an - mittlerweile weltweit, denn wir sind Lidl. Hier ist das berufliche Zuhause vielfältiger Talente. Ob im Einkauf, in der Logistik, im Warengeschäft oder in der IT; ob als Impulsgeber, Gestalter oder Dienstleister der Länder. Wir suchen Anpacker, Durchstarter, Möglichmacher und bieten spannende Aufgaben und Projekte in einem dynamischen …",,https://www.adzuna.de/details/5878583108?utm_medium=api&utm_source=a4bcf954,,eyJhbGciOiJIUzI1NiJ9.eyJzIjoic24tVWtOSEE4UkdHNzQ3VFRETjhyUSIsImkiOiI1ODc4NTgzMTA4In0.z1kaqlSvVSla8JIC6KrH84yDyLJ-j5Dsknjv1wM74-4,5878583108,"{'display_name': 'Deutschland', 'area': ['Deutschland'], '__CLASS__': 'Adzuna::API::Response::Location'}",Duales Studium Wirtschaftsinformatik - Data Science 2027,Adzuna::API::Response::Job,0,2026-09-10T17:06:24Z,,,,
"{'label': 'Unknown', '__CLASS__': 'Adzuna::API::Response::Category', 'tag': 'unknown'}","{'__CLASS__': 'Adzuna::API::Response::Company', 'display_name': 'Lohmann & Co. KG'}","Willkommen im (K)leben! Wir freuen uns, dass Sie sich für Lohmann, den Spezialisten für Klebelösungen, interessieren. Unsere Erfolgsgeschichte begann bereits vor über 170 Jahren. Ein familiengeführtes Unternehmen mit sozialer Verantwortung sind wir noch heute. Und wir sind stolz darauf, für unsere Kunden ein verlässlicher Partner mit zukunftsweisenden Technologien zu sein. An unserer Firmenzentrale in Neuwied produzieren wir High-Tech-Klebebänder für die Industrie im engen Verbund mit unseren r…",50.555835,https://www.adzuna.de/details/5899876244?utm_medium=api&utm_source=a4bcf954,7.468007,eyJhbGciOiJIUzI1NiJ9.eyJzIjoic24tVWtOSEE4UkdHNzQ3VFRETjhyUSIsImkiOiI1ODk5ODc2MjQ0In0.e-TyiEHclj8lvRfMalgq2bZfFFQFp1uW0ftch-uw328,5899876244,"{'area': ['Deutschland', 'Rheinland-Pfalz', 'Neuwied (Kreis)'], '__CLASS__': 'Adzuna::API::Response::Location', 'display_name': 'Neuwied (Kreis), Rheinland-Pfalz'}",Technician Data Science (m/w/d),Adzuna::API::Response::Job,0,2026-09-26T18:08:18Z,part_time,,,
"{'tag': 'it-jobs', '__CLASS__': 'Adzuna::API::Response::Category', 'label': 'IT-Stellen'}","{'display_name': 'Lidl Stiftung & Co. KG', '__CLASS__': 'Adzuna::API::Response::Company'}","Eine gute Idee war der Ursprung, ein erfolgreiches Konzept ist das Ergebnis. Qualität zum guten Preis möglichst vielen Menschen anbieten zu können treibt uns an - mittlerweile weltweit, denn wir sind Lidl. Hier ist das berufliche Zuhause vielfältiger Talente. Ob im Einkauf, in der Logistik, im Warengeschäft oder in der IT; ob als Impulsgeber, Gestalter oder Dienstleister der Länder. Wir suchen Anpacker, Durchstarter, Möglichmacher und bieten spannende Aufgaben und Projekte in einem dynamischen …",,https://www.adzuna.de/details/5911045526?utm_medium=api&utm_source=a4bcf954,,eyJhbGciOiJIUzI1NiJ9.eyJzIjoic24tVWtOSEE4UkdHNzQ3VFRETjhyUSIsImkiOiI1OTExMDQ1NTI2In0.NocXtcKpodGq5NuoNZfaSpN3X2Fcn_s4q9m6OzMo-qo,5911045526,"{'__CLASS__': 'Adzuna::API::Response::Location', 'area': ['Deutschland'], 'display_name': 'Deutschland'}",Duales Studium Wirtschaftsinformatik - Data Science 2027,Adzuna::API::Response::Job,0,2026-10-04T06:09:11Z,,,,
"{'__CLASS__': 'Adzuna::API::Response::Category', 'label': 'Unknown', 'tag': 'unknown'}","{'display_name': 'The BIG Jobsite', '__CLASS__': 'Adzuna::API::Response::Company'}","Eine gute Idee war der Ursprung, ein erfolgreiches Konzept ist das Ergebnis. Qualität zum guten Preis möglichst vielen Menschen anbieten zu können treibt uns an - mittlerweile weltweit, denn wir sind Lidl. Hier ist das berufliche Zuhause vielfältiger Talente. Ob im Einkauf, in der Logistik, im Warengeschäft oder in der IT; ob als Impulsgeber, Gestalter oder Dienstleister der Länder. Wir suchen Anpacker, Durchstarter, Möglichmacher und bieten spannende Aufgaben und Projekte in einem dynamischen …",,https://www.adzuna.de/details/5908325540?utm_medium=api&utm_source=a4bcf954,,eyJhbGciOiJIUzI1NiJ9.eyJpIjoiNTkwODMyNTU0MCIsInMiOiJzbi1Va05IQThSR0c3NDdUVEROOHJRIn0.15_8tOHbVB4BaFIgOjgkzOFByS1T7CnJSmbX4Q7dWHM,5908325540,"{'__CLASS__': 'Adzuna::API::Response::Location', 'area': ['Deutschland'], 'display_name': 'Deutschland'}",Duales Studium Wirtschaftsinformatik - Data Science 2027,Adzuna::API::Response::Job,0,2026-10-02T17:55:52Z,,,,
"{'__CLASS__': 'Adzuna::API::Response::Category', 'label': 'Unknown', 'tag': 'unknown'}","{'display_name': 'Technische Universität München ', '__CLASS__': 'Adzuna::API::Response::Company'}","Professorship of Marketing Analytics TUM School of Management, Technical University of Munich We are hiring a PhD student for a project within TransforM: Munich Center for Transformative Technologies and Societal Change . As a Cluster of Excellence funded by the German Research Foundation (DFG), TransforM’s goal is to better understand why, when, and how technologies become socially transformative, and to critically assess and inform transformation pathways – from the early stages of their emer…",48.137418,https://www.adzuna.de/land/ad/5881805008?se=sn-UkNHA8RGG747TTDN8rQ&utm_medium=api&utm_source=a4bcf954&v=61B038EC828907BB18952F0AEAD8781147A17211,11.555737,eyJhbGciOiJIUzI1NiJ9.eyJpIjoiNTg4MTgwNTAwOCIsInMiOiJzbi1Va05IQThSR0c3NDdUVEROOHJRIn0.WYSKUdKzCqznnjAFa8oYggEEYjjWMPPSHVg2DNOM2GA,5881805008,"{'display_name': 'München, München (Kreis)', 'area': ['Deutschland', 'Bayern', 'München (Kreis)', 'München'], '__CLASS__': 'Adzuna::API::Response::Location'}",PhD student at the Chair of Marketing Analytics (f/m/d),Adzuna::API::Response::Job,0,2026-09-12T23:11:04Z,,,,
"{'label': 'Unknown', '__CLASS__': 'Adzuna::API::Response::Category', 'tag': 'unknown'}","{'__CLASS__': 'Adzuna::API::Response::Company', 'display_name': 'cigus GmbH'}","Hochtechnologie und Innovation …aktiv mitgestalten und vorantreiben – für diese Position suchen wir eine engagierte Persönlichkeit (m/w/d), die mit Ideenreichtum, Verantwortungsbewusstsein und fachlicher Kompetenz überzeugt. Als Beratungsunternehmen unterstützen wir unseren Kunden bei der Suche nach einer passenden Person, die Herausforderungen nicht als Hürde, sondern als spannende Möglichkeit zur Weiterentwicklung versteht. Das erwartet dich: Entwicklung und Industrialisierung von Algorithmen…",48.78408,https://www.adzuna.de/land/ad/5899990940?se=sn-UkNHA8RGG747TTDN8rQ&utm_medium=api&utm_source=a4bcf954&v=1C10BC8E8C1D9FC6195B9EBC362ECD4AC734CF81,10.10558,eyJhbGciOiJIUzI1NiJ9.eyJzIjoic24tVWtOSEE4UkdHNzQ3VFRETjhyUSIsImkiOiI1ODk5OTkwOTQwIn0.4K6RN3MOd5j78jyrknAIWxiOS1HUfDqhc5qEN9GsVAc,5899990940,"{'__CLASS__': 'Adzuna::API::Response::Location', 'area': ['Deutschland', 'Baden-Württemberg', 'Ostalbkreis', 'Oberkochen'], 'display_name': 'Oberkochen, Ostalbkreis'}",Data Scientist Algorithmik-/ML-Engineering Messtechnik (m/w/d),Adzuna::API::Response::Job,0,2026-09-26T23:00:56Z,,,,
"{'tag': 'unknown', 'label': 'Unknown', '__CLASS__': 'Adzuna::API::Response::Category'}","{'__CLASS__': 'Adzuna::API::Response::Company', 'display_name': 'Mercedes-Benz AG'}","Life is always about becoming… Im Leben geht es darum, sich auf eine Reise zu begeben, um die beste Version unseres zukünftigen Selbst zu werden. Während wir Neues entdecken, stellen wir uns Herausforderungen, meistern sie und wachsen über uns hinaus. Bewerben Sie sich bei Mercedes-Benz und finden Sie den Aufgabenbereich, in dem Sie Ihre Talente individuell entfalten können. Dabei werden Sie von visionären Kolleginnen und Kollegen unterstützt, die Ihren Pioniergeist teilen. Bei uns einzusteigen…",48.720071,https://www.adzuna.de/land/ad/5908557529?se=sn-UkNHA8RGG747TTDN8rQ&utm_medium=api&utm_source=a4bcf954&v=68CA66E5B5976D674093CAB95B2236FCA66918E5,9.026231,eyJhbGciOiJIUzI1NiJ9.eyJzIjoic24tVWtOSEE4UkdHNzQ3VFRETjhyUSIsImkiOiI1OTA4NTU3NTI5In0.-l2daxKzmmb5f3LMVw_2i6NogBU10rJF-awS4V7ho5U,5908557529,"{'display_name': 'Sindelfingen, Böblingen (Kreis)', '__CLASS__': 'Adzuna::API::Response::Location', 'area': ['Deutschland', 'Baden-Württemberg', 'Böblingen (Kreis)', 'Sindelfingen']}",Werkstudent*in im Center Karosserieentwicklung Rohbau / Bereichscontrolling - Toolentwicklung,Adzuna::API::Response::Job,0,2026-10-02T19:50:24Z,,,,
"{'tag': 'it-jobs', '__CLASS__': 'Adzuna::API::Response::Category', 'label': 'IT-Stellen'}","{'display_name': 'Rosenxt Group', '__CLASS__': 'Adzuna::API::Response::Company'}","Rosenxt ist eine zukunftsorientierte Technologiegruppe - wir sind visionäre Architekten des Fortschritts mit Jahrzehnten an Ingenieurs-Exzellenz. Als ein privat geführter globaler Partner mit mehr als 650 Mitarbeitern schauen wir weit in die Zukunft, setzen auf Langfristigkeit und machen so aus Chancen erfolgreiche Geschäftsfelder. Wir sind technikbegeistert durch und durch, tauchen tief in die neuesten Technologien ein. Diese Expertise in verschiedensten Technologiebereichen wie Sensoren, auto…",,https://www.adzuna.de/land/ad/5864676381?se=sn-UkNHA8RGG747TTDN8rQ&utm_medium=api&utm_source=a4bcf954&v=483088FFE4A0251EF8EB71BFE0FA3982B2C9721C,,eyJhbGciOiJIUzI1NiJ9.eyJzIjoic24tVWtOSEE4UkdHNzQ3VFRETjhyUSIsImkiOiI1ODY0Njc2MzgxIn0.PTounZ9BzAySvgXkseLk4HrMz9-6hvU_Vq0ANEwBZ4U,5864676381,"{'area': ['Deutschland'], '__CLASS__': 'Adzuna::API::Response::Location', 'display_name': 'Deutschland'}",Senior System Architect (all genders welcome) - Upstream Optimization,Adzuna::API::Response::Job,0,2026-09-01T16:24:13Z,,,,
"{'__CLASS__': 'Adzuna::API::Response::Category', 'label': 'Unknown', 'tag': 'unknown'}","{'display_name': 'ebm-papst Mulfingen GmbH & Co. KGaA & Co. KG', '__CLASS__': 'Adzuna::API::Response::Company'}","ebm-papst ist weltweit führender Hersteller von Ventilatoren und Motoren in der Luft- und Heiztechnik. Mit unseren intelligenten Lösungen leisten wir einen aktiven Beitrag für eine nachhaltige Zukunft und ermöglichen Menschen weltweit ein besseres Leben. Damit uns das gelingt, entwickeln wir uns selbst, unser innovatives Arbeitsumfeld und die Art, wie wir zusammenarbeiten stetig voran. Mutig, inspirierend und weltoffen. Wir bei ebm-papst nennen das: Better Working. Better Teams. Better Future. …",,https://www.adzuna.de/land/ad/5877433354?se=sn-UkNHA8RGG747TTDN8rQ&utm_medium=api&utm_source=a4bcf954&v=C2F5063D0A2C6025B7C3D37D6C2D9E3C357A8F98,,eyJhbGciOiJIUzI1NiJ9.eyJzIjoic24tVWtOSEE4UkdHNzQ3VFRETjhyUSIsImkiOiI1ODc3NDMzMzU0In0.CD8HF_8jfls_DE6shbpvCFZIZnts5O-GZJeldwk7mOA,5877433354,"{'display_name': 'Hohenlohekreis, Baden-Württemberg', '__CLASS__': 'Adzuna::API::Response::Location', 'area': ['Deutschland', 'Baden-Württemberg', 'Hohenlohekreis']}",AI Domain Champion (m/w/d),Adzuna::API::Response::Job,0,2026-09-09T19:49:46Z,,,,
"{'__CLASS__': 'Adzuna::API::Response::Category', 'label': 'IT-Stellen', 'tag': 'it-jobs'}","{'display_name': 'GIZEH Verpackungen GmbH & Co. KG', '__CLASS__': 'Adzuna::API::Response::Company'}","Zur Verstärkung unseres Teams am Standort Bergneustadt (bei Köln) suchen wir einen IT- Spezialist (m/w/d)- Fokus Business Intelligence & KI Aufgaben Sie konzipieren und pflegen unsere Business- Intelligence- Landschaft, um Kennzahlen aus Produktion, Vertrieb und Logistik transparent und in Echtzeit verfügbar zu machen. Sie verantworten die Datenintegration aus unseren ERP- und MES- Systemen und optimieren unsere ETL- Prozesse. Sie identifizieren Use- Cases für künstliche Intelligenz in unserem …",51.02094,https://www.adzuna.de/land/ad/5875838172?se=sn-UkNHA8RGG747TTDN8rQ&utm_medium=api&utm_source=a4bcf954&v=D3CDBA5E0FBE577CAE1FF18A4FF6CD8562F5B18E,7.64811,eyJhbGciOiJIUzI1NiJ9.eyJpIjoiNTg3NTgzODE3MiIsInMiOiJzbi1Va05IQThSR0c3NDdUVEROOHJRIn0.ErB9xzchvtE75Yr7aaX6z2pxx07gVuen5uaMN5OQT8U,5875838172,"{'__CLASS__': 'Adzuna::API::Response::Location', 'area': ['Deutschland', 'Nordrhein-Westfalen', 'Oberbergischer Kreis', 'Bergneustadt'], 'display_name': 'Bergneustadt, Oberbergischer Kreis'}",IT- Spezialist (m/w/d)- Fokus Business Intelligence & KI,Adzuna::API::Response::Job,0,2026-09-08T19:49:04Z,,,,
"{'tag': 'consultancy-jobs', '__CLASS__': 'Adzuna::API::Response::Category', 'label': 'Beraterstellen'}","{'__CLASS__': 'Adzuna::API::Response::Company', 'display_name': 'BRL Risk Consulting GmbH & Co. KG'}","Du hast deine ersten Semester geschafft und möchtest Dein theoretisches Wissen nun gern in spannenden Praxisprojekten anwenden? Bei uns wirst Du direkt in die Mandats- und Projektarbeit mit eingebunden und schnupperst so echte Praxisluft in einem interessanten Aufgabengebiet. Knüpfe schon jetzt wertvolle Kontakte, die deinen späteren Einstieg in die Berufswelt deutlich erleichtern können. Für einen Zeitraum von 6 Monaten suchen wir Praktikant (W/M/D) Data Science & Artificial Intelligence in Be…",48.14093,https://www.adzuna.de/details/5899065464?utm_medium=api&utm_source=a4bcf954,11.56907,eyJhbGciOiJIUzI1NiJ9.eyJpIjoiNTg5OTA2NTQ2NCIsInMiOiJzbi1Va05IQThSR0c3NDdUVEROOHJRIn0.qef6Liezv0iOEoPGDAZSNWyilMF-lPsPr_b5usAIBWk,5899065464,"{'display_name': 'Altstadt-Lehel, München', '__CLASS__': 'Adzuna::API::Response::Location', 'area': ['Deutschland', 'Bayern', 'München (Kreis)', 'München', 'Altstadt-Lehel']}",Praktikant Data Science / Data Engineering im Bereich Risk Advisory Services,Adzuna::API::Response::Job,0,2026-09-26T04:15:13Z,,,,
"{'tag': 'consultancy-jobs', 'label': 'Beraterstellen', '__CLASS__': 'Adzuna::API::Response::Category'}","{'display_name': 'BRL Risk Consulting GmbH & Co. KG', '__CLASS__': 'Adzuna::API::Response::Company'}","Du hast deine ersten Semester geschafft und möchtest Dein theoretisches Wissen nun gern in spannenden Praxisprojekten anwenden? Bei uns wirst Du direkt in die Mandats- und Projektarbeit mit eingebunden und schnupperst so echte Praxisluft in einem interessanten Aufgabengebiet. Knüpfe schon jetzt wertvolle Kontakte, die deinen späteren Einstieg in die Berufswelt deutlich erleichtern können. Für einen Zeitraum von 6 Monaten suchen wir Praktikant (W/M/D) Data Science & Artificial Intelligence in Be…",51.46121,https://www.adzuna.de/details/5899065465?utm_medium=api&utm_source=a4bcf954,6.96735,eyJhbGciOiJIUzI1NiJ9.eyJzIjoic24tVWtOSEE4UkdHNzQ3VFRETjhyUSIsImkiOiI1ODk5MDY1NDY1In0.f8xW0RBOZlfPNrM74D56a4Jg1ZHplRWL-ofn5Btq_XM,5899065465,"{'__CLASS__': 'Adzuna::API::Response::Location', 'area': ['Deutschland', 'Nordrhein-Westfalen', 'Essen', 'Altendorf'], 'display_name': 'Altendorf, Essen'}",Praktikant Data Science / Data Engineering im Bereich Risk Advisory Services,Adzuna::API::Response::Job,0,2026-09-26T04:15:13Z,,,,
"{'tag': 'consultancy-jobs', 'label': 'Beraterstellen', '__CLASS__': 'Adzuna::API::Response::Category'}","{'display_name': 'BRL Risk Consulting GmbH & Co. KG', '__CLASS__': 'Adzuna::API::Response::Company'}","Du hast deine ersten Semester geschafft und möchtest Dein theoretisches Wissen nun gern in spannenden Praxisprojekten anwenden? Bei uns wirst Du direkt in die Mandats- und Projektarbeit mit eingebunden und schnupperst so echte Praxisluft in einem interessanten Aufgabengebiet. Knüpfe schon jetzt wertvolle Kontakte, die deinen späteren Einstieg in die Berufswelt deutlich erleichtern können. Für einen Zeitraum von 6 Monaten suchen wir Praktikant (W/M/D) Data Science & Artificial Intelligence in Be…",53.55197,https://www.adzuna.de/details/5899065459?utm_medium=api&utm_source=a4bcf954,9.98553,eyJhbGciOiJIUzI1NiJ9.eyJpIjoiNTg5OTA2NTQ1OSIsInMiOiJrcWpMa2RIQThSR0c3NDdUVEROOHJRIn0.nedoGhJH5qqSh9UUd11Kp6XHKwIVvs0-yyP1JXyU0xU,5899065459,"{'display_name': 'Neustadt, Hamburg', '__CLASS__': 'Adzuna::API::Response::Location', 'area': ['Deutschland', 'Hamburg', 'Neustadt']}",Praktikant Data Science / Data Engineering im Bereich Risk Advisory Services,Adzuna::API::Response::Job,0,2026-09-26T04:15:13Z,,,,
"{'__CLASS__': 'Adzuna::API::Response::Category', 'label': 'Beraterstellen', 'tag': 'consultancy-jobs'}","{'__CLASS__': 'Adzuna::API::Response::Company', 'display_name': 'BRL Risk Consulting GmbH & Co. KG'}","Du hast deine ersten Semester geschafft und möchtest Dein theoretisches Wissen nun gern in spannenden Praxisprojekten anwenden? Bei uns wirst Du direkt in die Mandats- und Projektarbeit mit eingebunden und schnupperst so echte Praxisluft in einem interessanten Aufgabengebiet. Knüpfe schon jetzt wertvolle Kontakte, die deinen späteren Einstieg in die Berufswelt deutlich erleichtern können. Für einen Zeitraum von 6 Monaten suchen wir Praktikant (W/M/D) Data Science & Artificial Intelligence in Be…",52.51551,https://www.adzuna.de/details/5899065460?utm_medium=api&utm_source=a4bcf954,13.38475,eyJhbGciOiJIUzI1NiJ9.eyJzIjoia3FqTGtkSEE4UkdHNzQ3VFRETjhyUSIsImkiOiI1ODk5MDY1NDYwIn0.sPZNP6tLgwlxxu3SeBJ9xDSoIzlJpP04YwRiyCgZnvU,5899065460,"{'area': ['Deutschland', 'Berlin', 'Mitte'], '__CLASS__': 'Adzuna::API::Response::Location', 'display_name': 'Mitte, Berlin'}",Praktikant Data Science / Data Engineering im Bereich Risk Advisory Services,Adzuna::API::Response::Job,0,2026-09-26T04:15:13Z,,,,
"{'label': 'Stellen aus Einzelhandel', '__CLASS__': 'Adzuna::API::Response::Category', 'tag': 'retail-jobs'}","{'display_name': 'Würth Deutschland', '__CLASS__': 'Adzuna::API::Response::Company'}","Die Adolf Würth GmbH & Co. KG ist führender Hersteller von Befestigungstechnik für die professionelle Anwendung. Das Familienunternehmen ist das größte Einzelunternehmen der weltweit tätigen Würth-Gruppe und beschäftigt in Deutschland über 8.000 Mitarbeitende. Rund 87.000 sind bei der Würth-Gruppe beschäftigt. Hohe Eigenmotivation, große Gestaltungsfreiräume und eine starke Kollegialität zeichnen die Unternehmenskultur aus. Neugierig geworden? Jetzt informieren und Teil der Würth Familie werden…",,https://www.adzuna.de/details/5883706573?utm_medium=api&utm_source=a4bcf954,,eyJhbGciOiJIUzI1NiJ9.eyJzIjoia3FqTGtkSEE4UkdHNzQ3VFRETjhyUSIsImkiOiI1ODgzNzA2NTczIn0.gdXybFUF3ERGTLkZzGMaXJI1FU9EBgK875ojh3jZXK8,5883706573,"{'display_name': 'Deutschland', 'area': ['Deutschland'], '__CLASS__': 'Adzuna::API::Response::Location'}",Teamlead Data Science - Data & AI Research (m/w/d),Adzuna::API::Response::Job,0,2026-09-14T17:35:25Z,,,,
"{'tag': 'other-general-jobs', 'label': 'Sonstige/Allgemeine Stellen', '__CLASS__': 'Adzuna::API::Response::Category'}","{'__CLASS__': 'Adzuna::API::Response::Company', 'display_name': 'Cimt ag'}","Wir sind ein branchenübergreifendes IT-Beratungsunternehmen. Mit mehr als 250 Mitarbeitern entwickeln wir innovative Software, moderne IT-Konzepte und zeitgemäße Systemarchitekturen. Schwerpunkte unserer Dienstleistungen: Data Science von der Business Analyse bis zu Visualisierungen und SAP-Beratung vom Betrieb bis zur Applikationsentwicklung. Dabei gehören Cloud Technologien ebenso wie moderne DevOps Technologien zu unserem Alltag sowie Entwicklung mittels ABAP und Java. JLFT1_DE",53.557429,https://www.adzuna.de/land/ad/5810574773?se=kqjLkdHA8RGG747TTDN8rQ&utm_medium=api&utm_source=a4bcf954&v=DAE7BBDA0A20B315A2786A3EB724D6E40623A814,9.987297,eyJhbGciOiJIUzI1NiJ9.eyJpIjoiNTgxMDU3NDc3MyIsInMiOiJrcWpMa2RIQThSR0c3NDdUVEROOHJRIn0.8RfthKq3RFlTBAx0TyD7LZMli4fkzgGPY7U5qsO0x5M,5810574773,"{'display_name': 'Hamburg, Deutschland', '__CLASS__': 'Adzuna::API::Response::Location', 'area': ['Deutschland', 'Hamburg']}",IT Consultant - SAP Fiori / ABAP / User Experience / CDS Views (m/w/d),Adzuna::API::Response::Job,0,2026-07-22T10:32:33Z,,,,
"{'label': 'Stellen aus Wissenschaft & Qualitätssicherung', '__CLASS__': 'Adzuna::API::Response::Category', 'tag': 'scientific-qa-jobs'}","{'display_name': 'Deichmann SE', '__CLASS__': 'Adzuna::API::Response::Company'}","Als eigenfinanziertes Familienunternehmen sind wir mehr als nur ein ca. 4.700 Standorte umspannendes Filialnetz in 34 Ländern, mehr als ca. 8,7 Mrd. Euro Jahresumsatz und mehr als einer der erfolgreichsten Online-Shops für Schuhe in Europa. Deichmann ist Wegbereiter, Förderer und Arbeitgeber von über 49.000 engagierten Mitarbeiterinnen und Mitarbeitern weltweit. Als nachhaltig expandierendes Unternehmen sind wir seit mehreren Jahrzehnten in der Lage, unseren Mitarbeitern einen sicheren Arbeitsp…",51.444823,https://www.adzuna.de/land/ad/5891427585?se=kqjLkdHA8RGG747TTDN8rQ&utm_medium=api&utm_source=a4bcf954&v=FAE94CE6CB6D25AC4236F4EA7460FD509B1AD73C,7.014478,eyJhbGciOiJIUzI1NiJ9.eyJzIjoia3FqTGtkSEE4UkdHNzQ3VFRETjhyUSIsImkiOiI1ODkxNDI3NTg1In0.A9pAuzBMIHNV0pvGD51SXLLT8O3fdk6cPqD9LwcOPsM,5891427585,"{'display_name': 'Essen, Nordrhein-Westfalen', 'area': ['Deutschland', 'Nordrhein-Westfalen', 'Essen'], '__CLASS__': 'Adzuna::API::Response::Location'}",(Senior) Data Scientist (m/w/d),Adzuna::API::Response::Job,0,2026-09-20T07:56:27Z,,,,
"{'tag': 'it-jobs', 'label': 'IT-Stellen', '__CLASS__': 'Adzuna::API::Response::Category'}","{'__CLASS__': 'Adzuna::API::Response::Company', 'display_name': 'Thalia Bücher GmbH'}","Stellenbeschreibung Als Werkstudent (m/w/d) im Bereich Künstliche Intelligenz und Data Science wirst du ein wertvolles Mitglied unseres Teams. Im Rahmen deiner Tätigkeit begleitest du laufende Data-Science-Projekte von der Datenaufbereitung bis zur Präsentation der Ergebnisse und übernimmst eigenständig Ad-hoc-Analysen für unsere Fachbereiche. Dabei arbeitest du mit echten Handelsdaten und lernst, wie aus Daten Entscheidungen werden. Deine Aufgaben bei uns Ad-hoc-Analysen: Du beantwortest konkr…",51.955292,https://www.adzuna.de/details/5907316617?utm_medium=api&utm_source=a4bcf954,7.621504,eyJhbGciOiJIUzI1NiJ9.eyJpIjoiNTkwNzMxNjYxNyIsInMiOiJrcWpMa2RIQThSR0c3NDdUVEROOHJRIn0.-4qRuUBK4WYd1E6ZFNESeMCYv_svVnOk0ZvAvMyCTIU,5907316617,"{'display_name': 'Münster, Nordrhein-Westfalen', 'area': ['Deutschland', 'Nordrhein-Westfalen', 'Münster'], '__CLASS__': 'Adzuna::API::Response::Location'}",Werkstudent KI & Data Science (m/w/d),Adzuna::API::Response::Job,0,2026-10-02T06:44:30Z,,,,
"{'tag': 'unknown', '__CLASS__': 'Adzuna::API::Response::Category', 'label': 'Unknown'}","{'__CLASS__': 'Adzuna::API::Response::Company', 'display_name': 'Syneco Trading GmbH'}","Syneco ist ein kommunales Energiehandelsunternehmen der Thüga-Gruppe mit Standorten in München und Chemnitz. Wir handeln mit Strom, Gas, entwickeln Softwarelösungen zur Digitalisierung und Automatisierung der Energiebeschaffung und unterstützen Energieversorger in den Bereichen Marktzugang, Energielogistik und Risikomanagement. Das Thema: Im Bilanzkreis- und Fahrplanmanagement gibt es zahlreiche wiederkehrende und manuelle Tätigkeiten. Im Rahmen deiner Masterarbeit untersuchst du, welche Prozes…",48.137418,https://www.adzuna.de/land/ad/5905010714?se=kqjLkdHA8RGG747TTDN8rQ&utm_medium=api&utm_source=a4bcf954&v=EA8C0458CBEF0792D86DCC3DEFD1FFD308F7370B,11.555737,eyJhbGciOiJIUzI1NiJ9.eyJzIjoia3FqTGtkSEE4UkdHNzQ3VFRETjhyUSIsImkiOiI1OTA1MDEwNzE0In0.8hz0VbRc8h7SGY81rOnEks1wRBdebD0SsudHA6uzYSQ,5905010714,"{'display_name': 'München, München (Kreis)', 'area': ['Deutschland', 'Bayern', 'München (Kreis)', 'München'], '__CLASS__': 'Adzuna::API::Response::Location'}",Masterarbeit (m/w/d) Agentic AI und Generative AI zur Optimierung energiewirtschaftlicher Prozesse,Adzuna::API::Response::Job,0,2026-10-01T08:13:40Z,,,,
"{'label': 'IT-Stellen', '__CLASS__': 'Adzuna::API::Response::Category', 'tag': 'it-jobs'}","{'display_name': 'BarmeniaGothaer', '__CLASS__': 'Adzuna::API::Response::Company'}","Bei uns zählt, wer du bist. Mit all deinen Fähigkeiten, Ideen und Möglichkeiten. Bei der BarmeniaGothaer Asset Management AG arbeitest du an Kapitalanlagen mit Verantwortung und Weitblick, langfristig und wirkungsorientiert. Mit Rückhalt im Netzwerk und dem Anspruch, mutig und nachhaltig Perspektiven zu schaffen. In der BarmeniaGothaer Gruppe handeln wir als Versicherungsverein auf Gegenseitigkeit (VVaG). Gemeinsam sind wir für Menschen da, die uns vertrauen. Für uns bist du nicht irgendjemand.…",50.940164,https://www.adzuna.de/land/ad/5887257274?se=kqjLkdHA8RGG747TTDN8rQ&utm_medium=api&utm_source=a4bcf954&v=C7FD45E846634178ACD613BCAAD389088F7BFD10,6.969972,eyJhbGciOiJIUzI1NiJ9.eyJzIjoia3FqTGtkSEE4UkdHNzQ3VFRETjhyUSIsImkiOiI1ODg3MjU3Mjc0In0.5FNJCrFE5E7AjUvzPr343eEXe2qZYZ3oz6gbPt8DNN8,5887257274,"{'display_name': 'Köln, Nordrhein-Westfalen', 'area': ['Deutschland', 'Nordrhein-Westfalen', 'Köln'], '__CLASS__': 'Adzuna::API::Response::Location'}",(Senior) Manager*in System- & Datenmanagement im Asset Management,Adzuna::API::Response::Job,0,2026-09-17T07:56:52Z,,,,
"{'label': 'Sonstige/Allgemeine Stellen', '__CLASS__': 'Adzuna::API::Response::Category', 'tag': 'other-general-jobs'}","{'__CLASS__': 'Adzuna::API::Response::Company', 'display_name': 'adesso SE'}","Bei uns kommen AI-Kompetenz, Engineering-Exzellenz und fundiertes Branchenverständnis zusammen – getragen von Menschen, die gemeinsam etwas bewegen wollen. So entstehen zukunftsfähige Lösungen, die im Alltag unserer Kunden wirklich einen Unterschied machen. Das gelingt durch Menschen, die Verantwortung übernehmen, Chancen erkennen und technologische Möglichkeiten in greifbare Ergebnisse verwandeln. Dafür schaffen wir ein Umfeld, das von gegenseitiger Unterstützung geprägt ist: Raum für fachlich…",51.226802,https://www.adzuna.de/land/ad/5861423196?se=kqjLkdHA8RGG747TTDN8rQ&utm_medium=api&utm_source=a4bcf954&v=607512E1D393D03942F398C047E70101271F6C51,6.808387,eyJhbGciOiJIUzI1NiJ9.eyJpIjoiNTg2MTQyMzE5NiIsInMiOiJrcWpMa2RIQThSR0c3NDdUVEROOHJRIn0.HYJFH2PuT7d-5Erb8clcj88v36gZceofz9sLiascXes,5861423196,"{'area': ['Deutschland', 'Nordrhein-Westfalen', 'Düsseldorf'], '__CLASS__': 'Adzuna::API::Response::Location', 'display_name': 'Düsseldorf, Nordrhein-Westfalen'}",IT-Consultant Automotive Production (all genders),Adzuna::API::Response::Job,0,2026-08-29T22:21:48Z,,,,
"{'label': 'Stellen aus Wissenschaft & Qualitätssicherung', '__CLASS__': 'Adzuna::API::Response::Category', 'tag': 'scientific-qa-jobs'}","{'__CLASS__': 'Adzuna::API::Response::Company', 'display_name': 'ADA Cosmetics'}","ADA Cosmetics International produces high-quality cosmetic products for the international 3 to 5-star hotel industry. Our portfolio includes exclusive luxury brands, trendy lifestyle concepts, wellness-oriented skincare lines and certified natural cosmetics - and we are always coming up with new ideas. With over 600 employees worldwide, we develop creative ideas, translate them into marketable concepts and set trends far beyond the hotel bathroom. Aufgaben Unterstützung beim Aufbau, der Weitere…",48.57247,https://www.adzuna.de/land/ad/5888802793?se=kqjLkdHA8RGG747TTDN8rQ&utm_medium=api&utm_source=a4bcf954&v=C3D819D247F706EF51A64D1B648DDAF4B7FA849E,7.81327,eyJhbGciOiJIUzI1NiJ9.eyJzIjoia3FqTGtkSEE4UkdHNzQ3VFRETjhyUSIsImkiOiI1ODg4ODAyNzkzIn0.KsECNGUfsXJSa2g817-JuokpKSMTWASodo6B3YuG8iQ,5888802793,"{'area': ['Deutschland', 'Baden-Württemberg', 'Ortenaukreis', 'Kehl'], '__CLASS__': 'Adzuna::API::Response::Location', 'display_name': 'Kehl, Ortenaukreis'}","Werkstudent / Pflichtpraktikant (m/w/d) Controlling - Data Engineering, Datenanalyse & Automatisierung",Adzuna::API::Response::Job,0,2026-09-18T07:54:13Z,,,,
"{'__CLASS__': 'Adzuna::API::Response::Category', 'label': 'IT-Stellen', 'tag': 'it-jobs'}","{'__CLASS__': 'Adzuna::API::Response::Company', 'display_name': 'Diehl Stiftung & Co. KG'}","Digitale Trans­formation. Nach­haltig­keit. Friedens­sicherung. Spannende Aufgaben, an denen auch wir bei Diehl in unseren fünf Teil­konzernen Metall, Controls, Defence, Aviation und Metering und unsere über 16.000 Mit­ar­bei­te­rin­nen und Mit­arbeiter mit Hochdruck arbeiten. Entdecken Sie faszinierende Techno­logien und bewerben Sie sich. In einem von Vertrauen und Mut geprägten Familien­unter­nehmen, das beständig und stabil ist – aus Tradition. Für unseren Standort Diehl Stiftung & Co. KG i…",49.443967,https://www.adzuna.de/land/ad/5875838748?se=kqjLkdHA8RGG747TTDN8rQ&utm_medium=api&utm_source=a4bcf954&v=0FA234655202D6DD3E37C8C1B6C761C433C51026,11.083642,eyJhbGciOiJIUzI1NiJ9.eyJzIjoia3FqTGtkSEE4UkdHNzQ3VFRETjhyUSIsImkiOiI1ODc1ODM4NzQ4In0.ZEPXuXL6M7nGGszdOCmzjEyRbRvjYbVbM4vVzgco4G4,5875838748,"{'area': ['Deutschland', 'Bayern', 'Nürnberg'], '__CLASS__': 'Adzuna::API::Response::Location', 'display_name': 'Nürnberg, Bayern'}",SAP BW Data Engineer (m/w/d),Adzuna::API::Response::Job,0,2026-09-08T19:49:10Z,,,,
"{'__CLASS__': 'Adzuna::API::Response::Category', 'label': 'Unknown', 'tag': 'unknown'}","{'display_name': 'Bausparkasse Mainz AG', '__CLASS__': 'Adzuna::API::Response::Company'}","Die Bausparkasse Mainz AG (BKM) ist ein Finanzdienstleister mit den Schwerpunkten Bausparen, Baufinanzierung, Immobilien und Vorsorge. 1930 gründeten Architekten die BKM mit dem Ziel, Haus und Baufinanzierung aus einer Hand zu bieten. Die Bausparkasse Mainz versteht sich als Ansprechpartner für alle, die günstig Wohneigentum schaffen oder erhalten wollen, gewinnbringend Vermögen bilden und Zukunftsvorsorge treffen möchten. Mit rund 230 Mitarbeitenden im Innendienst und über 250 Mitarbeitenden d…",49.979007,https://www.adzuna.de/land/ad/5897221538?se=kqjLkdHA8RGG747TTDN8rQ&utm_medium=api&utm_source=a4bcf954&v=3CAD5F6E4F48F163D6B963BCFA73A64468BB4D1A,8.236366,eyJhbGciOiJIUzI1NiJ9.eyJzIjoia3FqTGtkSEE4UkdHNzQ3VFRETjhyUSIsImkiOiI1ODk3MjIxNTM4In0.X5O2YSwJp1Ehi6bi4e5rcpx8CAHvoDsRKNiKpulQzHU,5897221538,"{'__CLASS__': 'Adzuna::API::Response::Location', 'area': ['Deutschland', 'Rheinland-Pfalz', 'Mainz'], 'display_name': 'Mainz, Rheinland-Pfalz'}",Data Engineer / Data Platform Architect (w/m/d),Adzuna::API::Response::Job,0,2026-09-24T20:02:49Z,,,,
"{'tag': 'unknown', '__CLASS__': 'Adzuna::API::Response::Category', 'label': 'Unknown'}","{'display_name': 'Arbeiten in der Geschäftsstelle', '__CLASS__': 'Adzuna::API::Response::Company'}","Gemeinsam Daten besser nutzbar machen Die Clinotel Krankenhausverbund gGmbH ist ein trägerübergreifender, gemeinnütziger Verbund von leistungsstarken und innovativen Krankenhäusern mit bundesweit über 70 Standorten in ganz Deutschland. Unter dem Motto ""Selbstbestimmt. Gemeinsam. Stark."" unterstützen wir unsere Mitgliedshäuser dabei, Qualität, Wirtschaftlichkeit und Transparenz weiterzuentwickeln. Für unseren Bereich Data Science und Softwareprodukte suchen wir zum nächstmöglichen Zeitpunkt eine…",50.8947,https://www.adzuna.de/details/5887953985?utm_medium=api&utm_source=a4bcf954,7.07852,eyJhbGciOiJIUzI1NiJ9.eyJpIjoiNTg4Nzk1Mzk4NSIsInMiOiJrcWpMa2RIQThSR0c3NDdUVEROOHJRIn0.SvfHn4k7Y66r6l40dZfNFal_O9viE7jQBguuKxAtT4E,5887953985,"{'display_name': 'Eil, Köln', '__CLASS__': 'Adzuna::API::Response::Location', 'area': ['Deutschland', 'Nordrhein-Westfalen', 'Köln', 'Eil']}",Projektleitung Data Science im Gesundheitswesen (m/w/d),Adzuna::API::Response::Job,0,2026-09-17T18:20:29Z,full_time,,,
"{'tag': 'engineering-jobs', 'label': 'Technikerstellen', '__CLASS__': 'Adzuna::API::Response::Category'}","{'__CLASS__': 'Adzuna::API::Response::Company', 'display_name': 'cigus GmbH'}","Hochtechnologie und Innovation …aktiv mitgestalten und vorantreiben – für diese Position suchen wir eine engagierte Persönlichkeit (m/w/d), die mit Ideenreichtum, Verantwortungsbewusstsein und fachlicher Kompetenz überzeugt. Als Beratungsunternehmen unterstützen wir unseren Kunden bei der Suche nach einer passenden Person, die Herausforderungen nicht als Hürde, sondern als spannende Möglichkeit zur Weiterentwicklung versteht. Das erwartet dich: Entwicklung und Implementierung von Datenanalyse-,…",48.78408,https://www.adzuna.de/details/5899076184?utm_medium=api&utm_source=a4bcf954,10.10558,eyJhbGciOiJIUzI1NiJ9.eyJpIjoiNTg5OTA3NjE4NCIsInMiOiJrcWpMa2RIQThSR0c3NDdUVEROOHJRIn0.B5HFvv8oT98wAKE19rPU3gfLiDX-545Mae5lBxrgi6Y,5899076184,"{'area': ['Deutschland', 'Baden-Württemberg', 'Ostalbkreis', 'Oberkochen'], '__CLASS__': 'Adzuna::API::Response::Location', 'display_name': 'Oberkochen, Ostalbkreis'}",AI & Data Science Engineer (m/w/d),Adzuna::API::Response::Job,0,2026-09-26T04:21:15Z,full_time,83000.0,72000.0,
"{'tag': 'unknown', '__CLASS__': 'Adzuna::API::Response::Category', 'label': 'Unknown'}","{'display_name': 'Sanofi', '__CLASS__': 'Adzuna::API::Response::Company'}","Für unseren Entwicklungs-, Produktions- und Fertigungsstandort Frankfurt am Main suchen wir innerhalb der vorlesungsfreien Zeiten für unseren Bereich IT/Data Sciences Werkstudenten*innen in Vollzeit (37,5 Stunden/Woche). Ihre Aufgaben Im Rahmen Ihrer Tätigkeit unterstützen Sie, unter Einhaltung geltender Regularien, bei einfachen Labortätigkeiten sowie bei administrativen Arbeiten. Sie unterstützen bei der Datenpflege , indem Sie bei der Überprüfung großer biologischer Datensätze helfen und erl…",50.129683,https://www.adzuna.de/details/5910321104?utm_medium=api&utm_source=a4bcf954,8.650578,eyJhbGciOiJIUzI1NiJ9.eyJpIjoiNTkxMDMyMTEwNCIsInMiOiJrcWpMa2RIQThSR0c3NDdUVEROOHJRIn0.mFjDW-DWplBS9PFoncy60n4gSSSJh_Xpj0nFOw3Dix0,5910321104,"{'display_name': 'Frankfurt am Main, Hessen', 'area': ['Deutschland', 'Hessen', 'Frankfurt am Main'], '__CLASS__': 'Adzuna::API::Response::Location'}",Werkstudent*in IT/Data Sciences - Wintersemesterferien 2026/2027,Adzuna::API::Response::Job,0,2026-10-03T18:54:28Z,full_time,39686.0,39686.0,
"{'label': 'Stellen aus Gesundheitswesen & Pflege', '__CLASS__': 'Adzuna::API::Response::Category', 'tag': 'healthcare-nursing-jobs'}","{'display_name': 'CLINOTEL Krankenhausverbund gemeinnützige GmbH', '__CLASS__': 'Adzuna::API::Response::Company'}","Die Clinotel Krankenhausverbund gGmbH ist ein trägerübergreifender, gemeinnütziger Verbund von leistungsstarken und innovativen Krankenhäusern mit bundesweit über 70 Standorten in ganz Deutschland. Unter dem Motto ""Selbstbestimmt. Gemeinsam. Stark."" unterstützt das Team in der Kölner Geschäftsstelle unsere unabhängigen Mitgliedshäuser dabei, Qualität, Wirtschaftlichkeit und Transparenz weiterzuentwickeln. Gemeinsam Daten besser nutzbar machen Für unseren Bereich Data Science und Softwareprodukt…",,https://www.adzuna.de/details/5910148901?utm_medium=api&utm_source=a4bcf954,,eyJhbGciOiJIUzI1NiJ9.eyJzIjoia3FqTGtkSEE4UkdHNzQ3VFRETjhyUSIsImkiOiI1OTEwMTQ4OTAxIn0.L9F2fNXoJ8msfY4S4FkqxCcAWtYBUfLWppqa6vbhBuE,5910148901,"{'__CLASS__': 'Adzuna::API::Response::Location', 'area': ['Deutschland'], 'display_name': 'Deutschland'}",Projektleitung Data Science im Gesundheitswesen (m/w/d),Adzuna::API::Response::Job,0,2026-10-03T17:23:42Z,,,,
"{'__CLASS__': 'Adzuna::API::Response::Category', 'label': 'IT-Stellen', 'tag': 'it-jobs'}","{'__CLASS__': 'Adzuna::API::Response::Company', 'display_name': 'XITASO'}","Das ist die Herausforderung Im Studium mit vertiefter Praxis kombinierst Du ideal Theorie und Praxis . Deine im Hochschulstudium erworbenen Kenntnisse wendest Du in den betrieblichen Praxisphasen in konkreten Projekten an. So lernst Du nicht nur, warum etwas funktioniert, sondern auch, wie es funktioniert und wie es gemacht wird. In den 3,5 Jahren deines Bachelorstudiums absolvierst Du in den vorlesungsfreien Zeiten sowie im Praxissemester Deine Praxisphasen bei XITASO. Auch Deine Bachelorarbei…",48.38236,https://www.adzuna.de/details/5727348288?utm_medium=api&utm_source=a4bcf954,10.904,eyJhbGciOiJIUzI1NiJ9.eyJpIjoiNTcyNzM0ODI4OCIsInMiOiJrcWpMa2RIQThSR0c3NDdUVEROOHJRIn0._ZOIetG_O4bqP7EJMGmhEdafhLm_t8n8m-4DppukjvA,5727348288,"{'area': ['Deutschland', 'Bayern', 'Augsburg (Kreis)', 'Augsburg', 'Lechhausen'], '__CLASS__': 'Adzuna::API::Response::Location', 'display_name': 'Lechhausen, Augsburg'}",Studium mit vertiefter Praxis: Data Science B.Sc.,Adzuna::API::Response::Job,0,2026-05-12T23:30:21Z,part_time,,,
"{'tag': 'consultancy-jobs', '__CLASS__': 'Adzuna::API::Response::Category', 'label': 'Beraterstellen'}","{'display_name': 'Simon-Kucher', '__CLASS__': 'Adzuna::API::Response::Company'}","(Senior) Consultant Data Science (m/w/d) In Deutschland - Berlin | Bonn | Frankfurt/Main | Hamburg | Köln | München Du bist bereit, deine persönliche Entwicklung in den Bereichen Data Science, Analytics und KI zu fördern? Unser Data Science Team hilft Unternehmen, fundierte Entscheidungen zu treffen und ihr Wachstum voranzutreiben, indem wir Rohdaten in umsetzbare Erkenntnisse verwandeln. Werde Pionier der digitalen Transformation und unterstütze uns als (Senior) Consultant – Data Science. Mehr…",52.52219,https://www.adzuna.de/details/5890816049?utm_medium=api&utm_source=a4bcf954,13.40933,eyJhbGciOiJIUzI1NiJ9.eyJzIjoia3FqTGtkSEE4UkdHNzQ3VFRETjhyUSIsImkiOiI1ODkwODE2MDQ5In0.MJyG6gNGZXjwm7pTxPCf91PF63nlyeJHFT3YfgotAXk,5890816049,"{'display_name': 'Mitte, Berlin', 'area': ['Deutschland', 'Berlin', 'Mitte'], '__CLASS__': 'Adzuna::API::Response::Location'}",(Senior) Consultant Data Science (m/w/d),Adzuna::API::Response::Job,0,2026-09-19T18:27:07Z,,,,contract
"{'label': 'Unknown', '__CLASS__': 'Adzuna::API::Response::Category', 'tag': 'unknown'}","{'display_name': 'Provadis Professionals', '__CLASS__': 'Adzuna::API::Response::Company'}","Werkstudent*in IT/Data Sciences - Wintersemesterferien 2026/2027 Sanofi erforscht, entwickelt und vermarktet therapeutische Lösungen – als lebenslanger Begleiter in Gesundheitsfragen. Der Hauptsitz des Konzerns ist in Paris. Die deutsche Landesgesellschaft unterhält ihren größten Standort in Frankfurt am Main. Für unseren Entwicklungs-, Produktions- und Fertigungsstandort Frankfurt am Main suchen wir innerhalb der vorlesungsfreien Zeiten für unseren Bereich IT/Data Sciences eine*n Werkstudent*i…",,https://www.adzuna.de/details/5908528165?utm_medium=api&utm_source=a4bcf954,,eyJhbGciOiJIUzI1NiJ9.eyJzIjoia3FqTGtkSEE4UkdHNzQ3VFRETjhyUSIsImkiOiI1OTA4NTI4MTY1In0.pfuaJDYjPEAR0Wi8TtaSyGzVvp3kTDMCRgaFq9BNBYk,5908528165,"{'__CLASS__': 'Adzuna::API::Response::Location', 'area': ['Deutschland'], 'display_name': 'Deutschland'}",Werkstudent*in IT/Data Sciences - Wintersemesterferien 2026/2027,Adzuna::API::Response::Job,0,2026-10-02T19:27:32Z,full_time,,,
"{'label': 'Unknown', '__CLASS__': 'Adzuna::API::Response::Category', 'tag': 'unknown'}","{'__CLASS__': 'Adzuna::API::Response::Company', 'display_name': 'Sanofi Group'}","Frankfurt am Main Full time R2868647 Für unseren Entwicklungs-, Produktions- und Fertigungsstandort Frankfurt am Main suchen wir innerhalb der vorlesungsfreien Zeiten für unseren Bereich IT/Data Sciences Werkstudenten*innen in Vollzeit (37,5 Stunden/Woche). Ihre Aufgaben Im Rahmen Ihrer Tätigkeit unterstützen Sie, unter Einhaltung geltender Regularien, bei einfachen Labortätigkeiten sowie bei administrativen Arbeiten. Sie unterstützen bei der Datenpflege , indem Sie bei der Überprüfung großer b…",50.129683,https://www.adzuna.de/details/5912259120?utm_medium=api&utm_source=a4bcf954,8.650578,eyJhbGciOiJIUzI1NiJ9.eyJzIjoia3FqTGtkSEE4UkdHNzQ3VFRETjhyUSIsImkiOiI1OTEyMjU5MTIwIn0.UrzXMIUG7hrOx9XkV9VMDkffrK952lZ57oJOaKUh9tM,5912259120,"{'display_name': 'Frankfurt am Main, Hessen', '__CLASS__': 'Adzuna::API::Response::Location', 'area': ['Deutschland', 'Hessen', 'Frankfurt am Main']}",Werkstudent*in IT/Data Sciences - Wintersemesterferien 2026/2027,Adzuna::API::Response::Job,0,2026-10-05T09:56:15Z,,,,
"{'__CLASS__': 'Adzuna::API::Response::Category', 'label': 'Teilzeitstellen', 'tag': 'part-time-jobs'}","{'__CLASS__': 'Adzuna::API::Response::Company', 'display_name': 'Siemens AG'}","Dein Berufsbild: Du möchtest irgendwas mit Mathe machen und findest die Wirtschaftswelt spannend? Dann entscheide dich für ein Studium in Data Science und Künstliche Intelligenz und hol alles aus den Daten heraus. Data Science und Künstliche Intelligenz Spezialisten (w/m/d) sind die Schnittstelle zwischen IT und Business. Sie beherrschen die verschiedenen Technologien, bewerten deren Potenziale und wissen, wie man sie technisch umsetzt. In deinem dualen Studium erlernst du die Grundlagen, Konze…",50.129683,https://www.adzuna.de/details/5776991573?utm_medium=api&utm_source=a4bcf954,8.650578,eyJhbGciOiJIUzI1NiJ9.eyJzIjoia3FqTGtkSEE4UkdHNzQ3VFRETjhyUSIsImkiOiI1Nzc2OTkxNTczIn0.L2OdTcUF8laIEFKVDyhJd6DQ_jf3dH957PBXXg2J220,5776991573,"{'__CLASS__': 'Adzuna::API::Response::Location', 'area': ['Deutschland', 'Hessen', 'Frankfurt am Main'], 'display_name': 'Frankfurt am Main, Hessen'}",Data Science und Künstliche Intelligenz (B.Sc.) 2027,Adzuna::API::Response::Job,0,2026-06-26T01:42:46Z,,,,
"{'tag': 'part-time-jobs', 'label': 'Teilzeitstellen', '__CLASS__': 'Adzuna::API::Response::Category'}","{'__CLASS__': 'Adzuna::API::Response::Company', 'display_name': 'Siemens AG'}","Dein Berufsbild: Du möchtest irgendwas mit Mathe machen und findest die Wirtschaftswelt spannend? Dann entscheide dich für ein Studium in Data Science und Künstliche Intelligenz und hol alles aus den Daten heraus. Data Science und Künstliche Intelligenz Spezialisten (w/m/d) sind die Schnittstelle zwischen IT und Business. Sie beherrschen die verschiedenen Technologien, bewerten deren Potenziale und wissen, wie man sie technisch umsetzt. In deinem dualen Studium erlernst du die Grundlagen, Konze…",50.1246,https://www.adzuna.de/details/5809710891?utm_medium=api&utm_source=a4bcf954,8.71298,eyJhbGciOiJIUzI1NiJ9.eyJpIjoiNTgwOTcxMDg5MSIsInMiOiJrcWpMa2RIQThSR0c3NDdUVEROOHJRIn0.572szYr2Zbh0lS_jdU56Wsq1AngYwvFjvb8MH1s_3R4,5809710891,"{'display_name': 'Bornheim, Frankfurt am Main', '__CLASS__': 'Adzuna::API::Response::Location', 'area': ['Deutschland', 'Hessen', 'Frankfurt am Main', 'Bornheim']}",Data Science und Künstliche Intelligenz (B.Sc.) 2027,Adzuna::API::Response::Job,0,2026-07-21T22:58:38Z,,,,
"{'tag': 'unknown', '__CLASS__': 'Adzuna::API::Response::Category', 'label': 'Unknown'}","{'__CLASS__': 'Adzuna::API::Response::Company', 'display_name': 'FLEX Capital Management GmbH'}","Info: Als Werkstudent (w/m/d) im Bereich Data Science & AI wirst du Teil des Data & AI-Teams von FLEX Capital und arbeitest an der Entwicklung und Umsetzung datengetriebener Lösungen für unsere Portfoliounternehmen sowie interne Projekte. Du unterstützt das Team nicht nur operativ, sondern übernimmst – je nach Erfahrung – auch eigene Projekte von der Konzeption über die Umsetzung bis zum Deployment. Damit bekommst du die Chance, praktische Verantwortung zu übernehmen und reale AI-Anwendungen in…",52.4984,https://www.adzuna.de/details/5839130894?utm_medium=api&utm_source=a4bcf954,13.396,eyJhbGciOiJIUzI1NiJ9.eyJzIjoia3FqTGtkSEE4UkdHNzQ3VFRETjhyUSIsImkiOiI1ODM5MTMwODk0In0.Q42He6hIv7oZ6L_8JszUhnTKRXUGAI5cpR3YU0MKgh4,5839130894,"{'area': ['Deutschland', 'Berlin', 'Kreuzberg'], '__CLASS__': 'Adzuna::API::Response::Location', 'display_name': 'Kreuzberg, Berlin'}",Werkstudent (w/m/d) Data Science & AI,Adzuna::API::Response::Job,0,2026-08-13T02:34:36Z,part_time,,,contract
"{'tag': 'unknown', 'label': 'Unknown', '__CLASS__': 'Adzuna::API::Response::Category'}","{'display_name': 'Zeppelin Group', '__CLASS__': 'Adzuna::API::Response::Company'}","DUALES STUDIUM | DATA SCIENCE & KÜNSTLICHE INTELLIGENZ (M/W/D) ALLES AUF EINEN BLICK Gesucht: Duale Studenten (m/w/d) des Studiengangs Data Science und Künstliche Intelligenz (B. of Science) an der DHBW Ravensburg Einstiegszeitpunkt: 1. Oktober 2027; Studiendauer: 3 Jahre Unternehmen & Standort: Zeppelin Systems GmbH, Friedrichshafen Bei Rückfragen: zsd-ausbildung@zeppelin.com DEINE VORTEILE BEI UNS Faire tarifliche Vergütung & Sonderzahlungen (Urlaubsgeld, Weihnachtsgeld) 30-Tage Urlaub 35-Stu…",,https://www.adzuna.de/details/5891872618?utm_medium=api&utm_source=a4bcf954,,eyJhbGciOiJIUzI1NiJ9.eyJpIjoiNTg5MTg3MjYxOCIsInMiOiJrcWpMa2RIQThSR0c3NDdUVEROOHJRIn0.dNicOhqd7nnQEmcWSLCBbGN4_93HGB48qE5OyETSx-M,5891872618,"{'display_name': 'Deutschland', 'area': ['Deutschland'], '__CLASS__': 'Adzuna::API::Response::Location'}",Duales Studium | Data Science und Künstliche Intelligenz | 2027,Adzuna::API::Response::Job,0,2026-09-20T18:07:02Z,full_time,,,
"{'tag': 'unknown', 'label': 'Unknown', '__CLASS__': 'Adzuna::API::Response::Category'}","{'__CLASS__': 'Adzuna::API::Response::Company', 'display_name': 'EDEKA ZENTRALE Stiftung & Co. KG'}","Die Koordination der EDEKA-Strategie erfolgt in der Hamburger EDEKA-Zentrale. Sie steuert das nationale Warengeschäft ebenso wie die erfolgreiche Kampagne „Wir lieben Lebensmittel“ und gibt vielfältige Impulse zur Realisierung verbundübergreifender Ziele. Mit dem Tochterunternehmen Netto Marken-Discount setzt sie darüber hinaus erfolgreiche Akzente im Discountgeschäft. EDEKA erzielte 2025 mit rund 10.900 Märkten und rund 417.500 Mitarbeitenden einen Umsatz von 77,3 Mrd. Euro. Mit rund 20.900 Au…",53.61011,https://www.adzuna.de/details/5863612058?utm_medium=api&utm_source=a4bcf954,10.01166,eyJhbGciOiJIUzI1NiJ9.eyJzIjoia3FqTGtkSEE4UkdHNzQ3VFRETjhyUSIsImkiOiI1ODYzNjEyMDU4In0.cLGMHuQrwYAGgHXeMdSKTRCWpA0LWHFA_eOIw5r01uI,5863612058,"{'display_name': 'Alsterdorf, Hamburg', 'area': ['Deutschland', 'Hamburg', 'Alsterdorf'], '__CLASS__': 'Adzuna::API::Response::Location'}",Business Analyst Data Science (m/w/d),Adzuna::API::Response::Job,0,2026-09-01T02:47:57Z,full_time,,,permanent
"{'label': 'Stellen für Hochschulabsolventen', '__CLASS__': 'Adzuna::API::Response::Category', 'tag': 'graduate-jobs'}","{'display_name': 'CGI', '__CLASS__': 'Adzuna::API::Response::Company'}","Position Description: Daten, Analytics und Künstliche Intelligenz verändern die Finanzbranche grundlegend. Banken stehen vor der Herausforderung, ihre Daten nicht nur effizient zu verwalten, sondern daraus konkrete Mehrwerte für Kunden, Prozesse und Geschäftsmodelle zu schaffen. Als Business Analyst Data Science (m/w/d) bei CGI arbeitest du genau an dieser Schnittstelle: Du verstehst die fachlichen Herausforderungen unserer Kunden, identifizierst datengetriebene Use Cases und übersetzt Business…",50.14334,https://www.adzuna.de/details/5885968505?utm_medium=api&utm_source=a4bcf954,8.56908,eyJhbGciOiJIUzI1NiJ9.eyJpIjoiNTg4NTk2ODUwNSIsInMiOiJrcWpMa2RIQThSR0c3NDdUVEROOHJRIn0._rD40QJFZA6AU8zsFwZHz7JK83T83HBnTJHQCvtJ1B8,5885968505,"{'display_name': 'Eschborn, Main-Taunus-Kreis', '__CLASS__': 'Adzuna::API::Response::Location', 'area': ['Deutschland', 'Hessen', 'Main-Taunus-Kreis', 'Eschborn']}",Business Analyst Data Science (m/w/d),Adzuna::API::Response::Job,0,2026-09-16T12:43:41Z,,,,
"{'tag': 'creative-design-jobs', 'label': 'Stellen aus Kreation & Design', '__CLASS__': 'Adzuna::API::Response::Category'}","{'display_name': 'CGI', '__CLASS__': 'Adzuna::API::Response::Company'}","Position Description: Daten, Analytics und Künstliche Intelligenz verändern die Finanzbranche grundlegend. Banken stehen vor der Herausforderung, ihre Daten nicht nur effizient zu verwalten, sondern daraus konkrete Mehrwerte für Kunden, Prozesse und Geschäftsmodelle zu schaffen. Als Business Analyst Data Science (m/w/d) bei CGI arbeitest du genau an dieser Schnittstelle: Du verstehst die fachlichen Herausforderungen unserer Kunden, identifizierst datengetriebene Use Cases und übersetzt Business…",,https://www.adzuna.de/details/5882804072?utm_medium=api&utm_source=a4bcf954,,eyJhbGciOiJIUzI1NiJ9.eyJzIjoia3FqTGtkSEE4UkdHNzQ3VFRETjhyUSIsImkiOiI1ODgyODA0MDcyIn0.fgPMPGykAAQTIpSrJm4c8tB7TuoaId19A8hN6_No8YI,5882804072,"{'__CLASS__': 'Adzuna::API::Response::Location', 'area': ['Deutschland'], 'display_name': 'Deutschland'}",Business Analyst Data Science (m/w/d),Adzuna::API::Response::Job,0,2026-09-13T18:30:00Z,full_time,,,
"{'tag': 'scientific-qa-jobs', '__CLASS__': 'Adzuna::API::Response::Category', 'label': 'Stellen aus Wissenschaft & Qualitätssicherung'}","{'__CLASS__': 'Adzuna::API::Response::Company', 'display_name': 'encontec GmbH'}","AI & Data Science Manager (m/w/d) Bei unserem namhaften Kunden im Raum Aalen/Oberkochen - einem führenden Unternehmen der Hightechindustrie - bietet sich diese einmalige Perspektive im Rahmen der Arbeitnehmerüberlassung mit der Option auf Übernahme. Dein zukünftiger Tätigkeitsbereich Zentrale Mitgestaltung der technologischen Zukunft in einem Hightech-Umfeld sowie aktiver Beitrag zur digitalen Transformation und zur Sicherung der Wettbewerbsfähigkeit Verantwortung für die Entwicklung, Implement…",48.78408,https://www.adzuna.de/details/5836271332?utm_medium=api&utm_source=a4bcf954,10.10558,eyJhbGciOiJIUzI1NiJ9.eyJzIjoia3FqTGtkSEE4UkdHNzQ3VFRETjhyUSIsImkiOiI1ODM2MjcxMzMyIn0.egRAipCh05J7mF3z8wuzrz9uLIef1pD1hwJaH02sTDU,5836271332,"{'display_name': 'Oberkochen, Ostalbkreis', 'area': ['Deutschland', 'Baden-Württemberg', 'Ostalbkreis', 'Oberkochen'], '__CLASS__': 'Adzuna::API::Response::Location'}",AI & Data Science Manager (m/w/d),Adzuna::API::Response::Job,0,2026-08-11T04:10:14Z,full_time,75000.0,68000.0,
"{'label': 'Unknown', '__CLASS__': 'Adzuna::API::Response::Category', 'tag': 'unknown'}","{'display_name': 'FERCHAU GmbH', '__CLASS__': 'Adzuna::API::Response::Company'}","Menschen und Technologien zu verbinden, den Perfect Match für unsere Kunden zu gestalten, immer die richtigen Expert:innen für die jeweilige Herausforderung zu finden - das ist unser Anspruch bei FERCHAU und dafür suchen wir dich: Dein Aufgabengebiet * Entwicklung und Implementierung von Datenanalyse- und Machine-Learning-Lösungen für Messsysteme * Konzeption, Programmierung und Integration neuer Algorithmen zur Auswertung großer Datensätze * Anwendung von Methoden wie Deep Learning, Bildverarb…",48.78408,https://www.adzuna.de/details/5839580885?utm_medium=api&utm_source=a4bcf954,10.10558,eyJhbGciOiJIUzI1NiJ9.eyJpIjoiNTgzOTU4MDg4NSIsInMiOiJrcWpMa2RIQThSR0c3NDdUVEROOHJRIn0._dq5btofA04cYlrVXQHDkD8-M3wcFGQQtjgV1hB1aI8,5839580885,"{'display_name': 'Oberkochen, Ostalbkreis', '__CLASS__': 'Adzuna::API::Response::Location', 'area': ['Deutschland', 'Baden-Württemberg', 'Ostalbkreis', 'Oberkochen']}",AI Data Science Engineer (m/w/d),Adzuna::API::Response::Job,0,2026-08-13T07:31:47Z,,,,
"{'label': 'Unknown', '__CLASS__': 'Adzuna::API::Response::Category', 'tag': 'unknown'}","{'display_name': 'twomynds', '__CLASS__': 'Adzuna::API::Response::Company'}","Du willst sehen, wie deine Arbeit in echten Use Cases Mehrwert schafft – bei Unternehmen, die du aus dem Alltag kennst? Willkommen bei twomynds. Wir sind eine dedizierte Data-&-AI-Beratung sowie ein Service Provider mit End-to-End-Umsetzung und begleiten Unternehmen von der strategischen Zielsetzung bis zur operativen Realisierung – strategisch, umsetzungsstark und ergebnisorientiert. Unsere Mission: Ambitionierte Unternehmen befähigen, Data & AI in geschäftskritischen Mehrwert zu verwandeln – …",50.71942,https://www.adzuna.de/details/5802963268?utm_medium=api&utm_source=a4bcf954,7.112412,eyJhbGciOiJIUzI1NiJ9.eyJpIjoiNTgwMjk2MzI2OCIsInMiOiJrcWpMa2RIQThSR0c3NDdUVEROOHJRIn0.kjmHmWPYgVgjgevbTMdq26nEnB89YL6m0EuifF8QOEI,5802963268,"{'__CLASS__': 'Adzuna::API::Response::Location', 'area': ['Deutschland', 'Nordrhein-Westfalen', 'Bonn'], 'display_name': 'Bonn, Nordrhein-Westfalen'}",AI & Data Science Consultant (m/w/d),Adzuna::API::Response::Job,0,2026-07-16T16:04:38Z,full_time,,,
"{'tag': 'unknown', '__CLASS__': 'Adzuna::API::Response::Category', 'label': 'Unknown'}","{'__CLASS__': 'Adzuna::API::Response::Company', 'display_name': 'twomynds'}","Du willst sehen, wie deine Arbeit in echten Use Cases Mehrwert schafft – bei Unternehmen, die du aus dem Alltag kennst? Willkommen bei twomynds. Wir sind eine dedizierte Data-&-AI-Beratung sowie ein Service Provider mit End-to-End-Umsetzung und begleiten Unternehmen von der strategischen Zielsetzung bis zur operativen Realisierung – strategisch, umsetzungsstark und ergebnisorientiert. Unsere Mission: Ambitionierte Unternehmen befähigen, Data & AI in geschäftskritischen Mehrwert zu verwandeln – …",50.73754,https://www.adzuna.de/details/5804554861?utm_medium=api&utm_source=a4bcf954,7.10344,eyJhbGciOiJIUzI1NiJ9.eyJzIjoia3FqTGtkSEE4UkdHNzQ3VFRETjhyUSIsImkiOiI1ODA0NTU0ODYxIn0.ZC2J5aqBu7YUspqLujWdMk3AtrNlc2aqfxUkKKRKdCw,5804554861,"{'display_name': 'Zentrum, Bonn', 'area': ['Deutschland', 'Nordrhein-Westfalen', 'Bonn', 'Zentrum'], '__CLASS__': 'Adzuna::API::Response::Location'}",AI & Data Science Consultant (m/w/d),Adzuna::API::Response::Job,0,2026-07-17T09:51:02Z,,,,
"{'tag': 'unknown', '__CLASS__': 'Adzuna::API::Response::Category', 'label': 'Unknown'}","{'display_name': 'Zeppelin Systems GmbH', '__CLASS__': 'Adzuna::API::Response::Company'}","Die Zeppelin Systems GmbH ist spezialisiert auf den Bau von Anlagen zum Lagern, Fördern, Mischen, Dosieren und Verwiegen hochwertiger Schüttgüter. Mit weltweit mehr als 1.600 Mitarbeitern begleitet das Unternehmen seine Kunden aus unterschiedlichen Branchen von der Planung über die Realisierung bis hin zum After-Sales-Service. Die Zeppelin Systems GmbH ist Teil der global agierenden Zeppelin Gruppe. Rund 12.000 Mitarbeitende arbeiten in den Bereichen Bauwirtschaft und Industrie. Und das in 29 L…",47.67579,https://www.adzuna.de/details/5911952230?utm_medium=api&utm_source=a4bcf954,9.44113,eyJhbGciOiJIUzI1NiJ9.eyJpIjoiNTkxMTk1MjIzMCIsInMiOiJrcWpMa2RIQThSR0c3NDdUVEROOHJRIn0.E-pulrDju0lbwCPrdR5X9Rpr00bkXjqKpxWHQVhh9qc,5911952230,"{'display_name': 'Schnetzenhausen, Friedrichshafen', 'area': ['Deutschland', 'Baden-Württemberg', 'Bodenseekreis', 'Friedrichshafen', 'Schnetzenhausen'], '__CLASS__': 'Adzuna::API::Response::Location'}",Duales Studium | Data Science und Künstliche Intelligenz | 2027,Adzuna::API::Response::Job,0,2026-10-05T03:27:58Z,,,,
"{'tag': 'unknown', 'label': 'Unknown', '__CLASS__': 'Adzuna::API::Response::Category'}","{'__CLASS__': 'Adzuna::API::Response::Company', 'display_name': 'Zeppelin Systems GmbH'}","Die Zeppelin Systems GmbH ist spezialisiert auf den Bau von Anlagen zum Lagern, Fördern, Mischen, Dosieren und Verwiegen hochwertiger Schüttgüter. Mit weltweit mehr als 1.600 Mitarbeitern begleitet das Unternehmen seine Kunden aus unterschiedlichen Branchen von der Planung über die Realisierung bis hin zum After-Sales-Service. Die Zeppelin Systems GmbH ist Teil der global agierenden Zeppelin Gruppe. Rund 12.000 Mitarbeitende arbeiten in den Bereichen Bauwirtschaft und Industrie. Und das in 29 L…",,https://www.adzuna.de/details/5891314580?utm_medium=api&utm_source=a4bcf954,,eyJhbGciOiJIUzI1NiJ9.eyJzIjoia3FqTGtkSEE4UkdHNzQ3VFRETjhyUSIsImkiOiI1ODkxMzE0NTgwIn0.V4urJ6oZidKQ3o1Vltu8nm3vUbDIrkTqoLuTydFqBe4,5891314580,"{'area': ['Deutschland'], '__CLASS__': 'Adzuna::API::Response::Location', 'display_name': 'Deutschland'}",Duales Studium | Data Science und Künstliche Intelligenz | 2027,Adzuna::API::Response::Job,0,2026-09-20T05:09:18Z,,,,
"{'__CLASS__': 'Adzuna::API::Response::Category', 'label': 'Unknown', 'tag': 'unknown'}","{'display_name': 'Zeppelin Systems GmbH', '__CLASS__': 'Adzuna::API::Response::Company'}","Die Zeppelin Systems GmbH ist spezialisiert auf den Bau von Anlagen zum Lagern, Fördern, Mischen, Dosieren und Verwiegen hochwertiger Schüttgüter. Mit weltweit mehr als 1.600 Mitarbeitern begleitet das Unternehmen seine Kunden aus unterschiedlichen Branchen von der Planung über die Realisierung bis hin zum After-Sales-Service. Die Zeppelin Systems GmbH ist Teil der global agierenden Zeppelin Gruppe. Rund 12.000 Mitarbeitende arbeiten in den Bereichen Bauwirtschaft und Industrie. Und das in 29 L…",49.1416,https://www.adzuna.de/details/5912529656?utm_medium=api&utm_source=a4bcf954,9.22208,eyJhbGciOiJIUzI1NiJ9.eyJzIjoia3FqTGtkSEE4UkdHNzQ3VFRETjhyUSIsImkiOiI1OTEyNTI5NjU2In0.bzjcYewyGqcVNp31o1itMeLojX8La_UmThG9NQfUO_M,5912529656,"{'area': ['Deutschland', 'Baden-Württemberg', 'Heilbronn (Kreis)', 'Heilbronn', 'Böckingen'], '__CLASS__': 'Adzuna::API::Response::Location', 'display_name': 'Böckingen, Heilbronn'}",Duales Studium | Data Science und Künstliche Intelligenz | 2027,Adzuna::API::Response::Job,0,2026-10-05T15:29:28Z,,,,
"{'tag': 'unknown', '__CLASS__': 'Adzuna::API::Response::Category', 'label': 'Unknown'}","{'__CLASS__': 'Adzuna::API::Response::Company', 'display_name': 'Danaher'}","Bring more to life. Are you ready to accelerate your potential and make a real difference within life sciences, diagnostics and biotechnology? At Cytiva, one of Danaher’s 15 operating companies, our work saves lives—and we’re all united by a shared commitment to innovate for tangible impact. You’ll thrive in a culture of belonging where you and your unique viewpoint matter. And by harnessing Danaher’s system of continuous improvement, you help turn ideas into impact – innovating at the speed of…",,https://www.adzuna.de/details/5821242140?utm_medium=api&utm_source=a4bcf954,,eyJhbGciOiJIUzI1NiJ9.eyJpIjoiNTgyMTI0MjE0MCIsInMiOiJrcWpMa2RIQThSR0c3NDdUVEROOHJRIn0.wnNpn59COlWyt8vOQ4_2cu5IvddJp_YNEnFMz9oSsLw,5821242140,"{'area': ['Deutschland'], '__CLASS__': 'Adzuna::API::Response::Location', 'display_name': 'Deutschland'}",Senior Scientist Data Science (f/m/d),Adzuna::API::Response::Job,0,2026-07-30T17:30:10Z,full_time,,,
"{'__CLASS__': 'Adzuna::API::Response::Category', 'label': 'Unknown', 'tag': 'unknown'}","{'display_name': 'Danaher Corporation', '__CLASS__': 'Adzuna::API::Response::Company'}","Bring more to life. Are you ready to accelerate your potential and make a real difference within life sciences, diagnostics and biotechnology? At Cytiva, one of Danaher's (https://danaher.com/our-businesses) 15 operating companies, our work saves lives-and we're all united by a shared commitment to innovate for tangible impact. You'll thrive in a culture of belonging where you and your unique viewpoint matter. And by harnessing Danaher's system of continuous improvement, you help turn ideas int…",,https://www.adzuna.de/details/5775814381?utm_medium=api&utm_source=a4bcf954,,eyJhbGciOiJIUzI1NiJ9.eyJzIjoia3FqTGtkSEE4UkdHNzQ3VFRETjhyUSIsImkiOiI1Nzc1ODE0MzgxIn0.2wfhPe6MHNAtMrUapB-w9lxKqbXlS-LwE2EpgXKDNl0,5775814381,"{'display_name': 'Köln, Nordrhein-Westfalen', 'area': ['Deutschland', 'Nordrhein-Westfalen', 'Köln'], '__CLASS__': 'Adzuna::API::Response::Location'}",Senior Scientist Data Science (f/m/d),Adzuna::API::Response::Job,0,2026-06-25T07:51:26Z,,,,
"{'label': 'Stellen aus Buchhaltung & Finanzwesen', '__CLASS__': 'Adzuna::API::Response::Category', 'tag': 'accounting-finance-jobs'}","{'__CLASS__': 'Adzuna::API::Response::Company', 'display_name': 'S-Kreditpartner GmbH'}",S-Kreditpartner – unser Name ist Programm. Und der macht auf den ersten Blick deutlich: Wir gehören zur Familie der Sparkassen. Als spezialisierter Verbundpartner bündeln wir die Aktivitäten für die Auto- und Konsumenten­finanzierung. Gemein­sam mit unseren Vertriebs­partnern wollen wir die Position der Sparkassen-Finanz­gruppe in diesen Geschäftsfeldern stärken. Als Referent (m/w/d) Data Scientist gestaltest Du die Banksteuerung aktiv mit und machst aus komplexen Daten klare Entscheidungs­grun…,,https://www.adzuna.de/details/5910151912?utm_medium=api&utm_source=a4bcf954,,eyJhbGciOiJIUzI1NiJ9.eyJzIjoia3FqTGtkSEE4UkdHNzQ3VFRETjhyUSIsImkiOiI1OTEwMTUxOTEyIn0.yfHm4_ZqJGeU4nSfI-paagrRztuiBRoU8WeEBtkBe3w,5910151912,"{'area': ['Deutschland'], '__CLASS__': 'Adzuna::API::Response::Location', 'display_name': 'Deutschland'}",Referent Data Science & Reporting (m/w/d),Adzuna::API::Response::Job,0,2026-10-03T17:24:22Z,,,,
"{'__CLASS__': 'Adzuna::API::Response::Category', 'label': 'Unknown', 'tag': 'unknown'}","{'display_name': 'twomynds', '__CLASS__': 'Adzuna::API::Response::Company'}","Du willst sehen, wie deine Lösungen direkt Management-Entscheidungen beeinflussen und in echten Use Cases Mehrwert schaffen – bei Unternehmen, die du aus dem Alltag kennst? Willkommen bei twomynds. Wir sind ein dedizierter End-to-End Data & AI Service Provider – strategisch, umsetzungsstark und ergebnisorientiert. Unsere Mission: Ambitionierte Unternehmen befähigen, Data & AI in geschäftskritischen Mehrwert zu verwandeln – mit strategischer Klarheit, technischer Exzellenz und unternehmerischer …",50.71942,https://www.adzuna.de/details/5802960629?utm_medium=api&utm_source=a4bcf954,7.112412,eyJhbGciOiJIUzI1NiJ9.eyJpIjoiNTgwMjk2MDYyOSIsInMiOiJrcWpMa2RIQThSR0c3NDdUVEROOHJRIn0.MyJyB5j2NHHSqs1YJx8c9FJrL4AXTWD04nVm_KjLxNc,5802960629,"{'__CLASS__': 'Adzuna::API::Response::Location', 'area': ['Deutschland', 'Nordrhein-Westfalen', 'Bonn'], 'display_name': 'Bonn, Nordrhein-Westfalen'}",Data Science & Solutions Consultant (m/w/d),Adzuna::API::Response::Job,0,2026-07-16T16:04:07Z,full_time,,,
"{'label': 'Unknown', '__CLASS__': 'Adzuna::API::Response::Category', 'tag': 'unknown'}","{'display_name': 'twomynds', '__CLASS__': 'Adzuna::API::Response::Company'}","Du willst sehen, wie deine Lösungen direkt Management-Entscheidungen beeinflussen und in echten Use Cases Mehrwert schaffen – bei Unternehmen, die du aus dem Alltag kennst? Willkommen bei twomynds. Wir sind ein dedizierter End-to-End Data & AI Service Provider – strategisch, umsetzungsstark und ergebnisorientiert. Unsere Mission: Ambitionierte Unternehmen befähigen, Data & AI in geschäftskritischen Mehrwert zu verwandeln – mit strategischer Klarheit, technischer Exzellenz und unternehmerischer …",50.73754,https://www.adzuna.de/details/5804550589?utm_medium=api&utm_source=a4bcf954,7.10344,eyJhbGciOiJIUzI1NiJ9.eyJpIjoiNTgwNDU1MDU4OSIsInMiOiJrcWpMa2RIQThSR0c3NDdUVEROOHJRIn0.6M6yPC9oKrKbJySWmWbeFp-lnFG8J-HBOyRKx2DCADU,5804550589,"{'display_name': 'Zentrum, Bonn', 'area': ['Deutschland', 'Nordrhein-Westfalen', 'Bonn', 'Zentrum'], '__CLASS__': 'Adzuna::API::Response::Location'}",Data Science & Solutions Consultant (m/w/d),Adzuna::API::Response::Job,0,2026-07-17T09:50:27Z,,,,
"{'tag': 'logistics-warehouse-jobs', '__CLASS__': 'Adzuna::API::Response::Category', 'label': 'Stellen aus Logistik & Lagerhaltung'}","{'display_name': 'MB Automation & Co. KG', '__CLASS__': 'Adzuna::API::Response::Company'}","Mitarbeit bei der Analyse und Verarbeitung großer Datenmengen (z.B. Datenaufbereitung, Datenbankmanagement, Statistik, Data Mining) Entwicklung und Anwendung von Machine-Learning-/KI-Modellen (z. B. für Bild- oder Spracherkennung, Predictive Analytics, Automatisierung) Unterstützung bei Software- und Systementwicklung, ggf. Webtechnologien, Datenbanken und Cloud-Lösungen Mitarbeit in interdisziplinären Projekten, Dokumentation, Testen und Evaluierung von Prototypen oder Anwendungen Zusammenarbe…",49.1953,https://www.adzuna.de/details/5588400364?utm_medium=api&utm_source=a4bcf954,12.51611,eyJhbGciOiJIUzI1NiJ9.eyJzIjoia3FqTGtkSEE4UkdHNzQ3VFRETjhyUSIsImkiOiI1NTg4NDAwMzY0In0.FRHdt_19citj3G6kBH9aUlQ9jk9hBjq6BegUBhfcb-Q,5588400364,"{'__CLASS__': 'Adzuna::API::Response::Location', 'area': ['Deutschland', 'Bayern', 'Cham (Kreis)', 'Roding'], 'display_name': 'Roding, Cham (Kreis)'}",Duales Studium im Bereich Künstliche Intelligenz und Data Science,Adzuna::API::Response::Job,0,2026-01-16T21:16:55Z,full_time,,,
"{'__CLASS__': 'Adzuna::API::Response::Category', 'label': 'Beraterstellen', 'tag': 'consultancy-jobs'}","{'display_name': 'Career @ Symanto', '__CLASS__': 'Adzuna::API::Response::Company'}","At Symanto, we are looking for a Data Science Consultant based in Germany, UAE or Spain to join our team! In this client-facing role, you will work at the intersection of advanced analytics, AI, and business consulting, helping organizations uncover opportunities for growth, transformation, and value creation. You will collaborate with senior stakeholders, translate business challenges into analytical solutions, and contribute to the development of innovative methodologies powered by cutting-ed…",49.50401,https://www.adzuna.de/details/5776860396?utm_medium=api&utm_source=a4bcf954,11.11021,eyJhbGciOiJIUzI1NiJ9.eyJzIjoia3FqTGtkSEE4UkdHNzQ3VFRETjhyUSIsImkiOiI1Nzc2ODYwMzk2In0.vb_4zIgNj6xL76AvsNqSOzux9DLUao290NmE_8cuyuI,5776860396,"{'display_name': 'Buchenbühl, Nürnberg', '__CLASS__': 'Adzuna::API::Response::Location', 'area': ['Deutschland', 'Bayern', 'Nürnberg', 'Buchenbühl']}",Data Science Consultant (m/f/x/d),Adzuna::API::Response::Job,0,2026-06-25T23:40:50Z,full_time,,,
"{'tag': 'teaching-jobs', '__CLASS__': 'Adzuna::API::Response::Category', 'label': 'Lehrberufe'}","{'display_name': 'Wbs Coding School', '__CLASS__': 'Adzuna::API::Response::Company'}","We’re on a mission to empower individuals to launch successful careers in tech. As our Lead Instructor, you will play a pivotal role in for the learning success of our international students. Join WBS CODING SCHOOL, one of Germany's leading tech schools, and help shape the future of tech talent. As Lead Instructor (m/f/d), you are the primary contact person for our students in Data Science an Data Analytics programs at WBS CODING SCHOOL. Your responsibilities: You teach engaging topics, conduct…",,https://www.adzuna.de/details/5905877880?utm_medium=api&utm_source=a4bcf954,,eyJhbGciOiJIUzI1NiJ9.eyJzIjoia3FqTGtkSEE4UkdHNzQ3VFRETjhyUSIsImkiOiI1OTA1ODc3ODgwIn0.Gaxu6FpfG9mSZZNzBdHJQxTuElyXXDWAuXm-foPZTTM,5905877880,"{'__CLASS__': 'Adzuna::API::Response::Location', 'area': ['Deutschland'], 'display_name': 'Deutschland'}",Lead Instructor - Data Science (m/f/d),Adzuna::API::Response::Job,0,2026-10-01T17:36:52Z,full_time,,,
"{'tag': 'it-jobs', '__CLASS__': 'Adzuna::API::Response::Category', 'label': 'IT-Stellen'}","{'__CLASS__': 'Adzuna::API::Response::Company', 'display_name': 'Enforto'}","Was Du bei uns machst: Forschung, Entwicklung, Anwendung und Implementierung Data Science, Big Data Entwicklung und Integration von Automatisierungslösungen auf Basis von REST-APIs Datenbankanbindung und -abfragen im Rahmen von Datenpipelines (SQL) AI, Machine Learning, Deep Learning, Computer vision Full-Stack Programming Worum geht's Für unseren Bereich Forschung & Entwicklung suchen wir derzeit Unterstützung durch Studierende. In sowohl kundenspezifischen Projekten als auch Inhouse Forschung…",48.18446,https://www.adzuna.de/details/5727284102?utm_medium=api&utm_source=a4bcf954,11.57287,eyJhbGciOiJIUzI1NiJ9.eyJzIjoia3FqTGtkSEE4UkdHNzQ3VFRETjhyUSIsImkiOiI1NzI3Mjg0MTAyIn0.WwFJI1Ut5vWDUXbYiDvACakBsD_2oQoyCq5WRrMMrCA,5727284102,"{'display_name': 'Milbertshofen-Am Hart, München', '__CLASS__': 'Adzuna::API::Response::Location', 'area': ['Deutschland', 'Bayern', 'München (Kreis)', 'München', 'Milbertshofen-Am Hart']}",Werkstudent/in - Data Science und Softwareentwicklung (m/w/d),Adzuna::API::Response::Job,0,2026-05-12T22:49:43Z,part_time,,,
"{'__CLASS__': 'Adzuna::API::Response::Category', 'label': 'Unknown', 'tag': 'unknown'}","{'display_name': 'Jenpersonal', '__CLASS__': 'Adzuna::API::Response::Company'}","Ihre Aufgaben: Für unseren High-Tech-Kunde aus der Halbleiterindustrie, sind wir derzeit auf der Suche nach einem AI & Data Science Engineer (m/w/d). im Bereich EUV Metrology Die Stelle wird im Rahmen der Arbeitnehmerüberlassung besetzt. Die Stelle ist auf einen Zeitraum von 24 Monaten ausgelegt. Zu Ihrem Verantwortungsbereich gehören: Aktive Mitgestaltung der digitalen Transformation und technologischen Weiterentwicklung unseres Auftraggebers und damit einen wichtigen Beitrag zur Sicherung und…",48.78408,https://www.adzuna.de/details/5837015735?utm_medium=api&utm_source=a4bcf954,10.10558,eyJhbGciOiJIUzI1NiJ9.eyJpIjoiNTgzNzAxNTczNSIsInMiOiJrcWpMa2RIQThSR0c3NDdUVEROOHJRIn0.J-19Bfo46ZEgn5Cg6cyzTaWLredX0kRy3rS6SqMUYnc,5837015735,"{'display_name': 'Oberkochen, Ostalbkreis', '__CLASS__': 'Adzuna::API::Response::Location', 'area': ['Deutschland', 'Baden-Württemberg', 'Ostalbkreis', 'Oberkochen']}",AI & Data Science Engineer (m/w/d),Adzuna::API::Response::Job,0,2026-08-11T18:02:22Z,full_time,,,
"{'tag': 'unknown', '__CLASS__': 'Adzuna::API::Response::Category', 'label': 'Unknown'}","{'__CLASS__': 'Adzuna::API::Response::Company', 'display_name': 'solutions4performance GmbH & Co. KG'}","Die solutions4performance ist ein junges, wachsendes Unternehmen aus Münster. Wir entwickeln datengetriebene Lösungen für Marketing und E-Commerce und unterstützen Multi-Channel-Händler bei der Digitalisierung und Optimierung ihrer Geschäftsprozesse – von analytischen Modellen bis hin zu Cloud-basierten Plattformen. Zur Unterstützung unseres Teams suchen wir zum nächstmöglichen Zeitpunkt eine:n Werkstudent:in im Bereich Data Science (m/w/d) in Münster. Aufgaben Mitarbeit beim Aufbau und der Wei…",51.9614,https://www.adzuna.de/details/5875640458?utm_medium=api&utm_source=a4bcf954,7.59999,eyJhbGciOiJIUzI1NiJ9.eyJpIjoiNTg3NTY0MDQ1OCIsInMiOiJrcWpMa2RIQThSR0c3NDdUVEROOHJRIn0.Bgy_DPF_-LG-Ch-ezmEwtnCN4VQMkkbEgxn-EfKmDxg,5875640458,"{'area': ['Deutschland', 'Nordrhein-Westfalen', 'Münster', 'Centrum'], '__CLASS__': 'Adzuna::API::Response::Location', 'display_name': 'Centrum, Münster'}",Werkstudent:in Data Science & KI (m/w/d),Adzuna::API::Response::Job,0,2026-09-08T16:31:16Z,full_time,,,
"{'tag': 'pr-advertising-marketing-jobs', '__CLASS__': 'Adzuna::API::Response::Category', 'label': 'Stellen aus PR, Werbung & Marketing'}","{'display_name': 'solutions4performance GmbH & Co. KG', '__CLASS__': 'Adzuna::API::Response::Company'}","Die solutions4performance ist ein junges, wachsendes Unternehmen aus Münster. Wir entwickeln datengetriebene Lösungen für Marketing und E-Commerce und unterstützen Multi-Channel-Händler bei der Digitalisierung und Optimierung ihrer Geschäftsprozesse – von analytischen Modellen bis hin zu Cloud-basierten Plattformen. Zur Unterstützung unseres Teams suchen wir zum nächstmöglichen Zeitpunkt eine:n Werkstudent:in im Bereich Data Science (m/w/d) in Münster. Aufgaben Mitarbeit beim Aufbau und der Wei…",51.9614,https://www.adzuna.de/details/5876095785?utm_medium=api&utm_source=a4bcf954,7.59999,eyJhbGciOiJIUzI1NiJ9.eyJzIjoia3FqTGtkSEE4UkdHNzQ3VFRETjhyUSIsImkiOiI1ODc2MDk1Nzg1In0.eB73Dt4-Lx7PeasJo16iS1L2BHSxyHz50XCexK6o0eo,5876095785,"{'display_name': 'Centrum, Münster', '__CLASS__': 'Adzuna::API::Response::Location', 'area': ['Deutschland', 'Nordrhein-Westfalen', 'Münster', 'Centrum']}",Werkstudent:in Data Science & KI (m/w/d),Adzuna::API::Response::Job,0,2026-09-08T22:38:23Z,,,,
"{'label': 'Unknown', '__CLASS__': 'Adzuna::API::Response::Category', 'tag': 'unknown'}","{'__CLASS__': 'Adzuna::API::Response::Company', 'display_name': 'PAIR Finance GmbH'}","Are you ready to change the market? As the innovation leader in the receivables management industry, we at PAIR Finance are proud of our unique technology. Our algorithm, based on artificial intelligence, sensitizes defaulting consumers to pay outstanding debts without straining the customer relationship. Our fully automated, individually tailored approach enables us to assess each debtor's situation and achieve higher repayment rates. Our Data and Behavioral Science teams utilize purpose-built…",52.51115,https://www.adzuna.de/details/5813843229?utm_medium=api&utm_source=a4bcf954,13.30147,eyJhbGciOiJIUzI1NiJ9.eyJpIjoiNTgxMzg0MzIyOSIsInMiOiJrcWpMa2RIQThSR0c3NDdUVEROOHJRIn0.T-WBMqbgZMZi6CCDasFZa4QA1JHX29pVg9ILlSWoeno,5813843229,"{'display_name': 'Charlottenburg, Berlin', '__CLASS__': 'Adzuna::API::Response::Location', 'area': ['Deutschland', 'Berlin', 'Charlottenburg']}",Team Lead (f/m/d) Data Science,Adzuna::API::Response::Job,0,2026-07-24T15:03:20Z,full_time,130000.0,97500.0,permanent
"{'tag': 'unknown', 'label': 'Unknown', '__CLASS__': 'Adzuna::API::Response::Category'}","{'display_name': 'Universität Münster', '__CLASS__': 'Adzuna::API::Response::Company'}","The Department of Information Systems in the School of Business and Economics at the University of Münster, Germany, is currently inviting applications for the position of Professor of Data Science Methods in Information Systems (tenured, salary level W2) to commence on 1 April 2027 or as soon as possible thereafter. We envision this professorship to further strengthen the Department of Information Systems in terms of its global reputation for research and teaching, as well as its contribution …",51.9614,https://www.adzuna.de/details/5896742170?utm_medium=api&utm_source=a4bcf954,7.59999,eyJhbGciOiJIUzI1NiJ9.eyJpIjoiNTg5Njc0MjE3MCIsInMiOiJrcWpMa2RIQThSR0c3NDdUVEROOHJRIn0.Ixat0ScOcsa0m22dQJp1G04oZ1r19carumsWMN9uoT8,5896742170,"{'display_name': 'Centrum, Münster', '__CLASS__': 'Adzuna::API::Response::Location', 'area': ['Deutschland', 'Nordrhein-Westfalen', 'Münster', 'Centrum']}",Professor of Data Science Methods in Information Systems,Adzuna::API::Response::Job,0,2026-09-24T13:19:19Z,,,,
"{'__CLASS__': 'Adzuna::API::Response::Category', 'label': 'IT-Stellen', 'tag': 'it-jobs'}","{'__CLASS__': 'Adzuna::API::Response::Company', 'display_name': 'Universität Münster'}","The Department of Information Systems in the School of Business and Economics at the University of Münster, Germany, is currently inviting applications for the position of Professor of Data Science Methods in Information Systems (tenured, salary level W2) to commence on 1 April 2027 or as soon as possible thereafter. Bitte lesen Sie die folgende Stellenbeschreibung sorgfältig durch, um sicherzustellen, dass Sie für diese Stelle geeignet sind, bevor Sie sich bewerben. We envision this professors…",,https://www.adzuna.de/details/5897059762?utm_medium=api&utm_source=a4bcf954,,eyJhbGciOiJIUzI1NiJ9.eyJpIjoiNTg5NzA1OTc2MiIsInMiOiJrcWpMa2RIQThSR0c3NDdUVEROOHJRIn0.rOmoWYvP5ksxWq7ZDu9T8zYeQpkeVFgd-CQ7ZfKf-cw,5897059762,"{'__CLASS__': 'Adzuna::API::Response::Location', 'area': ['Deutschland'], 'display_name': 'Deutschland'}",Professor of Data Science Methods in Information Systems,Adzuna::API::Response::Job,0,2026-09-24T17:50:06Z,,,,
"{'tag': 'teaching-jobs', '__CLASS__': 'Adzuna::API::Response::Category', 'label': 'Lehrberufe'}","{'__CLASS__': 'Adzuna::API::Response::Company', 'display_name': 'Universität Münster'}","The Department of Information Systems in the School of Business and Economics at the University of Münster, Germany, is currently inviting applications for the position of Professor of Data Science Methods in Information Systems (tenured, salary level W2) to commence on 1 April 2027 or as soon as possible thereafter. We envision this professorship to further strengthen the Department of Information Systems in terms of its global reputation for research and teaching, as well as its contribution …",,https://www.adzuna.de/details/5886339386?utm_medium=api&utm_source=a4bcf954,,eyJhbGciOiJIUzI1NiJ9.eyJzIjoia3FqTGtkSEE4UkdHNzQ3VFRETjhyUSIsImkiOiI1ODg2MzM5Mzg2In0.AyH1Pu_pVmQ-Vpjd_3-tci9grARJOi0RXZRlvuzIIjM,5886339386,"{'__CLASS__': 'Adzuna::API::Response::Location', 'area': ['Deutschland'], 'display_name': 'Deutschland'}",Professor of Data Science Methods in Information Systems,Adzuna::API::Response::Job,0,2026-09-16T17:09:19Z,,,,
