description,adref,longitude,__CLASS__,location,company,redirect_url,id,created,latitude,title,category,salary_is_predicted,contract_time,salary_min,salary_max,contract_type
"Eine gute Idee war der Ursprung, ein erfolgreiches Konzept ist das Ergebnis. Qualität zum guten Preis möglichst vielen Menschen anbieten zu können treibt uns an - mittlerweile weltweit, denn wir sind Lidl. Hier ist das berufliche Zuhause vielfältiger Talente. Ob im Einkauf, in der Logistik, im Warengeschäft oder in der IT; ob als Impulsgeber, Gestalter oder Dienstleister der Länder. Wir suchen Anpacker, Durchstarter, Möglichmacher und bieten spannende Aufgaben und Projekte in einem dynamischen …",eyJhbGciOiJIUzI1NiJ9.eyJzIjoib05PZzVMMnE4UkdTOXRYM2dQVTlOZyIsImkiOiI1ODY3MTU2OTI2In0.3lbgtBcEryQ0O7vd-n9HNNmONfVAsoeDnuDZPCzmIfM,9.2274,Adzuna::API::Response::Job,"{'__CLASS__': 'Adzuna::API::Response::Location', 'display_name': 'Neckarsulm, Heilbronn (Kreis)', 'area': ['Deutschland', 'Baden-Württemberg', 'Heilbronn (Kreis)', 'Neckarsulm']}","{'display_name': 'Lidl Stiftung & Co. KG', '__CLASS__': 'Adzuna::API::Response::Company'}",https://www.adzuna.de/land/ad/5867156926?se=oNOg5L2q8RGS9tX3gPU9Ng&utm_medium=api&utm_source=a4bcf954&v=57538349D517A874951EE6D4F43A60A107187C1F,5867156926,2026-09-02T16:09:25Z,49.18975,Duales Studium Wirtschaftsinformatik - Data Science 2027,"{'__CLASS__': 'Adzuna::API::Response::Category', 'label': 'Unknown', 'tag': 'unknown'}",0,,,,
"Eine gute Idee war der Ursprung, ein erfolgreiches Konzept ist das Ergebnis. Qualität zum guten Preis möglichst vielen Menschen anbieten zu können treibt uns an - mittlerweile weltweit, denn wir sind Lidl. Hier ist das berufliche Zuhause vielfältiger Talente. Ob im Einkauf, in der Logistik, im Warengeschäft oder in der IT; ob als Impulsgeber, Gestalter oder Dienstleister der Länder. Wir suchen Anpacker, Durchstarter, Möglichmacher und bieten spannende Aufgaben und Projekte in einem dynamischen …",eyJhbGciOiJIUzI1NiJ9.eyJzIjoib05PZzVMMnE4UkdTOXRYM2dQVTlOZyIsImkiOiI1ODY3NzQ4MDk1In0.o_pYEdzW93uEhpYfSVfzH-2UN-poNnAwg0jvVug5nPI,9.2274,Adzuna::API::Response::Job,"{'area': ['Deutschland', 'Baden-Württemberg', 'Heilbronn (Kreis)', 'Neckarsulm'], '__CLASS__': 'Adzuna::API::Response::Location', 'display_name': 'Neckarsulm, Heilbronn (Kreis)'}","{'__CLASS__': 'Adzuna::API::Response::Company', 'display_name': 'Lidl Stiftung & Co. KG'}",https://www.adzuna.de/land/ad/5867748095?se=oNOg5L2q8RGS9tX3gPU9Ng&utm_medium=api&utm_source=a4bcf954&v=6CCA5DCD457AACFE0589896DE157FC35B303CC21,5867748095,2026-09-03T01:27:52Z,49.18975,Duales Studium Data Science und KI - Smart Operations Management 2027,"{'__CLASS__': 'Adzuna::API::Response::Category', 'label': 'Unknown', 'tag': 'unknown'}",0,,,,
"medi GmbH & Co. KG Bayreuth Präsenz / Mobil Ausbildung IT Vollzeit Du willst die digitale Zukunft aktiv mitgestalten und dein Interesse für Daten, KI und moderne Technologien nicht nur im Hörsaal, sondern auch direkt in der Praxis einsetzen? Dann ist das duale Studium Data Science / KI bei medi genau dein Weg in eine zukunftsorientierte Karriere in der datengetriebenen Welt von morgen. Bewirb dich jetzt für einen Start ab September 2027 und absolviere dein duales Studium in nur drei Jahren Über…",eyJhbGciOiJIUzI1NiJ9.eyJpIjoiNTg3MTk1NzA3MiIsInMiOiJvTk9nNUwycThSR1M5dFgzZ1BVOU5nIn0.sFdSezx2J5fxtgv5ILv9zyqkVXrvH2bUFnW9njnYucU,11.588238,Adzuna::API::Response::Job,"{'__CLASS__': 'Adzuna::API::Response::Location', 'display_name': 'Bayreuth, Bayreuth (Kreis)', 'area': ['Deutschland', 'Bayern', 'Bayreuth (Kreis)', 'Bayreuth']}","{'__CLASS__': 'Adzuna::API::Response::Company', 'display_name': 'medi GmbH & Co. KG'}",https://www.adzuna.de/land/ad/5871957072?se=oNOg5L2q8RGS9tX3gPU9Ng&utm_medium=api&utm_source=a4bcf954&v=358824A552F0851F2372627C1311D60C01292A91,5871957072,2026-09-05T14:04:17Z,49.941534,Duales Studium Data Science / KI (w/m/d) 2027,"{'__CLASS__': 'Adzuna::API::Response::Category', 'label': 'Unknown', 'tag': 'unknown'}",0,,,,
"Life is always about becoming… Im Leben geht es darum, sich auf eine Reise zu begeben, um die beste Version unseres zukünftigen Selbst zu werden. Während wir Neues entdecken, stellen wir uns Herausforderungen, meistern sie und wachsen über uns hinaus. Bewerben Sie sich bei Mercedes-Benz und finden Sie den Aufgabenbereich, in dem Sie Ihre Talente individuell entfalten können. Dabei werden Sie von visionären Kolleginnen und Kollegen unterstützt, die Ihren Pioniergeist teilen. Bei uns einzusteigen…",eyJhbGciOiJIUzI1NiJ9.eyJpIjoiNTgzMDA3NjIwNyIsInMiOiJvTk9nNUwycThSR1M5dFgzZ1BVOU5nIn0.8s1N9vL1G6-2Qig4RATt69s8uzgCU88EFZ_psfxFjgI,9.315933,Adzuna::API::Response::Job,"{'display_name': 'Esslingen am Neckar, Esslingen (Kreis)', '__CLASS__': 'Adzuna::API::Response::Location', 'area': ['Deutschland', 'Baden-Württemberg', 'Esslingen (Kreis)', 'Esslingen am Neckar']}","{'display_name': 'Mercedes-Benz Group AG', '__CLASS__': 'Adzuna::API::Response::Company'}",https://www.adzuna.de/land/ad/5830076207?se=oNOg5L2q8RGS9tX3gPU9Ng&utm_medium=api&utm_source=a4bcf954&v=0412ABA7A2033C8C900FE4386182E7F5E1AE3D12,5830076207,2026-08-06T07:21:01Z,48.745846,"Duales Studium Wirtschaftsinformatik/Data Science (B.Sc.), Mercedes-Benz Group AG, Stuttgart, 01.10.2027 (m/w/d)","{'__CLASS__': 'Adzuna::API::Response::Category', 'label': 'Unknown', 'tag': 'unknown'}",0,,,,
Wir sind der Digitalisierungspartner in der genossenschaftlichen FinanzGruppe und vereinen jahrzehntelanges Expertenwissen in Banking und Informationstechnologie. Die speziell auf Banken zugeschnittenen IT-Lösungen und Leistungen reichen vom Rechenzentrumsbetrieb über das Bankverfahren von Atruvia bis hin zur App-Entwicklung. Dabei nutzen wir zukunftsweisende Technologien wie Smart Data und schreiben Prozessoptimierung und Regulatorik groß. Gestalte die Zukunft mit KI – Starte dein Duales Studi…,eyJhbGciOiJIUzI1NiJ9.eyJpIjoiNTg0MzEyNjk5OCIsInMiOiJvTk9nNUwycThSR1M5dFgzZ1BVOU5nIn0.lrxWuClS9zKSsUF04-fHigik_mow4-8q-UqiFbgDB0U,8.412378,Adzuna::API::Response::Job,"{'display_name': 'Karlsruhe, Karlsruhe (Kreis)', '__CLASS__': 'Adzuna::API::Response::Location', 'area': ['Deutschland', 'Baden-Württemberg', 'Karlsruhe (Kreis)', 'Karlsruhe']}","{'display_name': 'Atruvia AG', '__CLASS__': 'Adzuna::API::Response::Company'}",https://www.adzuna.de/details/5843126998?utm_medium=api&utm_source=a4bcf954,5843126998,2026-08-15T16:07:13Z,49.001249,Duales Studium Data Science & Künstliche Intelligenz B.Sc.,"{'__CLASS__': 'Adzuna::API::Response::Category', 'tag': 'unknown', 'label': 'Unknown'}",0,,,,
"Professur für Business Data Science Das Themengebiet der Professur konzentriert sich auf die wirtschaftlichen Anwendungen der Künstlichen Intelligenz im Kontext von Natural Language Processing und Machine Learning. Die künftige Stelleninhaberin oder der künftige Stelleninhaber vertritt das Fachgebiet der Datenwissenschaft in Lehre, Forschung und Transfer. Der Standort Osnabrück bietet mit seinen beiden Hochschulen sowie dem Labor Niedersachsen des Deutschen Forschungszentrums für Künstliche Int…",eyJhbGciOiJIUzI1NiJ9.eyJpIjoiNTg1ODA1MTc2NCIsInMiOiJvTk9nNUwycThSR1M5dFgzZ1BVOU5nIn0.wtVKYXXwUua1WqJEIeyVyZHnUScANrAX0346eERZD14,8.055137,Adzuna::API::Response::Job,"{'area': ['Deutschland', 'Niedersachsen', 'Osnabrück (Kreis)', 'Osnabrück'], '__CLASS__': 'Adzuna::API::Response::Location', 'display_name': 'Osnabrück, Osnabrück (Kreis)'}","{'__CLASS__': 'Adzuna::API::Response::Company', 'display_name': 'Hochschule Osnabrück'}",https://www.adzuna.de/land/ad/5858051764?se=oNOg5L2q8RGS9tX3gPU9Ng&utm_medium=api&utm_source=a4bcf954&v=FDFDFEC29A2BB8072EC0E60D99B3193A7E18F43C,5858051764,2026-08-27T10:33:39Z,52.274227,Professur für Business Data Science,"{'__CLASS__': 'Adzuna::API::Response::Category', 'label': 'Unknown', 'tag': 'unknown'}",0,,,,
"Die VBL mit Sitz in Karlsruhe ist Deutschlands größte Zusatzversorgungseinrichtung für Beschäftigte des öffentlichen Dienstes und betreut circa 5,4 Mio. Versicherte und circa 1,5 Mio. Rentenberechtigte. Sie begeistern sich für Daten, digitale Technologien und intelligente Systeme? Dann verbinden Sie Theorie und Praxis in einem zukunftsweisenden dualen Studium bei der VBL. Ab sofort suchen wir einen Studierenden für 2027. Duales Studium (B.Sc.) – Data Science und Künstliche Intelligenz (m/w/d) I…",eyJhbGciOiJIUzI1NiJ9.eyJpIjoiNTg2OTM1NTEwMyIsInMiOiJvTk9nNUwycThSR1M5dFgzZ1BVOU5nIn0.RQtOZ27dS7G53uLAKrigM4MeE9L7TkLTKN3FhyDEKeg,8.38979,Adzuna::API::Response::Job,"{'__CLASS__': 'Adzuna::API::Response::Location', 'display_name': 'Innenstadt, Karlsruhe', 'area': ['Deutschland', 'Baden-Württemberg', 'Karlsruhe (Kreis)', 'Karlsruhe', 'Innenstadt']}","{'__CLASS__': 'Adzuna::API::Response::Company', 'display_name': 'VBL. Versorgungsanstalt des Bundes und der Länder'}",https://www.adzuna.de/land/ad/5869355103?se=oNOg5L2q8RGS9tX3gPU9Ng&utm_medium=api&utm_source=a4bcf954&v=C58CDCA1B5F155E8684AEA3AAF6FD9F630DA7A68,5869355103,2026-09-03T18:34:00Z,49.01336,Duales Studium (B.Sc.) – Data Science und Künstliche Intelligenz (m/w/d),"{'__CLASS__': 'Adzuna::API::Response::Category', 'label': 'Sonstige/Allgemeine Stellen', 'tag': 'other-general-jobs'}",0,full_time,,,
DHBW-Studium Bachelor of Science – Wirt­schafts­informatik Data Science Als starker Arbeitgeber und attrak­tives Aus­bildungs­unter­nehmen bieten wir viel­fältige und spannende Aus­bildungs- und Studien­plätze mit besten Über­nahme­chancen. Bereit für ein echt spannendes und abwechslungsreiches Studium? Wir machen dich fit für deine Zukunft in einer modernen Versicherung. Für den Studienstart am 01.09.2027 in Stuttgart suchen wir aufgeschlossene und motivierte Studierende. Aufgaben Drei Jahre b…,eyJhbGciOiJIUzI1NiJ9.eyJpIjoiNTg2OTMzNTM2OSIsInMiOiJvTk9nNUwycThSR1M5dFgzZ1BVOU5nIn0.7CuCu5NpYHM5UHsauhNLzDyEsCwnmhyRvkuFlyp8Re4,9.187224,Adzuna::API::Response::Job,"{'__CLASS__': 'Adzuna::API::Response::Location', 'display_name': 'Stuttgart, Baden-Württemberg', 'area': ['Deutschland', 'Baden-Württemberg', 'Stuttgart']}","{'display_name': 'WGV - Württembergische Gemeinde-Versicherung a.G.', '__CLASS__': 'Adzuna::API::Response::Company'}",https://www.adzuna.de/details/5869335369?utm_medium=api&utm_source=a4bcf954,5869335369,2026-09-03T18:29:34Z,48.776198,DHBW-Studium Bachelor of Science – Wirtschaftsinformatik Data Science,"{'__CLASS__': 'Adzuna::API::Response::Category', 'tag': 'unknown', 'label': 'Unknown'}",0,,,,
"Als Industrieunternehmen sammeln wir an vielen Stellen wertvolle Daten – in kaufmännischen Abteilungen, in technischen Bereichen und direkt in der Produktion. Ihre Auswertung hilft uns dabei, Abläufe zu verbessern und effizienter zu gestalten. Dafür ist ein dauerhaftes und strukturiertes Datenmanagement unverzichtbar. Die Zukunft basiert auf der Analyse komplexer Daten. Nur wer diese richtig auswerten und interpretieren kann, sorgt für reibungslose Prozesse und treibt Innovationen voran. Durch …",eyJhbGciOiJIUzI1NiJ9.eyJpIjoiNTgyOTAyNTY0MSIsInMiOiJvTk9nNUwycThSR1M5dFgzZ1BVOU5nIn0.l3TDvgbcft1Q-v3pJMASRsq9raS5B1EpcCTeO-NcUDE,7.55838,Adzuna::API::Response::Job,"{'area': ['Deutschland', 'Niedersachsen', 'Wittmund (Kreis)', 'Blomberg'], 'display_name': 'Blomberg, Wittmund (Kreis)', '__CLASS__': 'Adzuna::API::Response::Location'}","{'__CLASS__': 'Adzuna::API::Response::Company', 'display_name': 'Phoenix Contact GmbH & Co. KG'}",https://www.adzuna.de/details/5829025641?utm_medium=api&utm_source=a4bcf954,5829025641,2026-08-05T13:00:32Z,53.57559,Duales Studium Data Science,"{'tag': 'unknown', 'label': 'Unknown', '__CLASS__': 'Adzuna::API::Response::Category'}",0,,,,
"Wir begleiten dich auf dem Weg zum Traumberuf. Als führender Hausgerätehersteller in Europa bilden wir junge Menschen in Berufen aus, die zu ihnen passen und sie erfüllen. Mit unserem Portfolio an Marken – unter anderem Bosch, Siemens, Gaggenau und Neff – bieten wir Nachwuchskräften spannende Aufgaben und die Möglichkeit, von Anfang an Verantwortung zu übernehmen. Ob im Bereich Klimaschutz, Innovation oder Fairness – wir setzen uns gemeinsam mit dir für eine nachhaltige Zukunft ein. Spannende L…",eyJhbGciOiJIUzI1NiJ9.eyJpIjoiNTgzNjYzMDU1NCIsInMiOiJvTk9nNUwycThSR1M5dFgzZ1BVOU5nIn0.t_4CqUZWhqU3x0tM5tIbLMwqvA6n1v7KVgJadoBTUjU,10.36551,Adzuna::API::Response::Job,"{'display_name': 'Gundelfingen an der Donau, Dillingen an der Donau (Kreis)', '__CLASS__': 'Adzuna::API::Response::Location', 'area': ['Deutschland', 'Bayern', 'Dillingen an der Donau (Kreis)', 'Gundelfingen an der Donau']}","{'display_name': 'BSH Hausgeräte Gruppe', '__CLASS__': 'Adzuna::API::Response::Company'}",https://www.adzuna.de/land/ad/5836630554?se=oNOg5L2q8RGS9tX3gPU9Ng&utm_medium=api&utm_source=a4bcf954&v=B298C8549D272CF4A95310C61FFD07C041B321D5,5836630554,2026-08-11T12:50:37Z,48.55149,Duales Studium - Data Science & Künstliche Intelligenz (B. Sc.) - 2027,"{'__CLASS__': 'Adzuna::API::Response::Category', 'label': 'Stellen für Hochschulabsolventen', 'tag': 'graduate-jobs'}",0,,,,
"Eine gute Idee war der Ursprung, ein erfolgreiches Konzept ist das Ergebnis. Qualität zum guten Preis möglichst vielen Menschen anbieten zu können treibt uns an - mittlerweile weltweit, denn wir sind Lidl. Hier ist das berufliche Zuhause vielfältiger Talente. Ob im Einkauf, in der Logistik, im Warengeschäft oder in der IT; ob als Impulsgeber, Gestalter oder Dienstleister der Länder. Wir suchen Anpacker, Durchstarter, Möglichmacher und bieten spannende Aufgaben und Projekte in einem dynamischen …",eyJhbGciOiJIUzI1NiJ9.eyJpIjoiNTg2Nzc0NTkyNiIsInMiOiJvTk9nNUwycThSR1M5dFgzZ1BVOU5nIn0.HSLcnwhnS9WLpHHz9m6wNk1R0NxfbDFKvUS1rYxX6Z4,9.2274,Adzuna::API::Response::Job,"{'area': ['Deutschland', 'Baden-Württemberg', 'Heilbronn (Kreis)', 'Neckarsulm'], '__CLASS__': 'Adzuna::API::Response::Location', 'display_name': 'Neckarsulm, Heilbronn (Kreis)'}","{'__CLASS__': 'Adzuna::API::Response::Company', 'display_name': 'Lidl Stiftung & Co. KG'}",https://www.adzuna.de/land/ad/5867745926?se=oNOg5L2q8RGS9tX3gPU9Ng&utm_medium=api&utm_source=a4bcf954&v=EE77F10D72125E6854147BDB5DE2E76F8E2432B9,5867745926,2026-09-03T01:26:43Z,49.18975,Duales Studium Data Science und KI - Smart Operations Management 2027,"{'__CLASS__': 'Adzuna::API::Response::Category', 'tag': 'graduate-jobs', 'label': 'Stellen für Hochschulabsolventen'}",0,,,,
"Als Student arbeitest Du mit Deinen Kolleginnen und Kollegen auf Augenhöhe und schaffst ideale Voraussetzungen für Deine spätere Karriere. Sich etwas Neues trauen, über sich hinauswachsen und dabei die Grenzen des Machbaren neu deﬁnieren. Genau das ist es, was unsere Mitarbeitenden täglich leben dürfen und sollen. Um mit unseren Innovationen das Tempo vorzugeben und Großartiges zu ermöglichen. Denn hinter jedem erfolgreichen Unternehmen stehen eine ganze Menge faszinierender Menschen. Die Mitar…",eyJhbGciOiJIUzI1NiJ9.eyJpIjoiNTgxMDU1MDg4OSIsInMiOiJvTk9nNUwycThSR1M5dFgzZ1BVOU5nIn0.BRQs0QtttJRZXSGnaidIN4S6bb089FrAmMgqzlr2bss,10.10558,Adzuna::API::Response::Job,"{'area': ['Deutschland', 'Baden-Württemberg', 'Ostalbkreis', 'Oberkochen'], 'display_name': 'Oberkochen, Ostalbkreis', '__CLASS__': 'Adzuna::API::Response::Location'}","{'display_name': 'ZEISS', '__CLASS__': 'Adzuna::API::Response::Company'}",https://www.adzuna.de/land/ad/5810550889?se=oNOg5L2q8RGS9tX3gPU9Ng&utm_medium=api&utm_source=a4bcf954&v=1FEF4813105946798F9B4DCA0FC26772816D4906,5810550889,2026-07-22T10:26:36Z,48.78408,Abschlussarbeit Data Science / Mechanikdesign (m/w/x),"{'label': 'Stellen für Hochschulabsolventen', 'tag': 'graduate-jobs', '__CLASS__': 'Adzuna::API::Response::Category'}",0,,,,
"About us Zenjob is an AI-powered flexible staffing platform that has efficiently connected companies and temporary workers since 2015. Companies use our platform to book ready-to-work staff in real time, while students use our app to find part-time jobs that conveniently fit around their studies. Over 40,000 students and 1,000 partner companies from logistics, retail, and hospitality in all major German cities share our belief that good work is not a coincidence. It is the result of innovative …",eyJhbGciOiJIUzI1NiJ9.eyJzIjoib05PZzVMMnE4UkdTOXRYM2dQVTlOZyIsImkiOiI1NzY5MjI0MDE2In0.twsVvZ-_EvDmdMQC5H5dqMj9-JUeA-s_tu6SrYkn6-A,13.420806,Adzuna::API::Response::Job,"{'area': ['Deutschland', 'Berlin'], 'display_name': 'Berlin, Deutschland', '__CLASS__': 'Adzuna::API::Response::Location'}","{'__CLASS__': 'Adzuna::API::Response::Company', 'display_name': 'Zenjob SE'}",https://www.adzuna.de/land/ad/5769224016?se=oNOg5L2q8RGS9tX3gPU9Ng&utm_medium=api&utm_source=a4bcf954&v=0CBE58766F7271E596F1D0041EF7C0033C10DF28,5769224016,2026-06-19T11:24:10Z,52.507706,Head of Analytics and Data Science,"{'tag': 'hospitality-catering-jobs', 'label': 'Stellen aus Gastronomie & Catering', '__CLASS__': 'Adzuna::API::Response::Category'}",0,full_time,,,
Wir sind der Digitalisierungspartner in der genossenschaftlichen FinanzGruppe und vereinen jahrzehntelanges Expertenwissen in Banking und Informationstechnologie. Die speziell auf Banken zugeschnittenen IT-Lösungen und Leistungen reichen vom Rechenzentrumsbetrieb über das Bankverfahren von Atruvia bis hin zur App-Entwicklung. Dabei nutzen wir zukunftsweisende Technologien wie Smart Data und schreiben Prozessoptimierung und Regulatorik groß. Gestalte die Zukunft mit KI – Starte dein Duales Studi…,eyJhbGciOiJIUzI1NiJ9.eyJpIjoiNTgzNjA2NDIzOCIsInMiOiJvTk9nNUwycThSR1M5dFgzZ1BVOU5nIn0.4YC4hZyBSsrbRN-tvVka-FFdEdRf0FZGy45u1YSNEzM,8.412378,Adzuna::API::Response::Job,"{'__CLASS__': 'Adzuna::API::Response::Location', 'display_name': 'Karlsruhe, Karlsruhe (Kreis)', 'area': ['Deutschland', 'Baden-Württemberg', 'Karlsruhe (Kreis)', 'Karlsruhe']}","{'__CLASS__': 'Adzuna::API::Response::Company', 'display_name': 'Atruvia AG'}",https://www.adzuna.de/land/ad/5836064238?se=oNOg5L2q8RGS9tX3gPU9Ng&utm_medium=api&utm_source=a4bcf954&v=011856F1EBC450BA235F63CBA586A79B55380F8A,5836064238,2026-08-11T00:56:17Z,49.001249,Duales Studium Data Science & Künstliche Intelligenz B.Sc.,"{'__CLASS__': 'Adzuna::API::Response::Category', 'tag': 'graduate-jobs', 'label': 'Stellen für Hochschulabsolventen'}",0,,,,
"Die Universität Passau genießt durch exzellente Forschung, innovative Lehre und ein dichtes internationales Netzwerk hohe Sichtbarkeit und Ansehen. Rund 11.000 Studierende und Promovierende und über 1.300 Beschäftigte lernen und arbeiten nahe der Altstadt auf einem Campus, der modernste technische Infrastruktur mit einer preisgekrönten städtebaulichen Anlage vereint. International erfolgreiche High-Tech-Firmen und eine lebhafte Gründerszene, gepaart mit reicher Kultur und niederbayerischer Trad…",eyJhbGciOiJIUzI1NiJ9.eyJzIjoib05PZzVMMnE4UkdTOXRYM2dQVTlOZyIsImkiOiI1ODczNDM4MDcyIn0.yEmEKYWW2qPgDCXeKXDyDjC64sGdig_1Frk7betG64Q,,Adzuna::API::Response::Job,"{'area': ['Deutschland'], 'display_name': 'Deutschland', '__CLASS__': 'Adzuna::API::Response::Location'}","{'__CLASS__': 'Adzuna::API::Response::Company', 'display_name': 'Universität Passau'}",https://www.adzuna.de/land/ad/5873438072?se=oNOg5L2q8RGS9tX3gPU9Ng&utm_medium=api&utm_source=a4bcf954&v=82E04802EBE5EBB8806AE39DC38CD7E79038FE5D,5873438072,2026-09-07T01:57:19Z,,Lehrstuhl für Medical Data Science (W 3),"{'__CLASS__': 'Adzuna::API::Response::Category', 'label': 'Unknown', 'tag': 'unknown'}",0,,,,
"Die VBL mit Sitz in Karlsruhe ist Deutschlands größte Zusatzversorgungseinrichtung für Beschäftigte des öffentlichen Dienstes und betreut circa 5,4 Mio. Versicherte und circa 1,5 Mio. Rentenberechtigte. Sie begeistern sich für Daten, digitale Technologien und intelligente Systeme? Dann verbinden Sie Theorie und Praxis in einem zukunftsweisenden dualen Studium bei der VBL. Ab sofort suchen wir einen Studierenden für 2027. Duales Studium (B.Sc.) – Data Science und Künstliche Intelligenz (m/w/d) J…",eyJhbGciOiJIUzI1NiJ9.eyJzIjoib05PZzVMMnE4UkdTOXRYM2dQVTlOZyIsImkiOiI1ODU1MzA4NDQ2In0.4hVxvopFV7apqjsjJ-GTjDcbmTwNF2zAqM3QxtAVbIU,8.412378,Adzuna::API::Response::Job,"{'area': ['Deutschland', 'Baden-Württemberg', 'Karlsruhe (Kreis)', 'Karlsruhe'], '__CLASS__': 'Adzuna::API::Response::Location', 'display_name': 'Karlsruhe, Karlsruhe (Kreis)'}","{'display_name': 'VBL. Versorgungsanstalt des Bundes und der Länder', '__CLASS__': 'Adzuna::API::Response::Company'}",https://www.adzuna.de/land/ad/5855308446?se=oNOg5L2q8RGS9tX3gPU9Ng&utm_medium=api&utm_source=a4bcf954&v=55F206BF27204AB65AB05644F9F1D4FC8E8421F5,5855308446,2026-08-25T12:57:12Z,49.001249,Duales Studium (B.Sc.) – Data Science und Künstliche Intelligenz (m/w/d),"{'tag': 'graduate-jobs', 'label': 'Stellen für Hochschulabsolventen', '__CLASS__': 'Adzuna::API::Response::Category'}",0,,,,
Die Liebherr-Werk Ehingen GmbH zählt zu den weltweit führenden Herstellern von Fahrzeugkranen. Das Programm umfasst Teleskop- und Gittermastkrane auf Mobil- und Raupenfahrwerken. Seit der Gründung wurde die Produktionsstätte und ihre Kapazität kontinuierlich erweitert. Heute werden täglich sechs Fahrzeugkrane aus Ehingen in die ganze Welt geliefert. DHBW Studium - Data Science und Künstliche Intelligenz (B.Sc.) Job-ID 83588 JLFT1_DE,eyJhbGciOiJIUzI1NiJ9.eyJpIjoiNTgxMDUzMTc0MiIsInMiOiJvTk9nNUwycThSR1M5dFgzZ1BVOU5nIn0.ZfPta1fNOrWMprKkL4umNgOZ77NdfMyr0JDFkD5Pz-g,9.72719,Adzuna::API::Response::Job,"{'display_name': 'Ehingen (Donau), Alb-Donau-Kreis', '__CLASS__': 'Adzuna::API::Response::Location', 'area': ['Deutschland', 'Baden-Württemberg', 'Alb-Donau-Kreis', 'Ehingen (Donau)']}","{'display_name': 'Liebherr-Werk Ehingen GmbH', '__CLASS__': 'Adzuna::API::Response::Company'}",https://www.adzuna.de/land/ad/5810531742?se=oNOg5L2q8RGS9tX3gPU9Ng&utm_medium=api&utm_source=a4bcf954&v=0C439F9A8606839B5DD9EDB9D4B6C60EC3112F9B,5810531742,2026-07-22T10:22:44Z,48.28207,DHBW Studium - Data Science und Künstliche Intelligenz (B.Sc.),"{'label': 'Stellen für Hochschulabsolventen', 'tag': 'graduate-jobs', '__CLASS__': 'Adzuna::API::Response::Category'}",0,,,,
DHBW-Studium Bachelor of Science – Wirt­schafts­informatik Data Science Als starker Arbeitgeber und attrak­tives Aus­bildungs­unter­nehmen bieten wir viel­fältige und spannende Aus­bildungs- und Studien­plätze mit besten Über­nahme­chancen. Bereit für ein echt spannendes und abwechslungsreiches Studium? Wir machen dich fit für deine Zukunft in einer modernen Versicherung. Für den Studienstart am 01.09.2027 in Stuttgart suchen wir aufgeschlossene und motivierte Studierende. JLFT1_DE,eyJhbGciOiJIUzI1NiJ9.eyJpIjoiNTg2NDUxOTc1MSIsInMiOiJvTk9nNUwycThSR1M5dFgzZ1BVOU5nIn0.xtM3zqLquBdWAjd4XN1LwXRBdp07VYy9ZIXZfU6b7qc,9.187224,Adzuna::API::Response::Job,"{'area': ['Deutschland', 'Baden-Württemberg', 'Stuttgart'], 'display_name': 'Stuttgart, Baden-Württemberg', '__CLASS__': 'Adzuna::API::Response::Location'}","{'display_name': 'WGV - Württembergische Gemeinde-Versicherung a.G.', '__CLASS__': 'Adzuna::API::Response::Company'}",https://www.adzuna.de/land/ad/5864519751?se=oNOg5L2q8RGS9tX3gPU9Ng&utm_medium=api&utm_source=a4bcf954&v=5B5640780B48EE57DAAF2B7F451EA79F4747C6D6,5864519751,2026-09-01T13:06:45Z,48.776198,DHBW-Studium Bachelor of Science – Wirtschaftsinformatik Data Science,"{'label': 'Stellen für Hochschulabsolventen', 'tag': 'graduate-jobs', '__CLASS__': 'Adzuna::API::Response::Category'}",0,,,,
"Head of AI & Data Science: Tragen Sie dazu bei, Wunden zu heilen, Innovationen zu fördern und Wachstum zu gestalten! Schwer heilende Wunden sind eine enorme Belastung für Patienten, Angehörige und Behandelnde. Machen Sie durch Ihr gestalterisches Mitwirken einen signifikanten Unterschied. Wir entwickeln Produkte und Services, um Wunden bezahlbar zu heilen. Als wachsendes, zukunftsorientiertes inhabergeführtes Familienunternehmen investieren und arbeiten wir mit langfristiger Perspektive statt m…",eyJhbGciOiJIUzI1NiJ9.eyJzIjoib05PZzVMMnE4UkdTOXRYM2dQVTlOZyIsImkiOiI1ODEwNTc5MjMzIn0.bFeAGlOQ3_W81ysYJywB2np6_Qg36vBZkiVSlBHlvRI,7.464954,Adzuna::API::Response::Job,"{'__CLASS__': 'Adzuna::API::Response::Location', 'display_name': 'Dortmund, Nordrhein-Westfalen', 'area': ['Deutschland', 'Nordrhein-Westfalen', 'Dortmund']}","{'__CLASS__': 'Adzuna::API::Response::Company', 'display_name': 'Dr. Ausbüttel GmbH & Co. KG'}",https://www.adzuna.de/land/ad/5810579233?se=oNOg5L2q8RGS9tX3gPU9Ng&utm_medium=api&utm_source=a4bcf954&v=E5CB564F625F7AC343A646D91B42342134CC24FB,5810579233,2026-07-22T10:33:42Z,51.504967,Head of AI & Data Science (m/w/d),"{'label': 'Sonstige/Allgemeine Stellen', 'tag': 'other-general-jobs', '__CLASS__': 'Adzuna::API::Response::Category'}",0,,,,
"Wir sind über 14.000. An 20 Standorten weltweit. Jedes dritte Flugzeug fliegt mit unserer Technologie. Immer effizienter, leiser, nachhaltiger. Wir gestalten die Zukunft der Luftfahrt. Was wir noch brauchen? Dich. Bei der Instandhaltung von Flugzeugtriebwerken entstehen eine Vielzahl verschiedenster Daten. Erst wenn diese Informationen aufbereitet, geprüft und zusammengeführt sind, können Erkenntnisse und Entscheidungen daraus abgeleitet werden. Unser Team ist integraler Bestandteil der Digital…",eyJhbGciOiJIUzI1NiJ9.eyJzIjoib05PZzVMMnE4UkdTOXRYM2dQVTlOZyIsImkiOiI1ODQ3NzUzMzA2In0.cMtjktT4aZUqqWZXr_o07PDrBB-BCgwL8zrbHT-wr2c,11.555737,Adzuna::API::Response::Job,"{'area': ['Deutschland', 'Bayern', 'München (Kreis)', 'München'], 'display_name': 'München, München (Kreis)', '__CLASS__': 'Adzuna::API::Response::Location'}",{'__CLASS__': 'Adzuna::API::Response::Company'},https://www.adzuna.de/land/ad/5847753306?se=oNOg5L2q8RGS9tX3gPU9Ng&utm_medium=api&utm_source=a4bcf954&v=499612C772CC58F30F6DAAB06DAF355389DEE2CF,5847753306,2026-08-19T05:13:06Z,48.137418,Werkstudent Data Science / Data Engineering (all genders),"{'__CLASS__': 'Adzuna::API::Response::Category', 'tag': 'it-jobs', 'label': 'IT-Stellen'}",0,,,,
"HENSOLDT ist ein führendes europäisches Hightech-Unternehmen der Verteidigungs- und Sicherheitsindustrie mit Sitz in Taufkirchen bei München. Das Unternehmen entwickelt Sensorlösungen, Elektronik und Software für die Bereiche Luft, Land, See, Cyber und Weltraum und unterstützt Streitkräfte weltweit dabei, Bedrohungen frühzeitig zu erkennen und fundierte operative Entscheidungen zu treffen. Aufbauend auf jahrzehntelanger Erfahrung in missionskritischer Sensorik verbindet HENSOLDT Radar-, Optroni…",eyJhbGciOiJIUzI1NiJ9.eyJzIjoib05PZzVMMnE4UkdTOXRYM2dQVTlOZyIsImkiOiI1ODM3Mzc5NzM4In0.bRsFzEHtCJNqxfFUFX0AaiH92wtwb2LPbm3eRbGh1vk,9.856945,Adzuna::API::Response::Job,"{'area': ['Deutschland', 'Baden-Württemberg', 'Ulm'], '__CLASS__': 'Adzuna::API::Response::Location', 'display_name': 'Ulm, Baden-Württemberg'}","{'__CLASS__': 'Adzuna::API::Response::Company', 'display_name': 'HENSOLDT'}",https://www.adzuna.de/land/ad/5837379738?se=oNOg5L2q8RGS9tX3gPU9Ng&utm_medium=api&utm_source=a4bcf954&v=A6C5585633CBF1CA27E58BB92D7912336373DF76,5837379738,2026-08-12T00:54:17Z,48.383137,"Duales Studium: ""Data Science & künstliche Intelligenz"" (w/m/d), Ulm, Start 2027","{'label': 'Stellen für Hochschulabsolventen', 'tag': 'graduate-jobs', '__CLASS__': 'Adzuna::API::Response::Category'}",0,,,,
"Die VBL mit Sitz in Karlsruhe ist Deutschlands größte Zusatzversorgungseinrichtung für Beschäftigte des öffentlichen Dienstes und betreut circa 5,4 Mio. Versicherte und circa 1,5 Mio. Rentenberechtigte. Sie begeistern sich für Daten, digitale Technologien und intelligente Systeme? Dann verbinden Sie Theorie und Praxis in einem zukunftsweisenden dualen Studium bei der VBL. Ab sofort suchen wir einen Studierenden für 2027. Duales Studium (B.Sc.) – Data Science und Künstliche Intelligenz (m/w/d) I…",eyJhbGciOiJIUzI1NiJ9.eyJzIjoib05PZzVMMnE4UkdTOXRYM2dQVTlOZyIsImkiOiI1ODY0MTA0Mjg0In0.oRWeLJ_MYZFuJHTgZYDUQyxyeRI5_6h2Jc60yyFwqhw,8.38979,Adzuna::API::Response::Job,"{'area': ['Deutschland', 'Baden-Württemberg', 'Karlsruhe (Kreis)', 'Karlsruhe', 'Innenstadt'], 'display_name': 'Innenstadt, Karlsruhe', '__CLASS__': 'Adzuna::API::Response::Location'}","{'display_name': 'VBL. Versorgungsanstalt des Bundes und der Länder', '__CLASS__': 'Adzuna::API::Response::Company'}",https://www.adzuna.de/land/ad/5864104284?se=oNOg5L2q8RGS9tX3gPU9Ng&utm_medium=api&utm_source=a4bcf954&v=322928706CF13F848E9467C6CBF4DAF638DE5EA6,5864104284,2026-09-01T10:33:02Z,49.01336,Duales Studium (B.Sc.) - Data Science und Künstliche Intelligenz (m/w/d),"{'__CLASS__': 'Adzuna::API::Response::Category', 'tag': 'other-general-jobs', 'label': 'Sonstige/Allgemeine Stellen'}",0,full_time,,,
"Die Hochschule Mittweida, University of Applied Sciences, ist mit über 6.000 Studierenden eine der größten und erfolgreichsten Hochschulen für Angewandte Wissenschaften in Sachsen. Mit ihrem Campus inmitten der Hochschulstadt Mittweida hat sie sich einen familiären Charakter bewahrt, der Arbeiten, Forschen, Studieren und Leben attraktiv macht. Hightech, Kreativität, Weltoffenheit und das Engagement aller Hochschulangehörigen begegnen sich hier auf kurzen Wegen. Anwendungsnahes Lehren und Forsch…",eyJhbGciOiJIUzI1NiJ9.eyJpIjoiNTg0OTkzNjU4OCIsInMiOiJvTk9nNUwycThSR1M5dFgzZ1BVOU5nIn0.sjJlh-auWA7LhJArGeYz9ndPzj0fUKWNSadyKAe7Cto,12.98145,Adzuna::API::Response::Job,"{'area': ['Deutschland', 'Sachsen', 'Mittelsachsen (Kreis)', 'Mittweida'], '__CLASS__': 'Adzuna::API::Response::Location', 'display_name': 'Mittweida, Mittelsachsen (Kreis)'}","{'__CLASS__': 'Adzuna::API::Response::Company', 'display_name': 'Hochschule Mittweida - University of Applied Sciences'}",https://www.adzuna.de/land/ad/5849936588?se=oNOg5L2q8RGS9tX3gPU9Ng&utm_medium=api&utm_source=a4bcf954&v=726766D74DF21C0E94E0909A9527777B5D9ED072,5849936588,2026-08-20T22:19:34Z,50.98578,W2-Professur für Angewandte Mathematik - KI und Data Sciences (w/m/d),"{'__CLASS__': 'Adzuna::API::Response::Category', 'tag': 'other-general-jobs', 'label': 'Sonstige/Allgemeine Stellen'}",0,,,,
"medi GmbH & Co. KG Bayreuth Präsenz / Mobil Ausbildung IT Vollzeit Du willst die digitale Zukunft aktiv mitgestalten und dein Interesse für Daten, KI und moderne Technologien nicht nur im Hörsaal, sondern auch direkt in der Praxis einsetzen? Dann ist das duale Studium Data Science / KI bei medi genau dein Weg in eine zukunftsorientierte Karriere in der datengetriebenen Welt von morgen. Bewirb dich jetzt für einen Start ab September 2027 und absolviere dein duales Studium in nur drei Jahren Über…",eyJhbGciOiJIUzI1NiJ9.eyJzIjoib05PZzVMMnE4UkdTOXRYM2dQVTlOZyIsImkiOiI1ODY1ODA5MTc3In0.pMGI7kPJ_ObFgXRo3fy-hMuauYirt-f9UdJWiODbJBw,11.588238,Adzuna::API::Response::Job,"{'area': ['Deutschland', 'Bayern', 'Bayreuth (Kreis)', 'Bayreuth'], 'display_name': 'Bayreuth, Bayreuth (Kreis)', '__CLASS__': 'Adzuna::API::Response::Location'}","{'__CLASS__': 'Adzuna::API::Response::Company', 'display_name': 'medi GmbH & Co. KG'}",https://www.adzuna.de/land/ad/5865809177?se=oNOg5L2q8RGS9tX3gPU9Ng&utm_medium=api&utm_source=a4bcf954&v=F21595B9CAE840EE9F01453668C50AB5C7C278D2,5865809177,2026-09-02T01:48:14Z,49.941534,Duales Studium Data Science / KI (w/m/d) 2027,"{'__CLASS__': 'Adzuna::API::Response::Category', 'tag': 'graduate-jobs', 'label': 'Stellen für Hochschulabsolventen'}",0,,,,
"The University of Passau owes its strong visibility and good repute to excellent research, innovative teaching and its tight-knit international academic networks. Some 11,000 students and doctoral researchers and more than 1,300 staff study and work on our university campus, which is located a stone's throw from the historic Old Town of Passau and combines state-of-the-art technical infrastructure with award-winning architecture. Internationally successful high-tech companies and a vibrant star…",eyJhbGciOiJIUzI1NiJ9.eyJpIjoiNTg3MzQzODEwMSIsInMiOiJvTk9nNUwycThSR1M5dFgzZ1BVOU5nIn0.rZXC_vIGFUZgfboR3QuU3LATC-Cy0XIvGokPSk2rYEM,,Adzuna::API::Response::Job,"{'display_name': 'Deutschland', '__CLASS__': 'Adzuna::API::Response::Location', 'area': ['Deutschland']}","{'display_name': 'Universität Passau', '__CLASS__': 'Adzuna::API::Response::Company'}",https://www.adzuna.de/land/ad/5873438101?se=oNOg5L2q8RGS9tX3gPU9Ng&utm_medium=api&utm_source=a4bcf954&v=B1177F34BAF8099CCEFC2DE9D1E2E51837C578D9,5873438101,2026-09-07T01:57:20Z,,Lehrstuhl für Medical Data Science (W 3) - englische Fassung,"{'__CLASS__': 'Adzuna::API::Response::Category', 'tag': 'unknown', 'label': 'Unknown'}",0,,,,
"Professur für Business Data Science Das Themengebiet der Professur konzentriert sich auf die wirtschaftlichen Anwendungen der Künstlichen Intelligenz im Kontext von Natural Language Processing und Machine Learning. Die künftige Stelleninhaberin oder der künftige Stelleninhaber vertritt das Fachgebiet der Datenwissenschaft in Lehre, Forschung und Transfer. Der Standort Osnabrück bietet mit seinen beiden Hochschulen sowie dem Labor Niedersachsen des Deutschen Forschungszentrums für Künstliche Int…",eyJhbGciOiJIUzI1NiJ9.eyJpIjoiNTg1OTc0NzcwNCIsInMiOiJvTk9nNUwycThSR1M5dFgzZ1BVOU5nIn0.QpnZP_7re_qCGlfI0f4vVcAST1BGRswuMEnQAa8pF1o,,Adzuna::API::Response::Job,"{'display_name': 'Deutschland', '__CLASS__': 'Adzuna::API::Response::Location', 'area': ['Deutschland']}","{'display_name': 'Hochschule Osnabrück', '__CLASS__': 'Adzuna::API::Response::Company'}",https://www.adzuna.de/land/ad/5859747704?se=oNOg5L2q8RGS9tX3gPU9Ng&utm_medium=api&utm_source=a4bcf954&v=6CD1CF9AB7F35239EE590000FC952BD000A900C8,5859747704,2026-08-28T17:00:07Z,,Professur für Business Data Science,"{'label': 'Verwaltungsstellen', 'tag': 'admin-jobs', '__CLASS__': 'Adzuna::API::Response::Category'}",0,,,,
"Meyerthole Siems Kohlruss (MSK) ist eine aktuarielle Beratungsgesellschaft mit Sitz in Köln und seit 1998 im deutschsprachigen Raum für Schaden- und Unfallversicherer tätig. Unsere Schwerpunkte liegen auf abwechslungsreichen Aufgaben aus den Bereichen Data Science, Telematik, Pricing, Naturgefahren, Bilanzbewertung, Rückversicherung und Solvency II. Wir widmen uns Zukunftsthemen, entwickeln maßgeschneiderte Lösungen am Puls der Zeit. Zu unseren Mandanten zählen sowohl etablierte Versicherer als…",eyJhbGciOiJIUzI1NiJ9.eyJzIjoib05PZzVMMnE4UkdTOXRYM2dQVTlOZyIsImkiOiI1ODQzMzE0MjgxIn0.l_pxm7Y2y75fUyO0OJLUbdsW1U4JcWCBeFrS1mwB1Eg,6.969972,Adzuna::API::Response::Job,"{'area': ['Deutschland', 'Nordrhein-Westfalen', 'Köln'], '__CLASS__': 'Adzuna::API::Response::Location', 'display_name': 'Köln, Nordrhein-Westfalen'}","{'display_name': 'Meyerthole Siems Kohlruss Ges. für aktuarielle Beratung mbH', '__CLASS__': 'Adzuna::API::Response::Company'}",https://www.adzuna.de/details/5843314281?utm_medium=api&utm_source=a4bcf954,5843314281,2026-08-15T20:01:03Z,50.940164,Mathematiker/Aktuar (d/m/w) Data Science/Pricing/Risikomanagement/Solvency II,"{'tag': 'unknown', 'label': 'Unknown', '__CLASS__': 'Adzuna::API::Response::Category'}",0,,,,
"Die Otto-von-Guericke-Universität Magdeburg (OVGU) ist eine forschungsstarke, regional vernetzte und international orientierte Profiluniversität. Wir sind eine Universität mit Schwerpunkten in den Ingenieur- und Naturwissenschaften sowie Wirtschaftswissenschaft, Humanwissenschaften und Medizin. 13.000 Studierenden aus dem In- und Ausland sowie ca. 3.000 Beschäftigten bieten wir hervorragende Studien- und Arbeitsbedingungen. Im Projekt „Anschubfinanzierung zur Einrichtung einer (Landes-) Koordin…",eyJhbGciOiJIUzI1NiJ9.eyJpIjoiNTg3MzkxNzczNyIsInMiOiJvTk9nNUwycThSR1M5dFgzZ1BVOU5nIn0.PinwgCIBVf8PhLvdflr4aSPZR7niCDTA2fbaqr-teTE,11.638721,Adzuna::API::Response::Job,"{'area': ['Deutschland', 'Sachsen-Anhalt', 'Magdeburg'], 'display_name': 'Magdeburg, Sachsen-Anhalt', '__CLASS__': 'Adzuna::API::Response::Location'}","{'display_name': 'Otto-von-Guericke-Universität Magdeburg Dezernat Personalwesen', '__CLASS__': 'Adzuna::API::Response::Company'}",https://www.adzuna.de/land/ad/5873917737?se=oNOg5L2q8RGS9tX3gPU9Ng&utm_medium=api&utm_source=a4bcf954&v=8A3B2F25570A5E6DBE67CD05AEA6CF24B585021F,5873917737,2026-09-07T10:57:56Z,52.125867,Landesweite Koordination Forschungsdatenmanagement (m/w/d),"{'__CLASS__': 'Adzuna::API::Response::Category', 'label': 'Unknown', 'tag': 'unknown'}",0,,,,
"Dein Berufsbild: Du möchtest irgendwas mit Mathe machen und findest die Wirtschaftswelt spannend? Dann entscheide dich für ein Studium in Data Science und Künstliche Intelligenz und hol alles aus den Daten heraus. Data Science und Künstliche Intelligenz Spezialisten (w/m/d) sind die Schnittstelle zwischen IT und Business. Sie beherrschen die verschiedenen Technologien, bewerten deren Potenziale und wissen, wie man sie technisch umsetzt. In deinem dualen Studium erlernst du die Grundlagen, Konze…",eyJhbGciOiJIUzI1NiJ9.eyJzIjoib05PZzVMMnE4UkdTOXRYM2dQVTlOZyIsImkiOiI1Nzc2OTkxNTczIn0.YUGwZsmhiP1IuC8967PYAa6RfYKP2YC577i9iLJaSnU,8.650578,Adzuna::API::Response::Job,"{'display_name': 'Frankfurt am Main, Hessen', '__CLASS__': 'Adzuna::API::Response::Location', 'area': ['Deutschland', 'Hessen', 'Frankfurt am Main']}","{'display_name': 'Siemens AG', '__CLASS__': 'Adzuna::API::Response::Company'}",https://www.adzuna.de/land/ad/5776991573?se=oNOg5L2q8RGS9tX3gPU9Ng&utm_medium=api&utm_source=a4bcf954&v=333B251EC63C28872D35E9BBDEE132B1419089E5,5776991573,2026-06-26T01:42:46Z,50.129683,Data Science und Künstliche Intelligenz (B.Sc.) 2027,"{'__CLASS__': 'Adzuna::API::Response::Category', 'label': 'Teilzeitstellen', 'tag': 'part-time-jobs'}",0,,,,
"Dieser Studiengang bereitet Dich darauf vor, den digitalen Wandel in Unternehmen voranzutreiben und aktiv mitzugestalten. Dazu werden Grundlagen der Informatik und der Wirtschaftsinformatik mit Kerninhalten der Data Science kombiniert. Themen wie Cloud Computing, Big Data, Visual Analytics und AI spielen hier eine große Rolle. Du lernst den Umgang und die Interpretation von großen Datenmengen, deren Darstellung, und das Training von AI-Modellen. Deine Ideen und Projekte kannst du dabei direkt i…",eyJhbGciOiJIUzI1NiJ9.eyJpIjoiNTc3NjIyMTgwNCIsInMiOiJvTk9nNUwycThSR1M5dFgzZ1BVOU5nIn0.ZX-pjAb16QAWq--V_KQJ5e0ZNCYFVfv1uC92F1q7ewo,9.560146,Adzuna::API::Response::Job,"{'__CLASS__': 'Adzuna::API::Response::Location', 'display_name': 'Ravensburg, Ravensburg (Kreis)', 'area': ['Deutschland', 'Baden-Württemberg', 'Ravensburg (Kreis)', 'Ravensburg']}","{'__CLASS__': 'Adzuna::API::Response::Company', 'display_name': 'EBZ SE'}",https://www.adzuna.de/land/ad/5776221804?se=oNOg5L2q8RGS9tX3gPU9Ng&utm_medium=api&utm_source=a4bcf954&v=496F0D5CC95E9EA60CFB834C492F2FA74AC23E97,5776221804,2026-06-25T13:38:21Z,47.759752,Duales Studium (DHBW) Data Science und Künstliche Intelligenz,"{'tag': 'part-time-jobs', 'label': 'Teilzeitstellen', '__CLASS__': 'Adzuna::API::Response::Category'}",0,,,,
"Dein Team Du hast Freude an Innovationen, spannenden Inhalten und kollegialem Teamspirit? Mit unseren Berater:innen wächst du mit deinen Aufgaben und lernst von unseren Expert:innen. Gemeinsam beraten wir unsere deutsch- und englischsprachigen Kunden bei ihren Herausforderungen im Umfeld von Business Intelligence, Planung, Advanced Analytics & Data Science. Wir verbinden höchste Beratungskompetenz mit technischer Expertise. Dabei konzipieren und implementieren wir maßgeschneiderte Lösungen auf …",eyJhbGciOiJIUzI1NiJ9.eyJpIjoiNTgyMjMzMTg1NSIsInMiOiJvTk9nNUwycThSR1M5dFgzZ1BVOU5nIn0.NDb1q-sa4s5IJL4hoQ5JFe6dwqXEBnLKED-DdL-79d8,9.987297,Adzuna::API::Response::Job,"{'area': ['Deutschland', 'Hamburg'], 'display_name': 'Hamburg, Deutschland', '__CLASS__': 'Adzuna::API::Response::Location'}","{'__CLASS__': 'Adzuna::API::Response::Company', 'display_name': 'ISR Information Products AG'}",https://www.adzuna.de/land/ad/5822331855?se=oNOg5L2q8RGS9tX3gPU9Ng&utm_medium=api&utm_source=a4bcf954&v=0D662482257D087C0714CA099C14F8FD19CDE9B9,5822331855,2026-07-31T14:07:38Z,53.557429,Junior Consultant Analytics Data Science (m/w/d),"{'__CLASS__': 'Adzuna::API::Response::Category', 'tag': 'unknown', 'label': 'Unknown'}",0,full_time,,,
"3.200 Kolleg:innen,über 4.500 Kund:innen– und ein gemeinsames Ziel: Unternehmen wirklich voranzubringen. Wir sind All for One– führender IT-, Consulting- und Service-Provider rund um SAP und weltweit an der Spitze, wenn es um SAP-Transformationen und Cloud-Lösungen geht. Wir kennen den Mittelstand und begleiten ihn in allen Themen, die heute wirklich zählen: von Digitalisierung und Datennutzungüber Cybersecurity und Employee Experience bis hin zu New Work und Nachhaltigkeit. Was uns antreibt? D…",eyJhbGciOiJIUzI1NiJ9.eyJpIjoiNTg1MDQxNTAzMiIsInMiOiJvTk9nNUwycThSR1M5dFgzZ1BVOU5nIn0.L8l7Q4Pnelt3npkmOgTOHoPHps9k9ZHCAfxKPYxr-Ao,9.64655,Adzuna::API::Response::Job,"{'__CLASS__': 'Adzuna::API::Response::Location', 'display_name': 'Weingarten, Ravensburg (Kreis)', 'area': ['Deutschland', 'Baden-Württemberg', 'Ravensburg (Kreis)', 'Weingarten']}","{'__CLASS__': 'Adzuna::API::Response::Company', 'display_name': 'All for One Group SE'}",https://www.adzuna.de/land/ad/5850415032?se=oNOg5L2q8RGS9tX3gPU9Ng&utm_medium=api&utm_source=a4bcf954&v=D802F1A5442BA458638A852A64F06CDBFA877124,5850415032,2026-08-21T04:34:21Z,47.80684,Duales Studium Wirtschaftsinformatik (B.Sc.) - Data Science,"{'tag': 'part-time-jobs', 'label': 'Teilzeitstellen', '__CLASS__': 'Adzuna::API::Response::Category'}",0,,,,
"Duales Studium– unser Erfolgsrezept: Theorie und Praxis verbinden! Werde bei Transgourmet zur KI-Koryphäe: Duübernimmst Initiative in schmackhaften Projekten, bei denen du marktfrische, innovative Ansätze direkt aus deinem Studium einbringst. Du erhältst Einblicke in die Geheimnisse der kulinarischen Datenwelt eines modernen Lebensmittelgroßhändlers: Prozessveredelungá la IT: Optimiere mit uns die digitalen Kochprozesse in unserem Unternehmen, automatisiere Abläufe und würze die Systeme mit Kün…",eyJhbGciOiJIUzI1NiJ9.eyJpIjoiNTc3MDU4OTAzOSIsInMiOiJvTk9nNUwycThSR1M5dFgzZ1BVOU5nIn0.FJuYoZsrDwe1dVJr1nYCqHb4X39OBkqubtY3VvZ6bqE,8.53563,Adzuna::API::Response::Job,"{'display_name': 'Riedstadt, Groß-Gerau (Kreis)', '__CLASS__': 'Adzuna::API::Response::Location', 'area': ['Deutschland', 'Hessen', 'Groß-Gerau (Kreis)', 'Riedstadt']}","{'__CLASS__': 'Adzuna::API::Response::Company', 'display_name': 'Transgourmet Deutschland GmbH&Co. OHG'}",https://www.adzuna.de/land/ad/5770589039?se=oNOg5L2q8RGS9tX3gPU9Ng&utm_medium=api&utm_source=a4bcf954&v=681BE7A3D03AC6F297C387CC551FF08EF9980009,5770589039,2026-06-20T12:53:08Z,49.80341,Duales Studium Data Science&Künstliche Intelligenz 2027,"{'label': 'Teilzeitstellen', 'tag': 'part-time-jobs', '__CLASS__': 'Adzuna::API::Response::Category'}",0,,,,
An der Universität Duisburg-Essen ist an der Medizinischen Fakultät in der Klinik für Kinderheilkunde I (Direktorin Prof. Dr. med. Ursula Felderhoff-Müser) zum nächstmöglichen Zeitpunkt folgende Stelle zu besetzen: Universitätsprofessur (Bes. Gr. W2) für „Pädiatrische Versorgungsforschung und Data Science in der Neonatologie und Pädiatrischen Intensivmedizin“ (im Angestelltenverhältnis) Mit der Professur ist die Bestellung zur Leiterin/zum Leiter des Bereiches Clinical Data Science mit Schwerpu…,eyJhbGciOiJIUzI1NiJ9.eyJzIjoib05PZzVMMnE4UkdTOXRYM2dQVTlOZyIsImkiOiI1ODY5NTU1NjMwIn0.X5o9UA8MinWK6yH7PLnDVdynf418bS7WG-jfJKw6Hks,6.743718,Adzuna::API::Response::Job,"{'area': ['Deutschland', 'Nordrhein-Westfalen', 'Duisburg'], 'display_name': 'Duisburg, Nordrhein-Westfalen', '__CLASS__': 'Adzuna::API::Response::Location'}","{'display_name': 'Universität Duisburg-Essen', '__CLASS__': 'Adzuna::API::Response::Company'}",https://www.adzuna.de/land/ad/5869555630?se=oNOg5L2q8RGS9tX3gPU9Ng&utm_medium=api&utm_source=a4bcf954&v=F720A21755A35473CD915542DE99D2CE4AAE23C3,5869555630,2026-09-03T22:56:31Z,51.443356,"Universitätsprofessur (Bes. Gr. W2) für ""Pädiatrische Versorgungsforschung und Data Science in der Neonatologie und Pädiatrischen Intensivmedizin""","{'__CLASS__': 'Adzuna::API::Response::Category', 'label': 'Unknown', 'tag': 'unknown'}",0,,,,
"BBC Cellpack was founded in 1935 in Vilmergen, Switzerland, as a successor to Dreifuss Brothers AG. Originally focused on cellophane packaging, the company quickly evolved through the pioneering spirit of the Dreifuss brothers, who recognized the potential of new materials and developed high-quality industrial goods. This innovative mindset laid the foundation for decades of progress With the launch of Cellpack GmbH in Waldshut-Tiengen in 1967, the company expanded into fibre-reinforced plastic…",eyJhbGciOiJIUzI1NiJ9.eyJzIjoib05PZzVMMnE4UkdTOXRYM2dQVTlOZyIsImkiOiI1ODY3NzkyNTMzIn0.l5ISsUFtlQgJol5Uzhu3dyiSEAXFcYVt6aWJonHBrWY,8.28431,Adzuna::API::Response::Job,"{'area': ['Deutschland', 'Baden-Württemberg', 'Waldshut (Kreis)', 'Waldshut-Tiengen'], '__CLASS__': 'Adzuna::API::Response::Location', 'display_name': 'Waldshut-Tiengen, Waldshut (Kreis)'}","{'display_name': 'BBC Cellpack GmbH', '__CLASS__': 'Adzuna::API::Response::Company'}",https://www.adzuna.de/land/ad/5867792533?se=oNOg5L2q8RGS9tX3gPU9Ng&utm_medium=api&utm_source=a4bcf954&v=EBD2D73443764EDCFB0690DF399473713A40BD9A,5867792533,2026-09-03T01:39:15Z,47.6383,Dual Student in Data Science and Artificial Intelligence – Digital Production (B.Sc.) starting October 2027,"{'label': 'Stellen für Hochschulabsolventen', 'tag': 'graduate-jobs', '__CLASS__': 'Adzuna::API::Response::Category'}",0,,,,
"Data Science (M.Sc.) Unterrichtssprache : Englisch Immatrikulation : jeweils zum Sommer- und Wintersemester (zulassungsbeschränkt) Deine Zukunft mit einem Data-Science-Studium Social Media, Satellitenaufnahmen, mobile Anwendungen, Industrie 4.0 - die Welt erlebt eine Datenexplosion. Für Unternehmen aller Branchen wie auch für den öffentlichen Sektor wird die intelligente Nutzung von Daten unter Berücksichtigung des Datenschutzes und der Datenethik immer wichtiger. So Potenziale identifiziert un…",eyJhbGciOiJIUzI1NiJ9.eyJpIjoiNTgyOTAxNzY3NiIsInMiOiJvTk9nNUwycThSR1M5dFgzZ1BVOU5nIn0.weXej8BGnBZX1LJOrZKy4Ra3ocmHO2yy8F2qBTXBx2E,10.137982,Adzuna::API::Response::Job,"{'__CLASS__': 'Adzuna::API::Response::Location', 'display_name': 'Kiel, Schleswig-Holstein', 'area': ['Deutschland', 'Schleswig-Holstein', 'Kiel']}","{'display_name': 'HAW Kiel Hochschule für Angewandte Wissenschaften', '__CLASS__': 'Adzuna::API::Response::Company'}",https://www.adzuna.de/details/5829017676?utm_medium=api&utm_source=a4bcf954,5829017676,2026-08-05T12:58:58Z,54.319658,Duales Studium Data Science (M.Sc.) (m/w/d),"{'__CLASS__': 'Adzuna::API::Response::Category', 'tag': 'unknown', 'label': 'Unknown'}",0,,,,
"Data Science (Master of Science) (m/w/d) - dual Warum dual studieren? Studieren und trotzdem Geld verdienen? Ein reines Studium ist zu theoretisch? Die duale Variante des Master-Studiengangs Data Science bietet beides zugleich: ein wissenschaftliches Studium und praktische Erfahrungen im Unternehmen. Neben Vorlesungen und Seminaren besteht dadurch die Möglichkeit, das Gelernte in Praxisprojekten umzusetzen. Dabei werden die Studierenden von Fachbetreuern und Fachbetreuerinnen im Unternehmen sow…",eyJhbGciOiJIUzI1NiJ9.eyJpIjoiNTgyOTAxODU5OSIsInMiOiJvTk9nNUwycThSR1M5dFgzZ1BVOU5nIn0.iVhfWB5US5jeWvqNAe7NM5_tYyl0M1NTjrroTR0-2Ow,8.656595,Adzuna::API::Response::Job,"{'area': ['Deutschland', 'Hessen', 'Darmstadt'], '__CLASS__': 'Adzuna::API::Response::Location', 'display_name': 'Darmstadt, Hessen'}","{'__CLASS__': 'Adzuna::API::Response::Company', 'display_name': 'Hochschule Darmstadt'}",https://www.adzuna.de/details/5829018599?utm_medium=api&utm_source=a4bcf954,5829018599,2026-08-05T12:59:08Z,49.877672,Data Science (Master of Science) (m/w/d) - dual,"{'label': 'Unknown', 'tag': 'unknown', '__CLASS__': 'Adzuna::API::Response::Category'}",0,,,,
"Du möchtest im Team an digitalen Projekten in der Logistik mitarbeiten und dabei lernen, wie Daten und Künstliche Intelligenz im Arbeitsalltag genutzt werden? Du willst nicht nur im Studium erfahren, wie man Abläufe verbessert oder große Datenmengen sinnvoll nutzt, sondern Dein Wissen direkt in der Praxis anwenden? Du suchst einen Partner, bei dem Du neben Deinem Data-Science-Studium praktische Erfahrungen in der Logistik sammeln kannst – mit weniger Arbeitszeit während der Vorlesungszeit und l…",eyJhbGciOiJIUzI1NiJ9.eyJzIjoib05PZzVMMnE4UkdTOXRYM2dQVTlOZyIsImkiOiI1ODMxMTk5MjQ2In0.kQVBPR5Z-BzdcubVZBfyTJ6XlSsKQXdts5j3KXGEXug,8.412378,Adzuna::API::Response::Job,"{'__CLASS__': 'Adzuna::API::Response::Location', 'display_name': 'Karlsruhe, Karlsruhe (Kreis)', 'area': ['Deutschland', 'Baden-Württemberg', 'Karlsruhe (Kreis)', 'Karlsruhe']}","{'display_name': 'dm-drogerie markt GmbH + Co. KG', '__CLASS__': 'Adzuna::API::Response::Company'}",https://www.adzuna.de/details/5831199246?utm_medium=api&utm_source=a4bcf954,5831199246,2026-08-07T01:06:50Z,49.001249,StudiumPLUS Praxis Data Science (B.Sc.) (w/m/d),"{'label': 'Unknown', 'tag': 'unknown', '__CLASS__': 'Adzuna::API::Response::Category'}",0,,,,
"Duales Studium Data Science Bachelor of Science (B.Sc.) (m/w/d) In der Rolle eines Data Scientist gestalten Sie Softwarelösungen zur Verarbeitung von Daten. Unser Bildungsgang bereitet Sie ideal auf dieses vielfältige, kreative und zukunftsorientierte Berufsfeld vor. Wir bieten individuelle Betreuung und eine praxisnahe Ausbildung. Unsere Schwerpunkte liegen in den Bereichen Mobilität, Energieversorgung, Fertigungsprozesse und Kommunikation. Ebenso faszinierend ist die Einbindung aktueller Fors…",eyJhbGciOiJIUzI1NiJ9.eyJpIjoiNTg2Nzc5NjUyNCIsInMiOiJvTk9nNUwycThSR1M5dFgzZ1BVOU5nIn0.JMrvEivLjN2nn04H2b5yoGadf0nR0RlSWXTd9Eut7c0,8.90175,Adzuna::API::Response::Job,"{'display_name': 'Lemgo, Lippe (Kreis)', '__CLASS__': 'Adzuna::API::Response::Location', 'area': ['Deutschland', 'Nordrhein-Westfalen', 'Lippe (Kreis)', 'Lemgo']}","{'__CLASS__': 'Adzuna::API::Response::Company', 'display_name': 'Technische Hochschule Ostwestfalen-Lippe'}",https://www.adzuna.de/details/5867796524?utm_medium=api&utm_source=a4bcf954,5867796524,2026-09-03T01:39:46Z,52.03331,Duales Studium Data Science (B. Sc.) (m/w/d),"{'label': 'Unknown', 'tag': 'unknown', '__CLASS__': 'Adzuna::API::Response::Category'}",0,,,,
"Bei dm und dmTECH sind wir der Überzeugung, dass die Digitalisierung unsere Welt und unser Kaufverhalten verändert. Dabei spielt künstliche Intelligenz eine wichtige Rolle. Schon heute setzen wir auf modernste Technologien, um intelligente Lösungen zu entwickeln. Hierfür suchen wir lösungsorientierte Persönlichkeiten mit analytischem und mathematischem Denkvermögen sowie Leidenschaft für innovative Technologien. Das klingt nach Dir? Dann lass uns gemeinsam handeln – mit Deinem dualen Studium Da…",eyJhbGciOiJIUzI1NiJ9.eyJzIjoib05PZzVMMnE4UkdTOXRYM2dQVTlOZyIsImkiOiI1ODY3ODAzODkwIn0.-rPQLOM5uESZrVY-6gYuKmfxXpc3xRVEHDstu-qscuo,8.412378,Adzuna::API::Response::Job,"{'__CLASS__': 'Adzuna::API::Response::Location', 'display_name': 'Karlsruhe, Karlsruhe (Kreis)', 'area': ['Deutschland', 'Baden-Württemberg', 'Karlsruhe (Kreis)', 'Karlsruhe']}","{'display_name': 'dm-drogerie markt GmbH + Co. KG', '__CLASS__': 'Adzuna::API::Response::Company'}",https://www.adzuna.de/details/5867803890?utm_medium=api&utm_source=a4bcf954,5867803890,2026-09-03T01:40:50Z,49.001249,Duales Studium Data Science und Künstliche Intelligenz (B. Sc.) 2027,"{'__CLASS__': 'Adzuna::API::Response::Category', 'label': 'Unknown', 'tag': 'unknown'}",0,,,,
"Dein Berufsbild: Du möchtest irgendwas mit Mathe machen und findest die Wirtschaftswelt spannend? Dann entscheide dich für ein Studium in Data Science und Künstliche Intelligenz und hol alles aus den Daten heraus. Data Science und Künstliche Intelligenz Spezialisten (w/m/d) sind die Schnittstelle zwischen IT und Business. Sie beherrschen die verschiedenen Technologien, bewerten deren Potenziale und wissen, wie man sie technisch umsetzt. In deinem dualen Studium erlernst du die Grundlagen, Konze…",eyJhbGciOiJIUzI1NiJ9.eyJzIjoib05PZzVMMnE4UkdTOXRYM2dQVTlOZyIsImkiOiI1ODA5NzEwODkxIn0.KOpjCJ0oSv4l31GH1jvfaOELK7VzNdbOhWs7Hf9c50I,8.71298,Adzuna::API::Response::Job,"{'area': ['Deutschland', 'Hessen', 'Frankfurt am Main', 'Bornheim'], '__CLASS__': 'Adzuna::API::Response::Location', 'display_name': 'Bornheim, Frankfurt am Main'}","{'display_name': 'Siemens AG', '__CLASS__': 'Adzuna::API::Response::Company'}",https://www.adzuna.de/details/5809710891?utm_medium=api&utm_source=a4bcf954,5809710891,2026-07-21T22:58:38Z,50.1246,Data Science und Künstliche Intelligenz (B.Sc.) 2027,"{'__CLASS__': 'Adzuna::API::Response::Category', 'tag': 'part-time-jobs', 'label': 'Teilzeitstellen'}",0,,,,
"Dein Berufsbild: Du möchtest irgendwas mit Mathe und Programmieren machen und findest Technologien der Zukunft spannend? Dann entscheide dich für den Studiengang Data Science und Künstliche Intelligenz und hol alles aus den Daten heraus. In deinem Beruf bist du die Schnittstelle zwischen IT und Business. Du beherrschst die verschiedenen Technologien, bewertest deren Potenziale und weißt, wie man sie technisch umsetzt. In deinem dualen Studium erlernst du die Grundlagen, Konzepte und Methoden de…",eyJhbGciOiJIUzI1NiJ9.eyJzIjoib05PZzVMMnE4UkdTOXRYM2dQVTlOZyIsImkiOiI1ODA5NzA5MjA0In0.XGJ00r6cb1x73Xdu6xgdq5wBrGYPtgtrQxPY4qon0-E,8.34467,Adzuna::API::Response::Job,"{'__CLASS__': 'Adzuna::API::Response::Location', 'display_name': 'Knielingen, Karlsruhe', 'area': ['Deutschland', 'Baden-Württemberg', 'Karlsruhe (Kreis)', 'Karlsruhe', 'Knielingen']}","{'display_name': 'Siemens AG', '__CLASS__': 'Adzuna::API::Response::Company'}",https://www.adzuna.de/details/5809709204?utm_medium=api&utm_source=a4bcf954,5809709204,2026-07-21T22:58:21Z,49.03071,Data Science und Künstliche Intelligenz (B.Sc.) 2027,"{'tag': 'part-time-jobs', 'label': 'Teilzeitstellen', '__CLASS__': 'Adzuna::API::Response::Category'}",0,,,,
Die Liebherr-Werk Ehingen GmbH zählt zu den weltweit führenden Herstellern von Fahrzeugkranen. Das Programm umfasst Teleskop- und Gittermastkrane auf Mobil- und Raupenfahrwerken. Seit der Gründung wurde die Produktionsstätte und ihre Kapazität kontinuierlich erweitert. Heute werden täglich sechs Fahrzeugkrane aus Ehingen in die ganze Welt geliefert. Mitarbeit an innovativen Projekten im Bereich Data Science und Künstliche Intelligenz Analyse und Auswertung großer Datenmengen zur Optimierung von…,eyJhbGciOiJIUzI1NiJ9.eyJzIjoib05PZzVMMnE4UkdTOXRYM2dQVTlOZyIsImkiOiI1ODEwMTY5NjMxIn0.GbH-ote2ezZYrxMbveAeohzgV3CnMLgiD9RxhuIAb5E,9.72719,Adzuna::API::Response::Job,"{'display_name': 'Ehingen (Donau), Alb-Donau-Kreis', '__CLASS__': 'Adzuna::API::Response::Location', 'area': ['Deutschland', 'Baden-Württemberg', 'Alb-Donau-Kreis', 'Ehingen (Donau)']}","{'display_name': 'Liebherr Firmengruppe', '__CLASS__': 'Adzuna::API::Response::Company'}",https://www.adzuna.de/land/ad/5810169631?se=oNOg5L2q8RGS9tX3gPU9Ng&utm_medium=api&utm_source=a4bcf954&v=14D552709EE1F41D06854371D5A212D32BB9173B,5810169631,2026-07-22T03:13:54Z,48.28207,DHBW Studium - Data Science und Künstliche Intelligenz (B.Sc.),"{'__CLASS__': 'Adzuna::API::Response::Category', 'tag': 'part-time-jobs', 'label': 'Teilzeitstellen'}",0,,,,
"Life is always about becoming… Im Leben geht es darum, sich auf eine Reise zu begeben, um die beste Version unseres zukünftigen Selbst zu werden. Während wir Neues entdecken, stellen wir uns Herausforderungen, meistern sie und wachsen über uns hinaus. Bewerben Sie sich bei Mercedes-Benz und finden Sie den Aufgabenbereich, in dem Sie Ihre Talente individuell entfalten können. Dabei werden Sie von visionären Kolleginnen und Kollegen unterstützt, die Ihren Pioniergeist teilen. Bei uns einzusteigen…",eyJhbGciOiJIUzI1NiJ9.eyJzIjoib05PZzVMMnE4UkdTOXRYM2dQVTlOZyIsImkiOiI1ODY0NTgwMTMwIn0.Fi1iVFgpKNIIF3mfkSpkQhoI7lFNWJysFd-i2DAXVok,9.315933,Adzuna::API::Response::Job,"{'area': ['Deutschland', 'Baden-Württemberg', 'Esslingen (Kreis)', 'Esslingen am Neckar'], 'display_name': 'Esslingen am Neckar, Esslingen (Kreis)', '__CLASS__': 'Adzuna::API::Response::Location'}","{'display_name': 'Mercedes-Benz AG', '__CLASS__': 'Adzuna::API::Response::Company'}",https://www.adzuna.de/land/ad/5864580130?se=oNOg5L2q8RGS9tX3gPU9Ng&utm_medium=api&utm_source=a4bcf954&v=24765DAAAB5C4C995E01E2E0E0A8D2FCE7427866,5864580130,2026-09-01T14:23:01Z,48.745846,Praktikant*in KI-gestützte Qualitätsüberwachung von Schweißnahtbildern (Pflicht-Praktikum),"{'__CLASS__': 'Adzuna::API::Response::Category', 'label': 'Sonstige/Allgemeine Stellen', 'tag': 'other-general-jobs'}",0,,,,
"Wir sind die Deutsche Bahn. Millionen Fahrgäste sind jeden Tag mit uns unterwegs und wir transportieren enorme Gütermengen – deutschlandweit sowie im angrenzenden Europa. Zu oft enttäuschen wir auch. Deshalb arbeiten wir mit Hochdruck an einer besseren Bahn. Dafür brauchen wir Power und dich! Wir sind eine der vielfältigsten Arbeitgeber:innen Deutschlands. Jedes Jahr suchen wir rund 500 Dual Studierende in 25 verschiedenen Studiengängen, die gemeinsam mit uns die Bahn Tag für Tag ein Stück bess…",eyJhbGciOiJIUzI1NiJ9.eyJpIjoiNTg2Njk0MDUwOSIsInMiOiJvTk9nNUwycThSR1M5dFgzZ1BVOU5nIn0.LwsdmepkFPymelWV24637DJ3qRAyWu1IAZg_-6N6ZvE,8.650578,Adzuna::API::Response::Job,"{'area': ['Deutschland', 'Hessen', 'Frankfurt am Main'], 'display_name': 'Frankfurt am Main, Hessen', '__CLASS__': 'Adzuna::API::Response::Location'}","{'__CLASS__': 'Adzuna::API::Response::Company', 'display_name': 'Deutsche Bahn AG'}",https://www.adzuna.de/land/ad/5866940509?se=oNOg5L2q8RGS9tX3gPU9Ng&utm_medium=api&utm_source=a4bcf954&v=0E3436D3214572912C2D26FA119E7248D38C87C1,5866940509,2026-09-02T12:48:54Z,50.129683,Duales Studium Data Science und Künstliche Intelligenz 2027 (w/m/d),"{'__CLASS__': 'Adzuna::API::Response::Category', 'tag': 'hospitality-catering-jobs', 'label': 'Stellen aus Gastronomie & Catering'}",0,full_time,,,
"Duales Studium (OTH) - Künstliche Intelligenz und Data Science (d/m/w) 2027 Im Überblick Studienabschluss: Bachelor of Science Künstliche Intelligenz und Data Science Studiendauer: 3,5 Jahre Ausbildungsstart: 01.09.2027 Studienbeginn: 01.10.2027 Standort: Vitesco Technologies Regensburg (Schaeffler Gruppe) Hochschule: Ostbayerische Technische Hochschule Regensburg Ausbildungsschwerpunkte Studium in den Grundlagen der Wirtschaftswissenschaften und der Informatik (u.a. BWL, VWL, Recht, Finanzen, …",eyJhbGciOiJIUzI1NiJ9.eyJpIjoiNTgyOTAxODMzMiIsInMiOiJvTk9nNUwycThSR1M5dFgzZ1BVOU5nIn0.1ML92_x14p3-cafZ_dbsYXWfXNiLP6eSFH0oxtjsgXY,12.112321,Adzuna::API::Response::Job,"{'display_name': 'Regensburg, Regensburg (Kreis)', '__CLASS__': 'Adzuna::API::Response::Location', 'area': ['Deutschland', 'Bayern', 'Regensburg (Kreis)', 'Regensburg']}","{'display_name': 'Schaeffler Technologies AG & Co. KG', '__CLASS__': 'Adzuna::API::Response::Company'}",https://www.adzuna.de/details/5829018332?utm_medium=api&utm_source=a4bcf954,5829018332,2026-08-05T12:59:05Z,49.022981,Duales Studium (OTH) - Künstliche Intelligenz und Data Science (d/m/w),"{'tag': 'unknown', 'label': 'Unknown', '__CLASS__': 'Adzuna::API::Response::Category'}",0,,,,
"Als weltweit agierendes Unternehmen benötigen wir eine IT-Landschaft, die jederzeit reibungslos funktioniert, sich stets auf dem neuesten Stand der Technik befindet und sich an den Bedürfnissen unserer Kunden innerhalb der Unternehmen der Schwarz Gruppe orientiert. An der Schnittstelle zwischen Daten und IT erarbeiten wir tragfähige Lösungen, die maßgeblich und sichtbar zu unserem Erfolg beitragen. Studienbeginn: 01.09.2027 mit dem Begrüßungsmonat Studiendauer: 3 Jahre Studiendauer: 01.10.2027 …",eyJhbGciOiJIUzI1NiJ9.eyJpIjoiNTg2NzgwNTI1MyIsInMiOiJvTk9nNUwycThSR1M5dFgzZ1BVOU5nIn0.C7K4PkeymOd8nRFUpdKXcwjP9UPbGlfP5nmJPSGto6M,9.21629,Adzuna::API::Response::Job,"{'area': ['Deutschland', 'Baden-Württemberg', 'Heilbronn (Kreis)', 'Bad Friedrichshall'], '__CLASS__': 'Adzuna::API::Response::Location', 'display_name': 'Bad Friedrichshall, Heilbronn (Kreis)'}","{'display_name': 'Schwarz Digits', '__CLASS__': 'Adzuna::API::Response::Company'}",https://www.adzuna.de/details/5867805253?utm_medium=api&utm_source=a4bcf954,5867805253,2026-09-03T01:41:02Z,49.2291,Duales Studium Data Science und Künstliche Intelligenz 2027 (m/w/d),"{'__CLASS__': 'Adzuna::API::Response::Category', 'tag': 'unknown', 'label': 'Unknown'}",0,,,,
"Duales Studium (m/w/d)* Wirtschaftsinformatik (B.Sc.) - Data Science Eine Gruppe. Viele Möglichkeiten. Als erfahrenes Versicherungs- und Finanzdienstleistungsunternehmen verbinden wir seit 1819 Wachstum mit Tradition. Rund 3.200 Mitarbeitende sorgen täglich dafür, dass unsere Kundinnen und Kunden bestens abgesichert sind und einen ausgezeichneten Service erhalten. Bei uns erwartet dich ein Arbeitsumfeld voller Offenheit, Teamgeist und Rückhalt. Gemeinsam mit dir formen wir aus unseren individue…",eyJhbGciOiJIUzI1NiJ9.eyJpIjoiNTgzMTE5ODM1MCIsInMiOiJvTk9nNUwycThSR1M5dFgzZ1BVOU5nIn0.OUO9kiegJLcRlOsE3r778j5ZdldarLnQpNjezwAJ4pk,9.187224,Adzuna::API::Response::Job,"{'area': ['Deutschland', 'Baden-Württemberg', 'Stuttgart'], 'display_name': 'Stuttgart, Baden-Württemberg', '__CLASS__': 'Adzuna::API::Response::Location'}","{'__CLASS__': 'Adzuna::API::Response::Company', 'display_name': 'Hallesche Krankenversicherung'}",https://www.adzuna.de/details/5831198350?utm_medium=api&utm_source=a4bcf954,5831198350,2026-08-07T01:04:22Z,48.776198,Duales Studium (m/w/d) Wirtschaftsinformatik (B.Sc.) Data Science,"{'__CLASS__': 'Adzuna::API::Response::Category', 'label': 'Unknown', 'tag': 'unknown'}",0,,,,
Was macht man da aus sich? Im Fokus steht der reibungslose Fluss von Informationen innerhalb des Unternehmens. Schon während des Studiums betreust du selbstständig Anwendungen und wirst in Softwareprojekte mit einbezogen. Du analysierst und planst Systeme Du entwickelst oder betreust Anwendungen Du unterstützt dein Team bei der Planung und Überwachung von Softwareentwicklungsprojekten Du nimmst an Fachkreisen zum Thema KI teil und bringst dein Know-How mit ein Du berätst und schulst Benutzer zu…,eyJhbGciOiJIUzI1NiJ9.eyJpIjoiNTgyOTAyNDU3MSIsInMiOiJvTk9nNUwycThSR1M5dFgzZ1BVOU5nIn0.iMcoH5ALTyRjUSGw5keU0GrsBTLGGliH28rCcP_KBn8,7.94837,Adzuna::API::Response::Job,"{'area': ['Deutschland', 'Baden-Württemberg', 'Ortenaukreis', 'Offenburg'], 'display_name': 'Offenburg, Ortenaukreis', '__CLASS__': 'Adzuna::API::Response::Location'}","{'display_name': 'EDEKA Südwest Stiftung & Co.KG', '__CLASS__': 'Adzuna::API::Response::Company'}",https://www.adzuna.de/details/5829024571?utm_medium=api&utm_source=a4bcf954,5829024571,2026-08-05T13:00:21Z,48.42392,Duales Studium: Data Science und Künstliche Intelligenz (m/w/d) - 2027,"{'__CLASS__': 'Adzuna::API::Response::Category', 'tag': 'unknown', 'label': 'Unknown'}",0,,,,
"Life is always about becoming… Im Leben geht es darum, sich auf eine Reise zu begeben, um die beste Version unseres zukünftigen Selbst zu werden. Während wir Neues entdecken, stellen wir uns Herausforderungen, meistern sie und wachsen über uns hinaus. Bewerben Sie sich bei Mercedes-Benz und finden Sie den Aufgabenbereich, in dem Sie Ihre Talente individuell entfalten können. Dabei werden Sie von visionären Kolleginnen und Kollegen unterstützt, die Ihren Pioniergeist teilen. Bei uns einzusteigen…",eyJhbGciOiJIUzI1NiJ9.eyJzIjoib05PZzVMMnE4UkdTOXRYM2dQVTlOZyIsImkiOiI1ODczMjQ3Mzc5In0.v62JrhMwYz4bNBeRXtbGZD2NHEYCQpxLeHJR29kCDcs,9.856945,Adzuna::API::Response::Job,"{'area': ['Deutschland', 'Baden-Württemberg', 'Ulm'], '__CLASS__': 'Adzuna::API::Response::Location', 'display_name': 'Ulm, Baden-Württemberg'}","{'display_name': 'Mercedes-Benz Tech Innovation', '__CLASS__': 'Adzuna::API::Response::Company'}",https://www.adzuna.de/details/5873247379?utm_medium=api&utm_source=a4bcf954,5873247379,2026-09-06T18:27:09Z,48.383137,Duales Studium Wirtschaftsinformatik Schwerpunkt Data Science / Künstliche Intelligenz in Kooperation mit der Dualen Hochschule Baden-Württemberg 2027 (m/w/d/x),"{'tag': 'unknown', 'label': 'Unknown', '__CLASS__': 'Adzuna::API::Response::Category'}",0,,,,
"Dein Berufsbild: Du magst Mathe und möchtest später etwas mit Daten machen? Dich faszinieren datengestützte Tools, wie ChatGPT, und du kennst deren große Chance für die Zukunft? Dann bewirb dich für das duale Studium B. Sc. Softwaretechnologie - Data Science und entdecke mit uns, wie wir die Welt der Labordiagnostik durch datenbasierte Entscheidungen verändern können. Daten sind eines der Fundamente, damit Unternehmen bestmögliche Entscheidungen treffen können. Im Studiengang B. Sc. Softwaretec…",eyJhbGciOiJIUzI1NiJ9.eyJzIjoiOHNQTDViMnE4UkdPOV9IeVpaVk9LUSIsImkiOiI1ODA5NzE5MjgwIn0.vu2oKfNkBsrF65uatY88gWsxR-Te07JomEmXKd9zfVA,8.70301,Adzuna::API::Response::Job,"{'display_name': 'Dagobertshausen, Marburg', 'area': ['Deutschland', 'Hessen', 'Marburg-Biedenkopf (Kreis)', 'Marburg', 'Dagobertshausen'], '__CLASS__': 'Adzuna::API::Response::Location'}","{'display_name': 'Siemens Healthineers AG', '__CLASS__': 'Adzuna::API::Response::Company'}",https://www.adzuna.de/details/5809719280?utm_medium=api&utm_source=a4bcf954,5809719280,2026-07-21T22:59:51Z,50.81987,Duales Bachelorstudium Softwaretechnologie Data Science (B.Sc.) - Marburg,"{'__CLASS__': 'Adzuna::API::Response::Category', 'tag': 'part-time-jobs', 'label': 'Teilzeitstellen'}",0,,,,
"In unserem dualen Studiengang Bachelor of Science in Data Science und Künstliche Intelligenz lernst du fundierte Inhalte der Informatik und erhältst gleichzeitig Einblicke in die KI, das maschinelle Lernen und Big Data. In den 3 Jahren Studium bist du pro Semester ca. 12 Wochen an der Dualen Hochschule Baden-Württemberg in Stuttgart und die restliche Zeit in deiner Telekom-Abteilung eingesetzt. Während deiner Studien- und Praxisphasen erwarten dich u. a.: Mathematik und Statistik Informatik und…",eyJhbGciOiJIUzI1NiJ9.eyJpIjoiNTc5NjkzODI2MSIsInMiOiI4c1BMNWIycThSR085X0h5WlpWT0tRIn0.FOX5nezkn2_CLe-nq0GCum3a4xcNC2iQQICANBa6858,9.14057,Adzuna::API::Response::Job,"{'__CLASS__': 'Adzuna::API::Response::Location', 'area': ['Deutschland', 'Baden-Württemberg', 'Esslingen (Kreis)', 'Leinfelden-Echterdingen'], 'display_name': 'Leinfelden-Echterdingen, Esslingen (Kreis)'}","{'__CLASS__': 'Adzuna::API::Response::Company', 'display_name': 'Deutsche Telekom AG, Telekom Ausbildung'}",https://www.adzuna.de/land/ad/5796938261?se=8sPL5b2q8RGO9_HyZZVOKQ&utm_medium=api&utm_source=a4bcf954&v=089EA4546C4AF9A0E531A797F84B8055EF6B43A5,5796938261,2026-07-11T14:28:10Z,48.69447,Duales Studium Data Science und Künstliche Intelligenz (m/w/d),"{'tag': 'part-time-jobs', 'label': 'Teilzeitstellen', '__CLASS__': 'Adzuna::API::Response::Category'}",0,,,,
"Gemeinsam bewegen wir mehr. Nutze unsere vielfältigen Einsatzmöglichkeiten und beginne am 9. Juli 2027 Dein duales Studium in der Friedhelm Loh Group. Aufgaben Duales Bachelor Studium im Bereich Softwaretechnologie für die Fachrichtungen Data Science, Künstliche Intelligenz oder Softwareentwicklung Studiendauer 7 Semester in Kooperation mit der Technischen Hochschule Mittelhessen Reale Projekte und abwechslungsreiche Praxisphasen in verschiedenen Einsatzgebieten z. B. IT, Produktion, Forschung …",eyJhbGciOiJIUzI1NiJ9.eyJpIjoiNTgwMTE1NzI3NyIsInMiOiI4c1BMNWIycThSR085X0h5WlpWT0tRIn0.HC_akJrP1Dbn9a5fQExGxKB6lWRN-tfJOhxqMEaq4ok,8.20531,Adzuna::API::Response::Job,"{'__CLASS__': 'Adzuna::API::Response::Location', 'area': ['Deutschland', 'Hessen', 'Lahn-Dill-Kreis', 'Haiger'], 'display_name': 'Haiger, Lahn-Dill-Kreis'}","{'__CLASS__': 'Adzuna::API::Response::Company', 'display_name': 'Loh Services GmbH&Co. KG'}",https://www.adzuna.de/land/ad/5801157277?se=8sPL5b2q8RGO9_HyZZVOKQ&utm_medium=api&utm_source=a4bcf954&v=B44D2D5110E63AE4E03B7A1395CAD02844C36F87,5801157277,2026-07-15T14:41:15Z,50.74164,"Duales Studium Softwaretechnologie – Fachrichtung Data Science, Künstliche Intelligenz oder Software","{'__CLASS__': 'Adzuna::API::Response::Category', 'label': 'Teilzeitstellen', 'tag': 'part-time-jobs'}",0,,,,
"In unserem dualen Studiengang Data Science und Künstliche Intelligenz (Studienrichtung Business Management) erwirbst du interdisziplinäre Kenntnisse aus Informatik, Mathematik und Machine Learning und lernst, datenbasierte Lösungen für Wirtschaft und Gesellschaft zu entwickeln. In den 3 Jahren Studium bist du pro Semester ca. 12 Wochen an der Dualen Hochschule Baden-Württemberg in Karlsruhe und die restliche Zeit in deiner Telekom-Abteilung eingesetzt. Während deiner Studien- und Praxisphasen e…",eyJhbGciOiJIUzI1NiJ9.eyJzIjoiOHNQTDViMnE4UkdPOV9IeVpaVk9LUSIsImkiOiI1ODM4MzA0NjA1In0.wB-yh5RceI1LWimR8Mm2FeqzkBGQKentzMSL6tbsphc,8.412378,Adzuna::API::Response::Job,"{'__CLASS__': 'Adzuna::API::Response::Location', 'area': ['Deutschland', 'Baden-Württemberg', 'Karlsruhe (Kreis)', 'Karlsruhe'], 'display_name': 'Karlsruhe, Karlsruhe (Kreis)'}","{'display_name': 'Deutsche Telekom AG, Telekom Ausbildung', '__CLASS__': 'Adzuna::API::Response::Company'}",https://www.adzuna.de/land/ad/5838304605?se=8sPL5b2q8RGO9_HyZZVOKQ&utm_medium=api&utm_source=a4bcf954&v=7D45829D5380036F0AEE8FD8AA5DBE151443C309,5838304605,2026-08-12T15:30:24Z,49.001249,Duales Studium Data Science und Künstliche Intelligenz (m/w/d),"{'__CLASS__': 'Adzuna::API::Response::Category', 'tag': 'part-time-jobs', 'label': 'Teilzeitstellen'}",0,,,,
"Wir sind über 13.000. An 20 Standorten weltweit. Jedes dritte Flugzeug fliegt mit unserer Technologie. Immer effizienter, leiser, nachhaltiger. Wir gestalten die Zukunft der Luftfahrt. Was wir noch brauchen? Dich. Unser Team in GER | München sucht Dich: Theoretisch gut und praktisch spitze - duale Studiengänge vereinen beide Seiten. Der Studiengang Data Science & KI bereitet Dich ganz gezielt auf eine spätere Tätigkeit in der Datenanalyse der MTU vor. Mit Deiner späteren Übernahmestelle, die in…",eyJhbGciOiJIUzI1NiJ9.eyJpIjoiNTc4NDY3NTI5MSIsInMiOiI4c1BMNWIycThSR085X0h5WlpWT0tRIn0.Po1peZow1U2BKa585Is0E2J0OrEJMVmLkoWnNaWC81w,11.555737,Adzuna::API::Response::Job,"{'area': ['Deutschland', 'Bayern', 'München (Kreis)', 'München'], '__CLASS__': 'Adzuna::API::Response::Location', 'display_name': 'München, München (Kreis)'}",{'__CLASS__': 'Adzuna::API::Response::Company'},https://www.adzuna.de/land/ad/5784675291?se=8sPL5b2q8RGO9_HyZZVOKQ&utm_medium=api&utm_source=a4bcf954&v=3A3E535844478F9D48282718717D601136A371F0,5784675291,2026-07-02T02:48:58Z,48.137418,Duales Studium Data Science und Künstliche Intelligenz für den Start 2027,"{'__CLASS__': 'Adzuna::API::Response::Category', 'tag': 'it-jobs', 'label': 'IT-Stellen'}",0,,,,
"Wir sind über 13.000. An 20 Standorten weltweit. Jedes dritte Flugzeug fliegt mit unserer Technologie. Immer effizienter, leiser, nachhaltiger. Wir gestalten die Zukunft der Luftfahrt. Was wir noch brauchen? Dich. Du hast Lust mit Daten, Algorithmen und im komplexen Feld der Luftfahrt zu arbeiten? Du willst dich bei der Entwicklung digitaler Produkte für die Triebwerkswartung einbringen? Starke Aufgaben Unterstützung des Fachbereichs bei der Vorbereitung, Strukturierung und Umsetzung von Projek…",eyJhbGciOiJIUzI1NiJ9.eyJzIjoiOHNQTDViMnE4UkdPOV9IeVpaVk9LUSIsImkiOiI1NzU4MDU2NTYzIn0.oMxEJ-x3TRrACK8oSb9H7j-YZSWlRsBTli03w-ppy4Y,9.73965,Adzuna::API::Response::Job,"{'display_name': 'Langenhagen, Region Hannover (Kreis)', 'area': ['Deutschland', 'Niedersachsen', 'Region Hannover (Kreis)', 'Langenhagen'], '__CLASS__': 'Adzuna::API::Response::Location'}",{'__CLASS__': 'Adzuna::API::Response::Company'},https://www.adzuna.de/land/ad/5758056563?se=8sPL5b2q8RGO9_HyZZVOKQ&utm_medium=api&utm_source=a4bcf954&v=C4AD0267E85CD172EFA01FE9AD09C771E6BB75BA,5758056563,2026-06-10T06:37:26Z,52.44731,Werkstudent Data Science / Digital Maintenance Solutions (all genders),"{'__CLASS__': 'Adzuna::API::Response::Category', 'label': 'Unknown', 'tag': 'unknown'}",0,,,,
"Du bist technikbegeistert und voller Ideen, mit denen Du die Welt bewegen willst? Dann ist eine Ausbildung oder ein duales Studium bei Schaeffler genau das Richtige für Dich. Ohne unsere Produkte könnten Autos nicht fahren, Maschinen nicht laufen und Flugzeuge nicht fliegen. Als führender Anbieter von Wälzlagern für sämtliche Industrien und wichtiger Partner im internationalen Automobilbau bietet Dir Schaeffler ein hervorragendes Umfeld für Deinen Start in die Berufswelt. Im Überblick Studienab…",eyJhbGciOiJIUzI1NiJ9.eyJpIjoiNTgyOTAyNjAyMyIsInMiOiI4c1BMNWIycThSR085X0h5WlpWT0tRIn0.b1zKqZC74EMGOdayJGaC_KP82VIW9wIJCQQ7OoThULo,10.88109,Adzuna::API::Response::Job,"{'display_name': 'Herzogenaurach, Erlangen-Höchstadt (Kreis)', '__CLASS__': 'Adzuna::API::Response::Location', 'area': ['Deutschland', 'Bayern', 'Erlangen-Höchstadt (Kreis)', 'Herzogenaurach']}","{'display_name': 'Schaeffler Technologies AG & Co. KG', '__CLASS__': 'Adzuna::API::Response::Company'}",https://www.adzuna.de/details/5829026023?utm_medium=api&utm_source=a4bcf954,5829026023,2026-08-05T13:00:38Z,49.56892,Duales Studium (DHBW) - Data Science und künstliche Intelligenz (d/m/w) 2027,"{'__CLASS__': 'Adzuna::API::Response::Category', 'tag': 'unknown', 'label': 'Unknown'}",0,,,,
"Duales Studium zum B. Sc. Data Science und KI Start 2027 Wir von Waldner sind ein über 100-jähriges Familienunternehmen des Maschinen- und Anlagenbaus, sowie Einrichter für Schul- und Laborräume. Mit über 1.800 Mitarbeitern, davon über 1.100 am Produktionsstandort Wangen im schönen Allgäu, entwickeln und bauen wir auf 90.000 qm hochwertigste Innovationen nach kundenspezifischen Anforderungen. Ob Laboreinrichtungen, Abfüllanlagen, Prozessanlagen oder Lernraumkonzepte: Waldner Lösungen entstehen …",eyJhbGciOiJIUzI1NiJ9.eyJpIjoiNTgyOTAyNTIyMyIsInMiOiI4c1BMNWIycThSR085X0h5WlpWT0tRIn0.to39qjoAOjhvUdZgqg73VsonO-0FhMXbxnrhGOZOBi0,9.83242,Adzuna::API::Response::Job,"{'__CLASS__': 'Adzuna::API::Response::Location', 'area': ['Deutschland', 'Baden-Württemberg', 'Ravensburg (Kreis)', 'Wangen im Allgäu'], 'display_name': 'Wangen im Allgäu, Ravensburg (Kreis)'}","{'__CLASS__': 'Adzuna::API::Response::Company', 'display_name': 'WALDNER Holding SE & Co. KG'}",https://www.adzuna.de/details/5829025223?utm_medium=api&utm_source=a4bcf954,5829025223,2026-08-05T13:00:27Z,47.68562,Duales Studium zum (B. Sc.) (m/w/d) Data Science und KI,"{'tag': 'unknown', 'label': 'Unknown', '__CLASS__': 'Adzuna::API::Response::Category'}",0,,,,
"Duales Studium (B.Sc.) Data Science und Künstliche Intelligenz (d/m/w) zum 01.09.2027 Starte deine Karriere bei Airbus! Bist du fasziniert davon, wie riesige Datenmengen und Künstliche Intelligenz die Geschäftswelt und unser Leben verändern, und möchtest aktiv die Zukunft mitgestalten? Dann ist ein Duales Studium bei Airbus genau das Richtige für dich! Dieser Studiengang konzentriert sich stark auf die Analyse großer Datenmengen, das Erkennen von Mustern und das Ableiten von Handlungsempfehlung…",eyJhbGciOiJIUzI1NiJ9.eyJpIjoiNTgyOTAxMzk4MyIsInMiOiI4c1BMNWIycThSR085X0h5WlpWT0tRIn0.WQbbzlKGLX7oydfidPfZ8nCrA6I9hVywgfGuqLhsBGg,12.4561,Adzuna::API::Response::Job,"{'area': ['Deutschland', 'Bayern', 'Mühldorf am Inn (Kreis)', 'Taufkirchen'], '__CLASS__': 'Adzuna::API::Response::Location', 'display_name': 'Taufkirchen, Mühldorf am Inn (Kreis)'}","{'display_name': 'Airbus Group', '__CLASS__': 'Adzuna::API::Response::Company'}",https://www.adzuna.de/details/5829013983?utm_medium=api&utm_source=a4bcf954,5829013983,2026-08-05T12:58:21Z,48.14882,Duales Studium (B.Sc.) Data Science und Künstliche Intelligenz (d/m/w),"{'__CLASS__': 'Adzuna::API::Response::Category', 'tag': 'unknown', 'label': 'Unknown'}",0,,,,
"WeAreIn to create tiny chips and big careers. Theorie allein reicht Dir nicht? Im Dualen Studium bei Infineon verbindest Du Theorie und Praxis. Du arbeitest an echten Projekten, lernst von Expert*innen und machst aus Deiner Leidenschaft eine Karriere mit Sinn. Are you in? Deine Rolle Haupttätigkeiten Praxis: Während Deines Studiums lernst Du praxisnah am Standort Regensburg Theorie: Den theoretischen Input erhältst Du an der der Ostbayerischen Technischen Hochschule Regensburg Auslandseinsätze:…",eyJhbGciOiJIUzI1NiJ9.eyJpIjoiNTgyOTAxNjg1NCIsInMiOiI4c1BMNWIycThSR085X0h5WlpWT0tRIn0.rqXMt6FDLSGuoVdneH3SpbD_mlyhCYPG8Y1HLFPSQsQ,12.112321,Adzuna::API::Response::Job,"{'display_name': 'Regensburg, Regensburg (Kreis)', 'area': ['Deutschland', 'Bayern', 'Regensburg (Kreis)', 'Regensburg'], '__CLASS__': 'Adzuna::API::Response::Location'}","{'__CLASS__': 'Adzuna::API::Response::Company', 'display_name': 'Infineon Technologies AG'}",https://www.adzuna.de/details/5829016854?utm_medium=api&utm_source=a4bcf954,5829016854,2026-08-05T12:58:49Z,49.022981,Duales Studium - B. Sc. Künstliche Intelligenz / Data Science (m/w/d),"{'__CLASS__': 'Adzuna::API::Response::Category', 'tag': 'unknown', 'label': 'Unknown'}",0,,,,
"Wir begleiten dich auf dem Weg zum Traumberuf. Als führender Hausgerätehersteller in Europa bilden wir junge Menschen in Berufen aus, die zu ihnen passen und sie erfüllen. Mit unserem Portfolio an Marken – unter anderem Bosch, Siemens, Gaggenau und Neff – bieten wir Nachwuchskräften spannende Aufgaben und die Möglichkeit, von Anfang an Verantwortung zu übernehmen. Ob im Bereich Klimaschutz, Innovation oder Fairness – wir setzen uns gemeinsam mit dir für eine nachhaltige Zukunft ein. Spannende L…",eyJhbGciOiJIUzI1NiJ9.eyJpIjoiNTg0ODM4NTM5NiIsInMiOiI4c1BMNWIycThSR085X0h5WlpWT0tRIn0.PQp6ZNVMk-5uWC8RqEmQvcO-Gwm9HNj8kpdid9qOAUc,,Adzuna::API::Response::Job,"{'area': ['Deutschland'], '__CLASS__': 'Adzuna::API::Response::Location', 'display_name': 'Deutschland'}","{'__CLASS__': 'Adzuna::API::Response::Company', 'display_name': 'BSH Hausgeräte Gruppe'}",https://www.adzuna.de/land/ad/5848385396?se=8sPL5b2q8RGO9_HyZZVOKQ&utm_medium=api&utm_source=a4bcf954&v=721AFC4F7F9A53FC0F745A4E94D83AE5B77EA460,5848385396,2026-08-19T17:25:04Z,,Duales Studium - Data Science & Künstliche Intelligenz (B. Sc.) - 2027,"{'tag': 'unknown', 'label': 'Unknown', '__CLASS__': 'Adzuna::API::Response::Category'}",0,,,,
"medi GmbH & Co. KG Bayreuth Präsenz / Mobil Ausbildung IT Vollzeit Du willst die digitale Zukunft aktiv mitgestalten und dein Interesse für Daten, KI und moderne Technologien nicht nur im Hörsaal, sondern auch direkt in der Praxis einsetzen? Dann ist das duale Studium Data Science / KI bei medi genau dein Weg in eine zukunftsorientierte Karriere in der datengetriebenen Welt von morgen. Bewirb dich jetzt für einen Start ab September 2027 und absolviere dein duales Studium in nur drei Jahren Über…",eyJhbGciOiJIUzI1NiJ9.eyJpIjoiNTg2NzI3NTU3NCIsInMiOiI4c1BMNWIycThSR085X0h5WlpWT0tRIn0.IMbhltlifIQk1jKcpvbsR1PQq0aqAKsEu-dZm2uasuk,,Adzuna::API::Response::Job,"{'__CLASS__': 'Adzuna::API::Response::Location', 'area': ['Deutschland'], 'display_name': 'Deutschland'}","{'display_name': 'medi GmbH & Co. KG', '__CLASS__': 'Adzuna::API::Response::Company'}",https://www.adzuna.de/land/ad/5867275574?se=8sPL5b2q8RGO9_HyZZVOKQ&utm_medium=api&utm_source=a4bcf954&v=03F36B5236A1DA3C277B704DD3119E94FA1D9248,5867275574,2026-09-02T18:19:02Z,,Duales Studium Data Science / KI (w/m/d) 2027,"{'__CLASS__': 'Adzuna::API::Response::Category', 'label': 'Stellen aus Gesundheitswesen & Pflege', 'tag': 'healthcare-nursing-jobs'}",0,,,,
"Eine gute Idee war der Ursprung, ein erfolgreiches Konzept ist das Ergebnis. Qualität zum guten Preis möglichst vielen Menschen anbieten zu können treibt uns an - mittlerweile weltweit, denn wir sind Lidl. Hier ist das berufliche Zuhause vielfältiger Talente. Ob im Einkauf, in der Logistik, im Warengeschäft oder in der IT; ob als Impulsgeber, Gestalter oder Dienstleister der Länder. Wir suchen Anpacker, Durchstarter, Möglichmacher und bieten spannende Aufgaben und Projekte in einem dynamischen …",eyJhbGciOiJIUzI1NiJ9.eyJzIjoiOHNQTDViMnE4UkdPOV9IeVpaVk9LUSIsImkiOiI1ODY3MTk2NTgxIn0.wD8OwanunavvTT7mbSzQL_byegDfHHqwRs7WmQSgHD4,,Adzuna::API::Response::Job,"{'__CLASS__': 'Adzuna::API::Response::Location', 'area': ['Deutschland'], 'display_name': 'Deutschland'}","{'display_name': 'Lidl Stiftung & Co. KG', '__CLASS__': 'Adzuna::API::Response::Company'}",https://www.adzuna.de/land/ad/5867196581?se=8sPL5b2q8RGO9_HyZZVOKQ&utm_medium=api&utm_source=a4bcf954&v=243A01D502A6ACDB84DEAE940DBF837E018A764C,5867196581,2026-09-02T17:22:43Z,,Duales Studium Data Science und KI - Smart Operations Management 2027,"{'tag': 'retail-jobs', 'label': 'Stellen aus Einzelhandel', '__CLASS__': 'Adzuna::API::Response::Category'}",0,,,,
Die GELITA-Unternehmensgruppe ist einer der führenden Hersteller von Kollagenproteinen weltweit und mit mehr als 2.900 Mitarbeitenden und 20 Standorten auf allen Kontinenten vertreten. Wir sind mit unserer globalen Präsenz im Markt für Gesundheit und Nahrungsergänzung genauso zu Hause wie in den Bereichen Pharmazie und Medizin. Darüber hinaus bieten wir mit unseren Produkten eine große Bandbreite anäußerst spannenden technologischen Anwendungen. Wir leben Innovation und folgen dabei konsequent …,eyJhbGciOiJIUzI1NiJ9.eyJzIjoiOHNQTDViMnE4UkdPOV9IeVpaVk9LUSIsImkiOiI1ODA5NzIwMzAyIn0.0Vjzae6LXvXeRJWu3ZHwmXyolEHGjvHTSCYmugDQaXQ,8.98712,Adzuna::API::Response::Job,"{'display_name': 'Eberbach, Rhein-Neckar-Kreis', 'area': ['Deutschland', 'Baden-Württemberg', 'Rhein-Neckar-Kreis', 'Eberbach'], '__CLASS__': 'Adzuna::API::Response::Location'}","{'display_name': 'GELITA AG', '__CLASS__': 'Adzuna::API::Response::Company'}",https://www.adzuna.de/details/5809720302?utm_medium=api&utm_source=a4bcf954,5809720302,2026-07-21T23:00:00Z,49.46241,Duales Studium Bachelor of Science - Data Science&Künstliche Intelligenz,"{'__CLASS__': 'Adzuna::API::Response::Category', 'tag': 'part-time-jobs', 'label': 'Teilzeitstellen'}",0,,,,
"Bei dm und dmTECH sind wir der Überzeugung, dass die Digitalisierung unsere Welt und unser Kaufverhalten verändert. Dabei spielt künstliche Intelligenz eine wichtige Rolle. Schon heute setzen wir auf modernste Technologien, um intelligente Lösungen zu entwickeln. Hierfür suchen wir lösungsorientierte Persönlichkeiten mit analytischem und mathematischem Denkvermögen sowie Leidenschaft für innovative Technologien. Das klingt nach Dir? Dann lass uns gemeinsam handeln – mit Deinem dualen Studium Da…",eyJhbGciOiJIUzI1NiJ9.eyJpIjoiNTgwOTcwOTMwMyIsInMiOiI4c1BMNWIycThSR085X0h5WlpWT0tRIn0.Jym59SIe04KPLG7LLNwbo0E6QAFGZm_E5r7W97svYjk,8.47624,Adzuna::API::Response::Job,"{'display_name': 'Durlach, Karlsruhe', 'area': ['Deutschland', 'Baden-Württemberg', 'Karlsruhe (Kreis)', 'Karlsruhe', 'Durlach'], '__CLASS__': 'Adzuna::API::Response::Location'}","{'__CLASS__': 'Adzuna::API::Response::Company', 'display_name': 'dm-drogerie markt GmbH + Co. KG'}",https://www.adzuna.de/details/5809709303?utm_medium=api&utm_source=a4bcf954,5809709303,2026-07-21T22:58:22Z,49.00018,Duales Studium Data Science und Künstliche Intelligenz (B. Sc.) 2027,"{'__CLASS__': 'Adzuna::API::Response::Category', 'label': 'Teilzeitstellen', 'tag': 'part-time-jobs'}",0,,,,
"Wir schenken Menschen Genussmomente aus der Natur. Als führende Marke bei Nüssen und Trockenfrüchten oder als deutschlandweit agierender Konzeptpartner, der auf die Bedürfnisse von Firmenkunden sowie der hochwertigen Gastronomie spezialisiert ist. Damit das auch in Zukunft so bleibt, bilden Wertschätzung, Qualität und Nachhaltigkeit das Fundament unserer Unternehmenskultur. In allen Bereichen ist das Beste unser Ansporn – bei unseren Produkten, in unserem Engagement für eine ausgewogene Work-Li…",eyJhbGciOiJIUzI1NiJ9.eyJpIjoiNTg3MTkxOTkzMyIsInMiOiI4c1BMNWIycThSR085X0h5WlpWT0tRIn0.UXx6is5qEosDbDRMVT4vGi6tMjdbwMgCVvs--elm_CY,9.856945,Adzuna::API::Response::Job,"{'area': ['Deutschland', 'Baden-Württemberg', 'Ulm'], '__CLASS__': 'Adzuna::API::Response::Location', 'display_name': 'Ulm, Baden-Württemberg'}","{'__CLASS__': 'Adzuna::API::Response::Company', 'display_name': 'Seeberger GmbH'}",https://www.adzuna.de/land/ad/5871919933?se=8sPL5b2q8RGO9_HyZZVOKQ&utm_medium=api&utm_source=a4bcf954&v=9ED7A9305A5B920B1D4055F430F22A4C5D9A5B2A,5871919933,2026-09-05T13:46:56Z,48.383137,Duales Studium (B.Sc.) Data Science und Künstliche Intelligenz (m/w/d) Start 2027,"{'label': 'Stellen für Hochschulabsolventen', 'tag': 'graduate-jobs', '__CLASS__': 'Adzuna::API::Response::Category'}",0,,,,
"Duales Studium Data Science&KI (Bachelor of Science) ab 2027 Reinhold-Vöster-Straße 21-29 71229, Leonberg Baden-Württemberg GEZE Leonberg | DHBW Stuttgart | ab 01.10.2027 GEZE gehört zu den weltweit führenden Unternehmen für Produkte, Systemlösungen und umfassenden Service rund um Türen und Fenster. Der Spezialist für innovative und moderne Tür-, Fenster- und Sicherheitstechnik erzielt mit fundierter Branchen- und Fachkenntnis seitüber 160 Jahren herausragende Ergebnisse, die Gebäude lebenswert…",eyJhbGciOiJIUzI1NiJ9.eyJpIjoiNTgwNDg4OTYxOCIsInMiOiI4c1BMNWIycThSR085X0h5WlpWT0tRIn0.-U_wETWiZSbjTB0e15bj21WLxPm-XrCMofXszKj61Ak,9.01646,Adzuna::API::Response::Job,"{'__CLASS__': 'Adzuna::API::Response::Location', 'area': ['Deutschland', 'Baden-Württemberg', 'Böblingen (Kreis)', 'Leonberg'], 'display_name': 'Leonberg, Böblingen (Kreis)'}","{'__CLASS__': 'Adzuna::API::Response::Company', 'display_name': 'GEZE GmbH'}",https://www.adzuna.de/land/ad/5804889618?se=8sPL5b2q8RGO9_HyZZVOKQ&utm_medium=api&utm_source=a4bcf954&v=CF507F3C24FED4ECADFCECDA90803DB188687CAB,5804889618,2026-07-17T14:53:24Z,48.80225,Duales Studium Data Science&KI (Bachelor of Science) ab 2027,"{'__CLASS__': 'Adzuna::API::Response::Category', 'tag': 'part-time-jobs', 'label': 'Teilzeitstellen'}",0,,,,
"Inhalte und Aufgaben Ein praxisorientiertes Studium in Verbindung mit der Duale Hochschule Baden-Württemberg in Stuttgart, bei dem Sie die theoretischen Studieninhalte direkt on the job anwenden können Softwareentwicklung mit Open Source/Java, Pega, SAP oder SAS: Wir machen Sie fit für die digitalen Anforderungen der Zukunft Server, Netze und Datenbanken sind Ihre neuen Tools, die Sie verstehen und einzusetzen lernen Agile Arbeitsmethoden, Business-Analyse. Data Science, UI/UX-Design bis hin zu…",eyJhbGciOiJIUzI1NiJ9.eyJzIjoiOHNQTDViMnE4UkdPOV9IeVpaVk9LUSIsImkiOiI1ODMyNzc2Njg3In0.dfYyFct0cDVFL00Twb1ttZJIlt8lcz_E85CB3yQO2uE,9.18451,Adzuna::API::Response::Job,"{'display_name': 'Kornwestheim, Ludwigsburg (Kreis)', 'area': ['Deutschland', 'Baden-Württemberg', 'Ludwigsburg (Kreis)', 'Kornwestheim'], '__CLASS__': 'Adzuna::API::Response::Location'}","{'display_name': 'Wüstenrot&Württembergische-Gruppe', '__CLASS__': 'Adzuna::API::Response::Company'}",https://www.adzuna.de/land/ad/5832776687?se=8sPL5b2q8RGO9_HyZZVOKQ&utm_medium=api&utm_source=a4bcf954&v=B048BAB14F2B599EF6B19CE9D6FA57163346BE2E,5832776687,2026-08-08T03:23:59Z,48.86157,Bachelor of Science (m/w/d) - Wirtschaftsinformatik - Studiengang Data Science,"{'__CLASS__': 'Adzuna::API::Response::Category', 'tag': 'part-time-jobs', 'label': 'Teilzeitstellen'}",0,,,,
"Mit rund 46.000 Mitarbeitenden sowie rund 3.000 Auszubildenden in über 40 Ausbildungsberufen und dualen Studiengängen im Einzelhandel, Großhandel und in der Produktion sind wir einer der größten Arbeitgeber der Region. Rund 1.100 Märkte, sechs Logistikzentren und sechs Produktionsbetriebe in fünf Bundesländern gehören zu EDEKA Südwest. Was macht man da aus sich? Im Fokus steht der reibungslose Fluss von Informationen innerhalb des Unternehmens. Schon während des Studiums betreust du selbstständ…",eyJhbGciOiJIUzI1NiJ9.eyJpIjoiNTc4NDYyNDAzMCIsInMiOiI4c1BMNWIycThSR085X0h5WlpWT0tRIn0.-YW5Ei4FAdqKlej9nZobXYtmgbJr5bY4-r37zqr4vCg,7.94837,Adzuna::API::Response::Job,"{'__CLASS__': 'Adzuna::API::Response::Location', 'area': ['Deutschland', 'Baden-Württemberg', 'Ortenaukreis', 'Offenburg'], 'display_name': 'Offenburg, Ortenaukreis'}","{'display_name': 'EDEKA Südwest Stiftung&Co. KG', '__CLASS__': 'Adzuna::API::Response::Company'}",https://www.adzuna.de/land/ad/5784624030?se=8sPL5b2q8RGO9_HyZZVOKQ&utm_medium=api&utm_source=a4bcf954&v=CDF8A0C90450F82B412FB51139BC443F839DB477,5784624030,2026-07-02T02:07:53Z,48.42392,Duales Studium: Data Science und Künstliche Intelligenz (m/w/d) - 2027,"{'label': 'Teilzeitstellen', 'tag': 'part-time-jobs', '__CLASS__': 'Adzuna::API::Response::Category'}",0,,,,
"Life is always about becoming… Im Leben geht es darum, sich auf eine Reise zu begeben, um die beste Version unseres zukünftigen Selbst zu werden. Während wir Neues entdecken, stellen wir uns Herausforderungen, meistern sie und wachsen über uns hinaus. Bewerben Sie sich bei Mercedes-Benz und finden Sie den Aufgabenbereich, in dem Sie Ihre Talente individuell entfalten können. Dabei werden Sie von visionären Kolleginnen und Kollegen unterstützt, die Ihren Pioniergeist teilen. Bei uns einzusteigen…",eyJhbGciOiJIUzI1NiJ9.eyJzIjoiOHNQTDViMnE4UkdPOV9IeVpaVk9LUSIsImkiOiI1ODEwNTQxNDMxIn0.2BoDqQ5vKewX-SLCJhkz7pb-XimwS_oqwemmk_liqeI,9.315933,Adzuna::API::Response::Job,"{'display_name': 'Esslingen am Neckar, Esslingen (Kreis)', '__CLASS__': 'Adzuna::API::Response::Location', 'area': ['Deutschland', 'Baden-Württemberg', 'Esslingen (Kreis)', 'Esslingen am Neckar']}","{'display_name': 'Mercedes-Benz Group AG', '__CLASS__': 'Adzuna::API::Response::Company'}",https://www.adzuna.de/land/ad/5810541431?se=8sPL5b2q8RGO9_HyZZVOKQ&utm_medium=api&utm_source=a4bcf954&v=857EFE5E44CCBBC5000E37042CB9756F2CB9AFF8,5810541431,2026-07-22T10:24:42Z,48.745846,"Duales Studium Wirtschaftsinformatik/Data Science (B.Sc.), Mercedes-Benz Group AG, Stuttgart, 01.10.2027 (m/w/d)","{'__CLASS__': 'Adzuna::API::Response::Category', 'label': 'Stellen für Hochschulabsolventen', 'tag': 'graduate-jobs'}",0,,,,
Wir sind der Digitalisierungspartner in der genossenschaftlichen FinanzGruppe und vereinen jahrzehntelanges Expertenwissen in Banking und Informationstechnologie. Die speziell auf Banken zugeschnittenen IT-Lösungen und Leistungen reichen vom Rechenzentrumsbetrieb über das Bankverfahren von Atruvia bis hin zur App-Entwicklung. Dabei nutzen wir zukunftsweisende Technologien wie Smart Data und schreiben Prozessoptimierung und Regulatorik groß. Gestalte die Zukunft mit KI – Starte dein Duales Studi…,eyJhbGciOiJIUzI1NiJ9.eyJzIjoiOHNQTDViMnE4UkdPOV9IeVpaVk9LUSIsImkiOiI1ODQ4NDAyNzE4In0.KJybSuZN0gqQ_5rfsfQtXB4vPlju2NLiBkBrDMvs584,,Adzuna::API::Response::Job,"{'display_name': 'Deutschland', '__CLASS__': 'Adzuna::API::Response::Location', 'area': ['Deutschland']}","{'display_name': 'Atruvia AG', '__CLASS__': 'Adzuna::API::Response::Company'}",https://www.adzuna.de/land/ad/5848402718?se=8sPL5b2q8RGO9_HyZZVOKQ&utm_medium=api&utm_source=a4bcf954&v=D06863DC7CD0095555F4F023A9C5A1024898867E,5848402718,2026-08-19T17:29:18Z,,Duales Studium Data Science & Künstliche Intelligenz B.Sc.,"{'tag': 'accounting-finance-jobs', 'label': 'Stellen aus Buchhaltung & Finanzwesen', '__CLASS__': 'Adzuna::API::Response::Category'}",0,,,,
Die Liebherr-Werk Ehingen GmbH zählt zu den weltweit führenden Herstellern von Fahrzeugkranen. Das Programm umfasst Teleskop- und Gittermastkrane auf Mobil- und Raupenfahrwerken. Seit der Gründung wurde die Produktionsstätte und ihre Kapazität kontinuierlich erweitert. Heute werden täglich sechs Fahrzeugkrane aus Ehingen in die ganze Welt geliefert. DHBW Studium - Data Science und Künstliche Intelligenz (B.Sc.) Job-ID 83588 Original Stellenanzeige auf StepStone.de bit.ly/4w2X7RC CLTRD1_DE,eyJhbGciOiJIUzI1NiJ9.eyJzIjoiOHNQTDViMnE4UkdPOV9IeVpaVk9LUSIsImkiOiI1ODQ4NDEwNzU1In0.KCZdkE8cz8YUg3W6CcVHWUCMsd9f3S8G2kMverf6O7w,,Adzuna::API::Response::Job,"{'area': ['Deutschland'], '__CLASS__': 'Adzuna::API::Response::Location', 'display_name': 'Deutschland'}","{'__CLASS__': 'Adzuna::API::Response::Company', 'display_name': 'Liebherr-Werk Ehingen GmbH'}",https://www.adzuna.de/land/ad/5848410755?se=8sPL5b2q8RGO9_HyZZVOKQ&utm_medium=api&utm_source=a4bcf954&v=55A380EA9088384B156B522FCA359D563F663951,5848410755,2026-08-19T17:31:21Z,,DHBW Studium - Data Science und Künstliche Intelligenz (B.Sc.),"{'tag': 'engineering-jobs', 'label': 'Technikerstellen', '__CLASS__': 'Adzuna::API::Response::Category'}",0,,,,
DHBW-Studium Bachelor of Science – Wirt­schafts­informatik Data Science Als starker Arbeitgeber und attrak­tives Aus­bildungs­unter­nehmen bieten wir viel­fältige und spannende Aus­bildungs- und Studien­plätze mit besten Über­nahme­chancen. Bereit für ein echt spannendes und abwechslungsreiches Studium? Wir machen dich fit für deine Zukunft in einer modernen Versicherung. Für den Studienstart am 01.09.2027 in Stuttgart suchen wir aufgeschlossene und motivierte Studierende. Original Stellenanzei…,eyJhbGciOiJIUzI1NiJ9.eyJpIjoiNTg2OTIxNzU3NSIsInMiOiI4c1BMNWIycThSR085X0h5WlpWT0tRIn0.5N7_OuIoqlYmjp4dBc_ugwYIngsTq_n-yh2NtpU6Z8Y,,Adzuna::API::Response::Job,"{'display_name': 'Deutschland', 'area': ['Deutschland'], '__CLASS__': 'Adzuna::API::Response::Location'}","{'display_name': 'WGV - Württembergische Gemeinde-Versicherung a.G.', '__CLASS__': 'Adzuna::API::Response::Company'}",https://www.adzuna.de/land/ad/5869217575?se=8sPL5b2q8RGO9_HyZZVOKQ&utm_medium=api&utm_source=a4bcf954&v=94AA363EF9D8CFC3A69306A504001F64EADD2377,5869217575,2026-09-03T17:59:24Z,,DHBW-Studium Bachelor of Science – Wirtschaftsinformatik Data Science,"{'__CLASS__': 'Adzuna::API::Response::Category', 'label': 'Stellen aus Buchhaltung & Finanzwesen', 'tag': 'accounting-finance-jobs'}",0,,,,
"Head of AI & Data Science: Tragen Sie dazu bei, Wunden zu heilen, Innovationen zu fördern und Wachstum zu gestalten! Schwer heilende Wunden sind eine enorme Belastung für Patienten, Angehörige und Behandelnde. Machen Sie durch Ihr gestalterisches Mitwirken einen signifikanten Unterschied. Wir entwickeln Produkte und Services, um Wunden bezahlbar zu heilen. Als wachsendes, zukunftsorientiertes inhabergeführtes Familienunternehmen investieren und arbeiten wir mit langfristiger Perspektive statt m…",eyJhbGciOiJIUzI1NiJ9.eyJzIjoiOHNQTDViMnE4UkdPOV9IeVpaVk9LUSIsImkiOiI1ODQ4NDAyMTEzIn0.wHjcG6ItF1rpYMRhoXPQbdLTlekS1o7-sIG38d3pwRY,,Adzuna::API::Response::Job,"{'area': ['Deutschland'], '__CLASS__': 'Adzuna::API::Response::Location', 'display_name': 'Deutschland'}","{'__CLASS__': 'Adzuna::API::Response::Company', 'display_name': 'Dr. Ausbüttel GmbH & Co. KG'}",https://www.adzuna.de/land/ad/5848402113?se=8sPL5b2q8RGO9_HyZZVOKQ&utm_medium=api&utm_source=a4bcf954&v=63CF7415C9F0B77C7B2242F8745EA39C603854BB,5848402113,2026-08-19T17:29:11Z,,Head of AI & Data Science (m/w/d),"{'label': 'Stellen aus Gesundheitswesen & Pflege', 'tag': 'healthcare-nursing-jobs', '__CLASS__': 'Adzuna::API::Response::Category'}",0,,,,
"Die Hekatron Unternehmen bieten: Duales Studium Bachelor of Science (m/w/d) Data Science und Künstliche Intelligenz für 2027 Starte Deine Zukunft bei Hekatron: Bachelor of Science Data Science und künstliche Intelligenz. Du suchst ein Studium, welches Dir den Freiraum bietet, Deinen eigenen Weg zu finden und Deine Arbeit mit Deiner Freizeit optimal zu verbinden? Dann bist Du bei uns, den Hekatron Unternehmen, genau richtig! Wir bei Hekatron sind auf der Suche nach engagierten Studenten, die mit…",eyJhbGciOiJIUzI1NiJ9.eyJpIjoiNTgzODk4MjY0MyIsInMiOiI4c1BMNWIycThSR085X0h5WlpWT0tRIn0.ulmz-X_FZ2N3k1Lbl5k2KKlNB5M7iEYaiJceA_wA-wk,7.7081,Adzuna::API::Response::Job,"{'area': ['Deutschland', 'Baden-Württemberg', 'Breisgau-Hochschwarzwald (Kreis)', 'Sulzburg'], '__CLASS__': 'Adzuna::API::Response::Location', 'display_name': 'Sulzburg, Breisgau-Hochschwarzwald (Kreis)'}","{'__CLASS__': 'Adzuna::API::Response::Company', 'display_name': 'Hekatron Unternehmen'}",https://www.adzuna.de/details/5838982643?utm_medium=api&utm_source=a4bcf954,5838982643,2026-08-13T01:10:57Z,47.84069,Duales Studium Bachelor of Science (m/w/d) Data Science und Künstliche Intelligenz,"{'tag': 'unknown', 'label': 'Unknown', '__CLASS__': 'Adzuna::API::Response::Category'}",0,,,,
"Wir sind über 13.000. An 20 Standorten weltweit. Jedes dritte Flugzeug fliegt mit unserer Technologie. Immer effizienter, leiser, nachhaltiger. Wir gestalten die Zukunft der Luftfahrt. Was wir noch brauchen? Dich. Unser Team in GER | München sucht Dich: Starke Aufgaben Einarbeitung in das bei der MTU verwendete Vorgehen für Engine Trend Monitoring (ETM) Im Rahmen des Praktikums beschäftigen Sie sich mit Themen aus den fol-genden Bereichen: Weiterentwicklung bestehender Machine-Learning Modelle …",eyJhbGciOiJIUzI1NiJ9.eyJpIjoiNTc1ODA1NjU4OSIsInMiOiI4c1BMNWIycThSR085X0h5WlpWT0tRIn0.fdNNMhMCghNODveRuSd0rG8DdNmBaNiuDUiFiMCEL18,11.555737,Adzuna::API::Response::Job,"{'area': ['Deutschland', 'Bayern', 'München (Kreis)', 'München'], '__CLASS__': 'Adzuna::API::Response::Location', 'display_name': 'München, München (Kreis)'}",{'__CLASS__': 'Adzuna::API::Response::Company'},https://www.adzuna.de/land/ad/5758056589?se=8sPL5b2q8RGO9_HyZZVOKQ&utm_medium=api&utm_source=a4bcf954&v=EA9D680FD07D72D4CBA7598F570E438AC0AB335E,5758056589,2026-06-10T06:37:26Z,48.137418,Praktikant Data Science im Bereich Engine Health Monitoring (all genders),"{'label': 'IT-Stellen', 'tag': 'it-jobs', '__CLASS__': 'Adzuna::API::Response::Category'}",0,,,,
"Die VBL mit Sitz in Karlsruhe ist Deutschlands größte Zusatzversorgungseinrichtung für Beschäftigte des öffentlichen Dienstes und betreut circa 5,4 Mio. Versicherte und circa 1,5 Mio. Rentenberechtigte. Sie interessieren sich für Wirtschaft und Versicherungsthemen und möchten Theorie und Praxis von Anfang an verbinden? Dann starten Sie Ihr duales Studium bei der VBL. Ab sofort suchen wir mehrere Studierende für 2027. Duales Studium BWL – Risk and Insurance Management (m/w/d) Aufgaben In sechs S…",eyJhbGciOiJIUzI1NiJ9.eyJzIjoiOHNQTDViMnE4UkdPOV9IeVpaVk9LUSIsImkiOiI1ODYwNzM0MTYyIn0.khEE1SAo7SadfkaPuvBsv6qs_66hu-FuBwO6E-4ALBQ,8.412378,Adzuna::API::Response::Job,"{'__CLASS__': 'Adzuna::API::Response::Location', 'area': ['Deutschland', 'Baden-Württemberg', 'Karlsruhe (Kreis)', 'Karlsruhe'], 'display_name': 'Karlsruhe, Karlsruhe (Kreis)'}","{'display_name': 'VBL. Versorgungsanstalt des Bundes und der Länder', '__CLASS__': 'Adzuna::API::Response::Company'}",https://www.adzuna.de/details/5860734162?utm_medium=api&utm_source=a4bcf954,5860734162,2026-08-29T06:37:55Z,49.001249,Duales Studium BWL – Risk and Insurance Management (m/w/d),"{'__CLASS__': 'Adzuna::API::Response::Category', 'tag': 'unknown', 'label': 'Unknown'}",0,,,,
"Als weltweit agierendes Unternehmen benötigen wir eine IT-Landschaft, die jederzeit reibungslos funktioniert, sich stets auf dem neuesten Stand der Technik befindet und sich an den Bedürfnissen unserer Kunden innerhalb den Unternehmen der Schwarz Gruppe orientiert. An der Schnittstelle zwischen BWL und IT erarbeiten wir tragfähige Lösungen, die maßgeblich und sichtbar zu unserem Erfolg beitragen. {Programmbeginn:} 01.09.2027 mit dem Begrüßungsmonat {Studienbeginn:} 01.10.2027 {Studiendauer:} 3 …",eyJhbGciOiJIUzI1NiJ9.eyJzIjoiOHNQTDViMnE4UkdPOV9IeVpaVk9LUSIsImkiOiI1Nzg1NjkxNjExIn0.jeJ0m-CnJHgxz_1NHlUVAbbmYjlBmKRge10AJ7NbmRY,9.21629,Adzuna::API::Response::Job,"{'area': ['Deutschland', 'Baden-Württemberg', 'Heilbronn (Kreis)', 'Bad Friedrichshall'], '__CLASS__': 'Adzuna::API::Response::Location', 'display_name': 'Bad Friedrichshall, Heilbronn (Kreis)'}","{'display_name': 'Schwarz Digits', '__CLASS__': 'Adzuna::API::Response::Company'}",https://www.adzuna.de/details/5785691611?utm_medium=api&utm_source=a4bcf954,5785691611,2026-07-02T19:37:57Z,49.2291,Duales Studium Wirtschaftsinformatik 2027 Neckarsulm (m/w/d),"{'label': 'Unknown', 'tag': 'unknown', '__CLASS__': 'Adzuna::API::Response::Category'}",0,,,,
"Hochschule München: Duales Studium Data Science und Scientific Computing (B.Sc.) 2027 Wir alle haben als Kinder davon geträumt, Großes zu bewirken – ob als gute Feen, Stars im Rampenlicht oder Weltraumreisende im All. Höchste Zeit, dass diese Träume wahr werden! Dein Traumschiff? Die BayernLB! Bei uns steuern wir einer blühenden Zukunft entgegen und kämpfen als Fortschrittsfinanzierer für die Welt von morgen. Unsere Feenflügel und Raumanzüge haben wir abgelegt. Nicht aber unsere Ziele. Denen si…",eyJhbGciOiJIUzI1NiJ9.eyJzIjoiOHNQTDViMnE4UkdPOV9IeVpaVk9LUSIsImkiOiI1ODI5MDEzODI5In0.wH_ZP5FJMB8t1VPjO5gM1X00FtAE7z5-72mIBjxPGqc,11.555737,Adzuna::API::Response::Job,"{'display_name': 'München, München (Kreis)', '__CLASS__': 'Adzuna::API::Response::Location', 'area': ['Deutschland', 'Bayern', 'München (Kreis)', 'München']}","{'display_name': 'BayernLB', '__CLASS__': 'Adzuna::API::Response::Company'}",https://www.adzuna.de/details/5829013829?utm_medium=api&utm_source=a4bcf954,5829013829,2026-08-05T12:58:19Z,48.137418,Duales Studium Data Science und Scientific Computing (B.Sc.) (m/w/d) 2027,"{'__CLASS__': 'Adzuna::API::Response::Category', 'label': 'Unknown', 'tag': 'unknown'}",0,,,,
"Duales Studium B.Sc. (d/m/w) Informatik - Data Science und Künstliche Intelligenz zum 01.09.2027 Bist du neugierig auf Technik und möchtest die Welt von morgen mitgestalten? Dann ist eine Ausbildung oder ein Studium bei Airbus am Standort in Augsburg genau das Richtige für dich! Im dualen Studium Informatik befasst du dich in der Industrie mit komplexen Themen und Systemen. Du konzipierst, entwickelst und realisierst technische Lösungen zur Unterstützung der Geschäftsprozesse im Bereich der Übe…",eyJhbGciOiJIUzI1NiJ9.eyJzIjoiOHNQTDViMnE4UkdPOV9IeVpaVk9LUSIsImkiOiI1ODI5MDE0OTU4In0.MEQ02l6cnun7T4H0eVlKPhdg_xbM4ObJpresMicbqPo,10.89379,Adzuna::API::Response::Job,"{'area': ['Deutschland', 'Bayern', 'Augsburg (Kreis)', 'Augsburg'], '__CLASS__': 'Adzuna::API::Response::Location', 'display_name': 'Augsburg, Augsburg (Kreis)'}","{'display_name': 'Airbus', '__CLASS__': 'Adzuna::API::Response::Company'}",https://www.adzuna.de/details/5829014958?utm_medium=api&utm_source=a4bcf954,5829014958,2026-08-05T12:58:30Z,48.357096,Duales Studium B.Sc. (d/m/w) Informatik - Data Science und Künstliche Intelligenz,"{'__CLASS__': 'Adzuna::API::Response::Category', 'label': 'Unknown', 'tag': 'unknown'}",0,,,,
"Als eines der führenden Systemhäuser in Deutschland bieten wir Ihnen vielfältige Möglichkeiten in einem spannenden Berufsumfeld und einer wachsenden Branche Ihre berufliche Heimat zu finden. Bei uns haben Sie den Freiraum, innovative Lösungen zu entwickeln, die schon heute in die Zukunft reichen und sich langfristig bewähren. Verstärken Sie unser Team als System Engineer – Data Science (m/w/d) an einem unserer Standorte deutschlandweit . Data Science in der SVA vereint vier starke Bereiche: Gen…",eyJhbGciOiJIUzI1NiJ9.eyJzIjoiOHNQTDViMnE4UkdPOV9IeVpaVk9LUSIsImkiOiI1ODQwOTIzNTIxIn0.ZMLXlsLZU6e3PZpTF25HImcejvF6uSHoWRLdHLspnPA,,Adzuna::API::Response::Job,"{'display_name': 'Deutschland', 'area': ['Deutschland'], '__CLASS__': 'Adzuna::API::Response::Location'}","{'display_name': 'SVA System Vertrieb Alexander GmbH', '__CLASS__': 'Adzuna::API::Response::Company'}",https://www.adzuna.de/land/ad/5840923521?se=8sPL5b2q8RGO9_HyZZVOKQ&utm_medium=api&utm_source=a4bcf954&v=52A3855A16BE314593BA95B0E7D320AE7AE7C4D5,5840923521,2026-08-14T01:00:26Z,,System Engineer – Data Science (m/w/d),"{'tag': 'other-general-jobs', 'label': 'Sonstige/Allgemeine Stellen', '__CLASS__': 'Adzuna::API::Response::Category'}",0,,,,
"Die Sparkassen Rating und Risikosysteme (SR) ist der zentrale Dienstleister für Verfahren des Risiko­manage­ments in der Sparkassen-Finanzgruppe. Wir unterstützen die Institute mit Standardlösungen in den Bereichen der Risiko­messung und -steuerung, der regulatorischen Banksteuerung sowie im Vertrieb mit Data-Analytics-Lösungen. Gemeinsam mit unseren Partnern bieten wir den Instituten, von der Konzeption der Verfahren, über deren Weiterentwicklung, IT-Umsetzung und Umsetzungsunterstützung, zent…",eyJhbGciOiJIUzI1NiJ9.eyJpIjoiNTg2MzQzNjQ5NSIsInMiOiI4c1BMNWIycThSR085X0h5WlpWT0tRIn0.PJuePJbpnemeNjA9Zvfdv8JjmbhemUDEL5p5lrAJk_c,13.420806,Adzuna::API::Response::Job,"{'display_name': 'Berlin, Deutschland', 'area': ['Deutschland', 'Berlin'], '__CLASS__': 'Adzuna::API::Response::Location'}","{'display_name': 'S Rating und Risikosysteme GmbH', '__CLASS__': 'Adzuna::API::Response::Company'}",https://www.adzuna.de/land/ad/5863436495?se=8sPL5b2q8RGO9_HyZZVOKQ&utm_medium=api&utm_source=a4bcf954&v=B2ED37B17438D09CB0E183734EEFB0DFE163B58E,5863436495,2026-09-01T01:03:59Z,52.507706,Werkstudent (m/w/d) – Risikomanagement | Data Science,"{'__CLASS__': 'Adzuna::API::Response::Category', 'label': 'Stellen für Hochschulabsolventen', 'tag': 'graduate-jobs'}",0,,,,
"Einleitung: Duales Studium – Data Science und Künstliche Intelligenz (m/w/d) 2027 Du bist fasziniert von der Welt der Daten und IT? Du möchtest aktiv dazu beitragen, komplexe Datensätze zu analysieren, um wertvolle Erkenntnisse zu gewinnen und innovative Lösungen zu entwickeln? Daten sind für dich nicht nur Rohmaterial, sondern das Fundament für die digitale Transformation – eine Quelle für relevante Erkenntnisse und die Basis für zukunftsweisende Entwicklungen in Wissenschaft, Wirtschaft und T…",eyJhbGciOiJIUzI1NiJ9.eyJpIjoiNTgwOTcxMTExNSIsInMiOiI4c1BMNWIycThSR085X0h5WlpWT0tRIn0.lyEIAeiRcERr5o4X7xmIo0S-PbxxMKu0aRruZAXn0b0,8.63966,Adzuna::API::Response::Job,"{'area': ['Deutschland', 'Hessen', 'Hochtaunuskreis', 'Bad Homburg vor der Höhe', 'Gonzenheim'], '__CLASS__': 'Adzuna::API::Response::Location', 'display_name': 'Gonzenheim, Bad Homburg vor der Höhe'}","{'__CLASS__': 'Adzuna::API::Response::Company', 'display_name': 'Fresenius SE&Co. KGaA'}",https://www.adzuna.de/details/5809711115?utm_medium=api&utm_source=a4bcf954,5809711115,2026-07-21T22:58:40Z,50.21936,Duales Studium – Data Science und Künstliche Intelligenz (m/w/d) 2027,"{'label': 'Teilzeitstellen', 'tag': 'part-time-jobs', '__CLASS__': 'Adzuna::API::Response::Category'}",0,,,,
DAS ERWARTET DICH IM PRAXISTEIL DU möchtest gemeinsam mit uns Mannheim noch digitaler machen? Der Praxisteil deines Studiums findet im Fachbereich Informationstechnologie der Stadt Mannheim statt. Dort hast du die Möglichkeit fundierte Einblicke in die Bereiche Grundlagen der IT und Verwaltungswirtschaft zu bekommen. Außerdem lernst du alles rund um den intelligenten und verantwortungsvollen Umgang mit Daten und wirst zum Experten in Sachen zukunftsfähiger Technologien und deren Einsatzmöglichk…,eyJhbGciOiJIUzI1NiJ9.eyJzIjoiOHNQTDViMnE4UkdPOV9IeVpaVk9LUSIsImkiOiI1ODA5NzIwMTg1In0.SDM06SD7XpljJgs1FTAScBYhDCUEiKCvPzh_siqZS7o,8.46027,Adzuna::API::Response::Job,"{'display_name': 'Innenstadt, Mannheim', 'area': ['Deutschland', 'Baden-Württemberg', 'Mannheim', 'Innenstadt'], '__CLASS__': 'Adzuna::API::Response::Location'}","{'__CLASS__': 'Adzuna::API::Response::Company', 'display_name': 'Stadt Mannheim'}",https://www.adzuna.de/details/5809720185?utm_medium=api&utm_source=a4bcf954,5809720185,2026-07-21T22:59:59Z,49.49301,Bachelor of Science Data Science&künstliche Intelligenz (m/w/d),"{'__CLASS__': 'Adzuna::API::Response::Category', 'label': 'Teilzeitstellen', 'tag': 'part-time-jobs'}",0,,,,
"Eine Gruppe. Viele Möglichkeiten. Als erfahrenes Versicherungs- und Finanzdienstleistungsunternehmen verbinden wir seit 1819 Wachstum mit Tradition. Rund 3.200 Mitarbeitende sorgen täglich dafür, dass unsere Kundinnen und Kunden bestens abgesichert sind und einen ausgezeichneten Service erhalten. Bei uns erwartet dich ein Arbeitsumfeld voller Offenheit, Teamgeist und Rückhalt. Gemeinsam mit dir formen wir aus unseren individuellen Kompetenzen ein starkes Team: die ALH Gruppe. Erfahre hier mehr …",eyJhbGciOiJIUzI1NiJ9.eyJpIjoiNTgzMDg5Mzk4NCIsInMiOiI4c1BMNWIycThSR085X0h5WlpWT0tRIn0.0jqm_VOTOEM55GK9Si10f3FG7hEmlI1Em-vplIuccUc,9.16896,Adzuna::API::Response::Job,"{'display_name': 'Degerloch, Stuttgart', 'area': ['Deutschland', 'Baden-Württemberg', 'Stuttgart', 'Degerloch'], '__CLASS__': 'Adzuna::API::Response::Location'}","{'__CLASS__': 'Adzuna::API::Response::Company', 'display_name': 'Hallesche Krankenversicherung a. G.'}",https://www.adzuna.de/details/5830893984?utm_medium=api&utm_source=a4bcf954,5830893984,2026-08-06T22:35:49Z,48.74475,Duales Studium (m/w/d) Wirtschaftsinformatik – Data Science (B.Sc.),"{'__CLASS__': 'Adzuna::API::Response::Category', 'tag': 'part-time-jobs', 'label': 'Teilzeitstellen'}",0,,,,
"Du bist technikbegeistert und voller Ideen, mit denen Du die Welt bewegen willst? Dann ist eine Ausbildung oder ein duales Studium bei Schaeffler genau das Richtige für Dich. Ohne unsere Produkte könnten Autos nicht fahren, Maschinen nicht laufen und Flugzeuge nicht fliegen. Als führender Anbieter von Wälzlagern für sämtliche Industrien und wichtiger Partner im internationalen Automobilbau bietet Dir Schaeffler ein hervorragendes Umfeld für Deinen Start in die Berufswelt. Ausbildungsschwerpunkt…",eyJhbGciOiJIUzI1NiJ9.eyJpIjoiNTc5OTI0MzQxNCIsInMiOiI4c1BMNWIycThSR085X0h5WlpWT0tRIn0.sbCBfmoT_gjpG6IT7IysgqHk-7ZiOPjOJ83av8MBxHU,10.88109,Adzuna::API::Response::Job,"{'display_name': 'Herzogenaurach, Erlangen-Höchstadt (Kreis)', 'area': ['Deutschland', 'Bayern', 'Erlangen-Höchstadt (Kreis)', 'Herzogenaurach'], '__CLASS__': 'Adzuna::API::Response::Location'}","{'display_name': 'Schaeffler Technologies AG&Co. KG', '__CLASS__': 'Adzuna::API::Response::Company'}",https://www.adzuna.de/land/ad/5799243414?se=8sPL5b2q8RGO9_HyZZVOKQ&utm_medium=api&utm_source=a4bcf954&v=31FD5B2497C9352AD9EC7826D671B164F8108EE9,5799243414,2026-07-14T01:36:59Z,49.56892,Duales Studium (DHBW) - Data Science und künstliche Intelligenz (d/m/w) 2027,"{'tag': 'part-time-jobs', 'label': 'Teilzeitstellen', '__CLASS__': 'Adzuna::API::Response::Category'}",0,,,,
"Das kannst Du von uns erwarten: Technik und Wirtschaft gehören für Dich zusammen? Du begeisterst Dich für Informationstechnologien ebenso wie fürökonomische Zusammenhänge und möchtest Theorie direkt in der Praxis anwenden? Dann ist das Duale Studium Wirtschaftsinformatik mit Schwerpunkt Data Science– in Kooperation mit der Dualen Hochschule Baden-Württemberg (DHBW) in Stuttgart– genau das Richtige für Dich. Kennenlernen innovativer IT-Systeme, moderner Datenanalyseverfahren sowie deren Einsatz …",eyJhbGciOiJIUzI1NiJ9.eyJpIjoiNTc2NzMyODk1MyIsInMiOiI4c1BMNWIycThSR085X0h5WlpWT0tRIn0.6EVdyfmF8ShIDlMk6JJ56hhxj-bA4HsOTy-pQnc9p_s,9.37738,Adzuna::API::Response::Job,"{'__CLASS__': 'Adzuna::API::Response::Location', 'area': ['Deutschland', 'Baden-Württemberg', 'Esslingen (Kreis)', 'Wendlingen am Neckar'], 'display_name': 'Wendlingen am Neckar, Esslingen (Kreis)'}","{'display_name': 'Festool Group', '__CLASS__': 'Adzuna::API::Response::Company'}",https://www.adzuna.de/land/ad/5767328953?se=8sPL5b2q8RGO9_HyZZVOKQ&utm_medium=api&utm_source=a4bcf954&v=958EB314919057C73F9E1CF6996FB866EE6E6089,5767328953,2026-06-18T01:08:56Z,48.67129,Duales Studium - Wirtschaftsinformatik Data Science (B. Sc. m/w/d) 2027,"{'label': 'Teilzeitstellen', 'tag': 'part-time-jobs', '__CLASS__': 'Adzuna::API::Response::Category'}",0,,,,
"Professur für Statistik und Data Science in der Amtlichen Statistik An der Fakultät für Mathematik, Informatik und Statistik der Ludwig-Maximilians-Universität München (LMU) und am Statistischen Bundesamt (StBA) ist im Rahmen einer gemeinsamen Berufung zum nächstmöglichen Zeitpunkt eine Professur für Statistik und Data Science in der Amtlichen Statistik gemäß Art. 67 Abs. 3 Bayerisches Hochschulinnovationsgesetz (Thüringer Modell) zu besetzen. Die Professur ist verbunden mit der Leitung einer O…",eyJhbGciOiJIUzI1NiJ9.eyJpIjoiNTg2OTU1NTYzMSIsInMiOiI4c1BMNWIycThSR085X0h5WlpWT0tRIn0.8jExbaE-Vx-Ku1dQWnF2j_fPWGvaAdzmrsbTId47T5A,11.555737,Adzuna::API::Response::Job,"{'__CLASS__': 'Adzuna::API::Response::Location', 'area': ['Deutschland', 'Bayern', 'München (Kreis)', 'München'], 'display_name': 'München, München (Kreis)'}","{'__CLASS__': 'Adzuna::API::Response::Company', 'display_name': 'Ludwig-Maximilians-Universität München'}",https://www.adzuna.de/land/ad/5869555631?se=8sPL5b2q8RGO9_HyZZVOKQ&utm_medium=api&utm_source=a4bcf954&v=E78F25C974130A4E4C30EFC7428159D4E907D93B,5869555631,2026-09-03T22:56:31Z,48.137418,Professur für Statistik und Data Science in der Amtlichen Statistik (Thüringer Modell) verbunden mit der Leitung einer Organisationseinheit (ab Referatsleitung aufwärts) am Statistischen Bundesamt,"{'tag': 'unknown', 'label': 'Unknown', '__CLASS__': 'Adzuna::API::Response::Category'}",0,,,,
"Deine Aufgaben: Studierenden der Komm.ONE werden fundierte Kenntnisse im Bereich der Betriebswirtschaftslehre und Informatik vermittelt. Beispiele für die vielfältigen Einsatzgebiete von Wirtschaftsinformatikern sind die Entwicklung moderner Informationssysteme, die Optimierung komplexer Geschäftsprozesse oder die Leitung interner oder externer Projekte. Um die Komm.ONE kennen zu lernen und erste Kontakte zu knüpfen, beginnst du bei uns im Betrieb mit einem Vorpraktikum bereits zum 1. September…",eyJhbGciOiJIUzI1NiJ9.eyJzIjoiOHNQTDViMnE4UkdPOV9IeVpaVk9LUSIsImkiOiI1ODEzODY0MzUwIn0.TPqPXADnfKWJF439gRE5Kf7MfY1yPbZBObZE5VoD6_0,7.816286,Adzuna::API::Response::Job,"{'display_name': 'Freiburg im Breisgau, Baden-Württemberg', '__CLASS__': 'Adzuna::API::Response::Location', 'area': ['Deutschland', 'Baden-Württemberg', 'Freiburg im Breisgau']}","{'display_name': 'Komm.ONE AöR', '__CLASS__': 'Adzuna::API::Response::Company'}",https://www.adzuna.de/land/ad/5813864350?se=8sPL5b2q8RGO9_HyZZVOKQ&utm_medium=api&utm_source=a4bcf954&v=3E53C66DF757775099A42CF46B6C4A01BF6C1B85,5813864350,2026-07-24T15:12:04Z,47.999458,Duales Studium Data Science und Künstliche Intelligenz (B.Sc.) (m/w/d),"{'__CLASS__': 'Adzuna::API::Response::Category', 'label': 'Teilzeitstellen', 'tag': 'part-time-jobs'}",0,,,,
"Gestalte die Zukunft mit KI – Starte dein Duales Studium im Bereich Data Science & Künstlicher Intelligenz ! Du möchtest mit smarten Lösungen die Welt der Banken-IT revolutionieren? Bei uns lernst du, wie du innovative Data-Science- und KI-Lösungen entwickelst, die unseren Kunden das Leben erleichtern. Gemeinsam gestalten wir die digitale Transformation – nach dem Motto: „Wir machen das Leben leichter mit KI.“ Deine Aufgaben: Entwickle KI-Lösungen: Du unterstützt bei der Entwicklung maßgeschnei…",eyJhbGciOiJIUzI1NiJ9.eyJpIjoiNTgyOTAyNTg5NCIsInMiOiI4c1BMNWIycThSR085X0h5WlpWT0tRIn0.T-O01snyK4n5ZrRO511nYBzGVyTdkDyBjFWSlQ2J7ic,8.412378,Adzuna::API::Response::Job,"{'__CLASS__': 'Adzuna::API::Response::Location', 'area': ['Deutschland', 'Baden-Württemberg', 'Karlsruhe (Kreis)', 'Karlsruhe'], 'display_name': 'Karlsruhe, Karlsruhe (Kreis)'}","{'display_name': 'Atruvia AG', '__CLASS__': 'Adzuna::API::Response::Company'}",https://www.adzuna.de/details/5829025894?utm_medium=api&utm_source=a4bcf954,5829025894,2026-08-05T13:00:36Z,49.001249,"Duales Studium Data Science & Künstliche Intelligenz B.Sc. (m/w/d), Karlsruhe 2027","{'__CLASS__': 'Adzuna::API::Response::Category', 'label': 'Unknown', 'tag': 'unknown'}",0,,,,
"Duales Bachelorstudium Data Science in Technik und Wirtschaft (B.Eng.) - Erlangen/Forchheim Dein Berufsbild: Du magst Mathe und möchtest später etwas mit Daten machen? Dich faszinieren datengestützte Tools, wie ChatGPT, und du kennst deren große Chance für die Zukunft? Dann bewirb dich für das duale Studium B.Eng. Data Science in Technik und Wirtschaft und entdecke mit uns, wie wir die Welt der Medizintechnik durch datenbasierte Entscheidungen verändern können. Daten sind eines der Fundamente, …",eyJhbGciOiJIUzI1NiJ9.eyJzIjoiOHNQTDViMnE4UkdPOV9IeVpaVk9LUSIsImkiOiI1ODI5MDE3NTI2In0.CYc7wDwMyGLUZbNeKi47klYIRCs3SaOewj4ymAHQogg,10.984506,Adzuna::API::Response::Job,"{'display_name': 'Erlangen, Bayern', '__CLASS__': 'Adzuna::API::Response::Location', 'area': ['Deutschland', 'Bayern', 'Erlangen']}","{'display_name': 'Siemens Healthineers AG', '__CLASS__': 'Adzuna::API::Response::Company'}",https://www.adzuna.de/details/5829017526?utm_medium=api&utm_source=a4bcf954,5829017526,2026-08-05T12:58:56Z,49.577521,Duales Studium: Data Science in Technik und Wirtschaft (B.Eng.) (w/m/d) - Erlangen/Forchheim,"{'label': 'Unknown', 'tag': 'unknown', '__CLASS__': 'Adzuna::API::Response::Category'}",0,,,,
"Die Stelle Bewirb Dich jetzt für den Start im September 2027! Du findest Informatik in Kombination mit Künstlicher Intelligenz spannend und interessierst Dich für Machine Learning. Du interessierst Dich für Datenmengen - Verarbeitung und Entwicklung von Verfahren der Künstlichen Intelligenz? Dann sind diese guten Voraussetzungen für ein Duales Studium in Data Science und Künstliche Intelligenz. Bei uns hast Du die Möglichkeit dein Wissen, das Du an der Dualen Hochschule Ravensburg / Friedrichsh…",eyJhbGciOiJIUzI1NiJ9.eyJpIjoiNTc4NDY3NTA5MCIsInMiOiI4c1BMNWIycThSR085X0h5WlpWT0tRIn0.we1ElAqU2iiR4d7Ms_waqtUXaS2ZaA_mHeYhD5TkkZk,9.78975,Adzuna::API::Response::Job,"{'__CLASS__': 'Adzuna::API::Response::Location', 'area': ['Deutschland', 'Baden-Württemberg', 'Biberach (Kreis)', 'Biberach an der Riß'], 'display_name': 'Biberach an der Riß, Biberach (Kreis)'}","{'__CLASS__': 'Adzuna::API::Response::Company', 'display_name': 'Boehringer Ingelheim GmbH'}",https://www.adzuna.de/land/ad/5784675090?se=8sPL5b2q8RGO9_HyZZVOKQ&utm_medium=api&utm_source=a4bcf954&v=450D2BCC4626B0EC1851F28D464EBE05AD5E83AE,5784675090,2026-07-02T02:48:54Z,48.0962,Duales Studium B. Sc. Data Science und Künstliche Intelligenz in Biberach 2027,"{'__CLASS__': 'Adzuna::API::Response::Category', 'tag': 'unknown', 'label': 'Unknown'}",0,,,,
"Wir sind eines der größten Impfstoffunternehmen der Welt und produzieren Impfstoffe, die Menschen in allen Lebensphasen schützen. In unserer Forschung und Entwicklung konzentrieren wir uns auf die Entwicklung von Impfstoffen gegen Infektionskrankheiten, die einen hohen medizinischen Bedarf und ein großes Marktpotenzial aufweisen. Unser Impfstoffgeschäft verfügt über ein Portfolio von mehr als 20 Impfstoffen, die Menschen ein Leben lang vor einer Menge von Krankheiten schützen. Wir liefern diese…",eyJhbGciOiJIUzI1NiJ9.eyJpIjoiNTc4NDY3NTA5OSIsInMiOiI4c1BMNWIycThSR085X0h5WlpWT0tRIn0.VtvomJUOFUjUdxay0qsOv1YgTaTj1aHc5MhdEjnkqDM,8.78967,Adzuna::API::Response::Job,"{'display_name': 'Marburg, Marburg-Biedenkopf (Kreis)', 'area': ['Deutschland', 'Hessen', 'Marburg-Biedenkopf (Kreis)', 'Marburg'], '__CLASS__': 'Adzuna::API::Response::Location'}",{'__CLASS__': 'Adzuna::API::Response::Company'},https://www.adzuna.de/land/ad/5784675099?se=8sPL5b2q8RGO9_HyZZVOKQ&utm_medium=api&utm_source=a4bcf954&v=1AF97F120ABF8664350883073611AA84346F3350,5784675099,2026-07-02T02:48:54Z,50.804953,Duales Studium 2027 - Softwaretechnologie - FR Data Science (m/f/d),"{'__CLASS__': 'Adzuna::API::Response::Category', 'tag': 'unknown', 'label': 'Unknown'}",0,,,,
"Die VBL mit Sitz in Karlsruhe ist Deutschlands größte Zusatzversorgungseinrichtung für Beschäftigte des öffentlichen Dienstes und betreut circa 5,4 Mio. Versicherte und circa 1,5 Mio. Rentenberechtigte. Sie begeistern sich für Daten, digitale Technologien und intelligente Systeme? Dann verbinden Sie Theorie und Praxis in einem zukunftsweisenden dualen Studium bei der VBL. Ab sofort suchen wir einen Studierenden für 2027. Duales Studium (B.Sc.) – Data Science und Künstliche Intelligenz (m/w/d) O…",eyJhbGciOiJIUzI1NiJ9.eyJpIjoiNTg2NDc1NDgwMSIsInMiOiI4c1BMNWIycThSR085X0h5WlpWT0tRIn0.gGxh7iSqdxtgfC9SnuzvlHqs3O9iuaOpbk43lsA2a8Q,,Adzuna::API::Response::Job,"{'display_name': 'Deutschland', '__CLASS__': 'Adzuna::API::Response::Location', 'area': ['Deutschland']}","{'__CLASS__': 'Adzuna::API::Response::Company', 'display_name': 'VBL. Versorgungsanstalt des Bundes und der Länder'}",https://www.adzuna.de/land/ad/5864754801?se=8sPL5b2q8RGO9_HyZZVOKQ&utm_medium=api&utm_source=a4bcf954&v=F81680029750FEAB7F3AEC4B0788E1F660048935,5864754801,2026-09-01T16:52:21Z,,Duales Studium (B.Sc.) – Data Science und Künstliche Intelligenz (m/w/d),"{'tag': 'admin-jobs', 'label': 'Verwaltungsstellen', '__CLASS__': 'Adzuna::API::Response::Category'}",0,,,,
"Die Universität Passau genießt durch exzellente Forschung, innovative Lehre und ein dichtes internationales Netzwerk hohe Sichtbarkeit und Ansehen. Rund 11.000 Studierende und Promovierende und über 1.300 Beschäftigte lernen und arbeiten nahe der Altstadt auf einem Campus, der modernste technische Infrastruktur mit einer preisgekrönten städtebaulichen Anlage vereint. International erfolgreiche High-Tech-Firmen und eine lebhafte Gründerszene, gepaart mit reicher Kultur und niederbayerischer Trad…",eyJhbGciOiJIUzI1NiJ9.eyJpIjoiNTg3MjY4NDEwOSIsInMiOiI4c1BMNWIycThSR085X0h5WlpWT0tRIn0.ZwNNjmh94PnWOiFxD-aKEcQYI-F8H3mPi3U8x45tg9I,,Adzuna::API::Response::Job,"{'display_name': 'Deutschland', 'area': ['Deutschland'], '__CLASS__': 'Adzuna::API::Response::Location'}","{'display_name': 'Universität Passau', '__CLASS__': 'Adzuna::API::Response::Company'}",https://www.adzuna.de/land/ad/5872684109?se=8sPL5b2q8RGO9_HyZZVOKQ&utm_medium=api&utm_source=a4bcf954&v=4A8B025F688CFE4ECCA2E8CFD783833BA0A31913,5872684109,2026-09-06T05:27:43Z,,Gesucht: Lehrstuhl für Medical Data Science (W 3),"{'tag': 'unknown', 'label': 'Unknown', '__CLASS__': 'Adzuna::API::Response::Category'}",0,,,,
"Eine gute Idee war der Ursprung, ein erfolgreiches Konzept ist das Ergebnis. Qualität zum guten Preis möglichst vielen Menschen anbieten zu können treibt uns an - mittlerweile weltweit, denn wir sind Lidl. Hier ist das berufliche Zuhause vielfältiger Talente. Ob im Einkauf, in der Logistik, im Warengeschäft oder in der IT; ob als Impulsgeber, Gestalter oder Dienstleister der Länder. Wir suchen Anpacker, Durchstarter, Möglichmacher und bieten spannende Aufgaben und Projekte in einem dynamischen …",eyJhbGciOiJIUzI1NiJ9.eyJzIjoiOHNQTDViMnE4UkdPOV9IeVpaVk9LUSIsImkiOiI1ODcxNDEzMjM5In0.iGchV24poF5clbWcw__UbI7s75rb90F6twvgAamHBW8,,Adzuna::API::Response::Job,"{'display_name': 'Deutschland', 'area': ['Deutschland'], '__CLASS__': 'Adzuna::API::Response::Location'}","{'__CLASS__': 'Adzuna::API::Response::Company', 'display_name': 'Lidl Stiftung & Co. KG'}",https://www.adzuna.de/land/ad/5871413239?se=8sPL5b2q8RGO9_HyZZVOKQ&utm_medium=api&utm_source=a4bcf954&v=FFEB24F014F5E4FCC2F082B79926EC6B85743557,5871413239,2026-09-05T05:56:23Z,,Duales Studium Wirtschaftsinformatik - Data Science 2027,"{'label': 'IT-Stellen', 'tag': 'it-jobs', '__CLASS__': 'Adzuna::API::Response::Category'}",0,,,,
"Wir alle haben als Kinder davon geträumt, Großes zu bewirken– ob als gute Feen, Stars im Rampenlicht oder Weltraumreisende im All. Höchste Zeit, dass diese Träume wahr werden! Dein Traumschiff? Die BayernLB! Bei uns steuern wir einer blühenden Zukunft entgegen und kämpfen als Fortschrittsfinanzierer für die Welt von morgen. Unsere Feenflügel und Raumanzüge haben wir abgelegt. Nicht aber unsere Ziele. Denen sind wir näher denn je. Als Spezialbank fokussieren wir uns auf ausgesuchte Zukunftssekto…",eyJhbGciOiJIUzI1NiJ9.eyJpIjoiNTgwOTY2Mzk3NSIsInMiOiI4c1BMNWIycThSR085X0h5WlpWT0tRIn0.YoYwr8g3N5r1xVHR4jss7Wmi6uRr_mo9ejhPKmJgxas,11.56907,Adzuna::API::Response::Job,"{'area': ['Deutschland', 'Bayern', 'München (Kreis)', 'München', 'Altstadt-Lehel'], '__CLASS__': 'Adzuna::API::Response::Location', 'display_name': 'Altstadt-Lehel, München'}","{'__CLASS__': 'Adzuna::API::Response::Company', 'display_name': 'Bayerische Landesbank '}",https://www.adzuna.de/details/5809663975?utm_medium=api&utm_source=a4bcf954,5809663975,2026-07-21T22:51:09Z,48.14093,Hochschule München: Duales Studium Data Science und Scientific Computing (B.Sc.) 2027,"{'label': 'Teilzeitstellen', 'tag': 'part-time-jobs', '__CLASS__': 'Adzuna::API::Response::Category'}",0,,,,
"Deine Aufgaben: Studierenden der Komm.ONE werden fundierte Kenntnisse im Bereich der Betriebswirtschaftslehre und Informatik vermittelt. Beispiele für die vielfältigen Einsatzgebiete von Wirtschaftsinformatikern sind die Entwicklung moderner Informationssysteme, die Optimierung komplexer Geschäftsprozesse oder die Leitung interner oder externer Projekte. Um die Komm.ONE kennen zu lernen und erste Kontakte zu knüpfen, beginnst du bei uns im Betrieb mit einem Vorpraktikum bereits zum 1. September…",eyJhbGciOiJIUzI1NiJ9.eyJpIjoiNTgxNDMwMjg4NyIsInMiOiI4c1BMNWIycThSR085X0h5WlpWT0tRIn0.NrHMRw99Y9A_GvlyDrydJrF1Knb3dMJkdFRKxNdSb14,7.82367,Adzuna::API::Response::Job,"{'__CLASS__': 'Adzuna::API::Response::Location', 'area': ['Deutschland', 'Baden-Württemberg', 'Freiburg im Breisgau', 'Betzenhausen'], 'display_name': 'Betzenhausen, Freiburg im Breisgau'}","{'display_name': 'Komm.ONE AöR', '__CLASS__': 'Adzuna::API::Response::Company'}",https://www.adzuna.de/details/5814302887?utm_medium=api&utm_source=a4bcf954,5814302887,2026-07-24T23:09:30Z,48.01513,Duales Studium Data Science und Künstliche Intelligenz (B.Sc.) (m/w/d),"{'__CLASS__': 'Adzuna::API::Response::Category', 'label': 'Teilzeitstellen', 'tag': 'part-time-jobs'}",0,,,,
"Die Universität Passau genießt durch exzellente Forschung, innovative Lehre und ein dichtes internationales Netzwerk hohe Sichtbarkeit und Ansehen. Rund 11.000 Studierende und Promovierende und über 1.300 Beschäftigte lernen und arbeiten nahe der Altstadt auf einem Campus, der modernste technische Infrastruktur mit einer preisgekrönten städtebaulichen Anlage vereint. International erfolgreiche High-Tech-Firmen und eine lebhafte Gründerszene, gepaart mit reicher Kultur und niederbayerischer Trad…",eyJhbGciOiJIUzI1NiJ9.eyJpIjoiNTg3MjE1NzY5NSIsInMiOiI4c1BMNWIycThSR085X0h5WlpWT0tRIn0.dRZYdiWukZnan37OwzHaSuJKwKCRy8mbDo-oRlrNg4Q,,Adzuna::API::Response::Job,"{'area': ['Deutschland'], '__CLASS__': 'Adzuna::API::Response::Location', 'display_name': 'Deutschland'}","{'__CLASS__': 'Adzuna::API::Response::Company', 'display_name': 'Universität Passau'}",https://www.adzuna.de/land/ad/5872157695?se=8sPL5b2q8RGO9_HyZZVOKQ&utm_medium=api&utm_source=a4bcf954&v=655FCA78601C18BAFF36AE505DC7EAD8A0DB133A,5872157695,2026-09-05T18:22:03Z,,Lehrstuhl für Medical Data Science (W 3),"{'__CLASS__': 'Adzuna::API::Response::Category', 'tag': 'it-jobs', 'label': 'IT-Stellen'}",0,,,,
"Bei PwC Deutschland arbeiten wir daran, entscheidende Herausforderungen zu lösen, nachhaltige Ergebnisse zu schaffen und das Vertrauen in die Wirtschaft und Gesellschaft auszubauen. Als Teil unserer Business Services Teams bist du der Treiber hinter unserem Versprechen: human-led und tech-powered. Unsere entscheidenden Bereiche sind Frontend- und Backend-Entwicklung, Datenanalyse, künstliche Intelligenz und die Entwicklung digitaler Lösungen zur Prozessoptimierung für interne und externe Anwend…",eyJhbGciOiJIUzI1NiJ9.eyJzIjoiOHNQTDViMnE4UkdPOV9IeVpaVk9LUSIsImkiOiI1ODYwMzAzMzcwIn0.xnXMD8pfZ_dj39xX1OvtJ5k9XJ8BAO0zk42bTfAR4-Q,6.808387,Adzuna::API::Response::Job,"{'display_name': 'Düsseldorf, Nordrhein-Westfalen', 'area': ['Deutschland', 'Nordrhein-Westfalen', 'Düsseldorf'], '__CLASS__': 'Adzuna::API::Response::Location'}","{'display_name': 'PwC', '__CLASS__': 'Adzuna::API::Response::Company'}",https://www.adzuna.de/land/ad/5860303370?se=8sPL5b2q8RGO9_HyZZVOKQ&utm_medium=api&utm_source=a4bcf954&v=069644C8DF01974C76C40DEBEF12C64B38611290,5860303370,2026-08-29T00:58:12Z,51.226802,Duales Studium Data Science & Künstliche Intelligenz (B.S.) 2027,"{'label': 'Stellen für Hochschulabsolventen', 'tag': 'graduate-jobs', '__CLASS__': 'Adzuna::API::Response::Category'}",0,,,,
"Besser digital. Der Bereich Digital Commerce steht für ein vernetztes BAUHAUS der Zukunft durch Digitalisierung. Dabei haben wir immer unsere Kund:innen im Fokus und als Ziel, das perfekte digitale Einkaufserlebnis zu schaffen. Eine agile Arbeitsumgebung, innovative Lösungen und engagierte Mitarbeiter:innen sind der starke Motor dahinter - und der beste Beweis dafür ist der Erfolg: Mit über 290 Fachcentren in 19 Ländern sowie einem der 50 größten Online-Shops in Deutschland gehört BAUHAUS zu de…",eyJhbGciOiJIUzI1NiJ9.eyJpIjoiNTg2MDkzMDI0MiIsInMiOiJwcGZ5NXIycThSR2sxWU5JN3Y5T1VRIn0.PnOjjeiPbohRGUfcB8sE9zUwTXRpv1Pz0df1t4cS_2s,8.491505,Adzuna::API::Response::Job,"{'__CLASS__': 'Adzuna::API::Response::Location', 'area': ['Deutschland', 'Baden-Württemberg', 'Mannheim'], 'display_name': 'Mannheim, Baden-Württemberg'}","{'__CLASS__': 'Adzuna::API::Response::Company', 'display_name': 'BAUHAUS'}",https://www.adzuna.de/details/5860930242?utm_medium=api&utm_source=a4bcf954,5860930242,2026-08-29T11:25:40Z,49.496025,Tech Lead Project Enablement (m/w/d),"{'label': 'Unknown', '__CLASS__': 'Adzuna::API::Response::Category', 'tag': 'unknown'}",0,,,,
"Meyerthole Siems Kohlruss (MSK) ist eine aktuarielle Beratungsgesellschaft mit Sitz in Köln und seit 1998 im deutschsprachigen Raum für Schaden- und Unfallversicherer tätig. Unsere Schwerpunkte liegen auf abwechslungsreichen Aufgaben aus den Bereichen Data Science, Telematik, Pricing, Naturgefahren, Bilanzbewertung, Rückversicherung und Solvency II. Zu unseren Mandaten zählen mehr als 80 Versicherer und Rückversicherer sowie InsurTechs. Kreativität und Teamarbeit haben einen hohen Stellenwert b…",eyJhbGciOiJIUzI1NiJ9.eyJpIjoiNTc3NTAxMTcyMyIsInMiOiJwcGZ5NXIycThSR2sxWU5JN3Y5T1VRIn0.xyXvbqBo00rDV7zdJR4olphZ5Eia4MVFUAXUe3DbKVI,6.969972,Adzuna::API::Response::Job,"{'area': ['Deutschland', 'Nordrhein-Westfalen', 'Köln'], 'display_name': 'Köln, Nordrhein-Westfalen', '__CLASS__': 'Adzuna::API::Response::Location'}","{'display_name': 'Meyerthole Siems Kohlruss Ges. für aktuarielle Beratung mbH', '__CLASS__': 'Adzuna::API::Response::Company'}",https://www.adzuna.de/details/5775011723?utm_medium=api&utm_source=a4bcf954,5775011723,2026-06-24T18:37:00Z,50.940164,Werkstudent oder Praktikant (d/m/w) Versicherungsmathematik,"{'tag': 'unknown', '__CLASS__': 'Adzuna::API::Response::Category', 'label': 'Unknown'}",0,,,,
"Life is always about becoming… Im Leben geht es darum, sich auf eine Reise zu begeben, um die beste Version unseres zukünftigen Selbst zu werden. Während wir Neues entdecken, stellen wir uns Herausforderungen, meistern sie und wachsen über uns hinaus. Bewerben Sie sich bei Mercedes-Benz und finden Sie den Aufgabenbereich, in dem Sie Ihre Talente individuell entfalten können. Dabei werden Sie von visionären Kolleginnen und Kollegen unterstützt, die Ihren Pioniergeist teilen. Bei uns einzusteigen…",eyJhbGciOiJIUzI1NiJ9.eyJpIjoiNTgxMDc4ODIxNSIsInMiOiJwcGZ5NXIycThSR2sxWU5JN3Y5T1VRIn0.XLXlIw-kRBgcu0qPahDTQiPXwVlfVrn9b5z0EfBHxo0,,Adzuna::API::Response::Job,"{'__CLASS__': 'Adzuna::API::Response::Location', 'area': ['Deutschland'], 'display_name': 'Deutschland'}","{'__CLASS__': 'Adzuna::API::Response::Company', 'display_name': 'Mercedes-Benz Tech Innovation'}",https://www.adzuna.de/land/ad/5810788215?se=ppfy5r2q8RGk1YNI7v9OUQ&utm_medium=api&utm_source=a4bcf954&v=923B0DEB2CB05ABFEAC7F92623C398E78BCD244E,5810788215,2026-07-22T12:38:04Z,,Duales Studium Informatik Schwerpunkt Data Science / Künstliche Intelligenz in Kooperation mit der Dualen Hochschule Baden-Württemberg 2027 (m/w/d/x),"{'__CLASS__': 'Adzuna::API::Response::Category', 'label': 'Stellen für Hochschulabsolventen', 'tag': 'graduate-jobs'}",0,,,,
"Gestalte die Zukunft mit KI– Starte dein Duales Studium im Bereich Data Science&Künstlicher Intelligenz! Du möchtest mit Daten arbeiten, smarte Lösungen entwickeln und herausfinden, wie KI den Alltag von Millionen Menschen erleichtern kann? Im dualen Studium Data Science&Künstliche Intelligenz bei Atruvia verbindest du Theorie und Praxis in einem der spannendsten IT-Bereicheüberhaupt. Deine Aufgaben: Entwickle KI-Lösungen: Du unterstützt bei der Entwicklung von Data-Science- und KI-Lösungen– vo…",eyJhbGciOiJIUzI1NiJ9.eyJpIjoiNTc5MzQ5NDI4MiIsInMiOiJwcGZ5NXIycThSR2sxWU5JN3Y5T1VRIn0.YZ67mgjpJ6N_-ibzOPPA2fcFTUaTY7qz9bXRSj5nLns,8.412378,Adzuna::API::Response::Job,"{'__CLASS__': 'Adzuna::API::Response::Location', 'area': ['Deutschland', 'Baden-Württemberg', 'Karlsruhe (Kreis)', 'Karlsruhe'], 'display_name': 'Karlsruhe, Karlsruhe (Kreis)'}","{'__CLASS__': 'Adzuna::API::Response::Company', 'display_name': 'Atruvia AG'}",https://www.adzuna.de/land/ad/5793494282?se=ppfy5r2q8RGk1YNI7v9OUQ&utm_medium=api&utm_source=a4bcf954&v=55D0F7DC6645ECDA1D2B9247D973D80AD7DF0682,5793494282,2026-07-09T02:54:13Z,49.001249,"Duales Studium Data Science&Künstliche Intelligenz B.Sc. (m/w/d), Karlsruhe 2027","{'tag': 'part-time-jobs', '__CLASS__': 'Adzuna::API::Response::Category', 'label': 'Teilzeitstellen'}",0,,,,
"Starte mit Viessmann Climate Solutions in dein dualesstudium. Du studierst in Mannheim und arbeitest zum Großteil in unserem EU-Headquarter in Allendorf (Eder). Während des Dualen Studiums im Studiengang Data Science und Künstliche Intelligenz analysierst und interpretierst du große Datenmengen, um daraus wertvolles Wissen zu gewinnen. Du entwickelst intelligente, KI-basierte Anwendungen und optimierst damit Prozesse. Diese Kompetenzen machen dich zu einer gefragten Expertin oder einem gefragte…",eyJhbGciOiJIUzI1NiJ9.eyJzIjoicHBmeTVyMnE4UkdrMVlOSTd2OU9VUSIsImkiOiI1ODA5NzE2MjIyIn0.lE3Qh6CJr9NIh_6_2UtEhjYvZTW1Jw9NRXDXitmrt5Q,8.67311,Adzuna::API::Response::Job,"{'area': ['Deutschland', 'Hessen', 'Waldeck-Frankenberg (Kreis)', 'Battenberg (Eder)'], 'display_name': 'Battenberg (Eder), Waldeck-Frankenberg (Kreis)', '__CLASS__': 'Adzuna::API::Response::Location'}","{'__CLASS__': 'Adzuna::API::Response::Company', 'display_name': 'Viessmann Climate Solutions'}",https://www.adzuna.de/details/5809716222?utm_medium=api&utm_source=a4bcf954,5809716222,2026-07-21T22:59:22Z,51.02637,Duales Studium Data Science und Künstliche Inteligenzen B.Sc. 2027 (m/w/d),"{'__CLASS__': 'Adzuna::API::Response::Category', 'label': 'Teilzeitstellen', 'tag': 'part-time-jobs'}",0,,,,
Deine Aufga ben Als Bachelor of Science Wirtschaftsinformatik - Künstliche Intelligenz&Data Science (m/w/d) lernst du bei uns verschiedene Themengebiete kennen: Du analysierst Unternehmensdaten zielsicher und bereitest diese auf. Du sorgst für Datentransparenz im Unternehmen. Du arbeitest in Business Intelligence Projekten. Du setzt unsere Datenstrategie im Team um. Ausbildungsort: Paderborn Ausbildungsdauer: 6 Semester Partnerhochschule: Fachhochschule der Wirtschaft Fürstenallee 5 33102 Pader…,eyJhbGciOiJIUzI1NiJ9.eyJzIjoicHBmeTVyMnE4UkdrMVlOSTd2OU9VUSIsImkiOiI1NzUwMzk2NjIwIn0.cEHR4XQH6_mh6QQyWx4kpXYsZN66clo5uw4kX1a64xo,8.753842,Adzuna::API::Response::Job,"{'area': ['Deutschland', 'Nordrhein-Westfalen', 'Paderborn (Kreis)', 'Paderborn'], 'display_name': 'Paderborn, Paderborn (Kreis)', '__CLASS__': 'Adzuna::API::Response::Location'}","{'display_name': 'Westfalen Weser Netz GmbH', '__CLASS__': 'Adzuna::API::Response::Company'}",https://www.adzuna.de/land/ad/5750396620?se=ppfy5r2q8RGk1YNI7v9OUQ&utm_medium=api&utm_source=a4bcf954&v=D056E22E56F35755F5E799EB89C67A14F64D0834,5750396620,2026-06-03T11:42:34Z,51.737096,Duales Studium Bachelor of Science Wirtschaftsinformatik - KI&Data Science (m/w/d) 2026,"{'tag': 'part-time-jobs', 'label': 'Teilzeitstellen', '__CLASS__': 'Adzuna::API::Response::Category'}",0,,,,
"WeAreIn to create tiny chips and big careers. Theorie allein reicht Dir nicht? Im Dualen Studium bei Infineon verbindest Du Theorie und Praxis. Du arbeitest an echten Projekten, lernst von Expert*innen und machst aus Deiner Leidenschaft eine Karriere mit Sinn. Are you in? Deine Rolle Haupttätigkeiten Praxis: Während Deines Studiums mit Start zum 01.09.2027 lernst Du praxisnah am Standort Regensburg Theorie: Den theoretischen Input erhältst Du an der der Ostbayerischen Technischen Hochschule Reg…",eyJhbGciOiJIUzI1NiJ9.eyJzIjoicHBmeTVyMnE4UkdrMVlOSTd2OU9VUSIsImkiOiI1ODExMTkzMTE3In0.-VPNffyrkijuypzGGEJUGbfJmtoqQhYJlsL8XpZIYZs,12.07704,Adzuna::API::Response::Job,"{'display_name': 'Großprüfening-Dechbetten-Königswiesen, Regensburg', 'area': ['Deutschland', 'Bayern', 'Regensburg (Kreis)', 'Regensburg', 'Großprüfening-Dechbetten-Königswiesen'], '__CLASS__': 'Adzuna::API::Response::Location'}","{'__CLASS__': 'Adzuna::API::Response::Company', 'display_name': 'Infineon Technologies AG'}",https://www.adzuna.de/details/5811193117?utm_medium=api&utm_source=a4bcf954,5811193117,2026-07-22T23:03:38Z,49.00784,Duales Studium - B. Sc. Künstliche Intelligenz / Data Science 2027 (w/m/d),"{'__CLASS__': 'Adzuna::API::Response::Category', 'label': 'Teilzeitstellen', 'tag': 'part-time-jobs'}",0,,,,
"Die Universität Passau genießt durch exzellente Forschung, innovative Lehre und ein dichtes internationales Netzwerk hohe Sichtbarkeit und Ansehen. Rund 11.000 Studierende und Promovierende und über 1.300 Beschäftigte lernen und arbeiten nahe der Altstadt auf einem Campus, der modernste technische Infrastruktur mit einer preisgekrönten städtebaulichen Anlage vereint. International erfolgreiche High-Tech-Firmen und eine lebhafte Gründerszene, gepaart mit reicher Kultur und niederbayerischer Trad…",eyJhbGciOiJIUzI1NiJ9.eyJzIjoicHBmeTVyMnE4UkdrMVlOSTd2OU9VUSIsImkiOiI1ODczMTQ5NTY2In0.fPZmHYvIa2y23X1THHkPKI-Yp1TSoTG3Ts5apDuhD-A,,Adzuna::API::Response::Job,"{'area': ['Deutschland'], 'display_name': 'Deutschland', '__CLASS__': 'Adzuna::API::Response::Location'}","{'__CLASS__': 'Adzuna::API::Response::Company', 'display_name': 'Universität Passau'}",https://www.adzuna.de/land/ad/5873149566?se=ppfy5r2q8RGk1YNI7v9OUQ&utm_medium=api&utm_source=a4bcf954&v=9E95CBFE086FA437E2D138DC89A482EBCF75482C,5873149566,2026-09-06T17:29:39Z,,Wir suchen: Lehrstuhl für Medical Data Science (W 3),"{'tag': 'unknown', 'label': 'Unknown', '__CLASS__': 'Adzuna::API::Response::Category'}",0,,,,
Job Description Wir sind der Digitalisierungspartner in der genossenschaftlichen FinanzGruppe und vereinen jahrzehntelanges Expertenwissen in Banking und Informationstechnologie. Die speziell auf Banken zugeschnittenen IT-Lösungen und Leistungen reichen vom Rechenzentrumsbetrieb über das Bankverfahren von Atruvia bis hin zur App-Entwicklung. Dabei nutzen wir zukunftsweisende Technologien wie Smart Data und schreiben Prozessoptimierung und Regulatorik groß. Bevor Sie sich für diese Stelle bewerb…,eyJhbGciOiJIUzI1NiJ9.eyJpIjoiNTg3MzY4NTY0NiIsInMiOiJwcGZ5NXIycThSR2sxWU5JN3Y5T1VRIn0.PvTo9Q4d6GyPdd4SARrxhLey_m0giD4omOXeWExhGLw,,Adzuna::API::Response::Job,"{'area': ['Deutschland'], 'display_name': 'Deutschland', '__CLASS__': 'Adzuna::API::Response::Location'}","{'__CLASS__': 'Adzuna::API::Response::Company', 'display_name': 'Atruvia AG'}",https://www.adzuna.de/land/ad/5873685646?se=ppfy5r2q8RGk1YNI7v9OUQ&utm_medium=api&utm_source=a4bcf954&v=F102CA2441D5D0D47288CBFC0882E08369B16AFF,5873685646,2026-09-07T05:40:42Z,,Duales Studium Data Science & Künstliche Intelligenz B.Sc.,"{'label': 'IT-Stellen', '__CLASS__': 'Adzuna::API::Response::Category', 'tag': 'it-jobs'}",0,,,,
"Job Description Erhöhen Sie Ihre Chancen auf ein Vorstellungsgespräch, indem Sie die vollständige Stellenbeschreibung lesen und sich umgehend bewerben. Die Liebherr-Werk Ehingen GmbH zählt zu den weltweit führenden Herstellern von Fahrzeugkranen. Das Programm umfasst Teleskop- und Gittermastkrane auf Mobil- und Raupenfahrwerken. Seit der Gründung wurde die Produktionsstätte und ihre Kapazität kontinuierlich erweitert. xvbsvpc Heute werden täglich sechs Fahrzeugkrane aus Ehingen in die ganze Wel…",eyJhbGciOiJIUzI1NiJ9.eyJpIjoiNTg3MzIxMDY0NSIsInMiOiJwcGZ5NXIycThSR2sxWU5JN3Y5T1VRIn0.vPZBgw5RPlRMjGf_L-6mSuxGXygDU6ye_khy0Q1Hp1Q,,Adzuna::API::Response::Job,"{'__CLASS__': 'Adzuna::API::Response::Location', 'display_name': 'Deutschland', 'area': ['Deutschland']}","{'__CLASS__': 'Adzuna::API::Response::Company', 'display_name': 'Liebherr-Werk Ehingen GmbH'}",https://www.adzuna.de/land/ad/5873210645?se=ppfy5r2q8RGk1YNI7v9OUQ&utm_medium=api&utm_source=a4bcf954&v=A56D147314898D454E26BF26616F3FEFCAAC7910,5873210645,2026-09-06T17:57:16Z,,DHBW Studium - Data Science und Künstliche Intelligenz (B.Sc.),"{'__CLASS__': 'Adzuna::API::Response::Category', 'label': 'IT-Stellen', 'tag': 'it-jobs'}",0,,,,
"Job Description DHBW-Studium Bachelor of Science – Wirt­schafts­informatik Data Science Prüfen Sie alle zugehörigen Bewerbungsunterlagen sorgfältig, bevor Sie auf die Schaltfläche ""Bewerben"" am Ende dieser Beschreibung klicken. Als starker Arbeitgeber und attrak­tives Aus­bildungs­unter­nehmen bieten wir viel­fältige und spannende Aus­bildungs- und Studien­plätze mit besten Über­nahme­chancen. Bereit für ein echt spannendes und abwechslungsreiches Studium? Wir machen dich fit für deine Zukunft …",eyJhbGciOiJIUzI1NiJ9.eyJpIjoiNTg3MzIxNDQ5NCIsInMiOiJwcGZ5NXIycThSR2sxWU5JN3Y5T1VRIn0.Rv7_G15LBhEbiE7OoMY-x2GBZHCl36vXu80x54CxUiQ,,Adzuna::API::Response::Job,"{'area': ['Deutschland'], 'display_name': 'Deutschland', '__CLASS__': 'Adzuna::API::Response::Location'}","{'display_name': 'WGV - Württembergische Gemeinde-Versicherung a.G.', '__CLASS__': 'Adzuna::API::Response::Company'}",https://www.adzuna.de/land/ad/5873214494?se=ppfy5r2q8RGk1YNI7v9OUQ&utm_medium=api&utm_source=a4bcf954&v=CA0B8D404906BB091813F8C7A5C5F4FAAAEDE5F0,5873214494,2026-09-06T17:58:40Z,,DHBW-Studium Bachelor of Science - Wirtschaftsinformatik Data Science,"{'tag': 'it-jobs', 'label': 'IT-Stellen', '__CLASS__': 'Adzuna::API::Response::Category'}",0,,,,
"Das ist dein Arbeitsumfeld: Bei DATEV arbeitest du nicht nur in einem Team, sondern bist von Anfang an Teil einer Gemeinschaft, die rund 200 Auszubildende und dual Studierende umfasst. Du bist in verschiedene Aufgaben eingebunden, die sowohl herausfordernd als auch abwechslungsreich sind. Gemeinsam sorgen wir für exzellente Kundenberatung und langfristige Geschäftsbeziehungen. Du arbeitest in einem dynamischen und innovativen Umfeld, das neuen Ideen und Weiterentwicklungen stets offen gegenüber…",eyJhbGciOiJIUzI1NiJ9.eyJpIjoiNTgyOTAxNjczNSIsInMiOiJwcGZ5NXIycThSR2sxWU5JN3Y5T1VRIn0.jXdlGbt9yg1kIzcMq_Wpg6CRs9XnJ5XsYVoCC0DAWNM,11.083642,Adzuna::API::Response::Job,"{'area': ['Deutschland', 'Bayern', 'Nürnberg'], 'display_name': 'Nürnberg, Bayern', '__CLASS__': 'Adzuna::API::Response::Location'}","{'display_name': 'DATEV eG', '__CLASS__': 'Adzuna::API::Response::Company'}",https://www.adzuna.de/details/5829016735?utm_medium=api&utm_source=a4bcf954,5829016735,2026-08-05T12:58:48Z,49.443967,"Duales Studium Bachelor of Science in Data Science und Künstlicher Intelligenz (m/w/d), ab 09/2027","{'tag': 'unknown', '__CLASS__': 'Adzuna::API::Response::Category', 'label': 'Unknown'}",0,,,,
"Management Solutions is an international consulting firm whose core mission is to deliver business, risk, financial, organisational and process-related advisory services, targeting both functional aspects and the implementation of related technologies. Nachfolgend finden Sie alles, was Sie über diese Stelle wissen müssen und was von den Bewerbern erwartet wird. We currently have a multidisciplinary team (functional, mathematical, technical and systems integration) of around 4,000 professionals.…",eyJhbGciOiJIUzI1NiJ9.eyJzIjoicHBmeTVyMnE4UkdrMVlOSTd2OU9VUSIsImkiOiI1ODcyMTQwNTI2In0.LtFbSTqy4kDvGTMT2vNmKefiltFdP0tHcEe7365M4eI,,Adzuna::API::Response::Job,"{'display_name': 'Deutschland', 'area': ['Deutschland'], '__CLASS__': 'Adzuna::API::Response::Location'}","{'display_name': 'Management Solutions', '__CLASS__': 'Adzuna::API::Response::Company'}",https://www.adzuna.de/land/ad/5872140526?se=ppfy5r2q8RGk1YNI7v9OUQ&utm_medium=api&utm_source=a4bcf954&v=74499FFFB16EDE800EC42E4562650D594AB5C5DB,5872140526,2026-09-05T18:07:57Z,,DATA SCIENCE CONSULTANT FRANKFURT/DÜSSELDORF,"{'label': 'IT-Stellen', '__CLASS__': 'Adzuna::API::Response::Category', 'tag': 'it-jobs'}",0,,,,
"Head of AI & Data Science: Tragen Sie dazu bei, Wunden zu heilen, Innovationen zu fördern und Wachstum zu gestalten! Schwer heilende Wunden sind eine enorme Belastung für Patienten, Angehörige und Behandelnde. Machen Sie durch Ihr gestalterisches Mitwirken einen signifikanten Unterschied. Wir entwickeln Produkte und Services, um Wunden bezahlbar zu heilen . klicken sie bewerben, für die volle Stellenbeschreibung",eyJhbGciOiJIUzI1NiJ9.eyJpIjoiNTg2ODIyNzEwNiIsInMiOiJwcGZ5NXIycThSR2sxWU5JN3Y5T1VRIn0.0Nn9jqPCGTOJCVFmEHaUCERWomkCiyMMst5Jq9TTtZ0,,Adzuna::API::Response::Job,"{'__CLASS__': 'Adzuna::API::Response::Location', 'display_name': 'Deutschland', 'area': ['Deutschland']}","{'__CLASS__': 'Adzuna::API::Response::Company', 'display_name': 'Dr. Ausbüttel GmbH & Co. KG'}",https://www.adzuna.de/land/ad/5868227106?se=ppfy5r2q8RGk1YNI7v9OUQ&utm_medium=api&utm_source=a4bcf954&v=089A72C3D9D14B6617CE9086EED32F603263218E,5868227106,2026-09-03T06:18:32Z,,Head Of Ai & Data Science (m/w/d),"{'label': 'Stellen aus Wissenschaft & Qualitätssicherung', '__CLASS__': 'Adzuna::API::Response::Category', 'tag': 'scientific-qa-jobs'}",0,,,,
DHBW-Studium Bachelor of Science – Wirtschaftsinformatik Data Science Als starker Arbeitgeber und attraktives Ausbildungsunternehmen bieten wir vielfältige und spannende Ausbildungs- und Studienplätze mit besten Übernahmechancen. Bereit für ein echt spannendes und abwechslungsreiches Studium? Wir machen dich fit für deine Zukunft in einer modernen Versicherung. Für den Studienstart am 01.09.2027 in Stuttgart suchen wir aufgeschlossene und motivierte Studierende. Original Stellenanzeige auf Step…,eyJhbGciOiJIUzI1NiJ9.eyJzIjoicHBmeTVyMnE4UkdrMVlOSTd2OU9VUSIsImkiOiI1ODcxMzQxNzkwIn0.lXHX9o_thuWe3-v8mg8qkhw1-Q4BLWkj2YI6XZMsx18,,Adzuna::API::Response::Job,"{'__CLASS__': 'Adzuna::API::Response::Location', 'area': ['Deutschland'], 'display_name': 'Deutschland'}","{'__CLASS__': 'Adzuna::API::Response::Company', 'display_name': 'WGV - Württembergische Gemeinde-Versicherung a.G.'}",https://www.adzuna.de/land/ad/5871341790?se=ppfy5r2q8RGk1YNI7v9OUQ&utm_medium=api&utm_source=a4bcf954&v=263D00EA52EA6C805DB0E845B2A4C2C0184DE6BD,5871341790,2026-09-05T05:06:48Z,,DHBW-Studium Bachelor of Science – Wirtschaftsinformatik Data Science,"{'tag': 'unknown', '__CLASS__': 'Adzuna::API::Response::Category', 'label': 'Unknown'}",0,,,,
"Willkommen bei der KfW! Als eine der führenden Förderbanken der Welt stehen wir für die nachhaltige Transformation von Umwelt, Gesellschaft und Unternehmen. Wir fördern Windparks, Infrastruktur-Projekte, Schulen und Krankenhäuser und gestalten damit die Zukunft. Und wir bauen auf die Menschen, die bei uns arbeiten! Bei uns findest du ein vertrauensvolles Arbeitsumfeld, in dem Teamspirit, Vielfalt und Inklusion gelebt werden. Mache deine ersten Karriereschritte bei uns und sammle praktische Erfa…",eyJhbGciOiJIUzI1NiJ9.eyJzIjoicHBmeTVyMnE4UkdrMVlOSTd2OU9VUSIsImkiOiI1ODUzMjcxNDAwIn0.rP9UleLus3ra5z08L7KMtZpdSn-1UQTb9M8om2pa01g,7.112412,Adzuna::API::Response::Job,"{'area': ['Deutschland', 'Nordrhein-Westfalen', 'Bonn'], 'display_name': 'Bonn, Nordrhein-Westfalen', '__CLASS__': 'Adzuna::API::Response::Location'}","{'display_name': 'KFW Konzern', '__CLASS__': 'Adzuna::API::Response::Company'}",https://www.adzuna.de/land/ad/5853271400?se=ppfy5r2q8RGk1YNI7v9OUQ&utm_medium=api&utm_source=a4bcf954&v=33591016B68E53EB592704872A9B56DD4BB22D31,5853271400,2026-08-23T05:31:13Z,50.71942,Werkstudent (w/m/d) - im Bereich Mittelstandsbank & Private Kunden - Customer Analytics / Data Science,"{'__CLASS__': 'Adzuna::API::Response::Category', 'label': 'Unknown', 'tag': 'unknown'}",0,,,,
"Die Liebherr-Werk Ehingen GmbH zählt zu den weltweit führenden Herstellern von Fahrzeugkranen. Das Programm umfasst Teleskop- und Gittermastkrane auf Mobil- und Raupenfahrwerken. Seit der Gründung wurde die Produktionsstätte und ihre Kapazität kontinuierlich erweitert. Heute werden täglich sechs Fahrzeugkrane aus Ehingen in die ganze Welt geliefert. . klicken sie bewerben, für die volle Stellenbeschreibung",eyJhbGciOiJIUzI1NiJ9.eyJpIjoiNTg2ODIyMzg0MCIsInMiOiJwcGZ5NXIycThSR2sxWU5JN3Y5T1VRIn0.G-TsGRjUFlTm3sh28BT_pggNJ3LpYOIw1TGF1Tz_9jU,,Adzuna::API::Response::Job,"{'__CLASS__': 'Adzuna::API::Response::Location', 'area': ['Deutschland'], 'display_name': 'Deutschland'}","{'display_name': 'Liebherr-Werk Ehingen GmbH', '__CLASS__': 'Adzuna::API::Response::Company'}",https://www.adzuna.de/land/ad/5868223840?se=ppfy5r2q8RGk1YNI7v9OUQ&utm_medium=api&utm_source=a4bcf954&v=D4CEB08DB8429EF4177D5226B6367E34969D5076,5868223840,2026-09-03T06:17:21Z,,Dhbw Studium - Data Science Und Künstliche Intelligenz (b.sc.),"{'__CLASS__': 'Adzuna::API::Response::Category', 'label': 'Stellen aus Wissenschaft & Qualitätssicherung', 'tag': 'scientific-qa-jobs'}",0,,,,
"AXA Deutschland ist Teil der AXA Gruppe, einem der weltweit führenden Versicherungsunternehmen. Als einer der größten Erstversicherer in Deutschland betreuen wir rund 8 Millionen Kund:innen im Bereich Vorsorge und Versicherung. Was uns bei AXA antreibt? Unsere Neugier und unser Mut zur Innovation! Gemeinsam mit über 8.000 Kolleg:innen in ganz Deutschland gestalten wir die Zukunft der Versicherung aktiv mit. Wir sind auf der Suche nach kreativen und analytischen Köpfen, die sich auch von Herausf…",eyJhbGciOiJIUzI1NiJ9.eyJpIjoiNTg1NDE0MzcwMCIsInMiOiJwcGZ5NXIycThSR2sxWU5JN3Y5T1VRIn0.dE83fw_1MBslD85z54KLD39FxCBIwu4VXClovdOakiE,6.969972,Adzuna::API::Response::Job,"{'area': ['Deutschland', 'Nordrhein-Westfalen', 'Köln'], 'display_name': 'Köln, Nordrhein-Westfalen', '__CLASS__': 'Adzuna::API::Response::Location'}","{'__CLASS__': 'Adzuna::API::Response::Company', 'display_name': 'AXA Konzern AG'}",https://www.adzuna.de/details/5854143700?utm_medium=api&utm_source=a4bcf954,5854143700,2026-08-24T06:09:36Z,50.940164,Senior Aktuar Finance & Reserving P&C (m/w/d),"{'tag': 'unknown', 'label': 'Unknown', '__CLASS__': 'Adzuna::API::Response::Category'}",0,,,,
"Overview The Data Science Consultant provides services that maximize the value of the customer’s business through data-driven insights and enhanced decision support. This role will be responsible for advising the customer and recommending software configuration alternatives and adapting the software that is configured to optimize the solution so that the customer may realize the maximum value from the software. Responsibilities: Perform data analysis to discover patterns, trends and anomalies i…",eyJhbGciOiJIUzI1NiJ9.eyJzIjoicHBmeTVyMnE4UkdrMVlOSTd2OU9VUSIsImkiOiI1ODA1NDI1OTQ4In0.L39SIi_OGE_epqTAD6qcEDue7msQ1a5Llla4Z-OvMZg,8.412378,Adzuna::API::Response::Job,"{'area': ['Deutschland', 'Baden-Württemberg', 'Karlsruhe (Kreis)', 'Karlsruhe'], 'display_name': 'Karlsruhe, Karlsruhe (Kreis)', '__CLASS__': 'Adzuna::API::Response::Location'}","{'display_name': 'Blue Yonder', '__CLASS__': 'Adzuna::API::Response::Company'}",https://www.adzuna.de/details/5805425948?utm_medium=api&utm_source=a4bcf954,5805425948,2026-07-18T00:48:17Z,49.001249,Data Science Consultant,"{'tag': 'consultancy-jobs', 'label': 'Beraterstellen', '__CLASS__': 'Adzuna::API::Response::Category'}",0,full_time,,,
"Gestalte die Zukunft mit KI– Starte dein Duales Studium im Bereich Data Science&Künstlicher Intelligenz! Du möchtest mit Daten arbeiten, smarte Lösungen entwickeln und herausfinden, wie KI den Alltag von Millionen Menschen erleichtern kann? Im dualen Studium Data Science&Künstliche Intelligenz bei Atruvia verbindest du Theorie und Praxis in einem der spannendsten IT-Bereicheüberhaupt. Deine Aufgaben: Entwickle KI-Lösungen: Du unterstützt bei der Entwicklung von Data-Science- und KI-Lösungen– vo…",eyJhbGciOiJIUzI1NiJ9.eyJpIjoiNTgwOTcxNjI5MSIsInMiOiJwcGZ5NXIycThSR2sxWU5JN3Y5T1VRIn0.QrObxRaDF4dWA95Y_C4AS4n5tBgKUw01a8y_bj7nseQ,8.47624,Adzuna::API::Response::Job,"{'__CLASS__': 'Adzuna::API::Response::Location', 'display_name': 'Durlach, Karlsruhe', 'area': ['Deutschland', 'Baden-Württemberg', 'Karlsruhe (Kreis)', 'Karlsruhe', 'Durlach']}","{'__CLASS__': 'Adzuna::API::Response::Company', 'display_name': 'Atruvia AG'}",https://www.adzuna.de/details/5809716291?utm_medium=api&utm_source=a4bcf954,5809716291,2026-07-21T22:59:23Z,49.00018,"Duales Studium Data Science&Künstliche Intelligenz B.Sc. (m/w/d), Karlsruhe 2027","{'label': 'Teilzeitstellen', '__CLASS__': 'Adzuna::API::Response::Category', 'tag': 'part-time-jobs'}",0,,,,
"We help the world run better At SAP, we keep it simple: you bring your best to us, and we'll bring out the best in you. We're builders touching over 20 industries and 80% of global commerce, and we need your unique talents to help shape what's next. The work is challenging - but it matters. You'll find a place where you can be yourself, prioritize your wellbeing, and truly belong. What's in it for you? Constant learning, skill growth, great benefits, and a team that wants you to grow and succee…",eyJhbGciOiJIUzI1NiJ9.eyJzIjoicHBmeTVyMnE4UkdrMVlOSTd2OU9VUSIsImkiOiI1ODcwMjAyMDk4In0.co4jMr0x22Rg0HeScGCu0eHozJ0_sHa2K-7Rs0cOTAo,8.64276,Adzuna::API::Response::Job,"{'display_name': 'Walldorf, Rhein-Neckar-Kreis', 'area': ['Deutschland', 'Baden-Württemberg', 'Rhein-Neckar-Kreis', 'Walldorf'], '__CLASS__': 'Adzuna::API::Response::Location'}","{'__CLASS__': 'Adzuna::API::Response::Company', 'display_name': 'SAP'}",https://www.adzuna.de/details/5870202098?utm_medium=api&utm_source=a4bcf954,5870202098,2026-09-04T09:28:44Z,49.30315,Data Science Expert,"{'label': 'Unknown', '__CLASS__': 'Adzuna::API::Response::Category', 'tag': 'unknown'}",0,,,,
"Dein Team Du hast Freude an Innovationen, spannenden Inhalten und kollegialem Teamspirit? Mit unseren Berater:innen wächst du mit deinen Aufgaben und lernst von unseren Expert:innen. Gemeinsam beraten wir unsere deutsch- und englischsprachigen Kunden bei ihren Herausforderungen im Umfeld von Business Intelligence, Planung, Advanced Analytics & Data Science. Wir verbinden höchste Beratungskompetenz mit technischer Expertise. Dabei konzipieren und implementieren wir maßgeschneiderte Lösungen auf …",eyJhbGciOiJIUzI1NiJ9.eyJzIjoicHBmeTVyMnE4UkdrMVlOSTd2OU9VUSIsImkiOiI1ODUxMTE5NDUyIn0.SGH599k3WYoZ1cis8FoDXMUUluCfvbHeDUIpuwKn94g,,Adzuna::API::Response::Job,"{'area': ['Deutschland'], 'display_name': 'Deutschland', '__CLASS__': 'Adzuna::API::Response::Location'}","{'__CLASS__': 'Adzuna::API::Response::Company', 'display_name': 'ISR Information Products AG'}",https://www.adzuna.de/land/ad/5851119452?se=ppfy5r2q8RGk1YNI7v9OUQ&utm_medium=api&utm_source=a4bcf954&v=6BE46D8030C9DDC914669CC987F502A2ADF73904,5851119452,2026-08-21T16:55:45Z,,Junior Consultant Analytics Data Science (m/w/d),"{'tag': 'unknown', 'label': 'Unknown', '__CLASS__': 'Adzuna::API::Response::Category'}",0,,,,
"Die Universität Passau genießt durch exzellente Forschung, innovative Lehre und ein dichtes internationales Netzwerk hohe Sichtbarkeit und Ansehen. Rund 11.000 Studierende und Promovierende und über 1.300 Beschäftigte lernen und arbeiten nahe der Altstadt auf einem Campus, der modernste technische Infrastruktur mit einer preisgekrönten städtebaulichen Anlage vereint. International erfolgreiche High-Tech-Firmen und eine lebhafte Gründerszene, gepaart mit reicher Kultur und niederbayerischer Trad…",eyJhbGciOiJIUzI1NiJ9.eyJzIjoicHBmeTVyMnE4UkdrMVlOSTd2OU9VUSIsImkiOiI1ODcyNzA2NzIxIn0.RGckFshG3pNcanMoonGTBazbnPvNxedLvueQQM3HhqU,,Adzuna::API::Response::Job,"{'display_name': 'Deutschland', 'area': ['Deutschland'], '__CLASS__': 'Adzuna::API::Response::Location'}","{'display_name': 'Universität Passau', '__CLASS__': 'Adzuna::API::Response::Company'}",https://www.adzuna.de/land/ad/5872706721?se=ppfy5r2q8RGk1YNI7v9OUQ&utm_medium=api&utm_source=a4bcf954&v=EDF13FA2A37034429CFE2F591BC1C17A8F042E77,5872706721,2026-09-06T05:42:27Z,,Lehrstuhl für Medical Data Science (W 3) - Universität Passau,"{'tag': 'unknown', 'label': 'Unknown', '__CLASS__': 'Adzuna::API::Response::Category'}",0,,,,
"Die International School of Management (ISM) ist eine staatlich anerkannte Hochschule und zählt zu den führenden privaten Hochschulen in Deutschland. An Standorten in Dortmund, Frankfurt/Main, München, Hamburg, Köln, Stuttgart und Berlin wird in kompakten und anwendungsbezogenen Studiengängen der Führungsnachwuchs für international orientierte Wirtschaftsunternehmen ausgebildet. Zum Studienangebot gehören Vollzeit-Programme, berufsbegleitende und duale Studiengänge sowie seit Herbst 2021 das Fe…",eyJhbGciOiJIUzI1NiJ9.eyJpIjoiNTg0NTMxNzc3NCIsInMiOiJwcGZ5NXIycThSR2sxWU5JN3Y5T1VRIn0.kk7SsoTWIGpBBqAcworIr5hQWBImvYHRn3o-aMl0S_g,11.555737,Adzuna::API::Response::Job,"{'area': ['Deutschland', 'Bayern', 'München (Kreis)', 'München'], 'display_name': 'München, München (Kreis)', '__CLASS__': 'Adzuna::API::Response::Location'}","{'__CLASS__': 'Adzuna::API::Response::Company', 'display_name': 'International School of Management '}",https://www.adzuna.de/land/ad/5845317774?se=ppfy5r2q8RGk1YNI7v9OUQ&utm_medium=api&utm_source=a4bcf954&v=B84A431088CBD2926979CE19676A5DF5539B8D85,5845317774,2026-08-17T18:02:43Z,48.137418,"Professur für Data, AI & Transformation Management","{'__CLASS__': 'Adzuna::API::Response::Category', 'label': 'Unknown', 'tag': 'unknown'}",0,,,,
"Life is always about becoming… Im Leben geht es darum, sich auf eine Reise zu begeben, um die beste Version unseres zukünftigen Selbst zu werden. Während wir Neues entdecken, stellen wir uns Herausforderungen, meistern sie und wachsen über uns hinaus. Bewerben Sie sich bei Mercedes-Benz und finden Sie den Aufgabenbereich, in dem Sie Ihre Talente individuell entfalten können. Dabei werden Sie von visionären Kolleginnen und Kollegen unterstützt, die Ihren Pioniergeist teilen. Bei uns einzusteigen…",eyJhbGciOiJIUzI1NiJ9.eyJzIjoicHBmeTVyMnE4UkdrMVlOSTd2OU9VUSIsImkiOiI1ODU0MDY4OTA1In0.7nt_ZPwPSGjRakHECB9rG7c5XRd3h6t1lGPY-ROvnYY,9.187224,Adzuna::API::Response::Job,"{'display_name': 'Stuttgart, Baden-Württemberg', 'area': ['Deutschland', 'Baden-Württemberg', 'Stuttgart'], '__CLASS__': 'Adzuna::API::Response::Location'}","{'__CLASS__': 'Adzuna::API::Response::Company', 'display_name': 'Mercedes-Benz AG'}",https://www.adzuna.de/details/5854068905?utm_medium=api&utm_source=a4bcf954,5854068905,2026-08-24T03:38:48Z,48.776198,Praktikant*in Sales Vans: Funnel Intelligence & Digitalization (Pflicht-Praktikum),"{'tag': 'sales-jobs', '__CLASS__': 'Adzuna::API::Response::Category', 'label': 'Vertriebsstellen'}",0,,,,
"HENSOLDT ist ein führendes europäisches Hightech-Unternehmen der Verteidigungs- und Sicherheitsindustrie mit Sitz in Taufkirchen bei München. Das Unternehmen entwickelt Sensorlösungen, Elektronik und Software für die Bereiche Luft, Land, See, Cyber und Weltraum und unterstützt Streitkräfte weltweit dabei, Bedrohungen frühzeitig zu erkennen und fundierte operative Entscheidungen zu treffen. Aufbauend auf jahrzehntelanger Erfahrung in missionskritischer Sensorik verbindet HENSOLDT Radar-, Optroni…",eyJhbGciOiJIUzI1NiJ9.eyJzIjoicHBmeTVyMnE4UkdrMVlOSTd2OU9VUSIsImkiOiI1ODQ4MzkwMTA2In0.bsSMdDqAJxOu9bJGJ9xAD1nTZAe60ggR5yXjFAp3lJc,,Adzuna::API::Response::Job,"{'display_name': 'Deutschland', 'area': ['Deutschland'], '__CLASS__': 'Adzuna::API::Response::Location'}","{'display_name': 'HENSOLDT', '__CLASS__': 'Adzuna::API::Response::Company'}",https://www.adzuna.de/land/ad/5848390106?se=ppfy5r2q8RGk1YNI7v9OUQ&utm_medium=api&utm_source=a4bcf954&v=9D4AD071FC18ADAA93DF2212583EF2122000033B,5848390106,2026-08-19T17:26:10Z,,"Duales Studium: ""Data Science & künstliche Intelligenz"" (w/m/d), Ulm, Start 2027","{'__CLASS__': 'Adzuna::API::Response::Category', 'label': 'Unknown', 'tag': 'unknown'}",0,,,,
"About us Zenjob is an AI-powered flexible staffing platform that has efficiently connected companies and temporary workers since 2015. Machen Sie jetzt den nächsten Schritt in Ihrer Karriere, scrollen Sie nach unten, um die vollständige Stellenbeschreibung zu lesen und bewerben Sie sich. Companies use our platform to book ready-to-work staff in real time, while students use our app to find part-time jobs that conveniently fit around their studies. Over 40,000 students and 1,000 partner companie…",eyJhbGciOiJIUzI1NiJ9.eyJpIjoiNTg3MjcxNzYyMyIsInMiOiJwcGZ5NXIycThSR2sxWU5JN3Y5T1VRIn0.2FXb-Nz1a3HCc_TNrITmcJOENUg7rQa_fCQBK1N6fbQ,,Adzuna::API::Response::Job,"{'__CLASS__': 'Adzuna::API::Response::Location', 'area': ['Deutschland'], 'display_name': 'Deutschland'}","{'__CLASS__': 'Adzuna::API::Response::Company', 'display_name': 'Zenjob SE'}",https://www.adzuna.de/land/ad/5872717623?se=ppfy5r2q8RGk1YNI7v9OUQ&utm_medium=api&utm_source=a4bcf954&v=8675229BC071E66EF8CFAE70A7F59B12E1A59CDD,5872717623,2026-09-06T05:57:12Z,,Head of Analytics and Data Science,"{'tag': 'it-jobs', '__CLASS__': 'Adzuna::API::Response::Category', 'label': 'IT-Stellen'}",0,,,,
"The University of Passau owes its strong visibility and good repute to excellent research, innovative teaching and its tight-knit international academic networks. Some 11,000 students and doctoral researchers and more than 1,300 staff study and work on our university campus, which is located a stone's throw from the historic Old Town of Passau and combines state-of-the-art technical infrastructure with award-winning architecture. Internationally successful high-tech companies and a vibrant star…",eyJhbGciOiJIUzI1NiJ9.eyJzIjoicHBmeTVyMnE4UkdrMVlOSTd2OU9VUSIsImkiOiI1ODcxNDE4MDUwIn0.ENsSR_MWwv-B8lGBP7VttQDjidxAIDKaqq_22f8_EZs,,Adzuna::API::Response::Job,"{'display_name': 'Deutschland', 'area': ['Deutschland'], '__CLASS__': 'Adzuna::API::Response::Location'}","{'__CLASS__': 'Adzuna::API::Response::Company', 'display_name': 'Universität Passau'}",https://www.adzuna.de/land/ad/5871418050?se=ppfy5r2q8RGk1YNI7v9OUQ&utm_medium=api&utm_source=a4bcf954&v=3EADD5048C3D2375EC7FB5DCD1ECB385E2BDD122,5871418050,2026-09-05T05:57:54Z,,Lehrstuhl für Medical Data Science (W 3) - englische Fassung,"{'tag': 'it-jobs', 'label': 'IT-Stellen', '__CLASS__': 'Adzuna::API::Response::Category'}",0,,,,
Das ist dein Arbeitsumfeld: Gemeinsam mit rund 200 Auszubildenden und dual Studierenden meisterst du die abwechslungsreichen und anspruchsvollen Aufgaben und bist von Beginn an in ein Team eingebunden. Kompetente Ausbilderinnen und Ausbilder stehen dir mit Rat und Tat zur Seite und unterstützen dich bei deiner fachlichen und persönlichen Entwicklung. Nach erfolgreichem Abschluss darfst du dich auf eineÜbernahme von mind. einem Jahr freuen. Zum 01.09. starten wir in einen gemeinsamen Orientierun…,eyJhbGciOiJIUzI1NiJ9.eyJpIjoiNTc4ODU5MTQxNCIsInMiOiJwcGZ5NXIycThSR2sxWU5JN3Y5T1VRIn0.P-175EY3WnjscqKoEnUTN_2xOJrWI16SGdyWeCtoAvo,11.083642,Adzuna::API::Response::Job,"{'display_name': 'Nürnberg, Bayern', 'area': ['Deutschland', 'Bayern', 'Nürnberg'], '__CLASS__': 'Adzuna::API::Response::Location'}","{'display_name': 'DATEV eG', '__CLASS__': 'Adzuna::API::Response::Company'}",https://www.adzuna.de/land/ad/5788591414?se=ppfy5r2q8RGk1YNI7v9OUQ&utm_medium=api&utm_source=a4bcf954&v=C324DFB5529A7982C109999BF348D3184B650ACE,5788591414,2026-07-05T01:48:24Z,49.443967,"Duales Studium Bachelor of Science in Data Science und Künstlicher Intelligenz (m/w/d), ab 09/2027","{'__CLASS__': 'Adzuna::API::Response::Category', 'label': 'Teilzeitstellen', 'tag': 'part-time-jobs'}",0,,,,
"Job Description Eine gute Idee war der Ursprung, ein erfolgreiches Konzept ist das Ergebnis. Qualität zum guten Preis möglichst vielen Menschen anbieten zu können treibt uns an - mittlerweile weltweit, denn wir sind Lidl. Hier ist das berufliche Zuhause vielfältiger Talente. Ob im Einkauf, in der Logistik, im Warengeschäft oder in der IT; ob als Impulsgeber, Gestalter oder Dienstleister der Länder. Wir suchen Anpacker, Durchstarter, Möglichmacher und bieten spannende Aufgaben und Projekte in ei…",eyJhbGciOiJIUzI1NiJ9.eyJpIjoiNTg3MzY5MzkwMyIsInMiOiJwcGZ5NXIycThSR2sxWU5JN3Y5T1VRIn0.NOvVYpuNnbkJcPTU26GwjGNlFodGKKD8nQoLyvJpLSQ,,Adzuna::API::Response::Job,"{'area': ['Deutschland'], 'display_name': 'Deutschland', '__CLASS__': 'Adzuna::API::Response::Location'}","{'__CLASS__': 'Adzuna::API::Response::Company', 'display_name': 'Lidl Stiftung & Co. KG'}",https://www.adzuna.de/land/ad/5873693903?se=ppfy5r2q8RGk1YNI7v9OUQ&utm_medium=api&utm_source=a4bcf954&v=AC39DF2E03F0745654DF35872C5B3119065881A5,5873693903,2026-09-07T05:42:41Z,,Duales Studium Data Science und KI - Smart Operations Management 2027,"{'__CLASS__': 'Adzuna::API::Response::Category', 'label': 'IT-Stellen', 'tag': 'it-jobs'}",0,,,,
"About the job Mercor connects elite creative and technical talent with leading AI research labs. Headquartered in San Francisco, our investors include Benchmark , General Catalyst , Peter Thiel , Adam D'Angelo , Larry Summers , and Jack Dorsey . Position: Data Science and Analytics Experts Type: Contract Compensation: $60–$70/hour Location: Remote Role Responsibilities Construct enterprise data science scenarios for large-scale predictive modeling and multi-stakeholder analytics governance at F…",eyJhbGciOiJIUzI1NiJ9.eyJzIjoicHBmeTVyMnE4UkdrMVlOSTd2OU9VUSIsImkiOiI1ODM2NTgxMTA4In0.28pLNS5ClheIpQ80EpkcHfVdgSgW6M6dX6qWrQ_Aif4,13.420806,Adzuna::API::Response::Job,"{'display_name': 'Berlin, Deutschland', 'area': ['Deutschland', 'Berlin'], '__CLASS__': 'Adzuna::API::Response::Location'}","{'__CLASS__': 'Adzuna::API::Response::Company', 'display_name': 'Mercor'}",https://www.adzuna.de/details/5836581108?utm_medium=api&utm_source=a4bcf954,5836581108,2026-08-11T12:29:53Z,52.507706,Enterprise Data Science Specialist,"{'label': 'Unknown', '__CLASS__': 'Adzuna::API::Response::Category', 'tag': 'unknown'}",0,,,,
"Meyerthole Siems Kohlruss (MSK) ist eine aktuarielle Beratungsgesellschaft mit Sitz in Köln und seit 1998 im deutschsprachigen Raum für Schaden- und Unfallversicherer tätig. Unsere Schwerpunkte liegen auf abwechslungsreichen Aufgaben aus den Bereichen Data Science, Telematik, Pricing, Naturgefahren, Bilanzbewertung, Rückversicherung und Solvency II. Wir widmen uns Zukunftsthemen, entwickeln maßgeschneiderte Lösungen am Puls der Zeit. Zu unseren Mandanten zählen sowohl etablierte Versicherer als…",eyJhbGciOiJIUzI1NiJ9.eyJpIjoiNTg0MzYzNTAxNiIsInMiOiJwcGZ5NXIycThSR2sxWU5JN3Y5T1VRIn0.IDGXa9MtQqhdh8ndi8pxtNVId7beqtrRuw52RaaPGpA,6.969972,Adzuna::API::Response::Job,"{'__CLASS__': 'Adzuna::API::Response::Location', 'area': ['Deutschland', 'Nordrhein-Westfalen', 'Köln'], 'display_name': 'Köln, Nordrhein-Westfalen'}","{'display_name': 'Meyerthole Siems Kohlruss Ges. für aktuarielle Beratung mbH', '__CLASS__': 'Adzuna::API::Response::Company'}",https://www.adzuna.de/land/ad/5843635016?se=ppfy5r2q8RGk1YNI7v9OUQ&utm_medium=api&utm_source=a4bcf954&v=FC34432F8F1EA4757C968380D31761046B387AA2,5843635016,2026-08-16T01:18:46Z,50.940164,Mathematiker/Aktuar (d/m/w) Data Science/Pricing/Risikomanagement/Solvency II,"{'tag': 'other-general-jobs', 'label': 'Sonstige/Allgemeine Stellen', '__CLASS__': 'Adzuna::API::Response::Category'}",0,,,,
"Job Description Bewerben Sie sich, nachdem Sie die folgenden Anforderungen an Ihre Fähigkeiten und Qualifikationen für diese Stelle gelesen haben. Wir sind der Digitalisierungspartner in der genossenschaftlichen FinanzGruppe und vereinen jahrzehntelanges Expertenwissen in Banking und Informationstechnologie. Die speziell auf Banken zugeschnittenen IT-Lösungen und Leistungen reichen vom Rechenzentrumsbetrieb über das Bankverfahren von Atruvia bis hin zur App-Entwicklung. Dabei nutzen wir zukunft…",eyJhbGciOiJIUzI1NiJ9.eyJpIjoiNTg3MzY5MjUwMiIsInMiOiJwcGZ5NXIycThSR2sxWU5JN3Y5T1VRIn0.sUaTcJgbaLyPzOzrhvoFmksWwEWtlpcBKHSNn9woMJQ,,Adzuna::API::Response::Job,"{'__CLASS__': 'Adzuna::API::Response::Location', 'area': ['Deutschland'], 'display_name': 'Deutschland'}","{'__CLASS__': 'Adzuna::API::Response::Company', 'display_name': 'Atruvia AG'}",https://www.adzuna.de/land/ad/5873692502?se=ppfy5r2q8RGk1YNI7v9OUQ&utm_medium=api&utm_source=a4bcf954&v=F1C4ED31E04F38A221419250628F252947166EDB,5873692502,2026-09-07T05:42:20Z,,Duales Studium Data Science & Künstliche Intelligenz B.Sc.,"{'label': 'IT-Stellen', '__CLASS__': 'Adzuna::API::Response::Category', 'tag': 'it-jobs'}",0,,,,
"Bei PwC Deutschland arbeiten wir daran, entscheidende Herausforderungen zu lösen, nachhaltige Ergebnisse zu schaffen und das Vertrauen in die Wirtschaft und Gesellschaft auszubauen. Als Teil unserer Business Services Teams bist du der Treiber hinter unserem Versprechen: human-led und tech-powered. Unsere entscheidenden Bereiche sind Frontend- und Backend-Entwicklung, Datenanalyse, künstliche Intelligenz und die Entwicklung digitaler Lösungen zur Prozessoptimierung für interne und externe Anwend…",eyJhbGciOiJIUzI1NiJ9.eyJzIjoicHBmeTVyMnE4UkdrMVlOSTd2OU9VUSIsImkiOiI1ODY5MDk3OTEwIn0.neLaa1vewTRd9CPYgJfdK2T22vW_fWH50y-LtmiSViY,,Adzuna::API::Response::Job,"{'display_name': 'Deutschland', 'area': ['Deutschland'], '__CLASS__': 'Adzuna::API::Response::Location'}","{'__CLASS__': 'Adzuna::API::Response::Company', 'display_name': 'PwC'}",https://www.adzuna.de/land/ad/5869097910?se=ppfy5r2q8RGk1YNI7v9OUQ&utm_medium=api&utm_source=a4bcf954&v=0819BB915426631D8B24B18FB7B2D17C9B4BF457,5869097910,2026-09-03T17:28:04Z,,Duales Studium Data Science & Künstliche Intelligenz (B.S.) 2027,"{'tag': 'unknown', 'label': 'Unknown', '__CLASS__': 'Adzuna::API::Response::Category'}",0,,,,
"Als eigenfinanziertes Familienunternehmen sind wir mehr als nur ein ca. 4.700 Standorte umspannendes Filialnetz in 34 Ländern, mehr als ca. 8,7 Mrd. Euro Jahresumsatz und mehr als einer der erfolgreichsten Online-Shops für Schuhe in Europa. Deichmann ist Wegbereiter, Förderer und Arbeitgeber von über 49.000 engagierten Mitarbeiterinnen und Mitarbeitern weltweit. Als nachhaltig expandierendes Unternehmen sind wir seit mehreren Jahrzehnten in der Lage, unseren Mitarbeitern einen sicheren Arbeitsp…",eyJhbGciOiJIUzI1NiJ9.eyJzIjoicHBmeTVyMnE4UkdrMVlOSTd2OU9VUSIsImkiOiI1Nzc1MDA3NjU2In0.VgEs3ZHQdsBjblPraxXpUUi3TzvqZJQxbd7KhBfd9Ck,7.014478,Adzuna::API::Response::Job,"{'area': ['Deutschland', 'Nordrhein-Westfalen', 'Essen'], 'display_name': 'Essen, Nordrhein-Westfalen', '__CLASS__': 'Adzuna::API::Response::Location'}","{'__CLASS__': 'Adzuna::API::Response::Company', 'display_name': 'Deichmann SE'}",https://www.adzuna.de/details/5775007656?utm_medium=api&utm_source=a4bcf954,5775007656,2026-06-24T18:36:38Z,51.444823,(Senior) Data Scientist (m/w/d),"{'__CLASS__': 'Adzuna::API::Response::Category', 'label': 'Stellen aus Wissenschaft & Qualitätssicherung', 'tag': 'scientific-qa-jobs'}",0,,,,
"Das sind wir Daten sind für uns nicht gleich Daten. Du teilst unsere Mission ""Mehr aus Daten rausholen""? Dann bist Du als Newbie oder erfahrenes Data Science Talent bei uns mehr als willkommen! Bei SKOPOS ELEMENTS unterstützen talentierte Data Scientists zukunftsorientierte Unternehmen und Menschen bei ihrem Weg zur Data Driven Company. Als Teil der SKOPOS GROUP sind wir seit 1995 führender Anbieter in der Marktforschung und beschäftigen aktuell über 140 Mitarbeitende. Begleite unser Wachstum u…",eyJhbGciOiJIUzI1NiJ9.eyJzIjoicHBmeTVyMnE4UkdrMVlOSTd2OU9VUSIsImkiOiI1NzI3MzMzMjM0In0.hYNDqgLNejJWYuwoks84A_cQvzBwEuHzN9IW3jGQEz8,6.86811,Adzuna::API::Response::Job,"{'area': ['Deutschland', 'Nordrhein-Westfalen', 'Rhein-Erft-Kreis', 'Hürth'], 'display_name': 'Hürth, Rhein-Erft-Kreis', '__CLASS__': 'Adzuna::API::Response::Location'}","{'__CLASS__': 'Adzuna::API::Response::Company', 'display_name': 'Skopos Group'}",https://www.adzuna.de/details/5727333234?utm_medium=api&utm_source=a4bcf954,5727333234,2026-05-12T23:14:56Z,50.87096,Initiativbewerbung Data Science / BI,"{'__CLASS__': 'Adzuna::API::Response::Category', 'label': 'Unknown', 'tag': 'unknown'}",0,full_time,,,
"Das sind wir Daten sind für uns nicht gleich Daten. Du teilst unsere Mission ""Mehr aus Daten rausholen""? Dann bist Du als Newbie oder erfahrenes Data Science Talent bei uns mehr als willkommen! Bei SKOPOS ELEMENTS unterstützen talentierte Data Scientists zukunftsorientierte Unternehmen und Menschen bei ihrem Weg zur Data Driven Company. Als Teil der SKOPOS GROUP sind wir seit 1995 führender Anbieter in der Marktforschung und beschäftigen aktuell über 140 Mitarbeitende. Begleite unser Wachstum u…",eyJhbGciOiJIUzI1NiJ9.eyJzIjoicHBmeTVyMnE4UkdrMVlOSTd2OU9VUSIsImkiOiI1ODY0NDgzNTk5In0.IQmyMxvLTEuCVhQ-M7mn2kOTs4BymQesAhvTz1FtzIY,6.86811,Adzuna::API::Response::Job,"{'area': ['Deutschland', 'Nordrhein-Westfalen', 'Rhein-Erft-Kreis', 'Hürth'], 'display_name': 'Hürth, Rhein-Erft-Kreis', '__CLASS__': 'Adzuna::API::Response::Location'}","{'__CLASS__': 'Adzuna::API::Response::Company', 'display_name': 'SKOPOS GROUP'}",https://www.adzuna.de/details/5864483599?utm_medium=api&utm_source=a4bcf954,5864483599,2026-09-01T13:00:05Z,50.87096,Initiativbewerbung Data Science / BI,"{'__CLASS__': 'Adzuna::API::Response::Category', 'label': 'Unknown', 'tag': 'unknown'}",0,full_time,,,
"What you’ll do Build, mentor, and lead an elite data science team as a trusted, empathetic player-coach, while clearly communicating complex technical ideas to executives, customers, and partners Personally design, train, deploy, and own the models that power Peec AI’s AI Search recommendations, taking hands-on responsibility for our most business-critical ML systems Develop and ship novel algorithms that reverse-engineer AI search and LLM behavior, turning deep technical insight into durable, …",eyJhbGciOiJIUzI1NiJ9.eyJzIjoicHBmeTVyMnE4UkdrMVlOSTd2OU9VUSIsImkiOiI1Nzg0MjQ2NjExIn0.bnZAGbSeZbwmTdSxjzZ8xe4oEp9hFNkWZ2iVXKrGC0g,13.420806,Adzuna::API::Response::Job,"{'display_name': 'Berlin, Deutschland', 'area': ['Deutschland', 'Berlin'], '__CLASS__': 'Adzuna::API::Response::Location'}","{'display_name': 'Peec AI', '__CLASS__': 'Adzuna::API::Response::Company'}",https://www.adzuna.de/details/5784246611?utm_medium=api&utm_source=a4bcf954,5784246611,2026-07-01T22:58:19Z,52.507706,Engineering Manager (Data Science),"{'label': 'IT-Stellen', '__CLASS__': 'Adzuna::API::Response::Category', 'tag': 'it-jobs'}",0,full_time,120000.0,160000.0,
"Ready for a challenge? That’s good, because at Just Eat Takeaway.com (JET) we have abundant opportunity, or, as we say, everything is on the table. We are a leading global online food delivery marketplace. Our tech ecosystem connects millions of active customers with hundreds of thousands of connected partners in countries across the globe. Our mission? To empower every food moment around the world, whether it’s through customer service, coding or couriers. About this role As the Senior Team Le…",eyJhbGciOiJIUzI1NiJ9.eyJzIjoicHBmeTVyMnE4UkdrMVlOSTd2OU9VUSIsImkiOiI1ODUzNzE0NTEwIn0.Salk6YGkzH9RNYh13Ke0rwXk47yy2gDJ2FwyzL2o12E,,Adzuna::API::Response::Job,"{'__CLASS__': 'Adzuna::API::Response::Location', 'area': ['Deutschland'], 'display_name': 'Deutschland'}","{'display_name': 'Just Eat', '__CLASS__': 'Adzuna::API::Response::Company'}",https://www.adzuna.de/details/5853714510?utm_medium=api&utm_source=a4bcf954,5853714510,2026-08-23T17:34:44Z,,Data Science Team Leader,"{'tag': 'unknown', '__CLASS__': 'Adzuna::API::Response::Category', 'label': 'Unknown'}",0,full_time,,,
"Make your mark for patients To strengthen our Global Advanced Analytics team, we are looking for an adaptable, collaborative individual with an intrapreneurial mindset for our Analytics Lead opening . This hybrid role is based in our headquarters in Monheim, Germany requiring 40% onsite presence and 5-10% international/ domestic travel. About the role You will help to inform on the commercial viability of various assets in development. You will be responsible for making exceptional business imp…",eyJhbGciOiJIUzI1NiJ9.eyJzIjoicHBmeTVyMnE4UkdrMVlOSTd2OU9VUSIsImkiOiI1NjcyNDc3OTUwIn0.zL5fksgi4wPMfyqH1bXVgN9RhKw1OJKxqyGycmNIMKI,10.85789,Adzuna::API::Response::Job,"{'area': ['Deutschland', 'Bayern', 'Donau-Ries (Kreis)', 'Monheim'], 'display_name': 'Monheim, Donau-Ries (Kreis)', '__CLASS__': 'Adzuna::API::Response::Location'}","{'display_name': 'UCB', '__CLASS__': 'Adzuna::API::Response::Company'}",https://www.adzuna.de/details/5672477950?utm_medium=api&utm_source=a4bcf954,5672477950,2026-03-19T22:33:09Z,48.84099,Data Science Lead 1,"{'__CLASS__': 'Adzuna::API::Response::Category', 'label': 'Unknown', 'tag': 'unknown'}",0,,,,
"Wir begleiten dich auf dem Weg zum Traumberuf. Als führender Hausgerätehersteller in Europa bilden wir junge Menschen in Berufen aus, die zu ihnen passen und sie erfüllen. Mit unserem Portfolio an Marken – unter anderem Bosch, Siemens, Gaggenau und Neff – bieten wir Nachwuchskräften spannende Aufgaben und die Möglichkeit, von Anfang an Verantwortung zu übernehmen. Ob im Bereich Klimaschutz, Innovation oder Fairness – wir setzen uns gemeinsam mit dir für eine nachhaltige Zukunft ein. Spannende L…",eyJhbGciOiJIUzI1NiJ9.eyJpIjoiNTg3MTQxNDE0NyIsInMiOiJwcGZ5NXIycThSR2sxWU5JN3Y5T1VRIn0.i7D66NK_Aha3DsyagJMygadfiI-zraBher46zuExw_4,,Adzuna::API::Response::Job,"{'display_name': 'Deutschland', 'area': ['Deutschland'], '__CLASS__': 'Adzuna::API::Response::Location'}","{'__CLASS__': 'Adzuna::API::Response::Company', 'display_name': 'BSH Hausgeräte Gruppe'}",https://www.adzuna.de/land/ad/5871414147?se=ppfy5r2q8RGk1YNI7v9OUQ&utm_medium=api&utm_source=a4bcf954&v=567E3BCEFE9B496411E8F93ACE3D7CF6E4898E75,5871414147,2026-09-05T05:56:39Z,,Duales Studium - Data Science & Künstliche Intelligenz (B. Sc.) - 2027,"{'__CLASS__': 'Adzuna::API::Response::Category', 'label': 'IT-Stellen', 'tag': 'it-jobs'}",0,,,,
"Wir schenken Menschen Genussmomente aus der Natur. Als führende Marke bei Nüssen und Trockenfrüchten oder als deutschlandweit agierender Konzeptpartner, der auf die Bedürfnisse von Firmenkunden sowie der hochwertigen Gastronomie spezialisiert ist. Damit das auch in Zukunft so bleibt, bilden Wertschätzung, Qualität und Nachhaltigkeit das Fundament unserer Unternehmenskultur. In allen Bereichen ist das Beste unser Ansporn – bei unseren Produkten, in unserem Engagement für eine ausgewogene Work-Li…",eyJhbGciOiJIUzI1NiJ9.eyJpIjoiNTg3MjEzNzE0MCIsInMiOiJwcGZ5NXIycThSR2sxWU5JN3Y5T1VRIn0.967MauKb2yvMf5h6kj_mwL07rF8IeTnulSnfO8sqST8,,Adzuna::API::Response::Job,"{'__CLASS__': 'Adzuna::API::Response::Location', 'display_name': 'Deutschland', 'area': ['Deutschland']}","{'__CLASS__': 'Adzuna::API::Response::Company', 'display_name': 'Seeberger GmbH'}",https://www.adzuna.de/land/ad/5872137140?se=ppfy5r2q8RGk1YNI7v9OUQ&utm_medium=api&utm_source=a4bcf954&v=45F62F13495F5F65018F73A07A270B55870EE690,5872137140,2026-09-05T18:03:51Z,,Duales Studium (B.Sc.) Data Science und Künstliche Intelligenz (m/w/d) Start 2027,"{'tag': 'hospitality-catering-jobs', '__CLASS__': 'Adzuna::API::Response::Category', 'label': 'Stellen aus Gastronomie & Catering'}",0,,,,
"Eine gute Idee war der Ursprung, ein erfolgreiches Konzept ist das Ergebnis. Qualität zum guten Preis möglichst vielen Menschen anbieten zu können treibt uns an - mittlerweile weltweit, denn wir sind Lidl. Hier ist das berufliche Zuhause vielfältiger Talente. Ob im Einkauf, in der Logistik, im Warengeschäft oder in der IT; ob als Impulsgeber, Gestalter oder Dienstleister der Länder. Wir suchen Anpacker, Durchstarter, Möglichmacher und bieten spannende Aufgaben und Projekte in einem dynamischen …",eyJhbGciOiJIUzI1NiJ9.eyJpIjoiNTg3MzIwODI5NSIsInMiOiJwcGZ5NXIycThSR2sxWU5JN3Y5T1VRIn0.dR2ZgoBsj_sxe55e8eRyMy2BVj9pk_jvw3Cj47QN1UY,,Adzuna::API::Response::Job,"{'__CLASS__': 'Adzuna::API::Response::Location', 'area': ['Deutschland'], 'display_name': 'Deutschland'}","{'__CLASS__': 'Adzuna::API::Response::Company', 'display_name': 'Lidl Stiftung & Co. KG'}",https://www.adzuna.de/land/ad/5873208295?se=ppfy5r2q8RGk1YNI7v9OUQ&utm_medium=api&utm_source=a4bcf954&v=3FC0F194C877461EF748E4B58333D67EDFB660D5,5873208295,2026-09-06T17:56:50Z,,Duales Studium Data Science und KI - Smart Operations Management 2027,"{'tag': 'it-jobs', 'label': 'IT-Stellen', '__CLASS__': 'Adzuna::API::Response::Category'}",0,,,,
"medi GmbH & Co. KG Bayreuth Präsenz / Mobil Ausbildung IT Vollzeit Du willst die digitale Zukunft aktiv mitgestalten und dein Interesse für Daten, KI und moderne Technologien nicht nur im Hörsaal, sondern auch direkt in der Praxis einsetzen? Dann ist das duale Studium Data Science / KI bei medi genau dein Weg in eine zukunftsorientierte Karriere in der datengetriebenen Welt von morgen. Scrollen Sie nach unten, um einen vollständigen Überblick über die Anforderungen dieser Stelle zu erhalten Sin…",eyJhbGciOiJIUzI1NiJ9.eyJpIjoiNTg3MjE0NTg0MiIsInMiOiJwcGZ5NXIycThSR2sxWU5JN3Y5T1VRIn0.xEBtSwQOMNNHGReMEjmh10nFIkqxdMvbouzAQvkFAOE,,Adzuna::API::Response::Job,"{'__CLASS__': 'Adzuna::API::Response::Location', 'area': ['Deutschland'], 'display_name': 'Deutschland'}","{'display_name': 'medi GmbH & Co. KG', '__CLASS__': 'Adzuna::API::Response::Company'}",https://www.adzuna.de/land/ad/5872145842?se=ppfy5r2q8RGk1YNI7v9OUQ&utm_medium=api&utm_source=a4bcf954&v=6F4AFA22AE5D5E3AE39351DCE4884C52014369FB,5872145842,2026-09-05T18:10:22Z,,Duales Studium Data Science / KI (w/m/d) 2027,"{'__CLASS__': 'Adzuna::API::Response::Category', 'label': 'IT-Stellen', 'tag': 'it-jobs'}",0,,,,
"BBBank eG - Better Banking Wir sind die größte genossenschaftliche Privatkundenbank in Deutschland. Als Digitalbank mit bundesweitem Filialnetz anüber 100 Standorten vereinen wir Erfahrung und Innovation mit derüber 100-jährigen Kompetenz eines erfolgreichen Bankhauses– kundenorientiert, wirtschaftlich, nachhaltig und sympathisch. Wir leben, lieben und liefern Better Banking und setzen Maßstäbe, die nachhaltig sind. Für Wachstum mit Substanz. Für beständige Weiterentwicklung, die Kundenerlebnis…",eyJhbGciOiJIUzI1NiJ9.eyJzIjoicHBmeTVyMnE4UkdrMVlOSTd2OU9VUSIsImkiOiI1ODA5Njk5NjI2In0.vU_ob_qK-GkK6yHl4ip3_ygVL1Zb7j8J1AToL6Ny2fY,8.38979,Adzuna::API::Response::Job,"{'__CLASS__': 'Adzuna::API::Response::Location', 'display_name': 'Innenstadt, Karlsruhe', 'area': ['Deutschland', 'Baden-Württemberg', 'Karlsruhe (Kreis)', 'Karlsruhe', 'Innenstadt']}","{'display_name': 'BBBank eG', '__CLASS__': 'Adzuna::API::Response::Company'}",https://www.adzuna.de/details/5809699626?utm_medium=api&utm_source=a4bcf954,5809699626,2026-07-21T22:57:04Z,49.01336,Duales Studium Bachelor of Science (B.Sc.) Data Science und künstliche Intelligenz (m/w/d) 2027,"{'__CLASS__': 'Adzuna::API::Response::Category', 'label': 'Teilzeitstellen', 'tag': 'part-time-jobs'}",0,,,,
"Job Description: Dein Duales Studium B.Sc. (d/m/w) Data Science & Künstliche Intelligenz zum 01.09.2027 Starte deine Karriere bei Airbus! Bist du fasziniert davon, wie riesige Datenmengen und Künstliche Intelligenz die Geschäftswelt und unser Leben verändern, und möchtest aktiv die Zukunft mitgestalten? Dann ist ein Duales Studium bei Airbus genau das Richtige für dich! B.Sc. Data Science und Künstliche Intelligenz: Dieser Studiengang konzentriert sich stark auf die Analyse großer Datenmengen ,…",eyJhbGciOiJIUzI1NiJ9.eyJpIjoiNTc2OTU1MDE5MyIsInMiOiJwcGZ5NXIycThSR2sxWU5JN3Y5T1VRIn0.pwckX8h-d28kLaBhxnGj4uNF3soBhxyWqvRxSy4hC2o,11.555737,Adzuna::API::Response::Job,"{'__CLASS__': 'Adzuna::API::Response::Location', 'area': ['Deutschland', 'Bayern', 'München (Kreis)', 'München'], 'display_name': 'München, München (Kreis)'}","{'__CLASS__': 'Adzuna::API::Response::Company', 'display_name': 'E Airbus Defence and Space GmbH'}",https://www.adzuna.de/land/ad/5769550193?se=ppfy5r2q8RGk1YNI7v9OUQ&utm_medium=api&utm_source=a4bcf954&v=2B795DD5507610ECAA394CEAFB4904F7433789FF,5769550193,2026-06-19T21:03:05Z,48.137418,Duales Studium B.Sc. Data Science und Künstliche Intelligenz (d/m/w) zum 01.09.2027,"{'tag': 'unknown', '__CLASS__': 'Adzuna::API::Response::Category', 'label': 'Unknown'}",0,,,,
"Ein erfolgreich abgeschlossenes Studium der (Wirtschafts-)Informatik, Data Science, Mathematik oder eine vergleichbare Ausbildung. Du bringst mindestens 3 Jahre fundierte Berufserfahrung in der Softwareentwicklung, im Data Engineering oder in der technischen IT-Revision mit. Sehr gute Kenntnisse in Python und Spark. Du hast praktische Erfahrung mit dem LLM-Ökosystem (z. B. LangChain, LlamaIndex, Vektordatenbanken) sowie den gängigen ML-Frameworks (z. B. Scikit-Learn, PyTorch). Fundierte Kenntni…",eyJhbGciOiJIUzI1NiJ9.eyJzIjoicHBmeTVyMnE4UkdrMVlOSTd2OU9VUSIsImkiOiI1ODcxMTc2NDk4In0.BpYhmR9FLxn7OVsu4l4LziaIuNTLSn4ej3LEvjS0V-Q,9.2274,Adzuna::API::Response::Job,"{'__CLASS__': 'Adzuna::API::Response::Location', 'display_name': 'Neckarsulm, Heilbronn (Kreis)', 'area': ['Deutschland', 'Baden-Württemberg', 'Heilbronn (Kreis)', 'Neckarsulm']}","{'display_name': 'Schwarz Corporate Solutions', '__CLASS__': 'Adzuna::API::Response::Company'}",https://www.adzuna.de/land/ad/5871176498?se=ppfy5r2q8RGk1YNI7v9OUQ&utm_medium=api&utm_source=a4bcf954&v=4D055F73F7581D381DBB52E394951600DE035B15,5871176498,2026-09-05T02:22:55Z,49.18975,Audit Specialist - Artificial Intelligence (m/w/d),"{'label': 'Unknown', '__CLASS__': 'Adzuna::API::Response::Category', 'tag': 'unknown'}",0,,,,
"Job Description Bewerben Sie sich schnell, um Ihre Chancen auf ein Vorstellungsgespräch zu erhöhen Lesen Sie die vollständige Stellenbeschreibung unten. medi GmbH & Co. KG Bayreuth Präsenz / Mobil Ausbildung IT Vollzeit Du willst die digitale Zukunft aktiv mitgestalten und dein Interesse für Daten, KI und moderne Technologien nicht nur im Hörsaal, sondern auch direkt in der Praxis einsetzen? Dann ist das duale Studium Data Science / KI bei medi genau dein Weg in eine zukunftsorientierte Karrier…",eyJhbGciOiJIUzI1NiJ9.eyJzIjoicHBmeTVyMnE4UkdrMVlOSTd2OU9VUSIsImkiOiI1ODcwNzc0NjY3In0.XsWtAuJMg8W4rvpT5aUhRpkeCtWck43YiaERrfQ7nW0,,Adzuna::API::Response::Job,"{'__CLASS__': 'Adzuna::API::Response::Location', 'area': ['Deutschland'], 'display_name': 'Deutschland'}","{'display_name': 'medi GmbH & Co. KG', '__CLASS__': 'Adzuna::API::Response::Company'}",https://www.adzuna.de/land/ad/5870774667?se=ppfy5r2q8RGk1YNI7v9OUQ&utm_medium=api&utm_source=a4bcf954&v=189FA91B1CF4AC5FB80A803A737F9FE70C0722B2,5870774667,2026-09-04T17:54:27Z,,Duales Studium Data Science / KI (w/m/d) 2027,"{'tag': 'it-jobs', 'label': 'IT-Stellen', '__CLASS__': 'Adzuna::API::Response::Category'}",0,,,,
"About the job Mercor connects elite creative and technical talent with leading AI research labs. Headquartered in San Francisco, our investors include Benchmark , General Catalyst , Peter Thiel , Adam D'Angelo , Larry Summers , and Jack Dorsey . Position: Data Science and Analytics Experts Type: Contract Compensation: $60–$70/hour Location: Remote Role Responsibilities Construct enterprise data science scenarios for large-scale predictive modeling and multi-stakeholder analytics governance at F…",eyJhbGciOiJIUzI1NiJ9.eyJpIjoiNTgzNTQ3NzI1MSIsInMiOiJwcGZ5NXIycThSR2sxWU5JN3Y5T1VRIn0.lT6SqTDnaWa7WBBZn80Lghnw2zNNX1Su2lvRvSVK2dk,13.420806,Adzuna::API::Response::Job,"{'display_name': 'Berlin, Deutschland', 'area': ['Deutschland', 'Berlin'], '__CLASS__': 'Adzuna::API::Response::Location'}","{'__CLASS__': 'Adzuna::API::Response::Company', 'display_name': 'Mercor'}",https://www.adzuna.de/details/5835477251?utm_medium=api&utm_source=a4bcf954,5835477251,2026-08-10T12:30:38Z,52.507706,Data Science Expert - Fully Remote,"{'tag': 'unknown', 'label': 'Unknown', '__CLASS__': 'Adzuna::API::Response::Category'}",0,,,,
"About the job Mercor connects elite creative and technical talent with leading AI research labs. Headquartered in San Francisco, our investors include Benchmark , General Catalyst , Peter Thiel , Adam D'Angelo , Larry Summers , and Jack Dorsey . Position: Data Science Expert Type: Contract Compensation: $120–$170/hour Location: Remote Role Responsibilities Design precise, task-specific grading criteria for real-world data science deliverables such as analyses, models, dashboards, and experiment…",eyJhbGciOiJIUzI1NiJ9.eyJpIjoiNTgzNjU4MTExOCIsInMiOiJwcGZ5NXIycThSR2sxWU5JN3Y5T1VRIn0.CY4JwW_Cnqw15whmiW4np6Kd7y8dz-7wMVVyc6U2Pek,13.420806,Adzuna::API::Response::Job,"{'__CLASS__': 'Adzuna::API::Response::Location', 'area': ['Deutschland', 'Berlin'], 'display_name': 'Berlin, Deutschland'}","{'display_name': 'Mercor', '__CLASS__': 'Adzuna::API::Response::Company'}",https://www.adzuna.de/details/5836581118?utm_medium=api&utm_source=a4bcf954,5836581118,2026-08-11T12:29:53Z,52.507706,Data Science Expert - AI Evaluation,"{'label': 'Unknown', '__CLASS__': 'Adzuna::API::Response::Category', 'tag': 'unknown'}",0,,,,
"About the job Mercor connects elite creative and technical talent with leading AI research labs. Headquartered in San Francisco, our investors include Benchmark , General Catalyst , Peter Thiel , Adam D'Angelo , Larry Summers , and Jack Dorsey . Position: Data Science Expert Type: Contract Compensation: $120–$170/hour Location: Remote Role Responsibilities Design precise, task-specific grading criteria for real-world data science deliverables such as analyses, models, dashboards, and experiment…",eyJhbGciOiJIUzI1NiJ9.eyJpIjoiNTg0MTcxMjU4NiIsInMiOiJ3bXdBNkwycThSRzAzZnNFc2QxVlhBIn0.D_73bQV5j1Ku1gXj8jSCvmlMu_hRDvRSDbPgNjryeck,13.420806,Adzuna::API::Response::Job,"{'area': ['Deutschland', 'Berlin'], 'display_name': 'Berlin, Deutschland', '__CLASS__': 'Adzuna::API::Response::Location'}","{'display_name': 'Mercor', '__CLASS__': 'Adzuna::API::Response::Company'}",https://www.adzuna.de/details/5841712586?utm_medium=api&utm_source=a4bcf954,5841712586,2026-08-14T12:32:59Z,52.507706,Data Science Specialist - Fully Remote,"{'tag': 'unknown', 'label': 'Unknown', '__CLASS__': 'Adzuna::API::Response::Category'}",0,,,,
"About the job Mercor connects elite creative and technical talent with leading AI research labs. Headquartered in San Francisco, our investors include Benchmark , General Catalyst , Peter Thiel , Adam D'Angelo , Larry Summers , and Jack Dorsey . Position: Data Science Expert Type: Contract Compensation: $120–$170/hour Location: Remote Role Responsibilities Design precise, task-specific grading criteria for real-world data science deliverables, including analyses, models, dashboards, and experim…",eyJhbGciOiJIUzI1NiJ9.eyJzIjoid213QTZMMnE4UkcwM2ZzRXNkMVZYQSIsImkiOiI1ODYyMTAzMTYxIn0.PU3pqmiAaZoK5JyCNdysOFwDNPIsXlulmSjUtuPp_-o,13.420806,Adzuna::API::Response::Job,"{'display_name': 'Berlin, Deutschland', 'area': ['Deutschland', 'Berlin'], '__CLASS__': 'Adzuna::API::Response::Location'}","{'display_name': 'Mercor', '__CLASS__': 'Adzuna::API::Response::Company'}",https://www.adzuna.de/details/5862103161?utm_medium=api&utm_source=a4bcf954,5862103161,2026-08-30T12:37:07Z,52.507706,Data Science Expert - Evaluation Specialist,"{'tag': 'unknown', '__CLASS__': 'Adzuna::API::Response::Category', 'label': 'Unknown'}",0,,,,
"About the job Mercor connects elite creative and technical talent with leading AI research labs. Headquartered in San Francisco, our investors include Benchmark , General Catalyst , Peter Thiel , Adam D'Angelo , Larry Summers , and Jack Dorsey . Position: Data Science Expert Type: Contract Compensation: $120–$170/hour Location: Remote Role Responsibilities Design precise, task-specific grading criteria for real-world data science deliverables, including analyses, models, dashboards, and experim…",eyJhbGciOiJIUzI1NiJ9.eyJpIjoiNTg2Mjg4MzE2NiIsInMiOiJ3bXdBNkwycThSRzAzZnNFc2QxVlhBIn0.N7Ugb_4XTkujOODAfTiCvBztBC6gt87fX2beatxykCU,13.420806,Adzuna::API::Response::Job,"{'area': ['Deutschland', 'Berlin'], 'display_name': 'Berlin, Deutschland', '__CLASS__': 'Adzuna::API::Response::Location'}","{'__CLASS__': 'Adzuna::API::Response::Company', 'display_name': 'Mercor'}",https://www.adzuna.de/details/5862883166?utm_medium=api&utm_source=a4bcf954,5862883166,2026-08-31T12:36:51Z,52.507706,Data Science Expert - Fully Remote,"{'tag': 'unknown', '__CLASS__': 'Adzuna::API::Response::Category', 'label': 'Unknown'}",0,,,,
"About the job Mercor connects elite creative and technical talent with leading AI research labs. Headquartered in San Francisco, our investors include Benchmark , General Catalyst , Peter Thiel , Adam D'Angelo , Larry Summers , and Jack Dorsey . Position: Data Scientist Talent Network Type: Contract Compensation: $100–$150/hour Location: Remote Role Responsibilities Design precise, task-specific grading criteria for data science deliverables, including exploratory data analyses , statistical mo…",eyJhbGciOiJIUzI1NiJ9.eyJpIjoiNTg0MDE3NjY1MyIsInMiOiJ3bXdBNkwycThSRzAzZnNFc2QxVlhBIn0.ha-yCDBvs6e-XXvYFi9Hg1j8DND2P1sgt-as1WjqOZk,13.420806,Adzuna::API::Response::Job,"{'display_name': 'Berlin, Deutschland', 'area': ['Deutschland', 'Berlin'], '__CLASS__': 'Adzuna::API::Response::Location'}","{'display_name': 'Mercor', '__CLASS__': 'Adzuna::API::Response::Company'}",https://www.adzuna.de/details/5840176653?utm_medium=api&utm_source=a4bcf954,5840176653,2026-08-13T12:31:57Z,52.507706,Data Science Expert - Fully Remote,"{'tag': 'unknown', 'label': 'Unknown', '__CLASS__': 'Adzuna::API::Response::Category'}",0,,,,
"About the job Mercor connects elite creative and technical talent with leading AI research labs. Headquartered in San Francisco, our investors include Benchmark , General Catalyst , Peter Thiel , Adam D'Angelo , Larry Summers , and Jack Dorsey . Position: Data Scientist Talent Network Type: Contract Compensation: $100–$150/hour Location: Remote Role Responsibilities Design precise, task-specific grading criteria for data science deliverables. This includes exploratory data analyses , statistica…",eyJhbGciOiJIUzI1NiJ9.eyJzIjoid213QTZMMnE4UkcwM2ZzRXNkMVZYQSIsImkiOiI1ODU1MjQ4NzI3In0.WMocp5Ny_XqJ5x5hRpgNC762kaOm8-K3GXCIpwMLzHs,13.420806,Adzuna::API::Response::Job,"{'__CLASS__': 'Adzuna::API::Response::Location', 'display_name': 'Berlin, Deutschland', 'area': ['Deutschland', 'Berlin']}","{'__CLASS__': 'Adzuna::API::Response::Company', 'display_name': 'Mercor'}",https://www.adzuna.de/details/5855248727?utm_medium=api&utm_source=a4bcf954,5855248727,2026-08-25T12:34:48Z,52.507706,Data Science Expert - Fully Remote,"{'__CLASS__': 'Adzuna::API::Response::Category', 'label': 'Unknown', 'tag': 'unknown'}",0,,,,
"Stellenbeschreibung Du interessierst dich für Informatik, Programmierung und Technologie? Künstliche Intelligenz weckt deine Neugier? Du willst die digitale Zukunft mitgestalten? Dann bist du startbereit für das duale Studium in künstlicher Intelligenz und Data Science! Lerne im dualen Studium die Welt der künstlichen Intelligenz und Datenvielfalt kennen: Du beschäftigst dich 7 Semester lang mit Informations- und Kommunikationssystemen und deren Datenverarbeitung, entwickelst dafür Verfahren de…",eyJhbGciOiJIUzI1NiJ9.eyJzIjoid213QTZMMnE4UkcwM2ZzRXNkMVZYQSIsImkiOiI1ODY1MjQyODI3In0.P5RkB-CI2nbtoioKKIrzR-1ghyN3wNKoBQBnQIQ0cAk,12.112321,Adzuna::API::Response::Job,"{'__CLASS__': 'Adzuna::API::Response::Location', 'area': ['Deutschland', 'Bayern', 'Regensburg (Kreis)', 'Regensburg'], 'display_name': 'Regensburg, Regensburg (Kreis)'}","{'__CLASS__': 'Adzuna::API::Response::Company', 'display_name': 'Aumovio'}",https://www.adzuna.de/details/5865242827?utm_medium=api&utm_source=a4bcf954,5865242827,2026-09-01T22:24:30Z,49.022981,Bachelor - Künstliche Intelligenz und Data Science,"{'tag': 'unknown', 'label': 'Unknown', '__CLASS__': 'Adzuna::API::Response::Category'}",0,,,,
"BBC Cellpack was founded in 1935 in Vilmergen, Switzerland, as a successor to Dreifuss Brothers AG. Originally focused on cellophane packaging, the company quickly evolved through the pioneering spirit of the Dreifuss brothers, who recognized the potential of new materials and developed high-quality industrial goods. This innovative mindset laid the foundation for decades of progress With the launch of Cellpack GmbH in Waldshut-Tiengen in 1967, the company expanded into fibre-reinforced plastic…",eyJhbGciOiJIUzI1NiJ9.eyJzIjoid213QTZMMnE4UkcwM2ZzRXNkMVZYQSIsImkiOiI1ODY3MjcxNDYyIn0.42UniKSRAy-zlegcCxV40fa_4KpIkorPWnXw2RKjLN0,,Adzuna::API::Response::Job,"{'area': ['Deutschland'], 'display_name': 'Deutschland', '__CLASS__': 'Adzuna::API::Response::Location'}","{'display_name': 'BBC Cellpack GmbH', '__CLASS__': 'Adzuna::API::Response::Company'}",https://www.adzuna.de/land/ad/5867271462?se=wmwA6L2q8RG03fsEsd1VXA&utm_medium=api&utm_source=a4bcf954&v=51A1A8F1AA47C52432ADE506163AE10AF6A62DD1,5867271462,2026-09-02T18:16:44Z,,Dual Student in Data Science and Artificial Intelligence – Digital Production (B.Sc.) starting October 2027,"{'tag': 'engineering-jobs', '__CLASS__': 'Adzuna::API::Response::Category', 'label': 'Technikerstellen'}",0,,,,
"Wir machen Wünsche machbar – unsere Mission ist es, das Leben unserer Kund:innen zu bereichern und mit unseren Finanzdienstleistungen Träume zu verwirklichen. Wir verstehen uns nicht als typische Bank, sondern als lebendige Gemeinschaft von Gestalter:innen, die keine Angst davor haben, neue Wege zu gehen. Dabei setzen wir uns alle auch noch für Themen mit Impact wie Nachhaltigkeit und Digitalisierung ein – ob in unserer Zentrale in Stuttgart, an unserem Standort in Offenbach oder deutschlandwei…",eyJhbGciOiJIUzI1NiJ9.eyJzIjoid213QTZMMnE4UkcwM2ZzRXNkMVZYQSIsImkiOiI1ODExNDUzNDc3In0.eRAgzUYKbWdo9yKyj-oSn641RKysWFReNxunamfQ_hY,9.187224,Adzuna::API::Response::Job,"{'display_name': 'Stuttgart, Baden-Württemberg', 'area': ['Deutschland', 'Baden-Württemberg', 'Stuttgart'], '__CLASS__': 'Adzuna::API::Response::Location'}","{'__CLASS__': 'Adzuna::API::Response::Company', 'display_name': 'Creditplus Bank AG'}",https://www.adzuna.de/land/ad/5811453477?se=wmwA6L2q8RG03fsEsd1VXA&utm_medium=api&utm_source=a4bcf954&v=A941201519F735C9B8A3B22DA1F7FE671E964088,5811453477,2026-07-23T00:48:33Z,48.776198,(Senior) Risk Manager (m/w/d) Modeling & Data Science - Fokus Retail Credit Risk,"{'tag': 'other-general-jobs', '__CLASS__': 'Adzuna::API::Response::Category', 'label': 'Sonstige/Allgemeine Stellen'}",0,,,,
"Who we are Foundation models transformed text and images. Structured data - the largest and most consequential data format in the world - stayed untouched, until now. What LLMs did for language, we're doing for tables. We pioneered tabular foundation models: TabPFN v2 was a Nature cover story, has passed 3.5M downloads and 7,500 GitHub stars, and runs in production from detecting lung disease with Oxford Cancer Analytics to preventing train failures with Hitachi . The hardest problems - million…",eyJhbGciOiJIUzI1NiJ9.eyJzIjoid213QTZMMnE4UkcwM2ZzRXNkMVZYQSIsImkiOiI1Nzg4NTM5NDU1In0.aiNATGK7zmYO0aeJWDVjvizjC7BkhCjnlDupb50eaHY,13.420806,Adzuna::API::Response::Job,"{'__CLASS__': 'Adzuna::API::Response::Location', 'area': ['Deutschland', 'Berlin'], 'display_name': 'Berlin, Deutschland'}","{'__CLASS__': 'Adzuna::API::Response::Company', 'display_name': 'Prior Labs'}",https://www.adzuna.de/details/5788539455?utm_medium=api&utm_source=a4bcf954,5788539455,2026-07-05T00:49:56Z,52.507706,"Research Scientist, Foundational Data Science","{'tag': 'unknown', '__CLASS__': 'Adzuna::API::Response::Category', 'label': 'Unknown'}",0,full_time,,,
"Für den Standort München suchen wir: Projektmanager – Data Analytics / Data Science Ihre Aufgaben: Planung, Steuerung und Umsetzung datengetriebener Use Cases und Projekte über den gesamten Lifecycle Projektmanagement im Data-/Analytics-Umfeld (Termine, Budget, Risiken, Ressourcen) Zusammenarbeit mit Data Scientists, Data Analysts, Data Engineers, Product Ownern und Fachbereichen Übersetzung fachlicher Anforderungen in analytische Lösungsansätze Steuerung interner und externer Projektbeteiligte…",eyJhbGciOiJIUzI1NiJ9.eyJzIjoid213QTZMMnE4UkcwM2ZzRXNkMVZYQSIsImkiOiI1Nzc4MjY5MzM5In0.0GcTMUIKVtV3eW5q_bzI2uXKeP4nH5uy6Rix_qhT9hI,11.44811,Adzuna::API::Response::Job,"{'__CLASS__': 'Adzuna::API::Response::Location', 'area': ['Deutschland', 'Bayern', 'München (Kreis)', 'München', 'Allach-Untermenzing'], 'display_name': 'Allach-Untermenzing, München'}","{'__CLASS__': 'Adzuna::API::Response::Company', 'display_name': 'Guldberg'}",https://www.adzuna.de/details/5778269339?utm_medium=api&utm_source=a4bcf954,5778269339,2026-06-26T23:23:03Z,48.18449,Projektmanager – Data Analytics / Data Science,"{'label': 'Stellen aus PR, Werbung & Marketing', '__CLASS__': 'Adzuna::API::Response::Category', 'tag': 'pr-advertising-marketing-jobs'}",0,full_time,,,
"About finmid finmid 's mission is to enable software companies to reimagine how their business customers access capital. By productizing the complexity of financial services, finmid empowers companies to offer financial services where FinTech isn't the mission but enables the mission. About the opportunity We are looking for a Data Science Intern to join our Data team. This is an exciting opportunity for someone early in their career who is hungry to learn and build. You’ll work closely with th…",eyJhbGciOiJIUzI1NiJ9.eyJzIjoid213QTZMMnE4UkcwM2ZzRXNkMVZYQSIsImkiOiI1NzQ1OTU5OTI2In0.iZDbSRA5bIfZ94fx4fZN_SmpIK8YAErm9r8UrmZxhnI,,Adzuna::API::Response::Job,"{'__CLASS__': 'Adzuna::API::Response::Location', 'display_name': 'Deutschland', 'area': ['Deutschland']}","{'__CLASS__': 'Adzuna::API::Response::Company', 'display_name': 'Finmid'}",https://www.adzuna.de/details/5745959926?utm_medium=api&utm_source=a4bcf954,5745959926,2026-05-30T23:27:29Z,,Data Science Intern (FT Potential),"{'__CLASS__': 'Adzuna::API::Response::Category', 'label': 'Unknown', 'tag': 'unknown'}",0,full_time,,,
"Agency : Havas Media Germany Job Description : Willkommen bei Havas Media – Entdecke deine Leidenschaft für die Welt der Medien! Was macht eine Mediaagentur? Hast du dich schon einmal gefragt, wie genau die Werbespots ins Fernsehen oder auf Social Media kommen? Bei Havas Media sind wir die Trendsetter, die Innovatoren und die Planer unvergesslicher Kampagnen. Während Kreativagenturen die Kampagnen gestalten, sorgen wir dafür, dass sie auf allen digitalen Kanälen wie Social Media, YouTube und ve…",eyJhbGciOiJIUzI1NiJ9.eyJpIjoiNTg2OTMzNzQyMiIsInMiOiJ3bXdBNkwycThSRzAzZnNFc2QxVlhBIn0.Wmbzw8S8uL8y7J0y432Fric3qWrAo8Uefc5Ah44xV1U,6.808387,Adzuna::API::Response::Job,"{'display_name': 'Düsseldorf, Nordrhein-Westfalen', 'area': ['Deutschland', 'Nordrhein-Westfalen', 'Düsseldorf'], '__CLASS__': 'Adzuna::API::Response::Location'}","{'display_name': 'Havas', '__CLASS__': 'Adzuna::API::Response::Company'}",https://www.adzuna.de/details/5869337422?utm_medium=api&utm_source=a4bcf954,5869337422,2026-09-03T18:30:16Z,51.226802,Werkstudent/ in im Data Science (all gender),"{'tag': 'unknown', 'label': 'Unknown', '__CLASS__': 'Adzuna::API::Response::Category'}",0,part_time,15600.0,15600.0,
"Unternehmensbeschreibung AUMOVIO ist im September 2025 als Spin-off aus dem Geschäft des ehemaligen Continental-Unternehmensbereichs Automotive hervorgegangen und hat sich seitdem als eigenständiges Technologieunternehmen am Markt etabliert. Das Unternehmen bietet ein breites Portfolio für eine sichere, begeisternde, vernetzte und autonome Mobilität. Dazu gehören Sensorlösungen, Displays, Brems- und Komfortsysteme sowie umfassende Expertise in Software, Architekturplattformen und Assistenzsyste…",eyJhbGciOiJIUzI1NiJ9.eyJzIjoid213QTZMMnE4UkcwM2ZzRXNkMVZYQSIsImkiOiI1ODY4NDc4NzUyIn0.fjT67Q7fEiUFOVHotGPZ_RKF7E3ubMN-1nz5RAH2bA4,12.112321,Adzuna::API::Response::Job,"{'display_name': 'Regensburg, Regensburg (Kreis)', 'area': ['Deutschland', 'Bayern', 'Regensburg (Kreis)', 'Regensburg'], '__CLASS__': 'Adzuna::API::Response::Location'}","{'__CLASS__': 'Adzuna::API::Response::Company', 'display_name': 'AUMOVIO'}",https://www.adzuna.de/details/5868478752?utm_medium=api&utm_source=a4bcf954,5868478752,2026-09-03T09:27:14Z,49.022981,Bachelor - Knstliche Intelligenz und Data Science,"{'label': 'Unknown', '__CLASS__': 'Adzuna::API::Response::Category', 'tag': 'unknown'}",0,,,,
"Unternehmensbeschreibung AUMOVIO ist im September 2025 als Spin-off aus dem Geschft des ehemaligen Continental-Unternehmensbereichs Automotive hervorgegangen und hat sich seitdem als eigenstndiges Technologieunternehmen am Markt etabliert. Das Unternehmen bietet ein breites Portfolio fr eine sichere, begeisternde, vernetzte und autonome Mobilitt. Dazu gehren Sensorlsungen, Displays, Brems- und Komfortsysteme sowie umfassende Expertise in Software, Architekturplattformen und Assistenzsystemen fr…",eyJhbGciOiJIUzI1NiJ9.eyJzIjoid213QTZMMnE4UkcwM2ZzRXNkMVZYQSIsImkiOiI1ODcwMTAwNTQxIn0.EH7SqfXh4CfGNQNDWlfJV6vl6eWPa0ZbFsBMMK7KWEQ,12.112321,Adzuna::API::Response::Job,"{'display_name': 'Regensburg, Regensburg (Kreis)', 'area': ['Deutschland', 'Bayern', 'Regensburg (Kreis)', 'Regensburg'], '__CLASS__': 'Adzuna::API::Response::Location'}","{'__CLASS__': 'Adzuna::API::Response::Company', 'display_name': 'AUMOVIO'}",https://www.adzuna.de/details/5870100541?utm_medium=api&utm_source=a4bcf954,5870100541,2026-09-04T07:22:41Z,49.022981,Bachelor - Künstliche Intelligenz und Data Science,"{'tag': 'unknown', 'label': 'Unknown', '__CLASS__': 'Adzuna::API::Response::Category'}",0,,,,
"About Us STARK is a new kind of defence technology company revolutionising the way autonomous systems are deployed across multiple domains. We design, develop and manufacture high-performance unmanned systems that are software-defined, mass-scalable and cost-effective. This provides our operators with a decisive edge in highly contested environments. We’re focused on delivering deployable, high-performance systems—not future promises. In a time of rising threats, STARK is bolstering the technol…",eyJhbGciOiJIUzI1NiJ9.eyJpIjoiNTc5ODI5NTY4OSIsInMiOiJ3bXdBNkwycThSRzAzZnNFc2QxVlhBIn0.EY0StJnKB4foCByhtJeFKEmXXgmr5xIUAAFyHkNG8Bc,13.38475,Adzuna::API::Response::Job,"{'__CLASS__': 'Adzuna::API::Response::Location', 'display_name': 'Mitte, Berlin', 'area': ['Deutschland', 'Berlin', 'Mitte']}","{'__CLASS__': 'Adzuna::API::Response::Company', 'display_name': 'Stark'}",https://www.adzuna.de/details/5798295689?utm_medium=api&utm_source=a4bcf954,5798295689,2026-07-13T00:10:55Z,52.51551,Data Science Intern (all genders),"{'tag': 'unknown', '__CLASS__': 'Adzuna::API::Response::Category', 'label': 'Unknown'}",0,part_time,,,
"Job Description: Bist du neugierig auf Technik und möchtest die Welt von morgen mitgestalten? Dann ist eine Ausbildung oder ein Studium bei Airbus am Standort in Augsburg genau das Richtige für dich! Im dualen Studium Informatik befasst du dich in der Industrie mit komplexen Themen und Systemen. Du konzipierst, entwickelst und realisierst technische Lösungen zur Unterstützung der Geschäftsprozesse im Bereich der Übertragung, Vermittlung und Verarbeitung von Informationen. Hauptthemen in der Inf…",eyJhbGciOiJIUzI1NiJ9.eyJpIjoiNTgyNTQyODY5MyIsInMiOiJ3bXdBNkwycThSRzAzZnNFc2QxVlhBIn0.kAcHvTGWhXN5qU2eq9XQrF4wp3EH5tQrSQVwliOeLsA,10.89379,Adzuna::API::Response::Job,"{'area': ['Deutschland', 'Bayern', 'Augsburg (Kreis)', 'Augsburg'], 'display_name': 'Augsburg, Augsburg (Kreis)', '__CLASS__': 'Adzuna::API::Response::Location'}","{'display_name': 'Airbus Aerostructures GmbH', '__CLASS__': 'Adzuna::API::Response::Company'}",https://www.adzuna.de/land/ad/5825428693?se=wmwA6L2q8RG03fsEsd1VXA&utm_medium=api&utm_source=a4bcf954&v=6306E28B2BB7096D76D08EC5E978C14164916CD7,5825428693,2026-08-02T10:01:02Z,48.357096,Duales Studium B. Sc. Informatik - Data Science und Künstliche Intelligenz (d/m/w) zum 01.09.2027,"{'label': 'Unknown', '__CLASS__': 'Adzuna::API::Response::Category', 'tag': 'unknown'}",0,,,,
"Dein Team Du hast Freude an Innovationen, spannenden Inhalten und kollegialem Teamspirit? Mit unseren Berater:innen wächst du mit deinen Aufgaben und lernst von unseren Expert:innen. Bewerben Sie sich schnell, lesen Sie die vollständige Beschreibung, indem Sie nach unten scrollen, um die vollständigen Anforderungen für diese Stelle zu erfahren. Gemeinsam beraten wir unsere deutsch- und englischsprachigen Kunden bei ihren xvbsvpc Herausforderungen im Umfeld von Business Intelligence, Planung, Ad…",eyJhbGciOiJIUzI1NiJ9.eyJpIjoiNTg3MjE1ODgzOCIsInMiOiJ3bXdBNkwycThSRzAzZnNFc2QxVlhBIn0.EXMJkvbWK6_ZqS4h4N_iAVULaR_l2r0Fu4wlIn9Eu6s,,Adzuna::API::Response::Job,"{'area': ['Deutschland'], 'display_name': 'Deutschland', '__CLASS__': 'Adzuna::API::Response::Location'}","{'__CLASS__': 'Adzuna::API::Response::Company', 'display_name': 'ISR Information Products AG'}",https://www.adzuna.de/land/ad/5872158838?se=wmwA6L2q8RG03fsEsd1VXA&utm_medium=api&utm_source=a4bcf954&v=EA9528D0D62A95B9B6F51816F4EBB758FCD88765,5872158838,2026-09-05T18:22:28Z,,Junior Consultant Analytics Data Science (m/w/d),"{'__CLASS__': 'Adzuna::API::Response::Category', 'label': 'IT-Stellen', 'tag': 'it-jobs'}",0,,,,
"Life is always about becoming… Im Leben geht es darum, sich auf eine Reise zu begeben, um die beste Version unseres zukünftigen Selbst zu werden. Während wir Neues entdecken, stellen wir uns Herausforderungen, meistern sie und wachsen über uns hinaus. Bewerben Sie sich bei Mercedes-Benz und finden Sie den Aufgabenbereich, in dem Sie Ihre Talente individuell entfalten können. Dabei werden Sie von visionären Kolleginnen und Kollegen unterstützt, die Ihren Pioniergeist teilen. Bei uns einzusteigen…",eyJhbGciOiJIUzI1NiJ9.eyJzIjoid213QTZMMnE4UkcwM2ZzRXNkMVZYQSIsImkiOiI1ODEwNTUyMzkxIn0.PnwgOpvTvOcX2KETcfE6fyB020Lof9jYNJ5iZPalLpI,8.36958,Adzuna::API::Response::Job,"{'display_name': 'Germersheim, Germersheim (Kreis)', 'area': ['Deutschland', 'Rheinland-Pfalz', 'Germersheim (Kreis)', 'Germersheim'], '__CLASS__': 'Adzuna::API::Response::Location'}","{'display_name': 'Mercedes-Benz AG', '__CLASS__': 'Adzuna::API::Response::Company'}",https://www.adzuna.de/land/ad/5810552391?se=wmwA6L2q8RG03fsEsd1VXA&utm_medium=api&utm_source=a4bcf954&v=44E8BD146F824A1C17C1E9D9B1CFE1603EE259CA,5810552391,2026-07-22T10:26:58Z,49.21886,"Duales Studium Data Science und Künstliche Intelligenz, Bachelor of Science, Mercedes-Benz AG, Global Logistics Center Germersheim, Studienbeginn 1. Oktober 2027 (m/w/d)","{'tag': 'graduate-jobs', 'label': 'Stellen für Hochschulabsolventen', '__CLASS__': 'Adzuna::API::Response::Category'}",0,,,,
"Du hast Lust auf diese Aufgaben Du unterstützt uns im Bereich Data Engineering bei der Erweiterung von Data Pipelines / ETL-Prozessen, z.B. mit Airflow, dbt und Kafka. Du arbeitest in unserer Google Cloud Umgebung und nutzt dabei Services wie BigQuery. Du kombinierst Daten aus internen und externen Quellen und bereitest sie zu einem analytischen Datensatz auf. Du visualisierst Analyseergebnisse mit Tools wie Looker Studio Wir freuen uns auf Deine Qualifikationen Du bist Student:in (m/w/d) oder …",eyJhbGciOiJIUzI1NiJ9.eyJzIjoid213QTZMMnE4UkcwM2ZzRXNkMVZYQSIsImkiOiI1ODA2NTYyODU2In0.Vcx5mMkXfY-DyhkJo8K32tF5WSIqQnydtNTsQ9xyFgY,6.808387,Adzuna::API::Response::Job,"{'__CLASS__': 'Adzuna::API::Response::Location', 'display_name': 'Düsseldorf, Nordrhein-Westfalen', 'area': ['Deutschland', 'Nordrhein-Westfalen', 'Düsseldorf']}","{'__CLASS__': 'Adzuna::API::Response::Company', 'display_name': 'jobvector'}",https://www.adzuna.de/details/5806562856?utm_medium=api&utm_source=a4bcf954,5806562856,2026-07-19T00:14:27Z,51.226802,Praktikum Data Science / Data Engineering (m/w/d),"{'tag': 'unknown', 'label': 'Unknown', '__CLASS__': 'Adzuna::API::Response::Category'}",0,full_time,,,
"Die VBL mit Sitz in Karlsruhe ist Deutschlands größte Zusatzversorgungseinrichtung für Beschäftigte des öffentlichen Dienstes und betreut circa 5,4 Mio. Versicherte und circa 1,5 Mio. Rentenberechtigte. Sie begeistern sich für Daten, digitale Technologien und intelligente Systeme? Dann verbinden Sie Theorie und Praxis in einem zukunftsweisenden dualen Studium bei der VBL. Ab sofort suchen wir einen Studierenden für 2027. Duales Studium (B.Sc.) – Data Science und Künstliche Intelligenz (m/w/d) A…",eyJhbGciOiJIUzI1NiJ9.eyJpIjoiNTg3MjE0Mzc1NiIsInMiOiJ3bXdBNkwycThSRzAzZnNFc2QxVlhBIn0.ZbZXff9zF7yTIDfjAnbGXe7RjLaB0Cb3LlXxyvIfyCk,,Adzuna::API::Response::Job,"{'display_name': 'Deutschland', 'area': ['Deutschland'], '__CLASS__': 'Adzuna::API::Response::Location'}","{'display_name': 'VBL. Versorgungsanstalt des Bundes und der Länder', '__CLASS__': 'Adzuna::API::Response::Company'}",https://www.adzuna.de/land/ad/5872143756?se=wmwA6L2q8RG03fsEsd1VXA&utm_medium=api&utm_source=a4bcf954&v=5C89E056CB37B42C6B51ED1FAF653C1309CD623F,5872143756,2026-09-05T18:09:39Z,,Duales Studium (B.Sc.) – Data Science und Künstliche Intelligenz (m/w/d),"{'label': 'IT-Stellen', '__CLASS__': 'Adzuna::API::Response::Category', 'tag': 'it-jobs'}",0,,,,
"The Alfred Wegener Institute Helmholtz Centre for Polar and Marine Research (AWI) is a member of the Helmholtz Association (HGF) and funded by federal and state government. AWI focuses on polar and marine research in a variety of disciplines such as biology, oceanography, geology, geochemistry and geophysics thus allowing multidisciplinary approaches to scientific goals. PhD position in Data Science/Bioinformatics for Marine and Arctic Biodiversity (f/x/d/m) Background Long-term monitoring of m…",eyJhbGciOiJIUzI1NiJ9.eyJzIjoid213QTZMMnE4UkcwM2ZzRXNkMVZYQSIsImkiOiI1ODUwOTQzNjI2In0.coGvn3Ohn6x9Vz1ZTG2vSlVP7JrAWThZTU7tG4iN_lE,8.595073,Adzuna::API::Response::Job,"{'__CLASS__': 'Adzuna::API::Response::Location', 'area': ['Deutschland', 'Bremen', 'Bremerhaven'], 'display_name': 'Bremerhaven, Bremen'}","{'__CLASS__': 'Adzuna::API::Response::Company', 'display_name': 'Alfred-Wegener-Institut Helmholtz-Zentrum für Polar- und Meeresforschung'}",https://www.adzuna.de/land/ad/5850943626?se=wmwA6L2q8RG03fsEsd1VXA&utm_medium=api&utm_source=a4bcf954&v=5BB161EDC37D3A9B78589499E10A688E317D9D40,5850943626,2026-08-21T12:52:57Z,53.548992,PhD position in Data Science/Bioinformatics for Marine and Arctic Biodiversity (f/x/d/m),"{'__CLASS__': 'Adzuna::API::Response::Category', 'label': 'Stellen für Hochschulabsolventen', 'tag': 'graduate-jobs'}",0,,,,
"Dein Studium Du möchtest Theorie und Praxis miteinander verknüpfen und begeisterst dich für Daten, Analysen und Künstliche Intelligenz? Dann ist das duale Studium im Bereich Data Science & Künstliche Intelligenz in Kombination mit MWAY genau das Richtige für dich. Studiendauer: 3 Jahre Studienverlauf: Wechsel von Theorie- und Praxisphasen im 3-Monats-Rhythmus Praxisort: Stuttgart-Bad Cannstatt Studienstart: 01.10.2027 Studienort: DHBW Stuttgart Abschluss: Bachelor of Science Weitere Information…",eyJhbGciOiJIUzI1NiJ9.eyJpIjoiNTU5MzY1NTQwMiIsInMiOiJ3bXdBNkwycThSRzAzZnNFc2QxVlhBIn0.BJ6ejdTNTDkE-hBFqT0o2VmPRXJ1ynfJEvAEsMo0IVY,9.21546,Adzuna::API::Response::Job,"{'area': ['Deutschland', 'Baden-Württemberg', 'Stuttgart', 'Bad Cannstatt'], 'display_name': 'Bad Cannstatt, Stuttgart', '__CLASS__': 'Adzuna::API::Response::Location'}","{'display_name': 'MWAY DIGITAL GmbH', '__CLASS__': 'Adzuna::API::Response::Company'}",https://www.adzuna.de/details/5593655402?utm_medium=api&utm_source=a4bcf954,5593655402,2026-01-21T06:59:03Z,48.80499,DHBW Data Science & Künstliche Intelligenz – 2027,"{'tag': 'unknown', 'label': 'Unknown', '__CLASS__': 'Adzuna::API::Response::Category'}",0,full_time,,,
"Dein Studium Du möchtest Theorie und Praxis miteinander verknüpfen und begeisterst dich für Daten, Analysen und Künstliche Intelligenz? Dann ist das duale Studium im Bereich Data Science & Künstliche Intelligenz in Kombination mit MWAY genau das Richtige für dich. Studiendauer: 3 Jahre Studienverlauf: Wechsel von Theorie- und Praxisphasen im 3-Monats-Rhythmus Praxisort: Stuttgart-Bad Cannstatt Studienstart: 01.10.2027 Studienort: DHBW Stuttgart Abschluss: Bachelor of Science Weitere Information…",eyJhbGciOiJIUzI1NiJ9.eyJpIjoiNTcyNzMwMTMyMiIsInMiOiJ3bXdBNkwycThSRzAzZnNFc2QxVlhBIn0.sUrjk9aIIVKeBWLITsEUeHMIBPpwZQSHtwABrIiuOkk,9.187224,Adzuna::API::Response::Job,"{'display_name': 'Stuttgart, Baden-Württemberg', 'area': ['Deutschland', 'Baden-Württemberg', 'Stuttgart'], '__CLASS__': 'Adzuna::API::Response::Location'}","{'display_name': 'MWAY DIGITAL', '__CLASS__': 'Adzuna::API::Response::Company'}",https://www.adzuna.de/details/5727301322?utm_medium=api&utm_source=a4bcf954,5727301322,2026-05-12T22:59:27Z,48.776198,DHBW Data Science & Künstliche Intelligenz – 2027,"{'tag': 'it-jobs', '__CLASS__': 'Adzuna::API::Response::Category', 'label': 'IT-Stellen'}",0,full_time,,,
"Deine Aufgaben Du arbeitest in unseren cross-funktionalen Teams an spannenden Data-Science-Projekten im Finanzbereich mit und entwickelst datengetriebene Lösungen für unsere Kunden. Du unterstützt beim Aufbau, der Strukturierung und der Pflege unserer Modell-Repositories in Bitbucket und arbeitest dabei mit modernen Entwicklungsstandards wie Git, Cookiecutter und Python. Du unterstützt uns bei der Migration unserer Data-Science-Umgebung nach Databricks, beispielsweise durch die Anpassung und Re…",eyJhbGciOiJIUzI1NiJ9.eyJzIjoid213QTZMMnE4UkcwM2ZzRXNkMVZYQSIsImkiOiI1ODQ5NzQ3ODU1In0.rxRHt6pWfpA_QqaN0Qqelm9Vhy-qXeKizSslEjd9gfs,8.47624,Adzuna::API::Response::Job,"{'__CLASS__': 'Adzuna::API::Response::Location', 'area': ['Deutschland', 'Baden-Württemberg', 'Karlsruhe (Kreis)', 'Karlsruhe', 'Durlach'], 'display_name': 'Durlach, Karlsruhe'}","{'__CLASS__': 'Adzuna::API::Response::Company', 'display_name': 'TRUUCO'}",https://www.adzuna.de/details/5849747855?utm_medium=api&utm_source=a4bcf954,5849747855,2026-08-20T17:44:29Z,49.00018,Werkstudierende Data Science (m/w/d),"{'tag': 'unknown', 'label': 'Unknown', '__CLASS__': 'Adzuna::API::Response::Category'}",0,part_time,18.0,18.0,
Duales Studium - Data Science & Künstliche Intelligenz Standort Burghausen - 84489 Burghausen - Arbeitszeit: Vollzeit - Position: Duales Studium - Bildungsgrad Mindestvoraussetzung: Fachhochschulreife - Beschäftigungsbeginn: 01.09.2027,eyJhbGciOiJIUzI1NiJ9.eyJpIjoiNTc4NTIzMDI3NSIsInMiOiJ3bXdBNkwycThSRzAzZnNFc2QxVlhBIn0.sf5u-GuLVuueBgA0nkR-Rny8_589TQWoy0zmcKbDSxo,12.83048,Adzuna::API::Response::Job,"{'display_name': 'Burghausen, Altötting (Kreis)', 'area': ['Deutschland', 'Bayern', 'Altötting (Kreis)', 'Burghausen'], '__CLASS__': 'Adzuna::API::Response::Location'}","{'__CLASS__': 'Adzuna::API::Response::Company', 'display_name': 'Wacker Chemie AG - Werk Burghausen'}",https://www.adzuna.de/details/5785230275?utm_medium=api&utm_source=a4bcf954,5785230275,2026-07-02T11:24:40Z,48.17244,Duales Studium - Data Science & Künstliche Intelligenz,"{'__CLASS__': 'Adzuna::API::Response::Category', 'label': 'Stellen für Hochschulabsolventen', 'tag': 'graduate-jobs'}",0,,,,
"Wer wir sind Als eine der führenden Beratungen der Medienbranche treibt Highberg DACH (ehemals SCHICKLER) den digitalen Wandel in Medienunternehmen in Deutschland, Österreich und der Schweiz aktiv voran. In der Medienwelt von heute entscheidet Datenkompetenz über Sichtbarkeit, Reichweite und Erfolg. Wer relevant bleiben will, muss Wandel aktiv gestalten – genau deshalb suchen wir dich. Unser Tech Stack: Programmiersprachen: Python, R, JavaScript, SQL ETL / Data-Modeling: dbt, Google Dataflow, P…",eyJhbGciOiJIUzI1NiJ9.eyJzIjoid213QTZMMnE4UkcwM2ZzRXNkMVZYQSIsImkiOiI1NzI3MzQ1NDA0In0.ZVcqUR9FBYS0OFf_pDfrkRqaFeypES7uYf3zITQ89lI,9.99333,Adzuna::API::Response::Job,"{'display_name': 'HafenCity, Hamburg', 'area': ['Deutschland', 'Hamburg', 'HafenCity'], '__CLASS__': 'Adzuna::API::Response::Location'}","{'__CLASS__': 'Adzuna::API::Response::Company', 'display_name': 'Highberg'}",https://www.adzuna.de/details/5727345404?utm_medium=api&utm_source=a4bcf954,5727345404,2026-05-12T23:27:34Z,53.54167,Praktikum: Data Science (w/m/d),"{'__CLASS__': 'Adzuna::API::Response::Category', 'label': 'Beraterstellen', 'tag': 'consultancy-jobs'}",0,full_time,,,
"Im AI & Data Team bei Accenture vereinen wir einzigartige Persönlichkeiten und zukunftsgerichtetes Know-How, um gemeinsam mit unseren Kunden datengetriebene Transformation voranzutreiben und die Zukunft durch KI (Künstliche Intelligenz) zu gestalten. Wir begleiten unsere Kunden Ende-zu-Ende – von der strategischen, KI-nativen Neuausrichtung & Zieldefinition der Organisation über die Konzeption & Entwicklung von cutting-edge KI-Lösungen bis hin zum technischen Design & der Implementierung von KI…",eyJhbGciOiJIUzI1NiJ9.eyJpIjoiNTg3MDc5NzI3MSIsInMiOiJ3bXdBNkwycThSRzAzZnNFc2QxVlhBIn0.AqpvN9LkWzJaAQwggg_VFJ0sg8UQ3mRpPEppWcQ__GA,,Adzuna::API::Response::Job,"{'area': ['Deutschland'], 'display_name': 'Deutschland', '__CLASS__': 'Adzuna::API::Response::Location'}","{'display_name': 'Accenture', '__CLASS__': 'Adzuna::API::Response::Company'}",https://www.adzuna.de/details/5870797271?utm_medium=api&utm_source=a4bcf954,5870797271,2026-09-04T18:12:02Z,,AI & Data Science Consultant (all genders),"{'tag': 'consultancy-jobs', 'label': 'Beraterstellen', '__CLASS__': 'Adzuna::API::Response::Category'}",0,full_time,,,
"Wer wir sind Als eine der führenden Beratungen der Medienbranche treibt Highberg DACH (ehemals SCHICKLER) den digitalen Wandel in Medienunternehmen in Deutschland, Österreich und der Schweiz aktiv voran. In der Medienwelt von heute entscheidet Datenkompetenz über Sichtbarkeit, Reichweite und Erfolg. Wer relevant bleiben will, muss Wandel aktiv gestalten – genau deshalb suchen wir dich. Unser Tech Stack: Programmiersprachen: Python, R, JavaScript, SQL ETL / Data-Modeling: dbt, Google Dataflow, P…",eyJhbGciOiJIUzI1NiJ9.eyJzIjoid213QTZMMnE4UkcwM2ZzRXNkMVZYQSIsImkiOiI0MzUyNTkxOTMyIn0.OIxrRbG1V-Jfjb-FnBeAPxXaieZ70uyFFadErHFNjvE,9.99333,Adzuna::API::Response::Job,"{'display_name': 'HafenCity, Hamburg', 'area': ['Deutschland', 'Hamburg', 'HafenCity'], '__CLASS__': 'Adzuna::API::Response::Location'}","{'__CLASS__': 'Adzuna::API::Response::Company', 'display_name': 'Highberg DACH'}",https://www.adzuna.de/details/4352591932?utm_medium=api&utm_source=a4bcf954,4352591932,2023-10-05T13:37:27Z,53.54167,Praktikum: Data Science (w/m/d),"{'tag': 'unknown', '__CLASS__': 'Adzuna::API::Response::Category', 'label': 'Unknown'}",0,full_time,,,
"Welcome Du möchtest mit Data Science echten Impact in technologisch anspruchsvollen Projekten schaffen? Dann bist du bei INVENSITY genau richtig. Als internationale Technologieberatung unterstützen wir unsere Kunden dabei, komplexe technische Fragestellungen datenbasiert zu lösen und innovative Systeme weiterzuentwickeln. Dein Beitrag: Mit smarten Modellen und fundierten Analysen unterstützt du technische Entscheidungsprozesse in der Luft- und Raumfahrt sowie im Defense-Umfeld und schaffst so d…",eyJhbGciOiJIUzI1NiJ9.eyJpIjoiNTgyMTc5MTk0OCIsInMiOiJ3bXdBNkwycThSRzAzZnNFc2QxVlhBIn0.V2EVzU6gH4FyEPm7by4SZPRESdm6WbEWZGt3o3uGlfE,11.56803,Adzuna::API::Response::Job,"{'area': ['Deutschland', 'Bayern', 'München (Kreis)', 'München', 'Maxvorstadt'], 'display_name': 'Maxvorstadt, München', '__CLASS__': 'Adzuna::API::Response::Location'}","{'display_name': 'INVENSITY GmbH', '__CLASS__': 'Adzuna::API::Response::Company'}",https://www.adzuna.de/details/5821791948?utm_medium=api&utm_source=a4bcf954,5821791948,2026-07-31T02:40:38Z,48.1476,Data Science Consultant (m/w/d),"{'tag': 'unknown', 'label': 'Unknown', '__CLASS__': 'Adzuna::API::Response::Category'}",0,full_time,,,permanent
"Welcome Du möchtest mit Data Science echten Impact in technologisch anspruchsvollen Projekten schaffen? Dann bist du bei INVENSITY genau richtig. Als internationale Technologieberatung unterstützen wir unsere Kunden dabei, komplexe technische Fragestellungen datenbasiert zu lösen und innovative Systeme weiterzuentwickeln. Dein Beitrag: Mit smarten Modellen und fundierten Analysen unterstützt du technische Entscheidungsprozesse in der Luft- und Raumfahrt sowie im Defense-Umfeld und schaffst so d…",eyJhbGciOiJIUzI1NiJ9.eyJzIjoid213QTZMMnE4UkcwM2ZzRXNkMVZYQSIsImkiOiI1ODI0MTMyNjI0In0.1T9dl_70qgKPm6LkuqgI_JUST3BO3gJk9WXW0Zj8mP0,9.18071,Adzuna::API::Response::Job,"{'__CLASS__': 'Adzuna::API::Response::Location', 'display_name': 'Mitte, Stuttgart', 'area': ['Deutschland', 'Baden-Württemberg', 'Stuttgart', 'Mitte']}","{'display_name': 'INVENSITY Stellenportal', '__CLASS__': 'Adzuna::API::Response::Company'}",https://www.adzuna.de/details/5824132624?utm_medium=api&utm_source=a4bcf954,5824132624,2026-08-01T17:24:04Z,48.77713,Data Science Consultant (m/w/d),"{'tag': 'consultancy-jobs', '__CLASS__': 'Adzuna::API::Response::Category', 'label': 'Beraterstellen'}",0,full_time,,,
"adjoe builds the technologies behind mobile apps growth and monetization. adjoe Ads is our programmatic in-app advertising platform that seamlessly connects advertisers and publishers through direct integration of our Android and iOS SDKs. Every ad decision happens in under 200ms across 10 million daily users, powered by real-time bidding algorithms and user quality prediction models that match the right ad to the right user at the right moment. 50 Billion Daily Bid Predictions The adjoe Ads Da…",eyJhbGciOiJIUzI1NiJ9.eyJpIjoiNTgzMzcwNDE1NiIsInMiOiJ3bXdBNkwycThSRzAzZnNFc2QxVlhBIn0.xg1BSobTlvspwpcwQMvNqZolbv0q_FDv0lXbNgVpG1o,9.987297,Adzuna::API::Response::Job,"{'__CLASS__': 'Adzuna::API::Response::Location', 'area': ['Deutschland', 'Hamburg'], 'display_name': 'Hamburg, Deutschland'}","{'display_name': 'adjoe', '__CLASS__': 'Adzuna::API::Response::Company'}",https://www.adzuna.de/details/5833704156?utm_medium=api&utm_source=a4bcf954,5833704156,2026-08-08T18:04:35Z,53.557429,Data Science Director (f/m/d),"{'__CLASS__': 'Adzuna::API::Response::Category', 'label': 'Unknown', 'tag': 'unknown'}",0,full_time,,,
"Job Description Vergessen Sie nicht, Ihren Lebenslauf zu überprüfen, bevor Sie sich bewerben. Lesen Sie sich auch alle Anforderungen für diese Stelle durch. Die VBL mit Sitz in Karlsruhe ist Deutschlands größte Zusatzversorgungseinrichtung für Beschäftigte des öffentlichen Dienstes und betreut circa 5,4 Mio. Versicherte und circa 1,5 Mio. Rentenberechtigte. Sie begeistern sich für Daten, digitale Technologien und intelligente Systeme? Dann verbinden Sie Theorie und Praxis in einem zukunftsweise…",eyJhbGciOiJIUzI1NiJ9.eyJpIjoiNTg2NzI4MjA1MSIsInMiOiJ3bXdBNkwycThSRzAzZnNFc2QxVlhBIn0.b299UiMVIt_TMrpLcbC7m_LJdytSNIMBdND9qmWnGKE,,Adzuna::API::Response::Job,"{'display_name': 'Deutschland', 'area': ['Deutschland'], '__CLASS__': 'Adzuna::API::Response::Location'}","{'display_name': 'VBL. Versorgungsanstalt des Bundes und der Länder', '__CLASS__': 'Adzuna::API::Response::Company'}",https://www.adzuna.de/land/ad/5867282051?se=wmwA6L2q8RG03fsEsd1VXA&utm_medium=api&utm_source=a4bcf954&v=70983F7E8AD3D62F78EB7A46E23941FBA9B3B0F2,5867282051,2026-09-02T18:21:34Z,,Duales Studium (B.Sc.) - Data Science und Künstliche Intelligenz (m/w/d),"{'label': 'IT-Stellen', '__CLASS__': 'Adzuna::API::Response::Category', 'tag': 'it-jobs'}",0,,,,
"GEOMAR Helmholtz Centre for Ocean Research Kiel is a foundation under public law jointly financed by the Federal Republic of Germany (90%) and the State of Schleswig-Holstein (10%). It is one of the internationally leading institutions in the field of marine research. Through our research and our commitment to the transfer of knowledge and technology, we contribute significantly to the preservation of the function and protection of the ocean for future generations. The position offers the oppor…",eyJhbGciOiJIUzI1NiJ9.eyJpIjoiNTg0OTg0MjcxNyIsInMiOiJ3bXdBNkwycThSRzAzZnNFc2QxVlhBIn0.H0Os5c2knryi78B8bkElLUkd-4teT-gcPnwDR0iwMsE,10.16424,Adzuna::API::Response::Job,"{'area': ['Deutschland', 'Schleswig-Holstein', 'Kiel', 'Ellerbek'], 'display_name': 'Ellerbek, Kiel', '__CLASS__': 'Adzuna::API::Response::Location'}","{'__CLASS__': 'Adzuna::API::Response::Company', 'display_name': 'GEOMAR Helmholtz-Zentrum für Ozeanforschung Kiel'}",https://www.adzuna.de/details/5849842717?utm_medium=api&utm_source=a4bcf954,5849842717,2026-08-20T18:14:15Z,54.31419,PhD Data Science (m/f/d),"{'__CLASS__': 'Adzuna::API::Response::Category', 'label': 'Unknown', 'tag': 'unknown'}",0,,,,
"Über uns Du willst technische Verantwortung übernehmen und sehen, wie deine Arbeit in echten Use Cases Mehrwert schafft – bei Unternehmen, die du aus dem Alltag kennst? Willkommen bei twomynds. Wir sind eine dedizierte Data-&-AI-Beratung sowie ein Service Provider mit End-to-End-Umsetzung und begleiten Unternehmen von der strategischen Zielsetzung bis zur operativen Realisierung – strategisch, umsetzungsstark und ergebnisorientiert. Unsere Mission: Ambitionierte Unternehmen befähigen, Data & AI…",eyJhbGciOiJIUzI1NiJ9.eyJzIjoid213QTZMMnE4UkcwM2ZzRXNkMVZYQSIsImkiOiI1ODA0NTc3ODg0In0.q9fzClKmNS9qlOK5KzzJP3cIcxKDxwIhrNJpVqweXGw,7.10344,Adzuna::API::Response::Job,"{'area': ['Deutschland', 'Nordrhein-Westfalen', 'Bonn', 'Zentrum'], 'display_name': 'Zentrum, Bonn', '__CLASS__': 'Adzuna::API::Response::Location'}","{'__CLASS__': 'Adzuna::API::Response::Company', 'display_name': 'twomynds'}",https://www.adzuna.de/details/5804577884?utm_medium=api&utm_source=a4bcf954,5804577884,2026-07-17T09:55:42Z,50.73754,Data Science Manager (m/w/d),"{'__CLASS__': 'Adzuna::API::Response::Category', 'label': 'Unknown', 'tag': 'unknown'}",0,,,,
"Über uns Du willst technische Verantwortung übernehmen und sehen, wie deine Arbeit in echten Use Cases Mehrwert schafft – bei Unternehmen, die du aus dem Alltag kennst? Willkommen bei twomynds. Wir sind eine dedizierte Data-&-AI-Beratung sowie ein Service Provider mit End-to-End-Umsetzung und begleiten Unternehmen von der strategischen Zielsetzung bis zur operativen Realisierung – strategisch, umsetzungsstark und ergebnisorientiert. Unsere Mission: Ambitionierte Unternehmen befähigen, Data & AI…",eyJhbGciOiJIUzI1NiJ9.eyJpIjoiNTgwMzA2MTIzNiIsInMiOiJ3bXdBNkwycThSRzAzZnNFc2QxVlhBIn0.HpExkv2DX-gHw4YU_AgkvfsgbAs3pOAy00rI4KENivE,7.112412,Adzuna::API::Response::Job,"{'__CLASS__': 'Adzuna::API::Response::Location', 'area': ['Deutschland', 'Nordrhein-Westfalen', 'Bonn'], 'display_name': 'Bonn, Nordrhein-Westfalen'}","{'display_name': 'twomynds', '__CLASS__': 'Adzuna::API::Response::Company'}",https://www.adzuna.de/details/5803061236?utm_medium=api&utm_source=a4bcf954,5803061236,2026-07-16T16:27:05Z,50.71942,Data Science Manager (m/w/d),"{'label': 'Unknown', '__CLASS__': 'Adzuna::API::Response::Category', 'tag': 'unknown'}",0,full_time,,,
Darauf kannst Du dich freuen Du übernimmst eigenverantwortlich verschiedene Modellierungs- und Analyseprojekte und nutzt dabei unsere Marktplatzdaten sowie deine fundierten Methodenkenntnisse. Du bereitest Daten aus unterschiedlichen Systemen auf und setzt deine Fähigkeiten im Feature Engineering effektiv ein. Bei der Umsetzung von statistischen Modellen und Modell-Prototypen legst du großen Wert auf deren praktische Anwendbarkeit. Du führst statistisch fundierte Analysen und Simulationen durch…,eyJhbGciOiJIUzI1NiJ9.eyJzIjoid213QTZMMnE4UkcwM2ZzRXNkMVZYQSIsImkiOiI1NzI3MzIyOTE1In0.lDEmug7uBzQWAbEbCY37mMHFuMVy6djFPBsYFY2B8S4,8.45882,Adzuna::API::Response::Job,"{'display_name': 'Hagsfeld, Karlsruhe', 'area': ['Deutschland', 'Baden-Württemberg', 'Karlsruhe (Kreis)', 'Karlsruhe', 'Hagsfeld'], '__CLASS__': 'Adzuna::API::Response::Location'}","{'display_name': 'Chrono24', '__CLASS__': 'Adzuna::API::Response::Company'}",https://www.adzuna.de/details/5727322915?utm_medium=api&utm_source=a4bcf954,5727322915,2026-05-12T23:08:36Z,49.03084,Werkstudent Data Science (m/w/d),"{'label': 'Stellen aus Logistik & Lagerhaltung', '__CLASS__': 'Adzuna::API::Response::Category', 'tag': 'logistics-warehouse-jobs'}",0,part_time,,,
" Dafür suchen wir Dich Studieren macht Spaß – noch mehr, wenn du die Theorie auch in der Praxis erleben kannst. Bei Dräger bringst du vom ersten Tag an deine Ideen ein und übernimmst Verantwortung für ›Technik für das Leben‹. Im Bereich Workplace Infrastructure dreht sich alles um die Gestaltung moderner Arbeits- und Klinikumgebungen. Dabei spielen datenbasierte Entscheidungen, smarte Anwendungen und KI-gestützte Auswertungen eine immer größere Rolle. Im Bereich Künstliche Intelligenz unterstüt…",eyJhbGciOiJIUzI1NiJ9.eyJpIjoiNTg1NjY3NTM0OCIsInMiOiJ3bXdBNkwycThSRzAzZnNFc2QxVlhBIn0.xxq_UoNdxRi8N1K0ssR3f4XWdFfoIJplqH51iB3FKwU,10.68758,Adzuna::API::Response::Job,"{'display_name': 'Lübeck', 'area': ['Deutschland', 'Schleswig-Holstein', 'Lübeck', 'Lübeck'], '__CLASS__': 'Adzuna::API::Response::Location'}","{'display_name': 'Drägerwerk AG & Co. KGaA', '__CLASS__': 'Adzuna::API::Response::Company'}",https://www.adzuna.de/details/5856675348?utm_medium=api&utm_source=a4bcf954,5856675348,2026-08-26T12:34:50Z,53.86956,Praktikum Künstliche Intelligenz / Data Science Medizintechnik,"{'label': 'Unknown', '__CLASS__': 'Adzuna::API::Response::Category', 'tag': 'unknown'}",0,,,,contract
"The IUF - Leibniz Research Institute for Environmental Medicine investigates the molecular mechanisms by which environmental factors - including particles, radiation, and chemical exposures - affect human health. The institute’s research focuses on environmentally induced aging and disease processes in the pulmonary system and skin, as well as environmentally driven dysfunctions of the nervous and immune systems. By developing innovative, human-relevant experimental model systems, the IUF contr…",eyJhbGciOiJIUzI1NiJ9.eyJzIjoid213QTZMMnE4UkcwM2ZzRXNkMVZYQSIsImkiOiI1ODQwNTAyMzgzIn0.uRA9GHjeIC7yxZJZFTQDGsuAl2HBqQcAeKseIPqk_Bs,6.78055,Adzuna::API::Response::Job,"{'area': ['Deutschland', 'Nordrhein-Westfalen', 'Düsseldorf', 'Bilk'], 'display_name': 'Bilk, Düsseldorf', '__CLASS__': 'Adzuna::API::Response::Location'}","{'display_name': 'IUF - Leibniz Institut für umweltmedizinische Forschung GmbH', '__CLASS__': 'Adzuna::API::Response::Company'}",https://www.adzuna.de/details/5840502383?utm_medium=api&utm_source=a4bcf954,5840502383,2026-08-13T18:09:16Z,51.20259,PhD Data Science (m/f/d),"{'label': 'Unknown', '__CLASS__': 'Adzuna::API::Response::Category', 'tag': 'unknown'}",0,,,,
"Dafür brauchen wir Dich Für ein neues Digital-Projekt in der MICE-Branche suchen wir Dich: eine Persönlichkeit, die Lust hat, mit uns Dinge neu zu denken, Ideen Realität werden zu lassen und die Zukunft unserer Branche aktiv mitzugestalten. Dateninfrastruktur & Skalierung: Du entwickelst und verantwortest unsere Dateninfrastruktur. Du baust robuste Pipelines, die Daten aus verschiedenen Quellen in ein sauberes, zuverlässiges Data Warehouse überführen und stellst Qualität, Konsistenz und Verfügb…",eyJhbGciOiJIUzI1NiJ9.eyJpIjoiNTcyNzMyMTg3NiIsInMiOiJ3bXdBNkwycThSRzAzZnNFc2QxVlhBIn0.nZm6lrOAvbs4R00_nyKJt9GPfZ60gt0jWI7KXq81kcA,11.62828,Adzuna::API::Response::Job,"{'__CLASS__': 'Adzuna::API::Response::Location', 'area': ['Deutschland', 'Bayern', 'München (Kreis)', 'München', 'Bogenhausen'], 'display_name': 'Bogenhausen, München'}","{'__CLASS__': 'Adzuna::API::Response::Company', 'display_name': 'smartvillage'}",https://www.adzuna.de/details/5727321876?utm_medium=api&utm_source=a4bcf954,5727321876,2026-05-12T23:07:57Z,48.1475,Data Science Engineer (m/w/d),"{'label': 'Unknown', '__CLASS__': 'Adzuna::API::Response::Category', 'tag': 'unknown'}",0,full_time,,,
"Siltronic ist einer der weltweit größten Hersteller für Wafer aus Reinstsilizium und Partner vieler führender Chip-Hersteller mit rund 4.300 Mitarbeitenden und Produktionsstätten in Europa, Asien und den USA. Wir entwickeln und fertigen Wafer mit einem Durchmesser von bis zu 300 mm. Diese sind die Grundlage der modernen Mikro- und Nanoelektronik. In einem 3-jährigen Dualen Studium werden Theorie und Praxis gekonnt verbunden. Das hoch qualifizierende Studium wird durch breit gefächerte Praxisein…",eyJhbGciOiJIUzI1NiJ9.eyJpIjoiNTU3NjY5MDEyMSIsInMiOiJ3bXdBNkwycThSRzAzZnNFc2QxVlhBIn0.J4Ez5B6-z82yREdcQ1nZISBS7Q27D0Cu0IrYDHq1PKQ,13.33722,Adzuna::API::Response::Job,"{'__CLASS__': 'Adzuna::API::Response::Location', 'area': ['Deutschland', 'Sachsen', 'Mittelsachsen (Kreis)', 'Freiberg'], 'display_name': 'Freiberg, Mittelsachsen (Kreis)'}","{'display_name': 'Siltronic AG', '__CLASS__': 'Adzuna::API::Response::Company'}",https://www.adzuna.de/details/5576690121?utm_medium=api&utm_source=a4bcf954,5576690121,2026-01-09T20:35:59Z,50.91404,Duales Studium Data Science und Künstliche Intelligenz,"{'label': 'Unknown', '__CLASS__': 'Adzuna::API::Response::Category', 'tag': 'unknown'}",0,full_time,,,
"Eine gute Idee war der Ursprung, ein erfolgreiches Konzept ist das Ergebnis. Qualität zum guten Preis möglichst vielen Menschen anbieten zu können treibt uns an - mittlerweile weltweit, denn wir sind Lidl. Hier ist das berufliche Zuhause vielfältiger Talente. Ob im Einkauf, in der Logistik, im Warengeschäft oder in der IT; ob als Impulsgeber, Gestalter oder Dienstleister der Länder. Wir suchen Anpacker, Durchstarter, Möglichmacher und bieten spannende Aufgaben und Projekte in einem dynamischen …",eyJhbGciOiJIUzI1NiJ9.eyJpIjoiNTg3MzQ1OTQ2MiIsInMiOiJ3bXdBNkwycThSRzAzZnNFc2QxVlhBIn0.nmffn3wcMDz25BRjumexyedmVYs0iURIrdqu9HQ2Luo,9.2274,Adzuna::API::Response::Job,"{'area': ['Deutschland', 'Baden-Württemberg', 'Heilbronn (Kreis)', 'Neckarsulm'], 'display_name': 'Neckarsulm, Heilbronn (Kreis)', '__CLASS__': 'Adzuna::API::Response::Location'}","{'display_name': 'Lidl Stiftung & Co. KG', '__CLASS__': 'Adzuna::API::Response::Company'}",https://www.adzuna.de/details/5873459462?utm_medium=api&utm_source=a4bcf954,5873459462,2026-09-07T02:20:33Z,49.18975,Duales Studium Wirtschaftsinformatik - Data Science 2027,"{'label': 'Unknown', '__CLASS__': 'Adzuna::API::Response::Category', 'tag': 'unknown'}",0,,,,
"Eine gute Idee war der Ursprung, ein erfolgreiches Konzept ist das Ergebnis. Qualität zum guten Preis möglichst vielen Menschen anbieten zu können treibt uns an - mittlerweile weltweit, denn wir sind Lidl. Hier ist das berufliche Zuhause vielfältiger Talente. Ob im Einkauf, in der Logistik, im Warengeschäft oder in der IT; ob als Impulsgeber, Gestalter oder Dienstleister der Länder. Wir suchen Anpacker, Durchstarter, Möglichmacher und bieten spannende Aufgaben und Projekte in einem dynamischen …",eyJhbGciOiJIUzI1NiJ9.eyJzIjoid213QTZMMnE4UkcwM2ZzRXNkMVZYQSIsImkiOiI1ODY4ODM4NjI3In0.G1r-s13vdYNCXF445-fgaYJh20HyBS9-j5jkBkYqXUc,,Adzuna::API::Response::Job,"{'area': ['Deutschland'], 'display_name': 'Deutschland', '__CLASS__': 'Adzuna::API::Response::Location'}","{'display_name': 'Lidl Stiftung & Co. KG', '__CLASS__': 'Adzuna::API::Response::Company'}",https://www.adzuna.de/details/5868838627?utm_medium=api&utm_source=a4bcf954,5868838627,2026-09-03T13:48:30Z,,Duales Studium Wirtschaftsinformatik - Data Science 2027,"{'tag': 'unknown', 'label': 'Unknown', '__CLASS__': 'Adzuna::API::Response::Category'}",0,,,,
"Job DescriptionLife is always about becoming… Im Leben geht es darum, sich auf eine Reise zu begeben, um die beste Version unseres zukünftigen Selbst zu werden. Während wir Neues entdecken, stellen wir uns Herausforderungen, meistern sie und wachsen über uns hinaus. Sie erwägen, sich für diese Stelle zu bewerben Überprüfen Sie alle Details in dieser Stellenbeschreibung und klicken Sie dann auf Bewerben. Bewerben Sie sich bei Mercedes-Benz und finden Sie den Aufgabenbereich, in dem Sie Ihre Tale…",eyJhbGciOiJIUzI1NiJ9.eyJpIjoiNTg3MzIxMjMzMCIsInMiOiJ3bXdBNkwycThSRzAzZnNFc2QxVlhBIn0.BPQIWsuo1_P9tFJhzvfrCsqVllb0NY_7mzNZzTM4eVI,,Adzuna::API::Response::Job,"{'display_name': 'Deutschland', 'area': ['Deutschland'], '__CLASS__': 'Adzuna::API::Response::Location'}","{'display_name': 'Mercedes-Benz AG', '__CLASS__': 'Adzuna::API::Response::Company'}",https://www.adzuna.de/land/ad/5873212330?se=wmwA6L2q8RG03fsEsd1VXA&utm_medium=api&utm_source=a4bcf954&v=52B94A9B29DA4C5D751C7EAB6D9E0469568AD3A9,5873212330,2026-09-06T17:57:33Z,,"Duales Studium Data Science und Künstliche Intelligenz, Bachelor of Science, Mercedes-Benz AG, Globa","{'__CLASS__': 'Adzuna::API::Response::Category', 'label': 'IT-Stellen', 'tag': 'it-jobs'}",0,,,,
"Du hast deine ersten Semester geschafft und möchtest Dein theoretisches Wissen nun gern in spannenden Praxisprojekten anwenden? Bei uns wirst Du direkt in die Mandats- und Projektarbeit mit eingebunden und schnupperst so echte Praxisluft in einem interessanten Aufgabengebiet. Knüpfe schon jetzt wertvolle Kontakte, die deinen späteren Einstieg in die Berufswelt deutlich erleichtern können. Für einen Zeitraum von 6 Monaten suchen wir Praktikant (W/M/D) Data Science & Artificial Intelligence in Be…",eyJhbGciOiJIUzI1NiJ9.eyJzIjoid213QTZMMnE4UkcwM2ZzRXNkMVZYQSIsImkiOiI1ODU0ODgzMDg1In0.WZneUBY9QrqHXy7qvpVfHnVcTKxmFJD2TFVqy5tbvFM,13.38475,Adzuna::API::Response::Job,"{'__CLASS__': 'Adzuna::API::Response::Location', 'display_name': 'Mitte, Berlin', 'area': ['Deutschland', 'Berlin', 'Mitte']}","{'__CLASS__': 'Adzuna::API::Response::Company', 'display_name': 'BRL Risk Consulting GmbH & Co. KG'}",https://www.adzuna.de/details/5854883085?utm_medium=api&utm_source=a4bcf954,5854883085,2026-08-25T04:16:56Z,52.51551,Praktikant Data Science / Data Engineering im Bereich Risk Advisory Services,"{'tag': 'consultancy-jobs', 'label': 'Beraterstellen', '__CLASS__': 'Adzuna::API::Response::Category'}",0,,,,
"Du hast deine ersten Semester geschafft und möchtest Dein theoretisches Wissen nun gern in spannenden Praxisprojekten anwenden? Bei uns wirst Du direkt in die Mandats- und Projektarbeit mit eingebunden und schnupperst so echte Praxisluft in einem interessanten Aufgabengebiet. Knüpfe schon jetzt wertvolle Kontakte, die deinen späteren Einstieg in die Berufswelt deutlich erleichtern können. Für einen Zeitraum von 6 Monaten suchen wir Praktikant (W/M/D) Data Science & Artificial Intelligence in Be…",eyJhbGciOiJIUzI1NiJ9.eyJpIjoiNTg1NDg4MzA4MiIsInMiOiJ3bXdBNkwycThSRzAzZnNFc2QxVlhBIn0.nqaQwOHHLAhlqqUWLt3RU-89ZWQVoRWJc2R_HoPXBDc,11.56907,Adzuna::API::Response::Job,"{'__CLASS__': 'Adzuna::API::Response::Location', 'display_name': 'Altstadt-Lehel, München', 'area': ['Deutschland', 'Bayern', 'München (Kreis)', 'München', 'Altstadt-Lehel']}","{'__CLASS__': 'Adzuna::API::Response::Company', 'display_name': 'BRL Risk Consulting GmbH & Co. KG'}",https://www.adzuna.de/details/5854883082?utm_medium=api&utm_source=a4bcf954,5854883082,2026-08-25T04:16:56Z,48.14093,Praktikant Data Science / Data Engineering im Bereich Risk Advisory Services,"{'label': 'Beraterstellen', '__CLASS__': 'Adzuna::API::Response::Category', 'tag': 'consultancy-jobs'}",0,,,,
"Du hast deine ersten Semester geschafft und möchtest Dein theoretisches Wissen nun gern in spannenden Praxisprojekten anwenden? Bei uns wirst Du direkt in die Mandats- und Projektarbeit mit eingebunden und schnupperst so echte Praxisluft in einem interessanten Aufgabengebiet. Knüpfe schon jetzt wertvolle Kontakte, die deinen späteren Einstieg in die Berufswelt deutlich erleichtern können. Für einen Zeitraum von 6 Monaten suchen wir Praktikant (W/M/D) Data Science & Artificial Intelligence in Be…",eyJhbGciOiJIUzI1NiJ9.eyJzIjoid213QTZMMnE4UkcwM2ZzRXNkMVZYQSIsImkiOiI1ODU0ODgzMDgzIn0.xr1HDRfuTl7YIy5RzSPhhxe-Z5oL0dbg_G9gCf9CEdc,9.98553,Adzuna::API::Response::Job,"{'area': ['Deutschland', 'Hamburg', 'Neustadt'], 'display_name': 'Neustadt, Hamburg', '__CLASS__': 'Adzuna::API::Response::Location'}","{'__CLASS__': 'Adzuna::API::Response::Company', 'display_name': 'BRL Risk Consulting GmbH & Co. KG'}",https://www.adzuna.de/details/5854883083?utm_medium=api&utm_source=a4bcf954,5854883083,2026-08-25T04:16:56Z,53.55197,Praktikant Data Science / Data Engineering im Bereich Risk Advisory Services,"{'tag': 'consultancy-jobs', '__CLASS__': 'Adzuna::API::Response::Category', 'label': 'Beraterstellen'}",0,,,,
"Du hast deine ersten Semester geschafft und möchtest Dein theoretisches Wissen nun gern in spannenden Praxisprojekten anwenden? Bei uns wirst Du direkt in die Mandats- und Projektarbeit mit eingebunden und schnupperst so echte Praxisluft in einem interessanten Aufgabengebiet. Knüpfe schon jetzt wertvolle Kontakte, die deinen späteren Einstieg in die Berufswelt deutlich erleichtern können. Für einen Zeitraum von 6 Monaten suchen wir Praktikant (W/M/D) Data Science & Artificial Intelligence in Be…",eyJhbGciOiJIUzI1NiJ9.eyJpIjoiNTg1NDg4MzA4NCIsInMiOiJ3bXdBNkwycThSRzAzZnNFc2QxVlhBIn0.RYlpXYGJKgigmw_5NxMei6Kz5C9wdTTqAB-3Y10pnoo,6.96735,Adzuna::API::Response::Job,"{'display_name': 'Altendorf, Essen', 'area': ['Deutschland', 'Nordrhein-Westfalen', 'Essen', 'Altendorf'], '__CLASS__': 'Adzuna::API::Response::Location'}","{'display_name': 'BRL Risk Consulting GmbH & Co. KG', '__CLASS__': 'Adzuna::API::Response::Company'}",https://www.adzuna.de/details/5854883084?utm_medium=api&utm_source=a4bcf954,5854883084,2026-08-25T04:16:56Z,51.46121,Praktikant Data Science / Data Engineering im Bereich Risk Advisory Services,"{'tag': 'consultancy-jobs', 'label': 'Beraterstellen', '__CLASS__': 'Adzuna::API::Response::Category'}",0,,,,
"Wir machen Wünsche machbar - unsere Mission ist es, das Leben unserer Kund:innen zu bereichern und mit unseren Finanzdienstleistungen Träume zu verwirklichen. Wir verstehen uns nicht als typische Bank, sondern als lebendige Gemeinschaft von Gestalter:innen, die keine Angst davor haben, neue Wege zu gehen. Dabei setzen wir uns alle auch noch für Themen mit Impact wie Nachhaltigkeit und . klicken sie bewerben, für die volle Stellenbeschreibung",eyJhbGciOiJIUzI1NiJ9.eyJpIjoiNTg2ODIyNTU4NCIsInMiOiJ3bXdBNkwycThSRzAzZnNFc2QxVlhBIn0.aEondUJO--H1hJB_7Ql277mcAETN-P-7m8cwqp5j_sI,,Adzuna::API::Response::Job,"{'__CLASS__': 'Adzuna::API::Response::Location', 'area': ['Deutschland'], 'display_name': 'Deutschland'}","{'__CLASS__': 'Adzuna::API::Response::Company', 'display_name': 'Creditplus Bank AG'}",https://www.adzuna.de/land/ad/5868225584?se=wmwA6L2q8RG03fsEsd1VXA&utm_medium=api&utm_source=a4bcf954&v=21FAB39C87BC618E72287E13082727BD6383E26E,5868225584,2026-09-03T06:17:58Z,,(senior) Risk Manager (m/w/d) Modeling & Data Science - Fokus Retail Credit Risk,"{'__CLASS__': 'Adzuna::API::Response::Category', 'label': 'Stellen aus Wissenschaft & Qualitätssicherung', 'tag': 'scientific-qa-jobs'}",0,,,,
"Das Center for the Transformation of Chemistry (CTC) ist ein neu entstehendes Großforschungs­zentrum in Mitteldeutschland mit den Standorten Delitzsch in Sachsen und Merseburg in Sachsen-Anhalt. Das Zentrum wird in der Gesellschaftsform einer gGmbH vom Bund sowie den Ländern Sachsen und Sachsen-Anhalt betrieben und finanziert. Am CTC wollen wir Chemie neu denken und umsetzen – und zwar auf vielen Ebenen: neue Materialien, neue chemische Prozesse und Anlagen und eine neue Art, chemisch zu forsch…",eyJhbGciOiJIUzI1NiJ9.eyJpIjoiNTg1NDI2NDg2OCIsInMiOiJ3bXdBNkwycThSRzAzZnNFc2QxVlhBIn0.f1KlwD0dLyT-Bjx5qTPX6v07w6ENLoqc67PK5i7raoY,12.33728,Adzuna::API::Response::Job,"{'display_name': 'Delitzsch, Nordsachsen (Kreis)', 'area': ['Deutschland', 'Sachsen', 'Nordsachsen (Kreis)', 'Delitzsch'], '__CLASS__': 'Adzuna::API::Response::Location'}","{'__CLASS__': 'Adzuna::API::Response::Company', 'display_name': 'CTC gGmbH – Center for the Transformation of Chemistry'}",https://www.adzuna.de/land/ad/5854264868?se=wmwA6L2q8RG03fsEsd1VXA&utm_medium=api&utm_source=a4bcf954&v=1FFC1DE2321202BDBCA258BF8B9059EBD7738FB1,5854264868,2026-08-24T11:17:05Z,51.52196,Leitender Bauingenieur / Architekt (m/w/d) – Bauherrenvertretung,"{'__CLASS__': 'Adzuna::API::Response::Category', 'label': 'Sonstige/Allgemeine Stellen', 'tag': 'other-general-jobs'}",0,,,,
"Stellenbeschreibung Als Werkstudent (m/w/d) im Bereich Künstliche Intelligenz und Data Science wirst du ein wertvolles Mitglied unseres innovativen Teams. Im Rahmen deiner Tätigkeit unterstützt du bei der Konzeption und Entwicklung von modernen, KI-gestützten Applikationen. Dabei wirkst du an der Integration geeigneter Technologien mit und hilfst bei der Konzeption und Entwicklung von interaktiven Prototypen und KI-Agenten-Lösungen. Deine Aufgaben bei uns Konzeption: du unterstützt aktiv bei de…",eyJhbGciOiJIUzI1NiJ9.eyJpIjoiNTg1MDM4OTg4MyIsInMiOiJ3bXdBNkwycThSRzAzZnNFc2QxVlhBIn0.hFZDJH5vz0fq0Gd4WLkKUTm69tsdFmi_PTjKbXBr4n0,7.621504,Adzuna::API::Response::Job,"{'area': ['Deutschland', 'Nordrhein-Westfalen', 'Münster'], 'display_name': 'Münster, Nordrhein-Westfalen', '__CLASS__': 'Adzuna::API::Response::Location'}","{'display_name': 'Thalia Bücher GmbH', '__CLASS__': 'Adzuna::API::Response::Company'}",https://www.adzuna.de/details/5850389883?utm_medium=api&utm_source=a4bcf954,5850389883,2026-08-21T04:15:19Z,51.955292,Werkstudent KI & Data Science (m/w/d),"{'tag': 'it-jobs', '__CLASS__': 'Adzuna::API::Response::Category', 'label': 'IT-Stellen'}",0,,,,
"Job Description Prüfen Sie unten, ob Sie die Voraussetzungen für diese Stelle erfüllen, und wenn ja, bewerben Sie sich so schnell wie möglich. HENSOLDT ist ein führendes europäisches Hightech-Unternehmen der Verteidigungs- und Sicherheitsindustrie mit Sitz in Taufkirchen bei München. Das Unternehmen entwickelt Sensorlösungen, Elektronik und Software für die Bereiche Luft, Land, See, Cyber und Weltraum und unterstützt Streitkräfte weltweit dabei, Bedrohungen frühzeitig zu erkennen und fundierte …",eyJhbGciOiJIUzI1NiJ9.eyJpIjoiNTg3MzY1OTI0MiIsInMiOiJrQUVrNmIycThSRzAzZnNFc2QxVlhBIn0.hwUHORU7aQIEnOuykpnky0c0uJwHeXu31rtDyvIDxpc,,Adzuna::API::Response::Job,"{'__CLASS__': 'Adzuna::API::Response::Location', 'display_name': 'Deutschland', 'area': ['Deutschland']}","{'__CLASS__': 'Adzuna::API::Response::Company', 'display_name': 'Hensoldt'}",https://www.adzuna.de/land/ad/5873659242?se=kAEk6b2q8RG03fsEsd1VXA&utm_medium=api&utm_source=a4bcf954&v=03EF1737D41C98914AC607CA320BAB8188002A43,5873659242,2026-09-07T05:28:57Z,,"Duales Studium: ""Data Science & künstliche Intelligenz"" (w/m/d), Ulm, Start 2027","{'label': 'IT-Stellen', '__CLASS__': 'Adzuna::API::Response::Category', 'tag': 'it-jobs'}",0,,,,
"Wir machen Wünsche machbar – unsere Mission ist es, das Leben unserer Kund:innen zu bereichern und mit unseren Finanzdienstleistungen Träume zu verwirklichen. Wir verstehen uns nicht als typische Bank, sondern als lebendige Gemeinschaft von Gestalter:innen, die keine Angst davor haben, neue Wege zu gehen. Dabei setzen wir uns alle auch noch für Themen mit Impact wie Nachhaltigkeit und Digitalisierung ein – ob in unserer Zentrale in Stuttgart, an unserem Standort in Offenbach oder deutschlandwei…",eyJhbGciOiJIUzI1NiJ9.eyJpIjoiNTg0ODMzMzcwMSIsInMiOiJrQUVrNmIycThSRzAzZnNFc2QxVlhBIn0.97HKBfjvFKfFwxDTlBOxMpR5db2NULB5KQqP311nKLg,,Adzuna::API::Response::Job,"{'display_name': 'Deutschland', 'area': ['Deutschland'], '__CLASS__': 'Adzuna::API::Response::Location'}","{'display_name': 'Creditplus Bank AG', '__CLASS__': 'Adzuna::API::Response::Company'}",https://www.adzuna.de/land/ad/5848333701?se=kAEk6b2q8RG03fsEsd1VXA&utm_medium=api&utm_source=a4bcf954&v=B90C5CB8BB6BB9282FD5BC76223C333362E78DC7,5848333701,2026-08-19T17:09:01Z,,(Senior) Risk Manager (m/w/d) Modeling & Data Science - Fokus Retail Credit Risk,"{'__CLASS__': 'Adzuna::API::Response::Category', 'label': 'Unknown', 'tag': 'unknown'}",0,,,,
"Als eines der führenden Systemhäuser in Deutschland bieten wir Ihnen vielfältige Möglichkeiten in einem spannenden Berufsumfeld und einer wachsenden Branche Ihre berufliche Heimat zu finden. Bei uns haben Sie den Freiraum, innovative Lösungen zu entwickeln, die schon heute in die Zukunft reichen und sich langfristig bewähren. Verstärken Sie unser Team als System Engineer – Data Science (m/w/d) an einem unserer Standorte deutschlandweit . Data Science in der SVA vereint vier starke Bereiche: Gen…",eyJhbGciOiJIUzI1NiJ9.eyJpIjoiNTg1MjEzODc2MCIsInMiOiJrQUVrNmIycThSRzAzZnNFc2QxVlhBIn0.u4IAi2IW6r72PYTfy1dvY10nFdhEzAlpv8dwT-6kOik,,Adzuna::API::Response::Job,"{'area': ['Deutschland'], 'display_name': 'Deutschland', '__CLASS__': 'Adzuna::API::Response::Location'}","{'display_name': 'SVA System Vertrieb Alexander GmbH', '__CLASS__': 'Adzuna::API::Response::Company'}",https://www.adzuna.de/details/5852138760?utm_medium=api&utm_source=a4bcf954,5852138760,2026-08-22T07:48:11Z,,System Engineer – Data Science (m/w/d),"{'__CLASS__': 'Adzuna::API::Response::Category', 'label': 'IT-Stellen', 'tag': 'it-jobs'}",0,,,,
"Bist du bereit, als Projektmanager im Bereich Data Analytics und Data Science bei Actana Consulting Services GmbH durchzustarten? Unser Unternehmen ist bekannt für seine innovativen Lösungen und seinen Kunde-zentrierten Ansatz. In deiner Rolle wirst du die Möglichkeit haben, spannende Projekte zu leiten und mit modernsten Technologien zu arbeiten. Dabei unterstützt du unseren Kunden, datengetriebene Entscheidungen zu treffen und ihre Geschäftsprozesse zu optimieren. Wenn du ein Faible für Daten…",eyJhbGciOiJIUzI1NiJ9.eyJpIjoiNTgwNDU2NTAxNyIsInMiOiJrQUVrNmIycThSRzAzZnNFc2QxVlhBIn0.Hh_1Y__aWRRpEjAMvh8dwRhDgFYRCJau3d-2LQZkspk,11.56907,Adzuna::API::Response::Job,"{'area': ['Deutschland', 'Bayern', 'München (Kreis)', 'München', 'Altstadt-Lehel'], 'display_name': 'Altstadt-Lehel, München', '__CLASS__': 'Adzuna::API::Response::Location'}","{'__CLASS__': 'Adzuna::API::Response::Company', 'display_name': 'Actana Consulting Services GmbH'}",https://www.adzuna.de/details/5804565017?utm_medium=api&utm_source=a4bcf954,5804565017,2026-07-17T09:53:04Z,48.14093,Projektmanager Data analytics / Data science (all gender),"{'tag': 'consultancy-jobs', 'label': 'Beraterstellen', '__CLASS__': 'Adzuna::API::Response::Category'}",0,,70000.0,80000.0,
"Bist du bereit, als Projektmanager im Bereich Data Analytics und Data Science bei Actana Consulting Services GmbH durchzustarten? Unser Unternehmen ist bekannt für seine innovativen Lösungen und seinen Kunde-zentrierten Ansatz. In deiner Rolle wirst du die Möglichkeit haben, spannende Projekte zu leiten und mit modernsten Technologien zu arbeiten. Dabei unterstützt du unseren Kunden, datengetriebene Entscheidungen zu treffen und ihre Geschäftsprozesse zu optimieren. Wenn du ein Faible für Daten…",eyJhbGciOiJIUzI1NiJ9.eyJpIjoiNTgwMjk3NTgzOCIsInMiOiJrQUVrNmIycThSRzAzZnNFc2QxVlhBIn0.yvncE5Z2tqSqXBoXt5EyaN6IrhY28khkI_uwJ4loa5U,11.555737,Adzuna::API::Response::Job,"{'__CLASS__': 'Adzuna::API::Response::Location', 'area': ['Deutschland', 'Bayern', 'München (Kreis)', 'München'], 'display_name': 'München, München (Kreis)'}","{'display_name': 'Actana Consulting Services GmbH', '__CLASS__': 'Adzuna::API::Response::Company'}",https://www.adzuna.de/details/5802975838?utm_medium=api&utm_source=a4bcf954,5802975838,2026-07-16T16:07:02Z,48.137418,Projektmanager Data analytics / Data science (all gender),"{'tag': 'unknown', '__CLASS__': 'Adzuna::API::Response::Category', 'label': 'Unknown'}",0,full_time,,,
"BBC Cellpack was founded in 1935 in Vilmergen, Switzerland, as a successor to Dreifuss Brothers AG. Originally focused on cellophane packaging, the company quickly evolved through the pioneering spirit of the Dreifuss brothers, who recognized the potential of new materials and developed high-quality industrial goods. This innovative mindset laid the foundation for decades of progress . click apply for full job details",eyJhbGciOiJIUzI1NiJ9.eyJpIjoiNTg2NzI2NjEyNiIsInMiOiJrQUVrNmIycThSRzAzZnNFc2QxVlhBIn0.20ltvAqdYjneS4Bo6GAUTJyebHhnQDhh5SzR4Rio8PU,,Adzuna::API::Response::Job,"{'area': ['Deutschland'], 'display_name': 'Deutschland', '__CLASS__': 'Adzuna::API::Response::Location'}","{'display_name': 'BBC Cellpack GmbH', '__CLASS__': 'Adzuna::API::Response::Company'}",https://www.adzuna.de/land/ad/5867266126?se=kAEk6b2q8RG03fsEsd1VXA&utm_medium=api&utm_source=a4bcf954&v=D9D1B07BC1898BEBEEF9BAE64F99B22BEB6A5215,5867266126,2026-09-02T18:15:56Z,,Dual Student In Data Science And Artificial Intelligence - Digital Production (b.sc.) Starting October 2027,"{'label': 'IT-Stellen', '__CLASS__': 'Adzuna::API::Response::Category', 'tag': 'it-jobs'}",0,,,,
"Hochtechnologie und Innovation …aktiv mitgestalten und vorantreiben – für diese Position suchen wir eine engagierte Persönlichkeit (m/w/d), die mit Ideenreichtum, Verantwortungsbewusstsein und fachlicher Kompetenz überzeugt. Als Beratungsunternehmen unterstützen wir unseren Kunden bei der Suche nach einer passenden Person, die Herausforderungen nicht als Hürde, sondern als spannende Möglichkeit zur Weiterentwicklung versteht. Das erwartet dich: Entwicklung und Implementierung von Datenanalyse-,…",eyJhbGciOiJIUzI1NiJ9.eyJzIjoia0FFazZiMnE4UkcwM2ZzRXNkMVZYQSIsImkiOiI1ODM2MjcxMzg1In0.A-SkkNiG0JZLNbBru5AWm8o9i1_hIKVjsI1RW_CJ6WQ,10.10558,Adzuna::API::Response::Job,"{'__CLASS__': 'Adzuna::API::Response::Location', 'display_name': 'Oberkochen, Ostalbkreis', 'area': ['Deutschland', 'Baden-Württemberg', 'Ostalbkreis', 'Oberkochen']}","{'__CLASS__': 'Adzuna::API::Response::Company', 'display_name': 'cigus GmbH'}",https://www.adzuna.de/details/5836271385?utm_medium=api&utm_source=a4bcf954,5836271385,2026-08-11T04:10:15Z,48.78408,AI & Data Science Engineer (m/w/d),"{'label': 'Technikerstellen', '__CLASS__': 'Adzuna::API::Response::Category', 'tag': 'engineering-jobs'}",0,full_time,72000.0,83000.0,
"Hochtechnologie und Innovation …aktiv mitgestalten und vorantreiben – für diese Position suchen wir eine engagierte Persönlichkeit (m/w/d), die mit Ideenreichtum, Verantwortungsbewusstsein und fachlicher Kompetenz überzeugt. Als Beratungsunternehmen unterstützen wir unseren Kunden bei der Suche nach einer passenden Person, die Herausforderungen nicht als Hürde, sondern als spannende Möglichkeit zur Weiterentwicklung versteht. Das erwartet dich: Entwicklung und Implementierung von Datenanalyse-,…",eyJhbGciOiJIUzI1NiJ9.eyJzIjoia0FFazZiMnE4UkcwM2ZzRXNkMVZYQSIsImkiOiI1ODM2NjkyMzg4In0.O--_l07faYxdEVjPV3_yGWd6jq9dyTRgJ4ZVRrnRe9o,10.10558,Adzuna::API::Response::Job,"{'display_name': 'Oberkochen, Ostalbkreis', 'area': ['Deutschland', 'Baden-Württemberg', 'Ostalbkreis', 'Oberkochen'], '__CLASS__': 'Adzuna::API::Response::Location'}","{'display_name': 'cigus GmbH', '__CLASS__': 'Adzuna::API::Response::Company'}",https://www.adzuna.de/details/5836692388?utm_medium=api&utm_source=a4bcf954,5836692388,2026-08-11T13:55:30Z,48.78408,AI & Data Science Engineer (m/w/d),"{'__CLASS__': 'Adzuna::API::Response::Category', 'label': 'Unknown', 'tag': 'unknown'}",0,,,,
"Das ist die Herausforderung Im Studium mit vertiefter Praxis kombinierst Du ideal Theorie und Praxis . Deine im Hochschulstudium erworbenen Kenntnisse wendest Du in den betrieblichen Praxisphasen in konkreten Projekten an. So lernst Du nicht nur, warum etwas funktioniert, sondern auch, wie es funktioniert und wie es gemacht wird. In den 3,5 Jahren deines Bachelorstudiums absolvierst Du in den vorlesungsfreien Zeiten sowie im Praxissemester Deine Praxisphasen bei XITASO. Auch Deine Bachelorarbei…",eyJhbGciOiJIUzI1NiJ9.eyJzIjoia0FFazZiMnE4UkcwM2ZzRXNkMVZYQSIsImkiOiI1NzI3MzQ4Mjg4In0.CLA3VvIL4jmGRr_BDQiqx2hA0wibGBsRMVoKyWzSrN4,10.904,Adzuna::API::Response::Job,"{'__CLASS__': 'Adzuna::API::Response::Location', 'display_name': 'Lechhausen, Augsburg', 'area': ['Deutschland', 'Bayern', 'Augsburg (Kreis)', 'Augsburg', 'Lechhausen']}","{'__CLASS__': 'Adzuna::API::Response::Company', 'display_name': 'XITASO'}",https://www.adzuna.de/details/5727348288?utm_medium=api&utm_source=a4bcf954,5727348288,2026-05-12T23:30:21Z,48.38236,Studium mit vertiefter Praxis: Data Science B.Sc.,"{'__CLASS__': 'Adzuna::API::Response::Category', 'label': 'IT-Stellen', 'tag': 'it-jobs'}",0,part_time,,,
"Das ist die Herausforderung Im Studium mit vertiefter Praxis kombinierst Du ideal Theorie und Praxis. Deine im Hochschulstudium erworbenen Kenntnisse wendest Du in den betrieblichen Praxisphasen in konkreten Projekten an. So lernst Du nicht nur, warum etwas funktioniert, sondern auch, wie es funktioniert und wie es gemacht wird. In den 3,5 Jahren deines Bachelorstudiums absolvierst Du in den vorlesungsfreien Zeiten sowie im Praxissemester Deine Praxisphasen bei XITASO. Auch Deine Bachelorarbeit…",eyJhbGciOiJIUzI1NiJ9.eyJzIjoia0FFazZiMnE4UkcwM2ZzRXNkMVZYQSIsImkiOiI1ODAyODk2MjAwIn0.d9JUrTgCytKP8PiV6pE-lXDZcUeFuhKXJ4zrSc5vY6E,10.89379,Adzuna::API::Response::Job,"{'area': ['Deutschland', 'Bayern', 'Augsburg (Kreis)', 'Augsburg'], 'display_name': 'Augsburg, Augsburg (Kreis)', '__CLASS__': 'Adzuna::API::Response::Location'}","{'__CLASS__': 'Adzuna::API::Response::Company', 'display_name': 'XITASO GmbH'}",https://www.adzuna.de/details/5802896200?utm_medium=api&utm_source=a4bcf954,5802896200,2026-07-16T15:50:09Z,48.357096,Studium mit vertiefter Praxis: Data Science B.Sc.,"{'tag': 'unknown', '__CLASS__': 'Adzuna::API::Response::Category', 'label': 'Unknown'}",0,,,,
"Info: Als Werkstudent (w/m/d) im Bereich Data Science & AI wirst du Teil des Data & AI-Teams von FLEX Capital und arbeitest an der Entwicklung und Umsetzung datengetriebener Lösungen für unsere Portfoliounternehmen sowie interne Projekte. Du unterstützt das Team nicht nur operativ, sondern übernimmst – je nach Erfahrung – auch eigene Projekte von der Konzeption über die Umsetzung bis zum Deployment. Damit bekommst du die Chance, praktische Verantwortung zu übernehmen und reale AI-Anwendungen in…",eyJhbGciOiJIUzI1NiJ9.eyJzIjoia0FFazZiMnE4UkcwM2ZzRXNkMVZYQSIsImkiOiI1ODM5MTMwODk0In0.ikbdXjvh2xVynabGR54StLYHywZBb6qMu4HFxzvGyRk,13.396,Adzuna::API::Response::Job,"{'area': ['Deutschland', 'Berlin', 'Kreuzberg'], 'display_name': 'Kreuzberg, Berlin', '__CLASS__': 'Adzuna::API::Response::Location'}","{'display_name': 'FLEX Capital Management GmbH', '__CLASS__': 'Adzuna::API::Response::Company'}",https://www.adzuna.de/details/5839130894?utm_medium=api&utm_source=a4bcf954,5839130894,2026-08-13T02:34:36Z,52.4984,Werkstudent (w/m/d) Data Science & AI,"{'tag': 'unknown', 'label': 'Unknown', '__CLASS__': 'Adzuna::API::Response::Category'}",0,part_time,,,contract
"Die Koordination der EDEKA-Strategie erfolgt in der Hamburger EDEKA-Zentrale. Sie steuert das nationale Warengeschäft ebenso wie die erfolgreiche Kampagne „Wir lieben Lebensmittel“ und gibt vielfältige Impulse zur Realisierung verbundübergreifender Ziele. Mit dem Tochterunternehmen Netto Marken-Discount setzt sie darüber hinaus erfolgreiche Akzente im Discountgeschäft. EDEKA erzielte 2025 mit rund 10.900 Märkten und rund 417.500 Mitarbeitenden einen Umsatz von 77,3 Mrd. Euro. Mit rund 20.900 Au…",eyJhbGciOiJIUzI1NiJ9.eyJzIjoia0FFazZiMnE4UkcwM2ZzRXNkMVZYQSIsImkiOiI1ODYzNjEyMDU4In0.N2zWfI1Q17wcTWmDDHIhZSFc2bbm9z4V9cGN8G77eJA,10.01166,Adzuna::API::Response::Job,"{'__CLASS__': 'Adzuna::API::Response::Location', 'display_name': 'Alsterdorf, Hamburg', 'area': ['Deutschland', 'Hamburg', 'Alsterdorf']}","{'__CLASS__': 'Adzuna::API::Response::Company', 'display_name': 'EDEKA ZENTRALE Stiftung & Co. KG'}",https://www.adzuna.de/details/5863612058?utm_medium=api&utm_source=a4bcf954,5863612058,2026-09-01T02:47:57Z,53.61011,Business Analyst Data Science (m/w/d),"{'tag': 'unknown', '__CLASS__': 'Adzuna::API::Response::Category', 'label': 'Unknown'}",0,full_time,,,permanent
"Position Description: Daten, Analytics und Künstliche Intelligenz verändern die Finanzbranche grundlegend. Banken stehen vor der Herausforderung, ihre Daten nicht nur effizient zu verwalten, sondern daraus konkrete Mehrwerte für Kunden, Prozesse und Geschäftsmodelle zu schaffen. Als Business Analyst Data Science (m/w/d) bei CGI arbeitest du genau an dieser Schnittstelle: Du verstehst die fachlichen Herausforderungen unserer Kunden, identifizierst datengetriebene Use Cases und übersetzt Business…",eyJhbGciOiJIUzI1NiJ9.eyJzIjoia0FFazZiMnE4UkcwM2ZzRXNkMVZYQSIsImkiOiI1ODczMjIyMDcyIn0.ru765oOsGkwLXQj4QuzWScnTXbfI-Ba-9e92OQ2yqnk,,Adzuna::API::Response::Job,"{'__CLASS__': 'Adzuna::API::Response::Location', 'display_name': 'Deutschland', 'area': ['Deutschland']}","{'display_name': 'CGI', '__CLASS__': 'Adzuna::API::Response::Company'}",https://www.adzuna.de/details/5873222072?utm_medium=api&utm_source=a4bcf954,5873222072,2026-09-06T18:04:50Z,,Business Analyst Data Science (m/w/d),"{'__CLASS__': 'Adzuna::API::Response::Category', 'label': 'Stellen aus Kreation & Design', 'tag': 'creative-design-jobs'}",0,full_time,,,
"Du möchtest die digitale Welt aktiv mitgestalten und datengetriebene Lösungen für reale Herausforderungen entwickeln? Dann starte dein duales Studium im Studiengang Data Science & Künstliche Intelligenz an der DHBW Ravensburg und verbinde akademisches Wissen mit spannender Praxiserfahrung in der Medizintechnik. In deinen Theoriephasen eignest du dir fundierte Grundlagen in Programmierung, Mathematik und Statistik an Darüber hinaus baust du Kenntnisse in Data Science, Machine Learning und Künstl…",eyJhbGciOiJIUzI1NiJ9.eyJzIjoia0FFazZiMnE4UkcwM2ZzRXNkMVZYQSIsImkiOiI1ODAyOTM3MzUwIn0.Of88VhKue5tCASFQjxvduVH5AmmdYIGxC9iaS6hHZz0,8.79958,Adzuna::API::Response::Job,"{'area': ['Deutschland', 'Baden-Württemberg', 'Tuttlingen (Kreis)', 'Tuttlingen'], 'display_name': 'Tuttlingen, Tuttlingen (Kreis)', '__CLASS__': 'Adzuna::API::Response::Location'}","{'display_name': 'KLS Martin Group', '__CLASS__': 'Adzuna::API::Response::Company'}",https://www.adzuna.de/details/5802937350?utm_medium=api&utm_source=a4bcf954,5802937350,2026-07-16T15:57:34Z,47.98941,Duales Studium Data Science und Künstliche Intelligenz | 2027,"{'__CLASS__': 'Adzuna::API::Response::Category', 'label': 'Unknown', 'tag': 'unknown'}",0,,,,
"AI & Data Science Manager (m/w/d) Bei unserem namhaften Kunden im Raum Aalen/Oberkochen - einem führenden Unternehmen der Hightechindustrie - bietet sich diese einmalige Perspektive im Rahmen der Arbeitnehmerüberlassung mit der Option auf Übernahme. Dein zukünftiger Tätigkeitsbereich Zentrale Mitgestaltung der technologischen Zukunft in einem Hightech-Umfeld sowie aktiver Beitrag zur digitalen Transformation und zur Sicherung der Wettbewerbsfähigkeit Verantwortung für die Entwicklung, Implement…",eyJhbGciOiJIUzI1NiJ9.eyJpIjoiNTgzNjI3MTMzMiIsInMiOiJrQUVrNmIycThSRzAzZnNFc2QxVlhBIn0.GAxkvGmUw-0Lak0jXYokyt-2iqNqmNTSy6zgvWm_Nr4,10.10558,Adzuna::API::Response::Job,"{'display_name': 'Oberkochen, Ostalbkreis', 'area': ['Deutschland', 'Baden-Württemberg', 'Ostalbkreis', 'Oberkochen'], '__CLASS__': 'Adzuna::API::Response::Location'}","{'__CLASS__': 'Adzuna::API::Response::Company', 'display_name': 'encontec GmbH'}",https://www.adzuna.de/details/5836271332?utm_medium=api&utm_source=a4bcf954,5836271332,2026-08-11T04:10:14Z,48.78408,AI & Data Science Manager (m/w/d),"{'label': 'Stellen aus Wissenschaft & Qualitätssicherung', '__CLASS__': 'Adzuna::API::Response::Category', 'tag': 'scientific-qa-jobs'}",0,full_time,68000.0,75000.0,
"Menschen und Technologien zu verbinden, den Perfect Match für unsere Kunden zu gestalten, immer die richtigen Expert:innen für die jeweilige Herausforderung zu finden - das ist unser Anspruch bei FERCHAU und dafür suchen wir dich: Dein Aufgabengebiet * Entwicklung und Implementierung von Datenanalyse- und Machine-Learning-Lösungen für Messsysteme * Konzeption, Programmierung und Integration neuer Algorithmen zur Auswertung großer Datensätze * Anwendung von Methoden wie Deep Learning, Bildverarb…",eyJhbGciOiJIUzI1NiJ9.eyJzIjoia0FFazZiMnE4UkcwM2ZzRXNkMVZYQSIsImkiOiI1ODM5NTgwODg1In0.vKxW_r4rVHGyRwsvgonuNNXTglN65EGMdANPgna9ykc,10.10558,Adzuna::API::Response::Job,"{'__CLASS__': 'Adzuna::API::Response::Location', 'display_name': 'Oberkochen, Ostalbkreis', 'area': ['Deutschland', 'Baden-Württemberg', 'Ostalbkreis', 'Oberkochen']}","{'__CLASS__': 'Adzuna::API::Response::Company', 'display_name': 'FERCHAU GmbH'}",https://www.adzuna.de/details/5839580885?utm_medium=api&utm_source=a4bcf954,5839580885,2026-08-13T07:31:47Z,48.78408,AI Data Science Engineer (m/w/d),"{'__CLASS__': 'Adzuna::API::Response::Category', 'label': 'Unknown', 'tag': 'unknown'}",0,,,,
"Dein Berufsbild: Du möchtest irgendwas mit Mathe und Programmieren machen und findest Technologien der Zukunft spannend? Dann entscheide dich für den Studiengang Data Science und Künstliche Intelligenz und hol alles aus den Daten heraus. In deinem Beruf bist du die Schnittstelle zwischen IT und Business. Du beherrschst die verschiedenen Technologien, bewertest deren Potenziale und weißt, wie man sie technisch umsetzt. In deinem dualen Studium erlernst du die Grundlagen, Konzepte und Methoden de…",eyJhbGciOiJIUzI1NiJ9.eyJpIjoiNTc2NzMyODg5NyIsInMiOiJrQUVrNmIycThSRzAzZnNFc2QxVlhBIn0.mVuDbK1WxS2Gvxkzkfp1dlPyRDxHtHG_gKFPAg4kcUs,8.412378,Adzuna::API::Response::Job,"{'area': ['Deutschland', 'Baden-Württemberg', 'Karlsruhe (Kreis)', 'Karlsruhe'], 'display_name': 'Karlsruhe, Karlsruhe (Kreis)', '__CLASS__': 'Adzuna::API::Response::Location'}","{'__CLASS__': 'Adzuna::API::Response::Company', 'display_name': 'Siemens AG'}",https://www.adzuna.de/land/ad/5767328897?se=kAEk6b2q8RG03fsEsd1VXA&utm_medium=api&utm_source=a4bcf954&v=035D23A311258786BF2486F5AFEF4CF66CBAE58C,5767328897,2026-06-18T01:08:56Z,49.001249,Data Science und Künstliche Intelligenz (B.Sc.) 2027,"{'label': 'Teilzeitstellen', '__CLASS__': 'Adzuna::API::Response::Category', 'tag': 'part-time-jobs'}",0,,,,
"WhyBrilliant is sourcing applicants for this role on behalf of an innovative German AI scale-up bridging psychology and advanced data analytics. The company's identity may stay confidential until first contact. Atlas, our AI Recruiter, is running this search and will pick the best candidates from Nova's network. The next step is to speak to Nova . The Role Job Title: Data Science Consultant (m/f/x/d) Location: Nuremberg, Germany Why this role matters As organizations struggle to extract actiona…",eyJhbGciOiJIUzI1NiJ9.eyJzIjoia0FFazZiMnE4UkcwM2ZzRXNkMVZYQSIsImkiOiI1ODQ5MjU0ODM1In0.zM_pBgqcNUnL-rwNMbcqHJUbjY02D0mqy_lZxHpcOec,11.11021,Adzuna::API::Response::Job,"{'__CLASS__': 'Adzuna::API::Response::Location', 'display_name': 'Buchenbühl, Nürnberg', 'area': ['Deutschland', 'Bayern', 'Nürnberg', 'Buchenbühl']}","{'display_name': 'WhyBrilliant GmbH', '__CLASS__': 'Adzuna::API::Response::Company'}",https://www.adzuna.de/details/5849254835?utm_medium=api&utm_source=a4bcf954,5849254835,2026-08-20T05:31:08Z,49.50401,Data Science Consultant (m/f/x/d),"{'tag': 'unknown', '__CLASS__': 'Adzuna::API::Response::Category', 'label': 'Unknown'}",0,full_time,70000.0,95000.0,permanent
"Dein Berufsbild: Du möchtest irgendwas mit Mathe und Programmieren machen und findest Technologien der Zukunft spannend? Dann entscheide dich für den Studiengang Data Science und Künstliche Intelligenz und hol alles aus den Daten heraus. In deinem Beruf bist du die Schnittstelle zwischen IT und Business. Du beherrschst die verschiedenen Technologien, bewertest deren Potenziale und weißt, wie man sie technisch umsetzt. In deinem dualen Studium erlernst du die Grundlagen, Konzepte und Methoden de…",eyJhbGciOiJIUzI1NiJ9.eyJzIjoia0FFazZiMnE4UkcwM2ZzRXNkMVZYQSIsImkiOiI1ODA5NzEyMzcwIn0.TuNRPEYHCxYCPCOYU6GRYF9jB2_r8aqj0SivodMMWAA,6.82951,Adzuna::API::Response::Job,"{'display_name': 'Lövenich, Köln', 'area': ['Deutschland', 'Nordrhein-Westfalen', 'Köln', 'Lövenich'], '__CLASS__': 'Adzuna::API::Response::Location'}","{'__CLASS__': 'Adzuna::API::Response::Company', 'display_name': 'Siemens AG'}",https://www.adzuna.de/details/5809712370?utm_medium=api&utm_source=a4bcf954,5809712370,2026-07-21T22:58:52Z,50.94691,Data Science und Künstliche Intelligenz (B.Sc.) 2027,"{'tag': 'part-time-jobs', 'label': 'Teilzeitstellen', '__CLASS__': 'Adzuna::API::Response::Category'}",0,,,,
"Dein Berufsbild: Du möchtest irgendwas mit Mathe und Programmieren machen und findest Technologien der Zukunft spannend? Dann entscheide dich für den Studiengang Data Science und Künstliche Intelligenz und hol alles aus den Daten heraus. In deinem Beruf bist du die Schnittstelle zwischen IT und Business. Du beherrschst die verschiedenen Technologien, bewertest deren Potenziale und weißt, wie man sie technisch umsetzt. In deinem dualen Studium erlernst du die Grundlagen, Konzepte und Methoden de…",eyJhbGciOiJIUzI1NiJ9.eyJzIjoia0FFazZiMnE4UkcwM2ZzRXNkMVZYQSIsImkiOiI1Nzg1NDEyMTkxIn0.gtDWLCtIFybZfn7a3tWi8ua06DVqs4kicPar6s3vRXM,6.969972,Adzuna::API::Response::Job,"{'display_name': 'Köln, Nordrhein-Westfalen', 'area': ['Deutschland', 'Nordrhein-Westfalen', 'Köln'], '__CLASS__': 'Adzuna::API::Response::Location'}","{'__CLASS__': 'Adzuna::API::Response::Company', 'display_name': 'Siemens AG'}",https://www.adzuna.de/land/ad/5785412191?se=kAEk6b2q8RG03fsEsd1VXA&utm_medium=api&utm_source=a4bcf954&v=D0A77CD380C46F611C880989E79CBA2570403C30,5785412191,2026-07-02T14:03:32Z,50.940164,Data Science und Künstliche Intelligenz (B.Sc.) 2027,"{'tag': 'part-time-jobs', 'label': 'Teilzeitstellen', '__CLASS__': 'Adzuna::API::Response::Category'}",0,,,,
"Bring more to life. Are you ready to accelerate your potential and make a real difference within life sciences, diagnostics and biotechnology? At Leica Microsystems, one of Danaher’s 15 operating companies, our work saves lives—and we’re all united by a shared commitment to innovate for tangible impact. You’ll thrive in a culture of belonging where you and your unique viewpoint matter. And by harnessing Danaher’s system of continuous improvement, you help turn ideas into impact – innovating at …",eyJhbGciOiJIUzI1NiJ9.eyJzIjoia0FFazZiMnE4UkcwM2ZzRXNkMVZYQSIsImkiOiI1Nzg1OTk4NzAyIn0.j-vc-iX4tT0AZkqQPkGkLMtgxd2ObxS9tLa7_wMjq-4,,Adzuna::API::Response::Job,"{'__CLASS__': 'Adzuna::API::Response::Location', 'area': ['Deutschland'], 'display_name': 'Deutschland'}","{'display_name': 'Danaher', '__CLASS__': 'Adzuna::API::Response::Company'}",https://www.adzuna.de/details/5785998702?utm_medium=api&utm_source=a4bcf954,5785998702,2026-07-02T23:12:33Z,,Master Thesis Student Data Science Preventative Service,"{'__CLASS__': 'Adzuna::API::Response::Category', 'label': 'Unknown', 'tag': 'unknown'}",0,part_time,,,
"Du willst sehen, wie deine Arbeit in echten Use Cases Mehrwert schafft – bei Unternehmen, die du aus dem Alltag kennst? Willkommen bei twomynds. Wir sind eine dedizierte Data-&-AI-Beratung sowie ein Service Provider mit End-to-End-Umsetzung und begleiten Unternehmen von der strategischen Zielsetzung bis zur operativen Realisierung – strategisch, umsetzungsstark und ergebnisorientiert. Unsere Mission: Ambitionierte Unternehmen befähigen, Data & AI in geschäftskritischen Mehrwert zu verwandeln – …",eyJhbGciOiJIUzI1NiJ9.eyJzIjoia0FFazZiMnE4UkcwM2ZzRXNkMVZYQSIsImkiOiI1ODA0NTU0ODYxIn0.Mu9tXnjuQOe2yHRDIkBEy_wwORcvBcdpdeJWfTJeakU,7.10344,Adzuna::API::Response::Job,"{'__CLASS__': 'Adzuna::API::Response::Location', 'display_name': 'Zentrum, Bonn', 'area': ['Deutschland', 'Nordrhein-Westfalen', 'Bonn', 'Zentrum']}","{'__CLASS__': 'Adzuna::API::Response::Company', 'display_name': 'twomynds'}",https://www.adzuna.de/details/5804554861?utm_medium=api&utm_source=a4bcf954,5804554861,2026-07-17T09:51:02Z,50.73754,AI & Data Science Consultant (m/w/d),"{'tag': 'unknown', 'label': 'Unknown', '__CLASS__': 'Adzuna::API::Response::Category'}",0,,,,
"Du willst sehen, wie deine Arbeit in echten Use Cases Mehrwert schafft – bei Unternehmen, die du aus dem Alltag kennst? Willkommen bei twomynds. Wir sind eine dedizierte Data-&-AI-Beratung sowie ein Service Provider mit End-to-End-Umsetzung und begleiten Unternehmen von der strategischen Zielsetzung bis zur operativen Realisierung – strategisch, umsetzungsstark und ergebnisorientiert. Unsere Mission: Ambitionierte Unternehmen befähigen, Data & AI in geschäftskritischen Mehrwert zu verwandeln – …",eyJhbGciOiJIUzI1NiJ9.eyJzIjoia0FFazZiMnE4UkcwM2ZzRXNkMVZYQSIsImkiOiI1ODAyOTYzMjY4In0.zEM6zutKFQm8gZX48KX0enWlyU8QGE07lrendfQnxa0,7.112412,Adzuna::API::Response::Job,"{'area': ['Deutschland', 'Nordrhein-Westfalen', 'Bonn'], 'display_name': 'Bonn, Nordrhein-Westfalen', '__CLASS__': 'Adzuna::API::Response::Location'}","{'__CLASS__': 'Adzuna::API::Response::Company', 'display_name': 'twomynds'}",https://www.adzuna.de/details/5802963268?utm_medium=api&utm_source=a4bcf954,5802963268,2026-07-16T16:04:38Z,50.71942,AI & Data Science Consultant (m/w/d),"{'label': 'Unknown', '__CLASS__': 'Adzuna::API::Response::Category', 'tag': 'unknown'}",0,full_time,,,
"Bring more to life. Are you ready to accelerate your potential and make a real difference within life sciences, diagnostics and biotechnology? At Leica Microsystems, one of Danaher's (https://danaher.com/our-businesses) 15 operating companies, our work saves lives-and we're all united by a shared commitment to innovate for tangible impact. You'll thrive in a culture of belonging where you and your unique viewpoint matter. And by harnessing Danaher's system of continuous improvement, you help tu…",eyJhbGciOiJIUzI1NiJ9.eyJzIjoia0FFazZiMnE4UkcwM2ZzRXNkMVZYQSIsImkiOiI1NzgzMDAwNzQ1In0.d4doRa-JZKolyTS1aTnlsZr5zFq7wlFv2bphVJTdhXo,8.491505,Adzuna::API::Response::Job,"{'display_name': 'Mannheim, Baden-Württemberg', 'area': ['Deutschland', 'Baden-Württemberg', 'Mannheim'], '__CLASS__': 'Adzuna::API::Response::Location'}","{'display_name': 'Danaher Corporation', '__CLASS__': 'Adzuna::API::Response::Company'}",https://www.adzuna.de/details/5783000745?utm_medium=api&utm_source=a4bcf954,5783000745,2026-07-01T07:46:19Z,49.496025,Master Thesis Student Data Science Preventative Service,"{'tag': 'unknown', '__CLASS__': 'Adzuna::API::Response::Category', 'label': 'Unknown'}",0,,,,
"Bring more to life. Are you ready to accelerate your potential and make a real difference within life sciences, diagnostics and biotechnology? At Cytiva, one of Danaher's (https://danaher.com/our-businesses) 15 operating companies, our work saves lives-and we're all united by a shared commitment to innovate for tangible impact. You'll thrive in a culture of belonging where you and your unique viewpoint matter. And by harnessing Danaher's system of continuous improvement, you help turn ideas int…",eyJhbGciOiJIUzI1NiJ9.eyJzIjoia0FFazZiMnE4UkcwM2ZzRXNkMVZYQSIsImkiOiI1Nzc1ODE0MzgxIn0.sbdQOk2Z-4h9h5zVYnxa4q2zgbvAxnIJmR1Qce2tRmM,,Adzuna::API::Response::Job,"{'__CLASS__': 'Adzuna::API::Response::Location', 'display_name': 'Köln, Nordrhein-Westfalen', 'area': ['Deutschland', 'Nordrhein-Westfalen', 'Köln']}","{'__CLASS__': 'Adzuna::API::Response::Company', 'display_name': 'Danaher Corporation'}",https://www.adzuna.de/details/5775814381?utm_medium=api&utm_source=a4bcf954,5775814381,2026-06-25T07:51:26Z,,Senior Scientist Data Science (f/m/d),"{'__CLASS__': 'Adzuna::API::Response::Category', 'label': 'Unknown', 'tag': 'unknown'}",0,,,,
"Bring more to life. Are you ready to accelerate your potential and make a real difference within life sciences, diagnostics and biotechnology? At Cytiva, one of Danaher’s 15 operating companies, our work saves lives—and we’re all united by a shared commitment to innovate for tangible impact. You’ll thrive in a culture of belonging where you and your unique viewpoint matter. And by harnessing Danaher’s system of continuous improvement, you help turn ideas into impact – innovating at the speed of…",eyJhbGciOiJIUzI1NiJ9.eyJpIjoiNTgyMTI0MjE0MCIsInMiOiJrQUVrNmIycThSRzAzZnNFc2QxVlhBIn0.vXpCAravp2hwK4BNJjt24OyYPOJnXyMtx4epUpZ5pF4,,Adzuna::API::Response::Job,"{'__CLASS__': 'Adzuna::API::Response::Location', 'display_name': 'Deutschland', 'area': ['Deutschland']}","{'__CLASS__': 'Adzuna::API::Response::Company', 'display_name': 'Danaher'}",https://www.adzuna.de/details/5821242140?utm_medium=api&utm_source=a4bcf954,5821242140,2026-07-30T17:30:10Z,,Senior Scientist Data Science (f/m/d),"{'label': 'Unknown', '__CLASS__': 'Adzuna::API::Response::Category', 'tag': 'unknown'}",0,full_time,,,
"Du willst sehen, wie deine Lösungen direkt Management-Entscheidungen beeinflussen und in echten Use Cases Mehrwert schaffen – bei Unternehmen, die du aus dem Alltag kennst? Willkommen bei twomynds. Wir sind ein dedizierter End-to-End Data & AI Service Provider – strategisch, umsetzungsstark und ergebnisorientiert. Unsere Mission: Ambitionierte Unternehmen befähigen, Data & AI in geschäftskritischen Mehrwert zu verwandeln – mit strategischer Klarheit, technischer Exzellenz und unternehmerischer …",eyJhbGciOiJIUzI1NiJ9.eyJzIjoia0FFazZiMnE4UkcwM2ZzRXNkMVZYQSIsImkiOiI1ODAyOTYwNjI5In0.auqEep7YmFlUplEASxFTs3DmOQ0QGWdIaDkiFrkv4t0,7.112412,Adzuna::API::Response::Job,"{'display_name': 'Bonn, Nordrhein-Westfalen', 'area': ['Deutschland', 'Nordrhein-Westfalen', 'Bonn'], '__CLASS__': 'Adzuna::API::Response::Location'}","{'__CLASS__': 'Adzuna::API::Response::Company', 'display_name': 'twomynds'}",https://www.adzuna.de/details/5802960629?utm_medium=api&utm_source=a4bcf954,5802960629,2026-07-16T16:04:07Z,50.71942,Data Science & Solutions Consultant (m/w/d),"{'label': 'Unknown', '__CLASS__': 'Adzuna::API::Response::Category', 'tag': 'unknown'}",0,full_time,,,
"Du willst sehen, wie deine Lösungen direkt Management-Entscheidungen beeinflussen und in echten Use Cases Mehrwert schaffen – bei Unternehmen, die du aus dem Alltag kennst? Willkommen bei twomynds. Wir sind ein dedizierter End-to-End Data & AI Service Provider – strategisch, umsetzungsstark und ergebnisorientiert. Unsere Mission: Ambitionierte Unternehmen befähigen, Data & AI in geschäftskritischen Mehrwert zu verwandeln – mit strategischer Klarheit, technischer Exzellenz und unternehmerischer …",eyJhbGciOiJIUzI1NiJ9.eyJzIjoia0FFazZiMnE4UkcwM2ZzRXNkMVZYQSIsImkiOiI1ODA0NTUwNTg5In0.M2vIo1dJUhrQIqrJWJv5xXI-hJBew9qTCUcYBE2WFt8,7.10344,Adzuna::API::Response::Job,"{'display_name': 'Zentrum, Bonn', 'area': ['Deutschland', 'Nordrhein-Westfalen', 'Bonn', 'Zentrum'], '__CLASS__': 'Adzuna::API::Response::Location'}","{'display_name': 'twomynds', '__CLASS__': 'Adzuna::API::Response::Company'}",https://www.adzuna.de/details/5804550589?utm_medium=api&utm_source=a4bcf954,5804550589,2026-07-17T09:50:27Z,50.73754,Data Science & Solutions Consultant (m/w/d),"{'tag': 'unknown', 'label': 'Unknown', '__CLASS__': 'Adzuna::API::Response::Category'}",0,,,,
"Mitarbeit bei der Analyse und Verarbeitung großer Datenmengen (z.B. Datenaufbereitung, Datenbankmanagement, Statistik, Data Mining) Entwicklung und Anwendung von Machine-Learning-/KI-Modellen (z. B. für Bild- oder Spracherkennung, Predictive Analytics, Automatisierung) Unterstützung bei Software- und Systementwicklung, ggf. Webtechnologien, Datenbanken und Cloud-Lösungen Mitarbeit in interdisziplinären Projekten, Dokumentation, Testen und Evaluierung von Prototypen oder Anwendungen Zusammenarbe…",eyJhbGciOiJIUzI1NiJ9.eyJzIjoia0FFazZiMnE4UkcwM2ZzRXNkMVZYQSIsImkiOiI1NTg4NDAwMzY0In0.38V_fPhDb4d67dKsfJdGASkZxiy0q9OkOmSTKov6H7Y,12.51611,Adzuna::API::Response::Job,"{'__CLASS__': 'Adzuna::API::Response::Location', 'display_name': 'Roding, Cham (Kreis)', 'area': ['Deutschland', 'Bayern', 'Cham (Kreis)', 'Roding']}","{'__CLASS__': 'Adzuna::API::Response::Company', 'display_name': 'MB Automation & Co. KG'}",https://www.adzuna.de/details/5588400364?utm_medium=api&utm_source=a4bcf954,5588400364,2026-01-16T21:16:55Z,49.1953,Duales Studium im Bereich Künstliche Intelligenz und Data Science,"{'tag': 'logistics-warehouse-jobs', '__CLASS__': 'Adzuna::API::Response::Category', 'label': 'Stellen aus Logistik & Lagerhaltung'}",0,full_time,,,
"At Enpal, we are not just a company; we are a movement. As a recognized greentech unicorn and one of Europe’s fastest-growing energy companies, we’re dedicated to making solar energy accessible and effortless for homeowners across the continent. Our innovative business model for solar panels, heat pumps, home energy storage systems, and EV charging stations is redefining the residential energy market. With our mission to empower homeowners to embrace clean energy, we are paving the way for a su…",eyJhbGciOiJIUzI1NiJ9.eyJpIjoiNTc5MTQ3ODU1NiIsInMiOiJrQUVrNmIycThSRzAzZnNFc2QxVlhBIn0.i8vvmxpGLhH4Kt2SGjH2Wl9O4xDqxq1PSm9VmJ2WMO8,13.420806,Adzuna::API::Response::Job,"{'display_name': 'Berlin, Deutschland', 'area': ['Deutschland', 'Berlin'], '__CLASS__': 'Adzuna::API::Response::Location'}","{'display_name': 'Enpal', '__CLASS__': 'Adzuna::API::Response::Company'}",https://www.adzuna.de/details/5791478556?utm_medium=api&utm_source=a4bcf954,5791478556,2026-07-08T00:41:07Z,52.507706,Team Lead Data Science (f/m/x),"{'tag': 'unknown', 'label': 'Unknown', '__CLASS__': 'Adzuna::API::Response::Category'}",0,full_time,,,
"At Symanto, we are looking for a Data Science Consultant based in Germany, UAE or Spain to join our team! In this client-facing role, you will work at the intersection of advanced analytics, AI, and business consulting, helping organizations uncover opportunities for growth, transformation, and value creation. You will collaborate with senior stakeholders, translate business challenges into analytical solutions, and contribute to the development of innovative methodologies powered by cutting-ed…",eyJhbGciOiJIUzI1NiJ9.eyJpIjoiNTc3Njg2MDM5NiIsInMiOiJrQUVrNmIycThSRzAzZnNFc2QxVlhBIn0.lLZC3U2mIXS3jVe67zZaE3eFoMyYoPHGvh35aNNwI8U,11.11021,Adzuna::API::Response::Job,"{'display_name': 'Buchenbühl, Nürnberg', 'area': ['Deutschland', 'Bayern', 'Nürnberg', 'Buchenbühl'], '__CLASS__': 'Adzuna::API::Response::Location'}","{'display_name': 'Career @ Symanto', '__CLASS__': 'Adzuna::API::Response::Company'}",https://www.adzuna.de/details/5776860396?utm_medium=api&utm_source=a4bcf954,5776860396,2026-06-25T23:40:50Z,49.50401,Data Science Consultant (m/f/x/d),"{'tag': 'consultancy-jobs', '__CLASS__': 'Adzuna::API::Response::Category', 'label': 'Beraterstellen'}",0,full_time,,,
"Dieser Studiengang bereitet Dich darauf vor, den digitalen Wandel in Unternehmen voranzutreiben und aktiv mitzugestalten. Dazu werden Grundlagen der Informatik und der Wirtschaftsinformatik mit Kerninhalten der Data Science kombiniert. Themen wie Cloud Computing, Big Data, Visual Analytics und AI spielen hier eine große Rolle. Du lernst den Umgang und die Interpretation von großen Datenmengen, deren Darstellung, und das Training von AI-Modellen. Deine Ideen und Projekte kannst du dabei direkt i…",eyJhbGciOiJIUzI1NiJ9.eyJpIjoiNTgwOTcxMDU5NSIsInMiOiJrQUVrNmIycThSRzAzZnNFc2QxVlhBIn0.N-P1KsjXkziVqnKcjq81_1omea7L7OGgUG3jJZ6-TV4,9.62186,Adzuna::API::Response::Job,"{'area': ['Deutschland', 'Baden-Württemberg', 'Ravensburg (Kreis)', 'Ravensburg', 'Weingartshof'], 'display_name': 'Weingartshof, Ravensburg', '__CLASS__': 'Adzuna::API::Response::Location'}","{'display_name': 'EBZ SE', '__CLASS__': 'Adzuna::API::Response::Company'}",https://www.adzuna.de/details/5809710595?utm_medium=api&utm_source=a4bcf954,5809710595,2026-07-21T22:58:35Z,47.77567,Duales Studium (DHBW) Data Science und Künstliche Intelligenz,"{'tag': 'part-time-jobs', 'label': 'Teilzeitstellen', '__CLASS__': 'Adzuna::API::Response::Category'}",0,,,,
"Was Du bei uns machst: Forschung, Entwicklung, Anwendung und Implementierung Data Science, Big Data Entwicklung und Integration von Automatisierungslösungen auf Basis von REST-APIs Datenbankanbindung und -abfragen im Rahmen von Datenpipelines (SQL) AI, Machine Learning, Deep Learning, Computer vision Full-Stack Programming Worum geht's Für unseren Bereich Forschung & Entwicklung suchen wir derzeit Unterstützung durch Studierende. In sowohl kundenspezifischen Projekten als auch Inhouse Forschung…",eyJhbGciOiJIUzI1NiJ9.eyJzIjoia0FFazZiMnE4UkcwM2ZzRXNkMVZYQSIsImkiOiI1NzI3Mjg0MTAyIn0.Qf3cYdsgMijeJllR1I9FpvLwQ8i-1PzQwNn9QK6CnCQ,11.57287,Adzuna::API::Response::Job,"{'area': ['Deutschland', 'Bayern', 'München (Kreis)', 'München', 'Milbertshofen-Am Hart'], 'display_name': 'Milbertshofen-Am Hart, München', '__CLASS__': 'Adzuna::API::Response::Location'}","{'__CLASS__': 'Adzuna::API::Response::Company', 'display_name': 'Enforto'}",https://www.adzuna.de/details/5727284102?utm_medium=api&utm_source=a4bcf954,5727284102,2026-05-12T22:49:43Z,48.18446,Werkstudent/in - Data Science und Softwareentwicklung (m/w/d),"{'label': 'IT-Stellen', '__CLASS__': 'Adzuna::API::Response::Category', 'tag': 'it-jobs'}",0,part_time,,,
"Ihre Aufgaben: Für unseren High-Tech-Kunde aus der Halbleiterindustrie, sind wir derzeit auf der Suche nach einem AI & Data Science Engineer (m/w/d). im Bereich EUV Metrology Die Stelle wird im Rahmen der Arbeitnehmerüberlassung besetzt. Die Stelle ist auf einen Zeitraum von 24 Monaten ausgelegt. Zu Ihrem Verantwortungsbereich gehören: Aktive Mitgestaltung der digitalen Transformation und technologischen Weiterentwicklung unseres Auftraggebers und damit einen wichtigen Beitrag zur Sicherung und…",eyJhbGciOiJIUzI1NiJ9.eyJpIjoiNTgzNzAxNTczNSIsInMiOiJrQUVrNmIycThSRzAzZnNFc2QxVlhBIn0.hj2wxmHyDEPWU1nc8gzrgxYRxit_TsAAuckjoO7fORQ,10.10558,Adzuna::API::Response::Job,"{'display_name': 'Oberkochen, Ostalbkreis', 'area': ['Deutschland', 'Baden-Württemberg', 'Ostalbkreis', 'Oberkochen'], '__CLASS__': 'Adzuna::API::Response::Location'}","{'display_name': 'Jenpersonal', '__CLASS__': 'Adzuna::API::Response::Company'}",https://www.adzuna.de/details/5837015735?utm_medium=api&utm_source=a4bcf954,5837015735,2026-08-11T18:02:22Z,48.78408,AI & Data Science Engineer (m/w/d),"{'__CLASS__': 'Adzuna::API::Response::Category', 'label': 'Unknown', 'tag': 'unknown'}",0,full_time,,,
"Wer wir sind: JENPERSONAL bestimmt seinen Fokus auf Branchen, in denen Erfahrung, Marktkenntnisse und Fachwissen entscheidende Kriterien für eine nachhaltige Besetzung von Schlüsselpositionen aus dem Hochtechnologiesektor sind. JENPERSONAL sind branchenspezialisierte Personalberater, die Unternehmen aus dem Technologiesektor bei der Suche und Auswahl von Spezialisten und Führungskräften wirksam unterstützen. Ihre Aufgaben: Für unseren High-Tech-Kunde aus der Halbleiterindustrie, sind wir derzei…",eyJhbGciOiJIUzI1NiJ9.eyJpIjoiNTg0NDE0ODMxNyIsInMiOiJrQUVrNmIycThSRzAzZnNFc2QxVlhBIn0.qOiOJS7Z7asaeJ6nsIhgjLUMLMPFrYNrnBzuv5DvgtU,10.10558,Adzuna::API::Response::Job,"{'display_name': 'Oberkochen, Ostalbkreis', 'area': ['Deutschland', 'Baden-Württemberg', 'Ostalbkreis', 'Oberkochen'], '__CLASS__': 'Adzuna::API::Response::Location'}","{'display_name': 'Jenpersonal GmbH', '__CLASS__': 'Adzuna::API::Response::Company'}",https://www.adzuna.de/details/5844148317?utm_medium=api&utm_source=a4bcf954,5844148317,2026-08-16T12:38:07Z,48.78408,AI & Data Science Engineer (m/w/d),"{'__CLASS__': 'Adzuna::API::Response::Category', 'label': 'Sonstige/Allgemeine Stellen', 'tag': 'other-general-jobs'}",0,full_time,,,
"Die Sparkassen Rating und Risikosysteme (SR) ist der zentrale Dienstleister für Verfahren des Risiko­manage­ments in der Sparkassen-Finanzgruppe. Wir unterstützen die Institute mit Standardlösungen in den Bereichen der Risiko­messung und -steuerung, der regulatorischen Banksteuerung sowie im Vertrieb mit Data-Analytics-Lösungen. Gemeinsam mit unseren Partnern bieten wir den Instituten, von der Konzeption der Verfahren, über deren Weiterentwicklung, IT-Umsetzung und Umsetzungsunterstützung, zent…",eyJhbGciOiJIUzI1NiJ9.eyJzIjoia0FFazZiMnE4UkcwM2ZzRXNkMVZYQSIsImkiOiI1ODY1MTI3NTE3In0.9wtbIBrgQoB7VS2_f8Gnh5CX9Rm7x3cP0v8-ID8H4QU,13.420806,Adzuna::API::Response::Job,"{'area': ['Deutschland', 'Berlin'], 'display_name': 'Berlin, Deutschland', '__CLASS__': 'Adzuna::API::Response::Location'}","{'__CLASS__': 'Adzuna::API::Response::Company', 'display_name': 'S Rating und Risikosysteme GmbH'}",https://www.adzuna.de/details/5865127517?utm_medium=api&utm_source=a4bcf954,5865127517,2026-09-01T19:58:54Z,52.507706,Werkstudent (m/w/d) – Risikomanagement | Data Science,"{'tag': 'unknown', '__CLASS__': 'Adzuna::API::Response::Category', 'label': 'Unknown'}",0,,,,
"Are you ready to change the market? As the innovation leader in the receivables management industry, we at PAIR Finance are proud of our unique technology. Our algorithm, based on artificial intelligence, sensitizes defaulting consumers to pay outstanding debts without straining the customer relationship. Our fully automated, individually tailored approach enables us to assess each debtor's situation and achieve higher repayment rates. Our Data and Behavioral Science teams utilize purpose-built…",eyJhbGciOiJIUzI1NiJ9.eyJpIjoiNTgxMzg0MzIyOSIsInMiOiJrQUVrNmIycThSRzAzZnNFc2QxVlhBIn0.7Hco-EiovS5rHB4KMJU2CTwafvl4gGEMmq26tUDwqBQ,13.30147,Adzuna::API::Response::Job,"{'area': ['Deutschland', 'Berlin', 'Charlottenburg'], 'display_name': 'Charlottenburg, Berlin', '__CLASS__': 'Adzuna::API::Response::Location'}","{'display_name': 'PAIR Finance GmbH', '__CLASS__': 'Adzuna::API::Response::Company'}",https://www.adzuna.de/details/5813843229?utm_medium=api&utm_source=a4bcf954,5813843229,2026-07-24T15:03:20Z,52.51115,Team Lead (f/m/d) Data Science,"{'label': 'Unknown', '__CLASS__': 'Adzuna::API::Response::Category', 'tag': 'unknown'}",0,full_time,97500.0,130000.0,permanent
"Who we are JustWatch delivers data-driven digital marketing for the global entertainment business. From the biggest blockbusters to award-winning shows, major sporting events, and best-selling console games. We are not only entertainment obsessives, but we also own the world's largest streaming guide, which gives us unparalleled data and insights on audience behaviors and content tastes. From a small startup, we've evolved into a 200 strong team, based in Berlin, around the world, or working re…",eyJhbGciOiJIUzI1NiJ9.eyJpIjoiNTc4NTkyODA4MiIsInMiOiJrQUVrNmIycThSRzAzZnNFc2QxVlhBIn0.0sgFfvHHQW-eknIpD60nZBcNs4cKpvckaUrhyqCOPwU,13.420806,Adzuna::API::Response::Job,"{'display_name': 'Berlin, Deutschland', 'area': ['Deutschland', 'Berlin'], '__CLASS__': 'Adzuna::API::Response::Location'}","{'display_name': 'JustWatch', '__CLASS__': 'Adzuna::API::Response::Company'}",https://www.adzuna.de/details/5785928082?utm_medium=api&utm_source=a4bcf954,5785928082,2026-07-02T23:01:22Z,52.507706,Working Student - Data Science (Research & Predictive Analytics),"{'__CLASS__': 'Adzuna::API::Response::Category', 'label': 'Stellen aus PR, Werbung & Marketing', 'tag': 'pr-advertising-marketing-jobs'}",0,,,,
"Enabler für kleinere, leistungsfähigere und energieeffizientere Mikrochips Arbeiten, wo das Morgen entsteht. Rund 80 Prozent aller Mikrochips weltweit werden mit ZEISS Technologien gefertigt. Als Herzstück eines jeden elektronisch gesteuerten Systems sind sie aus unserem Alltag nicht mehr wegzudenken – egal ob im Smartphone, im Smart Home oder in Smart Factories. ZEISS ist Technologieführer im Bereich Halbleiterfertigungs-Equipment. Mit hochpräzisen Lithographie-Optiken, Photomasken-Systemen un…",eyJhbGciOiJIUzI1NiJ9.eyJzIjoia0FFazZiMnE4UkcwM2ZzRXNkMVZYQSIsImkiOiI1NTg5Njk4MDE3In0.0a734KrZInqEmCp86FFRlLAxhJj0Jz5-wvSut2gZJ30,10.10558,Adzuna::API::Response::Job,"{'__CLASS__': 'Adzuna::API::Response::Location', 'display_name': 'Oberkochen, Ostalbkreis', 'area': ['Deutschland', 'Baden-Württemberg', 'Ostalbkreis', 'Oberkochen']}","{'__CLASS__': 'Adzuna::API::Response::Company', 'display_name': 'ZEISS'}",https://www.adzuna.de/details/5589698017?utm_medium=api&utm_source=a4bcf954,5589698017,2026-01-17T21:24:39Z,48.78408,Abschlussarbeit Data Science / Mechanikdesign (m/w/x),"{'tag': 'creative-design-jobs', 'label': 'Stellen aus Kreation & Design', '__CLASS__': 'Adzuna::API::Response::Category'}",0,full_time,,,
"Die Sparkassen Rating und Risikosysteme (SR) ist der zentrale Dienstleister für Verfahren des Risiko­manage­ments in der Sparkassen-Finanzgruppe. Wir unterstützen die Institute mit Standardlösungen in den Bereichen der Risiko­messung und-steuerung, der regulatorischen Banksteuerung sowie im Vertrieb mit Data-Analytics-Lösungen. Gemeinsam mit unseren Partnern bieten wir den Instituten, von der Konzeption der Verfahren, über deren Weiterentwicklung, IT-Umsetzung und Umsetzungsunterstützung, zentr…",eyJhbGciOiJIUzI1NiJ9.eyJzIjoia0FFazZiMnE4UkcwM2ZzRXNkMVZYQSIsImkiOiI1ODY4MDk3MDk5In0.011vcnJpkTvKk2w3ypudZnLnB3QOzWbmfAEnEIc5JBM,13.40933,Adzuna::API::Response::Job,"{'display_name': 'Mitte, Berlin', 'area': ['Deutschland', 'Berlin', 'Mitte'], '__CLASS__': 'Adzuna::API::Response::Location'}","{'__CLASS__': 'Adzuna::API::Response::Company', 'display_name': 'S Rating und Risikosysteme GmbH'}",https://www.adzuna.de/details/5868097099?utm_medium=api&utm_source=a4bcf954,5868097099,2026-09-03T03:31:05Z,52.52219,Werkstudent (m/w/d) – Risikomanagement | Data Science,"{'__CLASS__': 'Adzuna::API::Response::Category', 'label': 'Unknown', 'tag': 'unknown'}",0,,,,
"About us Gisma University of Applied Sciences, first established in 1999 as Gisma Business School, is a leading university of applied sciences for innovative and creative international business, technology, and engineering innovation. Our Global MBA program has been recognized for its excellence through the highly acclaimed AMBA accreditation, reinforcing our reputation in the industry. Recently, we have expanded our programme portfolio into the fields of Computer Science, Software Engineering,…",eyJhbGciOiJIUzI1NiJ9.eyJzIjoia0FFazZiMnE4UkcwM2ZzRXNkMVZYQSIsImkiOiI1ODIwNDkwODU3In0.8gF5RBApB4iEPDrN4QEPvv7NvKS5q_B9huBz9sjiNkw,13.00056,Adzuna::API::Response::Job,"{'display_name': 'Bornim, Potsdam', 'area': ['Deutschland', 'Brandenburg', 'Potsdam', 'Bornim'], '__CLASS__': 'Adzuna::API::Response::Location'}","{'__CLASS__': 'Adzuna::API::Response::Company', 'display_name': 'GUS Germany GmbH'}",https://www.adzuna.de/details/5820490857?utm_medium=api&utm_source=a4bcf954,5820490857,2026-07-30T02:38:56Z,52.42532,Professor (m/f/d) of Data Science,"{'tag': 'unknown', '__CLASS__': 'Adzuna::API::Response::Category', 'label': 'Unknown'}",0,full_time,,,
"Your Responsibilities Module responsibility and teaching of Gisma Bachelor and Master programmes as well as examination, assessments, and student supervision. Active participation in programme development and quality assurance. Conception, creation and adaptation of teaching and learning materials. Initiate, expand and maintain cooperation with partners in industry and research. Participation in accreditation procedures as needed. Active participation in academic administration and committee wo…",eyJhbGciOiJIUzI1NiJ9.eyJzIjoia0FFazZiMnE4UkcwM2ZzRXNkMVZYQSIsImkiOiI1ODIxMzE0MTEyIn0.r2pfP-R3YZ10GzDU7pdxeFm81706975IqX9aFCY2oOU,,Adzuna::API::Response::Job,"{'display_name': 'Deutschland', 'area': ['Deutschland'], '__CLASS__': 'Adzuna::API::Response::Location'}","{'display_name': 'Gisma', '__CLASS__': 'Adzuna::API::Response::Company'}",https://www.adzuna.de/details/5821314112?utm_medium=api&utm_source=a4bcf954,5821314112,2026-07-30T17:47:59Z,,Professor (m/f/d) of Data Science,"{'tag': 'teaching-jobs', 'label': 'Lehrberufe', '__CLASS__': 'Adzuna::API::Response::Category'}",0,full_time,,,
"Trainee Data Science & Management (w/m/d) Country: Germany Dein Traineeprogramm In Deinem 18-monatigen Traineeprogramm nutzt Du Daten, Analysen und Modelle, um fundierte Entscheidungen zu unterstützen und die Bank von morgen mitzugestalten. Du arbeitest an datengetriebenen Fragestellungen und gewinnst Einblicke in die intelligente Nutzung von Informationen. Anders als in vielen klassischen Traineeprogrammen gestaltest Du Deine Stationen aktiv mit. Je nach Interessen kannst Du beispielsweise Ein…",eyJhbGciOiJIUzI1NiJ9.eyJpIjoiNTg1OTg4Njk4NSIsInMiOiJrQUVrNmIycThSRzAzZnNFc2QxVlhBIn0.03kkRrR9oHiEZEBU_Dzkg58I6lt6tJ8jhPz6fNjhFyM,,Adzuna::API::Response::Job,"{'area': ['Deutschland'], 'display_name': 'Deutschland', '__CLASS__': 'Adzuna::API::Response::Location'}","{'__CLASS__': 'Adzuna::API::Response::Company', 'display_name': 'Banco Santander'}",https://www.adzuna.de/details/5859886985?utm_medium=api&utm_source=a4bcf954,5859886985,2026-08-28T18:16:24Z,,Trainee Data Science & Management (w/m/d),"{'label': 'Unknown', '__CLASS__': 'Adzuna::API::Response::Category', 'tag': 'unknown'}",0,full_time,50340.0,50340.0,
"Your Responsibilities Module responsibility and teaching of Gisma Bachelor and Master programmes as well as examination, assessments, and student supervision. Active participation in programme development and quality assurance. Conception, creation and adaptation of teaching and learning materials. Initiate, expand and maintain cooperation with partners in industry and research. Participation in accreditation procedures as needed. Active participation in academic administration and committee wo…",eyJhbGciOiJIUzI1NiJ9.eyJpIjoiNTgyMjUyNTk3MiIsInMiOiJrQUVrNmIycThSRzAzZnNFc2QxVlhBIn0.SEzzEuiA7cXq3f6NZDUWdjpgdaNIEMag0tgK8WZiWKs,13.396,Adzuna::API::Response::Job,"{'__CLASS__': 'Adzuna::API::Response::Location', 'display_name': 'Kreuzberg, Berlin', 'area': ['Deutschland', 'Berlin', 'Kreuzberg']}","{'__CLASS__': 'Adzuna::API::Response::Company', 'display_name': 'Global University Systems'}",https://www.adzuna.de/details/5822525972?utm_medium=api&utm_source=a4bcf954,5822525972,2026-07-31T17:49:59Z,52.4984,Professor (m/f/d) of Data Science,"{'label': 'Lehrberufe', '__CLASS__': 'Adzuna::API::Response::Category', 'tag': 'teaching-jobs'}",0,full_time,,,
"Was Dich erwartet Du hast ein Gespür für Daten und willst sehen, wie Deine Analysen echten Mehrwert schaffen? Dann bist Du bei uns genau richtig! Deine Mission: Hilf uns dabei, unsere Kunden datenbasiert besser zu verstehen und daraus konkrete Mehrwerte abzuleiten. Als Werkstudent im Beriech BI & Data Science entwickelst Du mit uns intelligente Analysen, optimierst Prozesse und schaffst die Grundlage für bessere Entscheidungen in Marketing, Beratung und Reporting. Du hast viel zu tun Kundendate…",eyJhbGciOiJIUzI1NiJ9.eyJpIjoiNTcyNzM0NjM2OCIsInMiOiJrQUVrNmIycThSRzAzZnNFc2QxVlhBIn0.vkI3BK0G5uEXM_KZOK2JYpWeyyNgnAuBf7CagUswxeM,10.88248,Adzuna::API::Response::Job,"{'area': ['Deutschland', 'Bayern', 'Landsberg am Lech (Kreis)', 'Landsberg am Lech'], 'display_name': 'Landsberg am Lech, Landsberg am Lech (Kreis)', '__CLASS__': 'Adzuna::API::Response::Location'}","{'display_name': 'nimax', '__CLASS__': 'Adzuna::API::Response::Company'}",https://www.adzuna.de/details/5727346368?utm_medium=api&utm_source=a4bcf954,5727346368,2026-05-12T23:28:53Z,48.04792,Werkstudent (m/w/d) BI & Data Science,"{'label': 'Unknown', '__CLASS__': 'Adzuna::API::Response::Category', 'tag': 'unknown'}",0,part_time,,,
"Als Student arbeitest Du mit Deinen Kolleginnen und Kollegen auf Augenhöhe und schaffst ideale Voraussetzungen für Deine spätere Karriere. Sich etwas Neues trauen, über sich hinauswachsen und dabei die Grenzen des Machbaren neu deﬁnieren. Genau das ist es, was unsere Mitarbeitenden täglich leben dürfen und sollen. Um mit unseren Innovationen das Tempo vorzugeben und Großartiges zu ermöglichen. Denn hinter jedem erfolgreichen Unternehmen stehen eine ganze Menge faszinierender Menschen. Die Mitar…",eyJhbGciOiJIUzI1NiJ9.eyJpIjoiNTc4MjM4MDYyOSIsInMiOiJrQUVrNmIycThSRzAzZnNFc2QxVlhBIn0.obIQ7MJKcS48xvr6q4E_RCGC6sPdZG_4e6lHou5YGaw,10.10558,Adzuna::API::Response::Job,"{'display_name': 'Oberkochen, Ostalbkreis', 'area': ['Deutschland', 'Baden-Württemberg', 'Ostalbkreis', 'Oberkochen'], '__CLASS__': 'Adzuna::API::Response::Location'}","{'__CLASS__': 'Adzuna::API::Response::Company', 'display_name': 'ZEISS'}",https://www.adzuna.de/details/5782380629?utm_medium=api&utm_source=a4bcf954,5782380629,2026-06-30T22:28:57Z,48.78408,Abschlussarbeit Data Science / Mechanikdesign (m/w/x),"{'tag': 'other-general-jobs', 'label': 'Sonstige/Allgemeine Stellen', '__CLASS__': 'Adzuna::API::Response::Category'}",0,,,,
S-Kreditpartner – unser Name ist Programm. Und der macht auf den ersten Blick deutlich: Wir gehören zur Familie der Sparkassen. Als spezialisierter Verbundpartner bündeln wir die Aktivitäten für die Auto- und Konsumenten­finanzierung. Gemein­sam mit unseren Vertriebs­partnern wollen wir die Position der Sparkassen-Finanz­gruppe in diesen Geschäftsfeldern stärken. Als Referent (m/w/d) Data Scientist gestaltest Du die Banksteuerung aktiv mit und machst aus komplexen Daten klare Entscheidungs­grun…,eyJhbGciOiJIUzI1NiJ9.eyJzIjoia0FFazZiMnE4UkcwM2ZzRXNkMVZYQSIsImkiOiI1ODU5NDIyMjM2In0.--PMOfnAJrLYjH9ENh5LEgTT45y8vCjaMs7Vh6QDcHw,13.420806,Adzuna::API::Response::Job,"{'__CLASS__': 'Adzuna::API::Response::Location', 'area': ['Deutschland', 'Berlin'], 'display_name': 'Berlin, Deutschland'}","{'__CLASS__': 'Adzuna::API::Response::Company', 'display_name': 'S-Kreditpartner GmbH'}",https://www.adzuna.de/details/5859422236?utm_medium=api&utm_source=a4bcf954,5859422236,2026-08-28T07:50:27Z,52.507706,Referent Data Science & Reporting (m/w/d),"{'tag': 'unknown', '__CLASS__': 'Adzuna::API::Response::Category', 'label': 'Unknown'}",0,,,,
"At Statista , we’re all about facts and data, for we are the world's leading business data platform. By providing reliable and easy-to-use data as well as various data analytics products and services, we empower people worldwide to make fact-based decisions. Founded in Hamburg in 2007, we have quickly grown into a global company with offices in major cities such as London, New York, Berlin and Tokyo. And we still have a lot of plans. Our constant growth does not only prove our success, but also…",eyJhbGciOiJIUzI1NiJ9.eyJpIjoiNTQ3MDk2MjY4NiIsInMiOiJrQUVrNmIycThSRzAzZnNFc2QxVlhBIn0.7gSiyI2DBNh_oqGwpYTDyWChikWGfkWewHRT588JcDs,13.420806,Adzuna::API::Response::Job,"{'__CLASS__': 'Adzuna::API::Response::Location', 'display_name': 'Berlin, Deutschland', 'area': ['Deutschland', 'Berlin']}","{'__CLASS__': 'Adzuna::API::Response::Company', 'display_name': 'Statista'}",https://www.adzuna.de/details/5470962686?utm_medium=api&utm_source=a4bcf954,5470962686,2025-10-30T13:54:30Z,52.507706,Consultant Data Science - Healthcare (m/f/d),"{'tag': 'consultancy-jobs', 'label': 'Beraterstellen', '__CLASS__': 'Adzuna::API::Response::Category'}",0,full_time,,,
"WILLKOMMEN IM TEAM Am BASF-Standort in Schwarzheide produzieren wir nicht nur Polyurethangrundprodukte, Schaumstoffe und Lacke, sondern auch technische Kunststoffe, Veredlungschemikalien und Fungizide. So vielseitig wie unsere Produktpalette sind auch die Tätigkeiten, die es braucht, damit die Produkte hergestellt werden - unsere Mitarbeiterinnen und Mitarbeiter arbeiten bei uns am Standort in den unterschiedlichsten Fachdisziplinen zusammen: vom Ingenieurwesen bis hin zur Digitalisierung, von …",eyJhbGciOiJIUzI1NiJ9.eyJzIjoia0FFazZiMnE4UkcwM2ZzRXNkMVZYQSIsImkiOiI1MDYyMjQ5MzI3In0.iK1yfo8uT69_QA67OpNGbF5PhI8qjl7daq0pXz5pON4,13.86232,Adzuna::API::Response::Job,"{'__CLASS__': 'Adzuna::API::Response::Location', 'area': ['Deutschland', 'Brandenburg', 'Oberspreewald-Lausitz (Kreis)', 'Schwarzheide'], 'display_name': 'Schwarzheide, Oberspreewald-Lausitz (Kreis)'}","{'display_name': 'Basf France', '__CLASS__': 'Adzuna::API::Response::Company'}",https://www.adzuna.de/details/5062249327?utm_medium=api&utm_source=a4bcf954,5062249327,2025-02-24T18:13:01Z,51.47465,Praktikum Data Science in der Digitalisierung (m/w/d),"{'label': 'Stellen für Hochschulabsolventen', '__CLASS__': 'Adzuna::API::Response::Category', 'tag': 'graduate-jobs'}",0,,,,contract
"Dein Profil Dein Bachelor- oder Masterstudium der (Wirtschafts-)Informatik, Naturwissenschaften oder einer vergleichbaren Fachrichtung hast Du erfolgreich abgeschlossen. Du hast bereits erste praktische Erfahrungen durch Praktika oder eine Werkstudententätigkeit gesammelt und dort idealerweise bereits mit SAS, SQL oder Python gearbeitet. Du hast Freude an Daten, analytischen Fragestellungen und dem Erkennen von Zusammenhängen. Du verfügst über sehr gute Deutsch- und Englischkenntnisse und arbei…",eyJhbGciOiJIUzI1NiJ9.eyJpIjoiNTg2NTI3NTEwOSIsInMiOiJrQUVrNmIycThSRzAzZnNFc2QxVlhBIn0.r1PcL7tTPP6AqKfZfykXN0R6MCWUIr2gXdXvW0PhrZA,6.44248,Adzuna::API::Response::Job,"{'__CLASS__': 'Adzuna::API::Response::Location', 'display_name': 'Eicken, Mönchengladbach', 'area': ['Deutschland', 'Nordrhein-Westfalen', 'Mönchengladbach', 'Eicken']}","{'display_name': 'Openbank Deutschland AG', '__CLASS__': 'Adzuna::API::Response::Company'}",https://www.adzuna.de/details/5865275109?utm_medium=api&utm_source=a4bcf954,5865275109,2026-09-01T22:46:20Z,51.21088,Trainee Data Science & Management (m/w/d),"{'__CLASS__': 'Adzuna::API::Response::Category', 'label': 'Stellen für Hochschulabsolventen', 'tag': 'graduate-jobs'}",0,,,,
