__CLASS__,adref,redirect_url,longitude,company,title,latitude,created,description,id,category,salary_is_predicted,location,contract_time,salary_min,salary_max,contract_type
Adzuna::API::Response::Job,eyJhbGciOiJIUzI1NiJ9.eyJzIjoiY29xZk9DMTU4UkdsaV9SZG51V2FqdyIsImkiOiI1Nzg4MTk2OTIyIn0.1DVP6MFLjFdzquCqoGer7jenPwGv5FF2o8lbbhwss2o,https://www.adzuna.de/land/ad/5788196922?se=coqfOC158RGli_RdnuWajw&utm_medium=api&utm_source=a4bcf954&v=9F234F9342A02A2103254C1B8E6F4BD573CFF1F2,9.026231,"{'display_name': 'Mercedes-Benz AG', '__CLASS__': 'Adzuna::API::Response::Company'}",Werksstudent*in Data Science - Emissionsdaten,48.720071,2026-07-04T18:56:35Z,"Life is always about becoming… Im Leben geht es darum, sich auf eine Reise zu begeben, um die beste Version unseres zukünftigen Selbst zu werden. Während wir Neues entdecken, stellen wir uns Herausforderungen, meistern sie und wachsen über uns hinaus. Bewerben Sie sich bei Mercedes-Benz und finden Sie den Aufgabenbereich, in dem Sie Ihre Talente individuell entfalten können. Dabei werden Sie von visionären Kolleginnen und Kollegen unterstützt, die Ihren Pioniergeist teilen. Bei uns einzusteigen…",5788196922,"{'tag': 'other-general-jobs', 'label': 'Sonstige/Allgemeine Stellen', '__CLASS__': 'Adzuna::API::Response::Category'}",0,"{'display_name': 'Sindelfingen, Böblingen (Kreis)', 'area': ['Deutschland', 'Baden-Württemberg', 'Böblingen (Kreis)', 'Sindelfingen'], '__CLASS__': 'Adzuna::API::Response::Location'}",,,,
Adzuna::API::Response::Job,eyJhbGciOiJIUzI1NiJ9.eyJzIjoiY29xZk9DMTU4UkdsaV9SZG51V2FqdyIsImkiOiI1NzMzMjg4NjYyIn0.mXzIJd4T_mkUhxnW4OTlevQCb2dK3eqGs2fKeCBtRvw,https://www.adzuna.de/land/ad/5733288662?se=coqfOC158RGli_RdnuWajw&utm_medium=api&utm_source=a4bcf954&v=366DE9802B50CE4713055921F48A779825AE62E1,9.2274,"{'display_name': 'Lidl Stiftung & Co. KG', '__CLASS__': 'Adzuna::API::Response::Company'}",Duales Studium Wirtschaftsinformatik - Data Science 2027,49.18975,2026-05-18T19:45:18Z,"Eine gute Idee war der Ursprung, ein erfolgreiches Konzept ist das Ergebnis. Qualität zum guten Preis möglichst vielen Menschen anbieten zu können treibt uns an - mittlerweile weltweit, denn wir sind Lidl. Hier ist das berufliche Zuhause vielfältiger Talente. Ob im Einkauf, in der Logistik, im Warengeschäft oder in der IT; ob als Impulsgeber, Gestalter oder Dienstleister der Länder. Wir suchen Anpacker, Durchstarter, Möglichmacher und bieten spannende Aufgaben und Projekte in einem dynamischen …",5733288662,"{'tag': 'unknown', 'label': 'Unknown', '__CLASS__': 'Adzuna::API::Response::Category'}",0,"{'display_name': 'Neckarsulm, Heilbronn (Kreis)', '__CLASS__': 'Adzuna::API::Response::Location', 'area': ['Deutschland', 'Baden-Württemberg', 'Heilbronn (Kreis)', 'Neckarsulm']}",,,,
Adzuna::API::Response::Job,eyJhbGciOiJIUzI1NiJ9.eyJpIjoiNTc4NTY5MTAxMiIsInMiOiJjb3FmT0MxNThSR2xpX1JkbnVXYWp3In0.uBtyqaePkA7XsGHwVVTzT1W610i1Lbq7gToS28-sFUc,https://www.adzuna.de/land/ad/5785691012?se=coqfOC158RGli_RdnuWajw&utm_medium=api&utm_source=a4bcf954&v=5942B2CD9A01DB7EAEB51D08F8F6B9DC4060303B,9.37738,"{'__CLASS__': 'Adzuna::API::Response::Company', 'display_name': 'Festool Group'}",Duales Studium: Wirtschaftsinformatik - Data Science (m/w/d) 2027,48.67129,2026-07-02T19:37:28Z,"Jedes Werkzeug kann immer nur so gut sein wie der Mensch, der dahintersteckt. Deshalb suchen wir bei der Festool Group Mitarbeitende, die gemeinsam mit ihren 3.000 Kolleginnen und Kollegen weltweit etwas bewegen wollen. Tauche ein in unsere Welt - und erlebe, wie stolz es macht, in einem Familienunternehmen die besten Elektrowerkzeuge der Welt zu bauen. Aufgaben Technik und Wirtschaft gehören für dich zusammen? Du begeisterst dich für Informationstechnologien ebenso wie für ökonomische Zusammen…",5785691012,"{'__CLASS__': 'Adzuna::API::Response::Category', 'label': 'Unknown', 'tag': 'unknown'}",0,"{'area': ['Deutschland', 'Baden-Württemberg', 'Esslingen (Kreis)', 'Wendlingen am Neckar'], '__CLASS__': 'Adzuna::API::Response::Location', 'display_name': 'Wendlingen am Neckar, Esslingen (Kreis)'}",,,,
Adzuna::API::Response::Job,eyJhbGciOiJIUzI1NiJ9.eyJpIjoiNTc4MzMwMzkzOSIsInMiOiJjb3FmT0MxNThSR2xpX1JkbnVXYWp3In0.4wGy8FJ4EBVHAM6Xyct-0vVoKXrJ1Utu0Nm8BlMGRLM,https://www.adzuna.de/land/ad/5783303939?se=coqfOC158RGli_RdnuWajw&utm_medium=api&utm_source=a4bcf954&v=BCE6104A273AA83C09F059F788C1FFC992DA4BA5,12.49782,"{'__CLASS__': 'Adzuna::API::Response::Company', 'display_name': 'BMW Group'}",Dualer Student Data Science & Scientific Computing (w/m/x),48.62848,2026-07-01T10:25:09Z,"Aufgaben Profil Wir bieten Hinweis: Dieser Studiengang wird als Studium mit vertiefter Praxis angeboten. Du liebst es, Ursachen für Probleme zu entdecken und Lösungen zu finden und möchtest an Zukunftsthemen arbeiten? Du hast eine Leidenschaft für IT und Digitalisierung? Dann ist dieses Studium genau das Richtige für dich. Denn du bist Expert:in dafür, riesige Datenmengen zu bändigen und daraus Vorhersagen abzuleiten. Egal ob Entwicklungsdaten oder Daten unserer Kund:innen, du weißt wo du die r…",5783303939,"{'__CLASS__': 'Adzuna::API::Response::Category', 'label': 'Stellen aus Wissenschaft & Qualitätssicherung', 'tag': 'scientific-qa-jobs'}",0,"{'area': ['Deutschland', 'Bayern', 'Dingolfing-Landau (Kreis)', 'Dingolfing'], '__CLASS__': 'Adzuna::API::Response::Location', 'display_name': 'Dingolfing, Dingolfing-Landau (Kreis)'}",,,,
Adzuna::API::Response::Job,eyJhbGciOiJIUzI1NiJ9.eyJpIjoiNTc4MzMwMzkzNyIsInMiOiJjb3FmT0MxNThSR2xpX1JkbnVXYWp3In0.uQo7XaHbRxPckb4Oi1mSwEvzfJ7GpKlyvUU09qt59Ug,https://www.adzuna.de/land/ad/5783303937?se=coqfOC158RGli_RdnuWajw&utm_medium=api&utm_source=a4bcf954&v=5BDCB38395F6AB03040EEB2D567284B76FEF8C5C,11.555737,"{'display_name': 'BMW Group', '__CLASS__': 'Adzuna::API::Response::Company'}",Dualer Student Data Science & Scientific Computing (w/m/x),48.137418,2026-07-01T10:25:09Z,"Aufgaben Profil Wir bieten Hinweis: Dieser Studiengang wird als Studium mit vertiefter Praxis angeboten. Du liebst es, Ursachen für Probleme zu entdecken und Lösungen zu finden und möchtest an Zukunftsthemen arbeiten? Du hast eine Leidenschaft für IT und Digitalisierung? Dann ist dieses Studium genau das Richtige für dich. Denn du bist Expert:in dafür, riesige Datenmengen zu bändigen und daraus Vorhersagen abzuleiten. Egal ob Entwicklungsdaten oder Daten unserer Kund:innen, du weißt wo du die r…",5783303937,"{'__CLASS__': 'Adzuna::API::Response::Category', 'tag': 'scientific-qa-jobs', 'label': 'Stellen aus Wissenschaft & Qualitätssicherung'}",0,"{'display_name': 'München, München (Kreis)', '__CLASS__': 'Adzuna::API::Response::Location', 'area': ['Deutschland', 'Bayern', 'München (Kreis)', 'München']}",,,,
Adzuna::API::Response::Job,eyJhbGciOiJIUzI1NiJ9.eyJzIjoiY29xZk9DMTU4UkdsaV9SZG51V2FqdyIsImkiOiI1NzMzOTc0NDgzIn0.ODXnTMiqt4sOvuOC3X1Fu6l6U6a38k5W7sGe5s834ig,https://www.adzuna.de/land/ad/5733974483?se=coqfOC158RGli_RdnuWajw&utm_medium=api&utm_source=a4bcf954&v=C44063A8613D3152F32376D2CD101CAF5781FF26,9.2274,"{'__CLASS__': 'Adzuna::API::Response::Company', 'display_name': 'Lidl Stiftung & Co. KG'}",Duales Studium Data Science und KI - Smart Operations Management 2027,49.18975,2026-05-19T13:53:54Z,"Eine gute Idee war der Ursprung, ein erfolgreiches Konzept ist das Ergebnis. Qualität zum guten Preis möglichst vielen Menschen anbieten zu können treibt uns an - mittlerweile weltweit, denn wir sind Lidl. Hier ist das berufliche Zuhause vielfältiger Talente. Ob im Einkauf, in der Logistik, im Warengeschäft oder in der IT; ob als Impulsgeber, Gestalter oder Dienstleister der Länder. Wir suchen Anpacker, Durchstarter, Möglichmacher und bieten spannende Aufgaben und Projekte in einem dynamischen …",5733974483,"{'__CLASS__': 'Adzuna::API::Response::Category', 'tag': 'unknown', 'label': 'Unknown'}",0,"{'area': ['Deutschland', 'Baden-Württemberg', 'Heilbronn (Kreis)', 'Neckarsulm'], '__CLASS__': 'Adzuna::API::Response::Location', 'display_name': 'Neckarsulm, Heilbronn (Kreis)'}",,,,
Adzuna::API::Response::Job,eyJhbGciOiJIUzI1NiJ9.eyJpIjoiNTc4Mjk0MjQ1MyIsInMiOiJjb3FmT0MxNThSR2xpX1JkbnVXYWp3In0.tybfx6P_py42w7QQ8PilOiTrRMeaf1d0Y8mFKSe4I28,https://www.adzuna.de/land/ad/5782942453?se=coqfOC158RGli_RdnuWajw&utm_medium=api&utm_source=a4bcf954&v=F2D7D9BCE8772A4412B76F42F8DC0DA3D450DAE2,7.464954,"{'__CLASS__': 'Adzuna::API::Response::Company', 'display_name': 'Dr. Ausbüttel GmbH & Co. KG'}",Head of AI & Data Science (m/w/d),51.504967,2026-07-01T07:24:35Z,"Head of AI & Data Science: Tragen Sie dazu bei, Wunden zu heilen, Innovationen zu fördern und Wachstum zu gestalten! Schwer heilende Wunden sind eine enorme Belastung für Patienten, Angehörige und Behandelnde. Machen Sie durch Ihr gestalterisches Mitwirken einen signifikanten Unterschied. Wir entwickeln Produkte und Services, um Wunden bezahlbar zu heilen. Als wachsendes, zukunftsorientiertes inhabergeführtes Familienunternehmen investieren und arbeiten wir mit langfristiger Perspektive statt m…",5782942453,"{'tag': 'scientific-qa-jobs', 'label': 'Stellen aus Wissenschaft & Qualitätssicherung', '__CLASS__': 'Adzuna::API::Response::Category'}",0,"{'area': ['Deutschland', 'Nordrhein-Westfalen', 'Dortmund'], '__CLASS__': 'Adzuna::API::Response::Location', 'display_name': 'Dortmund, Nordrhein-Westfalen'}",,,,
Adzuna::API::Response::Job,eyJhbGciOiJIUzI1NiJ9.eyJzIjoiY29xZk9DMTU4UkdsaV9SZG51V2FqdyIsImkiOiI1Nzg1NjkxNTk3In0.cjdqHlWH1kHSUSYId7EYhdf7WonfEUGxeE5ZB15TcMk,https://www.adzuna.de/land/ad/5785691597?se=coqfOC158RGli_RdnuWajw&utm_medium=api&utm_source=a4bcf954&v=E7E6105B8657F51A8D4062F37021188A09433F72,9.21629,"{'__CLASS__': 'Adzuna::API::Response::Company', 'display_name': 'Schwarz Digits'}",Duales Studium Data Science und Künstliche Intelligenz 2027 (m/w/d),49.2291,2026-07-02T19:37:57Z,"Als weltweit agierendes Unternehmen benötigen wir eine IT-Landschaft, die jederzeit reibungslos funktioniert, sich stets auf dem neuesten Stand der Technik befindet und sich an den Bedürfnissen unserer Kunden innerhalb der Unternehmen der Schwarz Gruppe orientiert. An der Schnittstelle zwischen Daten und IT erarbeiten wir tragfähige Lösungen, die maßgeblich und sichtbar zu unserem Erfolg beitragen. {Studienbeginn:} 01.09.2027 mit dem Begrüßungsmonat {Studiendauer:} 3 Jahre {Studiendauer:} 01.10…",5785691597,"{'__CLASS__': 'Adzuna::API::Response::Category', 'tag': 'unknown', 'label': 'Unknown'}",0,"{'__CLASS__': 'Adzuna::API::Response::Location', 'area': ['Deutschland', 'Baden-Württemberg', 'Heilbronn (Kreis)', 'Bad Friedrichshall'], 'display_name': 'Bad Friedrichshall, Heilbronn (Kreis)'}",,,,
Adzuna::API::Response::Job,eyJhbGciOiJIUzI1NiJ9.eyJpIjoiNTc3MzE4MDY4NiIsInMiOiJjb3FmT0MxNThSR2xpX1JkbnVXYWp3In0.chrJzkXE6P5aRC5DKeQ6B4XiGVtvYECrqGol2IbAlC0,https://www.adzuna.de/land/ad/5773180686?se=coqfOC158RGli_RdnuWajw&utm_medium=api&utm_source=a4bcf954&v=259F9C76B4F1B0A3232F8E1364C02D6E8BDD8325,11.555737,"{'display_name': 'PMMG Group GmbH', '__CLASS__': 'Adzuna::API::Response::Company'}",Director - Process Mining / BPM / Data Science (m/w/d),48.137418,2026-06-23T06:22:07Z,"PMMG Process Solutions ist eine spezialisierte, inhabergeführte Beratung für prozess- und datenbasierte Transformationen. Mit über 15 Jahren Erfahrung in Business Process Management, Process Mining, Process Intelligence, Projektmanagement und digitaler Transformation begleiten wir Unternehmen bei der nachhaltigen Steigerung ihrer operativen Exzellenz und Profitabilität. Aufgaben Du leitest das interne Kompetenzteam für Process Mining und datengetriebene Wertschöpfung und baust das Team, die Str…",5773180686,"{'label': 'Stellen aus Wissenschaft & Qualitätssicherung', 'tag': 'scientific-qa-jobs', '__CLASS__': 'Adzuna::API::Response::Category'}",0,"{'__CLASS__': 'Adzuna::API::Response::Location', 'area': ['Deutschland', 'Bayern', 'München (Kreis)', 'München'], 'display_name': 'München, München (Kreis)'}",,,,
Adzuna::API::Response::Job,eyJhbGciOiJIUzI1NiJ9.eyJzIjoiY29xZk9DMTU4UkdsaV9SZG51V2FqdyIsImkiOiI1NzgxMTE0OTY1In0.XctmoFO052ZKMkmYQBQSI7n96whOQgRaH2zQo0PHurM,https://www.adzuna.de/land/ad/5781114965?se=coqfOC158RGli_RdnuWajw&utm_medium=api&utm_source=a4bcf954&v=93D04A331B1215855A8655E0390591686B2673A7,7.211571,"{'display_name': 'Ruhr-Universität Bochum', '__CLASS__': 'Adzuna::API::Response::Company'}",Leitung Datenintegrationszentrum (DIZ) / Medical Data Science (m/w/d),51.476986,2026-06-29T13:25:36Z,Die Ruhr-Universität Bochum (RUB) ist eine der führenden Forschungs­universitäten in Deutschland. Als reform­orientierte Campus­universität vereint sie in einzig­artiger Weise die gesamte Spann­breite der großen Wissenschafts­bereiche an einem Ort. Das dynamische Mit­einander von Fächern und Fächer­kulturen bietet den Forschenden wie den Studierenden gleicher­maßen besondere Chancen zur inter­disziplinären Zusammen­arbeit. Medizinische Fakultät: Medical Research Services Medizinisches Dateninte…,5781114965,"{'tag': 'consultancy-jobs', 'label': 'Beraterstellen', '__CLASS__': 'Adzuna::API::Response::Category'}",0,"{'area': ['Deutschland', 'Nordrhein-Westfalen', 'Bochum'], '__CLASS__': 'Adzuna::API::Response::Location', 'display_name': 'Bochum, Nordrhein-Westfalen'}",,,,
Adzuna::API::Response::Job,eyJhbGciOiJIUzI1NiJ9.eyJzIjoiY29xZk9DMTU4UkdsaV9SZG51V2FqdyIsImkiOiI1Nzg2OTQyOTUzIn0.3wSGshGeBDlrjVQrlrqHNAreQrhF4mVmN6aHVk_Xrq4,https://www.adzuna.de/land/ad/5786942953?se=coqfOC158RGli_RdnuWajw&utm_medium=api&utm_source=a4bcf954&v=00666AD07F83A2F025A13851A4AD8EC6B56AE2A4,9.856945,"{'__CLASS__': 'Adzuna::API::Response::Company', 'display_name': 'HENSOLDT'}","Duales Studium: ""Data Science & künstliche Intelligenz"" (w/m/d), Ulm, Start 2027",48.383137,2026-07-03T16:50:57Z,"HENSOLDT ist ein führendes Unternehmen der europäischen Verteidigungsindustrie mit globaler Reichweite. Das Unternehmen mit Sitz in Taufkirchen bei München entwickelt Sensor-Komplettlösungen für Verteidigungs- und Sicherheitsanwendungen. Als Technologieführer treibt HENSOLDT die Entwicklung der Verteidigungselektronik und Optronik voran und baut sein Portfolio auf der Grundlage innovativer Ansätze für Datenmanagement, Robotik und Cybersicherheit kontinuierlich aus. Unsere Produkte sind einsetzb…",5786942953,"{'__CLASS__': 'Adzuna::API::Response::Category', 'tag': 'unknown', 'label': 'Unknown'}",0,"{'__CLASS__': 'Adzuna::API::Response::Location', 'area': ['Deutschland', 'Baden-Württemberg', 'Ulm'], 'display_name': 'Ulm, Baden-Württemberg'}",,,,
Adzuna::API::Response::Job,eyJhbGciOiJIUzI1NiJ9.eyJzIjoiY29xZk9DMTU4UkdsaV9SZG51V2FqdyIsImkiOiI1NzU2ODE4Njk4In0.5Qb4ADjpYQupGNJSlM8y1BsTAuoy465404h5qyunvww,https://www.adzuna.de/land/ad/5756818698?se=coqfOC158RGli_RdnuWajw&utm_medium=api&utm_source=a4bcf954&v=2D8FD42376E9FC9CAE26D6FDC7210E899DE805C0,9.315933,"{'__CLASS__': 'Adzuna::API::Response::Company', 'display_name': 'Mercedes-Benz Group AG'}","Duales Studium Wirtschaftsinformatik/Data Science (B.Sc.), Mercedes-Benz Group AG, Stuttgart, 01.10.2027 (m/w/d)",48.745846,2026-06-09T04:54:43Z,"Life is always about becoming… Im Leben geht es darum, sich auf eine Reise zu begeben, um die beste Version unseres zukünftigen Selbst zu werden. Während wir Neues entdecken, stellen wir uns Herausforderungen, meistern sie und wachsen über uns hinaus. Bewerben Sie sich bei Mercedes-Benz und finden Sie den Aufgabenbereich, in dem Sie Ihre Talente individuell entfalten können. Dabei werden Sie von visionären Kolleginnen und Kollegen unterstützt, die Ihren Pioniergeist teilen. Bei uns einzusteigen…",5756818698,"{'__CLASS__': 'Adzuna::API::Response::Category', 'label': 'Unknown', 'tag': 'unknown'}",0,"{'__CLASS__': 'Adzuna::API::Response::Location', 'area': ['Deutschland', 'Baden-Württemberg', 'Esslingen (Kreis)', 'Esslingen am Neckar'], 'display_name': 'Esslingen am Neckar, Esslingen (Kreis)'}",,,,
Adzuna::API::Response::Job,eyJhbGciOiJIUzI1NiJ9.eyJzIjoiY29xZk9DMTU4UkdsaV9SZG51V2FqdyIsImkiOiI1NzQ0Njc2OTQyIn0.xVAzLrspNSJwO3HZKMkbuec50zpJAYHxhiNXbkxfHAY,https://www.adzuna.de/land/ad/5744676942?se=coqfOC158RGli_RdnuWajw&utm_medium=api&utm_source=a4bcf954&v=4AAC7479814C5CDB58BFEF3331A7DB0DE7B05FA5,9.856945,"{'display_name': 'Mercedes-Benz Tech Innovation', '__CLASS__': 'Adzuna::API::Response::Company'}",Duales Studium Data Science / Künstliche Intelligenz in Kooperation mit der Dualen Hochschule Baden-Württemberg 2027 (m/w/d/x),48.383137,2026-05-29T17:01:57Z,"Life is always about becoming… Im Leben geht es darum, sich auf eine Reise zu begeben, um die beste Version unseres zukünftigen Selbst zu werden. Während wir Neues entdecken, stellen wir uns Herausforderungen, meistern sie und wachsen über uns hinaus. Bewerben Sie sich bei Mercedes-Benz und finden Sie den Aufgabenbereich, in dem Sie Ihre Talente individuell entfalten können. Dabei werden Sie von visionären Kolleginnen und Kollegen unterstützt, die Ihren Pioniergeist teilen. Bei uns einzusteigen…",5744676942,"{'__CLASS__': 'Adzuna::API::Response::Category', 'tag': 'unknown', 'label': 'Unknown'}",0,"{'display_name': 'Ulm, Baden-Württemberg', '__CLASS__': 'Adzuna::API::Response::Location', 'area': ['Deutschland', 'Baden-Württemberg', 'Ulm']}",,,,
Adzuna::API::Response::Job,eyJhbGciOiJIUzI1NiJ9.eyJpIjoiNTczNzgwMjg4MCIsInMiOiJjb3FmT0MxNThSR2xpX1JkbnVXYWp3In0.nne4bHU3QSIPW8KbpNw2rcQK0FPRpfAXpdTVBPy5Nhc,https://www.adzuna.de/land/ad/5737802880?se=coqfOC158RGli_RdnuWajw&utm_medium=api&utm_source=a4bcf954&v=EE0DB1D8B5DB2EA08D386BCFCCA9CB1ED5F4E5E3,13.07075,"{'display_name': 'Lieferando', '__CLASS__': 'Adzuna::API::Response::Company'}",Data Science Team Leader,52.403,2026-05-22T19:45:33Z,"Ready for a challenge? That’s good, because at Just Eat Takeaway.com (JET) we have abundant opportunity, or, as we say, everything is on the table. We are a leading global online food delivery marketplace. Our tech ecosystem connects millions of active customers with hundreds of thousands of connected partners in countries across the globe. Our mission? To empower every food moment around the world, whether it’s through customer service, coding or couriers. About this role As the Senior Team Le…",5737802880,"{'tag': 'it-jobs', 'label': 'IT-Stellen', '__CLASS__': 'Adzuna::API::Response::Category'}",0,"{'__CLASS__': 'Adzuna::API::Response::Location', 'area': ['Deutschland', 'Brandenburg', 'Potsdam', 'Berliner Vorstadt'], 'display_name': 'Berliner Vorstadt, Potsdam'}",,,,
Adzuna::API::Response::Job,eyJhbGciOiJIUzI1NiJ9.eyJzIjoiY29xZk9DMTU4UkdsaV9SZG51V2FqdyIsImkiOiI1NzM3ODAyOTAwIn0.JCEhrVqMFKyGp4maXATd8VUvTwkVQkWr7W2B0dbsVsc,https://www.adzuna.de/land/ad/5737802900?se=coqfOC158RGli_RdnuWajw&utm_medium=api&utm_source=a4bcf954&v=8A01682B4A6129D3517BADD9E9626DFA7514FB12,13.26532,"{'display_name': 'Lieferando', '__CLASS__': 'Adzuna::API::Response::Company'}",Data Science Team Leader,52.40101,2026-05-22T19:45:34Z,"Ready for a challenge? That’s good, because at Just Eat Takeaway.com (JET) we have abundant opportunity, or, as we say, everything is on the table. We are a leading global online food delivery marketplace. Our tech ecosystem connects millions of active customers with hundreds of thousands of connected partners in countries across the globe. Our mission? To empower every food moment around the world, whether it’s through customer service, coding or couriers. About this role As the Senior Team Le…",5737802900,"{'tag': 'it-jobs', 'label': 'IT-Stellen', '__CLASS__': 'Adzuna::API::Response::Category'}",0,"{'area': ['Deutschland', 'Brandenburg', 'Potsdam-Mittelmark (Kreis)', 'Teltow'], '__CLASS__': 'Adzuna::API::Response::Location', 'display_name': 'Teltow, Potsdam-Mittelmark (Kreis)'}",,,,
Adzuna::API::Response::Job,eyJhbGciOiJIUzI1NiJ9.eyJpIjoiNTczNzgwMjg5NiIsInMiOiJjb3FmT0MxNThSR2xpX1JkbnVXYWp3In0.jSiL6chm-I_4IWHXgEpA9YKlqoRs5rSpGCcih3f52Gk,https://www.adzuna.de/land/ad/5737802896?se=coqfOC158RGli_RdnuWajw&utm_medium=api&utm_source=a4bcf954&v=2E8EAD72D4DD1ADC2FEE9DC31D55C0F547A628C8,13.396,"{'__CLASS__': 'Adzuna::API::Response::Company', 'display_name': 'Lieferando'}",Data Science Team Leader,52.4984,2026-05-22T19:45:33Z,"Ready for a challenge? That’s good, because at Just Eat Takeaway.com (JET) we have abundant opportunity, or, as we say, everything is on the table. We are a leading global online food delivery marketplace. Our tech ecosystem connects millions of active customers with hundreds of thousands of connected partners in countries across the globe. Our mission? To empower every food moment around the world, whether it’s through customer service, coding or couriers. About this role As the Senior Team Le…",5737802896,"{'__CLASS__': 'Adzuna::API::Response::Category', 'label': 'IT-Stellen', 'tag': 'it-jobs'}",0,"{'__CLASS__': 'Adzuna::API::Response::Location', 'area': ['Deutschland', 'Berlin', 'Kreuzberg'], 'display_name': 'Kreuzberg, Berlin'}",,,,
Adzuna::API::Response::Job,eyJhbGciOiJIUzI1NiJ9.eyJzIjoiY29xZk9DMTU4UkdsaV9SZG51V2FqdyIsImkiOiI1NzM3ODAyODg2In0.0Ns_QMeCgFPgya2F7cGjwuCq4hvVhDKhU7IqePhoUOE,https://www.adzuna.de/land/ad/5737802886?se=coqfOC158RGli_RdnuWajw&utm_medium=api&utm_source=a4bcf954&v=01F1AD0421809F7A0D3B04BCCFD5B194C01123B0,12.87537,"{'__CLASS__': 'Adzuna::API::Response::Company', 'display_name': 'Lieferando'}",Data Science Team Leader,52.60665,2026-05-22T19:45:33Z,"Ready for a challenge? That’s good, because at Just Eat Takeaway.com (JET) we have abundant opportunity, or, as we say, everything is on the table. We are a leading global online food delivery marketplace. Our tech ecosystem connects millions of active customers with hundreds of thousands of connected partners in countries across the globe. Our mission? To empower every food moment around the world, whether it’s through customer service, coding or couriers. About this role As the Senior Team Le…",5737802886,"{'tag': 'it-jobs', 'label': 'IT-Stellen', '__CLASS__': 'Adzuna::API::Response::Category'}",0,"{'display_name': 'Nauen, Havelland (Kreis)', 'area': ['Deutschland', 'Brandenburg', 'Havelland (Kreis)', 'Nauen'], '__CLASS__': 'Adzuna::API::Response::Location'}",,,,
Adzuna::API::Response::Job,eyJhbGciOiJIUzI1NiJ9.eyJzIjoiY29xZk9DMTU4UkdsaV9SZG51V2FqdyIsImkiOiI1NzM3ODAyODkyIn0.-eNOiX2j6cRIPG6Uajv7J8YecKpHqDK3bkx1F7yJZY4,https://www.adzuna.de/land/ad/5737802892?se=coqfOC158RGli_RdnuWajw&utm_medium=api&utm_source=a4bcf954&v=989E3C32315518121034C3569565D8605DB07B1F,13.20942,"{'display_name': 'Lieferando', '__CLASS__': 'Adzuna::API::Response::Company'}",Data Science Team Leader,52.63864,2026-05-22T19:45:33Z,"Ready for a challenge? That’s good, because at Just Eat Takeaway.com (JET) we have abundant opportunity, or, as we say, everything is on the table. We are a leading global online food delivery marketplace. Our tech ecosystem connects millions of active customers with hundreds of thousands of connected partners in countries across the globe. Our mission? To empower every food moment around the world, whether it’s through customer service, coding or couriers. About this role As the Senior Team Le…",5737802892,"{'tag': 'it-jobs', 'label': 'IT-Stellen', '__CLASS__': 'Adzuna::API::Response::Category'}",0,"{'display_name': 'Hennigsdorf, Oberhavel (Kreis)', '__CLASS__': 'Adzuna::API::Response::Location', 'area': ['Deutschland', 'Brandenburg', 'Oberhavel (Kreis)', 'Hennigsdorf']}",,,,
Adzuna::API::Response::Job,eyJhbGciOiJIUzI1NiJ9.eyJpIjoiNTczNzgwMjg5NSIsInMiOiJjb3FmT0MxNThSR2xpX1JkbnVXYWp3In0.B0aUubnBWttOW2Wq4TqMzNVLdHzvULDx6tw6s-2byyU,https://www.adzuna.de/land/ad/5737802895?se=coqfOC158RGli_RdnuWajw&utm_medium=api&utm_source=a4bcf954&v=D4A5A560793C237EA3678872B7E6FA76808143F3,13.17251,"{'display_name': 'Lieferando', '__CLASS__': 'Adzuna::API::Response::Company'}",Data Science Team Leader,52.67995,2026-05-22T19:45:33Z,"Ready for a challenge? That’s good, because at Just Eat Takeaway.com (JET) we have abundant opportunity, or, as we say, everything is on the table. We are a leading global online food delivery marketplace. Our tech ecosystem connects millions of active customers with hundreds of thousands of connected partners in countries across the globe. Our mission? To empower every food moment around the world, whether it’s through customer service, coding or couriers. About this role As the Senior Team Le…",5737802895,"{'__CLASS__': 'Adzuna::API::Response::Category', 'label': 'IT-Stellen', 'tag': 'it-jobs'}",0,"{'display_name': 'Velten, Oberhavel (Kreis)', '__CLASS__': 'Adzuna::API::Response::Location', 'area': ['Deutschland', 'Brandenburg', 'Oberhavel (Kreis)', 'Velten']}",,,,
Adzuna::API::Response::Job,eyJhbGciOiJIUzI1NiJ9.eyJpIjoiNTczNzgwMjg4NSIsInMiOiJjb3FmT0MxNThSR2xpX1JkbnVXYWp3In0.lpGCvg_YwFchA4NHmGtfEmuWIKMOtzagt_EdtBpT26g,https://www.adzuna.de/land/ad/5737802885?se=coqfOC158RGli_RdnuWajw&utm_medium=api&utm_source=a4bcf954&v=8C21934D266EE03340C4F003323BCB743D3770FE,13.88155,"{'display_name': 'Lieferando', '__CLASS__': 'Adzuna::API::Response::Company'}",Data Science Team Leader,52.58045,2026-05-22T19:45:33Z,"Ready for a challenge? That’s good, because at Just Eat Takeaway.com (JET) we have abundant opportunity, or, as we say, everything is on the table. We are a leading global online food delivery marketplace. Our tech ecosystem connects millions of active customers with hundreds of thousands of connected partners in countries across the globe. Our mission? To empower every food moment around the world, whether it’s through customer service, coding or couriers. About this role As the Senior Team Le…",5737802885,"{'__CLASS__': 'Adzuna::API::Response::Category', 'tag': 'it-jobs', 'label': 'IT-Stellen'}",0,"{'display_name': 'Strausberg, Märkisch-Oderland (Kreis)', 'area': ['Deutschland', 'Brandenburg', 'Märkisch-Oderland (Kreis)', 'Strausberg'], '__CLASS__': 'Adzuna::API::Response::Location'}",,,,
Adzuna::API::Response::Job,eyJhbGciOiJIUzI1NiJ9.eyJzIjoiY29xZk9DMTU4UkdsaV9SZG51V2FqdyIsImkiOiI1NzM3ODAyODg0In0.qSdb__xVuoSc5lT6m38dnMY-WfDeTh2hEm_g4Imhhs8,https://www.adzuna.de/land/ad/5737802884?se=coqfOC158RGli_RdnuWajw&utm_medium=api&utm_source=a4bcf954&v=5FF1D445E5731059619B9BE2A538268E4A4D898C,13.24101,"{'display_name': 'Lieferando', '__CLASS__': 'Adzuna::API::Response::Company'}",Data Science Team Leader,52.75561,2026-05-22T19:45:33Z,"Ready for a challenge? That’s good, because at Just Eat Takeaway.com (JET) we have abundant opportunity, or, as we say, everything is on the table. We are a leading global online food delivery marketplace. Our tech ecosystem connects millions of active customers with hundreds of thousands of connected partners in countries across the globe. Our mission? To empower every food moment around the world, whether it’s through customer service, coding or couriers. About this role As the Senior Team Le…",5737802884,"{'__CLASS__': 'Adzuna::API::Response::Category', 'tag': 'it-jobs', 'label': 'IT-Stellen'}",0,"{'display_name': 'Oranienburg, Oberhavel (Kreis)', 'area': ['Deutschland', 'Brandenburg', 'Oberhavel (Kreis)', 'Oranienburg'], '__CLASS__': 'Adzuna::API::Response::Location'}",,,,
Adzuna::API::Response::Job,eyJhbGciOiJIUzI1NiJ9.eyJpIjoiNTczNzgwMjkwNiIsInMiOiJjb3FmT0MxNThSR2xpX1JkbnVXYWp3In0.hCIrB8a5t202K8jVvxiLpjgUkgCs0685vI9L1uGm400,https://www.adzuna.de/land/ad/5737802906?se=coqfOC158RGli_RdnuWajw&utm_medium=api&utm_source=a4bcf954&v=850844A0BB37AF7A1BBF6CB322C447CBE414737D,13.5066,"{'__CLASS__': 'Adzuna::API::Response::Company', 'display_name': 'Lieferando'}",Data Science Team Leader,52.3876,2026-05-22T19:45:34Z,"Ready for a challenge? That’s good, because at Just Eat Takeaway.com (JET) we have abundant opportunity, or, as we say, everything is on the table. We are a leading global online food delivery marketplace. Our tech ecosystem connects millions of active customers with hundreds of thousands of connected partners in countries across the globe. Our mission? To empower every food moment around the world, whether it’s through customer service, coding or couriers. About this role As the Senior Team Le…",5737802906,"{'label': 'IT-Stellen', 'tag': 'it-jobs', '__CLASS__': 'Adzuna::API::Response::Category'}",0,"{'__CLASS__': 'Adzuna::API::Response::Location', 'area': ['Deutschland', 'Berlin', 'Siedl. An der Rudower Höhe'], 'display_name': 'Siedl. An der Rudower Höhe, Berlin'}",,,,
Adzuna::API::Response::Job,eyJhbGciOiJIUzI1NiJ9.eyJpIjoiNTczNzgwMjg4OSIsInMiOiJjb3FmT0MxNThSR2xpX1JkbnVXYWp3In0.AMMT3RCpnhghIBkMO49Tbx6rJgi1xmkymQEAYnzToDg,https://www.adzuna.de/land/ad/5737802889?se=coqfOC158RGli_RdnuWajw&utm_medium=api&utm_source=a4bcf954&v=6E2C6774215F792130598211D7BD18FD9304D07F,13.62781,"{'__CLASS__': 'Adzuna::API::Response::Company', 'display_name': 'Lieferando'}",Data Science Team Leader,52.29892,2026-05-22T19:45:33Z,"Ready for a challenge? That’s good, because at Just Eat Takeaway.com (JET) we have abundant opportunity, or, as we say, everything is on the table. We are a leading global online food delivery marketplace. Our tech ecosystem connects millions of active customers with hundreds of thousands of connected partners in countries across the globe. Our mission? To empower every food moment around the world, whether it’s through customer service, coding or couriers. About this role As the Senior Team Le…",5737802889,"{'label': 'IT-Stellen', 'tag': 'it-jobs', '__CLASS__': 'Adzuna::API::Response::Category'}",0,"{'display_name': 'Zeesen, Königs Wusterhausen', '__CLASS__': 'Adzuna::API::Response::Location', 'area': ['Deutschland', 'Brandenburg', 'Dahme-Spreewald (Kreis)', 'Königs Wusterhausen', 'Zeesen']}",,,,
Adzuna::API::Response::Job,eyJhbGciOiJIUzI1NiJ9.eyJpIjoiNTc4ODc3MDEyMiIsInMiOiJjb3FmT0MxNThSR2xpX1JkbnVXYWp3In0.tWMuFIv0DosOWFXRawD7_SLeISOHolQi7J181Eu9Dfo,https://www.adzuna.de/land/ad/5788770122?se=coqfOC158RGli_RdnuWajw&utm_medium=api&utm_source=a4bcf954&v=D0631105B6C6403420F08EA272C0D1E579767F8C,10.10558,"{'display_name': 'ZEISS', '__CLASS__': 'Adzuna::API::Response::Company'}",Abschlussarbeit Data Science / Mechanikdesign (m/w/x),48.78408,2026-07-05T06:43:50Z,"Als Student arbeitest Du mit Deinen Kolleginnen und Kollegen auf Augenhöhe und schaffst ideale Voraussetzungen für Deine spätere Karriere. Sich etwas Neues trauen, über sich hinauswachsen und dabei die Grenzen des Machbaren neu deﬁnieren. Genau das ist es, was unsere Mitarbeitenden täglich leben dürfen und sollen. Um mit unseren Innovationen das Tempo vorzugeben und Großartiges zu ermöglichen. Denn hinter jedem erfolgreichen Unternehmen stehen eine ganze Menge faszinierender Menschen. Die Mitar…",5788770122,"{'__CLASS__': 'Adzuna::API::Response::Category', 'tag': 'other-general-jobs', 'label': 'Sonstige/Allgemeine Stellen'}",0,"{'__CLASS__': 'Adzuna::API::Response::Location', 'area': ['Deutschland', 'Baden-Württemberg', 'Ostalbkreis', 'Oberkochen'], 'display_name': 'Oberkochen, Ostalbkreis'}",,,,
Adzuna::API::Response::Job,eyJhbGciOiJIUzI1NiJ9.eyJzIjoiY29xZk9DMTU4UkdsaV9SZG51V2FqdyIsImkiOiI1NzY5MjI0MDE2In0.AmWyMLIxt2p63WSoxD_EYghzhbTMTJKUT2qows5P0fs,https://www.adzuna.de/land/ad/5769224016?se=coqfOC158RGli_RdnuWajw&utm_medium=api&utm_source=a4bcf954&v=0CBE58766F7271E596F1D0041EF7C0033C10DF28,13.420806,"{'display_name': 'Zenjob SE', '__CLASS__': 'Adzuna::API::Response::Company'}",Head of Analytics and Data Science,52.507706,2026-06-19T11:24:10Z,"About us Zenjob is an AI-powered flexible staffing platform that has efficiently connected companies and temporary workers since 2015. Companies use our platform to book ready-to-work staff in real time, while students use our app to find part-time jobs that conveniently fit around their studies. Over 40,000 students and 1,000 partner companies from logistics, retail, and hospitality in all major German cities share our belief that good work is not a coincidence. It is the result of innovative …",5769224016,"{'label': 'Stellen aus Gastronomie & Catering', 'tag': 'hospitality-catering-jobs', '__CLASS__': 'Adzuna::API::Response::Category'}",0,"{'display_name': 'Berlin, Deutschland', 'area': ['Deutschland', 'Berlin'], '__CLASS__': 'Adzuna::API::Response::Location'}",full_time,,,
Adzuna::API::Response::Job,eyJhbGciOiJIUzI1NiJ9.eyJpIjoiNTc4MzQzNzkxOCIsInMiOiJjb3FmT0MxNThSR2xpX1JkbnVXYWp3In0.TOhqNgLdxvbtbpEZA1T3EFiCzYmwzFljhGwE4cHt4WY,https://www.adzuna.de/land/ad/5783437918?se=coqfOC158RGli_RdnuWajw&utm_medium=api&utm_source=a4bcf954&v=245A1CADE53774FB5A20A860210BDF0709F19C1D,11.57287,"{'display_name': 'BMW Group', '__CLASS__': 'Adzuna::API::Response::Company'}",Dualer Student Data Science & Scientific Computing (w/m/x),48.18446,2026-07-01T11:56:48Z,"Hinweis: Dieser Studiengang wird als Studium mit vertiefter Praxis angeboten. Du liebst es, Ursachen für Probleme zu entdecken und Lösungen zu finden und möchtest an Zukunftsthemen arbeiten? Du hast eine Leidenschaft für IT und Digitalisierung? Dann ist dieses Studium genau das Richtige für dich. Denn du bist Expert:in dafür, riesige Datenmengen zu bändigen und daraus Vorhersagen abzuleiten. Egal ob Entwicklungsdaten oder Daten unserer Kund:innen, du weißt wo du die richtigen Infos findest und …",5783437918,"{'label': 'Unknown', 'tag': 'unknown', '__CLASS__': 'Adzuna::API::Response::Category'}",0,"{'area': ['Deutschland', 'Bayern', 'München (Kreis)', 'München', 'Milbertshofen-Am Hart'], '__CLASS__': 'Adzuna::API::Response::Location', 'display_name': 'Milbertshofen-Am Hart, München'}",,,,
Adzuna::API::Response::Job,eyJhbGciOiJIUzI1NiJ9.eyJzIjoiY29xZk9DMTU4UkdsaV9SZG51V2FqdyIsImkiOiI1NzgzNDM3ODk0In0.vY9Our-x1KR4KkhX4lQKwSqKjzUv1s04PZrVJabXgao,https://www.adzuna.de/land/ad/5783437894?se=coqfOC158RGli_RdnuWajw&utm_medium=api&utm_source=a4bcf954&v=6E5121615F430E59163E7F7F2ACF1978BC751E49,12.49782,"{'display_name': 'BMW Group', '__CLASS__': 'Adzuna::API::Response::Company'}",Dualer Student Data Science & Scientific Computing (w/m/x),48.62848,2026-07-01T11:56:48Z,"Hinweis: Dieser Studiengang wird als Studium mit vertiefter Praxis angeboten. Du liebst es, Ursachen für Probleme zu entdecken und Lösungen zu finden und möchtest an Zukunftsthemen arbeiten? Du hast eine Leidenschaft für IT und Digitalisierung? Dann ist dieses Studium genau das Richtige für dich. Denn du bist Expert:in dafür, riesige Datenmengen zu bändigen und daraus Vorhersagen abzuleiten. Egal ob Entwicklungsdaten oder Daten unserer Kund:innen, du weißt wo du die richtigen Infos findest und …",5783437894,"{'__CLASS__': 'Adzuna::API::Response::Category', 'tag': 'unknown', 'label': 'Unknown'}",0,"{'area': ['Deutschland', 'Bayern', 'Dingolfing-Landau (Kreis)', 'Dingolfing'], '__CLASS__': 'Adzuna::API::Response::Location', 'display_name': 'Dingolfing, Dingolfing-Landau (Kreis)'}",,,,
Adzuna::API::Response::Job,eyJhbGciOiJIUzI1NiJ9.eyJpIjoiNTc3NTczMzc4MSIsInMiOiJjb3FmT0MxNThSR2xpX1JkbnVXYWp3In0.YMaQBmpR-Nyzo0FnDUCcJ2xLCFdPQ7j_yu84ENHS_io,https://www.adzuna.de/land/ad/5775733781?se=coqfOC158RGli_RdnuWajw&utm_medium=api&utm_source=a4bcf954&v=C64166443E4E5037171EF5268ECC4DE15198BD64,11.555737,"{'display_name': 'ASMPT GmbH & Co. KG', '__CLASS__': 'Adzuna::API::Response::Company'}",Dualer Student (m/w/d) - Data Science & Scientific Computing Bachelor,48.137418,2026-06-25T06:23:40Z,"Willkommen bei ASMPT. Hier bist du auf dem direkten Weg in das digitale Zeitalter. Mit 12.000 Mitarbeitenden weltweit sind wir technologischer Prozesspartner für die Elektroindustrie und brennen für innovative Automatisierungsstrategien am Puls der Zeit. Mit unseren smarten Lösungen fordern unsere passionierten Teams den technischen Status quo immer wieder heraus und setzen so neue Maßstäbe für die Fertigung von Smartphones, Computern, Netzwerken, autonomen Fahrzeugen, intelligenten Maschinen s…",5775733781,"{'__CLASS__': 'Adzuna::API::Response::Category', 'tag': 'scientific-qa-jobs', 'label': 'Stellen aus Wissenschaft & Qualitätssicherung'}",0,"{'display_name': 'München, München (Kreis)', '__CLASS__': 'Adzuna::API::Response::Location', 'area': ['Deutschland', 'Bayern', 'München (Kreis)', 'München']}",,,,
Adzuna::API::Response::Job,eyJhbGciOiJIUzI1NiJ9.eyJpIjoiNTc3ODAwMTAxMCIsInMiOiJjb3FmT0MxNThSR2xpX1JkbnVXYWp3In0.RQxQvldIqj1q6P5A9fgIacWTpS1y9hy3wJyydvuIKdk,https://www.adzuna.de/land/ad/5778001010?se=coqfOC158RGli_RdnuWajw&utm_medium=api&utm_source=a4bcf954&v=C86CCAC1C33095A52786F31D1D54A5E96B93346C,6.969972,"{'display_name': 'Deutsche Sporthochschule Köln', '__CLASS__': 'Adzuna::API::Response::Company'}",W1-Juniorprofessur Data Science (mit Tenure Track zu W2) (m/w/d) (2617-W1-Data Science),50.940164,2026-06-26T20:42:44Z,"50933 Köln Hybrid Vollzeit Sofort Die Deutsche Sporthochschule Köln (DSHS) ist mit aktuell über 6.300 Studierenden aus rund 93 Ländern ein national wie international herausragender Hochschulstandort. Die DSHS steht für exzellente Forschung mit hohem Drittmittelvolumen und für forschungsbasierte sowie internationale Lehre in der Sportpraxis und allen sozial- und lebenswissenschaftlichen Teildisziplinen der Sportwissenschaft. Forschung, Lehre und Transfer werden von der Verwaltung und den zentral…",5778001010,"{'__CLASS__': 'Adzuna::API::Response::Category', 'label': 'IT-Stellen', 'tag': 'it-jobs'}",0,"{'display_name': 'Köln, Nordrhein-Westfalen', 'area': ['Deutschland', 'Nordrhein-Westfalen', 'Köln'], '__CLASS__': 'Adzuna::API::Response::Location'}",,,,
Adzuna::API::Response::Job,eyJhbGciOiJIUzI1NiJ9.eyJzIjoiY29xZk9DMTU4UkdsaV9SZG51V2FqdyIsImkiOiI1Nzc4MDAxMDA1In0.VZmObw6KItevVC87IgvnCEelH7TWonqs04kSFc6Oe_Y,https://www.adzuna.de/land/ad/5778001005?se=coqfOC158RGli_RdnuWajw&utm_medium=api&utm_source=a4bcf954&v=7C066BEBDC45216075A19178C69C832119552B49,6.969972,"{'display_name': 'Deutsche Sporthochschule Köln', '__CLASS__': 'Adzuna::API::Response::Company'}",W1 Junior Professorship Data Science (with tenure track to W2) (female/male/diverse) (2617-W1-Data Science),50.940164,2026-06-26T20:42:44Z,"W1 Junior Professorship Data Science (with tenure track to W2) (female/male/diverse) (2617-W1-Data Science) 2617-W1-Data Science 50933 Cologne Hybrid Fulltime Immediately With more than 6.300 students from 93 countries, the German Sport University Cologne (GSU) is an outstanding university location both nationally and internationally. The GSU stands for proven research with a high volume of third-party funding and research-based as well as international teaching in sports practice and in all so…",5778001005,"{'__CLASS__': 'Adzuna::API::Response::Category', 'tag': 'it-jobs', 'label': 'IT-Stellen'}",0,"{'area': ['Deutschland', 'Nordrhein-Westfalen', 'Köln'], '__CLASS__': 'Adzuna::API::Response::Location', 'display_name': 'Köln, Nordrhein-Westfalen'}",,,,
Adzuna::API::Response::Job,eyJhbGciOiJIUzI1NiJ9.eyJzIjoiY29xZk9DMTU4UkdsaV9SZG51V2FqdyIsImkiOiI1NzcxNzA2NzY5In0.La92rS3CnRIbIjS3POhi6xFkPU-e_cVld8l7cYwacHA,https://www.adzuna.de/land/ad/5771706769?se=coqfOC158RGli_RdnuWajw&utm_medium=api&utm_source=a4bcf954&v=3FDFBD4384F4A6313DEE331D8D7CB13094ADBED7,8.38979,"{'__CLASS__': 'Adzuna::API::Response::Company', 'display_name': 'dm-drogerie markt GmbH + Co. KG'}",Werkstudent Data Science - Marktforschung (w/m/d),49.01336,2026-06-21T14:30:01Z,"Arbeit anders leben Die Stelle ist befristet auf 12 Monate, mit Option auf Verlängerung, in Teilzeit (15-20 Std. / Woche) zu besetzen. Das Team Marktforschung vereint Spezialisten aus den Bereichen qualitativer und quantitativer Forschung, Social Listening und Trendanalysen sowie Data Science. Wir kümmern uns um maßgeschneiderte Analysen für Fragestellungen rund um die dm Eigenmarken, unser Sortiment und die Kommunikation. Auf der Grundlage methodischer Exzellenz und thematischer Expertise unte…",5771706769,"{'__CLASS__': 'Adzuna::API::Response::Category', 'label': 'Sonstige/Allgemeine Stellen', 'tag': 'other-general-jobs'}",0,"{'area': ['Deutschland', 'Baden-Württemberg', 'Karlsruhe (Kreis)', 'Karlsruhe', 'Innenstadt'], '__CLASS__': 'Adzuna::API::Response::Location', 'display_name': 'Innenstadt, Karlsruhe'}",part_time,,,
Adzuna::API::Response::Job,eyJhbGciOiJIUzI1NiJ9.eyJpIjoiNTc2NzUzNjYyMyIsInMiOiJjb3FmT0MxNThSR2xpX1JkbnVXYWp3In0.d9U3GB3YZd52DwZVGrTXrZGu3_0SGFiAVUJAAaI16vs,https://www.adzuna.de/land/ad/5767536623?se=coqfOC158RGli_RdnuWajw&utm_medium=api&utm_source=a4bcf954&v=14877B76DF4F775A590D6CADC197394C9417F12B,6.808387,"{'display_name': 'Publicis Media GmbH', '__CLASS__': 'Adzuna::API::Response::Company'}",Duales BA-Studium Wirtschaftsinformatik Data Science & KI (m/w/d) - Düsseldorf & Ravensburg,51.226802,2026-06-18T05:49:47Z,"Publicis Media ist das weltweit zweitgrößte Mediaagenturnetzwerk und Teil des französischen Kommunikationskonzerns Publicis Groupe. Als globale Holding lebt Publicis Media durch seine globalen Agenturmarken Zenith, Starcom und Spark, die das Kundengeschäft in der strategischen Kommunikationsberatung in über 100 Ländern steuern und ständig weiterentwickeln. Darüber hinaus unterstützen bei Publicis Media zentrale Spezialistenteams die Kunden der Agenturen in den Bereichen: Data und Technology, An…",5767536623,"{'__CLASS__': 'Adzuna::API::Response::Category', 'tag': 'unknown', 'label': 'Unknown'}",0,"{'display_name': 'Düsseldorf, Nordrhein-Westfalen', '__CLASS__': 'Adzuna::API::Response::Location', 'area': ['Deutschland', 'Nordrhein-Westfalen', 'Düsseldorf']}",,,,
Adzuna::API::Response::Job,eyJhbGciOiJIUzI1NiJ9.eyJzIjoiY29xZk9DMTU4UkdsaV9SZG51V2FqdyIsImkiOiI1NzQ3NzA5NTg3In0.oUYJpGlwPQy_s_w4_fn-S73Y4kAGIlb5_Kf9Sn0DESg,https://www.adzuna.de/land/ad/5747709587?se=coqfOC158RGli_RdnuWajw&utm_medium=api&utm_source=a4bcf954&v=2B20F8D4BD4180ADC3551B5C5182F4F6D5D8B035,9.742751,"{'display_name': 'Technische Informationsbibliothek ', '__CLASS__': 'Adzuna::API::Response::Company'}",Postdoc / Wissenschaftliche:r Mitarbeiter:in - KI für wissenschaftliche Kommunikation und Wissensgraphen (m/w/d),52.378818,2026-06-01T17:03:30Z,"Als Deutsche Zentrale Fachbibliothek für Technik und Naturwissenschaften sichern wir mit unseren zukunftsweisenden Dienstleistungen die infrastrukturellen Voraussetzungen einer qualitativ hochwertigen Informations- und Literaturversorgung für Forschung in Wissenschaft und Industrie. Mit dem Open Research Knowledge Graph (ORKG) arbeiten wir daran, den Austausch und die Nutzung wissenschaftlicher Erkenntnisse im digitalen Zeitalter zu revolutionieren. Die Technische Informationsbibliothek (TIB) ,…",5747709587,"{'tag': 'pr-advertising-marketing-jobs', 'label': 'Stellen aus PR, Werbung & Marketing', '__CLASS__': 'Adzuna::API::Response::Category'}",0,"{'display_name': 'Hannover, Region Hannover (Kreis)', 'area': ['Deutschland', 'Niedersachsen', 'Region Hannover (Kreis)', 'Hannover'], '__CLASS__': 'Adzuna::API::Response::Location'}",,,,
Adzuna::API::Response::Job,eyJhbGciOiJIUzI1NiJ9.eyJzIjoiY29xZk9DMTU4UkdsaV9SZG51V2FqdyIsImkiOiI1NzgxODc2MTk5In0.f4k5c1JmKzE2DEUrZLIPVOWcfbF7lKvqX_e-_UzA-Qo,https://www.adzuna.de/land/ad/5781876199?se=coqfOC158RGli_RdnuWajw&utm_medium=api&utm_source=a4bcf954&v=A6C23D1A6C83A560489E38A6B753AECB1E4A6522,9.21629,"{'__CLASS__': 'Adzuna::API::Response::Company', 'display_name': 'Schwarz Digits'}",Duales Studium Data Science und Künstliche Intelligenz 2027 (m/w/d),49.2291,2026-06-30T08:44:26Z,"Duales Studium Data Science und Künstliche Intelligenz 2027 Standort: Bad Friedrichshall Abteilung / Bereich: Ausbildung/Duales Studium/Abiturientenprogramm Level: Duales Studium Referenznummer: 3566 Als weltweit agierendes Unternehmen benötigen wir eine IT-Landschaft, die jederzeit reibungslos funktioniert, sich stets auf dem neuesten Stand der Technik befindet und sich an den Bedürfnissen unserer Kunden innerhalb der Unternehmen der Schwarz Gruppe orientiert. An der Schnittstelle zwischen Dat…",5781876199,"{'__CLASS__': 'Adzuna::API::Response::Category', 'label': 'Unknown', 'tag': 'unknown'}",0,"{'display_name': 'Bad Friedrichshall, Heilbronn (Kreis)', '__CLASS__': 'Adzuna::API::Response::Location', 'area': ['Deutschland', 'Baden-Württemberg', 'Heilbronn (Kreis)', 'Bad Friedrichshall']}",full_time,,,
Adzuna::API::Response::Job,eyJhbGciOiJIUzI1NiJ9.eyJpIjoiNTc4NzA3MjUxNCIsInMiOiJjb3FmT0MxNThSR2xpX1JkbnVXYWp3In0.4L8pcwp8OFmJi-Z6WNX-dbk4LC2yjHh3OkT_k_dMFc8,https://www.adzuna.de/land/ad/5787072514?se=coqfOC158RGli_RdnuWajw&utm_medium=api&utm_source=a4bcf954&v=E9895359C5849A645D06AC7E1EFDFAE2E8F39D9C,7.112412,"{'display_name': 'Bundesinstitut für Bau-, Stadt- und Raumforschung ', '__CLASS__': 'Adzuna::API::Response::Company'}",Wissenschaftliche Mitarbeiterin / Wissenschaftlicher Mitarbeiter (w/m/d) mit dem Ziel der Promotion im Bereich Spatial Data Science,50.71942,2026-07-03T22:41:44Z,"Das Bundesinstitut für Bau-, Stadt- und Raumforschung (BBSR) sucht für das Referat RS 1 „Raumentwicklung“ in Bonn zum nächst­möglichen Zeit­punkt befristet auf drei Jahre eine / einen wissenschaftliche Mitarbeiterin / wissenschaftlichen Mitarbeiter (w/m/d) mit dem Ziel der Promotion im Bereich Spatial Data Science Knr. 054.3-25 Ver­gütung E 13 TVöD Beschäftigungs­art befristet auf drei Jahre Wochen­stunden 39h Arbeits­ort Bonn Bewerbungs­frist 26.07.2026 Das BBSR im Bundesamt für Bauwesen und R…",5787072514,"{'tag': 'scientific-qa-jobs', 'label': 'Stellen aus Wissenschaft & Qualitätssicherung', '__CLASS__': 'Adzuna::API::Response::Category'}",0,"{'display_name': 'Bonn, Nordrhein-Westfalen', 'area': ['Deutschland', 'Nordrhein-Westfalen', 'Bonn'], '__CLASS__': 'Adzuna::API::Response::Location'}",,,,
Adzuna::API::Response::Job,eyJhbGciOiJIUzI1NiJ9.eyJpIjoiNTc4ODAwOTg0NSIsInMiOiJjb3FmT0MxNThSR2xpX1JkbnVXYWp3In0.8TxuOCXfaz4odP_bU-b-jDXtkLJlc_0mUuSNqBaP5RI,https://www.adzuna.de/land/ad/5788009845?se=coqfOC158RGli_RdnuWajw&utm_medium=api&utm_source=a4bcf954&v=1C1B3BC5AE90963BB26B13C4EE617424AC3A1A40,7.112412,"{'display_name': 'Bundesinstitut für Bau-, Stadt- und Raumforschung ', '__CLASS__': 'Adzuna::API::Response::Company'}",Wissenschaftliche Mitarbeiterin / wissenschaftlicher Mitarbeiter (w/m/d) mit dem Ziel der Promotion im Bereich Spatial Data Science,50.71942,2026-07-04T14:30:34Z,"Das Bundesinstitut für Bau-, Stadt- und Raum­forschung (BBSR) sucht für das Referat RS 1 „Raumentwicklung“ in Bonn zum nächst­möglichen Zeitpunkt befristet auf drei Jahre eine / einen wissenschaftliche Mitarbeiterin / wissenschaftlichen Mitarbeiter (w/m/d) mit dem Ziel der Promotion im Bereich Spatial Data Science Knr. 188.1-25 Ver­gütung E 13 TVöD Beschäftigungs­art befristet auf drei Jahre Wochen­stunden 39h Arbeits­ort Bonn Bewerbungs­frist 26.07.2026 Das BBSR im Bundesamt für Bauwesen und R…",5788009845,"{'__CLASS__': 'Adzuna::API::Response::Category', 'tag': 'sales-jobs', 'label': 'Vertriebsstellen'}",0,"{'area': ['Deutschland', 'Nordrhein-Westfalen', 'Bonn'], '__CLASS__': 'Adzuna::API::Response::Location', 'display_name': 'Bonn, Nordrhein-Westfalen'}",,,,
Adzuna::API::Response::Job,eyJhbGciOiJIUzI1NiJ9.eyJzIjoiY29xZk9DMTU4UkdsaV9SZG51V2FqdyIsImkiOiI1NzUwMzk3MTY1In0.Ng4F2yoRsP5V3etyMuvcpUpfdpInsnIjVVah3dkA4PQ,https://www.adzuna.de/land/ad/5750397165?se=coqfOC158RGli_RdnuWajw&utm_medium=api&utm_source=a4bcf954&v=C914835A5535ED1A2EDA46F1E53ECAC2CB81E252,9.2274,"{'__CLASS__': 'Adzuna::API::Response::Company', 'display_name': 'Lidl'}",Duales Studium Wirtschaftsinformatik - Data Science 2027,49.18975,2026-06-03T11:42:39Z,"Einleitung Eine gute Idee war der Ursprung, ein erfolgreiches Konzept ist das Ergebnis. Qualität zum guten Preis möglichst vielen Menschen anbieten zu können treibt uns an - mittlerweile weltweit, denn wir sind Lidl. Hier ist das berufliche Zuhause vielfältiger Talente. Ob im Einkauf, in der Logistik, im Warengeschäft oder in der IT; ob als Impulsgeber, Gestalter oder Dienstleister der Länder. Wir suchen Anpacker, Durchstarter, Möglichmacher und bieten spannende Aufgaben und Projekte in einem d…",5750397165,"{'label': 'Teilzeitstellen', 'tag': 'part-time-jobs', '__CLASS__': 'Adzuna::API::Response::Category'}",0,"{'__CLASS__': 'Adzuna::API::Response::Location', 'area': ['Deutschland', 'Baden-Württemberg', 'Heilbronn (Kreis)', 'Neckarsulm'], 'display_name': 'Neckarsulm, Heilbronn (Kreis)'}",,,,
Adzuna::API::Response::Job,eyJhbGciOiJIUzI1NiJ9.eyJpIjoiNTc1ODY5MzM0MiIsInMiOiJjb3FmT0MxNThSR2xpX1JkbnVXYWp3In0.YrXrZR5z7h8pxwmWW5I8P-3wo6sCdd4bPJGW9hS3vJM,https://www.adzuna.de/land/ad/5758693342?se=coqfOC158RGli_RdnuWajw&utm_medium=api&utm_source=a4bcf954&v=7CB1C74BB4FE5C3D0BC366922A5761CBEEE1FE59,11.65112,"{'display_name': 'in-tech', '__CLASS__': 'Adzuna::API::Response::Company'}",Duales Studium B.Sc. Angewandte Künstliche Intelligenz - Schwerpunkt GenAI (m/w/d),48.24883,2026-06-10T20:53:44Z,"in-tech ist ein digitaler Lösungsanbieter für Automotive, Rail und Smart Industry. Als strategischer Entwicklungspartner begleiten wir unsere Kunden durch den gesamten Entwicklungsprozess - von Einzelkomponenten bis hin zu Komplettlösungen aus Hard- u. Software. Wir sind Ingenieure, Softwareentwickler, Techniker und Quereinsteiger allgenders und arbeiten an der Mobilität der Zukunft. Wir sind orange! Du auch? Aufgaben In Zusammenarbeit mit unserem AI Team ergänzt du die Theoriephasen deines Stu…",5758693342,"{'tag': 'unknown', 'label': 'Unknown', '__CLASS__': 'Adzuna::API::Response::Category'}",0,"{'display_name': 'Garching bei München, München (Kreis)', 'area': ['Deutschland', 'Bayern', 'München (Kreis)', 'Garching bei München'], '__CLASS__': 'Adzuna::API::Response::Location'}",,,,
Adzuna::API::Response::Job,eyJhbGciOiJIUzI1NiJ9.eyJpIjoiNTc3Njk5MTU3MyIsInMiOiJjb3FmT0MxNThSR2xpX1JkbnVXYWp3In0.7ZwdaLFllcsS-twaPYZmwzv1ps2kYFneMW4llAuacTo,https://www.adzuna.de/land/ad/5776991573?se=coqfOC158RGli_RdnuWajw&utm_medium=api&utm_source=a4bcf954&v=333B251EC63C28872D35E9BBDEE132B1419089E5,8.650578,"{'__CLASS__': 'Adzuna::API::Response::Company', 'display_name': 'Siemens AG'}",Data Science und Künstliche Intelligenz (B.Sc.) 2027,50.129683,2026-06-26T01:42:46Z,"Dein Berufsbild: Du möchtest irgendwas mit Mathe machen und findest die Wirtschaftswelt spannend? Dann entscheide dich für ein Studium in Data Science und Künstliche Intelligenz und hol alles aus den Daten heraus. Data Science und Künstliche Intelligenz Spezialisten (w/m/d) sind die Schnittstelle zwischen IT und Business. Sie beherrschen die verschiedenen Technologien, bewerten deren Potenziale und wissen, wie man sie technisch umsetzt. In deinem dualen Studium erlernst du die Grundlagen, Konze…",5776991573,"{'__CLASS__': 'Adzuna::API::Response::Category', 'label': 'Teilzeitstellen', 'tag': 'part-time-jobs'}",0,"{'area': ['Deutschland', 'Hessen', 'Frankfurt am Main'], '__CLASS__': 'Adzuna::API::Response::Location', 'display_name': 'Frankfurt am Main, Hessen'}",,,,
Adzuna::API::Response::Job,eyJhbGciOiJIUzI1NiJ9.eyJpIjoiNTc2NzMyODg5NyIsInMiOiJjb3FmT0MxNThSR2xpX1JkbnVXYWp3In0.Hj2VfygpfI-I66E3jF7pCkeuKfwhNWP-HhbqrQky7PU,https://www.adzuna.de/land/ad/5767328897?se=coqfOC158RGli_RdnuWajw&utm_medium=api&utm_source=a4bcf954&v=035D23A311258786BF2486F5AFEF4CF66CBAE58C,8.412378,"{'display_name': 'Siemens AG', '__CLASS__': 'Adzuna::API::Response::Company'}",Data Science und Künstliche Intelligenz (B.Sc.) 2027,49.001249,2026-06-18T01:08:56Z,"Dein Berufsbild: Du möchtest irgendwas mit Mathe und Programmieren machen und findest Technologien der Zukunft spannend? Dann entscheide dich für den Studiengang Data Science und Künstliche Intelligenz und hol alles aus den Daten heraus. In deinem Beruf bist du die Schnittstelle zwischen IT und Business. Du beherrschst die verschiedenen Technologien, bewertest deren Potenziale und weißt, wie man sie technisch umsetzt. In deinem dualen Studium erlernst du die Grundlagen, Konzepte und Methoden de…",5767328897,"{'__CLASS__': 'Adzuna::API::Response::Category', 'label': 'Teilzeitstellen', 'tag': 'part-time-jobs'}",0,"{'__CLASS__': 'Adzuna::API::Response::Location', 'area': ['Deutschland', 'Baden-Württemberg', 'Karlsruhe (Kreis)', 'Karlsruhe'], 'display_name': 'Karlsruhe, Karlsruhe (Kreis)'}",,,,
Adzuna::API::Response::Job,eyJhbGciOiJIUzI1NiJ9.eyJpIjoiNTc4NTQxMjE5MSIsInMiOiJjb3FmT0MxNThSR2xpX1JkbnVXYWp3In0.7AD4TAqGjbJJBqdJOpDRk4fH1-9wrpbE4yPSlxXkOsI,https://www.adzuna.de/land/ad/5785412191?se=coqfOC158RGli_RdnuWajw&utm_medium=api&utm_source=a4bcf954&v=D0A77CD380C46F611C880989E79CBA2570403C30,6.969972,"{'display_name': 'Siemens AG', '__CLASS__': 'Adzuna::API::Response::Company'}",Data Science und Künstliche Intelligenz (B.Sc.) 2027,50.940164,2026-07-02T14:03:32Z,"Dein Berufsbild: Du möchtest irgendwas mit Mathe und Programmieren machen und findest Technologien der Zukunft spannend? Dann entscheide dich für den Studiengang Data Science und Künstliche Intelligenz und hol alles aus den Daten heraus. In deinem Beruf bist du die Schnittstelle zwischen IT und Business. Du beherrschst die verschiedenen Technologien, bewertest deren Potenziale und weißt, wie man sie technisch umsetzt. In deinem dualen Studium erlernst du die Grundlagen, Konzepte und Methoden de…",5785412191,"{'tag': 'part-time-jobs', 'label': 'Teilzeitstellen', '__CLASS__': 'Adzuna::API::Response::Category'}",0,"{'display_name': 'Köln, Nordrhein-Westfalen', '__CLASS__': 'Adzuna::API::Response::Location', 'area': ['Deutschland', 'Nordrhein-Westfalen', 'Köln']}",,,,
Adzuna::API::Response::Job,eyJhbGciOiJIUzI1NiJ9.eyJzIjoiY29xZk9DMTU4UkdsaV9SZG51V2FqdyIsImkiOiI1Nzc2MjIxODA0In0.RFlFZIDB_VibIkL7uVnhRLWOAAP08NjhQfVYRYn9W_A,https://www.adzuna.de/land/ad/5776221804?se=coqfOC158RGli_RdnuWajw&utm_medium=api&utm_source=a4bcf954&v=496F0D5CC95E9EA60CFB834C492F2FA74AC23E97,9.560146,"{'__CLASS__': 'Adzuna::API::Response::Company', 'display_name': 'EBZ SE'}",Duales Studium (DHBW) Data Science und Künstliche Intelligenz,47.759752,2026-06-25T13:38:21Z,"Dieser Studiengang bereitet Dich darauf vor, den digitalen Wandel in Unternehmen voranzutreiben und aktiv mitzugestalten. Dazu werden Grundlagen der Informatik und der Wirtschaftsinformatik mit Kerninhalten der Data Science kombiniert. Themen wie Cloud Computing, Big Data, Visual Analytics und AI spielen hier eine große Rolle. Du lernst den Umgang und die Interpretation von großen Datenmengen, deren Darstellung, und das Training von AI-Modellen. Deine Ideen und Projekte kannst du dabei direkt i…",5776221804,"{'__CLASS__': 'Adzuna::API::Response::Category', 'tag': 'part-time-jobs', 'label': 'Teilzeitstellen'}",0,"{'__CLASS__': 'Adzuna::API::Response::Location', 'area': ['Deutschland', 'Baden-Württemberg', 'Ravensburg (Kreis)', 'Ravensburg'], 'display_name': 'Ravensburg, Ravensburg (Kreis)'}",,,,
Adzuna::API::Response::Job,eyJhbGciOiJIUzI1NiJ9.eyJpIjoiNTc3MDU4OTAzOSIsInMiOiJjb3FmT0MxNThSR2xpX1JkbnVXYWp3In0.ZoBGNKVD_nkoxHixVLGebO4GzQG7-7HaxtkpOB4XKlI,https://www.adzuna.de/land/ad/5770589039?se=coqfOC158RGli_RdnuWajw&utm_medium=api&utm_source=a4bcf954&v=681BE7A3D03AC6F297C387CC551FF08EF9980009,8.53563,"{'display_name': 'Transgourmet Deutschland GmbH&Co. OHG', '__CLASS__': 'Adzuna::API::Response::Company'}",Duales Studium Data Science&Künstliche Intelligenz 2027,49.80341,2026-06-20T12:53:08Z,"Duales Studium– unser Erfolgsrezept: Theorie und Praxis verbinden! Werde bei Transgourmet zur KI-Koryphäe: Duübernimmst Initiative in schmackhaften Projekten, bei denen du marktfrische, innovative Ansätze direkt aus deinem Studium einbringst. Du erhältst Einblicke in die Geheimnisse der kulinarischen Datenwelt eines modernen Lebensmittelgroßhändlers: Prozessveredelungá la IT: Optimiere mit uns die digitalen Kochprozesse in unserem Unternehmen, automatisiere Abläufe und würze die Systeme mit Kün…",5770589039,"{'label': 'Teilzeitstellen', 'tag': 'part-time-jobs', '__CLASS__': 'Adzuna::API::Response::Category'}",0,"{'area': ['Deutschland', 'Hessen', 'Groß-Gerau (Kreis)', 'Riedstadt'], '__CLASS__': 'Adzuna::API::Response::Location', 'display_name': 'Riedstadt, Groß-Gerau (Kreis)'}",,,,
Adzuna::API::Response::Job,eyJhbGciOiJIUzI1NiJ9.eyJpIjoiNTc3NjU2NTMwMCIsInMiOiJjb3FmT0MxNThSR2xpX1JkbnVXYWp3In0.RgVpFGYmyH_vkOoSvtlDcqx7lOAd56eXEuwclTxH2WQ,https://www.adzuna.de/land/ad/5776565300?se=coqfOC158RGli_RdnuWajw&utm_medium=api&utm_source=a4bcf954&v=C92B1946CF6D4D2C86A1BE4B671F12FC1443A613,8.679778,"{'__CLASS__': 'Adzuna::API::Response::Company', 'display_name': 'Justus-Liebig-Universität Gießen'}",Wissenschaftliche/r Mitarbeiter/in (m/w/d) Data Science & Social Media Analysis,50.583286,2026-06-25T20:41:21Z,"Die 1607 gegründete Justus-Liebig-Universität Gießen (JLU) ist eine traditionsreiche Forschungsuniversität. Inspiriert von der Neugier auf das Unbekannte ermöglichen wir rund 25.000 Studierenden und 5.800 Beschäftigten, Wissenschaft für die Gesellschaft voranzutreiben. Gehen Sie zusammen mit uns neue Wege und schreiben Sie Erfolgsgeschichten – Ihre eigene und die der Universität. Unterstützen Sie uns ab dem nächstmöglichen Zeitpunkt in Teilzeit (70 %) als Wissenschaftliche/r Mitarbeiter/in (m/w…",5776565300,"{'label': 'Unknown', 'tag': 'unknown', '__CLASS__': 'Adzuna::API::Response::Category'}",0,"{'area': ['Deutschland', 'Hessen', 'Gießen (Kreis)', 'Gießen'], '__CLASS__': 'Adzuna::API::Response::Location', 'display_name': 'Gießen, Gießen (Kreis)'}",,,,
Adzuna::API::Response::Job,eyJhbGciOiJIUzI1NiJ9.eyJpIjoiNTc3MzE4MDY1NyIsInMiOiJjb3FmT0MxNThSR2xpX1JkbnVXYWp3In0.O0186OFJYJ6lEBkTw_rcY6a0HKIPS-P2kPaE7gLaJHk,https://www.adzuna.de/land/ad/5773180657?se=coqfOC158RGli_RdnuWajw&utm_medium=api&utm_source=a4bcf954&v=F7E4B02796FC3B42E86AF53B6F66CFD537092B41,9.187224,"{'__CLASS__': 'Adzuna::API::Response::Company', 'display_name': 'Mercedes-Benz Tech Innovation'}",Duales Studium Data Science / Künstliche Intelligenz in Kooperation mit der Dualen Hochschule Baden-Württemberg 2027 (m/w/d/x),48.776198,2026-06-23T06:22:03Z,"Life is always about becoming… Im Leben geht es darum, sich auf eine Reise zu begeben, um die beste Version unseres zukünftigen Selbst zu werden. Während wir Neues entdecken, stellen wir uns Herausforderungen, meistern sie und wachsen über uns hinaus. Bewerben Sie sich bei Mercedes-Benz und finden Sie den Aufgabenbereich, in dem Sie Ihre Talente individuell entfalten können. Dabei werden Sie von visionären Kolleginnen und Kollegen unterstützt, die Ihren Pioniergeist teilen. Bei uns einzusteigen…",5773180657,"{'__CLASS__': 'Adzuna::API::Response::Category', 'tag': 'unknown', 'label': 'Unknown'}",0,"{'area': ['Deutschland', 'Baden-Württemberg', 'Stuttgart'], '__CLASS__': 'Adzuna::API::Response::Location', 'display_name': 'Stuttgart, Baden-Württemberg'}",,,,
Adzuna::API::Response::Job,eyJhbGciOiJIUzI1NiJ9.eyJpIjoiNTc4MjM3OTg3MiIsInMiOiJjb3FmT0MxNThSR2xpX1JkbnVXYWp3In0.vwtcbG11WGdT9ixCfjJqgDzGuqNZv1e8PDCYHiZDV-E,https://www.adzuna.de/land/ad/5782379872?se=coqfOC158RGli_RdnuWajw&utm_medium=api&utm_source=a4bcf954&v=467F505A2ED694B1C8F8AE9113C5A4ED159DDA61,9.2274,"{'__CLASS__': 'Adzuna::API::Response::Company', 'display_name': 'Schwarz Corporate Solutions'}",Consultant Energiewirtschaft Datenqualität MaKo (m/w/d),49.18975,2026-06-30T22:25:39Z,"Du hast Lust auf innovative und nachhaltige Bau- & Immobilienprojekte? Dann bist du bei uns genau richtig. Von Büros, Konferenzräumen sowie Restaurants bis hin zu Wohnungen - Im TeamSCOS planen, bauen und betreuen wir ein großes Portfolio verschiedenster Immobilien – denn Vielfalt ist unsere Stärke! Bei uns kannst du spannende Projekte von Beginn bis zur Umsetzung begleiten und eigene Ideen einbringen. Vom Grundstückskauf über die Planung und dem Bau bis hin zum Facility Management - bei uns ha…",5782379872,"{'tag': 'unknown', 'label': 'Unknown', '__CLASS__': 'Adzuna::API::Response::Category'}",0,"{'display_name': 'Neckarsulm, Heilbronn (Kreis)', '__CLASS__': 'Adzuna::API::Response::Location', 'area': ['Deutschland', 'Baden-Württemberg', 'Heilbronn (Kreis)', 'Neckarsulm']}",,,,
Adzuna::API::Response::Job,eyJhbGciOiJIUzI1NiJ9.eyJpIjoiNTc2NzQyOTM3MSIsInMiOiJjb3FmT0MxNThSR2xpX1JkbnVXYWp3In0.z1j3D8Xo3-Gkl-1Ez_ABBVgT1ArdERqmf-scvTlTO1s,https://www.adzuna.de/land/ad/5767429371?se=coqfOC158RGli_RdnuWajw&utm_medium=api&utm_source=a4bcf954&v=10E31A5B1F215C364F1055DE06FE6272E1F74E8B,9.2274,"{'display_name': 'Schwarz Corporate Solutions', '__CLASS__': 'Adzuna::API::Response::Company'}",Experte Energiewirtschaft Marktprozesse (m/w/d),49.18975,2026-06-18T03:49:11Z,"Du hast Lust auf innovative und nachhaltige Bau- & Immobilienprojekte? Dann bist du bei uns genau richtig. Von Büros, Konferenzräumen sowie Restaurants bis hin zu Wohnungen - Im TeamSCOS planen, bauen und betreuen wir ein großes Portfolio verschiedenster Immobilien – denn Vielfalt ist unsere Stärke! Bei uns kannst du spannende Projekte von Beginn bis zur Umsetzung begleiten und eigene Ideen einbringen. Vom Grundstückskauf über die Planung und dem Bau bis hin zum Facility Management - bei uns ha…",5767429371,"{'__CLASS__': 'Adzuna::API::Response::Category', 'label': 'Unknown', 'tag': 'unknown'}",0,"{'__CLASS__': 'Adzuna::API::Response::Location', 'area': ['Deutschland', 'Baden-Württemberg', 'Heilbronn (Kreis)', 'Neckarsulm'], 'display_name': 'Neckarsulm, Heilbronn (Kreis)'}",,,,
Adzuna::API::Response::Job,eyJhbGciOiJIUzI1NiJ9.eyJpIjoiNTc4NTg0NDcyNSIsInMiOiJjb3FmT0MxNThSR2xpX1JkbnVXYWp3In0.ua9KHrkGpzAq76HBGImCGJdNaPnHXn8USxw7fHagxKI,https://www.adzuna.de/land/ad/5785844725?se=coqfOC158RGli_RdnuWajw&utm_medium=api&utm_source=a4bcf954&v=AE1DAD2397F963DD37E8237ACD845C1CA80A598E,9.37738,"{'__CLASS__': 'Adzuna::API::Response::Company', 'display_name': 'Festool Group'}",Duales Studium: Wirtschaftsinformatik - Data Science (m/w/d) 2027,48.67129,2026-07-02T22:46:25Z,"Jedes Werkzeug kann immer nur so gut sein wie der Mensch, der dahintersteckt. Deshalb suchen wir bei der Festool Group Mitarbeitende, die gemeinsam mit ihren 3.000 Kolleginnen und Kollegen weltweit etwas bewegen wollen. Tauche ein in unsere Welt - und erlebe, wie stolz es macht, in einem Familienunternehmen die besten Elektrowerkzeuge der Welt zu bauen. Aufgaben . klicken sie bewerben, für die volle Stellenbeschreibung",5785844725,"{'label': 'Stellen aus Handel & Bau', 'tag': 'trade-construction-jobs', '__CLASS__': 'Adzuna::API::Response::Category'}",0,"{'display_name': 'Wendlingen am Neckar, Esslingen (Kreis)', '__CLASS__': 'Adzuna::API::Response::Location', 'area': ['Deutschland', 'Baden-Württemberg', 'Esslingen (Kreis)', 'Wendlingen am Neckar']}",,,,
Adzuna::API::Response::Job,eyJhbGciOiJIUzI1NiJ9.eyJzIjoiY29xZk9DMTU4UkdsaV9SZG51V2FqdyIsImkiOiI1Nzg2NTkzMzM4In0.GUxw7m8USjeZcY11HvCFFwyFUCYH56WVR_XVv9loBnY,https://www.adzuna.de/land/ad/5786593338?se=coqfOC158RGli_RdnuWajw&utm_medium=api&utm_source=a4bcf954&v=1D04E5E91B081F285C7EC08DD0472011DA719DF2,12.49782,"{'__CLASS__': 'Adzuna::API::Response::Company', 'display_name': 'BMW Group'}",Dualer Student Data Science & Scientific Computing (w/m/x),48.62848,2026-07-03T10:13:13Z,"Aufgaben Profil Wir bieten Hinweis: Dieser Studiengang wird als Studium mit vertiefter Praxis angeboten. Du liebst es, Ursachen für Probleme zu entdecken und Lösungen zu finden und möchtest an Zukunftsthemen arbeiten? Du hast eine Leidenschaft für IT und Digitalisierung? Dann ist dieses Studium genau das Richtige für dich. Denn du bist Expert:in dafür . klicken sie bewerben, für die volle Stellenbeschreibung",5786593338,"{'__CLASS__': 'Adzuna::API::Response::Category', 'tag': 'scientific-qa-jobs', 'label': 'Stellen aus Wissenschaft & Qualitätssicherung'}",0,"{'__CLASS__': 'Adzuna::API::Response::Location', 'area': ['Deutschland', 'Bayern', 'Dingolfing-Landau (Kreis)', 'Dingolfing'], 'display_name': 'Dingolfing, Dingolfing-Landau (Kreis)'}",,,,
Adzuna::API::Response::Job,eyJhbGciOiJIUzI1NiJ9.eyJpIjoiNTc4NjM1Njk5MSIsInMiOiJjb3FmT0MxNThSR2xpX1JkbnVXYWp3In0.kGGE7Lvs-ZBpGlJ48Z0wXCD4IC8a83bOrv4S1zEcI0g,https://www.adzuna.de/land/ad/5786356991?se=coqfOC158RGli_RdnuWajw&utm_medium=api&utm_source=a4bcf954&v=94C377E5EBD3BADCB4340AFD14644BBB6AF053EC,11.57287,"{'__CLASS__': 'Adzuna::API::Response::Company', 'display_name': 'BMW Group'}",Dualer Student Data Science & Scientific Computing (w/m/x),48.18446,2026-07-03T06:15:34Z,"Aufgaben Profil Wir bieten Hinweis: Dieser Studiengang wird als Studium mit vertiefter Praxis angeboten. Du liebst es, Ursachen für Probleme zu entdecken und Lösungen zu finden und möchtest an Zukunftsthemen arbeiten? Du hast eine Leidenschaft für IT und Digitalisierung? Dann ist dieses Studium genau das Richtige für dich. Denn du bist Expert:in dafür . klicken sie bewerben, für die volle Stellenbeschreibung",5786356991,"{'tag': 'scientific-qa-jobs', 'label': 'Stellen aus Wissenschaft & Qualitätssicherung', '__CLASS__': 'Adzuna::API::Response::Category'}",0,"{'display_name': 'Milbertshofen-Am Hart, München', '__CLASS__': 'Adzuna::API::Response::Location', 'area': ['Deutschland', 'Bayern', 'München (Kreis)', 'München', 'Milbertshofen-Am Hart']}",,,,
Adzuna::API::Response::Job,eyJhbGciOiJIUzI1NiJ9.eyJzIjoiVEVrWk9pMTU4Ukd2Skw2SUNMYWF1dyIsImkiOiI1NzUwMzU2NDE1In0._kK4e880iO4IKHJIrbKi4aZ4Ahm8XPiiV1woQzYOVbo,https://www.adzuna.de/land/ad/5750356415?se=TEkZOi158RGvJL6ICLaauw&utm_medium=api&utm_source=a4bcf954&v=C71B76E76EFDB00FF969BA2BE5FCC984410EC0CD,11.555737,"{'display_name': 'Atos Information Technology', '__CLASS__': 'Adzuna::API::Response::Company'}",B.Sc. Data Science & KI (w/m/d),48.137418,2026-06-03T11:33:19Z,"Du liebst IT? Dann gestalte die KI-gestützte digitale Zukunft mit uns! Du möchtest Lösungen für die dringendsten und komplexesten Herausforderungen der digitalen Welt finden und dabei die digitale Transformation mitgestalten? Du möchtest ein Teil eines Weltklasse-Teams sein und bei einem ""next generation Tech Leader"" arbeiten? Dann starte bei uns als Nachwuchstalent in einem der zahlreichen dualen Studiengänge! Entdecke eine offene, multikulturelle Unternehmenskultur mit vielfältigen Entwicklun…",5750356415,"{'tag': 'part-time-jobs', 'label': 'Teilzeitstellen', '__CLASS__': 'Adzuna::API::Response::Category'}",0,"{'area': ['Deutschland', 'Bayern', 'München (Kreis)', 'München'], 'display_name': 'München, München (Kreis)', '__CLASS__': 'Adzuna::API::Response::Location'}",,,,
Adzuna::API::Response::Job,eyJhbGciOiJIUzI1NiJ9.eyJzIjoiVEVrWk9pMTU4Ukd2Skw2SUNMYWF1dyIsImkiOiI1NzY2NzA2Mjk3In0.8Nylg8y3iY1KWgBB30W8EsjZkNjHac-uMiGVI8VvovU,https://www.adzuna.de/land/ad/5766706297?se=TEkZOi158RGvJL6ICLaauw&utm_medium=api&utm_source=a4bcf954&v=65F8763346210AA5E6A022222F57416BDAB2FB5A,8.78967,"{'display_name': 'Siemens Healthineers AG', '__CLASS__': 'Adzuna::API::Response::Company'}",Duales Bachelorstudium Softwaretechnologie Data Science (B.Sc.) - Marburg,50.804953,2026-06-17T13:17:48Z,"Dein Berufsbild: Du magst Mathe und möchtest später etwas mit Daten machen? Dich faszinieren datengestützte Tools, wie ChatGPT, und du kennst deren große Chance für die Zukunft? Dann bewirb dich für das duale Studium B. Sc. Softwaretechnologie - Data Science und entdecke mit uns, wie wir die Welt der Labordiagnostik durch datenbasierte Entscheidungen verändern können. Daten sind eines der Fundamente, damit Unternehmen bestmögliche Entscheidungen treffen können. Im Studiengang B. Sc. Softwaretec…",5766706297,"{'__CLASS__': 'Adzuna::API::Response::Category', 'tag': 'part-time-jobs', 'label': 'Teilzeitstellen'}",0,"{'__CLASS__': 'Adzuna::API::Response::Location', 'area': ['Deutschland', 'Hessen', 'Marburg-Biedenkopf (Kreis)', 'Marburg'], 'display_name': 'Marburg, Marburg-Biedenkopf (Kreis)'}",,,,
Adzuna::API::Response::Job,eyJhbGciOiJIUzI1NiJ9.eyJpIjoiNTc1ODQyMDExMiIsInMiOiJURWtaT2kxNThSR3ZKTDZJQ0xhYXV3In0.IxOl0HW73uSiQp8CJZ5pFJCiCxLld98y-Roiy3aSLqM,https://www.adzuna.de/land/ad/5758420112?se=TEkZOi158RGvJL6ICLaauw&utm_medium=api&utm_source=a4bcf954&v=EC786C602C709F94FEC8535E45299C5D8A1EA21A,9.78975,"{'display_name': 'Netze BW GmbH', '__CLASS__': 'Adzuna::API::Response::Company'}",Duales Studium Data Science und Künstliche Intelligenz (B. Sc.),48.0962,2026-06-10T13:50:57Z,"Vernetze mit uns die Welt von morgen. Du begeisterst dich für Informatik und möchtest die Energiewende aktiv mitgestalten? Bei der Netze BW, einem Tochterunternehmen der EnBW, kombinierst du dein duales Studium mit praxisnaher Arbeit an Lösungen, die Klimaschutz, erneuerbare Energien und intelligente Energienetze unterstützen. Gemeinsam treiben wir die digitale Transformation des Energiesystems voran– innovativ, verantwortungsvoll und zukunftsorientiert. Du@NetzeBW Du denkst gerne analytisch un…",5758420112,"{'label': 'Teilzeitstellen', 'tag': 'part-time-jobs', '__CLASS__': 'Adzuna::API::Response::Category'}",0,"{'__CLASS__': 'Adzuna::API::Response::Location', 'display_name': 'Biberach an der Riß, Biberach (Kreis)', 'area': ['Deutschland', 'Baden-Württemberg', 'Biberach (Kreis)', 'Biberach an der Riß']}",,,,
Adzuna::API::Response::Job,eyJhbGciOiJIUzI1NiJ9.eyJzIjoiVEVrWk9pMTU4Ukd2Skw2SUNMYWF1dyIsImkiOiI1NzY3MjcxMTgxIn0.psROZw3Cnsnwi9fn0AVtuUYXi03P49nbOIWcoNYy-rc,https://www.adzuna.de/land/ad/5767271181?se=TEkZOi158RGvJL6ICLaauw&utm_medium=api&utm_source=a4bcf954&v=1FC148DF1A32707730EA5762C8AC6E63E6341CBA,9.14057,"{'__CLASS__': 'Adzuna::API::Response::Company', 'display_name': 'Mercedes-Benz Consulting GmbH'}",Senior Consultant - Machine Learning Engineering (m/w/d),48.69447,2026-06-18T00:21:31Z,"Life is always about becoming… Im Leben geht es darum, sich auf eine Reise zu begeben, um die beste Version unseres zukünftigen Selbst zu werden. Während wir Neues entdecken, stellen wir uns Herausforderungen, meistern sie und wachsen über uns hinaus. Bewerben Sie sich bei Mercedes-Benz und finden Sie den Aufgabenbereich, in dem Sie Ihre Talente individuell entfalten können. Dabei werden Sie von visionären Kolleginnen und Kollegen unterstützt, die Ihren Pioniergeist teilen. Bei uns einzusteigen…",5767271181,"{'tag': 'unknown', 'label': 'Unknown', '__CLASS__': 'Adzuna::API::Response::Category'}",0,"{'__CLASS__': 'Adzuna::API::Response::Location', 'area': ['Deutschland', 'Baden-Württemberg', 'Esslingen (Kreis)', 'Leinfelden-Echterdingen'], 'display_name': 'Leinfelden-Echterdingen, Esslingen (Kreis)'}",,,,
Adzuna::API::Response::Job,eyJhbGciOiJIUzI1NiJ9.eyJpIjoiNTc2Njg4MDMyMiIsInMiOiJURWtaT2kxNThSR3ZKTDZJQ0xhYXV3In0.fR0C0DGNK4r474Xhpj4TFGxOwUQdgd-5zf0mK0m5Q7w,https://www.adzuna.de/land/ad/5766880322?se=TEkZOi158RGvJL6ICLaauw&utm_medium=api&utm_source=a4bcf954&v=920496682A48D39BD15AD2681F8F3EB18B725AE6,9.026231,"{'__CLASS__': 'Adzuna::API::Response::Company', 'display_name': 'Mercedes-Benz AG'}",Praktikant*in Automatisierung der Exterieur Prüfung,48.720071,2026-06-17T16:21:04Z,"Life is always about becoming… Im Leben geht es darum, sich auf eine Reise zu begeben, um die beste Version unseres zukünftigen Selbst zu werden. Während wir Neues entdecken, stellen wir uns Herausforderungen, meistern sie und wachsen über uns hinaus. Bewerben Sie sich bei Mercedes-Benz und finden Sie den Aufgabenbereich, in dem Sie Ihre Talente individuell entfalten können. Dabei werden Sie von visionären Kolleginnen und Kollegen unterstützt, die Ihren Pioniergeist teilen. Bei uns einzusteigen…",5766880322,"{'label': 'Unknown', 'tag': 'unknown', '__CLASS__': 'Adzuna::API::Response::Category'}",0,"{'__CLASS__': 'Adzuna::API::Response::Location', 'area': ['Deutschland', 'Baden-Württemberg', 'Böblingen (Kreis)', 'Sindelfingen'], 'display_name': 'Sindelfingen, Böblingen (Kreis)'}",,,,
Adzuna::API::Response::Job,eyJhbGciOiJIUzI1NiJ9.eyJpIjoiNTc4ODYyMDA2NyIsInMiOiJURWtaT2kxNThSR3ZKTDZJQ0xhYXV3In0.0vEtkdjK_b3hm8xao6JVMws4m7-eUFQE3WSGG3HKGWA,https://www.adzuna.de/land/ad/5788620067?se=TEkZOi158RGvJL6ICLaauw&utm_medium=api&utm_source=a4bcf954&v=2FB112C3A65DBC93DCE53C8BE7C33478EEFAA51C,8.61836,"{'display_name': 'Liberty Damenmoden GmbH', '__CLASS__': 'Adzuna::API::Response::Company'}",Werkstudent (m/w/d) Digitalisierung & KI im Onlineshop,52.30001,2026-07-05T02:57:34Z,"Werden Sie Teil unseres Teams bei LIBERTY WOMAN in Lübbecke! Wir suchen Sie als engagierte Werkstudenten (m/w/d) für den Bereich ""Digitalisierung und KI"" zur Optimierung unseres Onlineshops! Aufgaben Unterstützung bei der Konzeption und Umsetzung digitaler Projekte im Onlineshop Analyse von Datenströmen, Nutzerverhalten und Verkaufszahlen zur Optimierung der Customer Journey Mitarbeit bei der Implementierung und Evaluierung von KI-basierten Tools (z. B. Empfehlungssysteme, Chatbots, Automatisie…",5788620067,"{'__CLASS__': 'Adzuna::API::Response::Category', 'tag': 'unknown', 'label': 'Unknown'}",0,"{'__CLASS__': 'Adzuna::API::Response::Location', 'display_name': 'Lübbecke, Minden-Lübbecke (Kreis)', 'area': ['Deutschland', 'Nordrhein-Westfalen', 'Minden-Lübbecke (Kreis)', 'Lübbecke']}",,,,
Adzuna::API::Response::Job,eyJhbGciOiJIUzI1NiJ9.eyJpIjoiNTc4OTEyMjI5MCIsInMiOiJURWtaT2kxNThSR3ZKTDZJQ0xhYXV3In0.7sodukSl3URUivmFrg9y-25L1vEiJY3AmX40wucCwSs,https://www.adzuna.de/land/ad/5789122290?se=TEkZOi158RGvJL6ICLaauw&utm_medium=api&utm_source=a4bcf954&v=E09D8C5614E90180A5A6BBFDB2E876827EDDCD07,9.742751,"{'display_name': 'Technische Informationsbibliothek ', '__CLASS__': 'Adzuna::API::Response::Company'}",Semantic Data Architekt (m/w/d),52.378818,2026-07-05T14:57:12Z,"Als Deutsche Zentrale Fachbibliothek für Technik und Naturwissenschaften sichern wir mit unseren zukunftsweisenden Dienstleistungen die infrastrukturellen Voraussetzungen einer qualitativ hochwertigen Informations- und Literaturversorgung für Forschung in Wissenschaft und Industrie. Mit dem Open Research Knowledge Graph (ORKG) arbeiten wir daran, den Austausch und die Nutzung wissenschaftlicher Erkenntnisse im digitalen Zeitalter zu revolutionieren. Die Technische Informationsbibliothek (TIB), …",5789122290,"{'__CLASS__': 'Adzuna::API::Response::Category', 'tag': 'other-general-jobs', 'label': 'Sonstige/Allgemeine Stellen'}",0,"{'area': ['Deutschland', 'Niedersachsen', 'Region Hannover (Kreis)', 'Hannover'], 'display_name': 'Hannover, Region Hannover (Kreis)', '__CLASS__': 'Adzuna::API::Response::Location'}",,,,
Adzuna::API::Response::Job,eyJhbGciOiJIUzI1NiJ9.eyJzIjoiVEVrWk9pMTU4Ukd2Skw2SUNMYWF1dyIsImkiOiI1NzgxMTE0NjMyIn0.cqb4Wk7ZODqdW-XjvXhMm2cD_xKyhWZguOhirxswgNM,https://www.adzuna.de/land/ad/5781114632?se=TEkZOi158RGvJL6ICLaauw&utm_medium=api&utm_source=a4bcf954&v=2181CBBF7234D948FE2CB7FEBE279FD34EE768C6,10.96603,"{'__CLASS__': 'Adzuna::API::Response::Company', 'display_name': 'HUK-COBURG Versicherungsgruppe'}",Senior Engineer Machine Learning / AI (w/m/d),50.25777,2026-06-29T13:25:18Z,"Hallo, lass uns WIR sagen! Im Data Analytics Team der HUK-COBURG transformieren wir Daten in echte Mehrwerte für über 13 Mio. Kund:innen. Als Deutschlands führende Kfz-Versicherung sind wir ein traditionsreiches und stabiles Unternehmen, welches zielgerichtet in Innovation und seine datengetriebene Zukunft investiert. Unsere agilen Data Analytics Teams setzen modernste Machine Learning und KI-Methoden ein, um Prozesse zu optimieren, faire Preise zu berechnen, Schäden digital und intelligent zu …",5781114632,"{'__CLASS__': 'Adzuna::API::Response::Category', 'tag': 'it-jobs', 'label': 'IT-Stellen'}",0,"{'__CLASS__': 'Adzuna::API::Response::Location', 'area': ['Deutschland', 'Bayern', 'Coburg (Kreis)', 'Coburg'], 'display_name': 'Coburg, Coburg (Kreis)'}",,,,
Adzuna::API::Response::Job,eyJhbGciOiJIUzI1NiJ9.eyJpIjoiNTc4NjU5Mzg0NiIsInMiOiJURWtaT2kxNThSR3ZKTDZJQ0xhYXV3In0.x2rh1ZFpDvcfKDeT21XGJHDJoQ9Rah3O2UyyVQFTpCw,https://www.adzuna.de/land/ad/5786593846?se=TEkZOi158RGvJL6ICLaauw&utm_medium=api&utm_source=a4bcf954&v=75D2FBA297F813EA51E6C65899BCB6E6CEA573F6,9.21629,"{'display_name': 'Schwarz Digits', '__CLASS__': 'Adzuna::API::Response::Company'}",Duales Studium Data Science Und Künstliche Intelligenz 2027 (m/w/d),49.2291,2026-07-03T10:13:44Z,"Als weltweit agierendes Unternehmen benötigen wir eine IT-Landschaft, die jederzeit reibungslos funktioniert, sich stets auf dem neuesten Stand der Technik befindet und sich an den Bedürfnissen unserer Kunden innerhalb der Unternehmen der Schwarz Gruppe orientiert. An der Schnittstelle zwischen Daten und IT erarbeiten wir tragfähige Lösungen, die maßgeblich und sichtbar zu unserem Erfolg . klicken sie bewerben, für die volle Stellenbeschreibung",5786593846,"{'tag': 'trade-construction-jobs', 'label': 'Stellen aus Handel & Bau', '__CLASS__': 'Adzuna::API::Response::Category'}",0,"{'area': ['Deutschland', 'Baden-Württemberg', 'Heilbronn (Kreis)', 'Bad Friedrichshall'], 'display_name': 'Bad Friedrichshall, Heilbronn (Kreis)', '__CLASS__': 'Adzuna::API::Response::Location'}",,,,
Adzuna::API::Response::Job,eyJhbGciOiJIUzI1NiJ9.eyJpIjoiNTc1MDM5MTg0NCIsInMiOiJURWtaT2kxNThSR3ZKTDZJQ0xhYXV3In0.2MWK9FkMCt3BerJZNl1xviApWH398avS9bkLHhEdx_I,https://www.adzuna.de/land/ad/5750391844?se=TEkZOi158RGvJL6ICLaauw&utm_medium=api&utm_source=a4bcf954&v=14922F225E74ED6DCC20A0AAA1A211B5D2C6A077,10.786696,"{'display_name': 'dx.one GmbH - A Volkswagen Group Company', '__CLASS__': 'Adzuna::API::Response::Company'}","Duales Studium Data Science&KI, Bachelor of Science, 2027",52.41453,2026-06-03T11:39:06Z,Auf einen Blick Studiengang: Data Science&KI Studienort: Duale Hochschule Baden-Württemberg Mannheim Studienbeginn: 1. Oktober 2027 (Wintersemester) Studiendauer: 3 Jahre Abschluss: Bachelor of Science (B.Sc.) Informationen unter: DHBW Data Science&KI Inhalte des dualen Studiums Du wolltest schon immer neues Wissen aus Daten gewinnen und innovative Anwendungen und Geschäftsmodelle kreieren? Dann ist dieses duale Studium genau das richtige für dich. In dem Studiengang Data Science&Künstliche Int…,5750391844,"{'__CLASS__': 'Adzuna::API::Response::Category', 'label': 'Teilzeitstellen', 'tag': 'part-time-jobs'}",0,"{'__CLASS__': 'Adzuna::API::Response::Location', 'display_name': 'Wolfsburg, Niedersachsen', 'area': ['Deutschland', 'Niedersachsen', 'Wolfsburg']}",,,,
Adzuna::API::Response::Job,eyJhbGciOiJIUzI1NiJ9.eyJpIjoiNTc1MDM5NzI4NyIsInMiOiJURWtaT2kxNThSR3ZKTDZJQ0xhYXV3In0.JNK-TWNMil5CfjWnAeeNd6Zs5hTpfcHofFo6GaZ6I14,https://www.adzuna.de/land/ad/5750397287?se=TEkZOi158RGvJL6ICLaauw&utm_medium=api&utm_source=a4bcf954&v=110DE8E37ED6B5E4544BEA7DC1D7B85CAA63F56A,9.2274,"{'display_name': 'Lidl', '__CLASS__': 'Adzuna::API::Response::Company'}",Duales Studium Data Science und KI - Smart Operations Management 2027,49.18975,2026-06-03T11:42:41Z,"Einleitung Eine gute Idee war der Ursprung, ein erfolgreiches Konzept ist das Ergebnis. Qualität zum guten Preis möglichst vielen Menschen anbieten zu können treibt uns an - mittlerweile weltweit, denn wir sind Lidl. Hier ist das berufliche Zuhause vielfältiger Talente. Ob im Einkauf, in der Logistik, im Warengeschäft oder in der IT; ob als Impulsgeber, Gestalter oder Dienstleister der Länder. Wir suchen Anpacker, Durchstarter, Möglichmacher und bieten spannende Aufgaben und Projekte in einem d…",5750397287,"{'label': 'Teilzeitstellen', 'tag': 'part-time-jobs', '__CLASS__': 'Adzuna::API::Response::Category'}",0,"{'display_name': 'Neckarsulm, Heilbronn (Kreis)', 'area': ['Deutschland', 'Baden-Württemberg', 'Heilbronn (Kreis)', 'Neckarsulm'], '__CLASS__': 'Adzuna::API::Response::Location'}",,,,
Adzuna::API::Response::Job,eyJhbGciOiJIUzI1NiJ9.eyJzIjoiVEVrWk9pMTU4Ukd2Skw2SUNMYWF1dyIsImkiOiI1NzY3MzI4OTU0In0.jIcCBJ2MM2l32_SGK1oG88dGt9pTO1-gvimm-EO-MCI,https://www.adzuna.de/land/ad/5767328954?se=TEkZOi158RGvJL6ICLaauw&utm_medium=api&utm_source=a4bcf954&v=D34C0F62A465DBD30DF42A788AD7309BCF9FF65B,8.412378,"{'display_name': 'dm-drogerie markt GmbH + Co. KG', '__CLASS__': 'Adzuna::API::Response::Company'}",Duales Studium Data Science und Künstliche Intelligenz (B. Sc.) 2027,49.001249,2026-06-18T01:08:56Z,"Bei dm und dmTECH sind wir der Überzeugung, dass die Digitalisierung unsere Welt und unser Kaufverhalten verändert. Dabei spielt künstliche Intelligenz eine wichtige Rolle. Schon heute setzen wir auf modernste Technologien, um intelligente Lösungen zu entwickeln. Hierfür suchen wir lösungsorientierte Persönlichkeiten mit analytischem und mathematischem Denkvermögen sowie Leidenschaft für innovative Technologien. Das klingt nach Dir? Dann lass uns gemeinsam handeln – mit Deinem dualen Studium Da…",5767328954,"{'tag': 'part-time-jobs', 'label': 'Teilzeitstellen', '__CLASS__': 'Adzuna::API::Response::Category'}",0,"{'__CLASS__': 'Adzuna::API::Response::Location', 'display_name': 'Karlsruhe, Karlsruhe (Kreis)', 'area': ['Deutschland', 'Baden-Württemberg', 'Karlsruhe (Kreis)', 'Karlsruhe']}",,,,
Adzuna::API::Response::Job,eyJhbGciOiJIUzI1NiJ9.eyJzIjoiVEVrWk9pMTU4Ukd2Skw2SUNMYWF1dyIsImkiOiI1NzUwMzY3MTQ0In0.2KcowFDhiv7PRrSACab4_dRzKHrjwAQLvES9wN7wP_w,https://www.adzuna.de/land/ad/5750367144?se=TEkZOi158RGvJL6ICLaauw&utm_medium=api&utm_source=a4bcf954&v=8CB174EA36FDBA800FC8F99266489F22C802FFD6,8.89711,"{'display_name': 'GELITA AG', '__CLASS__': 'Adzuna::API::Response::Company'}",Duales Studium Bachelor of Science - Data Science & Künstliche Intelligenz,49.44669,2026-06-03T11:34:56Z,Die GELITA-Unternehmensgruppe ist einer der führenden Hersteller von Kollagenproteinen weltweit und mit mehr als 2.900 Mitarbeitenden und 20 Standorten auf allen Kontinenten vertreten. Wir sind mit unserer globalen Präsenz im Markt für Gesundheit und Nahrungsergänzung genauso zu Hause wie in den Bereichen Pharmazie und Medizin. Darüber hinaus bieten wir mit unseren Produkten eine große Bandbreite an äußerst spannenden technologischen Anwendungen. Wir leben Innovation und folgen dabei konsequent…,5750367144,"{'__CLASS__': 'Adzuna::API::Response::Category', 'tag': 'part-time-jobs', 'label': 'Teilzeitstellen'}",0,"{'area': ['Deutschland', 'Hessen', 'Bergstraße (Kreis)', 'Hirschhorn (Neckar)'], 'display_name': 'Hirschhorn (Neckar), Bergstraße (Kreis)', '__CLASS__': 'Adzuna::API::Response::Location'}",,,,
Adzuna::API::Response::Job,eyJhbGciOiJIUzI1NiJ9.eyJzIjoiVEVrWk9pMTU4Ukd2Skw2SUNMYWF1dyIsImkiOiI1Nzg4MDEyMzExIn0.OjQPkbkod8uveoKMctCzQyyHn_fA8Q1dhR8tIAU3zYE,https://www.adzuna.de/land/ad/5788012311?se=TEkZOi158RGvJL6ICLaauw&utm_medium=api&utm_source=a4bcf954&v=D12C9D847E0E3801C1995FD284E5515DB87EF1FC,10.96603,"{'__CLASS__': 'Adzuna::API::Response::Company', 'display_name': 'HUK-COBURG Versicherungsgruppe'}",(Senior) Applied Scientist (Machine Learning) (w/m/d),50.25777,2026-07-04T14:55:42Z,"Hallo, lass uns WIR sagen! Im Data Analytics Team der HUK-COBURG transformieren wir Daten in echte Mehrwerte für über 13 Mio. Kund:innen. Als Deutschlands führende Kfz-Versicherung sind wir ein traditionsreiches und stabiles Unternehmen, welches zielgerichtet in Innovation und seine datengetriebene Zukunft investiert. Unsere agilen Data Analytics Teams setzen modernste Machine Learning und KI-Methoden ein, um Prozesse zu optimieren, faire Preise zu berechnen, Schäden digital und intelligent zu …",5788012311,"{'label': 'Stellen aus Wissenschaft & Qualitätssicherung', 'tag': 'scientific-qa-jobs', '__CLASS__': 'Adzuna::API::Response::Category'}",0,"{'area': ['Deutschland', 'Bayern', 'Coburg (Kreis)', 'Coburg'], 'display_name': 'Coburg, Coburg (Kreis)', '__CLASS__': 'Adzuna::API::Response::Location'}",,,,
Adzuna::API::Response::Job,eyJhbGciOiJIUzI1NiJ9.eyJzIjoiVEVrWk9pMTU4Ukd2Skw2SUNMYWF1dyIsImkiOiI1Nzg3MDQ2ODQ2In0.WHfnxopvyyXBtIv2EXsbH7qc7tqtuuOFJWJAePXnP30,https://www.adzuna.de/land/ad/5787046846?se=TEkZOi158RGvJL6ICLaauw&utm_medium=api&utm_source=a4bcf954&v=4962EF41E50E9015A1BDCDC05B4EB78A100C6562,13.420806,"{'__CLASS__': 'Adzuna::API::Response::Company', 'display_name': 'Hochschule für Technik und Wirtschaft Berlin  Campus Wilhelminenhof'}",Vertretungsprofessur 50 % (01.10.2026 bis 31.03.2028) Fachgebiet Industrial IoT und Data Science,52.507706,2026-07-03T21:32:22Z,"Mit über 16.000 Studierenden und 80 Studiengängen ist die Hochschule für Technik und Wirtschaft Berlin die größte Hochschule für Angewandte Wissenschaften der Stadt. Bei uns erwarten Sie abwechslungsreiche Herausforderungen und ein innovatives Umfeld, das von Menschen unterschiedlichster Herkunft, Qualifizierung und Prägung gekennzeichnet ist. Der Fachbereich 2: Ingenieurwissenschaften - Technik und Leben besetzt eine Vertretungsprofessur 50 % (01.10.2026 bis 31.03.2028) Fachgebiet Industrial I…",5787046846,"{'tag': 'it-jobs', 'label': 'IT-Stellen', '__CLASS__': 'Adzuna::API::Response::Category'}",0,"{'area': ['Deutschland', 'Berlin'], 'display_name': 'Berlin, Deutschland', '__CLASS__': 'Adzuna::API::Response::Location'}",,,,
Adzuna::API::Response::Job,eyJhbGciOiJIUzI1NiJ9.eyJpIjoiNTc4MjM0NzEwMCIsInMiOiJURWtaT2kxNThSR3ZKTDZJQ0xhYXV3In0.bqmih-o5SmGvfxtFUaWsUKsNySoSGsukFzMNlDqeJQo,https://www.adzuna.de/land/ad/5782347100?se=TEkZOi158RGvJL6ICLaauw&utm_medium=api&utm_source=a4bcf954&v=0CA511DB544B8EDA5E7C99E0B7BFEA3AEECAB136,7.112412,"{'__CLASS__': 'Adzuna::API::Response::Company', 'display_name': 'Bundesinstitut für Bau-, Stadt- und Raumforschung '}",Wissenschaftliche Mitarbeiterin / wissenschaftlicher Mitarbeiter (w/m/d) mit dem Ziel der Promotion im Bereich Spatial Data Science,50.71942,2026-06-30T20:44:08Z,"Das Bundesinstitut für Bau-, Stadt- und Raum­forschung (BBSR) sucht für das Referat RS 1 „Raumentwicklung“ in Bonn zum nächst­möglichen Zeitpunkt befristet auf drei Jahre eine / einen wissenschaftliche Mitarbeiterin / wissenschaftlichen Mitarbeiter (w/m/d) mit dem Ziel der Promotion im Bereich Spatial Data Science Knr. 188.1-25 Ver­gütung E 13 TVöD Beschäftigungs­art befristet auf drei Jahre Wochen­stunden 39h Arbeits­ort Bonn Bewerbungs­frist 26.07.2026 Das BBSR im Bundesamt für Bauwesen und R…",5782347100,"{'__CLASS__': 'Adzuna::API::Response::Category', 'tag': 'unknown', 'label': 'Unknown'}",0,"{'area': ['Deutschland', 'Nordrhein-Westfalen', 'Bonn'], 'display_name': 'Bonn, Nordrhein-Westfalen', '__CLASS__': 'Adzuna::API::Response::Location'}",,,,
Adzuna::API::Response::Job,eyJhbGciOiJIUzI1NiJ9.eyJpIjoiNTc4MjM0NzEwMyIsInMiOiJURWtaT2kxNThSR3ZKTDZJQ0xhYXV3In0.P4WL-Zf6TNQehFPd-45ZaQzng0TKXXqptfvNP4Y1UIU,https://www.adzuna.de/land/ad/5782347103?se=TEkZOi158RGvJL6ICLaauw&utm_medium=api&utm_source=a4bcf954&v=F6639F7205191E107E8407F376FE99EC04D52F6F,7.112412,"{'display_name': 'Bundesinstitut für Bau-, Stadt- und Raumforschung ', '__CLASS__': 'Adzuna::API::Response::Company'}",Wissenschaftliche Mitarbeiterin / Wissenschaftlicher Mitarbeiter (w/m/d) mit dem Ziel der Promotion im Bereich Spatial Data Science,50.71942,2026-06-30T20:44:08Z,"Das Bundesinstitut für Bau-, Stadt- und Raumforschung (BBSR) sucht für das Referat RS 1 „Raumentwicklung“ in Bonn zum nächst­möglichen Zeit­punkt befristet auf drei Jahre eine / einen wissenschaftliche Mitarbeiterin / wissenschaftlichen Mitarbeiter (w/m/d) mit dem Ziel der Promotion im Bereich Spatial Data Science Knr. 054.3-25 Ver­gütung E 13 TVöD Beschäftigungs­art befristet auf drei Jahre Wochen­stunden 39h Arbeits­ort Bonn Bewerbungs­frist 26.07.2026 Das BBSR im Bundesamt für Bauwesen und R…",5782347103,"{'__CLASS__': 'Adzuna::API::Response::Category', 'label': 'Unknown', 'tag': 'unknown'}",0,"{'area': ['Deutschland', 'Nordrhein-Westfalen', 'Bonn'], 'display_name': 'Bonn, Nordrhein-Westfalen', '__CLASS__': 'Adzuna::API::Response::Location'}",,,,
Adzuna::API::Response::Job,eyJhbGciOiJIUzI1NiJ9.eyJzIjoiVEVrWk9pMTU4Ukd2Skw2SUNMYWF1dyIsImkiOiI1Nzc1ODIwODQ3In0.cLI3GwwJTWBv_sSrpHa1ovV8_wKAZs2XOBz5IBJw9WU,https://www.adzuna.de/land/ad/5775820847?se=TEkZOi158RGvJL6ICLaauw&utm_medium=api&utm_source=a4bcf954&v=1F9725DFC3682D2ACD54DEB39E7688E49AFC9EF7,10.10558,"{'__CLASS__': 'Adzuna::API::Response::Company', 'display_name': 'ZEISS'}",Praktikum in Operational Data Governance (m/w/x),48.78408,2026-06-25T07:59:49Z,"Als Student arbeitest Du mit Deinen Kolleginnen und Kollegen auf Augenhöhe und schaffst ideale Voraussetzungen für Deine spätere Karriere. Sich etwas Neues trauen, über sich hinauswachsen und dabei die Grenzen des Machbaren neu deﬁnieren. Genau das ist es, was unsere Mitarbeitenden täglich leben dürfen und sollen. Um mit unseren Innovationen das Tempo vorzugeben und Großartiges zu ermöglichen. Denn hinter jedem erfolgreichen Unternehmen stehen eine ganze Menge faszinierender Menschen. Die Mitar…",5775820847,"{'label': 'Unknown', 'tag': 'unknown', '__CLASS__': 'Adzuna::API::Response::Category'}",0,"{'area': ['Deutschland', 'Baden-Württemberg', 'Ostalbkreis', 'Oberkochen'], 'display_name': 'Oberkochen, Ostalbkreis', '__CLASS__': 'Adzuna::API::Response::Location'}",,,,
Adzuna::API::Response::Job,eyJhbGciOiJIUzI1NiJ9.eyJpIjoiNTc3MjY4Mzg0NSIsInMiOiJURWtaT2kxNThSR3ZKTDZJQ0xhYXV3In0.ARGbZnYMe1Ux9VaIMZyOL_G1edOQXNVNJeb0djxv_g4,https://www.adzuna.de/land/ad/5772683845?se=TEkZOi158RGvJL6ICLaauw&utm_medium=api&utm_source=a4bcf954&v=50FE97D35974E2F12ADEA3E765D8D6472596D0BA,9.53748,"{'__CLASS__': 'Adzuna::API::Response::Company', 'display_name': 'Festool Group'}",Praktkium Produktion: Digitalisierung der Produktion (WiSe 26/27),48.61572,2026-06-22T18:29:03Z,"Jedes Werkzeug kann immer nur so gut sein wie der Mensch, der dahintersteckt. Deshalb suchen wir bei der Festool Group Mitarbeitende, die gemeinsam mit ihren 3.000 Kolleginnen und Kollegen weltweit etwas bewegen wollen. Tauche ein in unsere Welt - und erlebe, wie stolz es macht, in einem Familienunternehmen die besten Elektrowerkzeuge der Welt zu bauen. Aufgaben Anwendung von Data-Mining-Methoden zur datengetriebenen Optimierung von Prozessen im Smart-Factory-Umfeld Entwicklung und Nutzung von …",5772683845,"{'__CLASS__': 'Adzuna::API::Response::Category', 'label': 'Unknown', 'tag': 'unknown'}",0,"{'display_name': 'Weilheim an der Teck, Esslingen (Kreis)', 'area': ['Deutschland', 'Baden-Württemberg', 'Esslingen (Kreis)', 'Weilheim an der Teck'], '__CLASS__': 'Adzuna::API::Response::Location'}",,,,
Adzuna::API::Response::Job,eyJhbGciOiJIUzI1NiJ9.eyJzIjoiVEVrWk9pMTU4Ukd2Skw2SUNMYWF1dyIsImkiOiI1Nzc5NTk3MDM1In0.weZziNbKbQbFNfNIi1JQ1_rlFeQevZZrK-Cfm2ya5Oo,https://www.adzuna.de/land/ad/5779597035?se=TEkZOi158RGvJL6ICLaauw&utm_medium=api&utm_source=a4bcf954&v=57CAC761ACC0CB746DB546B2E7E71C2DA0EC9430,8.63966,"{'__CLASS__': 'Adzuna::API::Response::Company', 'display_name': 'Fresenius SE&Co. KGaA'}",Duales Studium – Data Science und Künstliche Intelligenz (m/w/d) 2027,50.21936,2026-06-28T01:17:07Z,"Einleitung: Duales Studium – Data Science und Künstliche Intelligenz (m/w/d) 2027 Du bist fasziniert von der Welt der Daten und IT? Du möchtest aktiv dazu beitragen, komplexe Datensätze zu analysieren, um wertvolle Erkenntnisse zu gewinnen und innovative Lösungen zu entwickeln? Daten sind für dich nicht nur Rohmaterial, sondern das Fundament für die digitale Transformation – eine Quelle für relevante Erkenntnisse und die Basis für zukunftsweisende Entwicklungen in Wissenschaft, Wirtschaft und T…",5779597035,"{'__CLASS__': 'Adzuna::API::Response::Category', 'label': 'Teilzeitstellen', 'tag': 'part-time-jobs'}",0,"{'display_name': 'Bad Homburg vor der Höhe, Hochtaunuskreis', 'area': ['Deutschland', 'Hessen', 'Hochtaunuskreis', 'Bad Homburg vor der Höhe'], '__CLASS__': 'Adzuna::API::Response::Location'}",,,,
Adzuna::API::Response::Job,eyJhbGciOiJIUzI1NiJ9.eyJpIjoiNTc1MDM2MDM4NSIsInMiOiJURWtaT2kxNThSR3ZKTDZJQ0xhYXV3In0.8YHitT1hc4n4w1deDZ7znlXoGjSszbjRn58UuT6AMb8,https://www.adzuna.de/land/ad/5750360385?se=TEkZOi158RGvJL6ICLaauw&utm_medium=api&utm_source=a4bcf954&v=D0DF4373E4704CC85E24991C16B79454A4AE637D,11.555737,"{'display_name': 'ASMPT GmbH & Co. KG', '__CLASS__': 'Adzuna::API::Response::Company'}",Dualer Student (m/w/d) - Data Science & Scientific Computing Bachelor,48.137418,2026-06-03T11:34:00Z,"Willkommen bei ASMPT. Hier bist du auf dem direkten Weg in das digitale Zeitalter. Mit 12.000 Mitarbeitenden weltweit sind wir technologischer Prozesspartner für die Elektronikindustrie und brennen für innovative Automatisierungsstrategien am Puls der Zeit. Mit unseren smarten Lösungen fordern unsere passionierten Teams den technischen Status quo immer wieder heraus und setzen so neue Maßstäbe für die Fertigung von Smartphones, Computern, Netzwerken, autonomen Fahrzeugen, intelligenten Maschine…",5750360385,"{'label': 'Teilzeitstellen', 'tag': 'part-time-jobs', '__CLASS__': 'Adzuna::API::Response::Category'}",0,"{'display_name': 'München, München (Kreis)', 'area': ['Deutschland', 'Bayern', 'München (Kreis)', 'München'], '__CLASS__': 'Adzuna::API::Response::Location'}",,,,
Adzuna::API::Response::Job,eyJhbGciOiJIUzI1NiJ9.eyJzIjoiVEVrWk9pMTU4Ukd2Skw2SUNMYWF1dyIsImkiOiI1NzUwMzYyOTIxIn0.3wyHxdtG0YvW6T1b28JD0c8NDzayr67kiq4nBURHPO4,https://www.adzuna.de/land/ad/5750362921?se=TEkZOi158RGvJL6ICLaauw&utm_medium=api&utm_source=a4bcf954&v=E84F6EEC0CB47ED775BAB73AC577FD0E99F85045,8.412378,"{'__CLASS__': 'Adzuna::API::Response::Company', 'display_name': 'Bosch Gruppe'}",Bachelor of Science (B.Sc.) Studiengang: Data Science und Künstliche Intelligenz,49.001249,2026-06-03T11:34:21Z,"Bosch gehört zu den weltweit führenden Zulieferern der Automobilindustrie. Am Standort Karlsruhe ist die Zentrale des Bosch Geschäftsbereichs Mobility Aftermarket mit Vertriebszentrum. Unser Logistikzentrum besticht durch innovative Technologien und setzt Standards in der Arbeitsorganisation, im Transport und Umweltschutz. Zusammen mit unseren flexiblen Arbeitszeitmodellen sind wir der Maßstab in der Distributionslogistik im Mobility Aftermarket und wir stehen für Innovationen für Menschen, Ges…",5750362921,"{'label': 'Teilzeitstellen', 'tag': 'part-time-jobs', '__CLASS__': 'Adzuna::API::Response::Category'}",0,"{'__CLASS__': 'Adzuna::API::Response::Location', 'area': ['Deutschland', 'Baden-Württemberg', 'Karlsruhe (Kreis)', 'Karlsruhe'], 'display_name': 'Karlsruhe, Karlsruhe (Kreis)'}",,,,
Adzuna::API::Response::Job,eyJhbGciOiJIUzI1NiJ9.eyJpIjoiNTc2NjcwNjI2NSIsInMiOiJURWtaT2kxNThSR3ZKTDZJQ0xhYXV3In0.69o5RNuy_LGbC6OPCWFWbD2mEP_kjvhjDFKCzxoJjDs,https://www.adzuna.de/land/ad/5766706265?se=TEkZOi158RGvJL6ICLaauw&utm_medium=api&utm_source=a4bcf954&v=66F0723CBAA37A63EAA8BB4C63A95584B42DD6A8,10.984506,"{'display_name': 'Siemens Healthineers AG', '__CLASS__': 'Adzuna::API::Response::Company'}",Duales Bachelorstudium Data Science in Technik und Wirtschaft (B.Eng.) - Erlangen/Forchheim,49.577521,2026-06-17T13:17:48Z,"Dein Berufsbild: Du magst Mathe und möchtest später etwas mit Daten machen? Dich faszinieren datengestützte Tools, wie ChatGPT, und du kennst deren große Chance für die Zukunft? Dann bewirb dich für das duale Studium B.Eng. Data Science in Technik und Wirtschaft und entdecke mit uns, wie wir die Welt der Medizintechnik durch datenbasierte Entscheidungen verändern können. Daten sind eines der Fundamente, damit Unternehmen bestmögliche Entscheidungen treffen können. Im Studiengang B.Eng. Data Sci…",5766706265,"{'__CLASS__': 'Adzuna::API::Response::Category', 'label': 'Teilzeitstellen', 'tag': 'part-time-jobs'}",0,"{'area': ['Deutschland', 'Bayern', 'Erlangen'], 'display_name': 'Erlangen, Bayern', '__CLASS__': 'Adzuna::API::Response::Location'}",,,,
Adzuna::API::Response::Job,eyJhbGciOiJIUzI1NiJ9.eyJzIjoiVEVrWk9pMTU4Ukd2Skw2SUNMYWF1dyIsImkiOiI1NzUwMzU0ODc2In0.VL4DmxnQulE0C1ClMlwjybM5K86eN-PsZHXAQKV-df4,https://www.adzuna.de/land/ad/5750354876?se=TEkZOi158RGvJL6ICLaauw&utm_medium=api&utm_source=a4bcf954&v=B7897960DB0F3C04E51F5168E57D68399BCD72F2,6.93125,"{'display_name': 'HDI AG', '__CLASS__': 'Adzuna::API::Response::Company'}",Duales Studium Angewandte Künstliche Intelligenz (M.Sc.) - Einstieg Data Science,51.16672,2026-06-03T11:33:03Z,"Deine Aufgaben Du möchtest nicht nur Daten analysieren, sondern verstehen, wie aus Daten wertvolle Erkenntnisse entstehen, die die digitale Zukunft der HDI Group gestalten? Die 31-monatige IT-Ausbildung kombiniert praktische Arbeit im Bereich Data Science mit theoretischem Wissen, das Du im Studiengang ""Angewandte Künstliche Intelligenz"" an der FHDW in Mettmann erwirbst. Du arbeitest an spannenden Projekten rund um AI, GenAI, Machine Learning, und Cloud-Services. Du entwickelst Lösungen, die un…",5750354876,"{'label': 'Teilzeitstellen', 'tag': 'part-time-jobs', '__CLASS__': 'Adzuna::API::Response::Category'}",0,"{'__CLASS__': 'Adzuna::API::Response::Location', 'area': ['Deutschland', 'Nordrhein-Westfalen', 'Düsseldorf', 'Hilden'], 'display_name': 'Hilden, Düsseldorf'}",,,,
Adzuna::API::Response::Job,eyJhbGciOiJIUzI1NiJ9.eyJzIjoiVEVrWk9pMTU4Ukd2Skw2SUNMYWF1dyIsImkiOiI1NzUwMzcwNjg4In0.7fyB-34Mdl3j7dGg7rz_9Rf5OuWHkA9rgv1AN_VnVdc,https://www.adzuna.de/land/ad/5750370688?se=TEkZOi158RGvJL6ICLaauw&utm_medium=api&utm_source=a4bcf954&v=123EC30EB07740DE1D7B8FC6C6CCA29F5A58DB25,9.18451,"{'display_name': 'Wüstenrot & Württembergische-Gruppe', '__CLASS__': 'Adzuna::API::Response::Company'}",Bachelor of Science (m/w/d) - Wirtschaftsinformatik - Studiengang Data Science,48.86157,2026-06-03T11:35:23Z,"Inhalte und Aufgaben Ein praxisorientiertes Studium in Verbindung mit der Duale Hochschule Baden-Württemberg in Stuttgart, bei dem Sie die theoretischen Studieninhalte direkt on the job anwenden können Softwareentwicklung mit Open Source/Java, Pega, SAP oder SAS: Wir machen Sie fit für die digitalen Anforderungen der Zukunft Server, Netze und Datenbanken sind Ihre neuen Tools, die Sie verstehen und einzusetzen lernen Agile Arbeitsmethoden, Business-Analyse. Data Science, UI/UX-Design bis hin zu…",5750370688,"{'tag': 'part-time-jobs', 'label': 'Teilzeitstellen', '__CLASS__': 'Adzuna::API::Response::Category'}",0,"{'area': ['Deutschland', 'Baden-Württemberg', 'Ludwigsburg (Kreis)', 'Kornwestheim'], 'display_name': 'Kornwestheim, Ludwigsburg (Kreis)', '__CLASS__': 'Adzuna::API::Response::Location'}",,,,
Adzuna::API::Response::Job,eyJhbGciOiJIUzI1NiJ9.eyJzIjoiVEVrWk9pMTU4Ukd2Skw2SUNMYWF1dyIsImkiOiI1Nzg0NjI0MDMwIn0.Co2KEZCn7FY8SXqHfJXj0_OJdTyhD5wZ3478nYyLxPA,https://www.adzuna.de/land/ad/5784624030?se=TEkZOi158RGvJL6ICLaauw&utm_medium=api&utm_source=a4bcf954&v=CDF8A0C90450F82B412FB51139BC443F839DB477,7.94837,"{'display_name': 'EDEKA Südwest Stiftung&Co. KG', '__CLASS__': 'Adzuna::API::Response::Company'}",Duales Studium: Data Science und Künstliche Intelligenz (m/w/d) - 2027,48.42392,2026-07-02T02:07:53Z,"Mit rund 46.000 Mitarbeitenden sowie rund 3.000 Auszubildenden in über 40 Ausbildungsberufen und dualen Studiengängen im Einzelhandel, Großhandel und in der Produktion sind wir einer der größten Arbeitgeber der Region. Rund 1.100 Märkte, sechs Logistikzentren und sechs Produktionsbetriebe in fünf Bundesländern gehören zu EDEKA Südwest. Was macht man da aus sich? Im Fokus steht der reibungslose Fluss von Informationen innerhalb des Unternehmens. Schon während des Studiums betreust du selbstständ…",5784624030,"{'tag': 'part-time-jobs', 'label': 'Teilzeitstellen', '__CLASS__': 'Adzuna::API::Response::Category'}",0,"{'__CLASS__': 'Adzuna::API::Response::Location', 'display_name': 'Offenburg, Ortenaukreis', 'area': ['Deutschland', 'Baden-Württemberg', 'Ortenaukreis', 'Offenburg']}",,,,
Adzuna::API::Response::Job,eyJhbGciOiJIUzI1NiJ9.eyJzIjoiVEVrWk9pMTU4Ukd2Skw2SUNMYWF1dyIsImkiOiI1NzUwMzY0NjI2In0.EMLeIk_CapBStYVcNOGCM7oebTaZdbGANU5inWNRW64,https://www.adzuna.de/land/ad/5750364626?se=TEkZOi158RGvJL6ICLaauw&utm_medium=api&utm_source=a4bcf954&v=39C2F48BE2EC7A686C8B82BDE22216F2972413C1,8.77577,"{'display_name': 'allsafe GmbH & Co. KG', '__CLASS__': 'Adzuna::API::Response::Company'}",Duales Studium Bachelor of Science - Informatik / Wirtschaftsinformatik / Data Science & KI,47.85762,2026-06-03T11:34:37Z,"Das bieten wir: - Mitverantwortung im Tagessgeschäft und eigenverantwortliche Umsetzung von Studenten-Projekten - Work-Life-Balance dank flexiblem Arbeitszeitenmodell - Mitwirkung auf unseren Social-Media-Kanälen (Instagram, Facebook, TikTok, Youtube, ) - Kollegialer Umgang und offene Kommunikation mit Kollegen - Kaffeeecke, Tischtennis, Tischkicker, Lese-Ecke, Cafeteria, Terrasse, … wenn du mal eine Pause brauchst - Finanzielle Unterstützung beim Auslandspraktikum - betriebliche Zusatzkrankenv…",5750364626,"{'tag': 'part-time-jobs', 'label': 'Teilzeitstellen', '__CLASS__': 'Adzuna::API::Response::Category'}",0,"{'__CLASS__': 'Adzuna::API::Response::Location', 'area': ['Deutschland', 'Baden-Württemberg', 'Konstanz (Kreis)', 'Engen'], 'display_name': 'Engen, Konstanz (Kreis)'}",,,,
Adzuna::API::Response::Job,eyJhbGciOiJIUzI1NiJ9.eyJpIjoiNTc2NjkwNTk5MyIsInMiOiJURWtaT2kxNThSR3ZKTDZJQ0xhYXV3In0.RTML39BLj0Tb5e-Q6O0exmbQKziYQEFaxbOShmzYq6M,https://www.adzuna.de/land/ad/5766905993?se=TEkZOi158RGvJL6ICLaauw&utm_medium=api&utm_source=a4bcf954&v=1DB2FDDB366CE479F04F5233972C3459DD2D14B5,6.947305,"{'__CLASS__': 'Adzuna::API::Response::Company', 'display_name': 'Salzgitter Mannesmann Handel GmbH'}",Spezialist Vertriebssteuerung Data Analytics & EDI (m/w/d),51.432764,2026-06-17T17:46:33Z,"Die Salzgitter AG gehört mit rund 9 Mrd. Euro Außenumsatz und mehr als 22.000 Mitarbeitenden zu den führenden Stahl- und Technologiekonzernen in Europa und hat sich zum Ziel gemacht, die Dekarbonisierung der Stahlindustrie voranzutreiben. Als leistungsstarkes Tochterunternehmen des internationalen Industriekonzerns konnte die Salzgitter Mannesmann Stahlhandel GmbH ihre herausgehobene Position als Vollsortimenter im Stahlhandel in den letzten Jahren bundesweit und international erfolgreich ausba…",5766905993,"{'__CLASS__': 'Adzuna::API::Response::Category', 'tag': 'sales-jobs', 'label': 'Vertriebsstellen'}",0,"{'__CLASS__': 'Adzuna::API::Response::Location', 'area': ['Deutschland', 'Nordrhein-Westfalen', 'Mülheim an der Ruhr'], 'display_name': 'Mülheim an der Ruhr, Nordrhein-Westfalen'}",,,,
Adzuna::API::Response::Job,eyJhbGciOiJIUzI1NiJ9.eyJzIjoiVEVrWk9pMTU4Ukd2Skw2SUNMYWF1dyIsImkiOiI1Nzg1NjkxNjExIn0.BupQF59w7H4rqDlIj-ij2GBF--0M6CBan7FlKmDMQwM,https://www.adzuna.de/land/ad/5785691611?se=TEkZOi158RGvJL6ICLaauw&utm_medium=api&utm_source=a4bcf954&v=F6D2D169808DF55DF594E349BED24D0130B66831,9.21629,"{'display_name': 'Schwarz Digits', '__CLASS__': 'Adzuna::API::Response::Company'}",Duales Studium Wirtschaftsinformatik 2027 Neckarsulm (m/w/d),49.2291,2026-07-02T19:37:57Z,"Als weltweit agierendes Unternehmen benötigen wir eine IT-Landschaft, die jederzeit reibungslos funktioniert, sich stets auf dem neuesten Stand der Technik befindet und sich an den Bedürfnissen unserer Kunden innerhalb den Unternehmen der Schwarz Gruppe orientiert. An der Schnittstelle zwischen BWL und IT erarbeiten wir tragfähige Lösungen, die maßgeblich und sichtbar zu unserem Erfolg beitragen. {Programmbeginn:} 01.09.2027 mit dem Begrüßungsmonat {Studienbeginn:} 01.10.2027 {Studiendauer:} 3 …",5785691611,"{'label': 'Unknown', 'tag': 'unknown', '__CLASS__': 'Adzuna::API::Response::Category'}",0,"{'area': ['Deutschland', 'Baden-Württemberg', 'Heilbronn (Kreis)', 'Bad Friedrichshall'], 'display_name': 'Bad Friedrichshall, Heilbronn (Kreis)', '__CLASS__': 'Adzuna::API::Response::Location'}",,,,
Adzuna::API::Response::Job,eyJhbGciOiJIUzI1NiJ9.eyJzIjoiVEVrWk9pMTU4Ukd2Skw2SUNMYWF1dyIsImkiOiI1NzcyNjg0NTczIn0.9p6j1PNNWN0yUJyo-5HMMZT2grkIHgaIR4IDsexI8Jw,https://www.adzuna.de/land/ad/5772684573?se=TEkZOi158RGvJL6ICLaauw&utm_medium=api&utm_source=a4bcf954&v=5849D53A72FF2E2A9EB7DF9496A61F08E8D6A393,7.32173,"{'display_name': 'E.M.P. Merchandising Handelsges. mbH ', '__CLASS__': 'Adzuna::API::Response::Company'}",Pricing Manager*,52.51987,2026-06-22T18:29:14Z,Zur Verstärkung unseres Teams suchen wir zum nächstmöglichen Zeitpunkt einen Pricing Manager* Aufgaben Verantwortung für die Verkaufspreis-Steuerung über alle Webshops hinweg — ab dem vom Einkauf gesetzten Initialpreis Steuerung einer wettbewerbsbasierten Preisstrategie (Competitive Pricing) auf Basis der vorhandenen Wettbewerbspreis-Daten Verantwortung für dynamische Pricing-Logiken (Dynamic Pricing) zur Optimierung von Absatz und Deckungsbeitrag Planung und Steuerung saisonaler Abverkäufe und…,5772684573,"{'__CLASS__': 'Adzuna::API::Response::Category', 'tag': 'accounting-finance-jobs', 'label': 'Stellen aus Buchhaltung & Finanzwesen'}",0,"{'area': ['Deutschland', 'Niedersachsen', 'Emsland (Kreis)', 'Lingen (Ems)', 'Lingen'], 'display_name': 'Lingen, Lingen (Ems)', '__CLASS__': 'Adzuna::API::Response::Location'}",,,,
Adzuna::API::Response::Job,eyJhbGciOiJIUzI1NiJ9.eyJzIjoiVEVrWk9pMTU4Ukd2Skw2SUNMYWF1dyIsImkiOiI1NzU5NjQ4OTc2In0.ltAnt8UcHLcmmEDZK5WcJjum22jGZam3Xpl6oZWxAdo,https://www.adzuna.de/land/ad/5759648976?se=TEkZOi158RGvJL6ICLaauw&utm_medium=api&utm_source=a4bcf954&v=33212A0D222E7E4896C5A784743E5575E7D70FB8,6.808387,"{'display_name': 'ERGO Group AG', '__CLASS__': 'Adzuna::API::Response::Company'}",Gruppenleiter Pricing & Market Analytics (m/w/d),51.226802,2026-06-11T09:07:20Z,"ERGO ist eine der größten Versicherungsgruppen in Deutschland und Europa. Wir bieten ein dynamisches Umfeld und herausfordernde Aufgaben in vielfältigen Projekten - an denen Sie weiter wachsen können. Gehen Sie mit uns neue Wege! Unser gemeinsames Ziel: unseren Kunden genau das zu bieten, was sie brauchen. Gruppenleiter Pricing & Market Analytics (m/w/d) Standort Düsseldorf, Deutschland Job ID ERGO02775 Jobtyp Vollzeit oder Teilzeit Unternehmen ERGO Deutschland Arbeitsmodus Hybrid Beschäftigung…",5759648976,"{'__CLASS__': 'Adzuna::API::Response::Category', 'tag': 'unknown', 'label': 'Unknown'}",0,"{'__CLASS__': 'Adzuna::API::Response::Location', 'area': ['Deutschland', 'Nordrhein-Westfalen', 'Düsseldorf'], 'display_name': 'Düsseldorf, Nordrhein-Westfalen'}",,,,
Adzuna::API::Response::Job,eyJhbGciOiJIUzI1NiJ9.eyJzIjoiVEVrWk9pMTU4Ukd2Skw2SUNMYWF1dyIsImkiOiI1NzY3MzI4OTUzIn0.GECTu5QadivQcE5A8zGy2tQT2v8XUDimHny9axoj5YY,https://www.adzuna.de/land/ad/5767328953?se=TEkZOi158RGvJL6ICLaauw&utm_medium=api&utm_source=a4bcf954&v=958EB314919057C73F9E1CF6996FB866EE6E6089,9.37738,"{'display_name': 'Festool Group', '__CLASS__': 'Adzuna::API::Response::Company'}",Duales Studium - Wirtschaftsinformatik Data Science (B. Sc. m/w/d) 2027,48.67129,2026-06-18T01:08:56Z,"Das kannst Du von uns erwarten: Technik und Wirtschaft gehören für Dich zusammen? Du begeisterst Dich für Informationstechnologien ebenso wie fürökonomische Zusammenhänge und möchtest Theorie direkt in der Praxis anwenden? Dann ist das Duale Studium Wirtschaftsinformatik mit Schwerpunkt Data Science– in Kooperation mit der Dualen Hochschule Baden-Württemberg (DHBW) in Stuttgart– genau das Richtige für Dich. Kennenlernen innovativer IT-Systeme, moderner Datenanalyseverfahren sowie deren Einsatz …",5767328953,"{'__CLASS__': 'Adzuna::API::Response::Category', 'label': 'Teilzeitstellen', 'tag': 'part-time-jobs'}",0,"{'display_name': 'Wendlingen am Neckar, Esslingen (Kreis)', 'area': ['Deutschland', 'Baden-Württemberg', 'Esslingen (Kreis)', 'Wendlingen am Neckar'], '__CLASS__': 'Adzuna::API::Response::Location'}",,,,
Adzuna::API::Response::Job,eyJhbGciOiJIUzI1NiJ9.eyJpIjoiNTc1MDM5MjM0NSIsInMiOiJURWtaT2kxNThSR3ZKTDZJQ0xhYXV3In0.hvVGN5-zLDSNX1YSCbpbfrMP50J6fNoYCnaHFxKvdZQ,https://www.adzuna.de/land/ad/5750392345?se=TEkZOi158RGvJL6ICLaauw&utm_medium=api&utm_source=a4bcf954&v=BB24CAAFBE97C01E8B71480D53D62C30FA0721EC,8.393718,"{'__CLASS__': 'Adzuna::API::Response::Company', 'display_name': 'BASF'}",Duales Studium (B.Sc.) - Data Science und Künstliche Intelligenz (m/w/d),49.486443,2026-06-03T11:39:11Z,"ÜBER UNS Wir bei BASF Digital Solutions machen die Digitalisierung der BASF möglich. Als deutsche Gruppengesellschaft der BASF mit Sitz in Ludwigshafen und Standorten wie Madrid, Schwarzheide beschäftigt die BASF Digital Solutions GmbH rund 1.700 Mitarbeiter. Digitalisierung ist einer der Schwerpunkte der neuen Unternehmensstrategie von BASF. In agilen Teams wollen wir neue digitale Lösungen einführen, die für unseren Kunden einen klaren Mehrwert darstellen. Alle relevanten Informationen zu dei…",5750392345,"{'tag': 'part-time-jobs', 'label': 'Teilzeitstellen', '__CLASS__': 'Adzuna::API::Response::Category'}",0,"{'__CLASS__': 'Adzuna::API::Response::Location', 'area': ['Deutschland', 'Rheinland-Pfalz', 'Ludwigshafen am Rhein'], 'display_name': 'Ludwigshafen am Rhein, Rheinland-Pfalz'}",,,,
Adzuna::API::Response::Job,eyJhbGciOiJIUzI1NiJ9.eyJzIjoiVEVrWk9pMTU4Ukd2Skw2SUNMYWF1dyIsImkiOiI1NzUwMzU4NDgzIn0.c3KdB7seApLNR_KIBCu6-GyYAm7KxvuWL1E92oS_iuA,https://www.adzuna.de/land/ad/5750358483?se=TEkZOi158RGvJL6ICLaauw&utm_medium=api&utm_source=a4bcf954&v=E7D6BD682D593476A95C23C277F782F8D43EB095,11.555737,"{'display_name': 'Bayerische Landesbank ', '__CLASS__': 'Adzuna::API::Response::Company'}",Hochschule München: Duales Studium Data Science und Scientific Computing (B.Sc.) 2027,48.137418,2026-06-03T11:33:42Z,"Wir alle haben als Kinder davon geträumt, Großes zu bewirken – ob als gute Feen, Stars im Rampenlicht oder Weltraumreisende im All. Höchste Zeit, dass diese Träume wahr werden! Dein Traumschiff? Die BayernLB! Bei uns steuern wir einer blühenden Zukunft entgegen und kämpfen als Fortschrittsfinanzierer für die Welt von morgen. Unsere Feenflügel und Raumanzüge haben wir abgelegt. Nicht aber unsere Ziele. Denen sind wir näher denn je. Als Spezialbank fokussieren wir uns auf ausgesuchte Zukunftssekt…",5750358483,"{'label': 'Teilzeitstellen', 'tag': 'part-time-jobs', '__CLASS__': 'Adzuna::API::Response::Category'}",0,"{'__CLASS__': 'Adzuna::API::Response::Location', 'area': ['Deutschland', 'Bayern', 'München (Kreis)', 'München'], 'display_name': 'München, München (Kreis)'}",,,,
Adzuna::API::Response::Job,eyJhbGciOiJIUzI1NiJ9.eyJpIjoiNTc4MDM1MzM0NiIsInMiOiJURWtaT2kxNThSR3ZKTDZJQ0xhYXV3In0.MjwFjUQTy49qaOFzt_WNYxw3zAYzk2QbcGn7yNpQhXk,https://www.adzuna.de/land/ad/5780353346?se=TEkZOi158RGvJL6ICLaauw&utm_medium=api&utm_source=a4bcf954&v=8EDD2F277FD6075C0624F7A3E612D4B0CE871212,8.412378,"{'__CLASS__': 'Adzuna::API::Response::Company', 'display_name': '1&1'}",Werkstudent (w/m/d) - Shop Operations,49.001249,2026-06-28T18:24:17Z,"1&1 gehört mit über 3.100 Mitarbeitenden und fast 16 Millionen Kundenverträgen zu den führenden Telekommunikationsanbietern in Deutschland. Mit Pioniergeist, ungewöhnlichen Ideen und kreativen Teams haben wir eine führende Marktstellung im Mobilfunk und bei Breitband-Anschlüssen erobert. Durch die Kombination des über 67.000 km langen 1&1 Glasfasernetzes und regionalen Netzen schaffen wir das weitreichendste Glasfasernetz Deutschlands. Außerdem bauen wir das modernste 5G-Netz Europas, auf der B…",5780353346,"{'label': 'Unknown', 'tag': 'unknown', '__CLASS__': 'Adzuna::API::Response::Category'}",0,"{'display_name': 'Karlsruhe, Karlsruhe (Kreis)', 'area': ['Deutschland', 'Baden-Württemberg', 'Karlsruhe (Kreis)', 'Karlsruhe'], '__CLASS__': 'Adzuna::API::Response::Location'}",,,,
Adzuna::API::Response::Job,eyJhbGciOiJIUzI1NiJ9.eyJpIjoiNTc0Mjc4NTg3MiIsInMiOiJURWtaT2kxNThSR3ZKTDZJQ0xhYXV3In0._Qjedam3k3T4N5gQYV_HbfSO7_X0_WJkiQt22lNkLTo,https://www.adzuna.de/land/ad/5742785872?se=TEkZOi158RGvJL6ICLaauw&utm_medium=api&utm_source=a4bcf954&v=E7170B9BCB3B324C6E8B65741C857494B42F81EA,9.2274,"{'__CLASS__': 'Adzuna::API::Response::Company', 'display_name': 'Schwarz Corporate Solutions'}",Projektleiter Energiemarktprognosen (m/w/d),49.18975,2026-05-28T02:04:13Z,"Dein (Master)Studium in Energiewirtschaft, Data Science, Wirtschaftsingenieurwesen oder einem vergleichbaren Studiengang ist deine Basis – dein Wissensdurst ist dein Antrieb! Du kennst die Energiewelt und fühlst dich im Bilanzkreis-Management oder im Energiehandel zu Hause. Du weißt, wie wichtig präzise Verbrauchsprognosen für den Markterfolg sind. Du liebst es, tief in große Datenmengen einzutauchen, Strukturen in Datenbanken zu erkennen und daraus wertvolle Schlüsse für den energiewirtschaftl…",5742785872,"{'__CLASS__': 'Adzuna::API::Response::Category', 'label': 'Unknown', 'tag': 'unknown'}",0,"{'area': ['Deutschland', 'Baden-Württemberg', 'Heilbronn (Kreis)', 'Neckarsulm'], 'display_name': 'Neckarsulm, Heilbronn (Kreis)', '__CLASS__': 'Adzuna::API::Response::Location'}",,,,
Adzuna::API::Response::Job,eyJhbGciOiJIUzI1NiJ9.eyJzIjoiVEVrWk9pMTU4Ukd2Skw2SUNMYWF1dyIsImkiOiI1Nzg2OTQzMTc1In0.qh5LuITeqgAumnwHGo9w5ZbumsuJZRKLONLf77d5yn8,https://www.adzuna.de/land/ad/5786943175?se=TEkZOi158RGvJL6ICLaauw&utm_medium=api&utm_source=a4bcf954&v=4EDFA419CE93703C1182394321CADE599E3CDA47,11.25536,"{'display_name': 'HENSOLDT', '__CLASS__': 'Adzuna::API::Response::Company'}","Duales Studium: ""Informatik"" (w/m/d), Fürstenfeldbruck, Start 2027",48.17776,2026-07-03T16:51:02Z,"HENSOLDT ist ein führendes Unternehmen der europäischen Verteidigungsindustrie mit globaler Reichweite. Das Unternehmen entwickelt Sensor-Komplettlösungen für Verteidigungs- und Sicherheitsanwendungen. Als Systemintegrator bietet HENSOLDT plattformunabhängige, vernetzte Komplettlösungen an. Zugleich treibt das Unternehmen als Technologieführer die Entwicklung der Verteidigungselektronik und Optronik voran und baut sein Portfolio auf der Grundlage innovativer Ansätze für Datenfusion, Künstliche …",5786943175,"{'label': 'Unknown', 'tag': 'unknown', '__CLASS__': 'Adzuna::API::Response::Category'}",0,"{'area': ['Deutschland', 'Bayern', 'Fürstenfeldbruck (Kreis)', 'Fürstenfeldbruck'], 'display_name': 'Fürstenfeldbruck, Fürstenfeldbruck (Kreis)', '__CLASS__': 'Adzuna::API::Response::Location'}",,,,
Adzuna::API::Response::Job,eyJhbGciOiJIUzI1NiJ9.eyJzIjoiVEVrWk9pMTU4Ukd2Skw2SUNMYWF1dyIsImkiOiI1Nzc3OTM4MTIwIn0.lBEPXurG74f10D268rJ5WtIHLtWHl4jlxWoCj2QjapA,https://www.adzuna.de/land/ad/5777938120?se=TEkZOi158RGvJL6ICLaauw&utm_medium=api&utm_source=a4bcf954&v=26BD3C05615BF43B64D24EFE5857D9230DFB3982,8.235274,"{'display_name': 'grenke Bank AG', '__CLASS__': 'Adzuna::API::Response::Company'}",Senior Referent (m/w/d) Risikocontrolling,48.754667,2026-06-26T18:24:37Z,"Warum die grenke als Möglichmacher einfacher Finanzierungslösungen für kleine und mittelständische Unternehmen bekannt ist? Klar: Das haben wir vor allem unseren über 2.300 Mitarbeiter:innen in mehr als 30 Ländern zu verdanken! Gemeinsam unterstützen wir unsere Kund:innen Tag für Tag dabei, ihre Geschäftsideen in die Tat umzusetzen – mit wachsendem Erfolg. Schreibe mit uns Erfolgsgeschichte und unterstütze uns zum nächstmöglichen Zeitpunkt als Senior Referent (m/w/d) Risikocontrolling 10006 | g…",5777938120,"{'__CLASS__': 'Adzuna::API::Response::Category', 'label': 'Unknown', 'tag': 'unknown'}",0,"{'area': ['Deutschland', 'Baden-Württemberg', 'Baden-Baden'], 'display_name': 'Baden-Baden, Baden-Württemberg', '__CLASS__': 'Adzuna::API::Response::Location'}",,,,
Adzuna::API::Response::Job,eyJhbGciOiJIUzI1NiJ9.eyJpIjoiNTc1MDM1NDY4NSIsInMiOiJURWtaT2kxNThSR3ZKTDZJQ0xhYXV3In0.QNu50oeiQ33WpTufcWJzzwIksZu9PVoah4RWuV_JUEI,https://www.adzuna.de/land/ad/5750354685?se=TEkZOi158RGvJL6ICLaauw&utm_medium=api&utm_source=a4bcf954&v=39F93B861DD047CB54862321D0BC487CCA6F0BA4,9.742751,"{'__CLASS__': 'Adzuna::API::Response::Company', 'display_name': 'HDI AG'}",Duales Studium Business Data Analytics (M.Sc.) mit Schwerpunkt KI - Einstieg Data Science,52.378818,2026-06-03T11:33:01Z,"Deine Aufgaben Du möchtest nicht nur Daten analysieren, sondern verstehen, wie aus Daten wertvolle Erkenntnisse entstehen, die die digitale Zukunft der HDI Group gestalten? Die 21-monatige IT-Ausbildung kombiniert praktische Arbeit im Bereich Data Science mit theoretischem Wissen, das Du im Studiengang Business Data Analytics mit Schwerpunkt KI an der FHDW in Hannover erwirbst. Du arbeitest an spannenden Projekten rund um AI, GenAI, Machine Learning, und Cloud-Services. Du entwickelst Lösungen,…",5750354685,"{'__CLASS__': 'Adzuna::API::Response::Category', 'label': 'Teilzeitstellen', 'tag': 'part-time-jobs'}",0,"{'__CLASS__': 'Adzuna::API::Response::Location', 'area': ['Deutschland', 'Niedersachsen', 'Region Hannover (Kreis)', 'Hannover'], 'display_name': 'Hannover, Region Hannover (Kreis)'}",,,,
Adzuna::API::Response::Job,eyJhbGciOiJIUzI1NiJ9.eyJzIjoiVEVrWk9pMTU4Ukd2Skw2SUNMYWF1dyIsImkiOiI1NzUwMzYwMjQwIn0.HamGIlrVHslfYaNSSHAPhoyscwR7rGU33ardZs6jyAk,https://www.adzuna.de/land/ad/5750360240?se=TEkZOi158RGvJL6ICLaauw&utm_medium=api&utm_source=a4bcf954&v=9DB27E2D58369ACC293BD1DA88B0C04594D004D7,,"{'__CLASS__': 'Adzuna::API::Response::Company', 'display_name': 'Viessmann Climate Solutions'}",Duales Studium Data Science und Künstliche Inteligenzen B.Sc. 2026 (m/w/d),,2026-06-03T11:33:59Z,"Während des Dualen Studiums im Studiengang Data Science und Künstliche Intelligenz analysierst und interpretierst du große Datenmengen, um daraus wertvolles Wissen zu gewinnen. Du entwickelst intelligente, KI-basierte Anwendungen und optimierst damit Prozesse. Diese Kompetenzen machen dich zu einer gefragten Expertin oder einem gefragten Experten an der Schnittstelle von Technologie und Wirtschaft. Was du lernst Entwicklung von KI-Modellen und intelligenten Anwendungen (z.B. Machine Learning, N…",5750360240,"{'label': 'Teilzeitstellen', 'tag': 'part-time-jobs', '__CLASS__': 'Adzuna::API::Response::Category'}",0,"{'__CLASS__': 'Adzuna::API::Response::Location', 'display_name': 'Deutschland', 'area': ['Deutschland']}",,,,
Adzuna::API::Response::Job,eyJhbGciOiJIUzI1NiJ9.eyJpIjoiNTc1MDM4MzAwNiIsInMiOiJURWtaT2kxNThSR3ZKTDZJQ0xhYXV3In0.K6N3eyES1jPz5VCpS4cQtfLQ6ao6RpAwyXd5NgDTy2M,https://www.adzuna.de/land/ad/5750383006?se=TEkZOi158RGvJL6ICLaauw&utm_medium=api&utm_source=a4bcf954&v=7E7AD6C30237192E5985785B15D37062E1183FCF,8.412378,"{'__CLASS__': 'Adzuna::API::Response::Company', 'display_name': 'BGV-Versicherung AG'}",Bachelor of Science (m/w/d) â Data Science und Künstliche Intelligenz 2026,49.001249,2026-06-03T11:37:34Z,"Darauf kannst du dich freuen: Wechsel zwischen Theoriephasen an der DHBW Karlsruhe und Praxiseinsätzen bei uns im Unternehmen Mitarbeit in spannenden Projekten mit direktem Bezug zur Praxis Einblicke in verschiedene Unternehmensbereiche und interdisziplinäre Zusammenarbeit Moderne Arbeitsumgebung, offene Unternehmenskultur und individuelle Betreuung Sehr gute Entwicklungschancen nach deinem Studium Einführungsmonat/Vorpraktikum bereits vor dem 1.10. Rotationsplan mit Wunsch-Stationen (deine per…",5750383006,"{'label': 'Teilzeitstellen', 'tag': 'part-time-jobs', '__CLASS__': 'Adzuna::API::Response::Category'}",0,"{'display_name': 'Karlsruhe, Karlsruhe (Kreis)', 'area': ['Deutschland', 'Baden-Württemberg', 'Karlsruhe (Kreis)', 'Karlsruhe'], '__CLASS__': 'Adzuna::API::Response::Location'}",,,,
Adzuna::API::Response::Job,eyJhbGciOiJIUzI1NiJ9.eyJpIjoiNTc3OTIyNzc3NSIsInMiOiJURWtaT2kxNThSR3ZKTDZJQ0xhYXV3In0.np84021W0dAcFjXlqbRr4dQZkDntlggrcydvsCvFaoY,https://www.adzuna.de/land/ad/5779227775?se=TEkZOi158RGvJL6ICLaauw&utm_medium=api&utm_source=a4bcf954&v=0CC736B3773E8F3EB178E77F37513720DB1DE55A,9.648316,"{'display_name': 'Proemion GmbH', '__CLASS__': 'Adzuna::API::Response::Company'}",Cloud Implementation Specialist (gn),50.549976,2026-06-27T18:26:43Z,"Proemion bietet eine vollständige, sichere Telematiklösung, die auf die realen Bedürfnisse von OEMs zugeschnitten ist. Direkt in die Maschine integriert und aus einer Hand geliefert, gibt Proemion Ihnen die volle Kontrolle über Ihre Daten und ermöglicht es Service, Engineering und Betrieb, die Leistung zu optimieren und Wachstum voranzutreiben. Wir machen Maschinendaten im gesamten Unternehmen nutzbar, zuverlässig und wertvoll. Wir suchen ab sofort einen Cloud Implementation Specialist (gn) , d…",5779227775,"{'label': 'IT-Stellen', 'tag': 'it-jobs', '__CLASS__': 'Adzuna::API::Response::Category'}",0,"{'area': ['Deutschland', 'Hessen', 'Fulda (Kreis)', 'Fulda'], 'display_name': 'Fulda, Fulda (Kreis)', '__CLASS__': 'Adzuna::API::Response::Location'}",,,,
Adzuna::API::Response::Job,eyJhbGciOiJIUzI1NiJ9.eyJpIjoiNTc4MjgwNzg5OCIsInMiOiJURWtaT2kxNThSR3ZKTDZJQ0xhYXV3In0.5G5cIiXrDY2loAYXb2CgwtAM1QNrI4atb_WfI6mYbhw,https://www.adzuna.de/land/ad/5782807898?se=TEkZOi158RGvJL6ICLaauw&utm_medium=api&utm_source=a4bcf954&v=76EA0EF933F55DF08353E4CE20DD8072CAB9D5C2,6.969972,"{'__CLASS__': 'Adzuna::API::Response::Company', 'display_name': 'MSR Consulting Group GmbH'}",(Senior) CX & Insights Analyst (w/m/d),50.940164,2026-07-01T05:22:34Z,"Willkommen bei der MSR Consulting Group. Als führende Unternehmensberatung begleiten wir unsere Klienten aus den Bereichen Automotive & Mobility, Financial Services und Industrial Goods auf ihrem Weg zum Best-in-Class-Unternehmen. Unser Ziel: Die Welt für Kunden besser machen. Dich erwarten echter Teamgeist, viel Eigenverantwortung und Raum für persönliche wie fachliche Entwicklung. Unsere kununu-Bewertung von 4,4 von 5 bestätigt, was uns wichtig ist: eine offene Unternehmenskultur und zufriede…",5782807898,"{'label': 'Unknown', 'tag': 'unknown', '__CLASS__': 'Adzuna::API::Response::Category'}",0,"{'area': ['Deutschland', 'Nordrhein-Westfalen', 'Köln'], 'display_name': 'Köln, Nordrhein-Westfalen', '__CLASS__': 'Adzuna::API::Response::Location'}",,,,
Adzuna::API::Response::Job,eyJhbGciOiJIUzI1NiJ9.eyJpIjoiNTc4ODE5NjcyNyIsInMiOiJURWtaT2kxNThSR3ZKTDZJQ0xhYXV3In0.XiOO61_K_op5wTDRhR64ySDLVcT0j_C8XQWsP6VVn-g,https://www.adzuna.de/land/ad/5788196727?se=TEkZOi158RGvJL6ICLaauw&utm_medium=api&utm_source=a4bcf954&v=07284E449B6CECACAA4A5DB265514E01DE9B559B,9.856945,"{'display_name': 'Wieland-Werke AG', '__CLASS__': 'Adzuna::API::Response::Company'}",Prädiktive Sicherheit trifft Industrie: Masterarbeit in der Arbeitssicherheit der Zukunft (m/w/d),48.383137,2026-07-04T18:56:22Z,"Potenziale freisetzen. Kupfer verbindet die Welt - in Technologien wie der E-Mobilität, der Energie- und Datenübertragung, der Kälte- und Klimatechnik, der Digitalisierung, dem Internet of Things. Überrasche uns durch dein frisches Denken mit neuen Impulsen und gestalte die Welt von morgen. Entdecke dabei zahlreiche Möglichkeiten, deine Potenziale freizusetzen. Wieland steht für Vielfalt und Chancengleichheit - aus diesem Grund freuen wir uns auf individuelle Bewerbungen unabhängig von Alter, G…",5788196727,"{'__CLASS__': 'Adzuna::API::Response::Category', 'label': 'Unknown', 'tag': 'unknown'}",0,"{'area': ['Deutschland', 'Baden-Württemberg', 'Ulm'], 'display_name': 'Ulm, Baden-Württemberg', '__CLASS__': 'Adzuna::API::Response::Location'}",,,,
Adzuna::API::Response::Job,eyJhbGciOiJIUzI1NiJ9.eyJpIjoiNTc4ODAxODIyMSIsInMiOiJURWtaT2kxNThSR3ZKTDZJQ0xhYXV3In0.mlk9A-BxWtpG7IxDyKxYVuSsd4GpQm05-4CSiA6yw4w,https://www.adzuna.de/land/ad/5788018221?se=TEkZOi158RGvJL6ICLaauw&utm_medium=api&utm_source=a4bcf954&v=D88310637625E3D159CF167F6331C6AD8372A5DF,9.856945,"{'__CLASS__': 'Adzuna::API::Response::Company', 'display_name': 'Liebherr-Digital Development Center GmbH'}",Senior Solution Architect - Federated Energy & Construction Ecosystems (m/f/d),48.383137,2026-07-04T15:14:12Z,"Liebherr-Digital Development Center GmbH in Ulm develops digital solutions for the entire Liebherr Group. Our passionate team from the areas of software development, engineering and data science works together on various projects from the whole Liebherr product world. Our mission: creating outstanding digital experiences! Senior Solution Architect - Federated Energy & Construction Ecosystems (m/f/d) Job-ID 82724 Aufgaben Your responsibilities Understand the business - Assess and support the bus…",5788018221,"{'label': 'Technikerstellen', 'tag': 'engineering-jobs', '__CLASS__': 'Adzuna::API::Response::Category'}",0,"{'__CLASS__': 'Adzuna::API::Response::Location', 'display_name': 'Ulm, Baden-Württemberg', 'area': ['Deutschland', 'Baden-Württemberg', 'Ulm']}",,,,
Adzuna::API::Response::Job,eyJhbGciOiJIUzI1NiJ9.eyJzIjoiVEVrWk9pMTU4Ukd2Skw2SUNMYWF1dyIsImkiOiI1NzczMTgwOTEyIn0.X3SZFRTLR9Q2l6i6OvTOCJuOj4qjkG8ImQaBrPv2KU8,https://www.adzuna.de/land/ad/5773180912?se=TEkZOi158RGvJL6ICLaauw&utm_medium=api&utm_source=a4bcf954&v=F900DE2D077FAD648EE377A9625F9BBF03F96C8E,8.055137,"{'display_name': 'ADI Solutions GmbH', '__CLASS__': 'Adzuna::API::Response::Company'}",Teamlead Artificial Intelligence - MLOps / Machine Learning (m/w/d),52.274227,2026-06-23T06:22:13Z,"Die ADI Solutions GmbH steht für moderne Softwareentwicklung – international ausgerichtet. An unseren Standorten in Osnabrück und Venlo sowie gemeinsam mit internationalen Kollegen entwickeln rund 50 Mitarbeitende Lösungen, die weltweit im Einsatz sind – bei über 100 Kunden in mehr als 25 Ländern. Was uns antreibt, ist die Verbindung von Menschen, Ideen und Technologien. Ob ERP mit Microsoft Dynamics 365 Business Central, Business Intelligence, Power Platform, Web-Apps oder KI – wir schaffen Lö…",5773180912,"{'__CLASS__': 'Adzuna::API::Response::Category', 'label': 'Unknown', 'tag': 'unknown'}",0,"{'area': ['Deutschland', 'Niedersachsen', 'Osnabrück (Kreis)', 'Osnabrück'], 'display_name': 'Osnabrück, Osnabrück (Kreis)', '__CLASS__': 'Adzuna::API::Response::Location'}",,,,
Adzuna::API::Response::Job,eyJhbGciOiJIUzI1NiJ9.eyJpIjoiNTc2OTQ4MzgyOCIsInMiOiJURWtaT2kxNThSR3ZKTDZJQ0xhYXV3In0.A2E_kF2zcVhhXmqNhsUkjAH6uTeYlsr49CeEk6M3a08,https://www.adzuna.de/land/ad/5769483828?se=TEkZOi158RGvJL6ICLaauw&utm_medium=api&utm_source=a4bcf954&v=FFADC64D9DBDB943D956946E742AAE90AC326ADD,11.589469,"{'__CLASS__': 'Adzuna::API::Response::Company', 'display_name': 'ZEISS'}","Duales Studium – Angewandte Informatik und Künstliche Intelligenz (m/w/x), Beginn Sommer 2026",50.923007,2026-06-19T19:00:05Z,"Sich etwas Neues trauen, über sich hinauswachsen und dabei die Grenzen des Machbaren neu definieren. Genau das ist es, was unsere Mitarbeitenden täglich leben dürfen und sollen. Um mit unseren Innovationen ein Zeichen zu setzen und Großartiges zu ermöglichen. Denn hinter jedem erfolgreichen Unternehmen stehen eine ganze Menge faszinierende Menschen. In einem offenen und modernen Umfeld mit zahlreichen Entwicklungs- und Weiterbildungsmöglichkeiten, arbeiten die Mitarbeitenden bei ZEISS in einer …",5769483828,"{'__CLASS__': 'Adzuna::API::Response::Category', 'label': 'Unknown', 'tag': 'unknown'}",0,"{'__CLASS__': 'Adzuna::API::Response::Location', 'display_name': 'Jena, Thüringen', 'area': ['Deutschland', 'Thüringen', 'Jena']}",,,,
Adzuna::API::Response::Job,eyJhbGciOiJIUzI1NiJ9.eyJpIjoiNTc4NjEyNzYyOSIsInMiOiJURWtaT2kxNThSR3ZKTDZJQ0xhYXV3In0.IPSHG06E5LfvfaAS_R1H9rCtUnHtiP7m5lteo70ldZE,https://www.adzuna.de/land/ad/5786127629?se=TEkZOi158RGvJL6ICLaauw&utm_medium=api&utm_source=a4bcf954&v=987EF2E6E89302F989CBC680D81CA74A1C09AA69,12.112321,"{'display_name': 'Siemens AG', '__CLASS__': 'Adzuna::API::Response::Company'}",Künstliche Intelligenz und Data Science (B.Sc.) mit Befähigung zur Elektrofachkraft (w/m/d) 2027,49.022981,2026-07-03T01:17:13Z,"Dein Berufsbild: Du möchtest irgendwas mit Mathe machen und in deinen Zukunftsplänen ist Digitalisierung vorprogrammiert? Dann entscheide dich für den dualen Studiengang Künstliche Intelligenz und Data Science zur Befähigung zur Elektrofachkraft (w/m/d) und werde zum*zur Administrator*in deiner Karriere. Zur täglichen Arbeit von technischen Informatiker*innen gehören Daten, Cloud und Echtzeitkommunikation, dazu hardwarenahe Programmierung und Automatisierung. Projektlösungen für die Digitalisie…",5786127629,"{'__CLASS__': 'Adzuna::API::Response::Category', 'label': 'Teilzeitstellen', 'tag': 'part-time-jobs'}",0,"{'area': ['Deutschland', 'Bayern', 'Regensburg (Kreis)', 'Regensburg'], 'display_name': 'Regensburg, Regensburg (Kreis)', '__CLASS__': 'Adzuna::API::Response::Location'}",,,,
Adzuna::API::Response::Job,eyJhbGciOiJIUzI1NiJ9.eyJzIjoiVEVrWk9pMTU4Ukd2Skw2SUNMYWF1dyIsImkiOiI1NzUwMzk2NjIwIn0.yuBDIzx2XDCwcAlFdtjTgJaR8oj8ThfdtOSMyMDJFok,https://www.adzuna.de/land/ad/5750396620?se=TEkZOi158RGvJL6ICLaauw&utm_medium=api&utm_source=a4bcf954&v=D056E22E56F35755F5E799EB89C67A14F64D0834,8.753842,"{'display_name': 'Westfalen Weser Netz GmbH', '__CLASS__': 'Adzuna::API::Response::Company'}",Duales Studium Bachelor of Science Wirtschaftsinformatik - KI&Data Science (m/w/d) 2026,51.737096,2026-06-03T11:42:34Z,Deine Aufga ben Als Bachelor of Science Wirtschaftsinformatik - Künstliche Intelligenz&Data Science (m/w/d) lernst du bei uns verschiedene Themengebiete kennen: Du analysierst Unternehmensdaten zielsicher und bereitest diese auf. Du sorgst für Datentransparenz im Unternehmen. Du arbeitest in Business Intelligence Projekten. Du setzt unsere Datenstrategie im Team um. Ausbildungsort: Paderborn Ausbildungsdauer: 6 Semester Partnerhochschule: Fachhochschule der Wirtschaft Fürstenallee 5 33102 Pader…,5750396620,"{'__CLASS__': 'Adzuna::API::Response::Category', 'label': 'Teilzeitstellen', 'tag': 'part-time-jobs'}",0,"{'area': ['Deutschland', 'Nordrhein-Westfalen', 'Paderborn (Kreis)', 'Paderborn'], 'display_name': 'Paderborn, Paderborn (Kreis)', '__CLASS__': 'Adzuna::API::Response::Location'}",,,,
Adzuna::API::Response::Job,eyJhbGciOiJIUzI1NiJ9.eyJzIjoiVEVrWk9pMTU4Ukd2Skw2SUNMYWF1dyIsImkiOiI1NzUwMzg1MDM3In0.nVFvmCTz7GP6isoEZvm8I5BfKsPaDTzOHgYbIXam8Xc,https://www.adzuna.de/land/ad/5750385037?se=TEkZOi158RGvJL6ICLaauw&utm_medium=api&utm_source=a4bcf954&v=A0312210CEA12F4040FACCDE224595DCC7E400FA,9.137663,"{'display_name': 'Körber Supply Chain Logistics GmbH', '__CLASS__': 'Adzuna::API::Response::Company'}",Duales Studium (m/w/d) Data Science und Künstliche Intelligenz (B.Sc.) in Konstanz 2026,47.708999,2026-06-03T11:37:56Z,"Studienbeginn I Oktober 2026 Studiendauer I 3 Jahre Komm in unser Team und gestalte Deine Zukunft! Deine Vorteile Wir verbinden die Vorteile eines mittelständischen Unternehmens – wie persönliche Betreuung, ein starkes Teamgefühl und Gestaltungsspielräumen – mit den Möglichkeiten eines Großkonzerns: modernste Technologien und internationale Kundenin einem stetig wachsenden Umfeld. Interessantes, abwechslungsreiches und anspruchsvolles Studium mit besten Optionen zur Übernahme nach erfolgreichem…",5750385037,"{'label': 'Teilzeitstellen', 'tag': 'part-time-jobs', '__CLASS__': 'Adzuna::API::Response::Category'}",0,"{'__CLASS__': 'Adzuna::API::Response::Location', 'display_name': 'Konstanz, Konstanz (Kreis)', 'area': ['Deutschland', 'Baden-Württemberg', 'Konstanz (Kreis)', 'Konstanz']}",,,,
Adzuna::API::Response::Job,eyJhbGciOiJIUzI1NiJ9.eyJpIjoiNTc3NTAwODk3NSIsInMiOiJValJlT3kxNThSR3ZKTDZJQ0xhYXV3In0.DLBfDJdNzjQqlqVk4suVlXUCsXbg71e6g7edZGnxta8,https://www.adzuna.de/land/ad/5775008975?se=UjReOy158RGvJL6ICLaauw&utm_medium=api&utm_source=a4bcf954&v=8B0BF0C189CA89C9B65FEA7424D5B9774BA13594,8.36958,"{'__CLASS__': 'Adzuna::API::Response::Company', 'display_name': 'Mercedes-Benz AG'}","Duales Studium Data Science und Künstliche Intelligenz, Bachelor of Science, Mercedes-Benz AG, Global Logistics Center Germersheim, Studienbeginn 1. Oktober 2027 (m/w/d)",49.21886,2026-06-24T18:36:45Z,"Life is always about becoming… Im Leben geht es darum, sich auf eine Reise zu begeben, um die beste Version unseres zukünftigen Selbst zu werden. Während wir Neues entdecken, stellen wir uns Herausforderungen, meistern sie und wachsen über uns hinaus. Bewerben Sie sich bei Mercedes-Benz und finden Sie den Aufgabenbereich, in dem Sie Ihre Talente individuell entfalten können. Dabei werden Sie von visionären Kolleginnen und Kollegen unterstützt, die Ihren Pioniergeist teilen. Bei uns einzusteigen…",5775008975,"{'__CLASS__': 'Adzuna::API::Response::Category', 'label': 'Unknown', 'tag': 'unknown'}",0,"{'area': ['Deutschland', 'Rheinland-Pfalz', 'Germersheim (Kreis)', 'Germersheim'], 'display_name': 'Germersheim, Germersheim (Kreis)', '__CLASS__': 'Adzuna::API::Response::Location'}",,,,
Adzuna::API::Response::Job,eyJhbGciOiJIUzI1NiJ9.eyJzIjoiVWpSZU95MTU4Ukd2Skw2SUNMYWF1dyIsImkiOiI1NzUwMzc4ODc0In0.v8KiQGJk10lDUxw96yhfnScWTBZK-t8I0zubbdbGEAk,https://www.adzuna.de/land/ad/5750378874?se=UjReOy158RGvJL6ICLaauw&utm_medium=api&utm_source=a4bcf954&v=EC512D21B01813800BFB53C16098E3BF51670B73,8.71298,"{'display_name': 'HORNBACH Baumarkt AG', '__CLASS__': 'Adzuna::API::Response::Company'}",Duales Studium - Bachelor of Science - Informatik - Data Science und KI (gn) für 2026 - ID 150988,50.1246,2026-06-03T11:36:54Z,"Hast Du Deinen Weg schon gefunden? Für Deinen Weg bei uns bringst Du mit: 3 Jahre Zeit und allgemeine Hochschulreife oder Fachhochschulreife  Studierfähigkeitstest Hier baust Du Dein theoretisches Fundament: DHBW Karlsruhe Die Praxis lernst Du hier : HORNBACH Zentrale in Bornheim bei Landau i. d. Pfalz Startschuss für Deine Zukunft bei HORNBACH: 01.10.2026 Darauf kannst Du Dich freuen: Gehalt - logisch! 1. Jahr: 1.250 €, 2. Jahr: 1.500 €, 3. Jahr: 1.750 € Mehr – klar! Neben Deinem Gehalt sowie …",5750378874,"{'__CLASS__': 'Adzuna::API::Response::Category', 'label': 'Teilzeitstellen', 'tag': 'part-time-jobs'}",0,"{'__CLASS__': 'Adzuna::API::Response::Location', 'area': ['Deutschland', 'Hessen', 'Frankfurt am Main', 'Bornheim'], 'display_name': 'Bornheim, Frankfurt am Main'}",,,,
Adzuna::API::Response::Job,eyJhbGciOiJIUzI1NiJ9.eyJpIjoiNTc4MjgyNTIwMyIsInMiOiJValJlT3kxNThSR3ZKTDZJQ0xhYXV3In0.cTdwYMU8fdJ4Os3hLWRZgkFR9bA2Sg0a1KAwMH87Bms,https://www.adzuna.de/land/ad/5782825203?se=UjReOy158RGvJL6ICLaauw&utm_medium=api&utm_source=a4bcf954&v=4463A2029C11A10EB1DDEF29E38B5B880CF61E60,11.555737,"{'display_name': 'Ascent Digital Services DE GmbH', '__CLASS__': 'Adzuna::API::Response::Company'}",Senior Data Scientist (m/w/d),48.137418,2026-07-01T06:25:46Z,"Acuity Analytics ist ein globales, Tech-first Unternehmen, das Finanzinstitute und Corporates dabei unterstützt, durch Research, Data, Analytics und AI-enabled Solutions bessere Entscheidungen zu treffen. Wir kombinieren tiefes Financial-Services-Know-how mit starken Engineering-, Digital- und AI-Capabilities, um komplexe Probleme zu lösen. Mit einem Team von 7.200 Analysts, Data Specialists und Technologists an 28 Standorten arbeiten wir mit über 800 Organisationen weltweit zusammen – um Effiz…",5782825203,"{'tag': 'unknown', 'label': 'Unknown', '__CLASS__': 'Adzuna::API::Response::Category'}",0,"{'display_name': 'München, München (Kreis)', 'area': ['Deutschland', 'Bayern', 'München (Kreis)', 'München'], '__CLASS__': 'Adzuna::API::Response::Location'}",,,,
Adzuna::API::Response::Job,eyJhbGciOiJIUzI1NiJ9.eyJpIjoiNTc4NzAwNDAwOSIsInMiOiJValJlT3kxNThSR3ZKTDZJQ0xhYXV3In0.UTp8OPCSO38Y7tm-kN7kOBoa4O5FGurdAmpCkvmZ9_E,https://www.adzuna.de/land/ad/5787004009?se=UjReOy158RGvJL6ICLaauw&utm_medium=api&utm_source=a4bcf954&v=2271F22FE3F2B2ABB4375CCDD6F94379B6673DF7,7.112412,"{'__CLASS__': 'Adzuna::API::Response::Company', 'display_name': 'Fraunhofer-Institut für Kommunikation, Informationsver. und Ergonomie FKIE'}",Wissenschaftliche*r Mitarbeiter*in im Bereich Mobile Netzwerke & Netzwerksicherheit,50.71942,2026-07-03T19:38:37Z,"Die Fraunhofer-Gesellschaft ist eine der weltweit führenden Organisationen für anwendungsorientierte Forschung. 74 Institute entwickeln wegweisende Technologien für unsere Wirtschaft und Gesellschaft – genauer: 30 000 Menschen aus Technik, Wissenschaft, Verwaltung und IT. Sie wissen: Wer zu Fraunhofer kommt, will und kann etwas verändern. Für sich, für uns und die Märkte von heute und morgen. Das Fraunhofer-Institut für Kommunikation, Informationsverarbeitung und Ergonomie FKIE erforscht neue, …",5787004009,"{'__CLASS__': 'Adzuna::API::Response::Category', 'tag': 'unknown', 'label': 'Unknown'}",0,"{'area': ['Deutschland', 'Nordrhein-Westfalen', 'Bonn'], 'display_name': 'Bonn, Nordrhein-Westfalen', '__CLASS__': 'Adzuna::API::Response::Location'}",,,,
Adzuna::API::Response::Job,eyJhbGciOiJIUzI1NiJ9.eyJpIjoiNTc4OTEyMzUyMCIsInMiOiJValJlT3kxNThSR3ZKTDZJQ0xhYXV3In0.81r202nDOzPsJXEo24mqbDrGoDfWxo6atzWKUSezLsw,https://www.adzuna.de/land/ad/5789123520?se=UjReOy158RGvJL6ICLaauw&utm_medium=api&utm_source=a4bcf954&v=C9F7DF1E710B2A6559DEAF96F4001AF9FF533A5A,9.856945,"{'display_name': 'Liebherr-Digital Development Center GmbH', '__CLASS__': 'Adzuna::API::Response::Company'}",.NET / Golang Senior Cloud Software Engineer (m/f/d),48.383137,2026-07-05T14:59:35Z,"Liebherr-Digital Development Center GmbH in Ulm develops digital solutions for the entire Liebherr Group. Our passionate team from the areas of software development, engineering and data science works together on various projects from the whole Liebherr product world. Our mission: creating outstanding digital experiences! .NET / Golang Senior Cloud Software Engineer (m/f/d) Job-ID 82233 Aufgaben Your responsibilities Understand the business - Assess and support the business objectives for digit…",5789123520,"{'label': 'Unknown', 'tag': 'unknown', '__CLASS__': 'Adzuna::API::Response::Category'}",0,"{'__CLASS__': 'Adzuna::API::Response::Location', 'display_name': 'Ulm, Baden-Württemberg', 'area': ['Deutschland', 'Baden-Württemberg', 'Ulm']}",,,,
Adzuna::API::Response::Job,eyJhbGciOiJIUzI1NiJ9.eyJzIjoiVWpSZU95MTU4Ukd2Skw2SUNMYWF1dyIsImkiOiI1Nzc5MjI3OTUyIn0.HnjPnjL-hbtXR7XIIpDd_lWtN9nDk-A54FELkypfV10,https://www.adzuna.de/land/ad/5779227952?se=UjReOy158RGvJL6ICLaauw&utm_medium=api&utm_source=a4bcf954&v=AD7293901F8430FCC5BCEBA04FF1BFCF4C0EE150,8.650578,"{'__CLASS__': 'Adzuna::API::Response::Company', 'display_name': 'C24 Bank GmbH'}",(Junior) Produktmanager (m/w/d) Financial Insights,50.129683,2026-06-27T18:26:51Z,"Unser Anspruch ist es, eine neue Dimension im mobile Banking zu definieren . Du kannst hier ganz vorne mit dabei sein! Digitale Geschäftsmodelle und agiles Arbeiten begeistern Dich, Du bist neugierig und bringst Leidenschaft für Veränderungen mit? Dann bist Du bei uns genau richtig! Erlebe die Dynamik des FinTech Space mit agilen Prozessen, kurzen Entscheidungswegen und einer steilen Entwicklungskurve in einem großartigen Team. Wir freuen uns auf Deine Bewerbung als (Junior) Produktmanager (m/w…",5779227952,"{'label': 'Unknown', 'tag': 'unknown', '__CLASS__': 'Adzuna::API::Response::Category'}",0,"{'__CLASS__': 'Adzuna::API::Response::Location', 'area': ['Deutschland', 'Hessen', 'Frankfurt am Main'], 'display_name': 'Frankfurt am Main, Hessen'}",,,,
Adzuna::API::Response::Job,eyJhbGciOiJIUzI1NiJ9.eyJzIjoiVWpSZU95MTU4Ukd2Skw2SUNMYWF1dyIsImkiOiI1Nzc4NjEzMzkxIn0.8d4MBwlMjtY_WH3uUPQTMVGqPT_qDnXvITNSsepfexQ,https://www.adzuna.de/land/ad/5778613391?se=UjReOy158RGvJL6ICLaauw&utm_medium=api&utm_source=a4bcf954&v=B15CEFDC6F71F8BDABEF7AAE8FA3F34576B6B996,6.808387,"{'display_name': 'Rheinmetall IT Solutions GmbH', '__CLASS__': 'Adzuna::API::Response::Company'}",Expert IT License Management (m/w/d),51.226802,2026-06-27T06:23:35Z,"Die börsennotierte Rheinmetall AG mit Sitz in Düsseldorf steht als integrierter Technologiekonzern für ein ebenso substanzstarkes wie international erfolgreiches Unternehmen, das mit einem innovativen Produkt- und Leistungsspektrum auf unterschiedlichen Märkten aktiv ist. Rheinmetall ist ein führendes internationales Systemhaus der Verteidigungsindustrie. Die Ausrichtung auf Nachhaltigkeit ist integraler Bestandteil der Rheinmetall-Strategie. Bis 2035 will das Unternehmen CO2-Neutralität erreic…",5778613391,"{'__CLASS__': 'Adzuna::API::Response::Category', 'label': 'IT-Stellen', 'tag': 'it-jobs'}",0,"{'display_name': 'Düsseldorf, Nordrhein-Westfalen', 'area': ['Deutschland', 'Nordrhein-Westfalen', 'Düsseldorf'], '__CLASS__': 'Adzuna::API::Response::Location'}",,,,
Adzuna::API::Response::Job,eyJhbGciOiJIUzI1NiJ9.eyJzIjoiVWpSZU95MTU4Ukd2Skw2SUNMYWF1dyIsImkiOiI1NzY2ODMyMzMzIn0.tGUAwuoUFnNAW480WIXYG57DxE-HAP1FMTNCaMcBznE,https://www.adzuna.de/land/ad/5766832333?se=UjReOy158RGvJL6ICLaauw&utm_medium=api&utm_source=a4bcf954&v=11689F2D371C62E3ABF1092D27730944C38168FB,6.969972,"{'__CLASS__': 'Adzuna::API::Response::Company', 'display_name': 'AXA Konzern AG'}",Senior Aktuar Finance & Reserving P&C (m/w/d),50.940164,2026-06-17T16:14:38Z,"AXA Deutschland ist Teil der AXA Gruppe, einem der weltweit führenden Versicherungsunternehmen. Als einer der größten Erstversicherer in Deutschland betreuen wir rund 8 Millionen Kund:innen im Bereich Vorsorge und Versicherung. Was uns bei AXA antreibt? Unsere Neugier und unser Mut zur Innovation! Gemeinsam mit über 8.000 Kolleg:innen in ganz Deutschland gestalten wir die Zukunft der Versicherung aktiv mit. Wir sind auf der Suche nach kreativen und analytischen Köpfen, die sich auch von Herausf…",5766832333,"{'__CLASS__': 'Adzuna::API::Response::Category', 'tag': 'unknown', 'label': 'Unknown'}",0,"{'__CLASS__': 'Adzuna::API::Response::Location', 'area': ['Deutschland', 'Nordrhein-Westfalen', 'Köln'], 'display_name': 'Köln, Nordrhein-Westfalen'}",,,,
Adzuna::API::Response::Job,eyJhbGciOiJIUzI1NiJ9.eyJpIjoiNTc3MjMzMzEzOCIsInMiOiJValJlT3kxNThSR3ZKTDZJQ0xhYXV3In0.-48rWzU5mbZFuj0k4V2fqIwFVXYVCTuRmMUqsXsbKpU,https://www.adzuna.de/land/ad/5772333138?se=UjReOy158RGvJL6ICLaauw&utm_medium=api&utm_source=a4bcf954&v=24A0C0F4C7C707193B27A824D56D9D6B47ED701C,8.98349,"{'display_name': 'Mercedes-Benz AG', '__CLASS__': 'Adzuna::API::Response::Company'}",Studentin*in für Masterarbeit im Bereich KI-gestützte Softwareentwicklung und Multi-Agenten-Systeme,48.68872,2026-06-22T08:31:49Z,"Life is always about becoming… Im Leben geht es darum, sich auf eine Reise zu begeben, um die beste Version unseres zukünftigen Selbst zu werden. Während wir Neues entdecken, stellen wir uns Herausforderungen, meistern sie und wachsen über uns hinaus. Bewerben Sie sich bei Mercedes-Benz und finden Sie den Aufgabenbereich, in dem Sie Ihre Talente individuell entfalten können. Dabei werden Sie von visionären Kolleginnen und Kollegen unterstützt, die Ihren Pioniergeist teilen. Bei uns einzusteigen…",5772333138,"{'__CLASS__': 'Adzuna::API::Response::Category', 'label': 'IT-Stellen', 'tag': 'it-jobs'}",0,"{'__CLASS__': 'Adzuna::API::Response::Location', 'display_name': 'Böblingen, Böblingen (Kreis)', 'area': ['Deutschland', 'Baden-Württemberg', 'Böblingen (Kreis)', 'Böblingen']}",,,,
Adzuna::API::Response::Job,eyJhbGciOiJIUzI1NiJ9.eyJpIjoiNTcxNzU0NTk1NyIsInMiOiJValJlT3kxNThSR3ZKTDZJQ0xhYXV3In0.afKdqpdLJV6PxvzkrG25lFSTDfywDq5kUsqxYFqIjpE,https://www.adzuna.de/land/ad/5717545957?se=UjReOy158RGvJL6ICLaauw&utm_medium=api&utm_source=a4bcf954&v=A7FFE094B541C00CD0002CD06B7CBBC3DBA148F7,10.137982,"{'display_name': 'Duale Hochschule Schleswig-Holstein ', '__CLASS__': 'Adzuna::API::Response::Company'}",Duales Studium Wirtschaftsinformatik an der DHSH in Kiel,54.319658,2026-05-03T04:42:13Z,"Die Duale Hochschule Schleswig-Holstein (DHSH) bietet als staatlich anerkannte Hochschule für angewandte Wissenschaften an den Studienstandorten Kiel, Lübeck und Flensburg duale Studiengänge und praxisverbundene Forschung. Vor über 50 Jahren als Berufsakademie Schleswig-Holstein gegründet, bietet die DHSH Studierenden die Chance, von jahrzehntelanger Erfahrung im dualen Studium zu profitieren. Angeboten werden in Zusammenarbeit mit über 400 Partnerunternehmen die dualen Bachelorstudiengänge Bet…",5717545957,"{'label': 'Unknown', 'tag': 'unknown', '__CLASS__': 'Adzuna::API::Response::Category'}",0,"{'__CLASS__': 'Adzuna::API::Response::Location', 'area': ['Deutschland', 'Schleswig-Holstein', 'Kiel'], 'display_name': 'Kiel, Schleswig-Holstein'}",,,,
Adzuna::API::Response::Job,eyJhbGciOiJIUzI1NiJ9.eyJzIjoiVWpSZU95MTU4Ukd2Skw2SUNMYWF1dyIsImkiOiI0NzAzMDQ3NDAwIn0.tJpKHHXdeHtJhvi76Sqe4Bxcpwiw8ZLCBMqD8XS1jks,https://www.adzuna.de/details/4703047400?utm_medium=api&utm_source=a4bcf954,13.420806,"{'display_name': 'nerou GmbH', '__CLASS__': 'Adzuna::API::Response::Company'}",Werkstudent:in Data Science,52.507706,2024-05-22T08:24:33Z,"Über nerou Die Datenanalyse-Software von nerou unterstützt Betreiber von Kläranlagen bei täglichen Entscheidungen in der Anlagensteuerung. In Kläranlagen müssen komplexe Entscheidungen getroffen werden, um die Anlage auf sich täglich ändernde Einflüsse einzustellen. Alle relevanten Daten werden von Machine Learning Algorithmen analysiert und ausgewertet. Die gewonnen Erkenntnisse werden in Form von Entscheidungshilfen an den Kunden weitergeleitet. Dies reduziert nicht nur Kosten für die Betreib…",4703047400,"{'__CLASS__': 'Adzuna::API::Response::Category', 'tag': 'unknown', 'label': 'Unknown'}",0,"{'display_name': 'Berlin, Deutschland', 'area': ['Deutschland', 'Berlin'], '__CLASS__': 'Adzuna::API::Response::Location'}",,,,
Adzuna::API::Response::Job,eyJhbGciOiJIUzI1NiJ9.eyJpIjoiNTc3ODU2NDMyNiIsInMiOiJValJlT3kxNThSR3ZKTDZJQ0xhYXV3In0.gpEgO-_ML3zVyonVr9rP5qLC-9wNwswLLpJ0iDOSik0,https://www.adzuna.de/details/5778564326?utm_medium=api&utm_source=a4bcf954,12.3713,"{'__CLASS__': 'Adzuna::API::Response::Company', 'display_name': 'Lidl Stiftung & Co KG'}",Praktikum Data Science,51.33968,2026-06-27T04:49:18Z,"Deine Aufgaben Werde Teil unseres Daten & KI Teams, unterstütze datenbasierte Analysen und entwickle innovative Automatisierungslösungen. Ab sofort für 4 bis 6 Monate. konkret heißt das: Erhalte Einblicke in Big Data und Machine Learning Technologien Mitarbeit bei Datenerhebung, -aufbereitung und explorativer Analyse Entwicklung, Validierung und Pilotierung KI- und Statistik-basierte Lösungen für automatisierte Entscheidungen in Fachabteilungen Einbringen in die strategische Definition von Date…",5778564326,"{'__CLASS__': 'Adzuna::API::Response::Category', 'label': 'Unknown', 'tag': 'unknown'}",0,"{'__CLASS__': 'Adzuna::API::Response::Location', 'area': ['Deutschland', 'Sachsen', 'Leipzig (Kreis)', 'Leipzig', 'Zentrum'], 'display_name': 'Zentrum, Leipzig'}",,,,
Adzuna::API::Response::Job,eyJhbGciOiJIUzI1NiJ9.eyJzIjoiVWpSZU95MTU4Ukd2Skw2SUNMYWF1dyIsImkiOiI1Nzc4NTY0NzMwIn0.tDB8-THfpgvhdzLIitwnqOvIy2OOQJ-c0600jToficw,https://www.adzuna.de/details/5778564730?utm_medium=api&utm_source=a4bcf954,6.95684,"{'__CLASS__': 'Adzuna::API::Response::Company', 'display_name': 'Lidl Stiftung & Co KG'}",Praktikum Data Science,50.93917,2026-06-27T04:49:33Z,"Deine Aufgaben Werde Teil unseres Daten & KI Teams, unterstütze datenbasierte Analysen und entwickle innovative Automatisierungslösungen. Ab sofort für 4 bis 6 Monate. konkret heißt das: Erhalte Einblicke in Big Data und Machine Learning Technologien Mitarbeit bei Datenerhebung, -aufbereitung und explorativer Analyse Entwicklung, Validierung und Pilotierung KI- und Statistik-basierte Lösungen für automatisierte Entscheidungen in Fachabteilungen Einbringen in die strategische Definition von Date…",5778564730,"{'label': 'Unknown', 'tag': 'unknown', '__CLASS__': 'Adzuna::API::Response::Category'}",0,"{'display_name': 'Altstadt-Nord, Köln', 'area': ['Deutschland', 'Nordrhein-Westfalen', 'Köln', 'Altstadt-Nord'], '__CLASS__': 'Adzuna::API::Response::Location'}",,,,
Adzuna::API::Response::Job,eyJhbGciOiJIUzI1NiJ9.eyJpIjoiNTc3ODU2NDcxMiIsInMiOiJValJlT3kxNThSR3ZKTDZJQ0xhYXV3In0._tuCnjZev_xo_dCW8TR-alRp-XFtTfWo55IG4pYteAs,https://www.adzuna.de/details/5778564712?utm_medium=api&utm_source=a4bcf954,11.56907,"{'__CLASS__': 'Adzuna::API::Response::Company', 'display_name': 'Lidl Stiftung & Co KG'}",Praktikum Data Science,48.14093,2026-06-27T04:49:32Z,"Deine Aufgaben Werde Teil unseres Daten & KI Teams, unterstütze datenbasierte Analysen und entwickle innovative Automatisierungslösungen. Ab sofort für 4 bis 6 Monate. konkret heißt das: Erhalte Einblicke in Big Data und Machine Learning Technologien Mitarbeit bei Datenerhebung, -aufbereitung und explorativer Analyse Entwicklung, Validierung und Pilotierung KI- und Statistik-basierte Lösungen für automatisierte Entscheidungen in Fachabteilungen Einbringen in die strategische Definition von Date…",5778564712,"{'tag': 'unknown', 'label': 'Unknown', '__CLASS__': 'Adzuna::API::Response::Category'}",0,"{'area': ['Deutschland', 'Bayern', 'München (Kreis)', 'München', 'Altstadt-Lehel'], 'display_name': 'Altstadt-Lehel, München', '__CLASS__': 'Adzuna::API::Response::Location'}",,,,
Adzuna::API::Response::Job,eyJhbGciOiJIUzI1NiJ9.eyJzIjoiVWpSZU95MTU4Ukd2Skw2SUNMYWF1dyIsImkiOiI1Nzc4NTY1NTYzIn0.VpFgmrfmt9YHDogMOpUVXEuUMnrI_F1gmedxQzYgY3o,https://www.adzuna.de/details/5778565563?utm_medium=api&utm_source=a4bcf954,9.77223,"{'display_name': 'Lidl Stiftung & Co KG', '__CLASS__': 'Adzuna::API::Response::Company'}",Praktikum Data Science,52.36489,2026-06-27T04:49:42Z,"Deine Aufgaben Werde Teil unseres Daten & KI Teams, unterstütze datenbasierte Analysen und entwickle innovative Automatisierungslösungen. Ab sofort für 4 bis 6 Monate. konkret heißt das: Erhalte Einblicke in Big Data und Machine Learning Technologien Mitarbeit bei Datenerhebung, -aufbereitung und explorativer Analyse Entwicklung, Validierung und Pilotierung KI- und Statistik-basierte Lösungen für automatisierte Entscheidungen in Fachabteilungen Einbringen in die strategische Definition von Date…",5778565563,"{'tag': 'unknown', 'label': 'Unknown', '__CLASS__': 'Adzuna::API::Response::Category'}",0,"{'area': ['Deutschland', 'Niedersachsen', 'Region Hannover (Kreis)', 'Hannover', 'Bult'], 'display_name': 'Bult, Hannover', '__CLASS__': 'Adzuna::API::Response::Location'}",,,,
Adzuna::API::Response::Job,eyJhbGciOiJIUzI1NiJ9.eyJzIjoiVWpSZU95MTU4Ukd2Skw2SUNMYWF1dyIsImkiOiI1Nzc5NzUxODEwIn0.A3EVEuBfIJ5KJRuELbu9YJmJkmnxY1jvGVCVanJaYr8,https://www.adzuna.de/details/5779751810?utm_medium=api&utm_source=a4bcf954,6.78075,"{'display_name': 'Lidl Stiftung & Co KG', '__CLASS__': 'Adzuna::API::Response::Company'}",Praktikum Data Science,51.21393,2026-06-28T04:48:46Z,"Deine Aufgaben Werde Teil unseres Daten & KI Teams, unterstütze datenbasierte Analysen und entwickle innovative Automatisierungslösungen. Ab sofort für 4 bis 6 Monate. konkret heißt das: Erhalte Einblicke in Big Data und Machine Learning Technologien Mitarbeit bei Datenerhebung, -aufbereitung und explorativer Analyse Entwicklung, Validierung und Pilotierung KI- und Statistik-basierte Lösungen für automatisierte Entscheidungen in Fachabteilungen Einbringen in die strategische Definition von Date…",5779751810,"{'__CLASS__': 'Adzuna::API::Response::Category', 'label': 'Unknown', 'tag': 'unknown'}",0,"{'display_name': 'Friedrichstadt, Düsseldorf', 'area': ['Deutschland', 'Nordrhein-Westfalen', 'Düsseldorf', 'Friedrichstadt'], '__CLASS__': 'Adzuna::API::Response::Location'}",,,,
Adzuna::API::Response::Job,eyJhbGciOiJIUzI1NiJ9.eyJzIjoiVWpSZU95MTU4Ukd2Skw2SUNMYWF1dyIsImkiOiI1Nzc5MTU4NzkyIn0.BigR-ZFJBJsPMuyHeVGce45H6JmKrLgMAtc9PIE823Q,https://www.adzuna.de/details/5779158792?utm_medium=api&utm_source=a4bcf954,,"{'display_name': 'Lidl Stiftung & Co KG', '__CLASS__': 'Adzuna::API::Response::Company'}",Praktikum Data Science,,2026-06-27T16:56:49Z,"Deine Aufgaben Werde Teil unseres Daten & KI Teams, unterstütze datenbasierte Analysen und entwickle innovative Automatisierungslösungen. Ab sofort für 4 bis 6 Monate. … konkret heißt das: Erhalte Einblicke in Big Data und Machine Learning Technologien Mitarbeit bei Datenerhebung, -aufbereitung und explorativer Analyse Entwicklung, Validierung und Pilotierung KI- und Statistik-basierte Lösungen für automatisierte Entscheidungen in Fachabteilungen Einbringen in die strategische Definition von Da…",5779158792,"{'__CLASS__': 'Adzuna::API::Response::Category', 'tag': 'unknown', 'label': 'Unknown'}",0,"{'area': ['Deutschland', 'Niedersachsen', 'Region Hannover (Kreis)', 'Hannover'], 'display_name': 'Hannover, Region Hannover (Kreis)', '__CLASS__': 'Adzuna::API::Response::Location'}",,,,
Adzuna::API::Response::Job,eyJhbGciOiJIUzI1NiJ9.eyJpIjoiNTc3NjM2NTkxMCIsInMiOiJValJlT3kxNThSR3ZKTDZJQ0xhYXV3In0.77lW8jklwHEF7HUKie8VEa8LAU5lUnHG6SnbSHr9--s,https://www.adzuna.de/details/5776365910?utm_medium=api&utm_source=a4bcf954,,"{'display_name': 'Lidl Stiftung & Co KG', '__CLASS__': 'Adzuna::API::Response::Company'}",Praktikum Data Science,,2026-06-25T16:39:42Z,"Deine Aufgaben Werde Teil unseres Daten & KI Teams, unterstütze datenbasierte Analysen und entwickle innovative Automatisierungslösungen. Ab sofort für 4 bis 6 Monate. … konkret heißt das: Erhalte Einblicke in Big Data und Machine Learning Technologien Mitarbeit bei Datenerhebung, -aufbereitung und explorativer Analyse Entwicklung, Validierung und Pilotierung KI- und Statistik-basierte Lösungen für automatisierte Entscheidungen in Fachabteilungen Einbringen in die strategische Definition von Da…",5776365910,"{'__CLASS__': 'Adzuna::API::Response::Category', 'label': 'Unknown', 'tag': 'unknown'}",0,"{'__CLASS__': 'Adzuna::API::Response::Location', 'area': ['Deutschland', 'Bayern', 'München (Kreis)', 'München'], 'display_name': 'München, München (Kreis)'}",,,,
Adzuna::API::Response::Job,eyJhbGciOiJIUzI1NiJ9.eyJpIjoiNTc3NjM2NTEyMyIsInMiOiJValJlT3kxNThSR3ZKTDZJQ0xhYXV3In0.JJn1ppcYp0NksvNJc5i_C0i53UjUnbKMNXFaWZUVktM,https://www.adzuna.de/details/5776365123?utm_medium=api&utm_source=a4bcf954,9.187224,"{'__CLASS__': 'Adzuna::API::Response::Company', 'display_name': 'Lidl Stiftung & Co KG'}",Praktikum Data Science,48.776198,2026-06-25T16:39:14Z,"Deine Aufgaben Werde Teil unseres Daten & KI Teams, unterstütze datenbasierte Analysen und entwickle innovative Automatisierungslösungen. Ab sofort für 4 bis 6 Monate. … konkret heißt das: Erhalte Einblicke in Big Data und Machine Learning Technologien Mitarbeit bei Datenerhebung, -aufbereitung und explorativer Analyse Entwicklung, Validierung und Pilotierung KI- und Statistik-basierte Lösungen für automatisierte Entscheidungen in Fachabteilungen Einbringen in die strategische Definition von Da…",5776365123,"{'tag': 'unknown', 'label': 'Unknown', '__CLASS__': 'Adzuna::API::Response::Category'}",0,"{'__CLASS__': 'Adzuna::API::Response::Location', 'area': ['Deutschland', 'Baden-Württemberg', 'Stuttgart'], 'display_name': 'Stuttgart, Baden-Württemberg'}",,,,
Adzuna::API::Response::Job,eyJhbGciOiJIUzI1NiJ9.eyJpIjoiNTc3NjM2MjY2MiIsInMiOiJValJlT3kxNThSR3ZKTDZJQ0xhYXV3In0.BGVhmCnlrGK0--bqi1vjcYZiXWEHUw_sBk0B8EKIkCk,https://www.adzuna.de/details/5776362662?utm_medium=api&utm_source=a4bcf954,6.808387,"{'__CLASS__': 'Adzuna::API::Response::Company', 'display_name': 'Lidl Stiftung & Co KG'}",Praktikum Data Science,51.226802,2026-06-25T16:37:38Z,"Deine Aufgaben Werde Teil unseres Daten & KI Teams, unterstütze datenbasierte Analysen und entwickle innovative Automatisierungslösungen. Ab sofort für 4 bis 6 Monate. … konkret heißt das: Erhalte Einblicke in Big Data und Machine Learning Technologien Mitarbeit bei Datenerhebung, -aufbereitung und explorativer Analyse Entwicklung, Validierung und Pilotierung KI- und Statistik-basierte Lösungen für automatisierte Entscheidungen in Fachabteilungen Einbringen in die strategische Definition von Da…",5776362662,"{'label': 'Unknown', 'tag': 'unknown', '__CLASS__': 'Adzuna::API::Response::Category'}",0,"{'__CLASS__': 'Adzuna::API::Response::Location', 'display_name': 'Düsseldorf, Nordrhein-Westfalen', 'area': ['Deutschland', 'Nordrhein-Westfalen', 'Düsseldorf']}",,,,
Adzuna::API::Response::Job,eyJhbGciOiJIUzI1NiJ9.eyJpIjoiNTc4NjA4NjQzNiIsInMiOiJValJlT3kxNThSR3ZKTDZJQ0xhYXV3In0.S4Tu7kGcDseieg4jdQQkG69S78dxs8OaRP7DuZIZxno,https://www.adzuna.de/details/5786086436?utm_medium=api&utm_source=a4bcf954,9.2274,"{'display_name': 'Lidl Stiftung', '__CLASS__': 'Adzuna::API::Response::Company'}",Praktikum Data Science,49.18975,2026-07-03T00:47:24Z,"Deine Aufgaben Werde Teil unseres Daten & KI Teams, unterstütze datenbasierte Analysen und entwickle innovative Automatisierungslösungen. Ab sofort für 4 bis 6 Monate. … konkret heißt das: Erhalte Einblicke in Big Data und Machine Learning Technologien Mitarbeit bei Datenerhebung, -aufbereitung und explorativer Analyse Entwicklung, Validierung und Pilotierung KI- und Statistik-basierte Lösungen für automatisierte Entscheidungen in Fachabteilungen Einbringen in die strategische Definition von Da…",5786086436,"{'tag': 'unknown', 'label': 'Unknown', '__CLASS__': 'Adzuna::API::Response::Category'}",0,"{'__CLASS__': 'Adzuna::API::Response::Location', 'area': ['Deutschland', 'Baden-Württemberg', 'Heilbronn (Kreis)', 'Neckarsulm'], 'display_name': 'Neckarsulm, Heilbronn (Kreis)'}",full_time,,,
Adzuna::API::Response::Job,eyJhbGciOiJIUzI1NiJ9.eyJpIjoiNTc3NjM2NjQyOSIsInMiOiJValJlT3kxNThSR3ZKTDZJQ0xhYXV3In0.s59BkXtCWKbzoV23vvUwF5YZ_icKDqpo_QDVE3Jx0WI,https://www.adzuna.de/details/5776366429?utm_medium=api&utm_source=a4bcf954,9.987297,"{'display_name': 'Lidl Stiftung & Co KG', '__CLASS__': 'Adzuna::API::Response::Company'}",Praktikum Data Science,53.557429,2026-06-25T16:40:04Z,"Deine Aufgaben Werde Teil unseres Daten & KI Teams, unterstütze datenbasierte Analysen und entwickle innovative Automatisierungslösungen. Ab sofort für 4 bis 6 Monate. … konkret heißt das: Erhalte Einblicke in Big Data und Machine Learning Technologien Mitarbeit bei Datenerhebung, -aufbereitung und explorativer Analyse Entwicklung, Validierung und Pilotierung KI- und Statistik-basierte Lösungen für automatisierte Entscheidungen in Fachabteilungen Einbringen in die strategische Definition von Da…",5776366429,"{'label': 'Unknown', 'tag': 'unknown', '__CLASS__': 'Adzuna::API::Response::Category'}",0,"{'__CLASS__': 'Adzuna::API::Response::Location', 'display_name': 'Hamburg, Deutschland', 'area': ['Deutschland', 'Hamburg']}",,,,
Adzuna::API::Response::Job,eyJhbGciOiJIUzI1NiJ9.eyJzIjoiVWpSZU95MTU4Ukd2Skw2SUNMYWF1dyIsImkiOiI1Nzc2MzY1MzE2In0.r7KH3Dxgj32kZndfYaieOeyCEuMtqeEt53e7uzO2ZkU,https://www.adzuna.de/details/5776365316?utm_medium=api&utm_source=a4bcf954,8.70979,"{'display_name': 'Lidl Stiftung & Co KG', '__CLASS__': 'Adzuna::API::Response::Company'}",Praktikum Data Science,49.03629,2026-06-25T16:39:20Z,"Deine Aufgaben Werde Teil unseres Daten & KI Teams, unterstütze datenbasierte Analysen und entwickle innovative Automatisierungslösungen. Ab sofort für 4 bis 6 Monate. … konkret heißt das: Erhalte Einblicke in Big Data und Machine Learning Technologien Mitarbeit bei Datenerhebung, -aufbereitung und explorativer Analyse Entwicklung, Validierung und Pilotierung KI- und Statistik-basierte Lösungen für automatisierte Entscheidungen in Fachabteilungen Einbringen in die strategische Definition von Da…",5776365316,"{'label': 'Unknown', 'tag': 'unknown', '__CLASS__': 'Adzuna::API::Response::Category'}",0,"{'area': ['Deutschland', 'Baden-Württemberg', 'Karlsruhe (Kreis)', 'Bretten'], 'display_name': 'Bretten, Karlsruhe (Kreis)', '__CLASS__': 'Adzuna::API::Response::Location'}",,,,
Adzuna::API::Response::Job,eyJhbGciOiJIUzI1NiJ9.eyJzIjoiVWpSZU95MTU4Ukd2Skw2SUNMYWF1dyIsImkiOiI1Nzc1NzMyNjAxIn0.uJV0qCRuPycpuv_CR060xY5AM5Spwd5p2B16nupAQBs,https://www.adzuna.de/land/ad/5775732601?se=UjReOy158RGvJL6ICLaauw&utm_medium=api&utm_source=a4bcf954&v=B658D1882A802DEEF2AF0243A4DB3B7C52FA2ABE,6.55171,"{'display_name': 'Hochschule Rhein-Waal', '__CLASS__': 'Adzuna::API::Response::Company'}",Wissenschaftliche*r Mitarbeiter*in mit dem Schwerpunkt Human-Computer-Interaction,51.50288,2026-06-25T06:22:49Z,"Seit rund 15 Jahren stehen wir an der Hochschule Rhein-Waal am Niederrhein für eine innovative, inter­disziplinäre und internationale Ausbildung junger Menschen aus der ganzen Welt. Wir bieten insgesamt 37 Bachelor- und Master­studien­gänge an den vier inter­disziplinären Fakultäten – Technologie und Bionik, Life Sciences, Gesell­schaft und Ökonomie sowie Kommunikation und Umwelt. Mehr als 90 Partner­hochschulen in 38 Ländern stehen für die internationale Kooperations­stärke der Hochschule Rhei…",5775732601,"{'label': 'Stellen aus Wissenschaft & Qualitätssicherung', 'tag': 'scientific-qa-jobs', '__CLASS__': 'Adzuna::API::Response::Category'}",0,"{'__CLASS__': 'Adzuna::API::Response::Location', 'area': ['Deutschland', 'Nordrhein-Westfalen', 'Wesel (Kreis)', 'Kamp-Lintfort'], 'display_name': 'Kamp-Lintfort, Wesel (Kreis)'}",,,,
Adzuna::API::Response::Job,eyJhbGciOiJIUzI1NiJ9.eyJpIjoiNTc1MDM3MTA3OSIsInMiOiJValJlT3kxNThSR3ZKTDZJQ0xhYXV3In0.fVgD1vk30EvezXOcjRTVliLUeGKb_b4bw1Rvfn_xYh8,https://www.adzuna.de/land/ad/5750371079?se=UjReOy158RGvJL6ICLaauw&utm_medium=api&utm_source=a4bcf954&v=AC6146C57702988E005756988412B0811478F014,8.087806,"{'__CLASS__': 'Adzuna::API::Response::Company', 'display_name': 'BWI GmbH'}",Duales Studium zum Bachelor of Science in Wirtschaftsinformatik KI & Data Science inkl. Ausbildung zum Fachinformatiker Anwend,53.550256,2026-06-03T11:35:27Z,"Als primärer Digitalisierungspartner der Bundeswehr erbringen wir stabile, sichere und effiziente IT-Services im In- und Ausland, vom Grundbetrieb bis in den einsatznahen Bereich und tragen so zur kontinuierlichen Erhöhung der Führungs- und Einsatzfähigkeit der Bundeswehr bei. Mit über 7.700 Kolleg*innen betreiben und modernisieren wir eine der größten und komplexesten IT-Infrastrukturen in Deutschland. Wir suchen verantwortungsvolle IT-Spezialist*innen, die die Bundeswehr-IT aus Überzeugung in…",5750371079,"{'label': 'Teilzeitstellen', 'tag': 'part-time-jobs', '__CLASS__': 'Adzuna::API::Response::Category'}",0,"{'area': ['Deutschland', 'Niedersachsen', 'Wilhelmshaven'], 'display_name': 'Wilhelmshaven, Niedersachsen', '__CLASS__': 'Adzuna::API::Response::Location'}",,,,
Adzuna::API::Response::Job,eyJhbGciOiJIUzI1NiJ9.eyJzIjoiVWpSZU95MTU4Ukd2Skw2SUNMYWF1dyIsImkiOiI1NzUwMzg5MDg2In0.FM9u6pnI6bM6DxsdKUH3aDFFYKRhMwqp0UkxwfqJoD8,https://www.adzuna.de/land/ad/5750389086?se=UjReOy158RGvJL6ICLaauw&utm_medium=api&utm_source=a4bcf954&v=2A546E6A4CD6C05D1693DE36D50BCB026400255D,8.412378,"{'__CLASS__': 'Adzuna::API::Response::Company', 'display_name': 'BBBank eG'}",Duales Studium Bachelor of Science (B.Sc.) Data Science und knstliche Intelligenz (m/w/d) 2027,49.001249,2026-06-03T11:38:38Z,"BBBank eG - Better Banking Wir sind die größte genossenschaftliche Privatkundenbank in Deutschland. Als Digitalbank mit bundesweitem Filialnetz anüber 100 Standorten vereinen wir Erfahrung und Innovation mit derüber 100-jährigen Kompetenz eines erfolgreichen Bankhauses– kundenorientiert, wirtschaftlich, nachhaltig und sympathisch. Wir leben, lieben und liefern Better Banking und setzen Maßstäbe, die nachhaltig sind. Für Wachstum mit Substanz. Für beständige Weiterentwicklung, die Kundenerlebnis…",5750389086,"{'__CLASS__': 'Adzuna::API::Response::Category', 'tag': 'part-time-jobs', 'label': 'Teilzeitstellen'}",0,"{'display_name': 'Karlsruhe, Karlsruhe (Kreis)', 'area': ['Deutschland', 'Baden-Württemberg', 'Karlsruhe (Kreis)', 'Karlsruhe'], '__CLASS__': 'Adzuna::API::Response::Location'}",,,,
Adzuna::API::Response::Job,eyJhbGciOiJIUzI1NiJ9.eyJpIjoiNTc2ODcwMzczMSIsInMiOiJValJlT3kxNThSR3ZKTDZJQ0xhYXV3In0.y29AKI9Qp8mZLRngIP451VcZkfIlYuaLg5v2ZYuVvbw,https://www.adzuna.de/land/ad/5768703731?se=UjReOy158RGvJL6ICLaauw&utm_medium=api&utm_source=a4bcf954&v=57585F1B53173E142BBF2536C6E90FACA81D7CDC,12.373598,"{'__CLASS__': 'Adzuna::API::Response::Company', 'display_name': 'BWI GmbH'}",Duales Studium zum Bachelor of Science in Wirtschaftsinformatik KI&Data Science inkl. Ausbildung zum Fachinformatiker Systemi,51.339254,2026-06-19T01:16:16Z,"Als primärer Digitalisierungspartner der Bundeswehr erbringen wir stabile, sichere und effiziente IT-Services im In- und Ausland, vom Grundbetrieb bis in den einsatznahen Bereich und tragen so zur kontinuierlichen Erhöhung der Führungs- und Einsatzfähigkeit der Bundeswehr bei. Mit über 8.000 Kolleg*innen betreiben und modernisieren wir eine der größten und komplexesten IT-Infrastrukturen in Deutschland. Wir suchen verantwortungsvolle IT-Spezialist*innen, die die Bundeswehr-IT aus Überzeugung in…",5768703731,"{'tag': 'part-time-jobs', 'label': 'Teilzeitstellen', '__CLASS__': 'Adzuna::API::Response::Category'}",0,"{'__CLASS__': 'Adzuna::API::Response::Location', 'display_name': 'Leipzig, Leipzig (Kreis)', 'area': ['Deutschland', 'Sachsen', 'Leipzig (Kreis)', 'Leipzig']}",,,,
Adzuna::API::Response::Job,eyJhbGciOiJIUzI1NiJ9.eyJpIjoiNTc4ODU5MTQxNCIsInMiOiJValJlT3kxNThSR3ZKTDZJQ0xhYXV3In0.nW6csJ3g56m9MFi-yZVNmKCbmtGMdHNig0VbuolmJvo,https://www.adzuna.de/land/ad/5788591414?se=UjReOy158RGvJL6ICLaauw&utm_medium=api&utm_source=a4bcf954&v=C324DFB5529A7982C109999BF348D3184B650ACE,11.083642,"{'__CLASS__': 'Adzuna::API::Response::Company', 'display_name': 'DATEV eG'}","Duales Studium Bachelor of Science in Data Science und Künstlicher Intelligenz (m/w/d), ab 09/2027",49.443967,2026-07-05T01:48:24Z,Das ist dein Arbeitsumfeld: Gemeinsam mit rund 200 Auszubildenden und dual Studierenden meisterst du die abwechslungsreichen und anspruchsvollen Aufgaben und bist von Beginn an in ein Team eingebunden. Kompetente Ausbilderinnen und Ausbilder stehen dir mit Rat und Tat zur Seite und unterstützen dich bei deiner fachlichen und persönlichen Entwicklung. Nach erfolgreichem Abschluss darfst du dich auf eineÜbernahme von mind. einem Jahr freuen. Zum 01.09. starten wir in einen gemeinsamen Orientierun…,5788591414,"{'tag': 'part-time-jobs', 'label': 'Teilzeitstellen', '__CLASS__': 'Adzuna::API::Response::Category'}",0,"{'area': ['Deutschland', 'Bayern', 'Nürnberg'], 'display_name': 'Nürnberg, Bayern', '__CLASS__': 'Adzuna::API::Response::Location'}",,,,
Adzuna::API::Response::Job,eyJhbGciOiJIUzI1NiJ9.eyJzIjoiVWpSZU95MTU4Ukd2Skw2SUNMYWF1dyIsImkiOiI1NzI3MzMzMjM0In0.plsaSyrhw7-8BIGyY9iHHVYQ8i24TIu1jEq_tl5j8Zs,https://www.adzuna.de/details/5727333234?utm_medium=api&utm_source=a4bcf954,6.86811,"{'__CLASS__': 'Adzuna::API::Response::Company', 'display_name': 'Skopos Group'}",Initiativbewerbung Data Science / BI,50.87096,2026-05-12T23:14:56Z,"Das sind wir Daten sind für uns nicht gleich Daten. Du teilst unsere Mission ""Mehr aus Daten rausholen""? Dann bist Du als Newbie oder erfahrenes Data Science Talent bei uns mehr als willkommen! Bei SKOPOS ELEMENTS unterstützen talentierte Data Scientists zukunftsorientierte Unternehmen und Menschen bei ihrem Weg zur Data Driven Company. Als Teil der SKOPOS GROUP sind wir seit 1995 führender Anbieter in der Marktforschung und beschäftigen aktuell über 140 Mitarbeitende. Begleite unser Wachstum u…",5727333234,"{'label': 'Unknown', 'tag': 'unknown', '__CLASS__': 'Adzuna::API::Response::Category'}",0,"{'display_name': 'Hürth, Rhein-Erft-Kreis', 'area': ['Deutschland', 'Nordrhein-Westfalen', 'Rhein-Erft-Kreis', 'Hürth'], '__CLASS__': 'Adzuna::API::Response::Location'}",full_time,,,
Adzuna::API::Response::Job,eyJhbGciOiJIUzI1NiJ9.eyJzIjoiVWpSZU95MTU4Ukd2Skw2SUNMYWF1dyIsImkiOiI1NjA3MjM3OTk0In0.SeWI9UOQP0y1lseXMOrV6OBtCHroZ_yMt_r64Uq2kiE,https://www.adzuna.de/details/5607237994?utm_medium=api&utm_source=a4bcf954,11.56803,"{'__CLASS__': 'Adzuna::API::Response::Company', 'display_name': 'Flexa'}",Head of Data Science,48.1476,2026-01-31T07:21:56Z,"Short Facts Join us on our journey to build Europe's energy backbone : We at Flexa are building Europe's largest virtual power plant with currently above 100k assets signed up, aiming to breach the million in the near future. To optimize the value creation from both trading algorithms across markets and dispatching to the assets, we are looking for a forward-thinking and experienced Head of Data Science (d/f/m) who shares our vision and values. A pioneering Head of Data Science to lead and grow…",5607237994,"{'__CLASS__': 'Adzuna::API::Response::Category', 'tag': 'unknown', 'label': 'Unknown'}",0,"{'__CLASS__': 'Adzuna::API::Response::Location', 'area': ['Deutschland', 'Bayern', 'München (Kreis)', 'München', 'Maxvorstadt'], 'display_name': 'Maxvorstadt, München'}",full_time,140000.0,200000.0,
Adzuna::API::Response::Job,eyJhbGciOiJIUzI1NiJ9.eyJpIjoiNTc2Njk1NTM2MSIsInMiOiJValJlT3kxNThSR3ZKTDZJQ0xhYXV3In0.RTeOeqvFQFqBsAYMQ3HNAqDgwdax_iMNxRBgXCauRSY,https://www.adzuna.de/details/5766955361?utm_medium=api&utm_source=a4bcf954,9.1557,"{'display_name': 'Robert Bosch GmbH', '__CLASS__': 'Adzuna::API::Response::Company'}",Pflichtpraktikum Data Science im Qualitätsmanagement,48.81065,2026-06-17T19:30:56Z,"Pflichtpraktikum Data Science im Qualitätsmanagement Wernerstraße 51, 70469 Stuttgart, Deutschland Vollzeit Robert Bosch GmbH Unternehmensbeschreibung Bei Bosch gestalten wir Zukunft mit hochwertigen Technologien und Dienstleistungen, die Begeisterung wecken und das Leben der Menschen verbessern. Unser Versprechen an unsere Mitarbeiterinnen und Mitarbeiter steht dabei felsenfest: Wir wachsen gemeinsam, haben Freude an unserer Arbeit und inspirieren uns gegenseitig. Willkommen bei Bosch. Die Rob…",5766955361,"{'label': 'Unknown', 'tag': 'unknown', '__CLASS__': 'Adzuna::API::Response::Category'}",0,"{'area': ['Deutschland', 'Baden-Württemberg', 'Stuttgart', 'Feuerbach'], 'display_name': 'Feuerbach, Stuttgart', '__CLASS__': 'Adzuna::API::Response::Location'}",full_time,,,
Adzuna::API::Response::Job,eyJhbGciOiJIUzI1NiJ9.eyJpIjoiNTczNDQ2Mzc4MyIsInMiOiJValJlT3kxNThSR3ZKTDZJQ0xhYXV3In0.Mvn3vzzqDahu7PznKRNy5-q2atlDw2Bw6JM4hXyvPlU,https://www.adzuna.de/details/5734463783?utm_medium=api&utm_source=a4bcf954,,"{'__CLASS__': 'Adzuna::API::Response::Company', 'display_name': 'Just Eat'}",Data Science Team Leader,,2026-05-19T23:10:02Z,"Ready for a challenge? That’s good, because at Just Eat Takeaway.com (JET) we have abundant opportunity, or, as we say, everything is on the table. We are a leading global online food delivery marketplace. Our tech ecosystem connects millions of active customers with hundreds of thousands of connected partners in countries across the globe. Our mission? To empower every food moment around the world, whether it’s through customer service, coding or couriers. About this role As the Senior Team Le…",5734463783,"{'tag': 'unknown', 'label': 'Unknown', '__CLASS__': 'Adzuna::API::Response::Category'}",0,"{'__CLASS__': 'Adzuna::API::Response::Location', 'area': ['Deutschland'], 'display_name': 'Deutschland'}",full_time,,,
Adzuna::API::Response::Job,eyJhbGciOiJIUzI1NiJ9.eyJzIjoiVWpSZU95MTU4Ukd2Skw2SUNMYWF1dyIsImkiOiI1NTAyMjU3OTMwIn0.w6MPJHoh8fGnZ_k3estTzTyooEBMFBdvugrw7zqD3d0,https://www.adzuna.de/details/5502257930?utm_medium=api&utm_source=a4bcf954,13.420806,"{'display_name': 'Melotech', '__CLASS__': 'Adzuna::API::Response::Company'}","Data Science, Music & Audio",52.507706,2025-11-18T19:20:38Z,"Who we are Melotech is revolutionizing media and entertainment. We create art through technology for humans to enjoy. In just 24 months, our work has been heard, watched and loved for over 3 billion minutes worldwide. Founded by entrepreneur and investor Soheil Mirpour, we are backed by top VCs Cherry Ventures, Speedinvest and GFC, alongside world-class angels from firms such as Spotify, Blackstone and KKR. What you will do Join us as our first dedicated Data Scientist to bring order to the cha…",5502257930,"{'__CLASS__': 'Adzuna::API::Response::Category', 'tag': 'unknown', 'label': 'Unknown'}",0,"{'area': ['Deutschland', 'Berlin'], 'display_name': 'Berlin, Deutschland', '__CLASS__': 'Adzuna::API::Response::Location'}",full_time,,,
Adzuna::API::Response::Job,eyJhbGciOiJIUzI1NiJ9.eyJzIjoiVWpSZU95MTU4Ukd2Skw2SUNMYWF1dyIsImkiOiI1NzMwNzY0MzczIn0.Fd_AphylsbdT6ywCEMSOBjJ99RPKMa1IXTSzuCaynII,https://www.adzuna.de/details/5730764373?utm_medium=api&utm_source=a4bcf954,,"{'__CLASS__': 'Adzuna::API::Response::Company', 'display_name': 'Just Eat'}",Data Science Team Leader,,2026-05-15T22:54:05Z,"Ready for a challenge? That’s good, because at Just Eat Takeaway.com (JET) we have abundant opportunity, or, as we say, everything is on the table. We are a leading global online food delivery marketplace. Our tech ecosystem connects millions of active customers with hundreds of thousands of connected partners in countries across the globe. Our mission? To empower every food moment around the world, whether it’s through customer service, coding or couriers. About this role As the Senior Team Le…",5730764373,"{'label': 'Unknown', 'tag': 'unknown', '__CLASS__': 'Adzuna::API::Response::Category'}",0,"{'__CLASS__': 'Adzuna::API::Response::Location', 'display_name': 'Deutschland', 'area': ['Deutschland']}",full_time,,,
Adzuna::API::Response::Job,eyJhbGciOiJIUzI1NiJ9.eyJpIjoiNTY3MjQ3Nzk1MCIsInMiOiJValJlT3kxNThSR3ZKTDZJQ0xhYXV3In0.RJ8HOgizYJWWnOxVLa87PuV9y8gqfO9Zti_Z8TUijSo,https://www.adzuna.de/details/5672477950?utm_medium=api&utm_source=a4bcf954,10.85789,"{'display_name': 'UCB', '__CLASS__': 'Adzuna::API::Response::Company'}",Data Science Lead 1,48.84099,2026-03-19T22:33:09Z,"Make your mark for patients To strengthen our Global Advanced Analytics team, we are looking for an adaptable, collaborative individual with an intrapreneurial mindset for our Analytics Lead opening . This hybrid role is based in our headquarters in Monheim, Germany requiring 40% onsite presence and 5-10% international/ domestic travel. About the role You will help to inform on the commercial viability of various assets in development. You will be responsible for making exceptional business imp…",5672477950,"{'__CLASS__': 'Adzuna::API::Response::Category', 'label': 'Unknown', 'tag': 'unknown'}",0,"{'__CLASS__': 'Adzuna::API::Response::Location', 'area': ['Deutschland', 'Bayern', 'Donau-Ries (Kreis)', 'Monheim'], 'display_name': 'Monheim, Donau-Ries (Kreis)'}",,,,
Adzuna::API::Response::Job,eyJhbGciOiJIUzI1NiJ9.eyJzIjoiVWpSZU95MTU4Ukd2Skw2SUNMYWF1dyIsImkiOiI0ODcwNDg5MDc1In0.9T-S5m9LfHm4yLn8U1EBufehUHABAKHTEmjZ_ZPYbH8,https://www.adzuna.de/details/4870489075?utm_medium=api&utm_source=a4bcf954,13.420806,"{'display_name': 'Mapp Digital Us Llc', '__CLASS__': 'Adzuna::API::Response::Company'}",Team Lead Data Science,52.507706,2024-09-20T13:48:26Z,"INTRODUCTION TO THE COMPANY Webtrekk is one of Europe’s market leaders for Customer Intelligence and Marketing Analytics. Since 2019, we are part of the marketing technology service provider, Mapp, and support marketers and data analysts in understanding and analyzing the behavior of their website and app users across all channels and help to utilize this information specifically for marketing purposes. Our solution, which is based on first-party data, ensures maximum data depth for our custome…",4870489075,"{'tag': 'unknown', 'label': 'Unknown', '__CLASS__': 'Adzuna::API::Response::Category'}",0,"{'display_name': 'Berlin, Deutschland', 'area': ['Deutschland', 'Berlin'], '__CLASS__': 'Adzuna::API::Response::Location'}",full_time,,,
Adzuna::API::Response::Job,eyJhbGciOiJIUzI1NiJ9.eyJpIjoiNTc3NjM2NTQ2NCIsInMiOiJValJlT3kxNThSR3ZKTDZJQ0xhYXV3In0.R39I-zrox9AYvHI7J5sRCvoITVfVo8wTTmPvJEBZ0Dw,https://www.adzuna.de/details/5776365464?utm_medium=api&utm_source=a4bcf954,,"{'display_name': 'Lidl Stiftung & Co KG', '__CLASS__': 'Adzuna::API::Response::Company'}",Praktikum Data Science in Neckarsulm,,2026-06-25T16:39:25Z,"Deine Aufgaben Werde Teil unseres Daten & KI Teams, unterstütze datenbasierte Analysen und entwickle innovative Automatisierungslösungen. Ab sofort für 4 bis 6 Monate. … konkret heißt das: Erhalte Einblicke in Big Data und Machine Learning Technologien Mitarbeit bei Datenerhebung, -aufbereitung und explorativer Analyse Entwicklung, Validierung und Pilotierung KI- und Statistik-basierte Lösungen für automatisierte Entscheidungen in Fachabteilungen Einbringen in die strategische Definition von Da…",5776365464,"{'__CLASS__': 'Adzuna::API::Response::Category', 'tag': 'unknown', 'label': 'Unknown'}",0,"{'area': ['Deutschland', 'Bayern', 'München (Kreis)'], 'display_name': 'München (Kreis), Bayern', '__CLASS__': 'Adzuna::API::Response::Location'}",,,,
Adzuna::API::Response::Job,eyJhbGciOiJIUzI1NiJ9.eyJpIjoiNTcwODEwODQ0OSIsInMiOiJValJlT3kxNThSR3ZKTDZJQ0xhYXV3In0.eyXQa-GGTTsoAvSYCxicsV2AjosW5ifiDrYHMzbhSro,https://www.adzuna.de/details/5708108449?utm_medium=api&utm_source=a4bcf954,,"{'display_name': 'Lidl Stiftung', '__CLASS__': 'Adzuna::API::Response::Company'}",Praktikum Data Science in Neckarsulm,,2026-04-23T10:57:19Z,"Deine Aufgaben Werde Teil unseres Daten & KI Teams, unterstütze datenbasierte Analysen und entwickle innovative Automatisierungslösungen. Ab sofort für 4 bis 6 Monate. … konkret heißt das: Erhalte Einblicke in Big Data und Machine Learning Technologien Mitarbeit bei Datenerhebung, -aufbereitung und explorativer Analyse Entwicklung, Validierung und Pilotierung KI- und Statistik-basierte Lösungen für automatisierte Entscheidungen in Fachabteilungen Einbringen in die strategische Definition von Da…",5708108449,"{'label': 'Unknown', 'tag': 'unknown', '__CLASS__': 'Adzuna::API::Response::Category'}",0,"{'__CLASS__': 'Adzuna::API::Response::Location', 'area': ['Deutschland'], 'display_name': 'Deutschland'}",full_time,,,
Adzuna::API::Response::Job,eyJhbGciOiJIUzI1NiJ9.eyJzIjoiVWpSZU95MTU4Ukd2Skw2SUNMYWF1dyIsImkiOiI1Nzg1NjkxMTIxIn0.z5AEGtI-cOsXguG8-huSEP6O1iz-vg6b5AAHUpXqabk,https://www.adzuna.de/land/ad/5785691121?se=UjReOy158RGvJL6ICLaauw&utm_medium=api&utm_source=a4bcf954&v=D881FA7F5691F5C1B00A593FE737D9C64EF1F007,8.650578,"{'__CLASS__': 'Adzuna::API::Response::Company', 'display_name': 'Föderale IT-Kooperation '}",Produktgruppenleitung Marktplätze (m/w/d),50.129683,2026-07-02T19:37:31Z,"Verwaltung und Innovation – passt das zusammen? Wir sagen: Ja! Mit rund 150 Mitarbeiter:innen treiben wir als agile Einheit die Digitalisierung der Verwaltung in Deutschland voran – schlank, spezialisiert und mit Gestaltungsspielraum. Als Umsetzungseinheit des IT-Planungsrats stärken wir die Handlungsfähigkeit, schaffen Synergien und vernetzen Akteure. Unsere Zusammenarbeit basiert auf Offenheit, Vertrauen und Wertschätzung – Vielfalt auf Augenhöhe prägt unser Miteinander. Was uns eint: die Mot…",5785691121,"{'__CLASS__': 'Adzuna::API::Response::Category', 'label': 'Unknown', 'tag': 'unknown'}",0,"{'__CLASS__': 'Adzuna::API::Response::Location', 'area': ['Deutschland', 'Hessen', 'Frankfurt am Main'], 'display_name': 'Frankfurt am Main, Hessen'}",,,,
Adzuna::API::Response::Job,eyJhbGciOiJIUzI1NiJ9.eyJzIjoiVWpSZU95MTU4Ukd2Skw2SUNMYWF1dyIsImkiOiI1Nzg3MDAzODkyIn0.r_mMUqrrIipAdQ94QNvhKy8VY-oJGQYgdI0VG2KSokg,https://www.adzuna.de/land/ad/5787003892?se=UjReOy158RGvJL6ICLaauw&utm_medium=api&utm_source=a4bcf954&v=8CAEB33E17EFABE7B1F57D5FF950E48502995189,12.33728,"{'__CLASS__': 'Adzuna::API::Response::Company', 'display_name': 'CTC gGmbH – Center for the Transformation of Chemistry'}",Leitung Stabsstelle Interne Revision (m/w/d),51.52196,2026-07-03T19:38:29Z,"Das Center for the Transformation of Chemistry (CTC) ist ein neu entstehendes Großforschungszentrum in Mitteldeutschland mit den Standorten Delitzsch in Sachsen und Merseburg in Sachsen-Anhalt. Das Zentrum wird in der Gesellschaftsform einer gGmbH vom Bund sowie den Ländern Sachsen und Sachsen-Anhalt betrieben und finanziert. Am CTC wollen wir Chemie neu denken und umsetzen – und zwar auf vielen Ebenen: neue Materialien, neue chemische Prozesse und Anlagen und eine neue Art chemisch zu forschen…",5787003892,"{'__CLASS__': 'Adzuna::API::Response::Category', 'label': 'Unknown', 'tag': 'unknown'}",0,"{'__CLASS__': 'Adzuna::API::Response::Location', 'area': ['Deutschland', 'Sachsen', 'Nordsachsen (Kreis)', 'Delitzsch'], 'display_name': 'Delitzsch, Nordsachsen (Kreis)'}",,,,
Adzuna::API::Response::Job,eyJhbGciOiJIUzI1NiJ9.eyJzIjoiVWpSZU95MTU4Ukd2Skw2SUNMYWF1dyIsImkiOiI1NzgwNzkxNTQ3In0.eeDbee5w1pFb7T37tmL5drotbB09tnRijL4BR-1upww,https://www.adzuna.de/land/ad/5780791547?se=UjReOy158RGvJL6ICLaauw&utm_medium=api&utm_source=a4bcf954&v=60FE9A4D67D0B68DB572D577BE23B3ECCD2325F3,6.089788,"{'display_name': 'adesso SE', '__CLASS__': 'Adzuna::API::Response::Company'}",Senior GenAI Engineer (all genders),50.773914,2026-06-29T06:24:23Z,"adesso steht für digitale Exzellenz – und damit auch für vielfältige Entwicklungsmöglichkeiten für alle adessi. Wir wachsen gemeinsam und lernen voneinander: in anspruchsvollen Projekten, interdisziplinären Teams und mit zielgerichteten Trainingsangeboten. Wir haben IT im Herzen und den Erfolg unserer Kunden im Fokus. Als Treiber der KI-Transformation verbinden wir Mut zur Veränderung mit technologischer Expertise und zukunftsfähigen Strategien. Was uns stark macht, sind unsere adessi, die etwa…",5780791547,"{'__CLASS__': 'Adzuna::API::Response::Category', 'label': 'IT-Stellen', 'tag': 'it-jobs'}",0,"{'__CLASS__': 'Adzuna::API::Response::Location', 'display_name': 'Aachen, Aachen (Kreis)', 'area': ['Deutschland', 'Nordrhein-Westfalen', 'Aachen (Kreis)', 'Aachen']}",,,,
Adzuna::API::Response::Job,eyJhbGciOiJIUzI1NiJ9.eyJpIjoiNTc3MzE4MTA0NyIsInMiOiJValJlT3kxNThSR3ZKTDZJQ0xhYXV3In0.G-Hd2AjxaXFR4e9MjMDjni83uXU4jnJZwvWmNHgAqeU,https://www.adzuna.de/land/ad/5773181047?se=UjReOy158RGvJL6ICLaauw&utm_medium=api&utm_source=a4bcf954&v=E5F32F42F1C428D39FF722C46C83603532888759,6.089788,"{'__CLASS__': 'Adzuna::API::Response::Company', 'display_name': 'adesso SE'}",Senior ML Engineer (all genders),50.773914,2026-06-23T06:22:14Z,"adesso steht für digitale Exzellenz – und damit auch für vielfältige Entwicklungsmöglichkeiten für alle adessi. Wir wachsen gemeinsam und lernen voneinander: in anspruchsvollen Projekten, interdisziplinären Teams und mit zielgerichteten Trainingsangeboten. Wir haben IT im Herzen und den Erfolg unserer Kunden im Fokus. Als Treiber der KI-Transformation verbinden wir Mut zur Veränderung mit technologischer Expertise und zukunftsfähigen Strategien. Was uns stark macht, sind unsere adessi, die etwa…",5773181047,"{'__CLASS__': 'Adzuna::API::Response::Category', 'tag': 'unknown', 'label': 'Unknown'}",0,"{'area': ['Deutschland', 'Nordrhein-Westfalen', 'Aachen (Kreis)', 'Aachen'], 'display_name': 'Aachen, Aachen (Kreis)', '__CLASS__': 'Adzuna::API::Response::Location'}",,,,
Adzuna::API::Response::Job,eyJhbGciOiJIUzI1NiJ9.eyJzIjoiVWpSZU95MTU4Ukd2Skw2SUNMYWF1dyIsImkiOiI1NzczMTgwOTM4In0.pUu6mbl5VOkX16a1n3uQsILZkCSmWosW2w1lFQw3RTE,https://www.adzuna.de/land/ad/5773180938?se=UjReOy158RGvJL6ICLaauw&utm_medium=api&utm_source=a4bcf954&v=A8FDE31EE176ACDFC5E80ED3FFE9E0CF9CDF1C84,13.420806,"{'__CLASS__': 'Adzuna::API::Response::Company', 'display_name': 'adesso SE'}",Senior Agentic AI Engineer (all genders),52.507706,2026-06-23T06:22:14Z,"adesso steht für digitale Exzellenz – und damit auch für vielfältige Entwicklungsmöglichkeiten für alle adessi. Wir wachsen gemeinsam und lernen voneinander: in anspruchsvollen Projekten, interdisziplinären Teams und mit zielgerichteten Trainingsangeboten. Wir haben IT im Herzen und den Erfolg unserer Kunden im Fokus. Als Treiber der KI-Transformation verbinden wir Mut zur Veränderung mit technologischer Expertise und zukunftsfähigen Strategien. Was uns stark macht, sind unsere adessi, die etwa…",5773180938,"{'__CLASS__': 'Adzuna::API::Response::Category', 'tag': 'it-jobs', 'label': 'IT-Stellen'}",0,"{'area': ['Deutschland', 'Berlin'], 'display_name': 'Berlin, Deutschland', '__CLASS__': 'Adzuna::API::Response::Location'}",,,,
Adzuna::API::Response::Job,eyJhbGciOiJIUzI1NiJ9.eyJpIjoiNTc3ODQwNTE1NyIsInMiOiJValJlT3kxNThSR3ZKTDZJQ0xhYXV3In0.DV0yuaTYwbuiPsBLIoCJgXOgB2RYjTFLBtB5L6nsjHw,https://www.adzuna.de/details/5778405157?utm_medium=api&utm_source=a4bcf954,8.53909,"{'display_name': 'HERE', '__CLASS__': 'Adzuna::API::Response::Company'}",Intern-Data Science- (Python/ Data mining),50.14882,2026-06-27T02:47:48Z,"As a working student in the highly innovative research project HFIN (Human Factors for Navigation) Phase 1, you will directly contribute to road safety by helping to optimize the driver's cognitive load. Key Responsibilities: Assist in researching and analyzing driver cognitive load metrics and their impact on road safety. Necessary literature review. Support data collection and analysis related to driver behavior. Creation of optimal algorithms as per HFIN use cases. Data mining, as well as th…",5778405157,"{'__CLASS__': 'Adzuna::API::Response::Category', 'tag': 'unknown', 'label': 'Unknown'}",0,"{'display_name': 'Schwalbach am Taunus, Main-Taunus-Kreis', 'area': ['Deutschland', 'Hessen', 'Main-Taunus-Kreis', 'Schwalbach am Taunus'], '__CLASS__': 'Adzuna::API::Response::Location'}",part_time,,,contract
Adzuna::API::Response::Job,eyJhbGciOiJIUzI1NiJ9.eyJpIjoiNTc4NzM3NTI4MSIsInMiOiJValJlT3kxNThSR3ZKTDZJQ0xhYXV3In0.ys0gQEX7FjUkho1cLuXG25f0AiyuikU5G3SMvqD6324,https://www.adzuna.de/land/ad/5787375281?se=UjReOy158RGvJL6ICLaauw&utm_medium=api&utm_source=a4bcf954&v=22BA2763B33501E82D642D64E05CA7892028F13B,12.373598,"{'display_name': 'BWI GmbH', '__CLASS__': 'Adzuna::API::Response::Company'}",Duales Studium zum Bachelor of Science in Wirtschaftsinformatik KI & Data Science inkl. Ausbildung zum Fachinformatiker Anwendungsentwicklung (m/w/d),51.339254,2026-07-04T01:40:32Z,"Sorge gemeinsam mit uns für die digitale Zukunftsfähigkeit der Bundeswehr. Als primärer Digitalisierungspartner der Bundeswehr erbringen wir stabile, sichere und effiziente IT-Services im In- und Ausland, vom Grundbetrieb bis in den einsatznahen Bereich und tragen so zur kontinuierlichen Erhöhung der Führungs- und Einsatzfähigkeit der Bundeswehr bei. Mit über 8.000 Kolleg*innen betreiben und modernisieren wir eine der größten und komplexesten IT-Infrastrukturen in Deutschland. Wir suchen verant…",5787375281,"{'__CLASS__': 'Adzuna::API::Response::Category', 'tag': 'it-jobs', 'label': 'IT-Stellen'}",0,"{'__CLASS__': 'Adzuna::API::Response::Location', 'display_name': 'Leipzig, Leipzig (Kreis)', 'area': ['Deutschland', 'Sachsen', 'Leipzig (Kreis)', 'Leipzig']}",full_time,,,
Adzuna::API::Response::Job,eyJhbGciOiJIUzI1NiJ9.eyJpIjoiNTc4NzM4MTMwMyIsInMiOiJValJlT3kxNThSR3ZKTDZJQ0xhYXV3In0.YkjFovFEVa0Vk0901somxTkvMqqyxSGL5ndTG4vT3tE,https://www.adzuna.de/land/ad/5787381303?se=UjReOy158RGvJL6ICLaauw&utm_medium=api&utm_source=a4bcf954&v=BA84FA90A06848A816ACF0B4F509A4970569C116,8.087806,"{'display_name': 'BWI GmbH', '__CLASS__': 'Adzuna::API::Response::Company'}",Duales Studium zum Bachelor of Science in Wirtschaftsinformatik KI & Data Science inkl. Ausbildung zum Fachinformatiker Anwendungsentwicklung (m/w/d),53.550256,2026-07-04T01:43:06Z,"Sorge gemeinsam mit uns für die digitale Zukunftsfähigkeit der Bundeswehr. Als primärer Digitalisierungspartner der Bundeswehr erbringen wir stabile, sichere und effiziente IT-Services im In- und Ausland, vom Grundbetrieb bis in den einsatznahen Bereich und tragen so zur kontinuierlichen Erhöhung der Führungs- und Einsatzfähigkeit der Bundeswehr bei. Mit über 8.000 Kolleg*innen betreiben und modernisieren wir eine der größten und komplexesten IT-Infrastrukturen in Deutschland. Wir suchen verant…",5787381303,"{'__CLASS__': 'Adzuna::API::Response::Category', 'tag': 'it-jobs', 'label': 'IT-Stellen'}",0,"{'display_name': 'Wilhelmshaven, Niedersachsen', 'area': ['Deutschland', 'Niedersachsen', 'Wilhelmshaven'], '__CLASS__': 'Adzuna::API::Response::Location'}",full_time,,,
Adzuna::API::Response::Job,eyJhbGciOiJIUzI1NiJ9.eyJpIjoiNTc0NzQ3OTMxNSIsInMiOiJValJlT3kxNThSR3ZKTDZJQ0xhYXV3In0.-l6sj-kylsp-6vHPF2FdivlQqNdno3tO_y369-elkvM,https://www.adzuna.de/land/ad/5747479315?se=UjReOy158RGvJL6ICLaauw&utm_medium=api&utm_source=a4bcf954&v=22F409D57B11560FDF443C3B3883B3BC2DDEFF7B,6.969972,"{'display_name': 'INFOMOTION GmbH', '__CLASS__': 'Adzuna::API::Response::Company'}",Senior Datenarchitekt (m/w/d) Data & AI Strategie,50.940164,2026-06-01T12:50:09Z,"INFOMOTION ist die Data Performance Company – mit über 600 Datenenthusiastinnen und -enthusiasten an neun Standorten und mehr als 20 Jahren Erfahrung. Bei uns bringst Du Deine Expertise gezielt ein – und entwickelst sie weiter, gemeinsam mit einem Team, das Wissen teilt, Verantwortung lebt und Zukunft gestaltet. Du möchtest Deine Erfahrung nicht nur vertiefen, sondern auch weitergeben – und mit anderen gemeinsam echte Datenwirkung erzielen? Dann gestalte mit uns die nächste Etappe – persönlich,…",5747479315,"{'__CLASS__': 'Adzuna::API::Response::Category', 'label': 'IT-Stellen', 'tag': 'it-jobs'}",0,"{'area': ['Deutschland', 'Nordrhein-Westfalen', 'Köln'], 'display_name': 'Köln, Nordrhein-Westfalen', '__CLASS__': 'Adzuna::API::Response::Location'}",,,,
Adzuna::API::Response::Job,eyJhbGciOiJIUzI1NiJ9.eyJpIjoiNTc4OTI1NjU2NyIsInMiOiJValJlT3kxNThSR3ZKTDZJQ0xhYXV3In0.OC49-_Q9HQF7IpUnoYrp9Jhm0PYRcBEPG9h9x9T4kMs,https://www.adzuna.de/land/ad/5789256567?se=UjReOy158RGvJL6ICLaauw&utm_medium=api&utm_source=a4bcf954&v=1048195839094D697484A6074EF3ADA0B3C80C95,,"{'display_name': 'INFOMOTION GmbH', '__CLASS__': 'Adzuna::API::Response::Company'}",Senior Datenarchitekt (m/w/d) Data & AI Strategie,,2026-07-05T21:31:47Z,"INFOMOTION ist die Data Performance Company – mit über 600 Datenenthusiastinnen und -enthusiasten an neun Standorten und mehr als 20 Jahren Erfahrung. Bei uns bringst Du Deine Expertise gezielt ein – und entwickelst sie weiter, gemeinsam mit einem Team, das Wissen teilt, Verantwortung lebt und Zukunft gestaltet. Du möchtest Deine Erfahrung nicht nur vertiefen, sondern auch weitergeben – und mit anderen gemeinsam echte Datenwirkung erzielen? Dann gestalte mit uns die nächste Etappe – persönlich,…",5789256567,"{'__CLASS__': 'Adzuna::API::Response::Category', 'label': 'IT-Stellen', 'tag': 'it-jobs'}",0,"{'display_name': 'Frankfurt am Main, Hessen', 'area': ['Deutschland', 'Hessen', 'Frankfurt am Main'], '__CLASS__': 'Adzuna::API::Response::Location'}",,,,
Adzuna::API::Response::Job,eyJhbGciOiJIUzI1NiJ9.eyJpIjoiNTc4NTY5MTIyNyIsInMiOiJValJlT3kxNThSR3ZKTDZJQ0xhYXV3In0.BpaJrf0bhK8sU3B7SLcE1Y8GHjlFzoRCP1ig-e41ADE,https://www.adzuna.de/land/ad/5785691227?se=UjReOy158RGvJL6ICLaauw&utm_medium=api&utm_source=a4bcf954&v=AA32D778B003C52F9D5ADA63BD2B14081D7A87B8,12.373598,"{'__CLASS__': 'Adzuna::API::Response::Company', 'display_name': 'SAB Sächsische Aufbaubank – Förderbank –'}",Chief AI & Data Officer - CAIDO - (m/w/d),51.339254,2026-07-02T19:37:34Z,"Wir geben Ideen Kraft. Stabilität, Verlässlichkeit und nachhaltiges Wirtschaften sind unser Fundament. Mit Weitblick und Entschlossenheit unterstützt die Sächsische Aufbaubank – Förderbank – die Transformation Sachsens und schafft ein Umfeld, in dem Werte Bestand haben. Sie möchten uns bei der Erfüllung unseres Auftrags unterstützen? Dann freuen wir uns über Ihre Bewerbung! Für die SAB suchen wir einen Chief AI & Data Officer (m/w/d) für den Standort Leipzig, wobei auch eine Präsenz am Standort…",5785691227,"{'label': 'Beraterstellen', 'tag': 'consultancy-jobs', '__CLASS__': 'Adzuna::API::Response::Category'}",0,"{'area': ['Deutschland', 'Sachsen', 'Leipzig (Kreis)', 'Leipzig'], 'display_name': 'Leipzig, Leipzig (Kreis)', '__CLASS__': 'Adzuna::API::Response::Location'}",,,,
Adzuna::API::Response::Job,eyJhbGciOiJIUzI1NiJ9.eyJpIjoiNTc4NTY5MDc5NyIsInMiOiJValJlT3kxNThSR3ZKTDZJQ0xhYXV3In0.54AaJq6Q-kXiqLNIUAnT8CwFwX2R9uSp5tjCCXdPxXM,https://www.adzuna.de/land/ad/5785690797?se=UjReOy158RGvJL6ICLaauw&utm_medium=api&utm_source=a4bcf954&v=440DCC0976E673BBE4B04E33D429E5529BD08DC0,10.96603,"{'__CLASS__': 'Adzuna::API::Response::Company', 'display_name': 'HUK-COBURG Versicherungsgruppe'}",Senior AI Scientist (w/m/d),50.25777,2026-07-02T19:37:10Z,"Hallo, lass uns WIR sagen! Im Data Analytics Team der HUK-COBURG transformieren wir Daten in echte Mehrwerte für über 13 Mio. Kund:innen. Als Deutschlands führende Kfz-Versicherung sind wir ein traditionsreiches und stabiles Unternehmen, welches zielgerichtet in Innovation und seine datengetriebene Zukunft investiert. Unsere agilen Data Analytics Teams setzen modernste Machine Learning und KI-Methoden ein, um Prozesse zu optimieren, faire Preise zu berechnen, Schäden digital und intelligent zu …",5785690797,"{'__CLASS__': 'Adzuna::API::Response::Category', 'label': 'Stellen aus Wissenschaft & Qualitätssicherung', 'tag': 'scientific-qa-jobs'}",0,"{'__CLASS__': 'Adzuna::API::Response::Location', 'display_name': 'Coburg, Coburg (Kreis)', 'area': ['Deutschland', 'Bayern', 'Coburg (Kreis)', 'Coburg']}",,,,
Adzuna::API::Response::Job,eyJhbGciOiJIUzI1NiJ9.eyJpIjoiNTc4NzAwMzc3MyIsInMiOiJWSEY5UEMxNThSR2VWOTljRVJwMGdBIn0.b2InCdkstsU33b_HFseRYRY1zWZmKoZ_DqV353OVLo4,https://www.adzuna.de/land/ad/5787003773?se=VHF9PC158RGeV99cERp0gA&utm_medium=api&utm_source=a4bcf954&v=2655B08920AB74BC79F759336926A58FCDF22356,,"{'display_name': 'SoftwareOne Deutschland GmbH', '__CLASS__': 'Adzuna::API::Response::Company'}",Solutions Architect (gn) Data & AI,,2026-07-03T19:38:27Z,"SoftwareOne ist ein globaler Anbieter für Software- und Cloud-Lösungen. Mit einer Präsenz in über 70 Ländern und mehr als 12.000 Mitarbeitenden unterstützen wir Unternehmen dabei, ihre Software-Investitionen zu optimieren, Anwendungen zu modernisieren und das volle Potenzial von Cloud, Data und AI zu erschließen. Was uns ausmacht, sind die Menschen bei SoftwareOne. Wir ermöglichen Zusammenarbeit über Ländergrenzen hinweg, fördern kontinuierliches Lernen und schaffen Raum für Entwicklung in eine…",5787003773,"{'__CLASS__': 'Adzuna::API::Response::Category', 'tag': 'it-jobs', 'label': 'IT-Stellen'}",0,"{'__CLASS__': 'Adzuna::API::Response::Location', 'area': ['Deutschland'], 'display_name': 'Deutschland'}",,,,
Adzuna::API::Response::Job,eyJhbGciOiJIUzI1NiJ9.eyJpIjoiNTI5OTg2Njc0NiIsInMiOiJWSEY5UEMxNThSR2VWOTljRVJwMGdBIn0.qjPHE0LGIw5fTYdUFx0WPNdZFDIcb48KEHTZ4JnS_NE,https://www.adzuna.de/details/5299866746?utm_medium=api&utm_source=a4bcf954,14.10731,"{'__CLASS__': 'Adzuna::API::Response::Company', 'display_name': 'KSB'}",Praktikum/Abschlussarbeit im Bereich Data Science,51.13209,2025-07-12T22:07:55Z,"Unterstützen Sie uns im Rahmen eines Praktikums/einer Abschlussarbeit im Bereich Data Science. Studium/Fachrichtung | Mathematik, Statistik, Data Science, Informatik, Physik oder vglb. Studiengänge Einsatzbereich | Praktikum/Abschlussarbeit im Bereich Data Science Dauer | 3-6 Monate Bestens gefordert | Wir suchen motivierte Studierende, die sich unserem Data Science Team für ein Pflichtpraktikum und/oder eine Bachelor-/Masterarbeit (3-6 Monate) anschließen möchten. Bei uns können Sie praktische…",5299866746,"{'label': 'Unknown', 'tag': 'unknown', '__CLASS__': 'Adzuna::API::Response::Category'}",0,"{'__CLASS__': 'Adzuna::API::Response::Location', 'area': ['Deutschland', 'Sachsen', 'Bautzen (Kreis)', 'Frankenthal'], 'display_name': 'Frankenthal, Bautzen (Kreis)'}",,,,
Adzuna::API::Response::Job,eyJhbGciOiJIUzI1NiJ9.eyJpIjoiNTc4MzEwNDE2MSIsInMiOiJWSEY5UEMxNThSR2VWOTljRVJwMGdBIn0.pkOVz_hJkS8DODzeDOjBSwkH1P83LpM_GOui9dEj9xg,https://www.adzuna.de/details/5783104161?utm_medium=api&utm_source=a4bcf954,9.26652,"{'display_name': 'ANDREAS STIHL AG & Co. KG', '__CLASS__': 'Adzuna::API::Response::Company'}",Praktikum Data Analytics / Data Science,48.82807,2026-07-01T08:48:52Z,"Praktikum Data Analytics / Data Science Datum: 12.11.2025 Standort: Fellbach, BW, DE, 70736 Unternehmen: STIHL Das ist die Aufgabe Mitwirken im innovativen Big Data Team: Unterstütze andere Fachbereiche durch Expertise in Data Analytics und erhalte Einblicke in Data Science und Data Visualization, um datengetriebene Entscheidungen voranzutreiben Beteiligen an Analytics Projekten: Arbeite interdisziplinär, um Produkte und interne Prozesse durch datengetriebene Insights zu optimieren, mit der Cha…",5783104161,"{'tag': 'accounting-finance-jobs', 'label': 'Stellen aus Buchhaltung & Finanzwesen', '__CLASS__': 'Adzuna::API::Response::Category'}",0,"{'__CLASS__': 'Adzuna::API::Response::Location', 'area': ['Deutschland', 'Baden-Württemberg', 'Rems-Murr-Kreis', 'Fellbach', 'Schmiden'], 'display_name': 'Schmiden, Fellbach'}",,,,
Adzuna::API::Response::Job,eyJhbGciOiJIUzI1NiJ9.eyJpIjoiNTc3ODI2OTMzOSIsInMiOiJWSEY5UEMxNThSR2VWOTljRVJwMGdBIn0.ZNgjRt74OFJiVLktPmjs-VjfR5jnetjWLk9iQmvU5nw,https://www.adzuna.de/details/5778269339?utm_medium=api&utm_source=a4bcf954,11.44811,"{'display_name': 'Guldberg', '__CLASS__': 'Adzuna::API::Response::Company'}",Projektmanager – Data Analytics / Data Science,48.18449,2026-06-26T23:23:03Z,"Für den Standort München suchen wir: Projektmanager – Data Analytics / Data Science Ihre Aufgaben: Planung, Steuerung und Umsetzung datengetriebener Use Cases und Projekte über den gesamten Lifecycle Projektmanagement im Data-/Analytics-Umfeld (Termine, Budget, Risiken, Ressourcen) Zusammenarbeit mit Data Scientists, Data Analysts, Data Engineers, Product Ownern und Fachbereichen Übersetzung fachlicher Anforderungen in analytische Lösungsansätze Steuerung interner und externer Projektbeteiligte…",5778269339,"{'__CLASS__': 'Adzuna::API::Response::Category', 'label': 'Stellen aus PR, Werbung & Marketing', 'tag': 'pr-advertising-marketing-jobs'}",0,"{'__CLASS__': 'Adzuna::API::Response::Location', 'display_name': 'Allach-Untermenzing, München', 'area': ['Deutschland', 'Bayern', 'München (Kreis)', 'München', 'Allach-Untermenzing']}",full_time,,,
Adzuna::API::Response::Job,eyJhbGciOiJIUzI1NiJ9.eyJzIjoiVkhGOVBDMTU4UkdlVjk5Y0VScDBnQSIsImkiOiI1NzI0NTk5MjkwIn0.qOkpcIUgUd86euzTS6OteeKVpaEza4zmb4ePBfrzdZg,https://www.adzuna.de/details/5724599290?utm_medium=api&utm_source=a4bcf954,6.808387,"{'display_name': 'WPP Media WPP', '__CLASS__': 'Adzuna::API::Response::Company'}",Associate Director Data Science (Mensch),51.226802,2026-05-09T23:09:24Z,"About WPP Media WPP is the trusted growth partner for the world’s leading brands. With exceptional talent, trusted data and intelligence, and world-class partnerships – all united by our pioneering agentic marketing platform, WPP Open – we help clients navigate change, capture opportunity, and deliver transformational growth. WPP Media is WPP's AI-driven media operating unit, bringing together media, data, and partnerships to deliver creative personalisation at scale. Connected through WPP Open…",5724599290,"{'label': 'IT-Stellen', 'tag': 'it-jobs', '__CLASS__': 'Adzuna::API::Response::Category'}",0,"{'__CLASS__': 'Adzuna::API::Response::Location', 'area': ['Deutschland', 'Nordrhein-Westfalen', 'Düsseldorf'], 'display_name': 'Düsseldorf, Nordrhein-Westfalen'}",,,,
Adzuna::API::Response::Job,eyJhbGciOiJIUzI1NiJ9.eyJpIjoiNTc4ODUzOTQ1NSIsInMiOiJWSEY5UEMxNThSR2VWOTljRVJwMGdBIn0.IosxdMhqsBdTOrH6CKZC4SaoRFWLq5BkAby3UVEPV18,https://www.adzuna.de/details/5788539455?utm_medium=api&utm_source=a4bcf954,13.420806,"{'__CLASS__': 'Adzuna::API::Response::Company', 'display_name': 'Prior Labs'}","Research Scientist, Foundational Data Science",52.507706,2026-07-05T00:49:56Z,"Who we are Foundation models transformed text and images. Structured data - the largest and most consequential data format in the world - stayed untouched. Tables run every clinical trial, every financial model, every scientific experiment, every business decision, and no one had built a foundation model that truly understood them. Until now. What LLMs did for language, we're doing for tables. The next modality shift in AI is happening, and we're hiring the team that makes it. Momentum. We pion…",5788539455,"{'__CLASS__': 'Adzuna::API::Response::Category', 'tag': 'unknown', 'label': 'Unknown'}",0,"{'__CLASS__': 'Adzuna::API::Response::Location', 'display_name': 'Berlin, Deutschland', 'area': ['Deutschland', 'Berlin']}",full_time,,,
Adzuna::API::Response::Job,eyJhbGciOiJIUzI1NiJ9.eyJzIjoiVkhGOVBDMTU4UkdlVjk5Y0VScDBnQSIsImkiOiI1NzQ1OTU5OTI2In0.K2cbVJkPF-ujH_obBjU9SFddGs-u254V2_84Q5aZhQ8,https://www.adzuna.de/details/5745959926?utm_medium=api&utm_source=a4bcf954,,"{'__CLASS__': 'Adzuna::API::Response::Company', 'display_name': 'Finmid'}",Data Science Intern (FT Potential),,2026-05-30T23:27:29Z,"About finmid finmid 's mission is to enable software companies to reimagine how their business customers access capital. By productizing the complexity of financial services, finmid empowers companies to offer financial services where FinTech isn't the mission but enables the mission. About the opportunity We are looking for a Data Science Intern to join our Data team. This is an exciting opportunity for someone early in their career who is hungry to learn and build. You’ll work closely with th…",5745959926,"{'label': 'Unknown', 'tag': 'unknown', '__CLASS__': 'Adzuna::API::Response::Category'}",0,"{'area': ['Deutschland'], 'display_name': 'Deutschland', '__CLASS__': 'Adzuna::API::Response::Location'}",full_time,,,
Adzuna::API::Response::Job,eyJhbGciOiJIUzI1NiJ9.eyJpIjoiNTUwMjI0MDk4MiIsInMiOiJWSEY5UEMxNThSR2VWOTljRVJwMGdBIn0.nJJy9o0zVfdnRLsI_wKyi4ALu2uAS_4Jw14NVolEBdw,https://www.adzuna.de/details/5502240982?utm_medium=api&utm_source=a4bcf954,13.420806,"{'__CLASS__': 'Adzuna::API::Response::Company', 'display_name': 'Melotech'}","Data Science Intern, Music & Audio",52.507706,2025-11-18T18:47:23Z,"Who we are Melotech is revolutionizing media and entertainment. We create art through technology for humans to enjoy. In just 24 months, our work has been heard, watched and loved for over 3 billion minutes worldwide. Founded by entrepreneur and investor Soheil Mirpour, we are backed by top VCs Cherry Ventures, Speedinvest and GFC, alongside world-class angels from firms such as Spotify, Blackstone and KKR. What you will do Join us as Data Scientist Intern to bring order to the chaos of culture…",5502240982,"{'__CLASS__': 'Adzuna::API::Response::Category', 'tag': 'unknown', 'label': 'Unknown'}",0,"{'display_name': 'Berlin, Deutschland', 'area': ['Deutschland', 'Berlin'], '__CLASS__': 'Adzuna::API::Response::Location'}",full_time,,,
Adzuna::API::Response::Job,eyJhbGciOiJIUzI1NiJ9.eyJzIjoiVkhGOVBDMTU4UkdlVjk5Y0VScDBnQSIsImkiOiI1Nzg0OTUwODQwIn0.d3tIv5cjEOE4flSxCyCp7nRI3aFGlWNMalYTi1OBXro,https://www.adzuna.de/details/5784950840?utm_medium=api&utm_source=a4bcf954,,"{'display_name': 'HERE', '__CLASS__': 'Adzuna::API::Response::Company'}",Working Student-Data Science- (Python/ Data mining),,2026-07-02T06:51:53Z,"As a working student in the highly innovative research project HFIN (Human Factors for Navigation) Phase 1, you will directly contribute to road safety by helping to optimize the driver''s cognitive load.&nbsp;Key Responsibilities:Assist in researching and analyzing driver cognitive load metrics and their impact on road safety.Necessary literature review.Support data collection and analysis related to driver behavior.Creation of optimal algorithms as per HFIN use cases.Data mining, as well as t…",5784950840,"{'__CLASS__': 'Adzuna::API::Response::Category', 'label': 'Unknown', 'tag': 'unknown'}",0,"{'display_name': 'Deutschland', 'area': ['Deutschland'], '__CLASS__': 'Adzuna::API::Response::Location'}",,,,
Adzuna::API::Response::Job,eyJhbGciOiJIUzI1NiJ9.eyJpIjoiNTc3MzE4MDkyMyIsInMiOiJWSEY5UEMxNThSR2VWOTljRVJwMGdBIn0.1BC_iCxTL7dC_DFH0XP7DlbBWF0S4nTzrVv8BKyKAgQ,https://www.adzuna.de/land/ad/5773180923?se=VHF9PC158RGeV99cERp0gA&utm_medium=api&utm_source=a4bcf954&v=9DBD8C099FEB8FF40F33D01C07A314BF26299758,6.808387,"{'__CLASS__': 'Adzuna::API::Response::Company', 'display_name': 'adesso SE'}",Data Engineer Salesforce Data Cloud (all genders),51.226802,2026-06-23T06:22:14Z,"adesso steht für digitale Exzellenz – und damit auch für vielfältige Entwicklungsmöglichkeiten für alle adessi. Wir wachsen gemeinsam und lernen voneinander: in anspruchsvollen Projekten, interdisziplinären Teams und mit zielgerichteten Trainingsangeboten. Wir haben IT im Herzen und den Erfolg unserer Kunden im Fokus. Als Treiber der KI-Transformation verbinden wir Mut zur Veränderung mit technologischer Expertise und zukunftsfähigen Strategien. Was uns stark macht, sind unsere adessi, die etwa…",5773180923,"{'__CLASS__': 'Adzuna::API::Response::Category', 'label': 'Unknown', 'tag': 'unknown'}",0,"{'__CLASS__': 'Adzuna::API::Response::Location', 'display_name': 'Düsseldorf, Nordrhein-Westfalen', 'area': ['Deutschland', 'Nordrhein-Westfalen', 'Düsseldorf']}",,,,
Adzuna::API::Response::Job,eyJhbGciOiJIUzI1NiJ9.eyJzIjoiVkhGOVBDMTU4UkdlVjk5Y0VScDBnQSIsImkiOiI1NzcxODA4NDg2In0.Xtfgz5Wf0f9OIJgyoxPCpY9J75u4czrFOOckScHWg0A,https://www.adzuna.de/land/ad/5771808486?se=VHF9PC158RGeV99cERp0gA&utm_medium=api&utm_source=a4bcf954&v=587F18C82FA80595FF568DCA86B0B2EC5C874D3A,8.04117,"{'display_name': 'technotrans SE', '__CLASS__': 'Adzuna::API::Response::Company'}",SAP Data Engineer (m/w/d),51.98821,2026-06-21T18:17:36Z,"Unser Bereich Data Analytics begleitet alle Unternehmensbereiche mit datenbasierten Entscheidungsgrundlagen und bildet die Basis für unsere Business-Intelligence-Landschaft. Er umfasst unter anderem Reporting, Data Governance, Data Engineering und Analyse. Mit deiner Expertise als Business Intelligence Engineer (m/w/d) modellierst du konsistente Datenstrukturen und arbeitest aktiv an der Weiterentwicklung unseres Data Warehouses, sodass unsere Fachbereiche auf qualitativ hochwertige und perform…",5771808486,"{'__CLASS__': 'Adzuna::API::Response::Category', 'tag': 'unknown', 'label': 'Unknown'}",0,"{'__CLASS__': 'Adzuna::API::Response::Location', 'display_name': 'Sassenberg, Warendorf (Kreis)', 'area': ['Deutschland', 'Nordrhein-Westfalen', 'Warendorf (Kreis)', 'Sassenberg']}",,,,
Adzuna::API::Response::Job,eyJhbGciOiJIUzI1NiJ9.eyJpIjoiNTc3OTIyNzI4MyIsInMiOiJWSEY5UEMxNThSR2VWOTljRVJwMGdBIn0.QEFoWZaAlHiaO9uzZz67ijOBYsKk8h33yR2Y-waKGEE,https://www.adzuna.de/land/ad/5779227283?se=VHF9PC158RGeV99cERp0gA&utm_medium=api&utm_source=a4bcf954&v=5730AB1747564371FCD811F12F0F7AB307031746,11.155003,"{'display_name': 'Karlsruher Institut für Technologie  Campus Nord', '__CLASS__': 'Adzuna::API::Response::Company'}",Softwarearchitektin oder Softwarearchitekt (w/m/d) für Forschungsdaten- und KI-Infrastrukturen,47.589089,2026-06-27T18:26:16Z,"Das Karlsruher Institut für Technologie (KIT) – Die Universität in der Helmholtz-Gemeinschaft Im Dialog mit der Gesellschaft entwickelt das KIT Lösungen für große Herausforderungen – von Klimawandel, Energiewende und nachhaltigem Umgang mit natürlichen Ressourcen bis hin zu Künstlicher Intelligenz, technologischer Souveränität und demografischem Wandel. Als Die Universität in der Helmholtz-Gemeinschaft vereint das KIT wissenschaftliche Exzellenz vom Erkenntnisgewinn bis zur Anwendungsorientieru…",5779227283,"{'label': 'Unknown', 'tag': 'unknown', '__CLASS__': 'Adzuna::API::Response::Category'}",0,"{'display_name': 'Garmisch-Partenkirchen (Kreis), Bayern', 'area': ['Deutschland', 'Bayern', 'Garmisch-Partenkirchen (Kreis)'], '__CLASS__': 'Adzuna::API::Response::Location'}",,,,
Adzuna::API::Response::Job,eyJhbGciOiJIUzI1NiJ9.eyJpIjoiNTc3NzMyNjQ0NCIsInMiOiJWSEY5UEMxNThSR2VWOTljRVJwMGdBIn0.oLl5VH1yu-ClZfU-zsa3xVZ1_bGDbv3httevRdmFk2M,https://www.adzuna.de/details/5777326444?utm_medium=api&utm_source=a4bcf954,6.9116,"{'__CLASS__': 'Adzuna::API::Response::Company', 'display_name': 'Timocom GmbH'}",Werkstudent Data Science (m/w/d),51.22442,2026-06-26T08:38:21Z,"Stellenbeschreibung Als Werkstudent (m/w/d) im Bereich Data Science bekommst du spannende Einblicke in die Welt der Datenanalyse und des maschinellen Lernens. Du wirst uns bei administrativen und organisatorischen Aufgaben unterstützen und bekommst die Chance, Verantwortung zu übernehmen. Je nach Wohnort arbeitest du entweder zweimal pro Woche gemeinsam mit deinem Team im Headquarter in Erkrath oder du hast die Möglichkeit, bis zu 100 % remote zu arbeiten. Du unterstützt aktiv bei Data Science-…",5777326444,"{'tag': 'it-jobs', 'label': 'IT-Stellen', '__CLASS__': 'Adzuna::API::Response::Category'}",0,"{'display_name': 'Erkrath, Düsseldorf', 'area': ['Deutschland', 'Nordrhein-Westfalen', 'Düsseldorf', 'Erkrath'], '__CLASS__': 'Adzuna::API::Response::Location'}",,,,
Adzuna::API::Response::Job,eyJhbGciOiJIUzI1NiJ9.eyJzIjoiVkhGOVBDMTU4UkdlVjk5Y0VScDBnQSIsImkiOiI1Nzc4MDQ5NTIxIn0.u6KDJfUD6w0REFdW5KSN_fNS6Vp97gK-lL3IFK5Ywpo,https://www.adzuna.de/land/ad/5778049521?se=VHF9PC158RGeV99cERp0gA&utm_medium=api&utm_source=a4bcf954&v=A317766B85A306B68EB0202D3E652C4FA0E2BEFC,9.187224,"{'__CLASS__': 'Adzuna::API::Response::Company', 'display_name': 'Mercedes-Benz AG'}",Praktikant*in Digital Transformation Office (Pflicht-Praktikum),48.776198,2026-06-26T22:06:58Z,"Life is always about becoming… Im Leben geht es darum, sich auf eine Reise zu begeben, um die beste Version unseres zukünftigen Selbst zu werden. Während wir Neues entdecken, stellen wir uns Herausforderungen, meistern sie und wachsen über uns hinaus. Bewerben Sie sich bei Mercedes-Benz und finden Sie den Aufgabenbereich, in dem Sie Ihre Talente individuell entfalten können. Dabei werden Sie von visionären Kolleginnen und Kollegen unterstützt, die Ihren Pioniergeist teilen. Bei uns einzusteigen…",5778049521,"{'label': 'Unknown', 'tag': 'unknown', '__CLASS__': 'Adzuna::API::Response::Category'}",0,"{'__CLASS__': 'Adzuna::API::Response::Location', 'display_name': 'Stuttgart, Baden-Württemberg', 'area': ['Deutschland', 'Baden-Württemberg', 'Stuttgart']}",,,,
Adzuna::API::Response::Job,eyJhbGciOiJIUzI1NiJ9.eyJzIjoiVkhGOVBDMTU4UkdlVjk5Y0VScDBnQSIsImkiOiI1NzgxODA5ODkxIn0.xe14BRdgPSromPbnz_TjLM8X21W1WwQ1wJ9c0tNHRQk,https://www.adzuna.de/land/ad/5781809891?se=VHF9PC158RGeV99cERp0gA&utm_medium=api&utm_source=a4bcf954&v=C0A7ADAE8F5E4E12553B21312ECD693686D00D5B,13.420806,"{'__CLASS__': 'Adzuna::API::Response::Company', 'display_name': 'adesso business consulting AG'}",AI & Automation Architect SAP (all genders),52.507706,2026-06-30T07:22:22Z,"Wir sind adesso business consulting, das SAP-Powerhouse der adesso Group. Als führender IT-Dienstleister stehen wir für Kundenorientierung, Wachstum und starke Perspektiven. Unser größter Erfolgsfaktor? Das sind unsere Mitarbeitenden! Als SAP-Profis begleiten wir kundenspezifische Herausforderungen und unterstützen die Auswahl, Anpassung und Implementierung von SAP-Lösungen. Unsere langjährige Erfahrung kombiniert technisches und Branchen-Know-how mit strategischem Denken und kreativen Ideen. D…",5781809891,"{'__CLASS__': 'Adzuna::API::Response::Category', 'label': 'IT-Stellen', 'tag': 'it-jobs'}",0,"{'area': ['Deutschland', 'Berlin'], 'display_name': 'Berlin, Deutschland', '__CLASS__': 'Adzuna::API::Response::Location'}",,,,
Adzuna::API::Response::Job,eyJhbGciOiJIUzI1NiJ9.eyJzIjoiVkhGOVBDMTU4UkdlVjk5Y0VScDBnQSIsImkiOiI1Nzg2NDIzNjU5In0.e_aKma9VPUqjPKzK2AUD241U4M2KOaWkXvlO2d5Khs4,https://www.adzuna.de/land/ad/5786423659?se=VHF9PC158RGeV99cERp0gA&utm_medium=api&utm_source=a4bcf954&v=576884D5CE7BAC1D6C290898D3B47F05796B21D0,8.28431,"{'__CLASS__': 'Adzuna::API::Response::Company', 'display_name': 'BBC Cellpack GmbH'}",Working Student or Bachelor Thesis Student – Value Stream Mapping & AI‑Supported Process Optimization,47.6383,2026-07-03T07:37:37Z,"BBC Cellpack was founded in 1935 in Vilmergen, Switzerland, as a successor to Dreifuss Brothers AG. Originally focused on cellophane packaging, the company quickly evolved through the pioneering spirit of the Dreifuss brothers, who recognized the potential of new materials and developed high-quality industrial goods. This innovative mindset laid the foundation for decades of progress With the launch of Cellpack GmbH in Waldshut-Tiengen in 1967, the company expanded into fibre-reinforced plastic…",5786423659,"{'tag': 'engineering-jobs', 'label': 'Technikerstellen', '__CLASS__': 'Adzuna::API::Response::Category'}",0,"{'display_name': 'Waldshut-Tiengen, Waldshut (Kreis)', 'area': ['Deutschland', 'Baden-Württemberg', 'Waldshut (Kreis)', 'Waldshut-Tiengen'], '__CLASS__': 'Adzuna::API::Response::Location'}",,,,
Adzuna::API::Response::Job,eyJhbGciOiJIUzI1NiJ9.eyJzIjoiVkhGOVBDMTU4UkdlVjk5Y0VScDBnQSIsImkiOiI1NzEwNjU5MjkyIn0.IHH0GYwUHkJmY3MoVdbu2hrU8R_-cOXdE2cr-sP4Qec,https://www.adzuna.de/details/5710659292?utm_medium=api&utm_source=a4bcf954,7.7853,"{'__CLASS__': 'Adzuna::API::Response::Company', 'display_name': 'Takko Fashion'}",Specialist Data Science (m/w/d),51.98437,2026-04-26T00:03:52Z,Specialist Data Science (m/w/d) für unsere Zentrale in Telgte (bei Münster) Aus Westfalen in die Welt - mit rund 18.000 Kolleginnen und Kollegen und fast 2.000 Stores in 17 Ländern sind wir einer der größten Fashion Discounter in Europa. Unsere internationalen Geschäfte steuern wir aus unserer Zentrale im westfälischen Telgte bei Münster. Takko Fashion steht für aktuelle Trends sowie gute Qualität aus sozial verantwortungsbewusster Produktion – und das zu einem erschwinglichen Preis. Durch unse…,5710659292,"{'__CLASS__': 'Adzuna::API::Response::Category', 'tag': 'unknown', 'label': 'Unknown'}",0,"{'area': ['Deutschland', 'Nordrhein-Westfalen', 'Warendorf (Kreis)', 'Telgte'], 'display_name': 'Telgte, Warendorf (Kreis)', '__CLASS__': 'Adzuna::API::Response::Location'}",full_time,,,permanent
Adzuna::API::Response::Job,eyJhbGciOiJIUzI1NiJ9.eyJzIjoiVkhGOVBDMTU4UkdlVjk5Y0VScDBnQSIsImkiOiI1NzgzMTA0MTU4In0.3FOHtBTWJpQhpzFs2X3nOgcFYKkbiHfKyNGsZyqq8fc,https://www.adzuna.de/details/5783104158?utm_medium=api&utm_source=a4bcf954,,"{'display_name': 'ANDREAS STIHL AG & Co. KG', '__CLASS__': 'Adzuna::API::Response::Company'}",Praktikum Data Analytics / Data Science in Fellbach,,2026-07-01T08:48:52Z,"Praktikum Data Analytics / Data Science Datum: 12.11.2025 Standort: Fellbach, BW, DE, 70736 Unternehmen: STIHL Das ist die Aufgabe Mitwirken im innovativen Big Data Team: Unterstütze andere Fachbereiche durch Expertise in Data Analytics und erhalte Einblicke in Data Science und Data Visualization, um datengetriebene Entscheidungen voranzutreiben Beteiligen an Analytics Projekten: Arbeite interdisziplinär, um Produkte und interne Prozesse durch datengetriebene Insights zu optimieren, mit der Cha…",5783104158,"{'tag': 'accounting-finance-jobs', 'label': 'Stellen aus Buchhaltung & Finanzwesen', '__CLASS__': 'Adzuna::API::Response::Category'}",0,"{'area': ['Deutschland'], 'display_name': 'Deutschland', '__CLASS__': 'Adzuna::API::Response::Location'}",,,,
Adzuna::API::Response::Job,eyJhbGciOiJIUzI1NiJ9.eyJpIjoiNTA2NzAyMDc5OCIsInMiOiJWSEY5UEMxNThSR2VWOTljRVJwMGdBIn0.Sb4fSovkEbkk5CM8Jx7Yj64L7MsUsByoBD9bH2cuS3o,https://www.adzuna.de/details/5067020798?utm_medium=api&utm_source=a4bcf954,9.77223,"{'display_name': 'IT-P GmbH', '__CLASS__': 'Adzuna::API::Response::Company'}",Data Science Specialist (m/w/d),52.36489,2025-02-28T14:07:24Z,"Wir bieten dir Flexibles Arbeiten: Mobiles Arbeiten mit vier gemeinsamen Präsenztagen im Monat. Und wenn du magst, bist du natürlich jederzeit öfter im Büro willkommen. So schaffen wir die perfekte Balance aus Freiheit und persönlichem Austausch. Individuelle Arbeitszeitmodelle , die sich an dein Leben anpassen. Gestaltungsfreiraum für deine Ideen und Projekte, mit der Möglichkeit, wirklich etwas zu bewegen. Gezielte Weiterbildungsmöglichkeiten , die wir aktiv fördern. Ein starkes Miteinander i…",5067020798,"{'__CLASS__': 'Adzuna::API::Response::Category', 'tag': 'unknown', 'label': 'Unknown'}",0,"{'display_name': 'Bult, Hannover', 'area': ['Deutschland', 'Niedersachsen', 'Region Hannover (Kreis)', 'Hannover', 'Bult'], '__CLASS__': 'Adzuna::API::Response::Location'}",part_time,,,
Adzuna::API::Response::Job,eyJhbGciOiJIUzI1NiJ9.eyJzIjoiVkhGOVBDMTU4UkdlVjk5Y0VScDBnQSIsImkiOiI1NzI3MzA5MjcxIn0.nbKpleMLLjmlbtABdSQRdCkrpMUgRbB_e5YYVe_wR14,https://www.adzuna.de/details/5727309271?utm_medium=api&utm_source=a4bcf954,,"{'__CLASS__': 'Adzuna::API::Response::Company', 'display_name': 'IT-P'}",Data Science Specialist (m/w/d),,2026-05-12T23:01:22Z,"Wir bieten dir Flexibles Arbeiten: Mobiles Arbeiten mit vier gemeinsamen Präsenztagen im Monat. Und wenn du magst, bist du natürlich jederzeit öfter im Büro willkommen. So schaffen wir die perfekte Balance aus Freiheit und persönlichem Austausch. Individuelle Arbeitszeitmodelle , die sich an dein Leben anpassen. Gestaltungsfreiraum für deine Ideen und Projekte, mit der Möglichkeit, wirklich etwas zu bewegen. Gezielte Weiterbildungsmöglichkeiten , die wir aktiv fördern. Ein starkes Miteinander i…",5727309271,"{'tag': 'unknown', 'label': 'Unknown', '__CLASS__': 'Adzuna::API::Response::Category'}",0,"{'display_name': 'Deutschland', 'area': ['Deutschland'], '__CLASS__': 'Adzuna::API::Response::Location'}",full_time,,,
Adzuna::API::Response::Job,eyJhbGciOiJIUzI1NiJ9.eyJzIjoiVkhGOVBDMTU4UkdlVjk5Y0VScDBnQSIsImkiOiI1NTkzNjU1NDAyIn0.X1X3iDLWPGiGt6wLsGBHY4r4I9DfXqe-XWlwjqRMoCs,https://www.adzuna.de/details/5593655402?utm_medium=api&utm_source=a4bcf954,9.21546,"{'__CLASS__': 'Adzuna::API::Response::Company', 'display_name': 'MWAY DIGITAL GmbH'}",DHBW Data Science & Künstliche Intelligenz – 2027,48.80499,2026-01-21T06:59:03Z,"Dein Studium Du möchtest Theorie und Praxis miteinander verknüpfen und begeisterst dich für Daten, Analysen und Künstliche Intelligenz? Dann ist das duale Studium im Bereich Data Science & Künstliche Intelligenz in Kombination mit MWAY genau das Richtige für dich. Studiendauer: 3 Jahre Studienverlauf: Wechsel von Theorie- und Praxisphasen im 3-Monats-Rhythmus Praxisort: Stuttgart-Bad Cannstatt Studienstart: 01.10.2027 Studienort: DHBW Stuttgart Abschluss: Bachelor of Science Weitere Information…",5593655402,"{'label': 'Unknown', 'tag': 'unknown', '__CLASS__': 'Adzuna::API::Response::Category'}",0,"{'area': ['Deutschland', 'Baden-Württemberg', 'Stuttgart', 'Bad Cannstatt'], 'display_name': 'Bad Cannstatt, Stuttgart', '__CLASS__': 'Adzuna::API::Response::Location'}",full_time,,,
Adzuna::API::Response::Job,eyJhbGciOiJIUzI1NiJ9.eyJpIjoiNTcyNzMwMTMyMiIsInMiOiJWSEY5UEMxNThSR2VWOTljRVJwMGdBIn0.vX3amzpjKuyevhV6gC81paX9RThn8MyihMKitGXd6aM,https://www.adzuna.de/details/5727301322?utm_medium=api&utm_source=a4bcf954,9.187224,"{'display_name': 'MWAY DIGITAL', '__CLASS__': 'Adzuna::API::Response::Company'}",DHBW Data Science & Künstliche Intelligenz – 2027,48.776198,2026-05-12T22:59:27Z,"Dein Studium Du möchtest Theorie und Praxis miteinander verknüpfen und begeisterst dich für Daten, Analysen und Künstliche Intelligenz? Dann ist das duale Studium im Bereich Data Science & Künstliche Intelligenz in Kombination mit MWAY genau das Richtige für dich. Studiendauer: 3 Jahre Studienverlauf: Wechsel von Theorie- und Praxisphasen im 3-Monats-Rhythmus Praxisort: Stuttgart-Bad Cannstatt Studienstart: 01.10.2027 Studienort: DHBW Stuttgart Abschluss: Bachelor of Science Weitere Information…",5727301322,"{'tag': 'it-jobs', 'label': 'IT-Stellen', '__CLASS__': 'Adzuna::API::Response::Category'}",0,"{'__CLASS__': 'Adzuna::API::Response::Location', 'display_name': 'Stuttgart, Baden-Württemberg', 'area': ['Deutschland', 'Baden-Württemberg', 'Stuttgart']}",full_time,,,
Adzuna::API::Response::Job,eyJhbGciOiJIUzI1NiJ9.eyJzIjoiVkhGOVBDMTU4UkdlVjk5Y0VScDBnQSIsImkiOiI1NzI3MzQ1NDA0In0.hkOu72fAnxRe3HoSoonABwAsm8-EBJKxjzzn6lfWlxo,https://www.adzuna.de/details/5727345404?utm_medium=api&utm_source=a4bcf954,9.99333,"{'__CLASS__': 'Adzuna::API::Response::Company', 'display_name': 'Highberg'}",Praktikum: Data Science (w/m/d),53.54167,2026-05-12T23:27:34Z,"Deine Aufgaben Praktikum bei HIGHBERG in Hamburg: Bei uns heißt es im Praktikum nicht Kaffeekochen, sondern echte Kundenprojekte von Beginn an, gepaart mit Verantwortung und steiler Lernkurve. Neben einem intensiven Einblick in die Medienbranche erwartet Dich aktive Mitarbeit. Unser Umgang im Team lässt Raum für Deine persönliche Entwicklung. Gerne übernehmen wir Dich nach guter Arbeit auch nach dem Praktikum als Data Scientist und bieten Dir weitere spannende Aufgaben und Aufstiegschancen. Zu …",5727345404,"{'label': 'Beraterstellen', 'tag': 'consultancy-jobs', '__CLASS__': 'Adzuna::API::Response::Category'}",0,"{'area': ['Deutschland', 'Hamburg', 'HafenCity'], 'display_name': 'HafenCity, Hamburg', '__CLASS__': 'Adzuna::API::Response::Location'}",full_time,,,
Adzuna::API::Response::Job,eyJhbGciOiJIUzI1NiJ9.eyJpIjoiNTc4NDQwOTQ4NiIsInMiOiJWSEY5UEMxNThSR2VWOTljRVJwMGdBIn0.qsEZVSPgPg_oCNJatK8dTODNTH59s_R3F0n3rN-iY5M,https://www.adzuna.de/details/5784409486?utm_medium=api&utm_source=a4bcf954,9.94976,"{'__CLASS__': 'Adzuna::API::Response::Company', 'display_name': 'NewTec'}",Praxissemester / Abschlussarbeit im Bereich KI und Data Science,48.39155,2026-07-01T23:47:40Z,"Du studierst Informatik, Künstliche Intelligenz (KI), Data Science, Data Analytics oder einen vergleichbaren Studiengang mit Schwerpunkt Softwareentwicklung und möchtest dein theoretisches Wissen in einem praxisnahen Projekt anwenden, das langfristig einen echten Mehrwert schafft? Dann suchen wir genau dich für ein Praxissemester oder eine Abschlussarbeit! Werde Teil unseres Teams am Standort Ulm und gestalte die Zukunft von NewTec aktiv mit! Was dich bei NewTec erwartet: Du entwickelst und opt…",5784409486,"{'__CLASS__': 'Adzuna::API::Response::Category', 'label': 'IT-Stellen', 'tag': 'it-jobs'}",0,"{'__CLASS__': 'Adzuna::API::Response::Location', 'display_name': 'Söflingen, Ulm', 'area': ['Deutschland', 'Baden-Württemberg', 'Ulm', 'Söflingen']}",full_time,,,
Adzuna::API::Response::Job,eyJhbGciOiJIUzI1NiJ9.eyJzIjoiVkhGOVBDMTU4UkdlVjk5Y0VScDBnQSIsImkiOiI1Nzg1MjMwMjc1In0.1BZl4vc3rFXgYUBuJJmTNBQWRt14MzkeOyqVNGjVuXk,https://www.adzuna.de/details/5785230275?utm_medium=api&utm_source=a4bcf954,12.83048,"{'__CLASS__': 'Adzuna::API::Response::Company', 'display_name': 'Wacker Chemie AG - Werk Burghausen'}",Duales Studium - Data Science & Künstliche Intelligenz,48.17244,2026-07-02T11:24:40Z,Duales Studium - Data Science & Künstliche Intelligenz Standort Burghausen - 84489 Burghausen - Arbeitszeit: Vollzeit - Position: Duales Studium - Bildungsgrad Mindestvoraussetzung: Fachhochschulreife - Beschäftigungsbeginn: 01.09.2027,5785230275,"{'label': 'Stellen für Hochschulabsolventen', 'tag': 'graduate-jobs', '__CLASS__': 'Adzuna::API::Response::Category'}",0,"{'__CLASS__': 'Adzuna::API::Response::Location', 'display_name': 'Burghausen, Altötting (Kreis)', 'area': ['Deutschland', 'Bayern', 'Altötting (Kreis)', 'Burghausen']}",,,,
Adzuna::API::Response::Job,eyJhbGciOiJIUzI1NiJ9.eyJpIjoiNDM1MjU5MTkzMiIsInMiOiJWSEY5UEMxNThSR2VWOTljRVJwMGdBIn0.JcatIVnn1r9bHSFMm70VOKTjLIghRlG3W_dvS80myDk,https://www.adzuna.de/details/4352591932?utm_medium=api&utm_source=a4bcf954,9.99333,"{'__CLASS__': 'Adzuna::API::Response::Company', 'display_name': 'Highberg DACH'}",Praktikum: Data Science (w/m/d),53.54167,2023-10-05T13:37:27Z,"Wer wir sind Als eine der führenden Beratungen der Medienbranche treibt Highberg DACH (ehemals SCHICKLER) den digitalen Wandel in Medienunternehmen in Deutschland, Österreich und der Schweiz aktiv voran. In der Medienwelt von heute entscheidet Datenkompetenz über Sichtbarkeit, Reichweite und Erfolg. Wer relevant bleiben will, muss Wandel aktiv gestalten – genau deshalb suchen wir dich. Unser Tech Stack: Programmiersprachen: Python, R, JavaScript, SQL ETL / Data-Modeling: dbt, Google Dataflow, P…",4352591932,"{'__CLASS__': 'Adzuna::API::Response::Category', 'label': 'Unknown', 'tag': 'unknown'}",0,"{'display_name': 'HafenCity, Hamburg', 'area': ['Deutschland', 'Hamburg', 'HafenCity'], '__CLASS__': 'Adzuna::API::Response::Location'}",full_time,,,
Adzuna::API::Response::Job,eyJhbGciOiJIUzI1NiJ9.eyJzIjoiVkhGOVBDMTU4UkdlVjk5Y0VScDBnQSIsImkiOiI1NzYxODEyOTMwIn0.__8DhkgAE6oSu-zrdGt95CmxMnmOfkHSpYRLqq59B2o,https://www.adzuna.de/details/5761812930?utm_medium=api&utm_source=a4bcf954,,"{'display_name': 'Accenture', '__CLASS__': 'Adzuna::API::Response::Company'}",AI & Data Science Consultant (all genders),,2026-06-12T23:21:34Z,"Im AI & Data Team bei Accenture vereinen wir einzigartige Persönlichkeiten und zukunftsgerichtetes Know-How, um gemeinsam mit unseren Kunden datengetriebene Transformation voranzutreiben und die Zukunft durch KI (Künstliche Intelligenz) zu gestalten. Wir begleiten unsere Kunden Ende-zu-Ende – von der strategischen, KI-nativen Neuausrichtung & Zieldefinition der Organisation über die Konzeption & Entwicklung von cutting-edge KI-Lösungen bis hin zum technischen Design & der Implementierung von KI…",5761812930,"{'__CLASS__': 'Adzuna::API::Response::Category', 'label': 'Beraterstellen', 'tag': 'consultancy-jobs'}",0,"{'area': ['Deutschland'], 'display_name': 'Deutschland', '__CLASS__': 'Adzuna::API::Response::Location'}",full_time,,,
Adzuna::API::Response::Job,eyJhbGciOiJIUzI1NiJ9.eyJzIjoiVkhGOVBDMTU4UkdlVjk5Y0VScDBnQSIsImkiOiI1Nzc1NDI0MDgzIn0.yY177RYjLS_rL4GlfYIoK0rw_2kAGgtgs8NpwbefI0s,https://www.adzuna.de/details/5775424083?utm_medium=api&utm_source=a4bcf954,,"{'__CLASS__': 'Adzuna::API::Response::Company', 'display_name': 'Accenture'}",AI & Data Science Analyst (all genders),,2026-06-24T23:49:48Z,"m AI & Data Team bei Accenture vereinen wir einzigartige Persönlichkeiten und zukunftsgerichtetes Know-How, um gemeinsam mit unseren Kunden datengetriebene Transformation voranzutreiben und die Zukunft durch KI (Künstlichen Intelligenz) zu gestalten. Wir begleiten unsere Kunden Ende-zu-Ende – von der strategischen, KI-nativen Neuausrichtung & Zieldefinition der Organisation über die Konzeption & Entwicklung von cutting-edge KI-Lösungen bis hin zum technischen Design & der Implementierung von KI…",5775424083,"{'__CLASS__': 'Adzuna::API::Response::Category', 'tag': 'unknown', 'label': 'Unknown'}",0,"{'area': ['Deutschland'], 'display_name': 'Deutschland', '__CLASS__': 'Adzuna::API::Response::Location'}",full_time,,,
Adzuna::API::Response::Job,eyJhbGciOiJIUzI1NiJ9.eyJzIjoiVkhGOVBDMTU4UkdlVjk5Y0VScDBnQSIsImkiOiI1NzE2MjI0MDIwIn0.U1vXI3ankpBwjIwjfb1Pl14AuUMYwxlzIecF3p4gasU,https://www.adzuna.de/details/5716224020?utm_medium=api&utm_source=a4bcf954,9.9477,"{'__CLASS__': 'Adzuna::API::Response::Company', 'display_name': 'ENCAVIS'}",Berufsbegleitendes Studium - Data Science & Artificial Intelligence,53.54883,2026-05-01T22:59:27Z,"Auf was wir bei ENCAVIS setzen? Die Sonne. Den Wind. Und auf dich. Willkommen in der Welt von Encavis! Bei uns dreht sich alles um die Kraft der Sonne, des Windes und der konzernweit über 400 Menschen, die gemeinsam das Energiesystem der Zukunft gestalten, um eine nachhaltige Energieversorgung für zukünftige Generationen sicherzustellen. Die ENCAVIS Management GmbH & Co. KG ist die Holding der ENCAVIS GmbH, einem der führenden Stromerzeuger aus Erneuerbaren Energien in Europa. Wir betreiben ein…",5716224020,"{'tag': 'it-jobs', 'label': 'IT-Stellen', '__CLASS__': 'Adzuna::API::Response::Category'}",0,"{'display_name': 'Altona-Altstadt, Hamburg', 'area': ['Deutschland', 'Hamburg', 'Altona-Altstadt'], '__CLASS__': 'Adzuna::API::Response::Location'}",part_time,,,
Adzuna::API::Response::Job,eyJhbGciOiJIUzI1NiJ9.eyJzIjoiVkhGOVBDMTU4UkdlVjk5Y0VScDBnQSIsImkiOiI1NzY4MDYwNjM4In0.TZrnRJodfpmpJ23gAHh-zN_4JKzZmq3LiTzt6xAwz3g,https://www.adzuna.de/details/5768060638?utm_medium=api&utm_source=a4bcf954,10.64904,"{'display_name': 'Drägerwerk AG & Co. KGaA', '__CLASS__': 'Adzuna::API::Response::Company'}",Praktikum Künstliche Intelligenz / Data Science – Medizintechnik,53.86126,2026-06-18T14:13:20Z,"Praktikum Künstliche Intelligenz / Data Science – Medizintechnik Drägerwerk AG & Co. KGaA - Job-ID V000011147 Einsatzort: Lübeck Fachbereich: R&D Art der Anstellung: Vollzeit Dafür suchen wir Dich Studieren macht Spaß – noch mehr, wenn du die Theorie auch in der Praxis erleben kannst. Bei Dräger bringst du vom ersten Tag an deine Ideen ein und übernimmst Verantwortung für ›Technik für das Leben‹. Im Bereich Workplace Infrastructure dreht sich alles um die Gestaltung moderner Arbeits- und Klinik…",5768060638,"{'__CLASS__': 'Adzuna::API::Response::Category', 'tag': 'unknown', 'label': 'Unknown'}",0,"{'__CLASS__': 'Adzuna::API::Response::Location', 'area': ['Deutschland', 'Schleswig-Holstein', 'Lübeck', 'Buntekuh'], 'display_name': 'Buntekuh, Lübeck'}",,,,
Adzuna::API::Response::Job,eyJhbGciOiJIUzI1NiJ9.eyJzIjoiVkhGOVBDMTU4UkdlVjk5Y0VScDBnQSIsImkiOiI1NzI3MzIyOTE1In0.lOjulHm9Zs5MJm9U_9noWeM1J8Oqqa0GxASVoVZO9V0,https://www.adzuna.de/details/5727322915?utm_medium=api&utm_source=a4bcf954,8.45882,"{'display_name': 'Chrono24', '__CLASS__': 'Adzuna::API::Response::Company'}",Werkstudent Data Science (m/w/d),49.03084,2026-05-12T23:08:36Z,Darauf kannst Du dich freuen Du übernimmst eigenverantwortlich verschiedene Modellierungs- und Analyseprojekte und nutzt dabei unsere Marktplatzdaten sowie deine fundierten Methodenkenntnisse. Du bereitest Daten aus unterschiedlichen Systemen auf und setzt deine Fähigkeiten im Feature Engineering effektiv ein. Bei der Umsetzung von statistischen Modellen und Modell-Prototypen legst du großen Wert auf deren praktische Anwendbarkeit. Du führst statistisch fundierte Analysen und Simulationen durch…,5727322915,"{'__CLASS__': 'Adzuna::API::Response::Category', 'tag': 'logistics-warehouse-jobs', 'label': 'Stellen aus Logistik & Lagerhaltung'}",0,"{'__CLASS__': 'Adzuna::API::Response::Location', 'area': ['Deutschland', 'Baden-Württemberg', 'Karlsruhe (Kreis)', 'Karlsruhe', 'Hagsfeld'], 'display_name': 'Hagsfeld, Karlsruhe'}",part_time,,,
Adzuna::API::Response::Job,eyJhbGciOiJIUzI1NiJ9.eyJzIjoiVkhGOVBDMTU4UkdlVjk5Y0VScDBnQSIsImkiOiI1NzI3MzIxODc2In0.lmkx5qZWOzafGf9IOsafO5s34xXxcxauiGZVI1F3ZF8,https://www.adzuna.de/details/5727321876?utm_medium=api&utm_source=a4bcf954,11.62828,"{'__CLASS__': 'Adzuna::API::Response::Company', 'display_name': 'smartvillage'}",Data Science Engineer (m/w/d),48.1475,2026-05-12T23:07:57Z,"Dafür brauchen wir Dich Für ein neues Digital-Projekt in der MICE-Branche suchen wir Dich: eine Persönlichkeit, die Lust hat, mit uns Dinge neu zu denken, Ideen Realität werden zu lassen und die Zukunft unserer Branche aktiv mitzugestalten. Dateninfrastruktur & Skalierung: Du entwickelst und verantwortest unsere Dateninfrastruktur. Du baust robuste Pipelines, die Daten aus verschiedenen Quellen in ein sauberes, zuverlässiges Data Warehouse überführen und stellst Qualität, Konsistenz und Verfügb…",5727321876,"{'__CLASS__': 'Adzuna::API::Response::Category', 'label': 'Unknown', 'tag': 'unknown'}",0,"{'area': ['Deutschland', 'Bayern', 'München (Kreis)', 'München', 'Bogenhausen'], 'display_name': 'Bogenhausen, München', '__CLASS__': 'Adzuna::API::Response::Location'}",full_time,,,
Adzuna::API::Response::Job,eyJhbGciOiJIUzI1NiJ9.eyJzIjoiVkhGOVBDMTU4UkdlVjk5Y0VScDBnQSIsImkiOiI1NTc2NjkwMTIxIn0.80Gz8EcqGf4fbL6BSo5F16NBrNw4YnDEVGDJhUdXvGE,https://www.adzuna.de/details/5576690121?utm_medium=api&utm_source=a4bcf954,13.33722,"{'display_name': 'Siltronic AG', '__CLASS__': 'Adzuna::API::Response::Company'}",Duales Studium Data Science und Künstliche Intelligenz,50.91404,2026-01-09T20:35:59Z,"Siltronic ist einer der weltweit größten Hersteller für Wafer aus Reinstsilizium und Partner vieler führender Chip-Hersteller mit rund 4.300 Mitarbeitenden und Produktionsstätten in Europa, Asien und den USA. Wir entwickeln und fertigen Wafer mit einem Durchmesser von bis zu 300 mm. Diese sind die Grundlage der modernen Mikro- und Nanoelektronik. In einem 3-jährigen Dualen Studium werden Theorie und Praxis gekonnt verbunden. Das hoch qualifizierende Studium wird durch breit gefächerte Praxisein…",5576690121,"{'__CLASS__': 'Adzuna::API::Response::Category', 'tag': 'unknown', 'label': 'Unknown'}",0,"{'display_name': 'Freiberg, Mittelsachsen (Kreis)', 'area': ['Deutschland', 'Sachsen', 'Mittelsachsen (Kreis)', 'Freiberg'], '__CLASS__': 'Adzuna::API::Response::Location'}",full_time,,,
Adzuna::API::Response::Job,eyJhbGciOiJIUzI1NiJ9.eyJpIjoiNTU2NTIwODc3MSIsInMiOiJWSEY5UEMxNThSR2VWOTljRVJwMGdBIn0.6ELPgO44Mzii_5-0QMxoFW4Nz4--z6LcWi9QhnBowyw,https://www.adzuna.de/details/5565208771?utm_medium=api&utm_source=a4bcf954,9.22208,"{'__CLASS__': 'Adzuna::API::Response::Company', 'display_name': 'Kaufland'}",Praktikant Data Science (m/w/d),49.1416,2026-01-02T20:58:32Z,"Du willst mehr als Uni und möchtest erste Berufseinblicke und Kontakte knüpfen? Dann bist du hier richtig! Als Werkstudent oder Praktikant bei Kaufland gehörst du von Beginn an zu einem starken Team und kannst zeigen, was in dir steckt. Werde auch du Teil von teamkaufland! Das erwartet dich bei uns Wir zählen auf dich: Du unterstützt unser Team bei der Bearbeitung unserer Analytics Use Cases entlang der gesamten Wertschöpfungskette bei Kaufland. Vielfältige Aufgaben? Na klar: Lerne unsere Proje…",5565208771,"{'label': 'IT-Stellen', 'tag': 'it-jobs', '__CLASS__': 'Adzuna::API::Response::Category'}",0,"{'__CLASS__': 'Adzuna::API::Response::Location', 'display_name': 'Böckingen, Heilbronn', 'area': ['Deutschland', 'Baden-Württemberg', 'Heilbronn (Kreis)', 'Heilbronn', 'Böckingen']}",,,,
Adzuna::API::Response::Job,eyJhbGciOiJIUzI1NiJ9.eyJzIjoiVkhGOVBDMTU4UkdlVjk5Y0VScDBnQSIsImkiOiI1NTA1MzM2ODI2In0.cTcMSE1XPk_N1wjhcdPz_EfgjAlAMyivbFHKREREgwY,https://www.adzuna.de/details/5505336826?utm_medium=api&utm_source=a4bcf954,8.29909,"{'display_name': 'KPMG', '__CLASS__': 'Adzuna::API::Response::Company'}",Praktikum Data Science / Data Analytics & BI (w/m/d),48.36497,2025-11-20T17:58:31Z,"Praktikum Data Science / Data Analytics & BI (w/m/d) Job-ID: 11385 Standorte: Ulm Karrierelevel: Studierende Anstellungsart: Praktikum Begleite KPMG bei den zukünftigen Herausforderungen unserer Kund:innen. Begeistere auch Du Dich für die Vielfalt unserer Fragestellungen - und mach gemeinsam mit uns den Unterschied. Unterstütze Dein Team von Data-Expert:innen, die innovativen und datengesteuerten Lösungen für unsere Kund:innen zu entwickeln. Deine Aufgaben Du willst Big Data in Smart Data verwa…",5505336826,"{'__CLASS__': 'Adzuna::API::Response::Category', 'label': 'Unknown', 'tag': 'unknown'}",0,"{'area': ['Deutschland', 'Baden-Württemberg', 'Ulm', 'Mitte'], 'display_name': 'Mitte, Ulm', '__CLASS__': 'Adzuna::API::Response::Location'}",,,,contract
Adzuna::API::Response::Job,eyJhbGciOiJIUzI1NiJ9.eyJpIjoiNTUwNTMzNjgyMCIsInMiOiJWSEY5UEMxNThSR2VWOTljRVJwMGdBIn0.5Mw5BGFqp5S66CvxlF_PEaS7gIsk-avZe5mUNGdPdT4,https://www.adzuna.de/details/5505336820?utm_medium=api&utm_source=a4bcf954,8.50014,"{'display_name': 'KPMG', '__CLASS__': 'Adzuna::API::Response::Company'}",Praktikum Data Science / Data Analytics & BI (w/m/d),49.46856,2025-11-20T17:58:30Z,"Praktikum Data Science / Data Analytics & BI (w/m/d) Job-ID: 11385 Standorte: Mannheim Karrierelevel: Studierende Anstellungsart: Praktikum Begleite KPMG bei den zukünftigen Herausforderungen unserer Kund:innen. Begeistere auch Du Dich für die Vielfalt unserer Fragestellungen - und mach gemeinsam mit uns den Unterschied. Unterstütze Dein Team von Data-Expert:innen, die innovativen und datengesteuerten Lösungen für unsere Kund:innen zu entwickeln. Deine Aufgaben Du willst Big Data in Smart Data …",5505336820,"{'tag': 'unknown', 'label': 'Unknown', '__CLASS__': 'Adzuna::API::Response::Category'}",0,"{'__CLASS__': 'Adzuna::API::Response::Location', 'area': ['Deutschland', 'Baden-Württemberg', 'Mannheim', 'Neuostheim'], 'display_name': 'Neuostheim, Mannheim'}",,,,contract
Adzuna::API::Response::Job,eyJhbGciOiJIUzI1NiJ9.eyJzIjoiVkhGOVBDMTU4UkdlVjk5Y0VScDBnQSIsImkiOiI1NTA1MzM2ODMzIn0.l2-xPevbNfhKpIqSo8NQC1uWTkF4jKLEP1kqEcQcJck,https://www.adzuna.de/details/5505336833?utm_medium=api&utm_source=a4bcf954,13.35662,"{'__CLASS__': 'Adzuna::API::Response::Company', 'display_name': 'KPMG'}",Praktikum Data Science / Data Analytics & BI (w/m/d),52.5259,2025-11-20T17:58:31Z,"Praktikum Data Science / Data Analytics & BI (w/m/d) Job-ID: 11385 Standorte: Berlin Karrierelevel: Studierende Anstellungsart: Praktikum Begleite KPMG bei den zukünftigen Herausforderungen unserer Kund:innen. Begeistere auch Du Dich für die Vielfalt unserer Fragestellungen - und mach gemeinsam mit uns den Unterschied. Unterstütze Dein Team von Data-Expert:innen, die innovativen und datengesteuerten Lösungen für unsere Kund:innen zu entwickeln. Deine Aufgaben Du willst Big Data in Smart Data ve…",5505336833,"{'tag': 'unknown', 'label': 'Unknown', '__CLASS__': 'Adzuna::API::Response::Category'}",0,"{'__CLASS__': 'Adzuna::API::Response::Location', 'display_name': 'Moabit, Berlin', 'area': ['Deutschland', 'Berlin', 'Moabit']}",,,,contract
Adzuna::API::Response::Job,eyJhbGciOiJIUzI1NiJ9.eyJpIjoiNTUwNTMzNjgzNyIsInMiOiJWSEY5UEMxNThSR2VWOTljRVJwMGdBIn0.SD1si6HjHjOoCQTJMmRkuuBgAPeBQ0-3wip-3ryUdM0,https://www.adzuna.de/details/5505336837?utm_medium=api&utm_source=a4bcf954,9.18071,"{'display_name': 'KPMG', '__CLASS__': 'Adzuna::API::Response::Company'}",Praktikum Data Science / Data Analytics & BI (w/m/d),48.77713,2025-11-20T17:58:31Z,"Praktikum Data Science / Data Analytics & BI (w/m/d) Job-ID: 11385 Standorte: Stuttgart Karrierelevel: Studierende Anstellungsart: Praktikum Begleite KPMG bei den zukünftigen Herausforderungen unserer Kund:innen. Begeistere auch Du Dich für die Vielfalt unserer Fragestellungen - und mach gemeinsam mit uns den Unterschied. Unterstütze Dein Team von Data-Expert:innen, die innovativen und datengesteuerten Lösungen für unsere Kund:innen zu entwickeln. Deine Aufgaben Du willst Big Data in Smart Data…",5505336837,"{'__CLASS__': 'Adzuna::API::Response::Category', 'label': 'Unknown', 'tag': 'unknown'}",0,"{'__CLASS__': 'Adzuna::API::Response::Location', 'area': ['Deutschland', 'Baden-Württemberg', 'Stuttgart', 'Mitte'], 'display_name': 'Mitte, Stuttgart'}",,,,contract
Adzuna::API::Response::Job,eyJhbGciOiJIUzI1NiJ9.eyJzIjoiVkhGOVBDMTU4UkdlVjk5Y0VScDBnQSIsImkiOiI1NTA1MzM4MTc0In0.6jJyvpYhTiEyf5kuBDQk4GlvP4gz-F1vnMiXgT_Wivk,https://www.adzuna.de/details/5505338174?utm_medium=api&utm_source=a4bcf954,,"{'__CLASS__': 'Adzuna::API::Response::Company', 'display_name': 'KPMG'}",Praktikum Data Science / Data Analytics & BI (w/m/d),,2025-11-20T17:58:37Z,"Praktikum Data Science / Data Analytics & BI (w/m/d) Job-ID: 11385 Standorte: Karrierelevel: Studierende Anstellungsart: Praktikum Begleite KPMG bei den zukünftigen Herausforderungen unserer Kund:innen. Begeistere auch Du Dich für die Vielfalt unserer Fragestellungen - und mach gemeinsam mit uns den Unterschied. Unterstütze Dein Team von Data-Expert:innen, die innovativen und datengesteuerten Lösungen für unsere Kund:innen zu entwickeln. Deine Aufgaben Du willst Big Data in Smart Data verwandel…",5505338174,"{'__CLASS__': 'Adzuna::API::Response::Category', 'label': 'Unknown', 'tag': 'unknown'}",0,"{'__CLASS__': 'Adzuna::API::Response::Location', 'display_name': 'Deutschland', 'area': ['Deutschland']}",,,,contract
Adzuna::API::Response::Job,eyJhbGciOiJIUzI1NiJ9.eyJzIjoiVkhGOVBDMTU4UkdlVjk5Y0VScDBnQSIsImkiOiI1NTA1MzM2ODE4In0.ByyA2c5jJ-3GFe4QBceqx0F1J6pM-xXVU0f8zhKeSzg,https://www.adzuna.de/details/5505336818?utm_medium=api&utm_source=a4bcf954,8.56413,"{'__CLASS__': 'Adzuna::API::Response::Company', 'display_name': 'KPMG'}",Praktikum Data Science / Data Analytics & BI (w/m/d),50.05078,2025-11-20T17:58:30Z,"Praktikum Data Science / Data Analytics & BI (w/m/d) Job-ID: 11385 Standorte: Frankfurt Karrierelevel: Studierende Anstellungsart: Praktikum Begleite KPMG bei den zukünftigen Herausforderungen unserer Kund:innen. Begeistere auch Du Dich für die Vielfalt unserer Fragestellungen - und mach gemeinsam mit uns den Unterschied. Unterstütze Dein Team von Data-Expert:innen, die innovativen und datengesteuerten Lösungen für unsere Kund:innen zu entwickeln. Deine Aufgaben Du willst Big Data in Smart Data…",5505336818,"{'label': 'Unknown', 'tag': 'unknown', '__CLASS__': 'Adzuna::API::Response::Category'}",0,"{'area': ['Deutschland', 'Hessen', 'Frankfurt am Main', 'Flughafen'], 'display_name': 'Flughafen, Frankfurt am Main', '__CLASS__': 'Adzuna::API::Response::Location'}",,,,contract
Adzuna::API::Response::Job,eyJhbGciOiJIUzI1NiJ9.eyJpIjoiNTUwNTMzNjgyOSIsInMiOiJWSEY5UEMxNThSR2VWOTljRVJwMGdBIn0.nxA1XS4Pv1DFuv0UUAMPdHXqL-rr9X6gGFiZlEYjC0U,https://www.adzuna.de/details/5505336829?utm_medium=api&utm_source=a4bcf954,6.96191,"{'display_name': 'KPMG', '__CLASS__': 'Adzuna::API::Response::Company'}",Praktikum Data Science / Data Analytics & BI (w/m/d),49.253,2025-11-20T17:58:31Z,"Praktikum Data Science / Data Analytics & BI (w/m/d) Job-ID: 11385 Standorte: Saarbrücken Karrierelevel: Studierende Anstellungsart: Praktikum Begleite KPMG bei den zukünftigen Herausforderungen unserer Kund:innen. Begeistere auch Du Dich für die Vielfalt unserer Fragestellungen - und mach gemeinsam mit uns den Unterschied. Unterstütze Dein Team von Data-Expert:innen, die innovativen und datengesteuerten Lösungen für unsere Kund:innen zu entwickeln. Deine Aufgaben Du willst Big Data in Smart Da…",5505336829,"{'label': 'Unknown', 'tag': 'unknown', '__CLASS__': 'Adzuna::API::Response::Category'}",0,"{'display_name': 'Malstatt, Saarbrücken', 'area': ['Deutschland', 'Saarland', 'Regionalverband Saarbrücken (Kreis)', 'Saarbrücken', 'Malstatt'], '__CLASS__': 'Adzuna::API::Response::Location'}",,,,contract
Adzuna::API::Response::Job,eyJhbGciOiJIUzI1NiJ9.eyJzIjoiVkhGOVBDMTU4UkdlVjk5Y0VScDBnQSIsImkiOiI1NTA1MzM2ODMxIn0.qPXIvCi4S7qRYh2ETXRQ4goMmU7xb22XxScy-jgcl9k,https://www.adzuna.de/details/5505336831?utm_medium=api&utm_source=a4bcf954,8.45882,"{'__CLASS__': 'Adzuna::API::Response::Company', 'display_name': 'KPMG'}",Praktikum Data Science / Data Analytics & BI (w/m/d),49.03084,2025-11-20T17:58:31Z,"Praktikum Data Science / Data Analytics & BI (w/m/d) Job-ID: 11385 Standorte: Karlsruhe Karrierelevel: Studierende Anstellungsart: Praktikum Begleite KPMG bei den zukünftigen Herausforderungen unserer Kund:innen. Begeistere auch Du Dich für die Vielfalt unserer Fragestellungen - und mach gemeinsam mit uns den Unterschied. Unterstütze Dein Team von Data-Expert:innen, die innovativen und datengesteuerten Lösungen für unsere Kund:innen zu entwickeln. Deine Aufgaben Du willst Big Data in Smart Data…",5505336831,"{'tag': 'unknown', 'label': 'Unknown', '__CLASS__': 'Adzuna::API::Response::Category'}",0,"{'__CLASS__': 'Adzuna::API::Response::Location', 'area': ['Deutschland', 'Baden-Württemberg', 'Karlsruhe (Kreis)', 'Karlsruhe', 'Hagsfeld'], 'display_name': 'Hagsfeld, Karlsruhe'}",,,,contract
Adzuna::API::Response::Job,eyJhbGciOiJIUzI1NiJ9.eyJpIjoiNTc2MDc1NDUxNiIsInMiOiJWSEY5UEMxNThSR2VWOTljRVJwMGdBIn0.QDdSlZTRdNIW4FK8nR62tlI0UnyKiXXFE38HD1Bfyeg,https://www.adzuna.de/details/5760754516?utm_medium=api&utm_source=a4bcf954,6.96735,"{'__CLASS__': 'Adzuna::API::Response::Company', 'display_name': 'BRL Risk Consulting GmbH & Co. KG'}",Praktikant Data Science / Data Engineering im Bereich Risk Advisory Services,51.46121,2026-06-12T03:26:02Z,"Du hast deine ersten Semester geschafft und möchtest Dein theoretisches Wissen nun gern in spannenden Praxisprojekten anwenden? Bei uns wirst Du direkt in die Mandats- und Projektarbeit mit eingebunden und schnupperst so echte Praxisluft in einem interessanten Aufgabengebiet. Knüpfe schon jetzt wertvolle Kontakte, die deinen späteren Einstieg in die Berufswelt deutlich erleichtern können. Für einen Zeitraum von 6 Monaten suchen wir Praktikant (W/M/D) Data Science & Artificial Intelligence in Be…",5760754516,"{'label': 'Beraterstellen', 'tag': 'consultancy-jobs', '__CLASS__': 'Adzuna::API::Response::Category'}",0,"{'__CLASS__': 'Adzuna::API::Response::Location', 'display_name': 'Altendorf, Essen', 'area': ['Deutschland', 'Nordrhein-Westfalen', 'Essen', 'Altendorf']}",,,,
Adzuna::API::Response::Job,eyJhbGciOiJIUzI1NiJ9.eyJpIjoiNTc2MDc1NDUxMyIsInMiOiJWSEY5UEMxNThSR2VWOTljRVJwMGdBIn0.FFJK05QQ87b6sQSQu3sP-g19YXXQqBGYsT2wmzZTFxk,https://www.adzuna.de/details/5760754513?utm_medium=api&utm_source=a4bcf954,13.38475,"{'display_name': 'BRL Risk Consulting GmbH & Co. KG', '__CLASS__': 'Adzuna::API::Response::Company'}",Praktikant Data Science / Data Engineering im Bereich Risk Advisory Services,52.51551,2026-06-12T03:26:02Z,"Du hast deine ersten Semester geschafft und möchtest Dein theoretisches Wissen nun gern in spannenden Praxisprojekten anwenden? Bei uns wirst Du direkt in die Mandats- und Projektarbeit mit eingebunden und schnupperst so echte Praxisluft in einem interessanten Aufgabengebiet. Knüpfe schon jetzt wertvolle Kontakte, die deinen späteren Einstieg in die Berufswelt deutlich erleichtern können. Für einen Zeitraum von 6 Monaten suchen wir Praktikant (W/M/D) Data Science & Artificial Intelligence in Be…",5760754513,"{'label': 'Beraterstellen', 'tag': 'consultancy-jobs', '__CLASS__': 'Adzuna::API::Response::Category'}",0,"{'__CLASS__': 'Adzuna::API::Response::Location', 'area': ['Deutschland', 'Berlin', 'Mitte'], 'display_name': 'Mitte, Berlin'}",,,,
Adzuna::API::Response::Job,eyJhbGciOiJIUzI1NiJ9.eyJzIjoiVkhGOVBDMTU4UkdlVjk5Y0VScDBnQSIsImkiOiI1Nzc3MDU0NTM1In0.ELaMzn5Pr7eYM7qJj7npF_a9yanIAvFJsXP6-fNDWO4,https://www.adzuna.de/details/5777054535?utm_medium=api&utm_source=a4bcf954,9.98553,"{'__CLASS__': 'Adzuna::API::Response::Company', 'display_name': 'BRL Risk Consulting GmbH & Co. KG'}",Praktikant Data Science / Data Engineering im Bereich Risk Advisory Services,53.55197,2026-06-26T03:51:19Z,"Du hast deine ersten Semester geschafft und möchtest Dein theoretisches Wissen nun gern in spannenden Praxisprojekten anwenden? Bei uns wirst Du direkt in die Mandats- und Projektarbeit mit eingebunden und schnupperst so echte Praxisluft in einem interessanten Aufgabengebiet. Knüpfe schon jetzt wertvolle Kontakte, die deinen späteren Einstieg in die Berufswelt deutlich erleichtern können. Für einen Zeitraum von 6 Monaten suchen wir Praktikant (W/M/D) Data Science & Artificial Intelligence in Be…",5777054535,"{'__CLASS__': 'Adzuna::API::Response::Category', 'tag': 'consultancy-jobs', 'label': 'Beraterstellen'}",0,"{'area': ['Deutschland', 'Hamburg', 'Neustadt'], 'display_name': 'Neustadt, Hamburg', '__CLASS__': 'Adzuna::API::Response::Location'}",,,,
Adzuna::API::Response::Job,eyJhbGciOiJIUzI1NiJ9.eyJzIjoiVkhGOVBDMTU4UkdlVjk5Y0VScDBnQSIsImkiOiI1Nzc3MDU0NTM2In0.kHvJiF0F_EfZnUpeM8rVvvTLcs-pxExKACfwTEWYzAc,https://www.adzuna.de/details/5777054536?utm_medium=api&utm_source=a4bcf954,11.56907,"{'display_name': 'BRL Risk Consulting GmbH & Co. KG', '__CLASS__': 'Adzuna::API::Response::Company'}",Praktikant Data Science / Data Engineering im Bereich Risk Advisory Services,48.14093,2026-06-26T03:51:19Z,"Du hast deine ersten Semester geschafft und möchtest Dein theoretisches Wissen nun gern in spannenden Praxisprojekten anwenden? Bei uns wirst Du direkt in die Mandats- und Projektarbeit mit eingebunden und schnupperst so echte Praxisluft in einem interessanten Aufgabengebiet. Knüpfe schon jetzt wertvolle Kontakte, die deinen späteren Einstieg in die Berufswelt deutlich erleichtern können. Für einen Zeitraum von 6 Monaten suchen wir Praktikant (W/M/D) Data Science & Artificial Intelligence in Be…",5777054536,"{'label': 'Beraterstellen', 'tag': 'consultancy-jobs', '__CLASS__': 'Adzuna::API::Response::Category'}",0,"{'area': ['Deutschland', 'Bayern', 'München (Kreis)', 'München', 'Altstadt-Lehel'], 'display_name': 'Altstadt-Lehel, München', '__CLASS__': 'Adzuna::API::Response::Location'}",,,,
Adzuna::API::Response::Job,eyJhbGciOiJIUzI1NiJ9.eyJpIjoiNTc0NzQ3NzU5OSIsInMiOiJWSEY5UEMxNThSR2VWOTljRVJwMGdBIn0.hf5jzg6nxEIHNAnbQqHOvQKq0xjysXFl5D_1NooxYXU,https://www.adzuna.de/land/ad/5747477599?se=VHF9PC158RGeV99cERp0gA&utm_medium=api&utm_source=a4bcf954&v=C0A47A17CE3B77A416E728FB917168CA7617CD45,,"{'display_name': 'Rosenxt Group', '__CLASS__': 'Adzuna::API::Response::Company'}","Cloud-Native Architect (all genders welcome) – Kubernetes, CNCF, MLOps",,2026-06-01T12:49:35Z,"Rosenxt ist eine zukunftsorientierte Technologiegruppe - wir sind visionäre Architekten des Fortschritts mit Jahrzehnten an Ingenieurs-Exzellenz. Als ein privat geführter globaler Partner mit mehr als 650 Mitarbeitern schauen wir weit in die Zukunft, setzen auf Langfristigkeit und machen so aus Chancen erfolgreiche Geschäftsfelder. Wir sind technikbegeistert durch und durch, tauchen tief in die neuesten Technologien ein. Diese Expertise in verschiedensten Technologiebereichen wie Sensoren, auto…",5747477599,"{'label': 'IT-Stellen', 'tag': 'it-jobs', '__CLASS__': 'Adzuna::API::Response::Category'}",0,"{'area': ['Deutschland'], 'display_name': 'Deutschland', '__CLASS__': 'Adzuna::API::Response::Location'}",,,,
Adzuna::API::Response::Job,eyJhbGciOiJIUzI1NiJ9.eyJpIjoiNTc4OTEyMzU4NiIsInMiOiJWSEY5UEMxNThSR2VWOTljRVJwMGdBIn0._yixWskbHTPY9trGZ5ww5yC8Rt6HtbQax4glNBt9tGk,https://www.adzuna.de/land/ad/5789123586?se=VHF9PC158RGeV99cERp0gA&utm_medium=api&utm_source=a4bcf954&v=DB89E5C0C58E550CC5F5F48618BBE65F805C9DBC,8.98349,"{'__CLASS__': 'Adzuna::API::Response::Company', 'display_name': 'Mercedes-Benz AG'}",Abschlussarbeit Entwicklung eines LLM-basierten Chatbots - Prozessunterstützung webbasierten Applikation MBupgrades,48.68872,2026-07-05T15:00:00Z,"Life is always about becoming… Im Leben geht es darum, sich auf eine Reise zu begeben, um die beste Version unseres zukünftigen Selbst zu werden. Während wir Neues entdecken, stellen wir uns Herausforderungen, meistern sie und wachsen über uns hinaus. Bewerben Sie sich bei Mercedes-Benz und finden Sie den Aufgabenbereich, in dem Sie Ihre Talente individuell entfalten können. Dabei werden Sie von visionären Kolleginnen und Kollegen unterstützt, die Ihren Pioniergeist teilen. Bei uns einzusteigen…",5789123586,"{'label': 'Unknown', 'tag': 'unknown', '__CLASS__': 'Adzuna::API::Response::Category'}",0,"{'display_name': 'Böblingen, Böblingen (Kreis)', 'area': ['Deutschland', 'Baden-Württemberg', 'Böblingen (Kreis)', 'Böblingen'], '__CLASS__': 'Adzuna::API::Response::Location'}",,,,
Adzuna::API::Response::Job,eyJhbGciOiJIUzI1NiJ9.eyJpIjoiNTY4Nzc3MjQ5MyIsInMiOiJWSEY5UEMxNThSR2VWOTljRVJwMGdBIn0.B7l8kHoyL_8UvSZ0JiVc8RCpcFMe1jXXAbJpa_azLVs,https://www.adzuna.de/details/5687772493?utm_medium=api&utm_source=a4bcf954,9.06857,"{'__CLASS__': 'Adzuna::API::Response::Company', 'display_name': 'TRUMPF Group'}",Praktikum im Bereich Data Science/Data Engineering für Maschinendiagnose (WS26/27),48.82434,2026-04-02T22:32:24Z,"As a family-run, high-tech company with nearly 19,000 employees at 71 locations worldwide, we are looking for forward thinkers with unconventional ideas and drive to join our team. Our company culture, which values collaboration and mutual trust, creates the ideal framework for boldly trying new things and questioning the status quo. Our technologies inspire people to develop and produce things that are currently unimaginable. Whether lasers, machine tools, EUV or electronics - TRUMPF is buildi…",5687772493,"{'__CLASS__': 'Adzuna::API::Response::Category', 'label': 'Unknown', 'tag': 'unknown'}",0,"{'__CLASS__': 'Adzuna::API::Response::Location', 'display_name': 'Ditzingen, Ludwigsburg (Kreis)', 'area': ['Deutschland', 'Baden-Württemberg', 'Ludwigsburg (Kreis)', 'Ditzingen']}",full_time,,,
Adzuna::API::Response::Job,eyJhbGciOiJIUzI1NiJ9.eyJzIjoiVkhGOVBDMTU4UkdlVjk5Y0VScDBnQSIsImkiOiI1NzgxODA5MzY0In0.Al1g4SadWzrMDwswzpfaTA5ULh8m3K_jnm_bUhz8WSA,https://www.adzuna.de/land/ad/5781809364?se=VHF9PC158RGeV99cERp0gA&utm_medium=api&utm_source=a4bcf954&v=06FA8AE2A5F986389191E85392CEB35D29FD1A22,6.808387,"{'__CLASS__': 'Adzuna::API::Response::Company', 'display_name': 'adesso SE'}",IT-Consultant Automotive Production (all genders),51.226802,2026-06-30T07:21:51Z,"adesso steht für digitale Exzellenz – und damit auch für vielfältige Entwicklungsmöglichkeiten für alle adessi. Wir wachsen gemeinsam und lernen voneinander: in anspruchsvollen Projekten, interdisziplinären Teams und mit zielgerichteten Trainingsangeboten. Wir haben IT im Herzen und den Erfolg unserer Kunden im Fokus. Als Treiber der KI-Transformation verbinden wir Mut zur Veränderung mit technologischer Expertise und zukunftsfähigen Strategien. Was uns stark macht, sind unsere adessi, die etwa…",5781809364,"{'__CLASS__': 'Adzuna::API::Response::Category', 'label': 'IT-Stellen', 'tag': 'it-jobs'}",0,"{'__CLASS__': 'Adzuna::API::Response::Location', 'display_name': 'Düsseldorf, Nordrhein-Westfalen', 'area': ['Deutschland', 'Nordrhein-Westfalen', 'Düsseldorf']}",,,,
Adzuna::API::Response::Job,eyJhbGciOiJIUzI1NiJ9.eyJzIjoiSEctSlBTMTU4UkdrWnVwWnJJVm8tUSIsImkiOiI1NzYyNjQzMTQzIn0._13QLw8V9IM6UNDva9TsniqQqJ8u8qMdNOVrj1OwAlU,https://www.adzuna.de/land/ad/5762643143?se=HG-JPS158RGkZupZrIVo-Q&utm_medium=api&utm_source=a4bcf954&v=FD2AAAE49B8E2B522EE1C96576600700F05E0326,11.555737,"{'display_name': 'BMW Group', '__CLASS__': 'Adzuna::API::Response::Company'}",Senior Applied AI Architect - Automated Driving (f/m/d),48.137418,2026-06-13T17:45:55Z,"Mit unseren Marken BMW, MINI, Rolls-Royce und BMW Motorrad sind wir einer der weltweit führenden Premium-Hersteller von Automobilen sowie Motorrädern und darüber hinaus Anbieter von Premium-Finanz- und Mobilitätsdienstleistungen. Am Standort München suchen wir Sie als Senior Applied AI Architect - Automated Driving (f/m/d) Aufgaben INNOVATION IS IMAGINING WHAT NO ONE ELSE CAN. At the BMW Group, everything starts with passion. It turns a profession into a vocation. It drives us to keep reinventi…",5762643143,"{'label': 'IT-Stellen', 'tag': 'it-jobs', '__CLASS__': 'Adzuna::API::Response::Category'}",0,"{'area': ['Deutschland', 'Bayern', 'München (Kreis)', 'München'], 'display_name': 'München, München (Kreis)', '__CLASS__': 'Adzuna::API::Response::Location'}",,,,
Adzuna::API::Response::Job,eyJhbGciOiJIUzI1NiJ9.eyJpIjoiNTc3Mjk5ODkyMyIsInMiOiJIRy1KUFMxNThSR2tadXBacklWby1RIn0.R3Tm4BuQYmg0lwR5smQW58YE4j4iAa9-UA-XlpOO4NY,https://www.adzuna.de/details/5772998923?utm_medium=api&utm_source=a4bcf954,,"{'display_name': 'SIXT Germany', '__CLASS__': 'Adzuna::API::Response::Company'}",Duales Studium Data Science – in Kooperation mit der DHBW Stuttgart,,2026-06-23T02:33:20Z,"Stellenbeschreibung Du hast (bald) Dein Abitur in der Tasche und interessierst Dich für Daten, Analysen und Programmierung? Du willst direkt in die Praxis einsteigen und gleichzeitig ein Studium absolvieren? Dann starte Dein duales Studium Data Science bei SIXT in Kooperation mit der DHBW Stuttgart. Bei SIXT wirst Du vom ersten Tag an Teil unseres internationalen Unternehmens. Du erhältst Einblicke in alle zentralen Bereiche rund um das Thema Data Science und lernst praxisnah wie Du im Team dat…",5772998923,"{'label': 'Beraterstellen', 'tag': 'consultancy-jobs', '__CLASS__': 'Adzuna::API::Response::Category'}",0,"{'__CLASS__': 'Adzuna::API::Response::Location', 'display_name': 'München, München (Kreis)', 'area': ['Deutschland', 'Bayern', 'München (Kreis)', 'München']}",,,,
Adzuna::API::Response::Job,eyJhbGciOiJIUzI1NiJ9.eyJpIjoiNTc1NjY4MjQyOSIsInMiOiJIRy1KUFMxNThSR2tadXBacklWby1RIn0.l73IhZjVeo_bO2dh0nkhjdEz6KdkvPQrYvwjdH7162A,https://www.adzuna.de/details/5756682429?utm_medium=api&utm_source=a4bcf954,9.187224,"{'__CLASS__': 'Adzuna::API::Response::Company', 'display_name': 'SIXT Germany'}",Duales Studium Data Science – in Kooperation mit der DHBW Stuttgart,48.776198,2026-06-09T01:00:12Z,"Stellenbeschreibung Du hast (bald) Dein Abitur in der Tasche und interessierst Dich für Daten, Analysen und Programmierung? Du willst direkt in die Praxis einsteigen und gleichzeitig ein Studium absolvieren? Dann starte Dein duales Studium Data Science bei SIXT in Kooperation mit der DHBW Stuttgart. Bei SIXT wirst Du vom ersten Tag an Teil unseres internationalen Unternehmens. Du erhältst Einblicke in alle zentralen Bereiche rund um das Thema Data Science und lernst praxisnah wie Du im Team dat…",5756682429,"{'__CLASS__': 'Adzuna::API::Response::Category', 'tag': 'consultancy-jobs', 'label': 'Beraterstellen'}",0,"{'display_name': 'Stuttgart, Baden-Württemberg', 'area': ['Deutschland', 'Baden-Württemberg', 'Stuttgart'], '__CLASS__': 'Adzuna::API::Response::Location'}",,,,
Adzuna::API::Response::Job,eyJhbGciOiJIUzI1NiJ9.eyJpIjoiNTc3MDgyODA3NCIsInMiOiJIRy1KUFMxNThSR2tadXBacklWby1RIn0.rCYNrUc7lt7EiA0esRRZ20ZAVj9I-vJMdoutFmHyFDY,https://www.adzuna.de/land/ad/5770828074?se=HG-JPS158RGkZupZrIVo-Q&utm_medium=api&utm_source=a4bcf954&v=28C2D72BE85FB527522745F307D2100417C79E22,9.369233,"{'__CLASS__': 'Adzuna::API::Response::Company', 'display_name': 'Hochschule Esslingen'}",Professur (W2): Angewandte KI im Ingenieurwesen,48.646054,2026-06-20T18:16:32Z,"Die Hochschule Esslingen steht für exzellente, praxisorientierte Lehre und innovative Forschung in den Bereichen Technik, Wirtschaft und Soziales. Im Herzen der Region Stuttgart bieten wir ein großes Netzwerk an Partnern im In- und Ausland. Unsere Erfolge zeigen sich in zahlreichen Rankings der besten deutschen Hochschulen für angewandte Wissenschaften. Möchten Sie sich in innovativer Forschung und Lehre entfalten und mit Ihrem Wissen Studierende anleiten? Professur (W2): Angewandte KI im Ingen…",5770828074,"{'label': 'Unknown', 'tag': 'unknown', '__CLASS__': 'Adzuna::API::Response::Category'}",0,"{'display_name': 'Esslingen (Kreis), Baden-Württemberg', 'area': ['Deutschland', 'Baden-Württemberg', 'Esslingen (Kreis)'], '__CLASS__': 'Adzuna::API::Response::Location'}",,,,
Adzuna::API::Response::Job,eyJhbGciOiJIUzI1NiJ9.eyJzIjoiSEctSlBTMTU4UkdrWnVwWnJJVm8tUSIsImkiOiI1Nzg4MTkxODE5In0.HKlQHRFLjUpXQKeYTQcFFliuBcexSRODtrwSYO4AaDE,https://www.adzuna.de/land/ad/5788191819?se=HG-JPS158RGkZupZrIVo-Q&utm_medium=api&utm_source=a4bcf954&v=47F484E7617B840C6318DCAD70BD857A4084C2E0,11.65112,"{'__CLASS__': 'Adzuna::API::Response::Company', 'display_name': 'conet Deutschland GmbH'}",Manager KI / AI Manager – Agentic and Predictive AI (m/w/d),48.24883,2026-07-04T18:41:39Z,"Leading Forward! Arbeite bei conet in spannenden digitalen Themen und Projekten. Für die öffentliche Verwaltung, Verteidigung und Unternehmen entwickeln wir moderne und nachhaltige End-to-End-Lösungen. So machen wir unsere Kunden heute stark und bereit für die Zukunft. Mach mit uns Zukunft möglich. Unser KI-Bereich wächst stark – insbesondere rund um Agentic AI, intelligente Automatisierung und Predictive AI. Als Manager KI (m/w/d) gestaltest du diesen Bereich aktiv mit und verbindest technolog…",5788191819,"{'label': 'Unknown', 'tag': 'unknown', '__CLASS__': 'Adzuna::API::Response::Category'}",0,"{'area': ['Deutschland', 'Bayern', 'München (Kreis)', 'Garching bei München'], 'display_name': 'Garching bei München, München (Kreis)', '__CLASS__': 'Adzuna::API::Response::Location'}",,,,
Adzuna::API::Response::Job,eyJhbGciOiJIUzI1NiJ9.eyJpIjoiNTcyNzM0ODI4OCIsInMiOiJIRy1KUFMxNThSR2tadXBacklWby1RIn0.KqcEwmMritZz4PW7cz1Xgy1sF4kHdA1j0pKhMG8mz8o,https://www.adzuna.de/details/5727348288?utm_medium=api&utm_source=a4bcf954,10.904,"{'display_name': 'XITASO', '__CLASS__': 'Adzuna::API::Response::Company'}",Studium mit vertiefter Praxis: Data Science B.Sc.,48.38236,2026-05-12T23:30:21Z,"Das ist die Herausforderung Im Studium mit vertiefter Praxis kombinierst Du ideal Theorie und Praxis . Deine im Hochschulstudium erworbenen Kenntnisse wendest Du in den betrieblichen Praxisphasen in konkreten Projekten an. So lernst Du nicht nur, warum etwas funktioniert, sondern auch, wie es funktioniert und wie es gemacht wird. In den 3,5 Jahren deines Bachelorstudiums absolvierst Du in den vorlesungsfreien Zeiten sowie im Praxissemester Deine Praxisphasen bei XITASO. Auch Deine Bachelorarbei…",5727348288,"{'tag': 'it-jobs', 'label': 'IT-Stellen', '__CLASS__': 'Adzuna::API::Response::Category'}",0,"{'display_name': 'Lechhausen, Augsburg', 'area': ['Deutschland', 'Bayern', 'Augsburg (Kreis)', 'Augsburg', 'Lechhausen'], '__CLASS__': 'Adzuna::API::Response::Location'}",part_time,,,
Adzuna::API::Response::Job,eyJhbGciOiJIUzI1NiJ9.eyJpIjoiNTc0MzYxNTI0NiIsInMiOiJIRy1KUFMxNThSR2tadXBacklWby1RIn0.21ZZSeGosUPMC3T0t_omJYi6xrAQdENq5IL3FTh-qFU,https://www.adzuna.de/details/5743615246?utm_medium=api&utm_source=a4bcf954,8.650578,"{'display_name': 'KFW Konzern', '__CLASS__': 'Adzuna::API::Response::Company'}",Senior Referent Data Science (w/m/d),50.129683,2026-05-28T18:25:27Z,"Willkommen bei der KfW! Als eine der führenden Förderbanken der Welt stehen wir für die nachhaltige Transformation von Umwelt, Gesellschaft und Unternehmen. Als Impulsgeber wirken wir aktiv an den Themen mit, die die Welt von morgen prägen. Wir fördern Windparks, Infrastruktur-Projekte, Schulen und Krankenhäuser und gestalten damit die Zukunft. Bei uns finden Sie ein vertrauensvolles Arbeitsumfeld, in dem Teamspirit, Vielfalt und Inklusion gelebt werden. Wir fördern Sie, Ihre Ideen und Ihr Enga…",5743615246,"{'__CLASS__': 'Adzuna::API::Response::Category', 'label': 'Unknown', 'tag': 'unknown'}",0,"{'__CLASS__': 'Adzuna::API::Response::Location', 'area': ['Deutschland', 'Hessen', 'Frankfurt am Main'], 'display_name': 'Frankfurt am Main, Hessen'}",,,,
Adzuna::API::Response::Job,eyJhbGciOiJIUzI1NiJ9.eyJzIjoiSEctSlBTMTU4UkdrWnVwWnJJVm8tUSIsImkiOiI1Nzg1OTk4NzAyIn0.1QYuvr71TE2cXhfiy5APVwmI2ppXmN6TmKfqCwY3BGk,https://www.adzuna.de/details/5785998702?utm_medium=api&utm_source=a4bcf954,,"{'display_name': 'Danaher', '__CLASS__': 'Adzuna::API::Response::Company'}",Master Thesis Student Data Science Preventative Service,,2026-07-02T23:12:33Z,"Bring more to life. Are you ready to accelerate your potential and make a real difference within life sciences, diagnostics and biotechnology? At Leica Microsystems, one of Danaher’s 15 operating companies, our work saves lives—and we’re all united by a shared commitment to innovate for tangible impact. You’ll thrive in a culture of belonging where you and your unique viewpoint matter. And by harnessing Danaher’s system of continuous improvement, you help turn ideas into impact – innovating at …",5785998702,"{'__CLASS__': 'Adzuna::API::Response::Category', 'tag': 'unknown', 'label': 'Unknown'}",0,"{'__CLASS__': 'Adzuna::API::Response::Location', 'area': ['Deutschland'], 'display_name': 'Deutschland'}",part_time,,,
Adzuna::API::Response::Job,eyJhbGciOiJIUzI1NiJ9.eyJpIjoiNTc4MzAwMDc0NSIsInMiOiJIRy1KUFMxNThSR2tadXBacklWby1RIn0.T6K3g1PBsF4fVRunsXu_AWWhrDzN4b3RvavXcDvWxKo,https://www.adzuna.de/details/5783000745?utm_medium=api&utm_source=a4bcf954,8.491505,"{'__CLASS__': 'Adzuna::API::Response::Company', 'display_name': 'Danaher Corporation'}",Master Thesis Student Data Science Preventative Service,49.496025,2026-07-01T07:46:19Z,"Bring more to life. Are you ready to accelerate your potential and make a real difference within life sciences, diagnostics and biotechnology? At Leica Microsystems, one of Danaher's (https://danaher.com/our-businesses) 15 operating companies, our work saves lives-and we're all united by a shared commitment to innovate for tangible impact. You'll thrive in a culture of belonging where you and your unique viewpoint matter. And by harnessing Danaher's system of continuous improvement, you help tu…",5783000745,"{'__CLASS__': 'Adzuna::API::Response::Category', 'label': 'Unknown', 'tag': 'unknown'}",0,"{'__CLASS__': 'Adzuna::API::Response::Location', 'display_name': 'Mannheim, Baden-Württemberg', 'area': ['Deutschland', 'Baden-Württemberg', 'Mannheim']}",,,,
Adzuna::API::Response::Job,eyJhbGciOiJIUzI1NiJ9.eyJzIjoiSEctSlBTMTU4UkdrWnVwWnJJVm8tUSIsImkiOiI1Nzg0OTUyNzI3In0.JR1Reo7OdyACKEPh72pfqmLaflBUvSThomxleI2xIW4,https://www.adzuna.de/details/5784952727?utm_medium=api&utm_source=a4bcf954,8.491505,"{'display_name': 'Danaher Corporation', '__CLASS__': 'Adzuna::API::Response::Company'}",Master Thesis Student Data Science Preventative Service,49.496025,2026-07-02T06:53:56Z,"Bring more to life. Are you ready to accelerate your potential and make a real difference within life sciences, diagnostics and biotechnology? At Leica Microsystems, one of Danaheru2019s (https://danaher.com/our-businesses) 15 operating companies, our work saves livesu2014and weu2019re all united by a shared commitment to innovate for tangible impact. Youu2019ll thrive in a culture of belonging where you and your unique viewpoint matter. And by harnessing Danaheru2019s system of continuous impr…",5784952727,"{'__CLASS__': 'Adzuna::API::Response::Category', 'label': 'Unknown', 'tag': 'unknown'}",0,"{'display_name': 'Mannheim, Baden-Württemberg', 'area': ['Deutschland', 'Baden-Württemberg', 'Mannheim'], '__CLASS__': 'Adzuna::API::Response::Location'}",,,,
Adzuna::API::Response::Job,eyJhbGciOiJIUzI1NiJ9.eyJzIjoiSEctSlBTMTU4UkdrWnVwWnJJVm8tUSIsImkiOiI1Nzg2MzkyNDkzIn0.HYbMDl2e0_VycB07QSRJzjom2KBr7JtcM8bIiLUNr5I,https://www.adzuna.de/details/5786392493?utm_medium=api&utm_source=a4bcf954,10.002853,"{'__CLASS__': 'Adzuna::API::Response::Company', 'display_name': 'J&J Family of Companies'}",Data Science Intern / Praktikant:in (m/w/d),53.70663,2026-07-03T06:53:44Z,"At Johnson & Johnson,u202fwe believe health is everything. Our strength in healthcare innovation empowers us to build au202fworld where complex diseases are prevented, treated, and cured,u202fwhere treatments are smarter and less invasive, andu202fsolutions are personal.u202fThrough our expertise in Innovative Medicine and MedTech, we are uniquely positioned to innovate across the full spectrum of healthcare solutions today to deliver the breakthroughs of tomorrow, and profoundly impact health …",5786392493,"{'tag': 'unknown', 'label': 'Unknown', '__CLASS__': 'Adzuna::API::Response::Category'}",0,"{'area': ['Deutschland', 'Schleswig-Holstein', 'Segeberg (Kreis)', 'Norderstedt'], 'display_name': 'Norderstedt, Segeberg (Kreis)', '__CLASS__': 'Adzuna::API::Response::Location'}",,,,contract
Adzuna::API::Response::Job,eyJhbGciOiJIUzI1NiJ9.eyJpIjoiNTc3Njc5OTMzMyIsInMiOiJIRy1KUFMxNThSR2tadXBacklWby1RIn0.zC_WyxoBJ4sNFe1jLOmJKb8UmkfmdbPYQmFER7wcJUQ,https://www.adzuna.de/details/5776799333?utm_medium=api&utm_source=a4bcf954,,"{'display_name': 'Danaher', '__CLASS__': 'Adzuna::API::Response::Company'}",Senior Scientist Data Science (f/m/d),,2026-06-25T23:09:50Z,"Bring more to life. Are you ready to accelerate your potential and make a real difference within life sciences, diagnostics and biotechnology? At Cytiva, one of Danaher’s 15 operating companies, our work saves lives—and we’re all united by a shared commitment to innovate for tangible impact. You’ll thrive in a culture of belonging where you and your unique viewpoint matter. And by harnessing Danaher’s system of continuous improvement, you help turn ideas into impact – innovating at the speed of…",5776799333,"{'__CLASS__': 'Adzuna::API::Response::Category', 'tag': 'unknown', 'label': 'Unknown'}",0,"{'display_name': 'Deutschland', 'area': ['Deutschland'], '__CLASS__': 'Adzuna::API::Response::Location'}",full_time,,,
Adzuna::API::Response::Job,eyJhbGciOiJIUzI1NiJ9.eyJzIjoiSEctSlBTMTU4UkdrWnVwWnJJVm8tUSIsImkiOiI1Nzc3MjUwNjQxIn0.OnXDTC3F0ctK49cuInykA7glALYjTEb2LgRSPNJUCDQ,https://www.adzuna.de/details/5777250641?utm_medium=api&utm_source=a4bcf954,,"{'__CLASS__': 'Adzuna::API::Response::Company', 'display_name': 'Danaher Corporation'}",Senior Scientist Data Science (f/m/d),,2026-06-26T06:55:46Z,"Bring more to life. Are you ready to accelerate your potential and make a real difference within life sciences, diagnostics and biotechnology? At Cytiva, one of Danaheru2019s (https://danaher.com/our-businesses) 15 operating companies, our work saves livesu2014and weu2019re all united by a shared commitment to innovate for tangible impact. Youu2019ll thrive in a culture of belonging where you and your unique viewpoint matter. And by harnessing Danaheru2019s system of continuous improvement, you…",5777250641,"{'tag': 'unknown', 'label': 'Unknown', '__CLASS__': 'Adzuna::API::Response::Category'}",0,"{'__CLASS__': 'Adzuna::API::Response::Location', 'area': ['Deutschland', 'Nordrhein-Westfalen', 'Köln'], 'display_name': 'Köln, Nordrhein-Westfalen'}",,,,
Adzuna::API::Response::Job,eyJhbGciOiJIUzI1NiJ9.eyJpIjoiNTc3NTgxNDM4MSIsInMiOiJIRy1KUFMxNThSR2tadXBacklWby1RIn0.eVWD8tc5xLFJyzIVPVJ6TokpohMYTJLE17OanOQVMfQ,https://www.adzuna.de/details/5775814381?utm_medium=api&utm_source=a4bcf954,,"{'__CLASS__': 'Adzuna::API::Response::Company', 'display_name': 'Danaher Corporation'}",Senior Scientist Data Science (f/m/d),,2026-06-25T07:51:26Z,"Bring more to life. Are you ready to accelerate your potential and make a real difference within life sciences, diagnostics and biotechnology? At Cytiva, one of Danaher's (https://danaher.com/our-businesses) 15 operating companies, our work saves lives-and we're all united by a shared commitment to innovate for tangible impact. You'll thrive in a culture of belonging where you and your unique viewpoint matter. And by harnessing Danaher's system of continuous improvement, you help turn ideas int…",5775814381,"{'__CLASS__': 'Adzuna::API::Response::Category', 'tag': 'unknown', 'label': 'Unknown'}",0,"{'area': ['Deutschland', 'Nordrhein-Westfalen', 'Köln'], 'display_name': 'Köln, Nordrhein-Westfalen', '__CLASS__': 'Adzuna::API::Response::Location'}",,,,
Adzuna::API::Response::Job,eyJhbGciOiJIUzI1NiJ9.eyJzIjoiSEctSlBTMTU4UkdrWnVwWnJJVm8tUSIsImkiOiI1Nzc4NTY1NjIzIn0.2HoNTLxb741USzzhvFptDFbgA96XGtu7cOw1iuvad04,https://www.adzuna.de/details/5778565623?utm_medium=api&utm_source=a4bcf954,9.62186,"{'__CLASS__': 'Adzuna::API::Response::Company', 'display_name': 'EBZ SE'}",Duales Studium (DHBW) Data Science und Künstliche Intelligenz,47.77567,2026-06-27T04:49:42Z,"Dieser Studiengang bereitet Dich darauf vor, den digitalen Wandel in Unternehmen voranzutreiben und aktiv mitzugestalten. Dazu werden Grundlagen der Informatik und der Wirtschaftsinformatik mit Kerninhalten der Data Science kombiniert. Themen wie Cloud Computing, Big Data, Visual Analytics und AI spielen hier eine große Rolle. Du lernst den Umgang und die Interpretation von großen Datenmengen, deren Darstellung, und das Training von AI-Modellen. Deine Ideen und Projekte kannst du dabei direkt i…",5778565623,"{'__CLASS__': 'Adzuna::API::Response::Category', 'label': 'Unknown', 'tag': 'unknown'}",0,"{'area': ['Deutschland', 'Baden-Württemberg', 'Ravensburg (Kreis)', 'Ravensburg', 'Weingartshof'], 'display_name': 'Weingartshof, Ravensburg', '__CLASS__': 'Adzuna::API::Response::Location'}",,,,
Adzuna::API::Response::Job,eyJhbGciOiJIUzI1NiJ9.eyJzIjoiSEctSlBTMTU4UkdrWnVwWnJJVm8tUSIsImkiOiI1NjQ5MDY5OTgwIn0.HairCLIJZAYtMhtTLIuLXJl7kwf4lLTPiKQeilUXAKw,https://www.adzuna.de/details/5649069980?utm_medium=api&utm_source=a4bcf954,,"{'__CLASS__': 'Adzuna::API::Response::Company', 'display_name': 'KPMG'}",Senior Consultant Data Science (w/m/d),,2026-02-28T22:07:27Z,"Senior Consultant Data Science (w/m/d) Job-ID: 12025 Standorte: Karrierelevel: Berufserfahrene Anstellungsart: Festanstellung in Vollzeit Als Senior Consultant Data Science (w/m/d) wirst du Teil eines dynamischen Teams von Data-Experts, die innovative und datengesteuerte Lösungen für unsere Kunden entwickeln. Dabei arbeitest du eng mit erfahrenen Data Scientists zusammen und hast die Möglichkeit, an verschiedenen Projekten und Herausforderungen mitzuwirken. Deine Aufgaben Du bereitest komplexe …",5649069980,"{'__CLASS__': 'Adzuna::API::Response::Category', 'label': 'Unknown', 'tag': 'unknown'}",0,"{'display_name': 'Deutschland', 'area': ['Deutschland'], '__CLASS__': 'Adzuna::API::Response::Location'}",full_time,,,permanent
Adzuna::API::Response::Job,eyJhbGciOiJIUzI1NiJ9.eyJzIjoiSEctSlBTMTU4UkdrWnVwWnJJVm8tUSIsImkiOiI1NDk5MjkzODIzIn0.fUhyxrE-D-OQl22hiPvYjLADJYCX28n4CS44AMhdmDI,https://www.adzuna.de/details/5499293823?utm_medium=api&utm_source=a4bcf954,9.18071,"{'display_name': 'KPMG', '__CLASS__': 'Adzuna::API::Response::Company'}",Senior Consultant Data Science (w/m/d),48.77713,2025-11-16T17:40:51Z,"Senior Consultant Data Science (w/m/d) Job-ID: 12025 Standorte: Stuttgart Karrierelevel: Berufserfahrene Anstellungsart: Festanstellung in Vollzeit Als Senior Consultant Data Science (w/m/d) wirst du Teil eines dynamischen Teams von Data-Experts, die innovative und datengesteuerte Lösungen für unsere Kunden entwickeln. Dabei arbeitest du eng mit erfahrenen Data Scientists zusammen und hast die Möglichkeit, an verschiedenen Projekten und Herausforderungen mitzuwirken. Deine Aufgaben Du bereitest…",5499293823,"{'label': 'Unknown', 'tag': 'unknown', '__CLASS__': 'Adzuna::API::Response::Category'}",0,"{'__CLASS__': 'Adzuna::API::Response::Location', 'display_name': 'Mitte, Stuttgart', 'area': ['Deutschland', 'Baden-Württemberg', 'Stuttgart', 'Mitte']}",full_time,,,permanent
Adzuna::API::Response::Job,eyJhbGciOiJIUzI1NiJ9.eyJpIjoiNTQ5NzQxMzA2MCIsInMiOiJIRy1KUFMxNThSR2tadXBacklWby1RIn0.EeTJK4lXzD8sGPSYYq6BGL0-DWJ9gI8P9dVnS2ti6uQ,https://www.adzuna.de/details/5497413060?utm_medium=api&utm_source=a4bcf954,8.45882,"{'__CLASS__': 'Adzuna::API::Response::Company', 'display_name': 'KPMG'}",Senior Consultant Data Science (w/m/d),49.03084,2025-11-15T17:50:12Z,"Senior Consultant Data Science (w/m/d) Job-ID: 12025 Standorte: Karlsruhe Karrierelevel: Berufserfahrene Anstellungsart: Festanstellung in Vollzeit Als Senior Consultant Data Science (w/m/d) wirst du Teil eines dynamischen Teams von Data-Experts, die innovative und datengesteuerte Lösungen für unsere Kunden entwickeln. Dabei arbeitest du eng mit erfahrenen Data Scientists zusammen und hast die Möglichkeit, an verschiedenen Projekten und Herausforderungen mitzuwirken. Deine Aufgaben Du bereitest…",5497413060,"{'__CLASS__': 'Adzuna::API::Response::Category', 'tag': 'unknown', 'label': 'Unknown'}",0,"{'__CLASS__': 'Adzuna::API::Response::Location', 'display_name': 'Hagsfeld, Karlsruhe', 'area': ['Deutschland', 'Baden-Württemberg', 'Karlsruhe (Kreis)', 'Karlsruhe', 'Hagsfeld']}",full_time,,,permanent
Adzuna::API::Response::Job,eyJhbGciOiJIUzI1NiJ9.eyJzIjoiSEctSlBTMTU4UkdrWnVwWnJJVm8tUSIsImkiOiI1NTU3NjE5MDQxIn0.EwOx2PQ1681J4UIMggTaGx0HRLCz9In73-G24uOmjgo,https://www.adzuna.de/details/5557619041?utm_medium=api&utm_source=a4bcf954,13.35662,"{'display_name': 'KPMG', '__CLASS__': 'Adzuna::API::Response::Company'}",Senior Consultant Data Science (w/m/d),52.5259,2025-12-27T20:36:20Z,"Senior Consultant Data Science (w/m/d) Job-ID: 12025 Standorte: Berlin Karrierelevel: Berufserfahrene Anstellungsart: Festanstellung in Vollzeit Als Senior Consultant Data Science (w/m/d) wirst du Teil eines dynamischen Teams von Data-Experts, die innovative und datengesteuerte Lösungen für unsere Kunden entwickeln. Dabei arbeitest du eng mit erfahrenen Data Scientists zusammen und hast die Möglichkeit, an verschiedenen Projekten und Herausforderungen mitzuwirken. Deine Aufgaben Du bereitest ko…",5557619041,"{'__CLASS__': 'Adzuna::API::Response::Category', 'label': 'Unknown', 'tag': 'unknown'}",0,"{'display_name': 'Moabit, Berlin', 'area': ['Deutschland', 'Berlin', 'Moabit'], '__CLASS__': 'Adzuna::API::Response::Location'}",full_time,,,permanent
Adzuna::API::Response::Job,eyJhbGciOiJIUzI1NiJ9.eyJzIjoiSEctSlBTMTU4UkdrWnVwWnJJVm8tUSIsImkiOiI1NTU3NjE5MDMzIn0.5InmDjt1edJetcAM75zPKk0ieKiFGbNpqg7V_IuUrYk,https://www.adzuna.de/details/5557619033?utm_medium=api&utm_source=a4bcf954,8.50014,"{'display_name': 'KPMG', '__CLASS__': 'Adzuna::API::Response::Company'}",Senior Consultant Data Science (w/m/d),49.46856,2025-12-27T20:36:20Z,"Senior Consultant Data Science (w/m/d) Job-ID: 12025 Standorte: Mannheim Karrierelevel: Berufserfahrene Anstellungsart: Festanstellung in Vollzeit Als Senior Consultant Data Science (w/m/d) wirst du Teil eines dynamischen Teams von Data-Experts, die innovative und datengesteuerte Lösungen für unsere Kunden entwickeln. Dabei arbeitest du eng mit erfahrenen Data Scientists zusammen und hast die Möglichkeit, an verschiedenen Projekten und Herausforderungen mitzuwirken. Deine Aufgaben Du bereitest …",5557619033,"{'__CLASS__': 'Adzuna::API::Response::Category', 'label': 'Unknown', 'tag': 'unknown'}",0,"{'area': ['Deutschland', 'Baden-Württemberg', 'Mannheim', 'Neuostheim'], 'display_name': 'Neuostheim, Mannheim', '__CLASS__': 'Adzuna::API::Response::Location'}",full_time,,,permanent
Adzuna::API::Response::Job,eyJhbGciOiJIUzI1NiJ9.eyJzIjoiSEctSlBTMTU4UkdrWnVwWnJJVm8tUSIsImkiOiI1NTU3NjE5MDM3In0.zMM4jg-GFNE6NLx2L8olVY6TVKb7m_CVG-gF43Eq980,https://www.adzuna.de/details/5557619037?utm_medium=api&utm_source=a4bcf954,8.29909,"{'__CLASS__': 'Adzuna::API::Response::Company', 'display_name': 'KPMG'}",Senior Consultant Data Science (w/m/d),48.36497,2025-12-27T20:36:20Z,"Senior Consultant Data Science (w/m/d) Job-ID: 12025 Standorte: Ulm Karrierelevel: Berufserfahrene Anstellungsart: Festanstellung in Vollzeit Als Senior Consultant Data Science (w/m/d) wirst du Teil eines dynamischen Teams von Data-Experts, die innovative und datengesteuerte Lösungen für unsere Kunden entwickeln. Dabei arbeitest du eng mit erfahrenen Data Scientists zusammen und hast die Möglichkeit, an verschiedenen Projekten und Herausforderungen mitzuwirken. Deine Aufgaben Du bereitest kompl…",5557619037,"{'__CLASS__': 'Adzuna::API::Response::Category', 'label': 'Unknown', 'tag': 'unknown'}",0,"{'display_name': 'Mitte, Ulm', 'area': ['Deutschland', 'Baden-Württemberg', 'Ulm', 'Mitte'], '__CLASS__': 'Adzuna::API::Response::Location'}",full_time,,,permanent
Adzuna::API::Response::Job,eyJhbGciOiJIUzI1NiJ9.eyJzIjoiSEctSlBTMTU4UkdrWnVwWnJJVm8tUSIsImkiOiI1NTU2NjMxMDY1In0.Y9ncnDPMTY1ysMIyJA87qGwEj596C63OaRe2KkJuQng,https://www.adzuna.de/details/5556631065?utm_medium=api&utm_source=a4bcf954,6.96191,"{'display_name': 'KPMG', '__CLASS__': 'Adzuna::API::Response::Company'}",Senior Consultant Data Science (w/m/d),49.253,2025-12-26T20:20:06Z,"Senior Consultant Data Science (w/m/d) Job-ID: 12025 Standorte: Saarbrücken Karrierelevel: Berufserfahrene Anstellungsart: Festanstellung in Vollzeit Als Senior Consultant Data Science (w/m/d) wirst du Teil eines dynamischen Teams von Data-Experts, die innovative und datengesteuerte Lösungen für unsere Kunden entwickeln. Dabei arbeitest du eng mit erfahrenen Data Scientists zusammen und hast die Möglichkeit, an verschiedenen Projekten und Herausforderungen mitzuwirken. Deine Aufgaben Du bereite…",5556631065,"{'__CLASS__': 'Adzuna::API::Response::Category', 'tag': 'unknown', 'label': 'Unknown'}",0,"{'area': ['Deutschland', 'Saarland', 'Regionalverband Saarbrücken (Kreis)', 'Saarbrücken', 'Malstatt'], 'display_name': 'Malstatt, Saarbrücken', '__CLASS__': 'Adzuna::API::Response::Location'}",full_time,,,permanent
Adzuna::API::Response::Job,eyJhbGciOiJIUzI1NiJ9.eyJzIjoiSEctSlBTMTU4UkdrWnVwWnJJVm8tUSIsImkiOiI1NTU3NjE5MDIyIn0.S1xBdpRu576QzJjLiQc9TVQ44dcSpNVa1CVK9b3esBA,https://www.adzuna.de/details/5557619022?utm_medium=api&utm_source=a4bcf954,8.56413,"{'display_name': 'KPMG', '__CLASS__': 'Adzuna::API::Response::Company'}",Senior Consultant Data Science (w/m/d),50.05078,2025-12-27T20:36:20Z,"Senior Consultant Data Science (w/m/d) Job-ID: 12025 Standorte: Frankfurt Karrierelevel: Berufserfahrene Anstellungsart: Festanstellung in Vollzeit Als Senior Consultant Data Science (w/m/d) wirst du Teil eines dynamischen Teams von Data-Experts, die innovative und datengesteuerte Lösungen für unsere Kunden entwickeln. Dabei arbeitest du eng mit erfahrenen Data Scientists zusammen und hast die Möglichkeit, an verschiedenen Projekten und Herausforderungen mitzuwirken. Deine Aufgaben Du bereitest…",5557619022,"{'tag': 'unknown', 'label': 'Unknown', '__CLASS__': 'Adzuna::API::Response::Category'}",0,"{'__CLASS__': 'Adzuna::API::Response::Location', 'display_name': 'Flughafen, Frankfurt am Main', 'area': ['Deutschland', 'Hessen', 'Frankfurt am Main', 'Flughafen']}",full_time,,,permanent
Adzuna::API::Response::Job,eyJhbGciOiJIUzI1NiJ9.eyJzIjoiSEctSlBTMTU4UkdrWnVwWnJJVm8tUSIsImkiOiI1NTc2NjkxMTA0In0.W4cvZcZk0186QdlcXJZJxPTPz_sYpWDbpsdowF3scdg,https://www.adzuna.de/details/5576691104?utm_medium=api&utm_source=a4bcf954,8.26743,"{'display_name': 'KPMG', '__CLASS__': 'Adzuna::API::Response::Company'}",Senior Consultant Data Science (w/m/d),49.99512,2026-01-09T20:36:10Z,"Senior Consultant Data Science (w/m/d) Job-ID: 12025 Standorte: Mainz Karrierelevel: Berufserfahrene Anstellungsart: Festanstellung in Vollzeit Als Senior Consultant Data Science (w/m/d) wirst du Teil eines dynamischen Teams von Data-Experts, die innovative und datengesteuerte Lösungen für unsere Kunden entwickeln. Dabei arbeitest du eng mit erfahrenen Data Scientists zusammen und hast die Möglichkeit, an verschiedenen Projekten und Herausforderungen mitzuwirken. Deine Aufgaben Du bereitest kom…",5576691104,"{'__CLASS__': 'Adzuna::API::Response::Category', 'label': 'Unknown', 'tag': 'unknown'}",0,"{'display_name': 'Oberstadt, Mainz', 'area': ['Deutschland', 'Rheinland-Pfalz', 'Mainz', 'Oberstadt'], '__CLASS__': 'Adzuna::API::Response::Location'}",full_time,,,permanent
Adzuna::API::Response::Job,eyJhbGciOiJIUzI1NiJ9.eyJpIjoiNTc3Njg2MDM5NiIsInMiOiJIRy1KUFMxNThSR2tadXBacklWby1RIn0.5Pz1ii4P0ynmT24bUSbpI331TqJBUts0FgbIGxRpjIc,https://www.adzuna.de/details/5776860396?utm_medium=api&utm_source=a4bcf954,11.11021,"{'display_name': 'Career @ Symanto', '__CLASS__': 'Adzuna::API::Response::Company'}",Data Science Consultant (m/f/x/d),49.50401,2026-06-25T23:40:50Z,"At Symanto, we are looking for a Data Science Consultant based in Germany, UAE or Spain to join our team! In this client-facing role, you will work at the intersection of advanced analytics, AI, and business consulting, helping organizations uncover opportunities for growth, transformation, and value creation. You will collaborate with senior stakeholders, translate business challenges into analytical solutions, and contribute to the development of innovative methodologies powered by cutting-ed…",5776860396,"{'__CLASS__': 'Adzuna::API::Response::Category', 'tag': 'consultancy-jobs', 'label': 'Beraterstellen'}",0,"{'__CLASS__': 'Adzuna::API::Response::Location', 'display_name': 'Buchenbühl, Nürnberg', 'area': ['Deutschland', 'Bayern', 'Nürnberg', 'Buchenbühl']}",full_time,,,
Adzuna::API::Response::Job,eyJhbGciOiJIUzI1NiJ9.eyJzIjoiSEctSlBTMTU4UkdrWnVwWnJJVm8tUSIsImkiOiI1NzI3Mjg0MTAyIn0.3HBfnA8d37WSQK1qacL0D-HORiI5MAWaI1FMAgIrZ1A,https://www.adzuna.de/details/5727284102?utm_medium=api&utm_source=a4bcf954,11.57287,"{'__CLASS__': 'Adzuna::API::Response::Company', 'display_name': 'Enforto'}",Werkstudent/in - Data Science und Softwareentwicklung (m/w/d),48.18446,2026-05-12T22:49:43Z,"Was Du bei uns machst: Forschung, Entwicklung, Anwendung und Implementierung Data Science, Big Data Entwicklung und Integration von Automatisierungslösungen auf Basis von REST-APIs Datenbankanbindung und -abfragen im Rahmen von Datenpipelines (SQL) AI, Machine Learning, Deep Learning, Computer vision Full-Stack Programming Worum geht's Für unseren Bereich Forschung & Entwicklung suchen wir derzeit Unterstützung durch Studierende. In sowohl kundenspezifischen Projekten als auch Inhouse Forschung…",5727284102,"{'__CLASS__': 'Adzuna::API::Response::Category', 'label': 'IT-Stellen', 'tag': 'it-jobs'}",0,"{'__CLASS__': 'Adzuna::API::Response::Location', 'display_name': 'Milbertshofen-Am Hart, München', 'area': ['Deutschland', 'Bayern', 'München (Kreis)', 'München', 'Milbertshofen-Am Hart']}",part_time,,,
Adzuna::API::Response::Job,eyJhbGciOiJIUzI1NiJ9.eyJpIjoiNTc4Nzg0ODM4NiIsInMiOiJIRy1KUFMxNThSR2tadXBacklWby1RIn0.sGTo5V2EOvCJrj5oadJjllYnOC7X3hlcfMJJi6qeYcc,https://www.adzuna.de/details/5787848386?utm_medium=api&utm_source=a4bcf954,13.30147,"{'__CLASS__': 'Adzuna::API::Response::Company', 'display_name': 'PAIR Finance GmbH'}",Team Lead (f/m/d) Data Science,52.51115,2026-07-04T11:43:20Z,"Are you ready to change the market? As the innovation leader in the receivables management industry, we at PAIR Finance are proud of our unique technology. Our algorithm, based on artificial intelligence, sensitizes defaulting consumers to pay outstanding debts without straining the customer relationship. Our fully automated, individually tailored approach enables us to assess each debtor's situation and achieve higher repayment rates. Our Data and Behavioral Science teams utilize purpose-built…",5787848386,"{'label': 'Unknown', 'tag': 'unknown', '__CLASS__': 'Adzuna::API::Response::Category'}",0,"{'__CLASS__': 'Adzuna::API::Response::Location', 'area': ['Deutschland', 'Berlin', 'Charlottenburg'], 'display_name': 'Charlottenburg, Berlin'}",full_time,,,
Adzuna::API::Response::Job,eyJhbGciOiJIUzI1NiJ9.eyJpIjoiNTcyODQyNDE0MyIsInMiOiJIRy1KUFMxNThSR2tadXBacklWby1RIn0.-3q28WdXTE6-IBKIc1M6_ReKQ4W3vymi98JBDjhDzFs,https://www.adzuna.de/details/5728424143?utm_medium=api&utm_source=a4bcf954,,"{'display_name': 'Wbs Coding School', '__CLASS__': 'Adzuna::API::Response::Company'}",Lead Instructor: Data Science (m/f/d),,2026-05-13T22:56:09Z,"We’re on a mission to empower individuals to launch successful careers in tech. As our Lead Instructor, you will play a pivotal role in for the learning success of our international students. NOTE: Position open to the residents of Germany , Austria and Spain only. Join WBS CODING SCHOOL, one of Germany's leading tech schools, and help shape the future of tech talent. As Lead Instructor (m/f/d), you are the primary contact person for our students in Data Science an Data Analytics programs at WB…",5728424143,"{'__CLASS__': 'Adzuna::API::Response::Category', 'tag': 'teaching-jobs', 'label': 'Lehrberufe'}",0,"{'__CLASS__': 'Adzuna::API::Response::Location', 'area': ['Deutschland'], 'display_name': 'Deutschland'}",part_time,,,
Adzuna::API::Response::Job,eyJhbGciOiJIUzI1NiJ9.eyJzIjoiSEctSlBTMTU4UkdrWnVwWnJJVm8tUSIsImkiOiI1Nzg1OTI4MDgyIn0.Vv7rpUZc6HKCftwQCCadMopeHob_Y5psXk_vmedYyZ8,https://www.adzuna.de/details/5785928082?utm_medium=api&utm_source=a4bcf954,13.420806,"{'display_name': 'JustWatch', '__CLASS__': 'Adzuna::API::Response::Company'}",Working Student - Data Science (Research & Predictive Analytics),52.507706,2026-07-02T23:01:22Z,"Who we are JustWatch delivers data-driven digital marketing for the global entertainment business. From the biggest blockbusters to award-winning shows, major sporting events, and best-selling console games. We are not only entertainment obsessives, but we also own the world's largest streaming guide, which gives us unparalleled data and insights on audience behaviors and content tastes. From a small startup, we've evolved into a 200 strong team, based in Berlin, around the world, or working re…",5785928082,"{'tag': 'pr-advertising-marketing-jobs', 'label': 'Stellen aus PR, Werbung & Marketing', '__CLASS__': 'Adzuna::API::Response::Category'}",0,"{'display_name': 'Berlin, Deutschland', 'area': ['Deutschland', 'Berlin'], '__CLASS__': 'Adzuna::API::Response::Location'}",,,,
Adzuna::API::Response::Job,eyJhbGciOiJIUzI1NiJ9.eyJpIjoiNTU4OTY5ODAxNyIsInMiOiJIRy1KUFMxNThSR2tadXBacklWby1RIn0.gLq2DCuc1rnJ6w0e2Q_7wBp5RTUManBbDfaiNSbP6-I,https://www.adzuna.de/details/5589698017?utm_medium=api&utm_source=a4bcf954,10.10558,"{'__CLASS__': 'Adzuna::API::Response::Company', 'display_name': 'ZEISS'}",Abschlussarbeit Data Science / Mechanikdesign (m/w/x),48.78408,2026-01-17T21:24:39Z,"Enabler für kleinere, leistungsfähigere und energieeffizientere Mikrochips Arbeiten, wo das Morgen entsteht. Rund 80 Prozent aller Mikrochips weltweit werden mit ZEISS Technologien gefertigt. Als Herzstück eines jeden elektronisch gesteuerten Systems sind sie aus unserem Alltag nicht mehr wegzudenken – egal ob im Smartphone, im Smart Home oder in Smart Factories. ZEISS ist Technologieführer im Bereich Halbleiterfertigungs-Equipment. Mit hochpräzisen Lithographie-Optiken, Photomasken-Systemen un…",5589698017,"{'__CLASS__': 'Adzuna::API::Response::Category', 'tag': 'creative-design-jobs', 'label': 'Stellen aus Kreation & Design'}",0,"{'area': ['Deutschland', 'Baden-Württemberg', 'Ostalbkreis', 'Oberkochen'], 'display_name': 'Oberkochen, Ostalbkreis', '__CLASS__': 'Adzuna::API::Response::Location'}",full_time,,,
Adzuna::API::Response::Job,eyJhbGciOiJIUzI1NiJ9.eyJzIjoiSEctSlBTMTU4UkdrWnVwWnJJVm8tUSIsImkiOiI1Nzg2MTk1MjEwIn0.e6m_p5AxAgDG4JXI6w_9D8EYPeIzLZDX5XUF-ip72ac,https://www.adzuna.de/details/5786195210?utm_medium=api&utm_source=a4bcf954,13.40933,"{'__CLASS__': 'Adzuna::API::Response::Company', 'display_name': 'S Rating und Risikosysteme GmbH'}",Werkstudent (m/w/d) – Risikomanagement | Data Science,52.52219,2026-07-03T02:54:18Z,"Die Sparkassen Rating und Risikosysteme (SR) ist der zentrale Dienstleister für Verfahren des Risiko­manage­ments in der Sparkassen-Finanzgruppe. Wir unterstützen die Institute mit Standardlösungen in den Bereichen der Risiko­messung und-steuerung, der regulatorischen Banksteuerung sowie im Vertrieb mit Data-Analytics-Lösungen. Gemeinsam mit unseren Partnern bieten wir den Instituten, von der Konzeption der Verfahren, über deren Weiterentwicklung, IT-Umsetzung und Umsetzungsunterstützung, zentr…",5786195210,"{'label': 'Unknown', 'tag': 'unknown', '__CLASS__': 'Adzuna::API::Response::Category'}",0,"{'__CLASS__': 'Adzuna::API::Response::Location', 'display_name': 'Mitte, Berlin', 'area': ['Deutschland', 'Berlin', 'Mitte']}",,,,
Adzuna::API::Response::Job,eyJhbGciOiJIUzI1NiJ9.eyJpIjoiNTcyOTc3MzE5NSIsInMiOiJIRy1KUFMxNThSR2tadXBacklWby1RIn0.kXGrPYZ0n9GHIdQNaMY1yVzv1QlB2Xo7OZuxOlASn4Q,https://www.adzuna.de/details/5729773195?utm_medium=api&utm_source=a4bcf954,11.59038,"{'__CLASS__': 'Adzuna::API::Response::Company', 'display_name': 'PMMG Group'}",Werkstudent Process & Data Science (w/m/d),48.16652,2026-05-14T23:21:24Z,"Deine Aufgaben Datengetriebene Transformation. Prozessintelligenz. Zukunft gestalten. Du willst nicht nur analysieren, sondern mitgestalten? Dann komm in unser Team und unterstütze uns bei der datenbasierten Transformation etablierter Unternehmen im Mittelstand und Konzernumfeld. Wir entwickeln intelligente Lösungen auf Basis von Process Mining, Business Process Management und AI – und setzen diese gemeinsam mit unseren Kund:innen um. Du führst strukturierte Recherchen und Analysen zu aktuellen…",5729773195,"{'tag': 'consultancy-jobs', 'label': 'Beraterstellen', '__CLASS__': 'Adzuna::API::Response::Category'}",0,"{'display_name': 'Schwabing-Freimann, München', 'area': ['Deutschland', 'Bayern', 'München (Kreis)', 'München', 'Schwabing-Freimann'], '__CLASS__': 'Adzuna::API::Response::Location'}",part_time,,,
Adzuna::API::Response::Job,eyJhbGciOiJIUzI1NiJ9.eyJzIjoiSEctSlBTMTU4UkdrWnVwWnJJVm8tUSIsImkiOiI1NzI3MzQ2MzY4In0.3VLedxgsHVQ3qZpEVIWrT2O_2GezGGsL6m4VpTGMQ7g,https://www.adzuna.de/details/5727346368?utm_medium=api&utm_source=a4bcf954,10.88248,"{'__CLASS__': 'Adzuna::API::Response::Company', 'display_name': 'nimax'}",Werkstudent (m/w/d) BI & Data Science,48.04792,2026-05-12T23:28:53Z,"Was Dich erwartet Du hast ein Gespür für Daten und willst sehen, wie Deine Analysen echten Mehrwert schaffen? Dann bist Du bei uns genau richtig! Deine Mission: Hilf uns dabei, unsere Kunden datenbasiert besser zu verstehen und daraus konkrete Mehrwerte abzuleiten. Als Werkstudent im Beriech BI & Data Science entwickelst Du mit uns intelligente Analysen, optimierst Prozesse und schaffst die Grundlage für bessere Entscheidungen in Marketing, Beratung und Reporting. Du hast viel zu tun Kundendate…",5727346368,"{'__CLASS__': 'Adzuna::API::Response::Category', 'tag': 'unknown', 'label': 'Unknown'}",0,"{'display_name': 'Landsberg am Lech, Landsberg am Lech (Kreis)', 'area': ['Deutschland', 'Bayern', 'Landsberg am Lech (Kreis)', 'Landsberg am Lech'], '__CLASS__': 'Adzuna::API::Response::Location'}",part_time,,,
Adzuna::API::Response::Job,eyJhbGciOiJIUzI1NiJ9.eyJzIjoiSEctSlBTMTU4UkdrWnVwWnJJVm8tUSIsImkiOiI1Nzc0NzgzMTMwIn0.SNLFpTITSzqL2Qut9OWS3uUwLu_rHjTgViFryPkN0A0,https://www.adzuna.de/details/5774783130?utm_medium=api&utm_source=a4bcf954,9.18021,"{'display_name': 'Robert Bosch GmbH', '__CLASS__': 'Adzuna::API::Response::Company'}",Praktikum im Bereich Data Science für Bosch eBike Systems,48.5042,2026-06-24T14:49:11Z,"Praktikum im Bereich Data Science für Bosch eBike Systems Markwiesenstraße 58, 72770 Reutlingen, Deutschland Vollzeit Robert Bosch GmbH Unternehmensbeschreibung Bei Bosch gestalten wir Zukunft mit hochwertigen Technologien und Dienstleistungen, die Begeisterung wecken und das Leben der Menschen verbessern. Unser Versprechen an unsere Mitarbeiterinnen und Mitarbeiter steht dabei felsenfest: Wir wachsen gemeinsam, haben Freude an unserer Arbeit und inspirieren uns gegenseitig. Willkommen bei Bosc…",5774783130,"{'tag': 'unknown', 'label': 'Unknown', '__CLASS__': 'Adzuna::API::Response::Category'}",0,"{'__CLASS__': 'Adzuna::API::Response::Location', 'area': ['Deutschland', 'Baden-Württemberg', 'Reutlingen (Kreis)', 'Reutlingen', 'Betzingen'], 'display_name': 'Betzingen, Reutlingen'}",full_time,,,
Adzuna::API::Response::Job,eyJhbGciOiJIUzI1NiJ9.eyJzIjoiSEctSlBTMTU4UkdrWnVwWnJJVm8tUSIsImkiOiI1NzQxNDk3NDg5In0.z8YTMvojzLhr3H_66hGzrKpGi5OoxupKD6ayYH2ZSOo,https://www.adzuna.de/details/5741497489?utm_medium=api&utm_source=a4bcf954,11.59038,"{'display_name': 'Process Solutions', '__CLASS__': 'Adzuna::API::Response::Company'}",Werkstudent Process & Data Science (w/m/d),48.16652,2026-05-26T22:48:00Z,"Deine Aufgaben Datengetriebene Transformation. Prozessintelligenz. Zukunft gestalten. Du willst nicht nur analysieren, sondern mitgestalten? Dann komm in unser Team und unterstütze uns bei der datenbasierten Transformation etablierter Unternehmen im Mittelstand und Konzernumfeld. Wir entwickeln intelligente Lösungen auf Basis von Process Mining, Business Process Management und AI – und setzen diese gemeinsam mit unseren Kund:innen um. Du führst strukturierte Recherchen und Analysen zu aktuellen…",5741497489,"{'__CLASS__': 'Adzuna::API::Response::Category', 'label': 'Unknown', 'tag': 'unknown'}",0,"{'__CLASS__': 'Adzuna::API::Response::Location', 'display_name': 'Schwabing-Freimann, München', 'area': ['Deutschland', 'Bayern', 'München (Kreis)', 'München', 'Schwabing-Freimann']}",part_time,,,
Adzuna::API::Response::Job,eyJhbGciOiJIUzI1NiJ9.eyJzIjoiSEctSlBTMTU4UkdrWnVwWnJJVm8tUSIsImkiOiI1MDYyMjQ5MzI3In0.mZhgkTX0lu431SOIl2jNwrzMUECJVVP85_7L-cdtplU,https://www.adzuna.de/details/5062249327?utm_medium=api&utm_source=a4bcf954,13.86232,"{'display_name': 'Basf France', '__CLASS__': 'Adzuna::API::Response::Company'}",Praktikum Data Science in der Digitalisierung (m/w/d),51.47465,2025-02-24T18:13:01Z,"WILLKOMMEN IM TEAM Am BASF-Standort in Schwarzheide produzieren wir nicht nur Polyurethangrundprodukte, Schaumstoffe und Lacke, sondern auch technische Kunststoffe, Veredlungschemikalien und Fungizide. So vielseitig wie unsere Produktpalette sind auch die Tätigkeiten, die es braucht, damit die Produkte hergestellt werden - unsere Mitarbeiterinnen und Mitarbeiter arbeiten bei uns am Standort in den unterschiedlichsten Fachdisziplinen zusammen: vom Ingenieurwesen bis hin zur Digitalisierung, von …",5062249327,"{'tag': 'graduate-jobs', 'label': 'Stellen für Hochschulabsolventen', '__CLASS__': 'Adzuna::API::Response::Category'}",0,"{'__CLASS__': 'Adzuna::API::Response::Location', 'display_name': 'Schwarzheide, Oberspreewald-Lausitz (Kreis)', 'area': ['Deutschland', 'Brandenburg', 'Oberspreewald-Lausitz (Kreis)', 'Schwarzheide']}",,,,contract
Adzuna::API::Response::Job,eyJhbGciOiJIUzI1NiJ9.eyJzIjoiSEctSlBTMTU4UkdrWnVwWnJJVm8tUSIsImkiOiI1NDcwOTYyNjg2In0.Hl7BxvPHWzANkVSmXgnh-NvCNgo2s4WnXIcshugy56Q,https://www.adzuna.de/details/5470962686?utm_medium=api&utm_source=a4bcf954,13.420806,"{'__CLASS__': 'Adzuna::API::Response::Company', 'display_name': 'Statista'}",Data Science Consultant - Healthcare (m/f/d),52.507706,2025-10-30T13:54:30Z,"At Statista , we’re all about facts and data, for we are the world's leading business data platform. By providing reliable and easy-to-use data as well as various data analytics products and services, we empower people worldwide to make fact-based decisions. Founded in Hamburg in 2007, we have quickly grown into a global company with offices in major cities such as London, New York, Berlin and Tokyo. And we still have a lot of plans. Our constant growth does not only prove our success, but also…",5470962686,"{'__CLASS__': 'Adzuna::API::Response::Category', 'tag': 'healthcare-nursing-jobs', 'label': 'Stellen aus Gesundheitswesen & Pflege'}",0,"{'display_name': 'Berlin, Deutschland', 'area': ['Deutschland', 'Berlin'], '__CLASS__': 'Adzuna::API::Response::Location'}",full_time,,,
Adzuna::API::Response::Job,eyJhbGciOiJIUzI1NiJ9.eyJpIjoiNTc4OTQwNzAzMCIsInMiOiJIRy1KUFMxNThSR2tadXBacklWby1RIn0.KtVpivn66AAQuDSrB9WiRDEKOXjdpdck98Dc6tRF1Q8,https://www.adzuna.de/details/5789407030?utm_medium=api&utm_source=a4bcf954,13.420806,"{'display_name': 'Enpal', '__CLASS__': 'Adzuna::API::Response::Company'}",AI & Data Science Internship (f/m/x),52.507706,2026-07-06T00:23:06Z,"Our goal is to have a solar system on every roof, a storage unit in every house, and an electric car in every garage. Enpal makes this possible with an integrated total solution for decentralized energy—from solar systems and battery storage to wall boxes, smart meters, and heat pumps. At the heart of it all is our AI-powered platform Enpal.One , which intelligently connects thousands of systems and efficiently optimizes electricity procurement and feed-in on the energy market. Are you ready fo…",5789407030,"{'__CLASS__': 'Adzuna::API::Response::Category', 'label': 'Unknown', 'tag': 'unknown'}",0,"{'__CLASS__': 'Adzuna::API::Response::Location', 'area': ['Deutschland', 'Berlin'], 'display_name': 'Berlin, Deutschland'}",,,,contract
Adzuna::API::Response::Job,eyJhbGciOiJIUzI1NiJ9.eyJpIjoiNTcwMTg1NTUyMyIsInMiOiJIRy1KUFMxNThSR2tadXBacklWby1RIn0.mdAbMMAU8iM0dev7VxLNEBZattUc0Las-rvi9PehjYQ,https://www.adzuna.de/details/5701855523?utm_medium=api&utm_source=a4bcf954,13.420806,"{'__CLASS__': 'Adzuna::API::Response::Company', 'display_name': 'SumUp'}",Senior Data Science/ML Engineer - Financial Crime,52.507706,2026-04-16T22:46:20Z,"Team description The Risk AI Engineering Squad is a cross-functional team within the Risk & Compliance tribe, responsible for developing cutting-edge data products and ML solutions that power Transaction Monitoring and protect our merchant base from Money Laundering and Financial Crime. We combine automation, AI, and engineering excellence to build innovative products that empower Risk and AML teams to work smarter, faster, and more efficiently. The Senior Data Scientist role is critical to adv…",5701855523,"{'__CLASS__': 'Adzuna::API::Response::Category', 'label': 'Stellen aus Buchhaltung & Finanzwesen', 'tag': 'accounting-finance-jobs'}",0,"{'display_name': 'Berlin, Deutschland', 'area': ['Deutschland', 'Berlin'], '__CLASS__': 'Adzuna::API::Response::Location'}",,,,
Adzuna::API::Response::Job,eyJhbGciOiJIUzI1NiJ9.eyJzIjoiSEctSlBTMTU4UkdrWnVwWnJJVm8tUSIsImkiOiI1NzI3MzUxOTQ2In0.aZEVNh8FikHlDCrGXxYxRVh5josxE5cR-4KLfQ1umyU,https://www.adzuna.de/details/5727351946?utm_medium=api&utm_source=a4bcf954,8.50014,"{'display_name': 'Buhl Data Service', '__CLASS__': 'Adzuna::API::Response::Company'}",Senior AI / Data Science Engineer (m/w),49.46856,2026-05-12T23:34:14Z,"SO SIEHT DEIN AUFGABENBEREICH AUS: Gestalte die Zukunft: Entwickle und implementiere innovative Lösungen zum Beispiel mit Retrieval-Augmented Generation (RAG) und Large Language Models (LLMs) für die Steuerwelt. Dabei wählst du für jeden Anwendungsfall die passende Modellarchitektur und kümmerst dich um Training, Evaluation und Optimierung für den praktischen Einsatz. Verbinde Daten mit Intelligenz: Entwickle Pipelines zur Datenaufbereitung, -extraktion, -transformation und -integration und opt…",5727351946,"{'tag': 'it-jobs', 'label': 'IT-Stellen', '__CLASS__': 'Adzuna::API::Response::Category'}",0,"{'__CLASS__': 'Adzuna::API::Response::Location', 'area': ['Deutschland', 'Baden-Württemberg', 'Mannheim', 'Neuostheim'], 'display_name': 'Neuostheim, Mannheim'}",full_time,,,
Adzuna::API::Response::Job,eyJhbGciOiJIUzI1NiJ9.eyJpIjoiNTc3OTc1MTgwOSIsInMiOiJIRy1KUFMxNThSR2tadXBacklWby1RIn0.obDraL-4-VH41hwD5B9Gp-w9a1oEpWpU_dPC_FBhhcg,https://www.adzuna.de/details/5779751809?utm_medium=api&utm_source=a4bcf954,,"{'display_name': 'Lidl Stiftung & Co KG', '__CLASS__': 'Adzuna::API::Response::Company'}",Duales Studium Wirtschaftsinformatik - Data Science 2027 in Neckarsulm,,2026-06-28T04:48:46Z,"Deine Aufgaben Duale Power für die digitale Zukunft: Entfalte dein Potential, indem du dir wirtschaftsinformatisches Fachwissen aneignest und gestalte aktiv den Bereich Einkauf mit. konkret heißt das: Dreijähriges duales Studium ab Herbst 2027 mit Wechsel zwischen der dreimonatigen Theoriephase an der DHBW Heilbronn und der Praxisphase bei der Lidl Stiftung Vermittlung von Methoden und Technologien der Informatik sowie Data Analysis, Big Data und Machine Learning an der DHBW im Vordergrund Prax…",5779751809,"{'__CLASS__': 'Adzuna::API::Response::Category', 'label': 'Unknown', 'tag': 'unknown'}",0,"{'area': ['Deutschland'], 'display_name': 'Deutschland', '__CLASS__': 'Adzuna::API::Response::Location'}",,,,
Adzuna::API::Response::Job,eyJhbGciOiJIUzI1NiJ9.eyJpIjoiNTc1NDg0OTg1MCIsInMiOiJIRy1KUFMxNThSR2tadXBacklWby1RIn0.WN5bPxg6lWKKlTY0JH4Qnhc5IkhAFBjpS7_b2f0p9Vc,https://www.adzuna.de/details/5754849850?utm_medium=api&utm_source=a4bcf954,10.88248,"{'display_name': 'nimax', '__CLASS__': 'Adzuna::API::Response::Company'}",Abschlussarbeit Data Science – Machine Learning im E-Commerce,48.04792,2026-06-06T23:02:19Z,"Du hast viel zu tun Du analysierst über 2,5 Millionen Bestelldaten aus 25 Jahren Onlinehandel Mit Hilfe von Machine Learning bildest Du Kundenkohorten und gewinnst daraus wertvolle Insights Du entwickelst Modelle, um aus dem Kaufverhalten der Vergangenheit zukünftige Kaufentscheidungen zu prognostizieren Deine Ergebnisse bilden die Grundlage für zukünftige Marketing-Kampagnen, z. B. um die richtigen Produkte zur richtigen Zeit zu bewerben Du hast einiges drauf Du stehst kurz vor dem Ende Deines…",5754849850,"{'__CLASS__': 'Adzuna::API::Response::Category', 'label': 'Stellen aus Logistik & Lagerhaltung', 'tag': 'logistics-warehouse-jobs'}",0,"{'__CLASS__': 'Adzuna::API::Response::Location', 'display_name': 'Landsberg am Lech, Landsberg am Lech (Kreis)', 'area': ['Deutschland', 'Bayern', 'Landsberg am Lech (Kreis)', 'Landsberg am Lech']}",part_time,,,
Adzuna::API::Response::Job,eyJhbGciOiJIUzI1NiJ9.eyJpIjoiNTc3NDk5NTkyNiIsInMiOiJIRy1KUFMxNThSR2tadXBacklWby1RIn0.zP_7LOJq44k9onw6tfn3beIs6zTXKu2cUdMF6hmfMZU,https://www.adzuna.de/land/ad/5774995926?se=HG-JPS158RGkZupZrIVo-Q&utm_medium=api&utm_source=a4bcf954&v=BF609A5E262CC50DFB2AF0B605C0841CD436A761,7.014478,"{'__CLASS__': 'Adzuna::API::Response::Company', 'display_name': 'ista SE'}",Manager Pricing (w/m/d) - Analytics & Modeling,51.444823,2026-06-24T18:22:46Z,"Manager Pricing (w/m/d) - Analytics & Modeling Produktmanagement / Essen Headoffice / Hybrid / Vollzeit / iSE02643 Vertragstitel gemäß des internen Karrierepfads. Willkommen bei ista Wir bei ista unter­stützen Eigen­tümer:innen und Ver­walter:innen von Immo­bi­lien, ihre Ge­bäude zukunfts­sicher und klima­neutral zu ge­stalten. Dazu ge­hört, dass wir Energie­ver­bräuche messen, ab­rechnen und trans­parent machen. So helfen wir dabei, Energie und CO₂ zu sparen. Daran arbeiten wir mit über 6.600 …",5774995926,"{'label': 'Stellen aus Buchhaltung & Finanzwesen', 'tag': 'accounting-finance-jobs', '__CLASS__': 'Adzuna::API::Response::Category'}",0,"{'__CLASS__': 'Adzuna::API::Response::Location', 'display_name': 'Essen, Nordrhein-Westfalen', 'area': ['Deutschland', 'Nordrhein-Westfalen', 'Essen']}",,,,
Adzuna::API::Response::Job,eyJhbGciOiJIUzI1NiJ9.eyJzIjoiSEctSlBTMTU4UkdrWnVwWnJJVm8tUSIsImkiOiI1NzcwODI4ODA5In0.94rGnEkzbJK7UmfOoRwPdHLIMqhRVn_4u4j4hg3wT2U,https://www.adzuna.de/land/ad/5770828809?se=HG-JPS158RGkZupZrIVo-Q&utm_medium=api&utm_source=a4bcf954&v=7B825E0EC299BBAD23A072A018D2D39115D762FD,13.420806,"{'__CLASS__': 'Adzuna::API::Response::Company', 'display_name': 'IONOS'}",Leitung PPC (w/m/d) - Online Advertising,52.507706,2026-06-20T18:16:43Z,"Aufgaben Profil Wir bieten Bei IONOS arbeitest Du bei dem führenden europäischen Anbieter von Cloud-Infrastruktur, Cloud-Services und Hosting-Dienstleistungen partnerschaftlich mit unterschiedlichen Teams zusammen. Wir bieten Dir eine Perspektive in einer der zukunftssichersten Branchen. Uns zeichnen offene Arbeitsstrukturen, Duz-Kultur und flache Hierarchien mit unvergleichlichem Team-Spirit aus. Wir sind fest davon überzeugt, dass Job und Spaß vereinbar sind und bieten Dir hierfür das entspre…",5770828809,"{'__CLASS__': 'Adzuna::API::Response::Category', 'tag': 'pr-advertising-marketing-jobs', 'label': 'Stellen aus PR, Werbung & Marketing'}",0,"{'__CLASS__': 'Adzuna::API::Response::Location', 'area': ['Deutschland', 'Berlin'], 'display_name': 'Berlin, Deutschland'}",,,,
Adzuna::API::Response::Job,eyJhbGciOiJIUzI1NiJ9.eyJpIjoiNTc4NzAwMDAwMCIsInMiOiJIRy1KUFMxNThSR2tadXBacklWby1RIn0.IGBmTOTrEjopYyf5WbWlyi_kHsPKJS9G2qJVGH7vnqw,https://www.adzuna.de/land/ad/5787000000?se=HG-JPS158RGkZupZrIVo-Q&utm_medium=api&utm_source=a4bcf954&v=C06EBBC0BD56831A7C75409E8574CB890C56C077,7.3341,"{'__CLASS__': 'Adzuna::API::Response::Company', 'display_name': 'Dr. Theiss Naturwaren GmbH'}",Solution Consultant KI-Plattformen (m/w/d),49.31944,2026-07-03T18:42:07Z,"Wir sind ein dynamisches und leistungsstarkes Unternehmen der kosmetischen und pharmazeutischen Industrie. Neben der nach GMP-Richtlinien zertifizierten eigenen Produktion für unsere Gesichts-, Körper-, Haarpflegeprodukte und dekorativen Kosmetik legen wir großen Wert auf unser Qualitätsmerkmal ""Made in Germany"". Jährlich werden unsere innovativen Apothekenprodukte mit Preisen wie ""Beste Neueinführung"" oder ""Top Marke"" ausgezeichnet. Zur Verstärkung unseres IT-Teams suchen wir zum nächstmöglich…",5787000000,"{'label': 'Unknown', 'tag': 'unknown', '__CLASS__': 'Adzuna::API::Response::Category'}",0,"{'__CLASS__': 'Adzuna::API::Response::Location', 'area': ['Deutschland', 'Saarland', 'Saarpfalz-Kreis', 'Homburg'], 'display_name': 'Homburg, Saarpfalz-Kreis'}",,,,
Adzuna::API::Response::Job,eyJhbGciOiJIUzI1NiJ9.eyJzIjoiSEctSlBTMTU4UkdrWnVwWnJJVm8tUSIsImkiOiI1NzM4MDcyODI0In0.cZjkA_-GBFRETWzbVi3TBaR7LaYjgy2d4Be9shB-eC8,https://www.adzuna.de/details/5738072824?utm_medium=api&utm_source=a4bcf954,,"{'__CLASS__': 'Adzuna::API::Response::Company', 'display_name': 'FullStack Talents'}","Data Science, Analytics & Data Engineer (Remote, Ongoing Search, Talent Pool)",,2026-05-22T23:15:05Z,"Position: Data Scientists, Data Engineers & Analytics Professionals – Talent Pool (Ongoing Search) Remote working policy: 100% remote possible, full-time Employment type: Freelancer/ Contract or Employee Duration: 12 months About us: We are a specialist technical recruitment agency constantly looking for strong strong Data talent for exciting opportunities. We partner with global enterprise companies, USA-based organisations, and EU clients that frequently offer remote, hybrid, and onsite roles…",5738072824,"{'tag': 'pr-advertising-marketing-jobs', 'label': 'Stellen aus PR, Werbung & Marketing', '__CLASS__': 'Adzuna::API::Response::Category'}",0,"{'__CLASS__': 'Adzuna::API::Response::Location', 'area': ['Deutschland'], 'display_name': 'Deutschland'}",,,,contract
Adzuna::API::Response::Job,eyJhbGciOiJIUzI1NiJ9.eyJzIjoiSEctSlBTMTU4UkdrWnVwWnJJVm8tUSIsImkiOiI0NTcxMTczODkyIn0.rDVNylmiQXYU-8yYOFX1X3Z5fxhSwtAHAleSe_2xngw,https://www.adzuna.de/details/4571173892?utm_medium=api&utm_source=a4bcf954,8.43196,"{'__CLASS__': 'Adzuna::API::Response::Company', 'display_name': 'Basf France'}",Praktikum Management Consulting im Bereich Data Science / Data Analytics (m/w/d),49.47766,2024-02-16T11:00:56Z,"WILLKOMMEN IM TEAM Wir sind die globale Inhouse Managementberatung der BASF. Unser Schwerpunkt liegt auf strategischen Projekten, mit denen wir wirkungsvoll Veränderungsprozesse vorantreiben. Dabei reicht unser Themenspektrum von Wachstums-, Organisationsentwicklungs- und Effizienzprojekten bis hin zu Akquisitionen und Devestitionen. Wir leben einen starken Teamspirit und fördern aktiv die Karriereentwicklung innerhalb der BASF. AUFGABEN Zum nächstmöglichen Zeitpunkt sind Sie für einen Zeitraum…",4571173892,"{'__CLASS__': 'Adzuna::API::Response::Category', 'label': 'Stellen für Hochschulabsolventen', 'tag': 'graduate-jobs'}",0,"{'display_name': 'Mitte, Ludwigshafen am Rhein', 'area': ['Deutschland', 'Rheinland-Pfalz', 'Ludwigshafen am Rhein', 'Mitte'], '__CLASS__': 'Adzuna::API::Response::Location'}",,,,contract
Adzuna::API::Response::Job,eyJhbGciOiJIUzI1NiJ9.eyJpIjoiNTc4MDM1MzI4OCIsInMiOiJIRy1KUFMxNThSR2tadXBacklWby1RIn0.DTXpsIbAjQNfjfwVZmpFjJrwxvJ5qdBNvTxqpy_O1DA,https://www.adzuna.de/land/ad/5780353288?se=HG-JPS158RGkZupZrIVo-Q&utm_medium=api&utm_source=a4bcf954&v=42F244E36F2DC6D76A2185D567986E42B4593F1C,7.5146,"{'__CLASS__': 'Adzuna::API::Response::Company', 'display_name': 'Bundesanstalt für Verwaltungsdienstleistungen'}",Fachreferentinnen / Fachreferenten (m/w/d) für Förderprogramme,53.483854,2026-06-28T18:24:11Z,"Die Bundesanstalt für Verwaltungsdienstleistungen (BAV) ist zentrale Dienstleisterin in der Behördenfamilie des Bundesministeriums für Verkehr (BMV). Wir übernehmen vielfältige administrative Aufgaben und unterstützen die Behörden unter anderem bei Reform- und Modernisierungsvorhaben, treiben die Digitalisierung der Verwaltung voran und wirken bei Innovationsprojekten aktiv mit. Zudem tragen wir mit der Umsetzung von Förderprogrammen des Bundes dazu bei, wichtige verkehrs- und klimapolitische Z…",5780353288,"{'label': 'Sonstige/Allgemeine Stellen', 'tag': 'other-general-jobs', '__CLASS__': 'Adzuna::API::Response::Category'}",0,"{'display_name': 'Aurich, Aurich (Kreis)', 'area': ['Deutschland', 'Niedersachsen', 'Aurich (Kreis)', 'Aurich'], '__CLASS__': 'Adzuna::API::Response::Location'}",,,,
Adzuna::API::Response::Job,eyJhbGciOiJIUzI1NiJ9.eyJzIjoiSEctSlBTMTU4UkdrWnVwWnJJVm8tUSIsImkiOiI1NzU0ODU2Njc4In0.jli4ESA2Udu34xGWhiRxiO0aC7ckwrw02BMjO4i3wmc,https://www.adzuna.de/details/5754856678?utm_medium=api&utm_source=a4bcf954,7.211571,"{'display_name': 'WeMatch.', '__CLASS__': 'Adzuna::API::Response::Company'}",Senior AI / Data Science Engineer (m/w/d),51.476986,2026-06-06T23:18:27Z,"Senior AI / Data Science Engineer (m/w/d) Aufgabenbereiche Gestaltung und Entwicklung KI-gesteuerter Datenlösungen unter Gewährleistung einer effektiven Datenaufbereitung und -integration. Erstellung und Pflege robuster Datenpipelines sowie Überwachungsmechanismen zur Sicherstellung einer hohen Datenqualität. Implementierung von Backend-Integrationen in Cloud-Umgebungen, insbesondere AWS und GCP. Umsetzung von Software-Engineering-Best-Practices zur Verbesserung der Wartbarkeit von Projekten. E…",5754856678,"{'__CLASS__': 'Adzuna::API::Response::Category', 'label': 'IT-Stellen', 'tag': 'it-jobs'}",0,"{'__CLASS__': 'Adzuna::API::Response::Location', 'area': ['Deutschland', 'Nordrhein-Westfalen', 'Bochum'], 'display_name': 'Bochum, Nordrhein-Westfalen'}",,,,
Adzuna::API::Response::Job,eyJhbGciOiJIUzI1NiJ9.eyJpIjoiNTc4MjEyNzEzMyIsInMiOiJIRy1KUFMxNThSR2tadXBacklWby1RIn0.N79GYzCMwyuZ3iiRmZ1vWZmCWOaU7B9bIpgEI6k2ND8,https://www.adzuna.de/details/5782127133?utm_medium=api&utm_source=a4bcf954,13.38475,"{'display_name': 'Workwise GmbH', '__CLASS__': 'Adzuna::API::Response::Company'}",Artificial Intelligence & Data Science Manager:in (m/w/d),52.51551,2026-06-30T15:55:04Z,"Über das Unternehmen: Globale Expertise, lokale Präsenz: Ihre verlässlichen Partner für Rechts-, Wirtschafts- und Steuerfragen seit 2006. Wir sind eine international ausgerichtete Partnerschaft von Rechtsanwälten, Wirtschaftsprüfern und Steuerberatern, die im Jahr 2006 gegründet wurde. Heute sind wir mit rund 380 Mitarbeitern an den Standorten Hamburg, Berlin, Bochum, Hannover, Dortmund, München und Bielefeld vertreten. Durch eine eigene Gesellschaft sowie über Moore Global, ein globales Netzwe…",5782127133,"{'__CLASS__': 'Adzuna::API::Response::Category', 'label': 'Stellen für Hochschulabsolventen', 'tag': 'graduate-jobs'}",0,"{'area': ['Deutschland', 'Berlin', 'Mitte'], 'display_name': 'Mitte, Berlin', '__CLASS__': 'Adzuna::API::Response::Location'}",full_time,,,
