category,id,redirect_url,__CLASS__,description,latitude,adref,created,salary_is_predicted,location,title,company,longitude,contract_time,salary_max,salary_min,contract_type
"{'label': 'Unknown', 'tag': 'unknown', '__CLASS__': 'Adzuna::API::Response::Category'}",5733288662,https://www.adzuna.de/land/ad/5733288662?se=2lyTYKR-8RGx_pHdrNGfmQ&utm_medium=api&utm_source=a4bcf954&v=366DE9802B50CE4713055921F48A779825AE62E1,Adzuna::API::Response::Job,"Eine gute Idee war der Ursprung, ein erfolgreiches Konzept ist das Ergebnis. Qualität zum guten Preis möglichst vielen Menschen anbieten zu können treibt uns an - mittlerweile weltweit, denn wir sind Lidl. Hier ist das berufliche Zuhause vielfältiger Talente. Ob im Einkauf, in der Logistik, im Warengeschäft oder in der IT; ob als Impulsgeber, Gestalter oder Dienstleister der Länder. Wir suchen Anpacker, Durchstarter, Möglichmacher und bieten spannende Aufgaben und Projekte in einem dynamischen …",49.18975,eyJhbGciOiJIUzI1NiJ9.eyJpIjoiNTczMzI4ODY2MiIsInMiOiIybHlUWUtSLThSR3hfcEhkck5HZm1RIn0.Ktxo3eDfPWX6TJrxSbs4C9spUeAIYRQRMKcL1tkA7Wc,2026-05-18T19:45:18Z,0,"{'area': ['Deutschland', 'Baden-Württemberg', 'Heilbronn (Kreis)', 'Neckarsulm'], '__CLASS__': 'Adzuna::API::Response::Location', 'display_name': 'Neckarsulm, Heilbronn (Kreis)'}",Duales Studium Wirtschaftsinformatik - Data Science 2027,"{'__CLASS__': 'Adzuna::API::Response::Company', 'display_name': 'Lidl Stiftung & Co. KG'}",9.2274,,,,
"{'label': 'Unknown', 'tag': 'unknown', '__CLASS__': 'Adzuna::API::Response::Category'}",5797421372,https://www.adzuna.de/land/ad/5797421372?se=2lyTYKR-8RGx_pHdrNGfmQ&utm_medium=api&utm_source=a4bcf954&v=BF64957ED79E6CF279CE26BB88150CAFBB09DB51,Adzuna::API::Response::Job,"Life is always about becoming… Im Leben geht es darum, sich auf eine Reise zu begeben, um die beste Version unseres zukünftigen Selbst zu werden. Während wir Neues entdecken, stellen wir uns Herausforderungen, meistern sie und wachsen über uns hinaus. Bewerben Sie sich bei Mercedes-Benz und finden Sie den Aufgabenbereich, in dem Sie Ihre Talente individuell entfalten können. Dabei werden Sie von visionären Kolleginnen und Kollegen unterstützt, die Ihren Pioniergeist teilen. Bei uns einzusteigen…",48.720071,eyJhbGciOiJIUzI1NiJ9.eyJpIjoiNTc5NzQyMTM3MiIsInMiOiIybHlUWUtSLThSR3hfcEhkck5HZm1RIn0.NXjZPRHsRBFuMROU4evre9s6zqjdCoBFNUr_VSwRRLE,2026-07-12T01:31:06Z,0,"{'display_name': 'Sindelfingen, Böblingen (Kreis)', '__CLASS__': 'Adzuna::API::Response::Location', 'area': ['Deutschland', 'Baden-Württemberg', 'Böblingen (Kreis)', 'Sindelfingen']}",Werksstudent*in Data Science - Emissionsdaten,"{'display_name': 'Mercedes-Benz AG', '__CLASS__': 'Adzuna::API::Response::Company'}",9.026231,,,,
"{'label': 'Unknown', '__CLASS__': 'Adzuna::API::Response::Category', 'tag': 'unknown'}",5792832146,https://www.adzuna.de/land/ad/5792832146?se=2lyTYKR-8RGx_pHdrNGfmQ&utm_medium=api&utm_source=a4bcf954&v=A8FD1691BED0E1CFCB330DF26E7FFA0D958FF932,Adzuna::API::Response::Job,Wir sind der Digitalisierungspartner in der genossenschaftlichen FinanzGruppe und vereinen jahrzehntelanges Expertenwissen in Banking und Informationstechnologie. Die speziell auf Banken zugeschnittenen IT-Lösungen und Leistungen reichen vom Rechenzentrumsbetrieb über das Bankverfahren von Atruvia bis hin zur App-Entwicklung. Dabei nutzen wir zukunftsweisende Technologien wie Smart Data und schreiben Prozessoptimierung und Regulatorik groß. Gestalte die Zukunft mit KI – Starte dein Duales Studi…,49.001249,eyJhbGciOiJIUzI1NiJ9.eyJzIjoiMmx5VFlLUi04Ukd4X3BIZHJOR2ZtUSIsImkiOiI1NzkyODMyMTQ2In0.zHKNGI-hOdrxouu7UXmzvqq2rPJpF6rC-y4Ap_z2Zdw,2026-07-08T18:25:46Z,0,"{'area': ['Deutschland', 'Baden-Württemberg', 'Karlsruhe (Kreis)', 'Karlsruhe'], '__CLASS__': 'Adzuna::API::Response::Location', 'display_name': 'Karlsruhe, Karlsruhe (Kreis)'}",Duales Studium Data Science & Künstliche Intelligenz B.Sc.,"{'__CLASS__': 'Adzuna::API::Response::Company', 'display_name': 'Atruvia AG'}",8.412378,,,,
"{'label': 'Unknown', '__CLASS__': 'Adzuna::API::Response::Category', 'tag': 'unknown'}",5791115834,https://www.adzuna.de/land/ad/5791115834?se=2lyTYKR-8RGx_pHdrNGfmQ&utm_medium=api&utm_source=a4bcf954&v=0A88F3F744A75FD0A67FF949452551D1BC3B243B,Adzuna::API::Response::Job,"Jedes Werkzeug kann immer nur so gut sein wie der Mensch, der dahintersteckt. Deshalb suchen wir bei der Festool Group Mitarbeitende, die gemeinsam mit ihren 3.000 Kolleginnen und Kollegen weltweit etwas bewegen wollen. Tauche ein in unsere Welt - und erlebe, wie stolz es macht, in einem Familienunternehmen die besten Elektrowerkzeuge der Welt zu bauen. Aufgaben Technik und Wirtschaft gehören für dich zusammen? Du begeisterst dich für Informationstechnologien ebenso wie für ökonomische Zusammen…",48.67129,eyJhbGciOiJIUzI1NiJ9.eyJpIjoiNTc5MTExNTgzNCIsInMiOiIybHlUWUtSLThSR3hfcEhkck5HZm1RIn0.9AE5NmfOL5FBki8zg8qMhD5N-5OZ4CNbkw6IounfqpY,2026-07-07T17:13:42Z,0,"{'display_name': 'Wendlingen am Neckar, Esslingen (Kreis)', 'area': ['Deutschland', 'Baden-Württemberg', 'Esslingen (Kreis)', 'Wendlingen am Neckar'], '__CLASS__': 'Adzuna::API::Response::Location'}",Duales Studium: Wirtschaftsinformatik - Data Science (m/w/d) 2027,"{'display_name': 'Festool Group', '__CLASS__': 'Adzuna::API::Response::Company'}",9.37738,,,,
"{'label': 'Stellen aus Wissenschaft & Qualitätssicherung', '__CLASS__': 'Adzuna::API::Response::Category', 'tag': 'scientific-qa-jobs'}",5783303939,https://www.adzuna.de/land/ad/5783303939?se=2lyTYKR-8RGx_pHdrNGfmQ&utm_medium=api&utm_source=a4bcf954&v=BCE6104A273AA83C09F059F788C1FFC992DA4BA5,Adzuna::API::Response::Job,"Aufgaben Profil Wir bieten Hinweis: Dieser Studiengang wird als Studium mit vertiefter Praxis angeboten. Du liebst es, Ursachen für Probleme zu entdecken und Lösungen zu finden und möchtest an Zukunftsthemen arbeiten? Du hast eine Leidenschaft für IT und Digitalisierung? Dann ist dieses Studium genau das Richtige für dich. Denn du bist Expert:in dafür, riesige Datenmengen zu bändigen und daraus Vorhersagen abzuleiten. Egal ob Entwicklungsdaten oder Daten unserer Kund:innen, du weißt wo du die r…",48.62848,eyJhbGciOiJIUzI1NiJ9.eyJpIjoiNTc4MzMwMzkzOSIsInMiOiIybHlUWUtSLThSR3hfcEhkck5HZm1RIn0.G4wb15eZ_Ur2QXbjOp8diAZQedoSddG0-Eutb02joX0,2026-07-01T10:25:09Z,0,"{'display_name': 'Dingolfing, Dingolfing-Landau (Kreis)', 'area': ['Deutschland', 'Bayern', 'Dingolfing-Landau (Kreis)', 'Dingolfing'], '__CLASS__': 'Adzuna::API::Response::Location'}",Dualer Student Data Science & Scientific Computing (w/m/x),"{'__CLASS__': 'Adzuna::API::Response::Company', 'display_name': 'BMW Group'}",12.49782,,,,
"{'tag': 'unknown', '__CLASS__': 'Adzuna::API::Response::Category', 'label': 'Unknown'}",5783303937,https://www.adzuna.de/land/ad/5783303937?se=2lyTYKR-8RGx_pHdrNGfmQ&utm_medium=api&utm_source=a4bcf954&v=5BDCB38395F6AB03040EEB2D567284B76FEF8C5C,Adzuna::API::Response::Job,"Aufgaben Profil Wir bieten Hinweis: Dieser Studiengang wird als Studium mit vertiefter Praxis angeboten. Du liebst es, Ursachen für Probleme zu entdecken und Lösungen zu finden und möchtest an Zukunftsthemen arbeiten? Du hast eine Leidenschaft für IT und Digitalisierung? Dann ist dieses Studium genau das Richtige für dich. Denn du bist Expert:in dafür, riesige Datenmengen zu bändigen und daraus Vorhersagen abzuleiten. Egal ob Entwicklungsdaten oder Daten unserer Kund:innen, du weißt wo du die r…",48.137418,eyJhbGciOiJIUzI1NiJ9.eyJzIjoiMmx5VFlLUi04Ukd4X3BIZHJOR2ZtUSIsImkiOiI1NzgzMzAzOTM3In0.UbvmhvrNKeTEla2Pe1zF7TynKk8dY_vtbSpLeq0NNuk,2026-07-01T10:25:09Z,0,"{'display_name': 'München, München (Kreis)', '__CLASS__': 'Adzuna::API::Response::Location', 'area': ['Deutschland', 'Bayern', 'München (Kreis)', 'München']}",Dualer Student Data Science & Scientific Computing (w/m/x),"{'__CLASS__': 'Adzuna::API::Response::Company', 'display_name': 'BMW Group'}",11.555737,,,,
"{'tag': 'unknown', '__CLASS__': 'Adzuna::API::Response::Category', 'label': 'Unknown'}",5733974483,https://www.adzuna.de/land/ad/5733974483?se=2lyTYKR-8RGx_pHdrNGfmQ&utm_medium=api&utm_source=a4bcf954&v=C44063A8613D3152F32376D2CD101CAF5781FF26,Adzuna::API::Response::Job,"Eine gute Idee war der Ursprung, ein erfolgreiches Konzept ist das Ergebnis. Qualität zum guten Preis möglichst vielen Menschen anbieten zu können treibt uns an - mittlerweile weltweit, denn wir sind Lidl. Hier ist das berufliche Zuhause vielfältiger Talente. Ob im Einkauf, in der Logistik, im Warengeschäft oder in der IT; ob als Impulsgeber, Gestalter oder Dienstleister der Länder. Wir suchen Anpacker, Durchstarter, Möglichmacher und bieten spannende Aufgaben und Projekte in einem dynamischen …",49.18975,eyJhbGciOiJIUzI1NiJ9.eyJpIjoiNTczMzk3NDQ4MyIsInMiOiIybHlUWUtSLThSR3hfcEhkck5HZm1RIn0.ri7YeLScAyKPJG2rlqD7b_MH1nCr4wGPqVrebygsH_g,2026-05-19T13:53:54Z,0,"{'display_name': 'Neckarsulm, Heilbronn (Kreis)', 'area': ['Deutschland', 'Baden-Württemberg', 'Heilbronn (Kreis)', 'Neckarsulm'], '__CLASS__': 'Adzuna::API::Response::Location'}",Duales Studium Data Science und KI - Smart Operations Management 2027,"{'display_name': 'Lidl Stiftung & Co. KG', '__CLASS__': 'Adzuna::API::Response::Company'}",9.2274,,,,
"{'label': 'Unknown', '__CLASS__': 'Adzuna::API::Response::Category', 'tag': 'unknown'}",5785691597,https://www.adzuna.de/land/ad/5785691597?se=2lyTYKR-8RGx_pHdrNGfmQ&utm_medium=api&utm_source=a4bcf954&v=E7E6105B8657F51A8D4062F37021188A09433F72,Adzuna::API::Response::Job,"Als weltweit agierendes Unternehmen benötigen wir eine IT-Landschaft, die jederzeit reibungslos funktioniert, sich stets auf dem neuesten Stand der Technik befindet und sich an den Bedürfnissen unserer Kunden innerhalb der Unternehmen der Schwarz Gruppe orientiert. An der Schnittstelle zwischen Daten und IT erarbeiten wir tragfähige Lösungen, die maßgeblich und sichtbar zu unserem Erfolg beitragen. {Studienbeginn:} 01.09.2027 mit dem Begrüßungsmonat {Studiendauer:} 3 Jahre {Studiendauer:} 01.10…",49.2291,eyJhbGciOiJIUzI1NiJ9.eyJzIjoiMmx5VFlLUi04Ukd4X3BIZHJOR2ZtUSIsImkiOiI1Nzg1NjkxNTk3In0.kVidgiaAnWxXsCkJGu9Y9uSW2KHE_yzugoarpzfBRxk,2026-07-02T19:37:57Z,0,"{'__CLASS__': 'Adzuna::API::Response::Location', 'area': ['Deutschland', 'Baden-Württemberg', 'Heilbronn (Kreis)', 'Bad Friedrichshall'], 'display_name': 'Bad Friedrichshall, Heilbronn (Kreis)'}",Duales Studium Data Science und Künstliche Intelligenz 2027 (m/w/d),"{'display_name': 'Schwarz Digits', '__CLASS__': 'Adzuna::API::Response::Company'}",9.21629,,,,
"{'__CLASS__': 'Adzuna::API::Response::Category', 'tag': 'unknown', 'label': 'Unknown'}",5781114965,https://www.adzuna.de/land/ad/5781114965?se=2lyTYKR-8RGx_pHdrNGfmQ&utm_medium=api&utm_source=a4bcf954&v=93D04A331B1215855A8655E0390591686B2673A7,Adzuna::API::Response::Job,Die Ruhr-Universität Bochum (RUB) ist eine der führenden Forschungs­universitäten in Deutschland. Als reform­orientierte Campus­universität vereint sie in einzig­artiger Weise die gesamte Spann­breite der großen Wissenschafts­bereiche an einem Ort. Das dynamische Mit­einander von Fächern und Fächer­kulturen bietet den Forschenden wie den Studierenden gleicher­maßen besondere Chancen zur inter­disziplinären Zusammen­arbeit. Medizinische Fakultät: Medical Research Services Medizinisches Dateninte…,51.476986,eyJhbGciOiJIUzI1NiJ9.eyJpIjoiNTc4MTExNDk2NSIsInMiOiIybHlUWUtSLThSR3hfcEhkck5HZm1RIn0.oJtsW1-nVW2kskACyYE2j01WLCbslQliBZUIh9MpDK8,2026-06-29T13:25:36Z,0,"{'display_name': 'Bochum, Nordrhein-Westfalen', 'area': ['Deutschland', 'Nordrhein-Westfalen', 'Bochum'], '__CLASS__': 'Adzuna::API::Response::Location'}",Leitung Datenintegrationszentrum (DIZ) / Medical Data Science (m/w/d),"{'__CLASS__': 'Adzuna::API::Response::Company', 'display_name': 'Ruhr-Universität Bochum'}",7.211571,,,,
"{'label': 'Unknown', '__CLASS__': 'Adzuna::API::Response::Category', 'tag': 'unknown'}",5782380629,https://www.adzuna.de/land/ad/5782380629?se=2lyTYKR-8RGx_pHdrNGfmQ&utm_medium=api&utm_source=a4bcf954&v=F340A0D115EAF64737B8B630F823B3017AD3F9D9,Adzuna::API::Response::Job,"Als Student arbeitest Du mit Deinen Kolleginnen und Kollegen auf Augenhöhe und schaffst ideale Voraussetzungen für Deine spätere Karriere. Sich etwas Neues trauen, über sich hinauswachsen und dabei die Grenzen des Machbaren neu deﬁnieren. Genau das ist es, was unsere Mitarbeitenden täglich leben dürfen und sollen. Um mit unseren Innovationen das Tempo vorzugeben und Großartiges zu ermöglichen. Denn hinter jedem erfolgreichen Unternehmen stehen eine ganze Menge faszinierender Menschen. Die Mitar…",48.78408,eyJhbGciOiJIUzI1NiJ9.eyJpIjoiNTc4MjM4MDYyOSIsInMiOiIybHlUWUtSLThSR3hfcEhkck5HZm1RIn0.Ja3E1qM9or0EfazsHBfa-d3P0oJDC_279IUeoBoEj9w,2026-06-30T22:28:57Z,0,"{'display_name': 'Oberkochen, Ostalbkreis', 'area': ['Deutschland', 'Baden-Württemberg', 'Ostalbkreis', 'Oberkochen'], '__CLASS__': 'Adzuna::API::Response::Location'}",Abschlussarbeit Data Science / Mechanikdesign (m/w/x),"{'display_name': 'ZEISS', '__CLASS__': 'Adzuna::API::Response::Company'}",10.10558,,,,
"{'tag': 'unknown', '__CLASS__': 'Adzuna::API::Response::Category', 'label': 'Unknown'}",5790982354,https://www.adzuna.de/land/ad/5790982354?se=2lyTYKR-8RGx_pHdrNGfmQ&utm_medium=api&utm_source=a4bcf954&v=67FF04F7F2EE835A97EC22B52DAB8E0ADBC19DFF,Adzuna::API::Response::Job,"Sich etwas Neues trauen, über sich hinauswachsen und dabei die Grenzen des Machbaren neu definieren. Genau das ist es, was unsere Mitarbeitenden täglich leben dürfen und sollen. Um mit unseren Innovationen ein Zeichen zu setzen und Großartiges zu ermöglichen. Denn hinter jedem erfolgreichen Unternehmen stehen eine ganze Menge faszinierende Menschen. In einem offenen und modernen Umfeld mit zahlreichen Entwicklungs- und Weiterbildungsmöglichkeiten, arbeiten die Mitarbeitenden bei ZEISS in einer …",48.78408,eyJhbGciOiJIUzI1NiJ9.eyJzIjoiMmx5VFlLUi04Ukd4X3BIZHJOR2ZtUSIsImkiOiI1NzkwOTgyMzU0In0.0NOjEazlmSKuiSqQeVEZKTaqUdzpD0hsb6Vwr7gkX0c,2026-07-07T15:13:53Z,0,"{'display_name': 'Oberkochen, Ostalbkreis', '__CLASS__': 'Adzuna::API::Response::Location', 'area': ['Deutschland', 'Baden-Württemberg', 'Ostalbkreis', 'Oberkochen']}","Duales Studium – Data Science und Künstliche Intelligenz (m/w/x), Beginn Herbst 2027","{'display_name': 'ZEISS', '__CLASS__': 'Adzuna::API::Response::Company'}",10.10558,,,,
"{'label': 'Unknown', '__CLASS__': 'Adzuna::API::Response::Category', 'tag': 'unknown'}",5786942953,https://www.adzuna.de/land/ad/5786942953?se=2lyTYKR-8RGx_pHdrNGfmQ&utm_medium=api&utm_source=a4bcf954&v=00666AD07F83A2F025A13851A4AD8EC6B56AE2A4,Adzuna::API::Response::Job,"HENSOLDT ist ein führendes Unternehmen der europäischen Verteidigungsindustrie mit globaler Reichweite. Das Unternehmen mit Sitz in Taufkirchen bei München entwickelt Sensor-Komplettlösungen für Verteidigungs- und Sicherheitsanwendungen. Als Technologieführer treibt HENSOLDT die Entwicklung der Verteidigungselektronik und Optronik voran und baut sein Portfolio auf der Grundlage innovativer Ansätze für Datenmanagement, Robotik und Cybersicherheit kontinuierlich aus. Unsere Produkte sind einsetzb…",48.383137,eyJhbGciOiJIUzI1NiJ9.eyJpIjoiNTc4Njk0Mjk1MyIsInMiOiIybHlUWUtSLThSR3hfcEhkck5HZm1RIn0.VtAS0D3f4mdkp-CPojbEoHj2mv7eUlgstAmeSuxcO5Q,2026-07-03T16:50:57Z,0,"{'display_name': 'Ulm, Baden-Württemberg', '__CLASS__': 'Adzuna::API::Response::Location', 'area': ['Deutschland', 'Baden-Württemberg', 'Ulm']}","Duales Studium: ""Data Science & künstliche Intelligenz"" (w/m/d), Ulm, Start 2027","{'display_name': 'HENSOLDT', '__CLASS__': 'Adzuna::API::Response::Company'}",9.856945,,,,
"{'label': 'Stellen aus Wissenschaft & Qualitätssicherung', 'tag': 'scientific-qa-jobs', '__CLASS__': 'Adzuna::API::Response::Category'}",5778612605,https://www.adzuna.de/land/ad/5778612605?se=2lyTYKR-8RGx_pHdrNGfmQ&utm_medium=api&utm_source=a4bcf954&v=618D595659D80CC814AEDB32378C842FA87F230F,Adzuna::API::Response::Job,"Head of AI & Data Science: Tragen Sie dazu bei, Wunden zu heilen, Innovationen zu fördern und Wachstum zu gestalten! Schwer heilende Wunden sind eine enorme Belastung für Patienten, Angehörige und Behandelnde. Machen Sie durch Ihr gestalterisches Mitwirken einen signifikanten Unterschied. Wir entwickeln Produkte und Services, um Wunden bezahlbar zu heilen. Als wachsendes, zukunftsorientiertes inhabergeführtes Familienunternehmen investieren und arbeiten wir mit langfristiger Perspektive statt m…",51.504967,eyJhbGciOiJIUzI1NiJ9.eyJpIjoiNTc3ODYxMjYwNSIsInMiOiIybHlUWUtSLThSR3hfcEhkck5HZm1RIn0.f1jrN8DBXygy8Tr26vXZOicjCjBp4o0pN8m3rdlV0wo,2026-06-27T06:23:04Z,0,"{'display_name': 'Dortmund, Nordrhein-Westfalen', 'area': ['Deutschland', 'Nordrhein-Westfalen', 'Dortmund'], '__CLASS__': 'Adzuna::API::Response::Location'}",Head of AI & Data Science (m/w/d),"{'display_name': 'Dr. Ausbüttel GmbH & Co. KG', '__CLASS__': 'Adzuna::API::Response::Company'}",7.464954,,,,
"{'label': 'Unknown', 'tag': 'unknown', '__CLASS__': 'Adzuna::API::Response::Category'}",5797421134,https://www.adzuna.de/land/ad/5797421134?se=2lyTYKR-8RGx_pHdrNGfmQ&utm_medium=api&utm_source=a4bcf954&v=CF7ACEDA3A38A6E40AD679456EB435ECD6F0DCDC,Adzuna::API::Response::Job,"Life is always about becoming… Im Leben geht es darum, sich auf eine Reise zu begeben, um die beste Version unseres zukünftigen Selbst zu werden. Während wir Neues entdecken, stellen wir uns Herausforderungen, meistern sie und wachsen über uns hinaus. Bewerben Sie sich bei Mercedes-Benz und finden Sie den Aufgabenbereich, in dem Sie Ihre Talente individuell entfalten können. Dabei werden Sie von visionären Kolleginnen und Kollegen unterstützt, die Ihren Pioniergeist teilen. Bei uns einzusteigen…",48.776198,eyJhbGciOiJIUzI1NiJ9.eyJpIjoiNTc5NzQyMTEzNCIsInMiOiIybHlUWUtSLThSR3hfcEhkck5HZm1RIn0.uPXWekw2KvUJAde6OFZaj6qfA8k32GQekFbMhD0DIyg,2026-07-12T01:29:54Z,0,"{'display_name': 'Stuttgart, Baden-Württemberg', '__CLASS__': 'Adzuna::API::Response::Location', 'area': ['Deutschland', 'Baden-Württemberg', 'Stuttgart']}",Praktikant*in Data Science im Bereich BigData Antriebe (Pflicht-Praktikum),"{'display_name': 'Mercedes-Benz AG', '__CLASS__': 'Adzuna::API::Response::Company'}",9.187224,,,,
"{'label': 'Unknown', '__CLASS__': 'Adzuna::API::Response::Category', 'tag': 'unknown'}",5796296635,https://www.adzuna.de/land/ad/5796296635?se=2lyTYKR-8RGx_pHdrNGfmQ&utm_medium=api&utm_source=a4bcf954&v=61EE147EBD937E5D57E782ED7BA5E7C512D9BC81,Adzuna::API::Response::Job,"Die Isabellenhütte ist ein international agierendes, familiengeführtes Unternehmen mit einer einzigartigen Fertigungstiefe. Wir vereinen unsere Tradition mit dem unbedingten Willen, Zukunftsmärkte aktiv mitzugestalten. Dies macht uns zu einem 500 Jahre jungen Start Up. Bei uns ist jeder im Team willkommen, der die Leidenschaft für zukunftsweisende Technologien mit uns teilt. Wir sind nicht nur in fast jedem Fahrzeug weltweit vertreten, sondern unsere Produkte finden sich auch in der Luft- und R…",50.74053,eyJhbGciOiJIUzI1NiJ9.eyJpIjoiNTc5NjI5NjYzNSIsInMiOiIybHlUWUtSLThSR3hfcEhkck5HZm1RIn0.OM5FRKI9r4vdHPfg6rV4fe-DqdRk1k6vfKjh9N01s3g,2026-07-11T01:28:35Z,0,"{'area': ['Deutschland', 'Hessen', 'Lahn-Dill-Kreis', 'Dillenburg'], '__CLASS__': 'Adzuna::API::Response::Location', 'display_name': 'Dillenburg, Lahn-Dill-Kreis'}",Duales Studium Softwaretechnologie - Data Science 2027 (m/w/d),"{'display_name': 'Isabellenhütte Heusler GmbH & Co. KG', '__CLASS__': 'Adzuna::API::Response::Company'}",8.28354,,,,
"{'label': 'Unknown', 'tag': 'unknown', '__CLASS__': 'Adzuna::API::Response::Category'}",5775733781,https://www.adzuna.de/land/ad/5775733781?se=2lyTYKR-8RGx_pHdrNGfmQ&utm_medium=api&utm_source=a4bcf954&v=C64166443E4E5037171EF5268ECC4DE15198BD64,Adzuna::API::Response::Job,"Willkommen bei ASMPT. Hier bist du auf dem direkten Weg in das digitale Zeitalter. Mit 12.000 Mitarbeitenden weltweit sind wir technologischer Prozesspartner für die Elektroindustrie und brennen für innovative Automatisierungsstrategien am Puls der Zeit. Mit unseren smarten Lösungen fordern unsere passionierten Teams den technischen Status quo immer wieder heraus und setzen so neue Maßstäbe für die Fertigung von Smartphones, Computern, Netzwerken, autonomen Fahrzeugen, intelligenten Maschinen s…",48.137418,eyJhbGciOiJIUzI1NiJ9.eyJpIjoiNTc3NTczMzc4MSIsInMiOiIybHlUWUtSLThSR3hfcEhkck5HZm1RIn0.b719nN2jWOLfbMESOHkH7qDejG_GixYgxQEuHBBsRjY,2026-06-25T06:23:40Z,0,"{'__CLASS__': 'Adzuna::API::Response::Location', 'area': ['Deutschland', 'Bayern', 'München (Kreis)', 'München'], 'display_name': 'München, München (Kreis)'}",Dualer Student (m/w/d) - Data Science & Scientific Computing Bachelor,"{'__CLASS__': 'Adzuna::API::Response::Company', 'display_name': 'ASMPT GmbH & Co. KG'}",11.555737,,,,
"{'__CLASS__': 'Adzuna::API::Response::Category', 'tag': 'unknown', 'label': 'Unknown'}",5790309444,https://www.adzuna.de/land/ad/5790309444?se=2lyTYKR-8RGx_pHdrNGfmQ&utm_medium=api&utm_source=a4bcf954&v=FEBC0AC78F3844440D942E436F2BD3E4C751E8BF,Adzuna::API::Response::Job,"Auf was wir bei ENCAVIS setzen? Die Sonne. Den Wind. Und auf dich. Willkommen in der Welt von Encavis! Bei uns dreht sich alles um die Kraft der Sonne, des Windes und der konzernweit über 400 Menschen, die gemeinsam das Energiesystem der Zukunft gestalten, um eine nachhaltige Energieversorgung für zukünftige Generationen sicherzustellen. Die ENCAVIS Management GmbH & Co. KG ist die Holding der ENCAVIS GmbH, einem der führenden Stromerzeuger aus Erneuerbaren Energien in Europa. Wir betreiben ein…",53.557429,eyJhbGciOiJIUzI1NiJ9.eyJpIjoiNTc5MDMwOTQ0NCIsInMiOiIybHlUWUtSLThSR3hfcEhkck5HZm1RIn0.kO0j3P0uAf6YubnQr2GS0xNFMpwuQoCOYYfm3hFJfRw,2026-07-07T00:08:00Z,0,"{'display_name': 'Hamburg, Deutschland', 'area': ['Deutschland', 'Hamburg'], '__CLASS__': 'Adzuna::API::Response::Location'}",Berufsbegleitendes Studium - Data Science & Artificial Intelligence (M.Sc.) / Master@Encavis,"{'__CLASS__': 'Adzuna::API::Response::Company', 'display_name': 'ENCAVIS Management GmbH & Co. KG'}",9.987297,,,,
"{'label': 'Vertriebsstellen', 'tag': 'sales-jobs', '__CLASS__': 'Adzuna::API::Response::Category'}",5794418468,https://www.adzuna.de/land/ad/5794418468?se=2lyTYKR-8RGx_pHdrNGfmQ&utm_medium=api&utm_source=a4bcf954&v=9E4044F67B590C24F19A41919AA00DB6F8880BFE,Adzuna::API::Response::Job,"Das Bundesinstitut für Bau-, Stadt- und Raumforschung (BBSR) sucht für das Referat RS 1 „Raumentwicklung“ in Bonn zum nächst­möglichen Zeit­punkt befristet auf drei Jahre eine / einen wissenschaftliche Mitarbeiterin / wissenschaftlichen Mitarbeiter (w/m/d) mit dem Ziel der Promotion im Bereich Spatial Data Science Knr. 054.3-25 Ver­gütung E 13 TVöD Beschäftigungs­art befristet auf drei Jahre Wochen­stunden 39h Arbeits­ort Bonn Bewerbungs­frist 26.07.2026 Das BBSR im Bundesamt für Bauwesen und R…",50.71942,eyJhbGciOiJIUzI1NiJ9.eyJzIjoiMmx5VFlLUi04Ukd4X3BIZHJOR2ZtUSIsImkiOiI1Nzk0NDE4NDY4In0.OEH9rgux6iouaMfdVykcrxAeh8PpJjkPGT8tSZ2Kkko,2026-07-09T21:20:39Z,0,"{'display_name': 'Bonn, Nordrhein-Westfalen', '__CLASS__': 'Adzuna::API::Response::Location', 'area': ['Deutschland', 'Nordrhein-Westfalen', 'Bonn']}",Wissenschaftliche Mitarbeiterin / Wissenschaftlicher Mitarbeiter (w/m/d) mit dem Ziel der Promotion im Bereich Spatial Data Science,"{'__CLASS__': 'Adzuna::API::Response::Company', 'display_name': 'Bundesinstitut für Bau-, Stadt- und Raumforschung '}",7.112412,,,,
"{'__CLASS__': 'Adzuna::API::Response::Category', 'tag': 'unknown', 'label': 'Unknown'}",5778462782,https://www.adzuna.de/land/ad/5778462782?se=2lyTYKR-8RGx_pHdrNGfmQ&utm_medium=api&utm_source=a4bcf954&v=2A0A571378B3B57A0A4EA3EE2727C2EF68B5DAE0,Adzuna::API::Response::Job,"Life is always about becoming… Im Leben geht es darum, sich auf eine Reise zu begeben, um die beste Version unseres zukünftigen Selbst zu werden. Während wir Neues entdecken, stellen wir uns Herausforderungen, meistern sie und wachsen über uns hinaus. Bewerben Sie sich bei Mercedes-Benz und finden Sie den Aufgabenbereich, in dem Sie Ihre Talente individuell entfalten können. Dabei werden Sie von visionären Kolleginnen und Kollegen unterstützt, die Ihren Pioniergeist teilen. Bei uns einzusteigen…",48.745846,eyJhbGciOiJIUzI1NiJ9.eyJpIjoiNTc3ODQ2Mjc4MiIsInMiOiIybHlUWUtSLThSR3hfcEhkck5HZm1RIn0.YDf35HzZmczybmoMNhhr1IbVj8VPwxDQ9gbQcFYhcJM,2026-06-27T04:07:44Z,0,"{'display_name': 'Esslingen am Neckar, Esslingen (Kreis)', '__CLASS__': 'Adzuna::API::Response::Location', 'area': ['Deutschland', 'Baden-Württemberg', 'Esslingen (Kreis)', 'Esslingen am Neckar']}","Duales Studium Wirtschaftsinformatik/Data Science (B.Sc.), Mercedes-Benz Group AG, Stuttgart, 01.10.2027 (m/w/d)","{'display_name': 'Mercedes-Benz Group AG', '__CLASS__': 'Adzuna::API::Response::Company'}",9.315933,,,,
"{'label': 'Unknown', 'tag': 'unknown', '__CLASS__': 'Adzuna::API::Response::Category'}",5744676942,https://www.adzuna.de/land/ad/5744676942?se=2lyTYKR-8RGx_pHdrNGfmQ&utm_medium=api&utm_source=a4bcf954&v=4AAC7479814C5CDB58BFEF3331A7DB0DE7B05FA5,Adzuna::API::Response::Job,"Life is always about becoming… Im Leben geht es darum, sich auf eine Reise zu begeben, um die beste Version unseres zukünftigen Selbst zu werden. Während wir Neues entdecken, stellen wir uns Herausforderungen, meistern sie und wachsen über uns hinaus. Bewerben Sie sich bei Mercedes-Benz und finden Sie den Aufgabenbereich, in dem Sie Ihre Talente individuell entfalten können. Dabei werden Sie von visionären Kolleginnen und Kollegen unterstützt, die Ihren Pioniergeist teilen. Bei uns einzusteigen…",48.383137,eyJhbGciOiJIUzI1NiJ9.eyJpIjoiNTc0NDY3Njk0MiIsInMiOiIybHlUWUtSLThSR3hfcEhkck5HZm1RIn0.4ZQcgbdx7Jpb3fHEpF0TYX0bR0iNmiDPhDDkOxj49l8,2026-05-29T17:01:57Z,0,"{'__CLASS__': 'Adzuna::API::Response::Location', 'area': ['Deutschland', 'Baden-Württemberg', 'Ulm'], 'display_name': 'Ulm, Baden-Württemberg'}",Duales Studium Data Science / Künstliche Intelligenz in Kooperation mit der Dualen Hochschule Baden-Württemberg 2027 (m/w/d/x),"{'__CLASS__': 'Adzuna::API::Response::Company', 'display_name': 'Mercedes-Benz Tech Innovation'}",9.856945,,,,
"{'__CLASS__': 'Adzuna::API::Response::Category', 'tag': 'scientific-qa-jobs', 'label': 'Stellen aus Wissenschaft & Qualitätssicherung'}",5788009845,https://www.adzuna.de/land/ad/5788009845?se=2lyTYKR-8RGx_pHdrNGfmQ&utm_medium=api&utm_source=a4bcf954&v=1C1B3BC5AE90963BB26B13C4EE617424AC3A1A40,Adzuna::API::Response::Job,"Das Bundesinstitut für Bau-, Stadt- und Raum­forschung (BBSR) sucht für das Referat RS 1 „Raumentwicklung“ in Bonn zum nächst­möglichen Zeitpunkt befristet auf drei Jahre eine / einen wissenschaftliche Mitarbeiterin / wissenschaftlichen Mitarbeiter (w/m/d) mit dem Ziel der Promotion im Bereich Spatial Data Science Knr. 188.1-25 Ver­gütung E 13 TVöD Beschäftigungs­art befristet auf drei Jahre Wochen­stunden 39h Arbeits­ort Bonn Bewerbungs­frist 26.07.2026 Das BBSR im Bundesamt für Bauwesen und R…",50.71942,eyJhbGciOiJIUzI1NiJ9.eyJzIjoiMmx5VFlLUi04Ukd4X3BIZHJOR2ZtUSIsImkiOiI1Nzg4MDA5ODQ1In0.CPy3a7gqfdCP05YUeE0TvvWfPoDB6DczYWAr4s8goyQ,2026-07-04T14:30:34Z,0,"{'display_name': 'Bonn, Nordrhein-Westfalen', 'area': ['Deutschland', 'Nordrhein-Westfalen', 'Bonn'], '__CLASS__': 'Adzuna::API::Response::Location'}",Wissenschaftliche Mitarbeiterin / wissenschaftlicher Mitarbeiter (w/m/d) mit dem Ziel der Promotion im Bereich Spatial Data Science,"{'__CLASS__': 'Adzuna::API::Response::Company', 'display_name': 'Bundesinstitut für Bau-, Stadt- und Raumforschung '}",7.112412,,,,
"{'label': 'Sonstige/Allgemeine Stellen', 'tag': 'other-general-jobs', '__CLASS__': 'Adzuna::API::Response::Category'}",5792778701,https://www.adzuna.de/land/ad/5792778701?se=2lyTYKR-8RGx_pHdrNGfmQ&utm_medium=api&utm_source=a4bcf954&v=8EF25D74C2CF021319B2F568B5DFA3C770933A83,Adzuna::API::Response::Job,"Kärcher ist der weltweit führende Anbieter von Reinigungstechnik und steht für Qualität, Innovation und Nachhaltigkeit. Diesen Erfolg verdanken wir unseren über 3.700 Mitarbeitenden in Winnenden und in Bühlertal und dem einzigartigen Kärcher-WOW-Gefühl. Als Familienunternehmen mit gefestigten Unternehmensstrukturen überzeugen wir durch WOW-tastische Karriereperspektiven, ein vertrauensvolles Arbeitsklima und tolle Kolleg*innen. Aufgaben Wir schaffen mit dir gemeinsam eine solide Basis für deine…",48.776198,eyJhbGciOiJIUzI1NiJ9.eyJpIjoiNTc5Mjc3ODcwMSIsInMiOiIybHlUWUtSLThSR3hfcEhkck5HZm1RIn0.26_eQv71yXtVigrba4pA8TiDYANfTcEBBYfDa532RSs,2026-07-08T17:39:22Z,0,"{'display_name': 'Stuttgart, Baden-Württemberg', 'area': ['Deutschland', 'Baden-Württemberg', 'Stuttgart'], '__CLASS__': 'Adzuna::API::Response::Location'}",Bachelor of Science (DHBW) Data Science und Künstliche Intelligenz (m/w/d) Standort Winnenden 2026,"{'__CLASS__': 'Adzuna::API::Response::Company', 'display_name': 'Alfred Kärcher SE & Co. KG'}",9.187224,,,,
"{'label': 'Stellen aus Gastronomie & Catering', 'tag': 'hospitality-catering-jobs', '__CLASS__': 'Adzuna::API::Response::Category'}",5769224016,https://www.adzuna.de/land/ad/5769224016?se=2lyTYKR-8RGx_pHdrNGfmQ&utm_medium=api&utm_source=a4bcf954&v=0CBE58766F7271E596F1D0041EF7C0033C10DF28,Adzuna::API::Response::Job,"About us Zenjob is an AI-powered flexible staffing platform that has efficiently connected companies and temporary workers since 2015. Companies use our platform to book ready-to-work staff in real time, while students use our app to find part-time jobs that conveniently fit around their studies. Over 40,000 students and 1,000 partner companies from logistics, retail, and hospitality in all major German cities share our belief that good work is not a coincidence. It is the result of innovative …",52.507706,eyJhbGciOiJIUzI1NiJ9.eyJpIjoiNTc2OTIyNDAxNiIsInMiOiIybHlUWUtSLThSR3hfcEhkck5HZm1RIn0.-y-aesJVwBWxoyHZdY4yiQ0NL5_f7P5zlZYrFZWcj8w,2026-06-19T11:24:10Z,0,"{'area': ['Deutschland', 'Berlin'], '__CLASS__': 'Adzuna::API::Response::Location', 'display_name': 'Berlin, Deutschland'}",Head of Analytics and Data Science,"{'display_name': 'Zenjob SE', '__CLASS__': 'Adzuna::API::Response::Company'}",13.420806,full_time,,,
"{'label': 'Unknown', '__CLASS__': 'Adzuna::API::Response::Category', 'tag': 'unknown'}",5773180657,https://www.adzuna.de/land/ad/5773180657?se=2lyTYKR-8RGx_pHdrNGfmQ&utm_medium=api&utm_source=a4bcf954&v=F7E4B02796FC3B42E86AF53B6F66CFD537092B41,Adzuna::API::Response::Job,"Life is always about becoming… Im Leben geht es darum, sich auf eine Reise zu begeben, um die beste Version unseres zukünftigen Selbst zu werden. Während wir Neues entdecken, stellen wir uns Herausforderungen, meistern sie und wachsen über uns hinaus. Bewerben Sie sich bei Mercedes-Benz und finden Sie den Aufgabenbereich, in dem Sie Ihre Talente individuell entfalten können. Dabei werden Sie von visionären Kolleginnen und Kollegen unterstützt, die Ihren Pioniergeist teilen. Bei uns einzusteigen…",48.776198,eyJhbGciOiJIUzI1NiJ9.eyJpIjoiNTc3MzE4MDY1NyIsInMiOiIybHlUWUtSLThSR3hfcEhkck5HZm1RIn0.6wZXLjo5HaMyX7EWRub3FreNVShUih3p_P1mqlOyNj8,2026-06-23T06:22:03Z,0,"{'area': ['Deutschland', 'Baden-Württemberg', 'Stuttgart'], '__CLASS__': 'Adzuna::API::Response::Location', 'display_name': 'Stuttgart, Baden-Württemberg'}",Duales Studium Data Science / Künstliche Intelligenz in Kooperation mit der Dualen Hochschule Baden-Württemberg 2027 (m/w/d/x),"{'__CLASS__': 'Adzuna::API::Response::Company', 'display_name': 'Mercedes-Benz Tech Innovation'}",9.187224,,,,
"{'label': 'Stellen aus Wissenschaft & Qualitätssicherung', 'tag': 'scientific-qa-jobs', '__CLASS__': 'Adzuna::API::Response::Category'}",5792008829,https://www.adzuna.de/land/ad/5792008829?se=2lyTYKR-8RGx_pHdrNGfmQ&utm_medium=api&utm_source=a4bcf954&v=7E13CDE5D491031A6AE00C296935786C08A2DE84,Adzuna::API::Response::Job,"Du willst mehr als Uni und möchtest erste Berufseinblicke und Kontakte knüpfen? Dann bist du hier richtig! Als Werkstudent oder Praktikant bei Kaufland gehörst du von Beginn an zu einem starken Team und kannst zeigen, was in dir steckt. Werde auch du Teil von teamkaufland! Aufgaben Wir zählen auf dich: Du unterstützt unser Team bei der Bearbeitung unserer Analytics Use Cases entlang der gesamten Wertschöpfungskette bei Kaufland. Vielfältige Aufgaben? Na klar: Lerne unsere Projekte und Arbeitswe…",49.142335,eyJhbGciOiJIUzI1NiJ9.eyJzIjoiMmx5VFlLUi04Ukd4X3BIZHJOR2ZtUSIsImkiOiI1NzkyMDA4ODI5In0.AlaJiXQjK7938YQdEpRJCvMY-vWz0DVK-gyS6BjL5gg,2026-07-08T06:44:02Z,0,"{'area': ['Deutschland', 'Baden-Württemberg', 'Heilbronn (Kreis)', 'Heilbronn'], '__CLASS__': 'Adzuna::API::Response::Location', 'display_name': 'Heilbronn, Heilbronn (Kreis)'}",Praktikant Data Science (m/w/d),"{'display_name': 'Kaufland', '__CLASS__': 'Adzuna::API::Response::Company'}",9.209895,,,,
"{'label': 'IT-Stellen', '__CLASS__': 'Adzuna::API::Response::Category', 'tag': 'it-jobs'}",5737802896,https://www.adzuna.de/land/ad/5737802896?se=2lyTYKR-8RGx_pHdrNGfmQ&utm_medium=api&utm_source=a4bcf954&v=2E8EAD72D4DD1ADC2FEE9DC31D55C0F547A628C8,Adzuna::API::Response::Job,"Ready for a challenge? That’s good, because at Just Eat Takeaway.com (JET) we have abundant opportunity, or, as we say, everything is on the table. We are a leading global online food delivery marketplace. Our tech ecosystem connects millions of active customers with hundreds of thousands of connected partners in countries across the globe. Our mission? To empower every food moment around the world, whether it’s through customer service, coding or couriers. About this role As the Senior Team Le…",52.4984,eyJhbGciOiJIUzI1NiJ9.eyJzIjoiMmx5VFlLUi04Ukd4X3BIZHJOR2ZtUSIsImkiOiI1NzM3ODAyODk2In0.EJPIzReARIGn5QHZ--v9KzYj8KUIIAC93hvDx-5r5jw,2026-05-22T19:45:33Z,0,"{'display_name': 'Kreuzberg, Berlin', '__CLASS__': 'Adzuna::API::Response::Location', 'area': ['Deutschland', 'Berlin', 'Kreuzberg']}",Data Science Team Leader,"{'display_name': 'Lieferando', '__CLASS__': 'Adzuna::API::Response::Company'}",13.396,,,,
"{'__CLASS__': 'Adzuna::API::Response::Category', 'tag': 'it-jobs', 'label': 'IT-Stellen'}",5737802892,https://www.adzuna.de/land/ad/5737802892?se=2lyTYKR-8RGx_pHdrNGfmQ&utm_medium=api&utm_source=a4bcf954&v=989E3C32315518121034C3569565D8605DB07B1F,Adzuna::API::Response::Job,"Ready for a challenge? That’s good, because at Just Eat Takeaway.com (JET) we have abundant opportunity, or, as we say, everything is on the table. We are a leading global online food delivery marketplace. Our tech ecosystem connects millions of active customers with hundreds of thousands of connected partners in countries across the globe. Our mission? To empower every food moment around the world, whether it’s through customer service, coding or couriers. About this role As the Senior Team Le…",52.63864,eyJhbGciOiJIUzI1NiJ9.eyJpIjoiNTczNzgwMjg5MiIsInMiOiIybHlUWUtSLThSR3hfcEhkck5HZm1RIn0.alooOruGRIc5VIn6qvSuKhe3mSdUCqizeBwwCu-j_gA,2026-05-22T19:45:33Z,0,"{'area': ['Deutschland', 'Brandenburg', 'Oberhavel (Kreis)', 'Hennigsdorf'], '__CLASS__': 'Adzuna::API::Response::Location', 'display_name': 'Hennigsdorf, Oberhavel (Kreis)'}",Data Science Team Leader,"{'display_name': 'Lieferando', '__CLASS__': 'Adzuna::API::Response::Company'}",13.20942,,,,
"{'label': 'Unknown', '__CLASS__': 'Adzuna::API::Response::Category', 'tag': 'unknown'}",5783437894,https://www.adzuna.de/land/ad/5783437894?se=2lyTYKR-8RGx_pHdrNGfmQ&utm_medium=api&utm_source=a4bcf954&v=6E5121615F430E59163E7F7F2ACF1978BC751E49,Adzuna::API::Response::Job,"Hinweis: Dieser Studiengang wird als Studium mit vertiefter Praxis angeboten. Du liebst es, Ursachen für Probleme zu entdecken und Lösungen zu finden und möchtest an Zukunftsthemen arbeiten? Du hast eine Leidenschaft für IT und Digitalisierung? Dann ist dieses Studium genau das Richtige für dich. Denn du bist Expert:in dafür, riesige Datenmengen zu bändigen und daraus Vorhersagen abzuleiten. Egal ob Entwicklungsdaten oder Daten unserer Kund:innen, du weißt wo du die richtigen Infos findest und …",48.62848,eyJhbGciOiJIUzI1NiJ9.eyJpIjoiNTc4MzQzNzg5NCIsInMiOiIybHlUWUtSLThSR3hfcEhkck5HZm1RIn0.xg6r_McsTkQ4VRrxvkBWN88KIqlYYXxWFFDd5i-sdOc,2026-07-01T11:56:48Z,0,"{'display_name': 'Dingolfing, Dingolfing-Landau (Kreis)', 'area': ['Deutschland', 'Bayern', 'Dingolfing-Landau (Kreis)', 'Dingolfing'], '__CLASS__': 'Adzuna::API::Response::Location'}",Dualer Student Data Science & Scientific Computing (w/m/x),"{'__CLASS__': 'Adzuna::API::Response::Company', 'display_name': 'BMW Group'}",12.49782,,,,
"{'__CLASS__': 'Adzuna::API::Response::Category', 'tag': 'unknown', 'label': 'Unknown'}",5783437918,https://www.adzuna.de/land/ad/5783437918?se=2lyTYKR-8RGx_pHdrNGfmQ&utm_medium=api&utm_source=a4bcf954&v=245A1CADE53774FB5A20A860210BDF0709F19C1D,Adzuna::API::Response::Job,"Hinweis: Dieser Studiengang wird als Studium mit vertiefter Praxis angeboten. Du liebst es, Ursachen für Probleme zu entdecken und Lösungen zu finden und möchtest an Zukunftsthemen arbeiten? Du hast eine Leidenschaft für IT und Digitalisierung? Dann ist dieses Studium genau das Richtige für dich. Denn du bist Expert:in dafür, riesige Datenmengen zu bändigen und daraus Vorhersagen abzuleiten. Egal ob Entwicklungsdaten oder Daten unserer Kund:innen, du weißt wo du die richtigen Infos findest und …",48.18446,eyJhbGciOiJIUzI1NiJ9.eyJzIjoiMmx5VFlLUi04Ukd4X3BIZHJOR2ZtUSIsImkiOiI1NzgzNDM3OTE4In0.CzMQfjOtOmWP6xoYVZBJlF0WU4guVEIijLZwJ3ZsE5c,2026-07-01T11:56:48Z,0,"{'display_name': 'Milbertshofen-Am Hart, München', 'area': ['Deutschland', 'Bayern', 'München (Kreis)', 'München', 'Milbertshofen-Am Hart'], '__CLASS__': 'Adzuna::API::Response::Location'}",Dualer Student Data Science & Scientific Computing (w/m/x),"{'display_name': 'BMW Group', '__CLASS__': 'Adzuna::API::Response::Company'}",11.57287,,,,
"{'tag': 'pr-advertising-marketing-jobs', '__CLASS__': 'Adzuna::API::Response::Category', 'label': 'Stellen aus PR, Werbung & Marketing'}",5792917345,https://www.adzuna.de/land/ad/5792917345?se=2lyTYKR-8RGx_pHdrNGfmQ&utm_medium=api&utm_source=a4bcf954&v=56EA5CB1ED06D1CC9C385C2C6C7694A720265F61,Adzuna::API::Response::Job,"Life is always about becoming… Im Leben geht es darum, sich auf eine Reise zu begeben, um die beste Version unseres zukünftigen Selbst zu werden. Während wir Neues entdecken, stellen wir uns Herausforderungen, meistern sie und wachsen über uns hinaus. Bewerben Sie sich bei Mercedes-Benz und finden Sie den Aufgabenbereich, in dem Sie Ihre Talente individuell entfalten können. Dabei werden Sie von visionären Kolleginnen und Kollegen unterstützt, die Ihren Pioniergeist teilen. Bei uns einzusteigen…",48.776198,eyJhbGciOiJIUzI1NiJ9.eyJzIjoiMmx5VFlLUi04Ukd4X3BIZHJOR2ZtUSIsImkiOiI1NzkyOTE3MzQ1In0.6cm5LVgSYVK4JWJq8qR8MlAlz_M8gZqJ28UA8uLmLvQ,2026-07-08T18:58:43Z,0,"{'display_name': 'Stuttgart, Baden-Württemberg', '__CLASS__': 'Adzuna::API::Response::Location', 'area': ['Deutschland', 'Baden-Württemberg', 'Stuttgart']}",Praktikant*in Data Science und KI im digitalen Marketing (Pflicht-Praktikum),"{'__CLASS__': 'Adzuna::API::Response::Company', 'display_name': 'Mercedes-Benz AG'}",9.187224,,,,
"{'__CLASS__': 'Adzuna::API::Response::Category', 'tag': 'other-general-jobs', 'label': 'Sonstige/Allgemeine Stellen'}",5783693454,https://www.adzuna.de/land/ad/5783693454?se=2lyTYKR-8RGx_pHdrNGfmQ&utm_medium=api&utm_source=a4bcf954&v=8C74F94E84468F5571C64328B561AAF11A28788F,Adzuna::API::Response::Job,"Duales Studium Data Science und Künstliche Intelligenz 2027 Standort: Bad Friedrichshall Abteilung / Bereich: Ausbildung/Duales Studium/Abiturientenprogramm Level: Duales Studium Referenznummer: 3566 Als weltweit agierendes Unternehmen benötigen wir eine IT-Landschaft, die jederzeit reibungslos funktioniert, sich stets auf dem neuesten Stand der Technik befindet und sich an den Bedürfnissen unserer Kunden innerhalb der Unternehmen der Schwarz Gruppe orientiert. An der Schnittstelle zwischen Dat…",49.2291,eyJhbGciOiJIUzI1NiJ9.eyJpIjoiNTc4MzY5MzQ1NCIsInMiOiIybHlUWUtSLThSR3hfcEhkck5HZm1RIn0.-uvkYXhVgnhFlo9aRVwqqR-dQpnuGTPco2RSzeNuaew,2026-07-01T14:49:32Z,0,"{'display_name': 'Bad Friedrichshall, Heilbronn (Kreis)', 'area': ['Deutschland', 'Baden-Württemberg', 'Heilbronn (Kreis)', 'Bad Friedrichshall'], '__CLASS__': 'Adzuna::API::Response::Location'}",Duales Studium Data Science und Künstliche Intelligenz 2027 (m/w/d),"{'__CLASS__': 'Adzuna::API::Response::Company', 'display_name': 'Schwarz Digits'}",9.21629,full_time,,,
"{'tag': 'other-general-jobs', '__CLASS__': 'Adzuna::API::Response::Category', 'label': 'Sonstige/Allgemeine Stellen'}",5771706769,https://www.adzuna.de/land/ad/5771706769?se=2lyTYKR-8RGx_pHdrNGfmQ&utm_medium=api&utm_source=a4bcf954&v=3FDFBD4384F4A6313DEE331D8D7CB13094ADBED7,Adzuna::API::Response::Job,"Arbeit anders leben Die Stelle ist befristet auf 12 Monate, mit Option auf Verlängerung, in Teilzeit (15-20 Std. / Woche) zu besetzen. Das Team Marktforschung vereint Spezialisten aus den Bereichen qualitativer und quantitativer Forschung, Social Listening und Trendanalysen sowie Data Science. Wir kümmern uns um maßgeschneiderte Analysen für Fragestellungen rund um die dm Eigenmarken, unser Sortiment und die Kommunikation. Auf der Grundlage methodischer Exzellenz und thematischer Expertise unte…",49.01336,eyJhbGciOiJIUzI1NiJ9.eyJpIjoiNTc3MTcwNjc2OSIsInMiOiIybHlUWUtSLThSR3hfcEhkck5HZm1RIn0.hVKxHAS68UrlBQBW1hWJAqXGRKTZYPvdK2Y77eLJXtE,2026-06-21T14:30:01Z,0,"{'display_name': 'Innenstadt, Karlsruhe', 'area': ['Deutschland', 'Baden-Württemberg', 'Karlsruhe (Kreis)', 'Karlsruhe', 'Innenstadt'], '__CLASS__': 'Adzuna::API::Response::Location'}",Werkstudent Data Science - Marktforschung (w/m/d),"{'__CLASS__': 'Adzuna::API::Response::Company', 'display_name': 'dm-drogerie markt GmbH + Co. KG'}",8.38979,part_time,,,
"{'label': 'Stellen aus PR, Werbung & Marketing', 'tag': 'pr-advertising-marketing-jobs', '__CLASS__': 'Adzuna::API::Response::Category'}",5747709587,https://www.adzuna.de/land/ad/5747709587?se=2lyTYKR-8RGx_pHdrNGfmQ&utm_medium=api&utm_source=a4bcf954&v=2B20F8D4BD4180ADC3551B5C5182F4F6D5D8B035,Adzuna::API::Response::Job,"Als Deutsche Zentrale Fachbibliothek für Technik und Naturwissenschaften sichern wir mit unseren zukunftsweisenden Dienstleistungen die infrastrukturellen Voraussetzungen einer qualitativ hochwertigen Informations- und Literaturversorgung für Forschung in Wissenschaft und Industrie. Mit dem Open Research Knowledge Graph (ORKG) arbeiten wir daran, den Austausch und die Nutzung wissenschaftlicher Erkenntnisse im digitalen Zeitalter zu revolutionieren. Die Technische Informationsbibliothek (TIB) ,…",52.378818,eyJhbGciOiJIUzI1NiJ9.eyJzIjoiMmx5VFlLUi04Ukd4X3BIZHJOR2ZtUSIsImkiOiI1NzQ3NzA5NTg3In0.5F6cIdoMzNODMl7pWzrzfq3b3U4KcVOz_sNDQJQMTpI,2026-06-01T17:03:30Z,0,"{'display_name': 'Hannover, Region Hannover (Kreis)', '__CLASS__': 'Adzuna::API::Response::Location', 'area': ['Deutschland', 'Niedersachsen', 'Region Hannover (Kreis)', 'Hannover']}",Postdoc / Wissenschaftliche:r Mitarbeiter:in - KI für wissenschaftliche Kommunikation und Wissensgraphen (m/w/d),"{'__CLASS__': 'Adzuna::API::Response::Company', 'display_name': 'Technische Informationsbibliothek '}",9.742751,,,,
"{'tag': 'unknown', '__CLASS__': 'Adzuna::API::Response::Category', 'label': 'Unknown'}",5795631322,https://www.adzuna.de/land/ad/5795631322?se=2lyTYKR-8RGx_pHdrNGfmQ&utm_medium=api&utm_source=a4bcf954&v=93B9C5BDBFBB7EF211643F4B772BC22893443A53,Adzuna::API::Response::Job,"Die Hochschule Esslingen steht für exzellente, praxisorientierte Lehre und innovative Forschung in den Bereichen Technik, Wirtschaft und Soziales. Im Herzen der Region Stuttgart bieten wir ein großes Netzwerk an Partnern im In- und Ausland. Unsere Erfolge zeigen sich in zahlreichen Rankings der besten deutschen Hochschulen für angewandte Wissenschaften. Möchten Sie sich in innovativer Forschung und Lehre entfalten und mit Ihrem Wissen Studierende anleiten? Professur (W2): Angewandte KI im Ingen…",48.646054,eyJhbGciOiJIUzI1NiJ9.eyJzIjoiMmx5VFlLUi04Ukd4X3BIZHJOR2ZtUSIsImkiOiI1Nzk1NjMxMzIyIn0.OCglCArkqHd3NCEgrl_3-XyBDNMltuJa1mJi2qQvmA8,2026-07-10T15:05:48Z,0,"{'display_name': 'Esslingen (Kreis), Baden-Württemberg', 'area': ['Deutschland', 'Baden-Württemberg', 'Esslingen (Kreis)'], '__CLASS__': 'Adzuna::API::Response::Location'}",Professur (W2): Angewandte KI im Ingenieurwesen,"{'display_name': 'Hochschule Esslingen', '__CLASS__': 'Adzuna::API::Response::Company'}",9.369233,,,,
"{'__CLASS__': 'Adzuna::API::Response::Category', 'tag': 'part-time-jobs', 'label': 'Teilzeitstellen'}",5750397165,https://www.adzuna.de/land/ad/5750397165?se=2lyTYKR-8RGx_pHdrNGfmQ&utm_medium=api&utm_source=a4bcf954&v=C914835A5535ED1A2EDA46F1E53ECAC2CB81E252,Adzuna::API::Response::Job,"Einleitung Eine gute Idee war der Ursprung, ein erfolgreiches Konzept ist das Ergebnis. Qualität zum guten Preis möglichst vielen Menschen anbieten zu können treibt uns an - mittlerweile weltweit, denn wir sind Lidl. Hier ist das berufliche Zuhause vielfältiger Talente. Ob im Einkauf, in der Logistik, im Warengeschäft oder in der IT; ob als Impulsgeber, Gestalter oder Dienstleister der Länder. Wir suchen Anpacker, Durchstarter, Möglichmacher und bieten spannende Aufgaben und Projekte in einem d…",49.18975,eyJhbGciOiJIUzI1NiJ9.eyJzIjoiMmx5VFlLUi04Ukd4X3BIZHJOR2ZtUSIsImkiOiI1NzUwMzk3MTY1In0.vc_1TUtCtd5Vpv66AOMtTIwfjTYVT-PZsH_2svvewwc,2026-06-03T11:42:39Z,0,"{'display_name': 'Neckarsulm, Heilbronn (Kreis)', 'area': ['Deutschland', 'Baden-Württemberg', 'Heilbronn (Kreis)', 'Neckarsulm'], '__CLASS__': 'Adzuna::API::Response::Location'}",Duales Studium Wirtschaftsinformatik - Data Science 2027,"{'display_name': 'Lidl', '__CLASS__': 'Adzuna::API::Response::Company'}",9.2274,,,,
"{'__CLASS__': 'Adzuna::API::Response::Category', 'tag': 'unknown', 'label': 'Unknown'}",5797137823,https://www.adzuna.de/land/ad/5797137823?se=2lyTYKR-8RGx_pHdrNGfmQ&utm_medium=api&utm_source=a4bcf954&v=EB986F0F7CAFFBF69122F78DCAA0D9005A3274EE,Adzuna::API::Response::Job,"Wir sind ein dynamisches und leistungsstarkes Unternehmen der kosmetischen und pharmazeutischen Industrie. Neben der nach GMP-Richtlinien zertifizierten eigenen Produktion für unsere Gesichts-, Körper-, Haarpflegeprodukte und dekorativen Kosmetik legen wir großen Wert auf unser Qualitätsmerkmal ""Made in Germany"". Jährlich werden unsere innovativen Apothekenprodukte mit Preisen wie ""Beste Neueinführung"" oder ""Top Marke"" ausgezeichnet. Zur Verstärkung unseres IT-Teams suchen wir zum nächstmöglich…",49.31944,eyJhbGciOiJIUzI1NiJ9.eyJzIjoiMmx5VFlLUi04Ukd4X3BIZHJOR2ZtUSIsImkiOiI1Nzk3MTM3ODIzIn0.I2M-ShR-bHiB8OY7-PNCeUTzzjxfI8lWh_il3OeUrSw,2026-07-11T21:21:45Z,0,"{'__CLASS__': 'Adzuna::API::Response::Location', 'area': ['Deutschland', 'Saarland', 'Saarpfalz-Kreis', 'Homburg'], 'display_name': 'Homburg, Saarpfalz-Kreis'}",Solution Consultant KI-Plattformen (m/w/d),"{'__CLASS__': 'Adzuna::API::Response::Company', 'display_name': 'Dr. Theiss Naturwaren GmbH'}",7.3341,,,,
"{'tag': 'part-time-jobs', '__CLASS__': 'Adzuna::API::Response::Category', 'label': 'Teilzeitstellen'}",5776991573,https://www.adzuna.de/land/ad/5776991573?se=2lyTYKR-8RGx_pHdrNGfmQ&utm_medium=api&utm_source=a4bcf954&v=333B251EC63C28872D35E9BBDEE132B1419089E5,Adzuna::API::Response::Job,"Dein Berufsbild: Du möchtest irgendwas mit Mathe machen und findest die Wirtschaftswelt spannend? Dann entscheide dich für ein Studium in Data Science und Künstliche Intelligenz und hol alles aus den Daten heraus. Data Science und Künstliche Intelligenz Spezialisten (w/m/d) sind die Schnittstelle zwischen IT und Business. Sie beherrschen die verschiedenen Technologien, bewerten deren Potenziale und wissen, wie man sie technisch umsetzt. In deinem dualen Studium erlernst du die Grundlagen, Konze…",50.129683,eyJhbGciOiJIUzI1NiJ9.eyJpIjoiNTc3Njk5MTU3MyIsInMiOiIybHlUWUtSLThSR3hfcEhkck5HZm1RIn0.bE8S17rYg29lhC8-1nmy3ACLMWIGHq1CFOG-FlKbdYo,2026-06-26T01:42:46Z,0,"{'__CLASS__': 'Adzuna::API::Response::Location', 'area': ['Deutschland', 'Hessen', 'Frankfurt am Main'], 'display_name': 'Frankfurt am Main, Hessen'}",Data Science und Künstliche Intelligenz (B.Sc.) 2027,"{'__CLASS__': 'Adzuna::API::Response::Company', 'display_name': 'Siemens AG'}",8.650578,,,,
"{'tag': 'part-time-jobs', '__CLASS__': 'Adzuna::API::Response::Category', 'label': 'Teilzeitstellen'}",5767328897,https://www.adzuna.de/land/ad/5767328897?se=2lyTYKR-8RGx_pHdrNGfmQ&utm_medium=api&utm_source=a4bcf954&v=035D23A311258786BF2486F5AFEF4CF66CBAE58C,Adzuna::API::Response::Job,"Dein Berufsbild: Du möchtest irgendwas mit Mathe und Programmieren machen und findest Technologien der Zukunft spannend? Dann entscheide dich für den Studiengang Data Science und Künstliche Intelligenz und hol alles aus den Daten heraus. In deinem Beruf bist du die Schnittstelle zwischen IT und Business. Du beherrschst die verschiedenen Technologien, bewertest deren Potenziale und weißt, wie man sie technisch umsetzt. In deinem dualen Studium erlernst du die Grundlagen, Konzepte und Methoden de…",49.001249,eyJhbGciOiJIUzI1NiJ9.eyJpIjoiNTc2NzMyODg5NyIsInMiOiIybHlUWUtSLThSR3hfcEhkck5HZm1RIn0.UetM5R4EfZB-dLMlnVzFsmYoUbjI6XrXgNZJCyJcHtM,2026-06-18T01:08:56Z,0,"{'area': ['Deutschland', 'Baden-Württemberg', 'Karlsruhe (Kreis)', 'Karlsruhe'], '__CLASS__': 'Adzuna::API::Response::Location', 'display_name': 'Karlsruhe, Karlsruhe (Kreis)'}",Data Science und Künstliche Intelligenz (B.Sc.) 2027,"{'__CLASS__': 'Adzuna::API::Response::Company', 'display_name': 'Siemens AG'}",8.412378,,,,
"{'label': 'Teilzeitstellen', 'tag': 'part-time-jobs', '__CLASS__': 'Adzuna::API::Response::Category'}",5785412191,https://www.adzuna.de/land/ad/5785412191?se=2lyTYKR-8RGx_pHdrNGfmQ&utm_medium=api&utm_source=a4bcf954&v=D0A77CD380C46F611C880989E79CBA2570403C30,Adzuna::API::Response::Job,"Dein Berufsbild: Du möchtest irgendwas mit Mathe und Programmieren machen und findest Technologien der Zukunft spannend? Dann entscheide dich für den Studiengang Data Science und Künstliche Intelligenz und hol alles aus den Daten heraus. In deinem Beruf bist du die Schnittstelle zwischen IT und Business. Du beherrschst die verschiedenen Technologien, bewertest deren Potenziale und weißt, wie man sie technisch umsetzt. In deinem dualen Studium erlernst du die Grundlagen, Konzepte und Methoden de…",50.940164,eyJhbGciOiJIUzI1NiJ9.eyJpIjoiNTc4NTQxMjE5MSIsInMiOiIybHlUWUtSLThSR3hfcEhkck5HZm1RIn0.mUNORsP15R7hsJZ_bgB9nR381_YoZeKzryZq2zSLLfY,2026-07-02T14:03:32Z,0,"{'display_name': 'Köln, Nordrhein-Westfalen', '__CLASS__': 'Adzuna::API::Response::Location', 'area': ['Deutschland', 'Nordrhein-Westfalen', 'Köln']}",Data Science und Künstliche Intelligenz (B.Sc.) 2027,"{'display_name': 'Siemens AG', '__CLASS__': 'Adzuna::API::Response::Company'}",6.969972,,,,
"{'label': 'Teilzeitstellen', 'tag': 'part-time-jobs', '__CLASS__': 'Adzuna::API::Response::Category'}",5776221804,https://www.adzuna.de/land/ad/5776221804?se=2lyTYKR-8RGx_pHdrNGfmQ&utm_medium=api&utm_source=a4bcf954&v=496F0D5CC95E9EA60CFB834C492F2FA74AC23E97,Adzuna::API::Response::Job,"Dieser Studiengang bereitet Dich darauf vor, den digitalen Wandel in Unternehmen voranzutreiben und aktiv mitzugestalten. Dazu werden Grundlagen der Informatik und der Wirtschaftsinformatik mit Kerninhalten der Data Science kombiniert. Themen wie Cloud Computing, Big Data, Visual Analytics und AI spielen hier eine große Rolle. Du lernst den Umgang und die Interpretation von großen Datenmengen, deren Darstellung, und das Training von AI-Modellen. Deine Ideen und Projekte kannst du dabei direkt i…",47.759752,eyJhbGciOiJIUzI1NiJ9.eyJzIjoiMmx5VFlLUi04Ukd4X3BIZHJOR2ZtUSIsImkiOiI1Nzc2MjIxODA0In0.1E7Tk7C4h8VEtQ4iWXV6jJCjK4NcCG2_zjsuTSPEqnY,2026-06-25T13:38:21Z,0,"{'display_name': 'Ravensburg, Ravensburg (Kreis)', 'area': ['Deutschland', 'Baden-Württemberg', 'Ravensburg (Kreis)', 'Ravensburg'], '__CLASS__': 'Adzuna::API::Response::Location'}",Duales Studium (DHBW) Data Science und Künstliche Intelligenz,"{'display_name': 'EBZ SE', '__CLASS__': 'Adzuna::API::Response::Company'}",9.560146,,,,
"{'__CLASS__': 'Adzuna::API::Response::Category', 'tag': 'part-time-jobs', 'label': 'Teilzeitstellen'}",5770589039,https://www.adzuna.de/land/ad/5770589039?se=2lyTYKR-8RGx_pHdrNGfmQ&utm_medium=api&utm_source=a4bcf954&v=681BE7A3D03AC6F297C387CC551FF08EF9980009,Adzuna::API::Response::Job,"Duales Studium– unser Erfolgsrezept: Theorie und Praxis verbinden! Werde bei Transgourmet zur KI-Koryphäe: Duübernimmst Initiative in schmackhaften Projekten, bei denen du marktfrische, innovative Ansätze direkt aus deinem Studium einbringst. Du erhältst Einblicke in die Geheimnisse der kulinarischen Datenwelt eines modernen Lebensmittelgroßhändlers: Prozessveredelungá la IT: Optimiere mit uns die digitalen Kochprozesse in unserem Unternehmen, automatisiere Abläufe und würze die Systeme mit Kün…",49.80341,eyJhbGciOiJIUzI1NiJ9.eyJpIjoiNTc3MDU4OTAzOSIsInMiOiIybHlUWUtSLThSR3hfcEhkck5HZm1RIn0.w-YvQDZTip0bHaFA6ft0qiUVoQnj0WCml9p3WYUHx-I,2026-06-20T12:53:08Z,0,"{'__CLASS__': 'Adzuna::API::Response::Location', 'area': ['Deutschland', 'Hessen', 'Groß-Gerau (Kreis)', 'Riedstadt'], 'display_name': 'Riedstadt, Groß-Gerau (Kreis)'}",Duales Studium Data Science&Künstliche Intelligenz 2027,"{'__CLASS__': 'Adzuna::API::Response::Company', 'display_name': 'Transgourmet Deutschland GmbH&Co. OHG'}",8.53563,,,,
"{'tag': 'unknown', '__CLASS__': 'Adzuna::API::Response::Category', 'label': 'Unknown'}",5776565300,https://www.adzuna.de/land/ad/5776565300?se=2lyTYKR-8RGx_pHdrNGfmQ&utm_medium=api&utm_source=a4bcf954&v=C92B1946CF6D4D2C86A1BE4B671F12FC1443A613,Adzuna::API::Response::Job,"Die 1607 gegründete Justus-Liebig-Universität Gießen (JLU) ist eine traditionsreiche Forschungsuniversität. Inspiriert von der Neugier auf das Unbekannte ermöglichen wir rund 25.000 Studierenden und 5.800 Beschäftigten, Wissenschaft für die Gesellschaft voranzutreiben. Gehen Sie zusammen mit uns neue Wege und schreiben Sie Erfolgsgeschichten – Ihre eigene und die der Universität. Unterstützen Sie uns ab dem nächstmöglichen Zeitpunkt in Teilzeit (70 %) als Wissenschaftliche/r Mitarbeiter/in (m/w…",50.583286,eyJhbGciOiJIUzI1NiJ9.eyJzIjoiMmx5VFlLUi04Ukd4X3BIZHJOR2ZtUSIsImkiOiI1Nzc2NTY1MzAwIn0.D7-NfH_gqdvoDYX_Mi6cpozdgmK7Q3LWinBgE8lsm-0,2026-06-25T20:41:21Z,0,"{'__CLASS__': 'Adzuna::API::Response::Location', 'area': ['Deutschland', 'Hessen', 'Gießen (Kreis)', 'Gießen'], 'display_name': 'Gießen, Gießen (Kreis)'}",Wissenschaftliche/r Mitarbeiter/in (m/w/d) Data Science & Social Media Analysis,"{'__CLASS__': 'Adzuna::API::Response::Company', 'display_name': 'Justus-Liebig-Universität Gießen'}",8.679778,,,,
"{'__CLASS__': 'Adzuna::API::Response::Category', 'tag': 'unknown', 'label': 'Unknown'}",5782379872,https://www.adzuna.de/land/ad/5782379872?se=2lyTYKR-8RGx_pHdrNGfmQ&utm_medium=api&utm_source=a4bcf954&v=467F505A2ED694B1C8F8AE9113C5A4ED159DDA61,Adzuna::API::Response::Job,"Du hast Lust auf innovative und nachhaltige Bau- & Immobilienprojekte? Dann bist du bei uns genau richtig. Von Büros, Konferenzräumen sowie Restaurants bis hin zu Wohnungen - Im TeamSCOS planen, bauen und betreuen wir ein großes Portfolio verschiedenster Immobilien – denn Vielfalt ist unsere Stärke! Bei uns kannst du spannende Projekte von Beginn bis zur Umsetzung begleiten und eigene Ideen einbringen. Vom Grundstückskauf über die Planung und dem Bau bis hin zum Facility Management - bei uns ha…",49.18975,eyJhbGciOiJIUzI1NiJ9.eyJzIjoiMmx5VFlLUi04Ukd4X3BIZHJOR2ZtUSIsImkiOiI1NzgyMzc5ODcyIn0.rYlXMqbqUa8BNAK7wWj3P-OeStdBEE5WAxaf54Lohwg,2026-06-30T22:25:39Z,0,"{'display_name': 'Neckarsulm, Heilbronn (Kreis)', '__CLASS__': 'Adzuna::API::Response::Location', 'area': ['Deutschland', 'Baden-Württemberg', 'Heilbronn (Kreis)', 'Neckarsulm']}",Consultant Energiewirtschaft Datenqualität MaKo (m/w/d),"{'display_name': 'Schwarz Corporate Solutions', '__CLASS__': 'Adzuna::API::Response::Company'}",9.2274,,,,
"{'label': 'Teilzeitstellen', 'tag': 'part-time-jobs', '__CLASS__': 'Adzuna::API::Response::Category'}",5750356415,https://www.adzuna.de/land/ad/5750356415?se=2lyTYKR-8RGx_pHdrNGfmQ&utm_medium=api&utm_source=a4bcf954&v=C71B76E76EFDB00FF969BA2BE5FCC984410EC0CD,Adzuna::API::Response::Job,"Du liebst IT? Dann gestalte die KI-gestützte digitale Zukunft mit uns! Du möchtest Lösungen für die dringendsten und komplexesten Herausforderungen der digitalen Welt finden und dabei die digitale Transformation mitgestalten? Du möchtest ein Teil eines Weltklasse-Teams sein und bei einem ""next generation Tech Leader"" arbeiten? Dann starte bei uns als Nachwuchstalent in einem der zahlreichen dualen Studiengänge! Entdecke eine offene, multikulturelle Unternehmenskultur mit vielfältigen Entwicklun…",48.137418,eyJhbGciOiJIUzI1NiJ9.eyJzIjoiMmx5VFlLUi04Ukd4X3BIZHJOR2ZtUSIsImkiOiI1NzUwMzU2NDE1In0.o3Spmz3USmL50TMF-uAfTdL_YTU3_qt3GGBjeO47rZ0,2026-06-03T11:33:19Z,0,"{'__CLASS__': 'Adzuna::API::Response::Location', 'area': ['Deutschland', 'Bayern', 'München (Kreis)', 'München'], 'display_name': 'München, München (Kreis)'}",B.Sc. Data Science & KI (w/m/d),"{'display_name': 'Atos Information Technology', '__CLASS__': 'Adzuna::API::Response::Company'}",11.555737,,,,
"{'__CLASS__': 'Adzuna::API::Response::Category', 'tag': 'part-time-jobs', 'label': 'Teilzeitstellen'}",5766706297,https://www.adzuna.de/land/ad/5766706297?se=2lyTYKR-8RGx_pHdrNGfmQ&utm_medium=api&utm_source=a4bcf954&v=65F8763346210AA5E6A022222F57416BDAB2FB5A,Adzuna::API::Response::Job,"Dein Berufsbild: Du magst Mathe und möchtest später etwas mit Daten machen? Dich faszinieren datengestützte Tools, wie ChatGPT, und du kennst deren große Chance für die Zukunft? Dann bewirb dich für das duale Studium B. Sc. Softwaretechnologie - Data Science und entdecke mit uns, wie wir die Welt der Labordiagnostik durch datenbasierte Entscheidungen verändern können. Daten sind eines der Fundamente, damit Unternehmen bestmögliche Entscheidungen treffen können. Im Studiengang B. Sc. Softwaretec…",50.804953,eyJhbGciOiJIUzI1NiJ9.eyJzIjoiMmx5VFlLUi04Ukd4X3BIZHJOR2ZtUSIsImkiOiI1NzY2NzA2Mjk3In0.bgdy3izG3Eb-ZN9cb-_lUIWwL4R7l-9K47w46J-G_-A,2026-06-17T13:17:48Z,0,"{'display_name': 'Marburg, Marburg-Biedenkopf (Kreis)', '__CLASS__': 'Adzuna::API::Response::Location', 'area': ['Deutschland', 'Hessen', 'Marburg-Biedenkopf (Kreis)', 'Marburg']}",Duales Bachelorstudium Softwaretechnologie Data Science (B.Sc.) - Marburg,"{'__CLASS__': 'Adzuna::API::Response::Company', 'display_name': 'Siemens Healthineers AG'}",8.78967,,,,
"{'label': 'Teilzeitstellen', 'tag': 'part-time-jobs', '__CLASS__': 'Adzuna::API::Response::Category'}",5758420112,https://www.adzuna.de/land/ad/5758420112?se=2lyTYKR-8RGx_pHdrNGfmQ&utm_medium=api&utm_source=a4bcf954&v=EC786C602C709F94FEC8535E45299C5D8A1EA21A,Adzuna::API::Response::Job,"Vernetze mit uns die Welt von morgen. Du begeisterst dich für Informatik und möchtest die Energiewende aktiv mitgestalten? Bei der Netze BW, einem Tochterunternehmen der EnBW, kombinierst du dein duales Studium mit praxisnaher Arbeit an Lösungen, die Klimaschutz, erneuerbare Energien und intelligente Energienetze unterstützen. Gemeinsam treiben wir die digitale Transformation des Energiesystems voran– innovativ, verantwortungsvoll und zukunftsorientiert. Du@NetzeBW Du denkst gerne analytisch un…",48.0962,eyJhbGciOiJIUzI1NiJ9.eyJpIjoiNTc1ODQyMDExMiIsInMiOiIybHlUWUtSLThSR3hfcEhkck5HZm1RIn0.vXKvzbIIpXvJfHdJ34Nty1KYAPkMSahL5W0ETCGvgBA,2026-06-10T13:50:57Z,0,"{'__CLASS__': 'Adzuna::API::Response::Location', 'area': ['Deutschland', 'Baden-Württemberg', 'Biberach (Kreis)', 'Biberach an der Riß'], 'display_name': 'Biberach an der Riß, Biberach (Kreis)'}",Duales Studium Data Science und Künstliche Intelligenz (B. Sc.),"{'display_name': 'Netze BW GmbH', '__CLASS__': 'Adzuna::API::Response::Company'}",9.78975,,,,
"{'label': 'Stellen aus Wissenschaft & Qualitätssicherung', '__CLASS__': 'Adzuna::API::Response::Category', 'tag': 'scientific-qa-jobs'}",5793449792,https://www.adzuna.de/land/ad/5793449792?se=2lyTYKR-8RGx_pHdrNGfmQ&utm_medium=api&utm_source=a4bcf954&v=917221C3B2378991CB462D4AAC50E0B97D1EED97,Adzuna::API::Response::Job,"Aufgaben Profil Wir bieten Hinweis: Dieser Studiengang wird als Studium mit vertiefter Praxis angeboten. Du liebst es, Ursachen für Probleme zu entdecken und Lösungen zu finden und möchtest an Zukunftsthemen arbeiten? Du hast eine Leidenschaft für IT und Digitalisierung? Dann ist dieses Studium genau das Richtige für dich. Denn du bist Expert:in dafür . klicken sie bewerben, für die volle Stellenbeschreibung",48.62848,eyJhbGciOiJIUzI1NiJ9.eyJzIjoiMmx5VFlLUi04Ukd4X3BIZHJOR2ZtUSIsImkiOiI1NzkzNDQ5NzkyIn0.mziR9eZlPjW4jL0sfVHV8wYd4dzSYCWFODkQ0TmsX00,2026-07-09T02:41:45Z,0,"{'area': ['Deutschland', 'Bayern', 'Dingolfing-Landau (Kreis)', 'Dingolfing'], '__CLASS__': 'Adzuna::API::Response::Location', 'display_name': 'Dingolfing, Dingolfing-Landau (Kreis)'}",Dualer Student Data Science & Scientific Computing (w/m/x),"{'display_name': 'BMW Group', '__CLASS__': 'Adzuna::API::Response::Company'}",12.49782,,,,
"{'tag': 'scientific-qa-jobs', '__CLASS__': 'Adzuna::API::Response::Category', 'label': 'Stellen aus Wissenschaft & Qualitätssicherung'}",5786356991,https://www.adzuna.de/land/ad/5786356991?se=2lyTYKR-8RGx_pHdrNGfmQ&utm_medium=api&utm_source=a4bcf954&v=94C377E5EBD3BADCB4340AFD14644BBB6AF053EC,Adzuna::API::Response::Job,"Aufgaben Profil Wir bieten Hinweis: Dieser Studiengang wird als Studium mit vertiefter Praxis angeboten. Du liebst es, Ursachen für Probleme zu entdecken und Lösungen zu finden und möchtest an Zukunftsthemen arbeiten? Du hast eine Leidenschaft für IT und Digitalisierung? Dann ist dieses Studium genau das Richtige für dich. Denn du bist Expert:in dafür . klicken sie bewerben, für die volle Stellenbeschreibung",48.18446,eyJhbGciOiJIUzI1NiJ9.eyJpIjoiNTc4NjM1Njk5MSIsInMiOiIybHlUWUtSLThSR3hfcEhkck5HZm1RIn0.pTfZa__l_ddS9HgHuKL2k__0gEeFC3_yXMbzRvDZXYc,2026-07-03T06:15:34Z,0,"{'area': ['Deutschland', 'Bayern', 'München (Kreis)', 'München', 'Milbertshofen-Am Hart'], '__CLASS__': 'Adzuna::API::Response::Location', 'display_name': 'Milbertshofen-Am Hart, München'}",Dualer Student Data Science & Scientific Computing (w/m/x),"{'display_name': 'BMW Group', '__CLASS__': 'Adzuna::API::Response::Company'}",11.57287,,,,
"{'tag': 'consultancy-jobs', '__CLASS__': 'Adzuna::API::Response::Category', 'label': 'Beraterstellen'}",5797124618,https://www.adzuna.de/land/ad/5797124618?se=2lyTYKR-8RGx_pHdrNGfmQ&utm_medium=api&utm_source=a4bcf954&v=0739C3910D830F249393F111835B3E86AAB9D0B3,Adzuna::API::Response::Job,"Life is always about becoming… Im Leben geht es darum, sich auf eine Reise zu begeben, um die beste Version unseres zukünftigen Selbst zu werden. Während wir Neues entdecken, stellen wir uns Herausforderungen, meistern sie und wachsen über uns hinaus. Bewerben Sie sich bei Mercedes-Benz und finden Sie den Aufgabenbereich, in dem Sie Ihre Talente individuell entfalten können. Dabei werden Sie von visionären Kolleginnen und Kollegen unterstützt, die Ihren Pioniergeist teilen. Bei uns einzusteigen…",48.720071,eyJhbGciOiJIUzI1NiJ9.eyJzIjoiMmx5VFlLUi04Ukd4X3BIZHJOR2ZtUSIsImkiOiI1Nzk3MTI0NjE4In0.Cq7yluTjXB6g0W7eYYuosu0X8Dk1sIkIkAIwfjK3dec,2026-07-11T20:51:31Z,0,"{'__CLASS__': 'Adzuna::API::Response::Location', 'area': ['Deutschland', 'Baden-Württemberg', 'Böblingen (Kreis)', 'Sindelfingen'], 'display_name': 'Sindelfingen, Böblingen (Kreis)'}",Werkstudent*in MB.OS Demand & Change Management,"{'__CLASS__': 'Adzuna::API::Response::Company', 'display_name': 'Mercedes-Benz AG'}",9.026231,,,,
"{'label': 'Unknown', '__CLASS__': 'Adzuna::API::Response::Category', 'tag': 'unknown'}",5779892097,https://www.adzuna.de/land/ad/5779892097?se=2lyTYKR-8RGx_pHdrNGfmQ&utm_medium=api&utm_source=a4bcf954&v=5833A5A15F27EC506507DA2B1DE67643097B12E3,Adzuna::API::Response::Job,"Jedes Werkzeug kann immer nur so gut sein wie der Mensch, der dahintersteckt. Deshalb suchen wir bei der Festool Group Mitarbeitende, die gemeinsam mit ihren 3.000 Kolleginnen und Kollegen weltweit etwas bewegen wollen. Tauche ein in unsere Welt - und erlebe, wie stolz es macht, in einem Familienunternehmen die besten Elektrowerkzeuge der Welt zu bauen. Aufgaben Anwendung von Data-Mining-Methoden zur datengetriebenen Optimierung von Prozessen im Smart-Factory-Umfeld Entwicklung und Nutzung von …",48.61572,eyJhbGciOiJIUzI1NiJ9.eyJpIjoiNTc3OTg5MjA5NyIsInMiOiIybHlUWUtSLThSR3hfcEhkck5HZm1RIn0.R6F_rCYJqYm2q_KCPEGHxvWOjvNbT8IrJNlMyW_UrU0,2026-06-28T08:09:34Z,0,"{'display_name': 'Weilheim an der Teck, Esslingen (Kreis)', 'area': ['Deutschland', 'Baden-Württemberg', 'Esslingen (Kreis)', 'Weilheim an der Teck'], '__CLASS__': 'Adzuna::API::Response::Location'}",Praktkium Produktion: Digitalisierung der Produktion (WiSe 26/27),"{'display_name': 'Festool Group', '__CLASS__': 'Adzuna::API::Response::Company'}",9.53748,,,,
"{'__CLASS__': 'Adzuna::API::Response::Category', 'tag': 'part-time-jobs', 'label': 'Teilzeitstellen'}",5750391844,https://www.adzuna.de/land/ad/5750391844?se=AvnhYaR-8RGPp-p50pRVqw&utm_medium=api&utm_source=a4bcf954&v=14922F225E74ED6DCC20A0AAA1A211B5D2C6A077,Adzuna::API::Response::Job,Auf einen Blick Studiengang: Data Science&KI Studienort: Duale Hochschule Baden-Württemberg Mannheim Studienbeginn: 1. Oktober 2027 (Wintersemester) Studiendauer: 3 Jahre Abschluss: Bachelor of Science (B.Sc.) Informationen unter: DHBW Data Science&KI Inhalte des dualen Studiums Du wolltest schon immer neues Wissen aus Daten gewinnen und innovative Anwendungen und Geschäftsmodelle kreieren? Dann ist dieses duale Studium genau das richtige für dich. In dem Studiengang Data Science&Künstliche Int…,52.41453,eyJhbGciOiJIUzI1NiJ9.eyJpIjoiNTc1MDM5MTg0NCIsInMiOiJBdm5oWWFSLThSR1BwLXA1MHBSVnF3In0.QPDqvqF9tlHvTX1G1Kt2_5h1Rh8eQG2hvdmnsexUWr4,2026-06-03T11:39:06Z,0,"{'display_name': 'Wolfsburg, Niedersachsen', '__CLASS__': 'Adzuna::API::Response::Location', 'area': ['Deutschland', 'Niedersachsen', 'Wolfsburg']}","Duales Studium Data Science&KI, Bachelor of Science, 2027","{'display_name': 'dx.one GmbH - A Volkswagen Group Company', '__CLASS__': 'Adzuna::API::Response::Company'}",10.786696,,,,
"{'label': 'Teilzeitstellen', '__CLASS__': 'Adzuna::API::Response::Category', 'tag': 'part-time-jobs'}",5796938261,https://www.adzuna.de/land/ad/5796938261?se=AvnhYaR-8RGPp-p50pRVqw&utm_medium=api&utm_source=a4bcf954&v=089EA4546C4AF9A0E531A797F84B8055EF6B43A5,Adzuna::API::Response::Job,"In unserem dualen Studiengang Bachelor of Science in Data Science und Künstliche Intelligenz lernst du fundierte Inhalte der Informatik und erhältst gleichzeitig Einblicke in die KI, das maschinelle Lernen und Big Data. In den 3 Jahren Studium bist du pro Semester ca. 12 Wochen an der Dualen Hochschule Baden-Württemberg in Stuttgart und die restliche Zeit in deiner Telekom-Abteilung eingesetzt. Während deiner Studien- und Praxisphasen erwarten dich u. a.: Mathematik und Statistik Informatik und…",48.69447,eyJhbGciOiJIUzI1NiJ9.eyJpIjoiNTc5NjkzODI2MSIsInMiOiJBdm5oWWFSLThSR1BwLXA1MHBSVnF3In0.B1diYWQ9sviavw3hVNF1rrl8hLl_kpF4OCtEuKtFmhw,2026-07-11T14:28:10Z,0,"{'__CLASS__': 'Adzuna::API::Response::Location', 'area': ['Deutschland', 'Baden-Württemberg', 'Esslingen (Kreis)', 'Leinfelden-Echterdingen'], 'display_name': 'Leinfelden-Echterdingen, Esslingen (Kreis)'}",Duales Studium Data Science und Künstliche Intelligenz (m/w/d),"{'__CLASS__': 'Adzuna::API::Response::Company', 'display_name': 'Deutsche Telekom AG, Telekom Ausbildung'}",9.14057,,,,
"{'label': 'Teilzeitstellen', 'tag': 'part-time-jobs', '__CLASS__': 'Adzuna::API::Response::Category'}",5750397287,https://www.adzuna.de/land/ad/5750397287?se=AvnhYaR-8RGPp-p50pRVqw&utm_medium=api&utm_source=a4bcf954&v=110DE8E37ED6B5E4544BEA7DC1D7B85CAA63F56A,Adzuna::API::Response::Job,"Einleitung Eine gute Idee war der Ursprung, ein erfolgreiches Konzept ist das Ergebnis. Qualität zum guten Preis möglichst vielen Menschen anbieten zu können treibt uns an - mittlerweile weltweit, denn wir sind Lidl. Hier ist das berufliche Zuhause vielfältiger Talente. Ob im Einkauf, in der Logistik, im Warengeschäft oder in der IT; ob als Impulsgeber, Gestalter oder Dienstleister der Länder. Wir suchen Anpacker, Durchstarter, Möglichmacher und bieten spannende Aufgaben und Projekte in einem d…",49.18975,eyJhbGciOiJIUzI1NiJ9.eyJzIjoiQXZuaFlhUi04UkdQcC1wNTBwUlZxdyIsImkiOiI1NzUwMzk3Mjg3In0.fdvxiH42qYewMfG4JODZTg-vweok9xjqv689hbnvp-M,2026-06-03T11:42:41Z,0,"{'__CLASS__': 'Adzuna::API::Response::Location', 'area': ['Deutschland', 'Baden-Württemberg', 'Heilbronn (Kreis)', 'Neckarsulm'], 'display_name': 'Neckarsulm, Heilbronn (Kreis)'}",Duales Studium Data Science und KI - Smart Operations Management 2027,"{'display_name': 'Lidl', '__CLASS__': 'Adzuna::API::Response::Company'}",9.2274,,,,
"{'label': 'Teilzeitstellen', 'tag': 'part-time-jobs', '__CLASS__': 'Adzuna::API::Response::Category'}",5767328954,https://www.adzuna.de/land/ad/5767328954?se=AvnhYaR-8RGPp-p50pRVqw&utm_medium=api&utm_source=a4bcf954&v=D34C0F62A465DBD30DF42A788AD7309BCF9FF65B,Adzuna::API::Response::Job,"Bei dm und dmTECH sind wir der Überzeugung, dass die Digitalisierung unsere Welt und unser Kaufverhalten verändert. Dabei spielt künstliche Intelligenz eine wichtige Rolle. Schon heute setzen wir auf modernste Technologien, um intelligente Lösungen zu entwickeln. Hierfür suchen wir lösungsorientierte Persönlichkeiten mit analytischem und mathematischem Denkvermögen sowie Leidenschaft für innovative Technologien. Das klingt nach Dir? Dann lass uns gemeinsam handeln – mit Deinem dualen Studium Da…",49.001249,eyJhbGciOiJIUzI1NiJ9.eyJpIjoiNTc2NzMyODk1NCIsInMiOiJBdm5oWWFSLThSR1BwLXA1MHBSVnF3In0.qgdOeRl_Mejb8KNGuJCIVemRFDGOeIXYr-9sTMAAsOY,2026-06-18T01:08:56Z,0,"{'display_name': 'Karlsruhe, Karlsruhe (Kreis)', '__CLASS__': 'Adzuna::API::Response::Location', 'area': ['Deutschland', 'Baden-Württemberg', 'Karlsruhe (Kreis)', 'Karlsruhe']}",Duales Studium Data Science und Künstliche Intelligenz (B. Sc.) 2027,"{'display_name': 'dm-drogerie markt GmbH + Co. KG', '__CLASS__': 'Adzuna::API::Response::Company'}",8.412378,,,,
"{'tag': 'part-time-jobs', '__CLASS__': 'Adzuna::API::Response::Category', 'label': 'Teilzeitstellen'}",5750367144,https://www.adzuna.de/land/ad/5750367144?se=AvnhYaR-8RGPp-p50pRVqw&utm_medium=api&utm_source=a4bcf954&v=8CB174EA36FDBA800FC8F99266489F22C802FFD6,Adzuna::API::Response::Job,Die GELITA-Unternehmensgruppe ist einer der führenden Hersteller von Kollagenproteinen weltweit und mit mehr als 2.900 Mitarbeitenden und 20 Standorten auf allen Kontinenten vertreten. Wir sind mit unserer globalen Präsenz im Markt für Gesundheit und Nahrungsergänzung genauso zu Hause wie in den Bereichen Pharmazie und Medizin. Darüber hinaus bieten wir mit unseren Produkten eine große Bandbreite an äußerst spannenden technologischen Anwendungen. Wir leben Innovation und folgen dabei konsequent…,49.44669,eyJhbGciOiJIUzI1NiJ9.eyJpIjoiNTc1MDM2NzE0NCIsInMiOiJBdm5oWWFSLThSR1BwLXA1MHBSVnF3In0.Zd1Ex9i7PkXim-kSLih-HPXGGMuMdu0ej2nB_Gf89Eg,2026-06-03T11:34:56Z,0,"{'display_name': 'Hirschhorn (Neckar), Bergstraße (Kreis)', 'area': ['Deutschland', 'Hessen', 'Bergstraße (Kreis)', 'Hirschhorn (Neckar)'], '__CLASS__': 'Adzuna::API::Response::Location'}",Duales Studium Bachelor of Science - Data Science & Künstliche Intelligenz,"{'__CLASS__': 'Adzuna::API::Response::Company', 'display_name': 'GELITA AG'}",8.89711,,,,
"{'label': 'Stellen aus Handel & Bau', 'tag': 'trade-construction-jobs', '__CLASS__': 'Adzuna::API::Response::Category'}",5786593846,https://www.adzuna.de/land/ad/5786593846?se=AvnhYaR-8RGPp-p50pRVqw&utm_medium=api&utm_source=a4bcf954&v=75D2FBA297F813EA51E6C65899BCB6E6CEA573F6,Adzuna::API::Response::Job,"Als weltweit agierendes Unternehmen benötigen wir eine IT-Landschaft, die jederzeit reibungslos funktioniert, sich stets auf dem neuesten Stand der Technik befindet und sich an den Bedürfnissen unserer Kunden innerhalb der Unternehmen der Schwarz Gruppe orientiert. An der Schnittstelle zwischen Daten und IT erarbeiten wir tragfähige Lösungen, die maßgeblich und sichtbar zu unserem Erfolg . klicken sie bewerben, für die volle Stellenbeschreibung",49.2291,eyJhbGciOiJIUzI1NiJ9.eyJpIjoiNTc4NjU5Mzg0NiIsInMiOiJBdm5oWWFSLThSR1BwLXA1MHBSVnF3In0.nmh0ldJiBdqZtCeUnXMa4fYibsOyPEhW4thzHurXY0I,2026-07-03T10:13:44Z,0,"{'__CLASS__': 'Adzuna::API::Response::Location', 'area': ['Deutschland', 'Baden-Württemberg', 'Heilbronn (Kreis)', 'Bad Friedrichshall'], 'display_name': 'Bad Friedrichshall, Heilbronn (Kreis)'}",Duales Studium Data Science Und Künstliche Intelligenz 2027 (m/w/d),"{'__CLASS__': 'Adzuna::API::Response::Company', 'display_name': 'Schwarz Digits'}",9.21629,,,,
"{'tag': 'scientific-qa-jobs', '__CLASS__': 'Adzuna::API::Response::Category', 'label': 'Stellen aus Wissenschaft & Qualitätssicherung'}",5788012311,https://www.adzuna.de/land/ad/5788012311?se=AvnhYaR-8RGPp-p50pRVqw&utm_medium=api&utm_source=a4bcf954&v=D12C9D847E0E3801C1995FD284E5515DB87EF1FC,Adzuna::API::Response::Job,"Hallo, lass uns WIR sagen! Im Data Analytics Team der HUK-COBURG transformieren wir Daten in echte Mehrwerte für über 13 Mio. Kund:innen. Als Deutschlands führende Kfz-Versicherung sind wir ein traditionsreiches und stabiles Unternehmen, welches zielgerichtet in Innovation und seine datengetriebene Zukunft investiert. Unsere agilen Data Analytics Teams setzen modernste Machine Learning und KI-Methoden ein, um Prozesse zu optimieren, faire Preise zu berechnen, Schäden digital und intelligent zu …",50.25777,eyJhbGciOiJIUzI1NiJ9.eyJpIjoiNTc4ODAxMjMxMSIsInMiOiJBdm5oWWFSLThSR1BwLXA1MHBSVnF3In0.tW8QApkcmrTUtuwm2kZy8DEirDIQ5BWHLMWbHM13oJE,2026-07-04T14:55:42Z,0,"{'display_name': 'Coburg, Coburg (Kreis)', 'area': ['Deutschland', 'Bayern', 'Coburg (Kreis)', 'Coburg'], '__CLASS__': 'Adzuna::API::Response::Location'}",(Senior) Applied Scientist (Machine Learning) (w/m/d),"{'__CLASS__': 'Adzuna::API::Response::Company', 'display_name': 'HUK-COBURG Versicherungsgruppe'}",10.96603,,,,
"{'__CLASS__': 'Adzuna::API::Response::Category', 'tag': 'it-jobs', 'label': 'IT-Stellen'}",5787046846,https://www.adzuna.de/land/ad/5787046846?se=AvnhYaR-8RGPp-p50pRVqw&utm_medium=api&utm_source=a4bcf954&v=4962EF41E50E9015A1BDCDC05B4EB78A100C6562,Adzuna::API::Response::Job,"Mit über 16.000 Studierenden und 80 Studiengängen ist die Hochschule für Technik und Wirtschaft Berlin die größte Hochschule für Angewandte Wissenschaften der Stadt. Bei uns erwarten Sie abwechslungsreiche Herausforderungen und ein innovatives Umfeld, das von Menschen unterschiedlichster Herkunft, Qualifizierung und Prägung gekennzeichnet ist. Der Fachbereich 2: Ingenieurwissenschaften - Technik und Leben besetzt eine Vertretungsprofessur 50 % (01.10.2026 bis 31.03.2028) Fachgebiet Industrial I…",52.507706,eyJhbGciOiJIUzI1NiJ9.eyJpIjoiNTc4NzA0Njg0NiIsInMiOiJBdm5oWWFSLThSR1BwLXA1MHBSVnF3In0.T3S54LHYw_NgYKBqxc-TVoP4Q6_w3exsGFGRIxXnf48,2026-07-03T21:32:22Z,0,"{'area': ['Deutschland', 'Berlin'], '__CLASS__': 'Adzuna::API::Response::Location', 'display_name': 'Berlin, Deutschland'}",Vertretungsprofessur 50 % (01.10.2026 bis 31.03.2028) Fachgebiet Industrial IoT und Data Science,"{'__CLASS__': 'Adzuna::API::Response::Company', 'display_name': 'Hochschule für Technik und Wirtschaft Berlin  Campus Wilhelminenhof'}",13.420806,,,,
"{'label': 'Unknown', '__CLASS__': 'Adzuna::API::Response::Category', 'tag': 'unknown'}",5782347103,https://www.adzuna.de/land/ad/5782347103?se=AvnhYaR-8RGPp-p50pRVqw&utm_medium=api&utm_source=a4bcf954&v=F6639F7205191E107E8407F376FE99EC04D52F6F,Adzuna::API::Response::Job,"Das Bundesinstitut für Bau-, Stadt- und Raumforschung (BBSR) sucht für das Referat RS 1 „Raumentwicklung“ in Bonn zum nächst­möglichen Zeit­punkt befristet auf drei Jahre eine / einen wissenschaftliche Mitarbeiterin / wissenschaftlichen Mitarbeiter (w/m/d) mit dem Ziel der Promotion im Bereich Spatial Data Science Knr. 054.3-25 Ver­gütung E 13 TVöD Beschäftigungs­art befristet auf drei Jahre Wochen­stunden 39h Arbeits­ort Bonn Bewerbungs­frist 26.07.2026 Das BBSR im Bundesamt für Bauwesen und R…",50.71942,eyJhbGciOiJIUzI1NiJ9.eyJzIjoiQXZuaFlhUi04UkdQcC1wNTBwUlZxdyIsImkiOiI1NzgyMzQ3MTAzIn0.5uWC3Lj1T0lbbTvHz0HXLq0_M1r4PTX-8CCc_v1jSlc,2026-06-30T20:44:08Z,0,"{'display_name': 'Bonn, Nordrhein-Westfalen', 'area': ['Deutschland', 'Nordrhein-Westfalen', 'Bonn'], '__CLASS__': 'Adzuna::API::Response::Location'}",Wissenschaftliche Mitarbeiterin / Wissenschaftlicher Mitarbeiter (w/m/d) mit dem Ziel der Promotion im Bereich Spatial Data Science,"{'display_name': 'Bundesinstitut für Bau-, Stadt- und Raumforschung ', '__CLASS__': 'Adzuna::API::Response::Company'}",7.112412,,,,
"{'label': 'Unknown', '__CLASS__': 'Adzuna::API::Response::Category', 'tag': 'unknown'}",5782347100,https://www.adzuna.de/land/ad/5782347100?se=AvnhYaR-8RGPp-p50pRVqw&utm_medium=api&utm_source=a4bcf954&v=0CA511DB544B8EDA5E7C99E0B7BFEA3AEECAB136,Adzuna::API::Response::Job,"Das Bundesinstitut für Bau-, Stadt- und Raum­forschung (BBSR) sucht für das Referat RS 1 „Raumentwicklung“ in Bonn zum nächst­möglichen Zeitpunkt befristet auf drei Jahre eine / einen wissenschaftliche Mitarbeiterin / wissenschaftlichen Mitarbeiter (w/m/d) mit dem Ziel der Promotion im Bereich Spatial Data Science Knr. 188.1-25 Ver­gütung E 13 TVöD Beschäftigungs­art befristet auf drei Jahre Wochen­stunden 39h Arbeits­ort Bonn Bewerbungs­frist 26.07.2026 Das BBSR im Bundesamt für Bauwesen und R…",50.71942,eyJhbGciOiJIUzI1NiJ9.eyJzIjoiQXZuaFlhUi04UkdQcC1wNTBwUlZxdyIsImkiOiI1NzgyMzQ3MTAwIn0.4MsHfCc58Q_txiPalRb1_Hgi3ELAQxDSIfXFqAQnnAU,2026-06-30T20:44:08Z,0,"{'display_name': 'Bonn, Nordrhein-Westfalen', '__CLASS__': 'Adzuna::API::Response::Location', 'area': ['Deutschland', 'Nordrhein-Westfalen', 'Bonn']}",Wissenschaftliche Mitarbeiterin / wissenschaftlicher Mitarbeiter (w/m/d) mit dem Ziel der Promotion im Bereich Spatial Data Science,"{'display_name': 'Bundesinstitut für Bau-, Stadt- und Raumforschung ', '__CLASS__': 'Adzuna::API::Response::Company'}",7.112412,,,,
"{'label': 'Unknown', 'tag': 'unknown', '__CLASS__': 'Adzuna::API::Response::Category'}",5797487396,https://www.adzuna.de/land/ad/5797487396?se=AvnhYaR-8RGPp-p50pRVqw&utm_medium=api&utm_source=a4bcf954&v=88A5CA166D2F13FBB235B28F5E4773B3F673B8AA,Adzuna::API::Response::Job,"Du hast Lust auf innovative und nachhaltige Bau- & Immobilienprojekte? Dann bist du bei uns genau richtig. Von Büros, Konferenzräumen sowie Restaurants bis hin zu Wohnungen - Im TeamSCOS planen, bauen und betreuen wir ein großes Portfolio verschiedenster Immobilien – denn Vielfalt ist unsere Stärke! Bei uns kannst du spannende Projekte von Beginn bis zur Umsetzung begleiten und eigene Ideen einbringen. Vom Grundstückskauf über die Planung und dem Bau bis hin zum Facility Management - bei uns ha…",49.18975,eyJhbGciOiJIUzI1NiJ9.eyJzIjoiQXZuaFlhUi04UkdQcC1wNTBwUlZxdyIsImkiOiI1Nzk3NDg3Mzk2In0.PSdBVOIVeyaSUpgh0TrzTjO2ALEeKfeEv-4uZWGIWkM,2026-07-12T03:21:33Z,0,"{'display_name': 'Neckarsulm, Heilbronn (Kreis)', 'area': ['Deutschland', 'Baden-Württemberg', 'Heilbronn (Kreis)', 'Neckarsulm'], '__CLASS__': 'Adzuna::API::Response::Location'}",Experte Energiewirtschaft Marktprozesse (m/w/d),"{'__CLASS__': 'Adzuna::API::Response::Company', 'display_name': 'Schwarz Corporate Solutions'}",9.2274,,,,
"{'label': 'Teilzeitstellen', 'tag': 'part-time-jobs', '__CLASS__': 'Adzuna::API::Response::Category'}",5779597035,https://www.adzuna.de/land/ad/5779597035?se=AvnhYaR-8RGPp-p50pRVqw&utm_medium=api&utm_source=a4bcf954&v=57CAC761ACC0CB746DB546B2E7E71C2DA0EC9430,Adzuna::API::Response::Job,"Einleitung: Duales Studium – Data Science und Künstliche Intelligenz (m/w/d) 2027 Du bist fasziniert von der Welt der Daten und IT? Du möchtest aktiv dazu beitragen, komplexe Datensätze zu analysieren, um wertvolle Erkenntnisse zu gewinnen und innovative Lösungen zu entwickeln? Daten sind für dich nicht nur Rohmaterial, sondern das Fundament für die digitale Transformation – eine Quelle für relevante Erkenntnisse und die Basis für zukunftsweisende Entwicklungen in Wissenschaft, Wirtschaft und T…",50.21936,eyJhbGciOiJIUzI1NiJ9.eyJpIjoiNTc3OTU5NzAzNSIsInMiOiJBdm5oWWFSLThSR1BwLXA1MHBSVnF3In0.1SYNp2LfES8EVo7c1ZN_OJ_GEh5Xe7h3-F4w9Z1MHZI,2026-06-28T01:17:07Z,0,"{'area': ['Deutschland', 'Hessen', 'Hochtaunuskreis', 'Bad Homburg vor der Höhe'], '__CLASS__': 'Adzuna::API::Response::Location', 'display_name': 'Bad Homburg vor der Höhe, Hochtaunuskreis'}",Duales Studium – Data Science und Künstliche Intelligenz (m/w/d) 2027,"{'__CLASS__': 'Adzuna::API::Response::Company', 'display_name': 'Fresenius SE&Co. KGaA'}",8.63966,,,,
"{'__CLASS__': 'Adzuna::API::Response::Category', 'tag': 'part-time-jobs', 'label': 'Teilzeitstellen'}",5750360385,https://www.adzuna.de/land/ad/5750360385?se=AvnhYaR-8RGPp-p50pRVqw&utm_medium=api&utm_source=a4bcf954&v=D0DF4373E4704CC85E24991C16B79454A4AE637D,Adzuna::API::Response::Job,"Willkommen bei ASMPT. Hier bist du auf dem direkten Weg in das digitale Zeitalter. Mit 12.000 Mitarbeitenden weltweit sind wir technologischer Prozesspartner für die Elektronikindustrie und brennen für innovative Automatisierungsstrategien am Puls der Zeit. Mit unseren smarten Lösungen fordern unsere passionierten Teams den technischen Status quo immer wieder heraus und setzen so neue Maßstäbe für die Fertigung von Smartphones, Computern, Netzwerken, autonomen Fahrzeugen, intelligenten Maschine…",48.137418,eyJhbGciOiJIUzI1NiJ9.eyJzIjoiQXZuaFlhUi04UkdQcC1wNTBwUlZxdyIsImkiOiI1NzUwMzYwMzg1In0._u-Hjb6ilsp91-PPebL17VkCnrH7db9opPYeGRYd4hU,2026-06-03T11:34:00Z,0,"{'__CLASS__': 'Adzuna::API::Response::Location', 'area': ['Deutschland', 'Bayern', 'München (Kreis)', 'München'], 'display_name': 'München, München (Kreis)'}",Dualer Student (m/w/d) - Data Science & Scientific Computing Bachelor,"{'__CLASS__': 'Adzuna::API::Response::Company', 'display_name': 'ASMPT GmbH & Co. KG'}",11.555737,,,,
"{'label': 'Teilzeitstellen', 'tag': 'part-time-jobs', '__CLASS__': 'Adzuna::API::Response::Category'}",5750362921,https://www.adzuna.de/land/ad/5750362921?se=AvnhYaR-8RGPp-p50pRVqw&utm_medium=api&utm_source=a4bcf954&v=E84F6EEC0CB47ED775BAB73AC577FD0E99F85045,Adzuna::API::Response::Job,"Bosch gehört zu den weltweit führenden Zulieferern der Automobilindustrie. Am Standort Karlsruhe ist die Zentrale des Bosch Geschäftsbereichs Mobility Aftermarket mit Vertriebszentrum. Unser Logistikzentrum besticht durch innovative Technologien und setzt Standards in der Arbeitsorganisation, im Transport und Umweltschutz. Zusammen mit unseren flexiblen Arbeitszeitmodellen sind wir der Maßstab in der Distributionslogistik im Mobility Aftermarket und wir stehen für Innovationen für Menschen, Ges…",49.001249,eyJhbGciOiJIUzI1NiJ9.eyJzIjoiQXZuaFlhUi04UkdQcC1wNTBwUlZxdyIsImkiOiI1NzUwMzYyOTIxIn0.v2lC_DxGgnYTNWosoayANRj5xKswgFGqc9PMg4wupow,2026-06-03T11:34:21Z,0,"{'__CLASS__': 'Adzuna::API::Response::Location', 'area': ['Deutschland', 'Baden-Württemberg', 'Karlsruhe (Kreis)', 'Karlsruhe'], 'display_name': 'Karlsruhe, Karlsruhe (Kreis)'}",Bachelor of Science (B.Sc.) Studiengang: Data Science und Künstliche Intelligenz,"{'__CLASS__': 'Adzuna::API::Response::Company', 'display_name': 'Bosch Gruppe'}",8.412378,,,,
"{'label': 'Teilzeitstellen', '__CLASS__': 'Adzuna::API::Response::Category', 'tag': 'part-time-jobs'}",5766706265,https://www.adzuna.de/land/ad/5766706265?se=AvnhYaR-8RGPp-p50pRVqw&utm_medium=api&utm_source=a4bcf954&v=66F0723CBAA37A63EAA8BB4C63A95584B42DD6A8,Adzuna::API::Response::Job,"Dein Berufsbild: Du magst Mathe und möchtest später etwas mit Daten machen? Dich faszinieren datengestützte Tools, wie ChatGPT, und du kennst deren große Chance für die Zukunft? Dann bewirb dich für das duale Studium B.Eng. Data Science in Technik und Wirtschaft und entdecke mit uns, wie wir die Welt der Medizintechnik durch datenbasierte Entscheidungen verändern können. Daten sind eines der Fundamente, damit Unternehmen bestmögliche Entscheidungen treffen können. Im Studiengang B.Eng. Data Sci…",49.577521,eyJhbGciOiJIUzI1NiJ9.eyJzIjoiQXZuaFlhUi04UkdQcC1wNTBwUlZxdyIsImkiOiI1NzY2NzA2MjY1In0.prIzJmRcvj6-Vf7Zxt2DBL2w8TE4MNST7a_MJvJkww8,2026-06-17T13:17:48Z,0,"{'display_name': 'Erlangen, Bayern', 'area': ['Deutschland', 'Bayern', 'Erlangen'], '__CLASS__': 'Adzuna::API::Response::Location'}",Duales Bachelorstudium Data Science in Technik und Wirtschaft (B.Eng.) - Erlangen/Forchheim,"{'display_name': 'Siemens Healthineers AG', '__CLASS__': 'Adzuna::API::Response::Company'}",10.984506,,,,
"{'label': 'Teilzeitstellen', '__CLASS__': 'Adzuna::API::Response::Category', 'tag': 'part-time-jobs'}",5750354876,https://www.adzuna.de/land/ad/5750354876?se=AvnhYaR-8RGPp-p50pRVqw&utm_medium=api&utm_source=a4bcf954&v=B7897960DB0F3C04E51F5168E57D68399BCD72F2,Adzuna::API::Response::Job,"Deine Aufgaben Du möchtest nicht nur Daten analysieren, sondern verstehen, wie aus Daten wertvolle Erkenntnisse entstehen, die die digitale Zukunft der HDI Group gestalten? Die 31-monatige IT-Ausbildung kombiniert praktische Arbeit im Bereich Data Science mit theoretischem Wissen, das Du im Studiengang ""Angewandte Künstliche Intelligenz"" an der FHDW in Mettmann erwirbst. Du arbeitest an spannenden Projekten rund um AI, GenAI, Machine Learning, und Cloud-Services. Du entwickelst Lösungen, die un…",51.16672,eyJhbGciOiJIUzI1NiJ9.eyJpIjoiNTc1MDM1NDg3NiIsInMiOiJBdm5oWWFSLThSR1BwLXA1MHBSVnF3In0.diNvcqSRjdRZmD1p-exiCzltFmSaAWb-uQZYgDFUOVY,2026-06-03T11:33:03Z,0,"{'display_name': 'Hilden, Düsseldorf', '__CLASS__': 'Adzuna::API::Response::Location', 'area': ['Deutschland', 'Nordrhein-Westfalen', 'Düsseldorf', 'Hilden']}",Duales Studium Angewandte Künstliche Intelligenz (M.Sc.) - Einstieg Data Science,"{'display_name': 'HDI AG', '__CLASS__': 'Adzuna::API::Response::Company'}",6.93125,,,,
"{'tag': 'part-time-jobs', '__CLASS__': 'Adzuna::API::Response::Category', 'label': 'Teilzeitstellen'}",5750370688,https://www.adzuna.de/land/ad/5750370688?se=AvnhYaR-8RGPp-p50pRVqw&utm_medium=api&utm_source=a4bcf954&v=123EC30EB07740DE1D7B8FC6C6CCA29F5A58DB25,Adzuna::API::Response::Job,"Inhalte und Aufgaben Ein praxisorientiertes Studium in Verbindung mit der Duale Hochschule Baden-Württemberg in Stuttgart, bei dem Sie die theoretischen Studieninhalte direkt on the job anwenden können Softwareentwicklung mit Open Source/Java, Pega, SAP oder SAS: Wir machen Sie fit für die digitalen Anforderungen der Zukunft Server, Netze und Datenbanken sind Ihre neuen Tools, die Sie verstehen und einzusetzen lernen Agile Arbeitsmethoden, Business-Analyse. Data Science, UI/UX-Design bis hin zu…",48.86157,eyJhbGciOiJIUzI1NiJ9.eyJzIjoiQXZuaFlhUi04UkdQcC1wNTBwUlZxdyIsImkiOiI1NzUwMzcwNjg4In0.owpFXYytpT1_pNIb4h7WW_dDiLtb0NBjnZfTI7reuNM,2026-06-03T11:35:23Z,0,"{'__CLASS__': 'Adzuna::API::Response::Location', 'area': ['Deutschland', 'Baden-Württemberg', 'Ludwigsburg (Kreis)', 'Kornwestheim'], 'display_name': 'Kornwestheim, Ludwigsburg (Kreis)'}",Bachelor of Science (m/w/d) - Wirtschaftsinformatik - Studiengang Data Science,"{'display_name': 'Wüstenrot & Württembergische-Gruppe', '__CLASS__': 'Adzuna::API::Response::Company'}",9.18451,,,,
"{'__CLASS__': 'Adzuna::API::Response::Category', 'tag': 'part-time-jobs', 'label': 'Teilzeitstellen'}",5784624030,https://www.adzuna.de/land/ad/5784624030?se=AvnhYaR-8RGPp-p50pRVqw&utm_medium=api&utm_source=a4bcf954&v=CDF8A0C90450F82B412FB51139BC443F839DB477,Adzuna::API::Response::Job,"Mit rund 46.000 Mitarbeitenden sowie rund 3.000 Auszubildenden in über 40 Ausbildungsberufen und dualen Studiengängen im Einzelhandel, Großhandel und in der Produktion sind wir einer der größten Arbeitgeber der Region. Rund 1.100 Märkte, sechs Logistikzentren und sechs Produktionsbetriebe in fünf Bundesländern gehören zu EDEKA Südwest. Was macht man da aus sich? Im Fokus steht der reibungslose Fluss von Informationen innerhalb des Unternehmens. Schon während des Studiums betreust du selbstständ…",48.42392,eyJhbGciOiJIUzI1NiJ9.eyJpIjoiNTc4NDYyNDAzMCIsInMiOiJBdm5oWWFSLThSR1BwLXA1MHBSVnF3In0.eEAVSmDR3VMkO9Vk17Eo7Jd3gHVfs6cCNiL9FlK-mPo,2026-07-02T02:07:53Z,0,"{'display_name': 'Offenburg, Ortenaukreis', '__CLASS__': 'Adzuna::API::Response::Location', 'area': ['Deutschland', 'Baden-Württemberg', 'Ortenaukreis', 'Offenburg']}",Duales Studium: Data Science und Künstliche Intelligenz (m/w/d) - 2027,"{'display_name': 'EDEKA Südwest Stiftung&Co. KG', '__CLASS__': 'Adzuna::API::Response::Company'}",7.94837,,,,
"{'tag': 'unknown', '__CLASS__': 'Adzuna::API::Response::Category', 'label': 'Unknown'}",5775820847,https://www.adzuna.de/land/ad/5775820847?se=AvnhYaR-8RGPp-p50pRVqw&utm_medium=api&utm_source=a4bcf954&v=1F9725DFC3682D2ACD54DEB39E7688E49AFC9EF7,Adzuna::API::Response::Job,"Als Student arbeitest Du mit Deinen Kolleginnen und Kollegen auf Augenhöhe und schaffst ideale Voraussetzungen für Deine spätere Karriere. Sich etwas Neues trauen, über sich hinauswachsen und dabei die Grenzen des Machbaren neu deﬁnieren. Genau das ist es, was unsere Mitarbeitenden täglich leben dürfen und sollen. Um mit unseren Innovationen das Tempo vorzugeben und Großartiges zu ermöglichen. Denn hinter jedem erfolgreichen Unternehmen stehen eine ganze Menge faszinierender Menschen. Die Mitar…",48.78408,eyJhbGciOiJIUzI1NiJ9.eyJpIjoiNTc3NTgyMDg0NyIsInMiOiJBdm5oWWFSLThSR1BwLXA1MHBSVnF3In0.NfKoP_shPul-q7WOXpGwhAYMb9viyfLxx7-RuorYNGI,2026-06-25T07:59:49Z,0,"{'__CLASS__': 'Adzuna::API::Response::Location', 'area': ['Deutschland', 'Baden-Württemberg', 'Ostalbkreis', 'Oberkochen'], 'display_name': 'Oberkochen, Ostalbkreis'}",Praktikum in Operational Data Governance (m/w/x),"{'__CLASS__': 'Adzuna::API::Response::Company', 'display_name': 'ZEISS'}",10.10558,,,,
"{'tag': 'unknown', '__CLASS__': 'Adzuna::API::Response::Category', 'label': 'Unknown'}",5791216886,https://www.adzuna.de/land/ad/5791216886?se=AvnhYaR-8RGPp-p50pRVqw&utm_medium=api&utm_source=a4bcf954&v=D7A6045B9326EB9EF4D5EDF9DA0FE58ED087604E,Adzuna::API::Response::Job,"Life is always about becoming… Im Leben geht es darum, sich auf eine Reise zu begeben, um die beste Version unseres zukünftigen Selbst zu werden. Während wir Neues entdecken, stellen wir uns Herausforderungen, meistern sie und wachsen über uns hinaus. Bewerben Sie sich bei Mercedes-Benz und finden Sie den Aufgabenbereich, in dem Sie Ihre Talente individuell entfalten können. Dabei werden Sie von visionären Kolleginnen und Kollegen unterstützt, die Ihren Pioniergeist teilen. Bei uns einzusteigen…",48.69447,eyJhbGciOiJIUzI1NiJ9.eyJpIjoiNTc5MTIxNjg4NiIsInMiOiJBdm5oWWFSLThSR1BwLXA1MHBSVnF3In0.smWTTFSOGwu8CFkzNWXieLEFhTqrC7wwttw5CUb9CEk,2026-07-07T21:07:44Z,0,"{'display_name': 'Leinfelden-Echterdingen, Esslingen (Kreis)', '__CLASS__': 'Adzuna::API::Response::Location', 'area': ['Deutschland', 'Baden-Württemberg', 'Esslingen (Kreis)', 'Leinfelden-Echterdingen']}",Senior Consultant - Machine Learning Engineering (m/w/d),"{'__CLASS__': 'Adzuna::API::Response::Company', 'display_name': 'Mercedes-Benz Consulting GmbH'}",9.14057,,,,
"{'label': 'Teilzeitstellen', '__CLASS__': 'Adzuna::API::Response::Category', 'tag': 'part-time-jobs'}",5750364626,https://www.adzuna.de/land/ad/5750364626?se=AvnhYaR-8RGPp-p50pRVqw&utm_medium=api&utm_source=a4bcf954&v=39C2F48BE2EC7A686C8B82BDE22216F2972413C1,Adzuna::API::Response::Job,"Das bieten wir: - Mitverantwortung im Tagessgeschäft und eigenverantwortliche Umsetzung von Studenten-Projekten - Work-Life-Balance dank flexiblem Arbeitszeitenmodell - Mitwirkung auf unseren Social-Media-Kanälen (Instagram, Facebook, TikTok, Youtube, ) - Kollegialer Umgang und offene Kommunikation mit Kollegen - Kaffeeecke, Tischtennis, Tischkicker, Lese-Ecke, Cafeteria, Terrasse, … wenn du mal eine Pause brauchst - Finanzielle Unterstützung beim Auslandspraktikum - betriebliche Zusatzkrankenv…",47.85762,eyJhbGciOiJIUzI1NiJ9.eyJzIjoiQXZuaFlhUi04UkdQcC1wNTBwUlZxdyIsImkiOiI1NzUwMzY0NjI2In0.a3uncmeP-VizyqLcmtVhHVoxl3xXj2-LRahkBGPZ1C4,2026-06-03T11:34:37Z,0,"{'display_name': 'Engen, Konstanz (Kreis)', '__CLASS__': 'Adzuna::API::Response::Location', 'area': ['Deutschland', 'Baden-Württemberg', 'Konstanz (Kreis)', 'Engen']}",Duales Studium Bachelor of Science - Informatik / Wirtschaftsinformatik / Data Science & KI,"{'__CLASS__': 'Adzuna::API::Response::Company', 'display_name': 'allsafe GmbH & Co. KG'}",8.77577,,,,
"{'tag': 'part-time-jobs', '__CLASS__': 'Adzuna::API::Response::Category', 'label': 'Teilzeitstellen'}",5794839113,https://www.adzuna.de/land/ad/5794839113?se=AvnhYaR-8RGPp-p50pRVqw&utm_medium=api&utm_source=a4bcf954&v=A0B48475B567A0C513D0891688A480868C35C9DE,Adzuna::API::Response::Job,"Bist du bereit, mit dem Besten zu rechnen? Bei Zurich leben wir Versicherung neu. Um die Wünsche unserer Kunden noch besser zu erfüllen, gehen wir neue Wege, denken kreativ, arbeiten agil. Unsere Unternehmenskultur schenkt dir in jeder Hinsicht mehr Flexibilität– und viel Freiraum, dich optimal zu entfalten. Think big– und gerne auch international! Denn deine Entwicklungsmöglichkeiten kennen bei uns keine Grenzen. Bereit, die Zukunft in die Hand zu nehmen? Beginn: 01. September 2027 Das bieten …",50.940164,eyJhbGciOiJIUzI1NiJ9.eyJpIjoiNTc5NDgzOTExMyIsInMiOiJBdm5oWWFSLThSR1BwLXA1MHBSVnF3In0.RIUr0JN7-oQ_BKr7iVDVAWDVItflgp_jNoHYNwF2hrE,2026-07-10T01:32:01Z,0,"{'display_name': 'Köln, Nordrhein-Westfalen', '__CLASS__': 'Adzuna::API::Response::Location', 'area': ['Deutschland', 'Nordrhein-Westfalen', 'Köln']}",Duales Studium Mathematik&Informatik mit Anwendung in Data Science&künstlicher Intelligenz 2027,"{'__CLASS__': 'Adzuna::API::Response::Company', 'display_name': 'Zürich Beteiligungs AG'}",6.969972,,,,
"{'tag': 'unknown', '__CLASS__': 'Adzuna::API::Response::Category', 'label': 'Unknown'}",5766905993,https://www.adzuna.de/land/ad/5766905993?se=AvnhYaR-8RGPp-p50pRVqw&utm_medium=api&utm_source=a4bcf954&v=1DB2FDDB366CE479F04F5233972C3459DD2D14B5,Adzuna::API::Response::Job,"Die Salzgitter AG gehört mit rund 9 Mrd. Euro Außenumsatz und mehr als 22.000 Mitarbeitenden zu den führenden Stahl- und Technologiekonzernen in Europa und hat sich zum Ziel gemacht, die Dekarbonisierung der Stahlindustrie voranzutreiben. Als leistungsstarkes Tochterunternehmen des internationalen Industriekonzerns konnte die Salzgitter Mannesmann Stahlhandel GmbH ihre herausgehobene Position als Vollsortimenter im Stahlhandel in den letzten Jahren bundesweit und international erfolgreich ausba…",51.432764,eyJhbGciOiJIUzI1NiJ9.eyJzIjoiQXZuaFlhUi04UkdQcC1wNTBwUlZxdyIsImkiOiI1NzY2OTA1OTkzIn0.t2-4RUuwODRd7eFuQGbgIaz_TZshzoJXDp0Lbp4r42s,2026-06-17T17:46:33Z,0,"{'__CLASS__': 'Adzuna::API::Response::Location', 'area': ['Deutschland', 'Nordrhein-Westfalen', 'Mülheim an der Ruhr'], 'display_name': 'Mülheim an der Ruhr, Nordrhein-Westfalen'}",Spezialist Vertriebssteuerung Data Analytics & EDI (m/w/d),"{'display_name': 'Salzgitter Mannesmann Handel GmbH', '__CLASS__': 'Adzuna::API::Response::Company'}",6.947305,,,,
"{'label': 'Unknown', 'tag': 'unknown', '__CLASS__': 'Adzuna::API::Response::Category'}",5785691611,https://www.adzuna.de/land/ad/5785691611?se=AvnhYaR-8RGPp-p50pRVqw&utm_medium=api&utm_source=a4bcf954&v=F6D2D169808DF55DF594E349BED24D0130B66831,Adzuna::API::Response::Job,"Als weltweit agierendes Unternehmen benötigen wir eine IT-Landschaft, die jederzeit reibungslos funktioniert, sich stets auf dem neuesten Stand der Technik befindet und sich an den Bedürfnissen unserer Kunden innerhalb den Unternehmen der Schwarz Gruppe orientiert. An der Schnittstelle zwischen BWL und IT erarbeiten wir tragfähige Lösungen, die maßgeblich und sichtbar zu unserem Erfolg beitragen. {Programmbeginn:} 01.09.2027 mit dem Begrüßungsmonat {Studienbeginn:} 01.10.2027 {Studiendauer:} 3 …",49.2291,eyJhbGciOiJIUzI1NiJ9.eyJpIjoiNTc4NTY5MTYxMSIsInMiOiJBdm5oWWFSLThSR1BwLXA1MHBSVnF3In0.S94fqJuDAbJD5zl8Sn-2gauPJ072McfJkqPo9tzTXMQ,2026-07-02T19:37:57Z,0,"{'area': ['Deutschland', 'Baden-Württemberg', 'Heilbronn (Kreis)', 'Bad Friedrichshall'], '__CLASS__': 'Adzuna::API::Response::Location', 'display_name': 'Bad Friedrichshall, Heilbronn (Kreis)'}",Duales Studium Wirtschaftsinformatik 2027 Neckarsulm (m/w/d),"{'__CLASS__': 'Adzuna::API::Response::Company', 'display_name': 'Schwarz Digits'}",9.21629,,,,
"{'label': 'Unknown', '__CLASS__': 'Adzuna::API::Response::Category', 'tag': 'unknown'}",5792832554,https://www.adzuna.de/land/ad/5792832554?se=AvnhYaR-8RGPp-p50pRVqw&utm_medium=api&utm_source=a4bcf954&v=8691BA523FE0278A004B2658B83B2473B90C2E96,Adzuna::API::Response::Job,"Möchten Sie Ihre Ideen in nutzbringende und sinnvolle Technologien verwandeln? Ob im Bereich Mobility Solutions, Consumer Goods, Industrial Technology oder Energy and Building Technology - mit uns verbessern Sie die Lebensqualität der Menschen auf der ganzen Welt. Willkommen bei Bosch. Die Robert Bosch GmbH freut sich auf Ihre Bewerbung! Anstellungsart: Befristet Arbeitszeit: Vollzeit Arbeitsort: Reutlingen Aufgaben Als PreMaster analysierst und optimierst du End-to-End-Einkaufsprozesse und ent…",48.506053,eyJhbGciOiJIUzI1NiJ9.eyJpIjoiNTc5MjgzMjU1NCIsInMiOiJBdm5oWWFSLThSR1BwLXA1MHBSVnF3In0.0vEM01RauWtXda-L-L_GGym8LGaySKQ3YNzB1ZP8BlI,2026-07-08T18:25:55Z,0,"{'display_name': 'Reutlingen, Reutlingen (Kreis)', '__CLASS__': 'Adzuna::API::Response::Location', 'area': ['Deutschland', 'Baden-Württemberg', 'Reutlingen (Kreis)', 'Reutlingen']}",PreMaster Programm in Digitalisierung und Prozessmanagement im Einkauf (w/m/div.),"{'display_name': 'Bosch Gruppe', '__CLASS__': 'Adzuna::API::Response::Company'}",9.202888,,,,
"{'label': 'Stellen aus Buchhaltung & Finanzwesen', 'tag': 'accounting-finance-jobs', '__CLASS__': 'Adzuna::API::Response::Category'}",5772684573,https://www.adzuna.de/land/ad/5772684573?se=AvnhYaR-8RGPp-p50pRVqw&utm_medium=api&utm_source=a4bcf954&v=5849D53A72FF2E2A9EB7DF9496A61F08E8D6A393,Adzuna::API::Response::Job,Zur Verstärkung unseres Teams suchen wir zum nächstmöglichen Zeitpunkt einen Pricing Manager* Aufgaben Verantwortung für die Verkaufspreis-Steuerung über alle Webshops hinweg — ab dem vom Einkauf gesetzten Initialpreis Steuerung einer wettbewerbsbasierten Preisstrategie (Competitive Pricing) auf Basis der vorhandenen Wettbewerbspreis-Daten Verantwortung für dynamische Pricing-Logiken (Dynamic Pricing) zur Optimierung von Absatz und Deckungsbeitrag Planung und Steuerung saisonaler Abverkäufe und…,52.51987,eyJhbGciOiJIUzI1NiJ9.eyJzIjoiQXZuaFlhUi04UkdQcC1wNTBwUlZxdyIsImkiOiI1NzcyNjg0NTczIn0.hPHwJImFdDr_EffT422LzGOpVIdzliLh5KetzYuvAZg,2026-06-22T18:29:14Z,0,"{'display_name': 'Lingen, Lingen (Ems)', 'area': ['Deutschland', 'Niedersachsen', 'Emsland (Kreis)', 'Lingen (Ems)', 'Lingen'], '__CLASS__': 'Adzuna::API::Response::Location'}",Pricing Manager*,"{'__CLASS__': 'Adzuna::API::Response::Company', 'display_name': 'E.M.P. Merchandising Handelsges. mbH '}",7.32173,,,,
"{'label': 'Teilzeitstellen', 'tag': 'part-time-jobs', '__CLASS__': 'Adzuna::API::Response::Category'}",5767328953,https://www.adzuna.de/land/ad/5767328953?se=AvnhYaR-8RGPp-p50pRVqw&utm_medium=api&utm_source=a4bcf954&v=958EB314919057C73F9E1CF6996FB866EE6E6089,Adzuna::API::Response::Job,"Das kannst Du von uns erwarten: Technik und Wirtschaft gehören für Dich zusammen? Du begeisterst Dich für Informationstechnologien ebenso wie fürökonomische Zusammenhänge und möchtest Theorie direkt in der Praxis anwenden? Dann ist das Duale Studium Wirtschaftsinformatik mit Schwerpunkt Data Science– in Kooperation mit der Dualen Hochschule Baden-Württemberg (DHBW) in Stuttgart– genau das Richtige für Dich. Kennenlernen innovativer IT-Systeme, moderner Datenanalyseverfahren sowie deren Einsatz …",48.67129,eyJhbGciOiJIUzI1NiJ9.eyJzIjoiQXZuaFlhUi04UkdQcC1wNTBwUlZxdyIsImkiOiI1NzY3MzI4OTUzIn0.UzEJDY-38y73Sg-LAbOPFlSI_bbMNpOyMqlyKup8n0U,2026-06-18T01:08:56Z,0,"{'display_name': 'Wendlingen am Neckar, Esslingen (Kreis)', 'area': ['Deutschland', 'Baden-Württemberg', 'Esslingen (Kreis)', 'Wendlingen am Neckar'], '__CLASS__': 'Adzuna::API::Response::Location'}",Duales Studium - Wirtschaftsinformatik Data Science (B. Sc. m/w/d) 2027,"{'display_name': 'Festool Group', '__CLASS__': 'Adzuna::API::Response::Company'}",9.37738,,,,
"{'label': 'Teilzeitstellen', '__CLASS__': 'Adzuna::API::Response::Category', 'tag': 'part-time-jobs'}",5750392345,https://www.adzuna.de/land/ad/5750392345?se=AvnhYaR-8RGPp-p50pRVqw&utm_medium=api&utm_source=a4bcf954&v=BB24CAAFBE97C01E8B71480D53D62C30FA0721EC,Adzuna::API::Response::Job,"ÜBER UNS Wir bei BASF Digital Solutions machen die Digitalisierung der BASF möglich. Als deutsche Gruppengesellschaft der BASF mit Sitz in Ludwigshafen und Standorten wie Madrid, Schwarzheide beschäftigt die BASF Digital Solutions GmbH rund 1.700 Mitarbeiter. Digitalisierung ist einer der Schwerpunkte der neuen Unternehmensstrategie von BASF. In agilen Teams wollen wir neue digitale Lösungen einführen, die für unseren Kunden einen klaren Mehrwert darstellen. Alle relevanten Informationen zu dei…",49.486443,eyJhbGciOiJIUzI1NiJ9.eyJzIjoiQXZuaFlhUi04UkdQcC1wNTBwUlZxdyIsImkiOiI1NzUwMzkyMzQ1In0.YHWLMMoPbHehtSamhhnTd-R2G99-9y-tnzk0h5TNahM,2026-06-03T11:39:11Z,0,"{'__CLASS__': 'Adzuna::API::Response::Location', 'area': ['Deutschland', 'Rheinland-Pfalz', 'Ludwigshafen am Rhein'], 'display_name': 'Ludwigshafen am Rhein, Rheinland-Pfalz'}",Duales Studium (B.Sc.) - Data Science und Künstliche Intelligenz (m/w/d),"{'display_name': 'BASF', '__CLASS__': 'Adzuna::API::Response::Company'}",8.393718,,,,
"{'tag': 'part-time-jobs', '__CLASS__': 'Adzuna::API::Response::Category', 'label': 'Teilzeitstellen'}",5750358483,https://www.adzuna.de/land/ad/5750358483?se=AvnhYaR-8RGPp-p50pRVqw&utm_medium=api&utm_source=a4bcf954&v=E7D6BD682D593476A95C23C277F782F8D43EB095,Adzuna::API::Response::Job,"Wir alle haben als Kinder davon geträumt, Großes zu bewirken – ob als gute Feen, Stars im Rampenlicht oder Weltraumreisende im All. Höchste Zeit, dass diese Träume wahr werden! Dein Traumschiff? Die BayernLB! Bei uns steuern wir einer blühenden Zukunft entgegen und kämpfen als Fortschrittsfinanzierer für die Welt von morgen. Unsere Feenflügel und Raumanzüge haben wir abgelegt. Nicht aber unsere Ziele. Denen sind wir näher denn je. Als Spezialbank fokussieren wir uns auf ausgesuchte Zukunftssekt…",48.137418,eyJhbGciOiJIUzI1NiJ9.eyJzIjoiQXZuaFlhUi04UkdQcC1wNTBwUlZxdyIsImkiOiI1NzUwMzU4NDgzIn0.RlfgcyyH-1GLh0sOXyFwb5bKLwS2hdP3lZCGafc_UQ8,2026-06-03T11:33:42Z,0,"{'area': ['Deutschland', 'Bayern', 'München (Kreis)', 'München'], '__CLASS__': 'Adzuna::API::Response::Location', 'display_name': 'München, München (Kreis)'}",Hochschule München: Duales Studium Data Science und Scientific Computing (B.Sc.) 2027,"{'display_name': 'Bayerische Landesbank ', '__CLASS__': 'Adzuna::API::Response::Company'}",11.555737,,,,
"{'tag': 'unknown', '__CLASS__': 'Adzuna::API::Response::Category', 'label': 'Unknown'}",5792102779,https://www.adzuna.de/land/ad/5792102779?se=AvnhYaR-8RGPp-p50pRVqw&utm_medium=api&utm_source=a4bcf954&v=6B7EACDB187A3E828C4CA35EBC490591808803C0,Adzuna::API::Response::Job,"ERGO ist eine der größten Versicherungsgruppen in Deutschland und Europa. Wir bieten ein dynamisches Umfeld und herausfordernde Aufgaben in vielfältigen Projekten - an denen Sie weiter wachsen können. Gehen Sie mit uns neue Wege! Unser gemeinsames Ziel: unseren Kunden genau das zu bieten, was sie brauchen. Gruppenleiter Pricing & Market Analytics (m/w/d) Standort Düsseldorf, Deutschland Job ID ERGO02775 Jobtyp Vollzeit oder Teilzeit Unternehmen ERGO Deutschland Arbeitsmodus Hybrid Beschäftigung…",51.226802,eyJhbGciOiJIUzI1NiJ9.eyJzIjoiQXZuaFlhUi04UkdQcC1wNTBwUlZxdyIsImkiOiI1NzkyMTAyNzc5In0.7FiBJwrxTv8fgkhyGIS0IPf1y9TY1NZK8antuflPbKc,2026-07-08T08:06:35Z,0,"{'display_name': 'Düsseldorf, Nordrhein-Westfalen', '__CLASS__': 'Adzuna::API::Response::Location', 'area': ['Deutschland', 'Nordrhein-Westfalen', 'Düsseldorf']}",Gruppenleiter Pricing & Market Analytics (m/w/d),"{'__CLASS__': 'Adzuna::API::Response::Company', 'display_name': 'ERGO Group AG'}",6.808387,,,,
"{'label': 'Unknown', 'tag': 'unknown', '__CLASS__': 'Adzuna::API::Response::Category'}",5786794882,https://www.adzuna.de/land/ad/5786794882?se=AvnhYaR-8RGPp-p50pRVqw&utm_medium=api&utm_source=a4bcf954&v=7799D337A102C6993DC6A06145DE67AFDD1B6543,Adzuna::API::Response::Job,"Werden Sie Teil unseres Teams bei LIBERTY WOMAN in Lübbecke! Wir suchen Sie als engagierte Werkstudenten (m/w/d) für den Bereich ""Digitalisierung und KI"" zur Optimierung unseres Onlineshops! Aufgaben Unterstützung bei der Konzeption und Umsetzung digitaler Projekte im Onlineshop Analyse von Datenströmen, Nutzerverhalten und Verkaufszahlen zur Optimierung der Customer Journey Mitarbeit bei der Implementierung und Evaluierung von KI-basierten Tools (z. B. Empfehlungssysteme, Chatbots, Automatisie…",52.30001,eyJhbGciOiJIUzI1NiJ9.eyJzIjoiQXZuaFlhUi04UkdQcC1wNTBwUlZxdyIsImkiOiI1Nzg2Nzk0ODgyIn0.BZpd7L4iDJO0eA5qtWOa8ez1uDgRqFIHppeQcP-Ouao,2026-07-03T14:28:03Z,0,"{'__CLASS__': 'Adzuna::API::Response::Location', 'area': ['Deutschland', 'Nordrhein-Westfalen', 'Minden-Lübbecke (Kreis)', 'Lübbecke'], 'display_name': 'Lübbecke, Minden-Lübbecke (Kreis)'}",Werkstudent (m/w/d) Digitalisierung & KI im Onlineshop,"{'display_name': 'Liberty Damenmoden GmbH', '__CLASS__': 'Adzuna::API::Response::Company'}",8.61836,,,,
"{'label': 'Unknown', 'tag': 'unknown', '__CLASS__': 'Adzuna::API::Response::Category'}",5742785872,https://www.adzuna.de/land/ad/5742785872?se=AvnhYaR-8RGPp-p50pRVqw&utm_medium=api&utm_source=a4bcf954&v=E7170B9BCB3B324C6E8B65741C857494B42F81EA,Adzuna::API::Response::Job,"Dein (Master)Studium in Energiewirtschaft, Data Science, Wirtschaftsingenieurwesen oder einem vergleichbaren Studiengang ist deine Basis – dein Wissensdurst ist dein Antrieb! Du kennst die Energiewelt und fühlst dich im Bilanzkreis-Management oder im Energiehandel zu Hause. Du weißt, wie wichtig präzise Verbrauchsprognosen für den Markterfolg sind. Du liebst es, tief in große Datenmengen einzutauchen, Strukturen in Datenbanken zu erkennen und daraus wertvolle Schlüsse für den energiewirtschaftl…",49.18975,eyJhbGciOiJIUzI1NiJ9.eyJzIjoiQXZuaFlhUi04UkdQcC1wNTBwUlZxdyIsImkiOiI1NzQyNzg1ODcyIn0.6EuSm1I1HMQfaRm3ZaoQ8pCMa9BdQwQ-3z6ud6n8GOM,2026-05-28T02:04:13Z,0,"{'display_name': 'Neckarsulm, Heilbronn (Kreis)', '__CLASS__': 'Adzuna::API::Response::Location', 'area': ['Deutschland', 'Baden-Württemberg', 'Heilbronn (Kreis)', 'Neckarsulm']}",Projektleiter Energiemarktprognosen (m/w/d),"{'display_name': 'Schwarz Corporate Solutions', '__CLASS__': 'Adzuna::API::Response::Company'}",9.2274,,,,
"{'label': 'Unknown', '__CLASS__': 'Adzuna::API::Response::Category', 'tag': 'unknown'}",5786943175,https://www.adzuna.de/land/ad/5786943175?se=AvnhYaR-8RGPp-p50pRVqw&utm_medium=api&utm_source=a4bcf954&v=4EDFA419CE93703C1182394321CADE599E3CDA47,Adzuna::API::Response::Job,"HENSOLDT ist ein führendes Unternehmen der europäischen Verteidigungsindustrie mit globaler Reichweite. Das Unternehmen entwickelt Sensor-Komplettlösungen für Verteidigungs- und Sicherheitsanwendungen. Als Systemintegrator bietet HENSOLDT plattformunabhängige, vernetzte Komplettlösungen an. Zugleich treibt das Unternehmen als Technologieführer die Entwicklung der Verteidigungselektronik und Optronik voran und baut sein Portfolio auf der Grundlage innovativer Ansätze für Datenfusion, Künstliche …",48.17776,eyJhbGciOiJIUzI1NiJ9.eyJpIjoiNTc4Njk0MzE3NSIsInMiOiJBdm5oWWFSLThSR1BwLXA1MHBSVnF3In0.SfmtiNoRS0AheTGgnfMkqA2qVf3iDNzpS_pFAx1nc_c,2026-07-03T16:51:02Z,0,"{'display_name': 'Fürstenfeldbruck, Fürstenfeldbruck (Kreis)', 'area': ['Deutschland', 'Bayern', 'Fürstenfeldbruck (Kreis)', 'Fürstenfeldbruck'], '__CLASS__': 'Adzuna::API::Response::Location'}","Duales Studium: ""Informatik"" (w/m/d), Fürstenfeldbruck, Start 2027","{'display_name': 'HENSOLDT', '__CLASS__': 'Adzuna::API::Response::Company'}",11.25536,,,,
"{'tag': 'other-general-jobs', '__CLASS__': 'Adzuna::API::Response::Category', 'label': 'Sonstige/Allgemeine Stellen'}",5775733660,https://www.adzuna.de/land/ad/5775733660?se=AvnhYaR-8RGPp-p50pRVqw&utm_medium=api&utm_source=a4bcf954&v=596481C6CE0B9E67623CCFDCCD84BBF590B259BF,Adzuna::API::Response::Job,"Als Deutsche Zentrale Fachbibliothek für Technik und Naturwissenschaften sichern wir mit unseren zukunftsweisenden Dienstleistungen die infrastrukturellen Voraussetzungen einer qualitativ hochwertigen Informations- und Literaturversorgung für Forschung in Wissenschaft und Industrie. Mit dem Open Research Knowledge Graph (ORKG) arbeiten wir daran, den Austausch und die Nutzung wissenschaftlicher Erkenntnisse im digitalen Zeitalter zu revolutionieren. Die Technische Informationsbibliothek (TIB), …",52.378818,eyJhbGciOiJIUzI1NiJ9.eyJzIjoiQXZuaFlhUi04UkdQcC1wNTBwUlZxdyIsImkiOiI1Nzc1NzMzNjYwIn0.Y829mTK2-7jAWe2H7MDKcRwwaGy4Du6LEWZbHUtEc6M,2026-06-25T06:23:32Z,0,"{'display_name': 'Hannover, Region Hannover (Kreis)', 'area': ['Deutschland', 'Niedersachsen', 'Region Hannover (Kreis)', 'Hannover'], '__CLASS__': 'Adzuna::API::Response::Location'}",Semantic Data Architekt (m/w/d),"{'display_name': 'Technische Informationsbibliothek ', '__CLASS__': 'Adzuna::API::Response::Company'}",9.742751,,,,
"{'__CLASS__': 'Adzuna::API::Response::Category', 'tag': 'engineering-jobs', 'label': 'Technikerstellen'}",5777934525,https://www.adzuna.de/land/ad/5777934525?se=AvnhYaR-8RGPp-p50pRVqw&utm_medium=api&utm_source=a4bcf954&v=719EBC7D88F3E5A5CF0A5CAEBDE25D1DF3C6F028,Adzuna::API::Response::Job,"Hallo, lass uns WIR sagen! Im Data Analytics Team der HUK-COBURG transformieren wir Daten in echte Mehrwerte für über 13 Mio. Kund:innen. Als Deutschlands führende Kfz-Versicherung sind wir ein traditionsreiches und stabiles Unternehmen, welches zielgerichtet in Innovation und seine datengetriebene Zukunft investiert. Unsere agilen Data Analytics Teams setzen modernste Machine Learning und KI-Methoden ein, um Prozesse zu optimieren, faire Preise zu berechnen, Schäden digital und intelligent zu …",50.25777,eyJhbGciOiJIUzI1NiJ9.eyJzIjoiQXZuaFlhUi04UkdQcC1wNTBwUlZxdyIsImkiOiI1Nzc3OTM0NTI1In0.e8mMTcUy4gAkE0oW5fuCospDqNtbb1oUJi2fZQmrgrk,2026-06-26T18:22:34Z,0,"{'display_name': 'Coburg, Coburg (Kreis)', 'area': ['Deutschland', 'Bayern', 'Coburg (Kreis)', 'Coburg'], '__CLASS__': 'Adzuna::API::Response::Location'}",Senior Engineer Machine Learning / AI (w/m/d),"{'display_name': 'HUK-COBURG Versicherungsgruppe', '__CLASS__': 'Adzuna::API::Response::Company'}",10.96603,,,,
"{'tag': 'part-time-jobs', '__CLASS__': 'Adzuna::API::Response::Category', 'label': 'Teilzeitstellen'}",5750354685,https://www.adzuna.de/land/ad/5750354685?se=AvnhYaR-8RGPp-p50pRVqw&utm_medium=api&utm_source=a4bcf954&v=39F93B861DD047CB54862321D0BC487CCA6F0BA4,Adzuna::API::Response::Job,"Deine Aufgaben Du möchtest nicht nur Daten analysieren, sondern verstehen, wie aus Daten wertvolle Erkenntnisse entstehen, die die digitale Zukunft der HDI Group gestalten? Die 21-monatige IT-Ausbildung kombiniert praktische Arbeit im Bereich Data Science mit theoretischem Wissen, das Du im Studiengang Business Data Analytics mit Schwerpunkt KI an der FHDW in Hannover erwirbst. Du arbeitest an spannenden Projekten rund um AI, GenAI, Machine Learning, und Cloud-Services. Du entwickelst Lösungen,…",52.378818,eyJhbGciOiJIUzI1NiJ9.eyJzIjoiQXZuaFlhUi04UkdQcC1wNTBwUlZxdyIsImkiOiI1NzUwMzU0Njg1In0.ekW5Gn7HU80K_q0MAHKvTk_3KvoV9115zgvEACnETFs,2026-06-03T11:33:01Z,0,"{'__CLASS__': 'Adzuna::API::Response::Location', 'area': ['Deutschland', 'Niedersachsen', 'Region Hannover (Kreis)', 'Hannover'], 'display_name': 'Hannover, Region Hannover (Kreis)'}",Duales Studium Business Data Analytics (M.Sc.) mit Schwerpunkt KI - Einstieg Data Science,"{'display_name': 'HDI AG', '__CLASS__': 'Adzuna::API::Response::Company'}",9.742751,,,,
"{'tag': 'unknown', '__CLASS__': 'Adzuna::API::Response::Category', 'label': 'Unknown'}",5771808624,https://www.adzuna.de/land/ad/5771808624?se=AvnhYaR-8RGPp-p50pRVqw&utm_medium=api&utm_source=a4bcf954&v=81E6C62CD126E9B79F888187C33065EEAB49BD92,Adzuna::API::Response::Job,"HRblue ist seit über 25 Jahren spezialisiert auf die Besetzung von HR Fach- und Führungspositionen. In allen Branchen und in ganz Deutschland. Aktuell besetzen wir folgendes Mandat: Unser Mandant ist ein führender europäischer Akteur in seiner Branche. Nach einer Phase der massiven Systemstabilisierung (SAP SuccessFactors, Payroll) befindet sich das Unternehmen nun in der nächsten Stufe der Automatisierung und Datenintegration. Aufgaben Vom Datenverwalter zum strategischen Sparringspartner: Ges…",50.387657,eyJhbGciOiJIUzI1NiJ9.eyJpIjoiNTc3MTgwODYyNCIsInMiOiJBdm5oWWFSLThSR1BwLXA1MHBSVnF3In0.VAQ2kUjum4GcTd_5XAEghM1dIjuEYBgi_Mno3lIrOhw,2026-06-21T18:17:37Z,0,"{'area': ['Deutschland', 'Hessen'], '__CLASS__': 'Adzuna::API::Response::Location', 'display_name': 'Hessen, Deutschland'}",Personalcontroller/in (m/w/d) – Fokus Data & Systems,"{'__CLASS__': 'Adzuna::API::Response::Company', 'display_name': 'HRblue AG'}",8.870952,,,,
"{'label': 'Unknown', 'tag': 'unknown', '__CLASS__': 'Adzuna::API::Response::Category'}",5777938120,https://www.adzuna.de/land/ad/5777938120?se=AvnhYaR-8RGPp-p50pRVqw&utm_medium=api&utm_source=a4bcf954&v=26BD3C05615BF43B64D24EFE5857D9230DFB3982,Adzuna::API::Response::Job,"Warum die grenke als Möglichmacher einfacher Finanzierungslösungen für kleine und mittelständische Unternehmen bekannt ist? Klar: Das haben wir vor allem unseren über 2.300 Mitarbeiter:innen in mehr als 30 Ländern zu verdanken! Gemeinsam unterstützen wir unsere Kund:innen Tag für Tag dabei, ihre Geschäftsideen in die Tat umzusetzen – mit wachsendem Erfolg. Schreibe mit uns Erfolgsgeschichte und unterstütze uns zum nächstmöglichen Zeitpunkt als Senior Referent (m/w/d) Risikocontrolling 10006 | g…",48.754667,eyJhbGciOiJIUzI1NiJ9.eyJzIjoiQXZuaFlhUi04UkdQcC1wNTBwUlZxdyIsImkiOiI1Nzc3OTM4MTIwIn0.ep7ncKjBs06Mjoi__srav1bdKUcv_V8vsMWYjHUHtXk,2026-06-26T18:24:37Z,0,"{'__CLASS__': 'Adzuna::API::Response::Location', 'area': ['Deutschland', 'Baden-Württemberg', 'Baden-Baden'], 'display_name': 'Baden-Baden, Baden-Württemberg'}",Senior Referent (m/w/d) Risikocontrolling,"{'__CLASS__': 'Adzuna::API::Response::Company', 'display_name': 'grenke Bank AG'}",8.235274,,,,
"{'tag': 'part-time-jobs', '__CLASS__': 'Adzuna::API::Response::Category', 'label': 'Teilzeitstellen'}",5750360240,https://www.adzuna.de/land/ad/5750360240?se=AvnhYaR-8RGPp-p50pRVqw&utm_medium=api&utm_source=a4bcf954&v=9DB27E2D58369ACC293BD1DA88B0C04594D004D7,Adzuna::API::Response::Job,"Während des Dualen Studiums im Studiengang Data Science und Künstliche Intelligenz analysierst und interpretierst du große Datenmengen, um daraus wertvolles Wissen zu gewinnen. Du entwickelst intelligente, KI-basierte Anwendungen und optimierst damit Prozesse. Diese Kompetenzen machen dich zu einer gefragten Expertin oder einem gefragten Experten an der Schnittstelle von Technologie und Wirtschaft. Was du lernst Entwicklung von KI-Modellen und intelligenten Anwendungen (z.B. Machine Learning, N…",,eyJhbGciOiJIUzI1NiJ9.eyJzIjoiQXZuaFlhUi04UkdQcC1wNTBwUlZxdyIsImkiOiI1NzUwMzYwMjQwIn0.nMv_Ob7zuZe3uZ1dHIoEFCTrs_mX5EUAUWEcAHFDOcQ,2026-06-03T11:33:59Z,0,"{'__CLASS__': 'Adzuna::API::Response::Location', 'area': ['Deutschland'], 'display_name': 'Deutschland'}",Duales Studium Data Science und Künstliche Inteligenzen B.Sc. 2026 (m/w/d),"{'__CLASS__': 'Adzuna::API::Response::Company', 'display_name': 'Viessmann Climate Solutions'}",,,,,
"{'label': 'Teilzeitstellen', '__CLASS__': 'Adzuna::API::Response::Category', 'tag': 'part-time-jobs'}",5793494224,https://www.adzuna.de/land/ad/5793494224?se=AvnhYaR-8RGPp-p50pRVqw&utm_medium=api&utm_source=a4bcf954&v=70924A227E063BA07F75004A8CE597F09B7830DF,Adzuna::API::Response::Job,"Starte mit Viessmann Climate Solutions in dein dualesstudium. Du studierst in Mannheim und arbeitest zum Großteil in unserem EU-Headquarter in Allendorf (Eder). Während des Dualen Studiums im Studiengang Data Science und Künstliche Intelligenz analysierst und interpretierst du große Datenmengen, um daraus wertvolles Wissen zu gewinnen. Du entwickelst intelligente, KI-basierte Anwendungen und optimierst damit Prozesse. Diese Kompetenzen machen dich zu einer gefragten Expertin oder einem gefragte…",,eyJhbGciOiJIUzI1NiJ9.eyJzIjoiQXZuaFlhUi04UkdQcC1wNTBwUlZxdyIsImkiOiI1NzkzNDk0MjI0In0.c7Iw_ux4fQj0NqVBnwWZ0fbd3aBrPFgax0Ncpu2OBH8,2026-07-09T02:54:13Z,0,"{'__CLASS__': 'Adzuna::API::Response::Location', 'area': ['Deutschland'], 'display_name': 'Deutschland'}",Duales Studium Data Science und Künstliche Inteligenzen B.Sc. 2027 (m/w/d),"{'__CLASS__': 'Adzuna::API::Response::Company', 'display_name': 'Viessmann Climate Solutions'}",,,,,
"{'tag': 'part-time-jobs', '__CLASS__': 'Adzuna::API::Response::Category', 'label': 'Teilzeitstellen'}",5750383006,https://www.adzuna.de/land/ad/5750383006?se=AvnhYaR-8RGPp-p50pRVqw&utm_medium=api&utm_source=a4bcf954&v=7E7AD6C30237192E5985785B15D37062E1183FCF,Adzuna::API::Response::Job,"Darauf kannst du dich freuen: Wechsel zwischen Theoriephasen an der DHBW Karlsruhe und Praxiseinsätzen bei uns im Unternehmen Mitarbeit in spannenden Projekten mit direktem Bezug zur Praxis Einblicke in verschiedene Unternehmensbereiche und interdisziplinäre Zusammenarbeit Moderne Arbeitsumgebung, offene Unternehmenskultur und individuelle Betreuung Sehr gute Entwicklungschancen nach deinem Studium Einführungsmonat/Vorpraktikum bereits vor dem 1.10. Rotationsplan mit Wunsch-Stationen (deine per…",49.001249,eyJhbGciOiJIUzI1NiJ9.eyJpIjoiNTc1MDM4MzAwNiIsInMiOiJBdm5oWWFSLThSR1BwLXA1MHBSVnF3In0.GZ8K0unmCXFLIV90LctWtg9X0djOpORRvnssVeIor4U,2026-06-03T11:37:34Z,0,"{'area': ['Deutschland', 'Baden-Württemberg', 'Karlsruhe (Kreis)', 'Karlsruhe'], '__CLASS__': 'Adzuna::API::Response::Location', 'display_name': 'Karlsruhe, Karlsruhe (Kreis)'}",Bachelor of Science (m/w/d) â Data Science und Künstliche Intelligenz 2026,"{'display_name': 'BGV-Versicherung AG', '__CLASS__': 'Adzuna::API::Response::Company'}",8.412378,,,,
"{'label': 'IT-Stellen', '__CLASS__': 'Adzuna::API::Response::Category', 'tag': 'it-jobs'}",5779227775,https://www.adzuna.de/land/ad/5779227775?se=AvnhYaR-8RGPp-p50pRVqw&utm_medium=api&utm_source=a4bcf954&v=0CC736B3773E8F3EB178E77F37513720DB1DE55A,Adzuna::API::Response::Job,"Proemion bietet eine vollständige, sichere Telematiklösung, die auf die realen Bedürfnisse von OEMs zugeschnitten ist. Direkt in die Maschine integriert und aus einer Hand geliefert, gibt Proemion Ihnen die volle Kontrolle über Ihre Daten und ermöglicht es Service, Engineering und Betrieb, die Leistung zu optimieren und Wachstum voranzutreiben. Wir machen Maschinendaten im gesamten Unternehmen nutzbar, zuverlässig und wertvoll. Wir suchen ab sofort einen Cloud Implementation Specialist (gn) , d…",50.549976,eyJhbGciOiJIUzI1NiJ9.eyJzIjoiQXZuaFlhUi04UkdQcC1wNTBwUlZxdyIsImkiOiI1Nzc5MjI3Nzc1In0.j5ErXJeu0UtrkVQm4mCGxcPujfiPyuBQ8Kc72nc3uOs,2026-06-27T18:26:43Z,0,"{'display_name': 'Fulda, Fulda (Kreis)', 'area': ['Deutschland', 'Hessen', 'Fulda (Kreis)', 'Fulda'], '__CLASS__': 'Adzuna::API::Response::Location'}",Cloud Implementation Specialist (gn),"{'__CLASS__': 'Adzuna::API::Response::Company', 'display_name': 'Proemion GmbH'}",9.648316,,,,
"{'label': 'Unknown', '__CLASS__': 'Adzuna::API::Response::Category', 'tag': 'unknown'}",5788196727,https://www.adzuna.de/land/ad/5788196727?se=AvnhYaR-8RGPp-p50pRVqw&utm_medium=api&utm_source=a4bcf954&v=07284E449B6CECACAA4A5DB265514E01DE9B559B,Adzuna::API::Response::Job,"Potenziale freisetzen. Kupfer verbindet die Welt - in Technologien wie der E-Mobilität, der Energie- und Datenübertragung, der Kälte- und Klimatechnik, der Digitalisierung, dem Internet of Things. Überrasche uns durch dein frisches Denken mit neuen Impulsen und gestalte die Welt von morgen. Entdecke dabei zahlreiche Möglichkeiten, deine Potenziale freizusetzen. Wieland steht für Vielfalt und Chancengleichheit - aus diesem Grund freuen wir uns auf individuelle Bewerbungen unabhängig von Alter, G…",48.383137,eyJhbGciOiJIUzI1NiJ9.eyJpIjoiNTc4ODE5NjcyNyIsInMiOiJBdm5oWWFSLThSR1BwLXA1MHBSVnF3In0.pvwPmzAboZR0Ed54nhoYdRbqEgPqdeVPxQg6tsLpWaA,2026-07-04T18:56:22Z,0,"{'__CLASS__': 'Adzuna::API::Response::Location', 'area': ['Deutschland', 'Baden-Württemberg', 'Ulm'], 'display_name': 'Ulm, Baden-Württemberg'}",Prädiktive Sicherheit trifft Industrie: Masterarbeit in der Arbeitssicherheit der Zukunft (m/w/d),"{'display_name': 'Wieland-Werke AG', '__CLASS__': 'Adzuna::API::Response::Company'}",9.856945,,,,
"{'label': 'Stellen aus Buchhaltung & Finanzwesen', 'tag': 'accounting-finance-jobs', '__CLASS__': 'Adzuna::API::Response::Category'}",5779229772,https://www.adzuna.de/land/ad/5779229772?se=AvnhYaR-8RGPp-p50pRVqw&utm_medium=api&utm_source=a4bcf954&v=A444635A3AFDE32FEE39FDDC8F21AB90587EA3FA,Adzuna::API::Response::Job,"Die Landeskrankenhilfe (LKH) zählt zu den größeren privaten Krankenversicherungen in Deutschland. Mehr als 570 Mitarbeiter*innen sind für unsere rund 320.000 Kunden da. Im Rahmen des Wandels zu einem modernen Gesundheitsdienstleister stehen wir für innovative Arbeitsweisen und eine kulturelle Neuausrichtung der LKH. Diesen spannenden Weg gehen wir gemeinsam mit unseren Mitarbeiter*innen und mit weiteren Expert*innen, wie Ihnen. Aufgaben Aufbau eines zentralen Data Warehouse für sämtliche Untern…",53.24252,eyJhbGciOiJIUzI1NiJ9.eyJpIjoiNTc3OTIyOTc3MiIsInMiOiJBdm5oWWFSLThSR1BwLXA1MHBSVnF3In0.-F7Q0j0v4dLHBtUR6K0dlmkbhUbICZwCayiE8eyaX1s,2026-06-27T18:28:43Z,0,"{'display_name': 'Lüneburg, Lüneburg (Kreis)', 'area': ['Deutschland', 'Niedersachsen', 'Lüneburg (Kreis)', 'Lüneburg'], '__CLASS__': 'Adzuna::API::Response::Location'}",Experte Datenmanagement und Reporting (m/w/d),"{'__CLASS__': 'Adzuna::API::Response::Company', 'display_name': 'Landeskrankenhilfe V.V.a.G.'}",10.406345,,,,
"{'__CLASS__': 'Adzuna::API::Response::Category', 'tag': 'part-time-jobs', 'label': 'Teilzeitstellen'}",5793494282,https://www.adzuna.de/land/ad/5793494282?se=AvnhYaR-8RGPp-p50pRVqw&utm_medium=api&utm_source=a4bcf954&v=55D0F7DC6645ECDA1D2B9247D973D80AD7DF0682,Adzuna::API::Response::Job,"Gestalte die Zukunft mit KI– Starte dein Duales Studium im Bereich Data Science&Künstlicher Intelligenz! Du möchtest mit Daten arbeiten, smarte Lösungen entwickeln und herausfinden, wie KI den Alltag von Millionen Menschen erleichtern kann? Im dualen Studium Data Science&Künstliche Intelligenz bei Atruvia verbindest du Theorie und Praxis in einem der spannendsten IT-Bereicheüberhaupt. Deine Aufgaben: Entwickle KI-Lösungen: Du unterstützt bei der Entwicklung von Data-Science- und KI-Lösungen– vo…",49.001249,eyJhbGciOiJIUzI1NiJ9.eyJpIjoiNTc5MzQ5NDI4MiIsInMiOiJBdm5oWWFSLThSR1BwLXA1MHBSVnF3In0.nYTI1_E0HZlDa6ADzyJjvz7iP7mApLqLbNhPCZjOUVc,2026-07-09T02:54:13Z,0,"{'display_name': 'Karlsruhe, Karlsruhe (Kreis)', 'area': ['Deutschland', 'Baden-Württemberg', 'Karlsruhe (Kreis)', 'Karlsruhe'], '__CLASS__': 'Adzuna::API::Response::Location'}","Duales Studium Data Science&Künstliche Intelligenz B.Sc. (m/w/d), Karlsruhe 2027","{'display_name': 'Atruvia AG', '__CLASS__': 'Adzuna::API::Response::Company'}",8.412378,,,,
"{'__CLASS__': 'Adzuna::API::Response::Category', 'tag': 'part-time-jobs', 'label': 'Teilzeitstellen'}",5786127629,https://www.adzuna.de/land/ad/5786127629?se=AvnhYaR-8RGPp-p50pRVqw&utm_medium=api&utm_source=a4bcf954&v=987EF2E6E89302F989CBC680D81CA74A1C09AA69,Adzuna::API::Response::Job,"Dein Berufsbild: Du möchtest irgendwas mit Mathe machen und in deinen Zukunftsplänen ist Digitalisierung vorprogrammiert? Dann entscheide dich für den dualen Studiengang Künstliche Intelligenz und Data Science zur Befähigung zur Elektrofachkraft (w/m/d) und werde zum*zur Administrator*in deiner Karriere. Zur täglichen Arbeit von technischen Informatiker*innen gehören Daten, Cloud und Echtzeitkommunikation, dazu hardwarenahe Programmierung und Automatisierung. Projektlösungen für die Digitalisie…",49.022981,eyJhbGciOiJIUzI1NiJ9.eyJpIjoiNTc4NjEyNzYyOSIsInMiOiJBdm5oWWFSLThSR1BwLXA1MHBSVnF3In0.fcKWYfdf4AQVL3-KPonRAFc4KFrLnq895oQsIVpnxEI,2026-07-03T01:17:13Z,0,"{'__CLASS__': 'Adzuna::API::Response::Location', 'area': ['Deutschland', 'Bayern', 'Regensburg (Kreis)', 'Regensburg'], 'display_name': 'Regensburg, Regensburg (Kreis)'}",Künstliche Intelligenz und Data Science (B.Sc.) mit Befähigung zur Elektrofachkraft (w/m/d) 2027,"{'__CLASS__': 'Adzuna::API::Response::Company', 'display_name': 'Siemens AG'}",12.112321,,,,
"{'label': 'Teilzeitstellen', 'tag': 'part-time-jobs', '__CLASS__': 'Adzuna::API::Response::Category'}",5750396620,https://www.adzuna.de/land/ad/5750396620?se=AvnhYaR-8RGPp-p50pRVqw&utm_medium=api&utm_source=a4bcf954&v=D056E22E56F35755F5E799EB89C67A14F64D0834,Adzuna::API::Response::Job,Deine Aufga ben Als Bachelor of Science Wirtschaftsinformatik - Künstliche Intelligenz&Data Science (m/w/d) lernst du bei uns verschiedene Themengebiete kennen: Du analysierst Unternehmensdaten zielsicher und bereitest diese auf. Du sorgst für Datentransparenz im Unternehmen. Du arbeitest in Business Intelligence Projekten. Du setzt unsere Datenstrategie im Team um. Ausbildungsort: Paderborn Ausbildungsdauer: 6 Semester Partnerhochschule: Fachhochschule der Wirtschaft Fürstenallee 5 33102 Pader…,51.737096,eyJhbGciOiJIUzI1NiJ9.eyJzIjoiQXZuaFlhUi04UkdQcC1wNTBwUlZxdyIsImkiOiI1NzUwMzk2NjIwIn0.wV-fLQvoUM_TT9iNpviCbL3YGmIa_9FLa1eNYF560eI,2026-06-03T11:42:34Z,0,"{'display_name': 'Paderborn, Paderborn (Kreis)', 'area': ['Deutschland', 'Nordrhein-Westfalen', 'Paderborn (Kreis)', 'Paderborn'], '__CLASS__': 'Adzuna::API::Response::Location'}",Duales Studium Bachelor of Science Wirtschaftsinformatik - KI&Data Science (m/w/d) 2026,"{'display_name': 'Westfalen Weser Netz GmbH', '__CLASS__': 'Adzuna::API::Response::Company'}",8.753842,,,,
"{'tag': 'part-time-jobs', '__CLASS__': 'Adzuna::API::Response::Category', 'label': 'Teilzeitstellen'}",5793494241,https://www.adzuna.de/land/ad/5793494241?se=AvnhYaR-8RGPp-p50pRVqw&utm_medium=api&utm_source=a4bcf954&v=9299378FD0A7722F46DB2F15342F381C72C347F0,Adzuna::API::Response::Job,"Studienbeginn I Oktober 2026 Studiendauer I 3 Jahre Komm in unser Team und gestalte Deine Zukunft! Deine Vorteile Wir verbinden die Vorteile eines mittelständischen Unternehmens– wie persönliche Betreuung, ein starkes Teamgefühl und Gestaltungsspielräumen– mit den Möglichkeiten eines Großkonzerns: modernste Technologien und internationale Kundenin einem stetig wachsenden Umfeld. Interessantes, abwechslungsreiches und anspruchsvolles Studium mit besten Optionen zurÜbernahme nach erfolgreichem Ab…",47.708999,eyJhbGciOiJIUzI1NiJ9.eyJpIjoiNTc5MzQ5NDI0MSIsInMiOiJBdm5oWWFSLThSR1BwLXA1MHBSVnF3In0.xsA3eq3AW0umfqu_45R71qKJaJmqiV8o3wU5CgT38rs,2026-07-09T02:54:13Z,0,"{'display_name': 'Konstanz, Konstanz (Kreis)', '__CLASS__': 'Adzuna::API::Response::Location', 'area': ['Deutschland', 'Baden-Württemberg', 'Konstanz (Kreis)', 'Konstanz']}",Duales Studium (m/w/d) Data Science und Künstliche Intelligenz (B.Sc.) in Konstanz 2026,"{'__CLASS__': 'Adzuna::API::Response::Company', 'display_name': 'Körber Supply Chain Logistics GmbH'}",9.137663,,,,
"{'label': 'Teilzeitstellen', '__CLASS__': 'Adzuna::API::Response::Category', 'tag': 'part-time-jobs'}",5750378874,https://www.adzuna.de/land/ad/5750378874?se=AvnhYaR-8RGPp-p50pRVqw&utm_medium=api&utm_source=a4bcf954&v=EC512D21B01813800BFB53C16098E3BF51670B73,Adzuna::API::Response::Job,"Hast Du Deinen Weg schon gefunden? Für Deinen Weg bei uns bringst Du mit: 3 Jahre Zeit und allgemeine Hochschulreife oder Fachhochschulreife  Studierfähigkeitstest Hier baust Du Dein theoretisches Fundament: DHBW Karlsruhe Die Praxis lernst Du hier : HORNBACH Zentrale in Bornheim bei Landau i. d. Pfalz Startschuss für Deine Zukunft bei HORNBACH: 01.10.2026 Darauf kannst Du Dich freuen: Gehalt - logisch! 1. Jahr: 1.250 €, 2. Jahr: 1.500 €, 3. Jahr: 1.750 € Mehr – klar! Neben Deinem Gehalt sowie …",50.1246,eyJhbGciOiJIUzI1NiJ9.eyJzIjoiQXZuaFlhUi04UkdQcC1wNTBwUlZxdyIsImkiOiI1NzUwMzc4ODc0In0.MsswB24Zvuf__YOdEOxhHth44vQxuiFk6w8Y4j6_DM0,2026-06-03T11:36:54Z,0,"{'display_name': 'Bornheim, Frankfurt am Main', '__CLASS__': 'Adzuna::API::Response::Location', 'area': ['Deutschland', 'Hessen', 'Frankfurt am Main', 'Bornheim']}",Duales Studium - Bachelor of Science - Informatik - Data Science und KI (gn) für 2026 - ID 150988,"{'display_name': 'HORNBACH Baumarkt AG', '__CLASS__': 'Adzuna::API::Response::Company'}",8.71298,,,,
"{'label': 'Beraterstellen', '__CLASS__': 'Adzuna::API::Response::Category', 'tag': 'consultancy-jobs'}",5773180912,https://www.adzuna.de/land/ad/5773180912?se=AvnhYaR-8RGPp-p50pRVqw&utm_medium=api&utm_source=a4bcf954&v=F900DE2D077FAD648EE377A9625F9BBF03F96C8E,Adzuna::API::Response::Job,"Die ADI Solutions GmbH steht für moderne Softwareentwicklung – international ausgerichtet. An unseren Standorten in Osnabrück und Venlo sowie gemeinsam mit internationalen Kollegen entwickeln rund 50 Mitarbeitende Lösungen, die weltweit im Einsatz sind – bei über 100 Kunden in mehr als 25 Ländern. Was uns antreibt, ist die Verbindung von Menschen, Ideen und Technologien. Ob ERP mit Microsoft Dynamics 365 Business Central, Business Intelligence, Power Platform, Web-Apps oder KI – wir schaffen Lö…",52.274227,eyJhbGciOiJIUzI1NiJ9.eyJpIjoiNTc3MzE4MDkxMiIsInMiOiJBdm5oWWFSLThSR1BwLXA1MHBSVnF3In0.RFNNvM0WmYQTFm6142gcmJVfge_oacD0lICf8l3DJvo,2026-06-23T06:22:13Z,0,"{'__CLASS__': 'Adzuna::API::Response::Location', 'area': ['Deutschland', 'Niedersachsen', 'Osnabrück (Kreis)', 'Osnabrück'], 'display_name': 'Osnabrück, Osnabrück (Kreis)'}",Teamlead Artificial Intelligence - MLOps / Machine Learning (m/w/d),"{'display_name': 'ADI Solutions GmbH', '__CLASS__': 'Adzuna::API::Response::Company'}",8.055137,,,,
"{'label': 'IT-Stellen', 'tag': 'it-jobs', '__CLASS__': 'Adzuna::API::Response::Category'}",5778613391,https://www.adzuna.de/land/ad/5778613391?se=DM1IY6R-8RGfLqP0kN4w7g&utm_medium=api&utm_source=a4bcf954&v=B15CEFDC6F71F8BDABEF7AAE8FA3F34576B6B996,Adzuna::API::Response::Job,"Die börsennotierte Rheinmetall AG mit Sitz in Düsseldorf steht als integrierter Technologiekonzern für ein ebenso substanzstarkes wie international erfolgreiches Unternehmen, das mit einem innovativen Produkt- und Leistungsspektrum auf unterschiedlichen Märkten aktiv ist. Rheinmetall ist ein führendes internationales Systemhaus der Verteidigungsindustrie. Die Ausrichtung auf Nachhaltigkeit ist integraler Bestandteil der Rheinmetall-Strategie. Bis 2035 will das Unternehmen CO2-Neutralität erreic…",51.226802,eyJhbGciOiJIUzI1NiJ9.eyJpIjoiNTc3ODYxMzM5MSIsInMiOiJETTFJWTZSLThSR2ZMcVAwa040dzdnIn0.pRpmUiMrmm_qQQU-ZHymdjQq945y_INF2Cbtyjliocw,2026-06-27T06:23:35Z,0,"{'__CLASS__': 'Adzuna::API::Response::Location', 'area': ['Deutschland', 'Nordrhein-Westfalen', 'Düsseldorf'], 'display_name': 'Düsseldorf, Nordrhein-Westfalen'}",Expert IT License Management (m/w/d),"{'display_name': 'Rheinmetall IT Solutions GmbH', '__CLASS__': 'Adzuna::API::Response::Company'}",6.808387,,,,
"{'label': 'Stellen aus Wissenschaft & Qualitätssicherung', '__CLASS__': 'Adzuna::API::Response::Category', 'tag': 'scientific-qa-jobs'}",5787004009,https://www.adzuna.de/land/ad/5787004009?se=DM1IY6R-8RGfLqP0kN4w7g&utm_medium=api&utm_source=a4bcf954&v=2271F22FE3F2B2ABB4375CCDD6F94379B6673DF7,Adzuna::API::Response::Job,"Die Fraunhofer-Gesellschaft ist eine der weltweit führenden Organisationen für anwendungsorientierte Forschung. 74 Institute entwickeln wegweisende Technologien für unsere Wirtschaft und Gesellschaft – genauer: 30 000 Menschen aus Technik, Wissenschaft, Verwaltung und IT. Sie wissen: Wer zu Fraunhofer kommt, will und kann etwas verändern. Für sich, für uns und die Märkte von heute und morgen. Das Fraunhofer-Institut für Kommunikation, Informationsverarbeitung und Ergonomie FKIE erforscht neue, …",50.71942,eyJhbGciOiJIUzI1NiJ9.eyJpIjoiNTc4NzAwNDAwOSIsInMiOiJETTFJWTZSLThSR2ZMcVAwa040dzdnIn0.rxiGFqcNqrCB1r2uvmkiM18AFiFY5MRIHDsMVKUtiE4,2026-07-03T19:38:37Z,0,"{'display_name': 'Bonn, Nordrhein-Westfalen', 'area': ['Deutschland', 'Nordrhein-Westfalen', 'Bonn'], '__CLASS__': 'Adzuna::API::Response::Location'}",Wissenschaftliche*r Mitarbeiter*in im Bereich Mobile Netzwerke & Netzwerksicherheit,"{'display_name': 'Fraunhofer-Institut für Kommunikation, Informationsver. und Ergonomie FKIE', '__CLASS__': 'Adzuna::API::Response::Company'}",7.112412,,,,
"{'tag': 'unknown', '__CLASS__': 'Adzuna::API::Response::Category', 'label': 'Unknown'}",5779227952,https://www.adzuna.de/land/ad/5779227952?se=DM1IY6R-8RGfLqP0kN4w7g&utm_medium=api&utm_source=a4bcf954&v=AD7293901F8430FCC5BCEBA04FF1BFCF4C0EE150,Adzuna::API::Response::Job,"Unser Anspruch ist es, eine neue Dimension im mobile Banking zu definieren . Du kannst hier ganz vorne mit dabei sein! Digitale Geschäftsmodelle und agiles Arbeiten begeistern Dich, Du bist neugierig und bringst Leidenschaft für Veränderungen mit? Dann bist Du bei uns genau richtig! Erlebe die Dynamik des FinTech Space mit agilen Prozessen, kurzen Entscheidungswegen und einer steilen Entwicklungskurve in einem großartigen Team. Wir freuen uns auf Deine Bewerbung als (Junior) Produktmanager (m/w…",50.129683,eyJhbGciOiJIUzI1NiJ9.eyJzIjoiRE0xSVk2Ui04UkdmTHFQMGtONHc3ZyIsImkiOiI1Nzc5MjI3OTUyIn0.VKfrSCHSQw2lSP_V1h8OnqX6QsCTSzd0veBOiT6NQzo,2026-06-27T18:26:51Z,0,"{'display_name': 'Frankfurt am Main, Hessen', '__CLASS__': 'Adzuna::API::Response::Location', 'area': ['Deutschland', 'Hessen', 'Frankfurt am Main']}",(Junior) Produktmanager (m/w/d) Financial Insights,"{'display_name': 'C24 Bank GmbH', '__CLASS__': 'Adzuna::API::Response::Company'}",8.650578,,,,
"{'label': 'Unknown', '__CLASS__': 'Adzuna::API::Response::Category', 'tag': 'unknown'}",5792425245,https://www.adzuna.de/land/ad/5792425245?se=DM1IY6R-8RGfLqP0kN4w7g&utm_medium=api&utm_source=a4bcf954&v=122D0DD9E73D1B0FE39690D937556C3A2B64A835,Adzuna::API::Response::Job,"Verwaltung und Innovation – passt das zusammen? Wir sagen: Ja! Mit rund 150 Mitarbeiter:innen treiben wir als agile Einheit die Digitalisierung der Verwaltung in Deutschland voran – schlank, spezialisiert und mit Gestaltungsspielraum. Als Umsetzungseinheit des IT-Planungsrats stärken wir die Handlungsfähigkeit, schaffen Synergien und vernetzen Akteure. Unsere Zusammenarbeit basiert auf Offenheit, Vertrauen und Wertschätzung – Vielfalt auf Augenhöhe prägt unser Miteinander. Was uns eint: die Mot…",50.129683,eyJhbGciOiJIUzI1NiJ9.eyJzIjoiRE0xSVk2Ui04UkdmTHFQMGtONHc3ZyIsImkiOiI1NzkyNDI1MjQ1In0.BOq4xtr9bGpMvzWiA_iAH2WLg7K_iOeGRaN9tdpuovE,2026-07-08T13:03:20Z,0,"{'__CLASS__': 'Adzuna::API::Response::Location', 'area': ['Deutschland', 'Hessen', 'Frankfurt am Main'], 'display_name': 'Frankfurt am Main, Hessen'}",Produktgruppenleitung Marktplätze (m/w/d),"{'__CLASS__': 'Adzuna::API::Response::Company', 'display_name': 'Föderale IT-Kooperation '}",8.650578,,,,
"{'label': 'Sonstige/Allgemeine Stellen', 'tag': 'other-general-jobs', '__CLASS__': 'Adzuna::API::Response::Category'}",5717545957,https://www.adzuna.de/land/ad/5717545957?se=DM1IY6R-8RGfLqP0kN4w7g&utm_medium=api&utm_source=a4bcf954&v=A7FFE094B541C00CD0002CD06B7CBBC3DBA148F7,Adzuna::API::Response::Job,"Die Duale Hochschule Schleswig-Holstein (DHSH) bietet als staatlich anerkannte Hochschule für angewandte Wissenschaften an den Studienstandorten Kiel, Lübeck und Flensburg duale Studiengänge und praxisverbundene Forschung. Vor über 50 Jahren als Berufsakademie Schleswig-Holstein gegründet, bietet die DHSH Studierenden die Chance, von jahrzehntelanger Erfahrung im dualen Studium zu profitieren. Angeboten werden in Zusammenarbeit mit über 400 Partnerunternehmen die dualen Bachelorstudiengänge Bet…",54.319658,eyJhbGciOiJIUzI1NiJ9.eyJzIjoiRE0xSVk2Ui04UkdmTHFQMGtONHc3ZyIsImkiOiI1NzE3NTQ1OTU3In0.SWlgkKetoNexcFcr2HopBBEsDyp1ZX-tslu3P5XBWkE,2026-05-03T04:42:13Z,0,"{'__CLASS__': 'Adzuna::API::Response::Location', 'area': ['Deutschland', 'Schleswig-Holstein', 'Kiel'], 'display_name': 'Kiel, Schleswig-Holstein'}",Duales Studium Wirtschaftsinformatik an der DHSH in Kiel,"{'display_name': 'Duale Hochschule Schleswig-Holstein ', '__CLASS__': 'Adzuna::API::Response::Company'}",10.137982,,,,
"{'label': 'Unknown', '__CLASS__': 'Adzuna::API::Response::Category', 'tag': 'unknown'}",4703047400,https://www.adzuna.de/details/4703047400?utm_medium=api&utm_source=a4bcf954,Adzuna::API::Response::Job,"Über nerou Die Datenanalyse-Software von nerou unterstützt Betreiber von Kläranlagen bei täglichen Entscheidungen in der Anlagensteuerung. In Kläranlagen müssen komplexe Entscheidungen getroffen werden, um die Anlage auf sich täglich ändernde Einflüsse einzustellen. Alle relevanten Daten werden von Machine Learning Algorithmen analysiert und ausgewertet. Die gewonnen Erkenntnisse werden in Form von Entscheidungshilfen an den Kunden weitergeleitet. Dies reduziert nicht nur Kosten für die Betreib…",52.507706,eyJhbGciOiJIUzI1NiJ9.eyJzIjoiRE0xSVk2Ui04UkdmTHFQMGtONHc3ZyIsImkiOiI0NzAzMDQ3NDAwIn0.qf4DXusIpJ03Y7zURiwaK6gq6AFiGnzyQTRkB2dMfD0,2024-05-22T08:24:33Z,0,"{'display_name': 'Berlin, Deutschland', '__CLASS__': 'Adzuna::API::Response::Location', 'area': ['Deutschland', 'Berlin']}",Werkstudent:in Data Science,"{'__CLASS__': 'Adzuna::API::Response::Company', 'display_name': 'nerou GmbH'}",13.420806,,,,
"{'label': 'Unknown', '__CLASS__': 'Adzuna::API::Response::Category', 'tag': 'unknown'}",5796642867,https://www.adzuna.de/land/ad/5796642867?se=DM1IY6R-8RGfLqP0kN4w7g&utm_medium=api&utm_source=a4bcf954&v=5B087DEE5076BE1B392A204140501E85076D8B1C,Adzuna::API::Response::Job,Bei uns gestaltest Du die Zukunft und bringst die digitale Transformation in unsere Fachbereiche. Hierzu erlernst Du grundlegende Kenntnisse zu den Schlüsseltechnologien des digitalen Wandels Data Science und KI im Rahmen eines Studiums an der Dualen Hochschule Baden-Württemberg Mosbach ( https://www.mosbach.dhbw.de/studium/studienangebot-bachelor/data-science-kuenstliche-intelligenz/studieninhalte-profil/ ) und erbringst Deine Praxiseinsätze an unserem Standort Wilhelmsdorf in Mittelfranken. D…,49.35198,eyJhbGciOiJIUzI1NiJ9.eyJpIjoiNTc5NjY0Mjg2NyIsInMiOiJETTFJWTZSLThSR2ZMcVAwa040dzdnIn0.us-sYBc8MPdRnuqAwnjoKRKhS7LYIhSL3l8DDs5ATiI,2026-07-11T09:25:33Z,0,"{'display_name': 'Mosbach, Neckar-Odenwald-Kreis', 'area': ['Deutschland', 'Baden-Württemberg', 'Neckar-Odenwald-Kreis', 'Mosbach'], '__CLASS__': 'Adzuna::API::Response::Location'}",Dualer Student (m/w/d) - Studiengang: Data Science und Künstliche Intelligenz an der dualen Hochschule Mosbach,"{'__CLASS__': 'Adzuna::API::Response::Company', 'display_name': 'Gubesch GmbH'}",9.14587,,,,
"{'label': 'Unknown', '__CLASS__': 'Adzuna::API::Response::Category', 'tag': 'unknown'}",5786086436,https://www.adzuna.de/details/5786086436?utm_medium=api&utm_source=a4bcf954,Adzuna::API::Response::Job,"Deine Aufgaben Werde Teil unseres Daten & KI Teams, unterstütze datenbasierte Analysen und entwickle innovative Automatisierungslösungen. Ab sofort für 4 bis 6 Monate. … konkret heißt das: Erhalte Einblicke in Big Data und Machine Learning Technologien Mitarbeit bei Datenerhebung, -aufbereitung und explorativer Analyse Entwicklung, Validierung und Pilotierung KI- und Statistik-basierte Lösungen für automatisierte Entscheidungen in Fachabteilungen Einbringen in die strategische Definition von Da…",49.18975,eyJhbGciOiJIUzI1NiJ9.eyJzIjoiRE0xSVk2Ui04UkdmTHFQMGtONHc3ZyIsImkiOiI1Nzg2MDg2NDM2In0.uF5pkQ6OMsNSXuWKyurpTSL98uU10VXnxHenlwVrNsY,2026-07-03T00:47:24Z,0,"{'__CLASS__': 'Adzuna::API::Response::Location', 'area': ['Deutschland', 'Baden-Württemberg', 'Heilbronn (Kreis)', 'Neckarsulm'], 'display_name': 'Neckarsulm, Heilbronn (Kreis)'}",Praktikum Data Science,"{'display_name': 'Lidl Stiftung', '__CLASS__': 'Adzuna::API::Response::Company'}",9.2274,full_time,,,
"{'tag': 'unknown', '__CLASS__': 'Adzuna::API::Response::Category', 'label': 'Unknown'}",5766906410,https://www.adzuna.de/land/ad/5766906410?se=DM1IY6R-8RGfLqP0kN4w7g&utm_medium=api&utm_source=a4bcf954&v=02785A35A3B567F27810EF5F1D4C5D166171F9C9,Adzuna::API::Response::Job,"Du willst mehr als Uni und möchtest erste Berufseinblicke und Kontakte knüpfen? Dann bist du hier richtig! Als Werkstudent bei Kaufland gehörst du von Beginn an zu einem starken Team und kannst zeigen, was in dir steckt. Werde auch du Teil von teamkaufland! Aufgaben Voll dabei im operativen Geschehen: Zeige uns deine Energie und Power, während du unser Recruiting-Team mit vollem Elan bei der sorgfältigen Bearbeitung eingehender Bewerbungen unterstützt. Starte voll durch: Schlüpfe in die Rolle d…",49.18975,eyJhbGciOiJIUzI1NiJ9.eyJzIjoiRE0xSVk2Ui04UkdmTHFQMGtONHc3ZyIsImkiOiI1NzY2OTA2NDEwIn0.O7IgvaSAOdg53eqIfQtn-aNBzynrvyM4FnluRX-aH2U,2026-06-17T17:46:59Z,0,"{'area': ['Deutschland', 'Baden-Württemberg', 'Heilbronn (Kreis)', 'Neckarsulm'], '__CLASS__': 'Adzuna::API::Response::Location', 'display_name': 'Neckarsulm, Heilbronn (Kreis)'}",Werkstudent / Studentenjob Recruiting - ungarische Sprachkenntnisse (m/w/d),"{'__CLASS__': 'Adzuna::API::Response::Company', 'display_name': 'Kaufland'}",9.2274,,,,
"{'label': 'IT-Stellen', 'tag': 'it-jobs', '__CLASS__': 'Adzuna::API::Response::Category'}",5788009593,https://www.adzuna.de/land/ad/5788009593?se=DM1IY6R-8RGfLqP0kN4w7g&utm_medium=api&utm_source=a4bcf954&v=8A491DDA6733BF7B0902D0170405AEE8D44B78C3,Adzuna::API::Response::Job,"Emschergenossenschaft und Lippeverband sind gemeinsam der größte Abwasserentsorger und Betreiber von Kläranlagen in Deutschland und verlässlicher Partner unserer kommunalen und industriellen Mitglieder. Als öffentlich-rechtlicher Arbeitgeber mit rund 1.900 Mitarbeitenden realisieren wir die Abwasserreinigung, stellen den Hochwasserschutz sicher und bewirtschaften das Grund- und Regenwasser an Emscher und Lippe. Mit Ihrer Arbeit in einem innovativen Umfeld gestalten Sie die Region aktiv mit und …",51.444823,eyJhbGciOiJIUzI1NiJ9.eyJzIjoiRE0xSVk2Ui04UkdmTHFQMGtONHc3ZyIsImkiOiI1Nzg4MDA5NTkzIn0.v4xG78dQwQj4xtSL1q8uKP5fTTBIuFdfnDGRiyns-LI,2026-07-04T14:30:18Z,0,"{'display_name': 'Essen, Nordrhein-Westfalen', 'area': ['Deutschland', 'Nordrhein-Westfalen', 'Essen'], '__CLASS__': 'Adzuna::API::Response::Location'}",Projektleiter*in (m/w/d) Datenmanagement,"{'__CLASS__': 'Adzuna::API::Response::Company', 'display_name': 'Emschergenossenschaft/Lippeverband'}",7.014478,,,,
"{'label': 'Unknown', 'tag': 'unknown', '__CLASS__': 'Adzuna::API::Response::Category'}",5779228036,https://www.adzuna.de/land/ad/5779228036?se=DM1IY6R-8RGfLqP0kN4w7g&utm_medium=api&utm_source=a4bcf954&v=2D7FD09F08878DD67FD39375D9D67EDE6B891926,Adzuna::API::Response::Job,"1&1 gehört mit über 3.100 Mitarbeitenden und fast 16 Millionen Kundenverträgen zu den führenden Telekommunikationsanbietern in Deutschland. Mit Pioniergeist, ungewöhnlichen Ideen und kreativen Teams haben wir eine führende Marktstellung im Mobilfunk und bei Breitband-Anschlüssen erobert. Durch die Kombination des über 67.000 km langen 1&1 Glasfasernetzes und regionalen Netzen schaffen wir das weitreichendste Glasfasernetz Deutschlands. Außerdem bauen wir das modernste 5G-Netz Europas, auf der B…",49.001249,eyJhbGciOiJIUzI1NiJ9.eyJzIjoiRE0xSVk2Ui04UkdmTHFQMGtONHc3ZyIsImkiOiI1Nzc5MjI4MDM2In0.lEJepP-O2dkyGWxEZmQl-l3JEYpKyiW5pPqZ4a90ubI,2026-06-27T18:26:56Z,0,"{'area': ['Deutschland', 'Baden-Württemberg', 'Karlsruhe (Kreis)', 'Karlsruhe'], '__CLASS__': 'Adzuna::API::Response::Location', 'display_name': 'Karlsruhe, Karlsruhe (Kreis)'}",Werkstudent (w/m/d) - Shop Operations,"{'__CLASS__': 'Adzuna::API::Response::Company', 'display_name': '1&1'}",8.412378,,,,
"{'label': 'IT-Stellen', '__CLASS__': 'Adzuna::API::Response::Category', 'tag': 'it-jobs'}",5789616636,https://www.adzuna.de/land/ad/5789616636?se=DM1IY6R-8RGfLqP0kN4w7g&utm_medium=api&utm_source=a4bcf954&v=70014EE24C84DF78D302F9568F43E1147BBF08AA,Adzuna::API::Response::Job,"Willkommen im Team der Fraport AG . Wir sind eines der führenden Unternehmen im Airport Business und betreiben mit dem Flughafen Frankfurt einen der größten Verkehrsflughäfen Europas. Tag für Tag verbinden wir bei Fraport Menschen und Kulturen aus aller Welt – auch als Arbeitgeber. Wir sind das berufliche Zuhause für Menschen aus über 100 Nationen, die an einem Strang ziehen, um unseren Flughafen 365 Tage im Jahr am Laufen zu halten. Du willst deinen eigenen Weg in der Fraport-Welt gehen? Dann …",,eyJhbGciOiJIUzI1NiJ9.eyJpIjoiNTc4OTYxNjYzNiIsInMiOiJETTFJWTZSLThSR2ZMcVAwa040dzdnIn0.q1Ea1kCgdCjS4G6NavN0YG38BN_7cQUfMu6-vza4bj4,2026-07-06T08:08:34Z,0,"{'display_name': 'Frankfurt am Main, Hessen', 'area': ['Deutschland', 'Hessen', 'Frankfurt am Main'], '__CLASS__': 'Adzuna::API::Response::Location'}","Bachelor of Science, Angewandte Informatik (m/w/d) (2027)","{'display_name': 'Fraport AG', '__CLASS__': 'Adzuna::API::Response::Company'}",,,,,
"{'__CLASS__': 'Adzuna::API::Response::Category', 'tag': 'it-jobs', 'label': 'IT-Stellen'}",5770829061,https://www.adzuna.de/land/ad/5770829061?se=DM1IY6R-8RGfLqP0kN4w7g&utm_medium=api&utm_source=a4bcf954&v=EA68B00A8076CAF6AD549A806EF7DD56B12DC5AC,Adzuna::API::Response::Job,"Wir sind nicht irgendein Unternehmen. Felix Schoeller ist ein echtes Familienunternehmen. Und wir verstehen uns auch als Familie – seit 1895. Unseren Weg begleiten engagierte Mitarbeitende und herausfordernde Aufgaben in einem internationalen Umfeld. Dabei setzen wir auf Flexibilität, Verantwortung und Vertrauen und geben den Raum zu wachsen. Denn wie in einer Familie heißt es bei uns: Dein Weg ist unser Weg. Dabei sind wir weltweit an 14 Standorten in 9 Ländern über 2.500 begeisterte Fachleute…",52.274227,eyJhbGciOiJIUzI1NiJ9.eyJzIjoiRE0xSVk2Ui04UkdmTHFQMGtONHc3ZyIsImkiOiI1NzcwODI5MDYxIn0.BB_GCXlbRFD9sFmRcjzkVyWDYyF-YR3svMZTFN6UAbg,2026-06-20T18:16:48Z,0,"{'__CLASS__': 'Adzuna::API::Response::Location', 'area': ['Deutschland', 'Niedersachsen', 'Osnabrück (Kreis)', 'Osnabrück'], 'display_name': 'Osnabrück, Osnabrück (Kreis)'}",Data/System Architekt Finance & Controlling (m/w/d),"{'display_name': 'Felix Schoeller GmbH & Co. KG', '__CLASS__': 'Adzuna::API::Response::Company'}",8.055137,,,,
"{'label': 'Stellen aus PR, Werbung & Marketing', '__CLASS__': 'Adzuna::API::Response::Category', 'tag': 'pr-advertising-marketing-jobs'}",5797132520,https://www.adzuna.de/land/ad/5797132520?se=DM1IY6R-8RGfLqP0kN4w7g&utm_medium=api&utm_source=a4bcf954&v=28AA5D8426D77799904A6D10967DAB9073F9823D,Adzuna::API::Response::Job,"Life is always about becoming… Im Leben geht es darum, sich auf eine Reise zu begeben, um die beste Version unseres zukünftigen Selbst zu werden. Während wir Neues entdecken, stellen wir uns Herausforderungen, meistern sie und wachsen über uns hinaus. Bewerben Sie sich bei Mercedes-Benz und finden Sie den Aufgabenbereich, in dem Sie Ihre Talente individuell entfalten können. Dabei werden Sie von visionären Kolleginnen und Kollegen unterstützt, die Ihren Pioniergeist teilen. Bei uns einzusteigen…",48.776198,eyJhbGciOiJIUzI1NiJ9.eyJpIjoiNTc5NzEzMjUyMCIsInMiOiJETTFJWTZSLThSR2ZMcVAwa040dzdnIn0.fmH8TgA_UeElKbhkq-9HRf8uwxJ_IXicJc3RofsTJAY,2026-07-11T21:06:58Z,0,"{'__CLASS__': 'Adzuna::API::Response::Location', 'area': ['Deutschland', 'Baden-Württemberg', 'Stuttgart'], 'display_name': 'Stuttgart, Baden-Württemberg'}",Praktikant*in Observability & Analytics (Pflicht-Praktikum),"{'__CLASS__': 'Adzuna::API::Response::Company', 'display_name': 'Mercedes-Benz AG'}",9.187224,,,,
"{'label': 'IT-Stellen', '__CLASS__': 'Adzuna::API::Response::Category', 'tag': 'it-jobs'}",5797980521,https://www.adzuna.de/land/ad/5797980521?se=DM1IY6R-8RGfLqP0kN4w7g&utm_medium=api&utm_source=a4bcf954&v=80BD856B92C9DF9180651FF4F6284D11B7F8E009,Adzuna::API::Response::Job,"Life is always about becoming… Im Leben geht es darum, sich auf eine Reise zu begeben, um die beste Version unseres zukünftigen Selbst zu werden. Während wir Neues entdecken, stellen wir uns Herausforderungen, meistern sie und wachsen über uns hinaus. Bewerben Sie sich bei Mercedes-Benz und finden Sie den Aufgabenbereich, in dem Sie Ihre Talente individuell entfalten können. Dabei werden Sie von visionären Kolleginnen und Kollegen unterstützt, die Ihren Pioniergeist teilen. Bei uns einzusteigen…",48.720071,eyJhbGciOiJIUzI1NiJ9.eyJzIjoiRE0xSVk2Ui04UkdmTHFQMGtONHc3ZyIsImkiOiI1Nzk3OTgwNTIxIn0.XRxWr66iMitQJuwgn8LF-LKtScy6a-rA2vrMvXuDUFc,2026-07-12T17:07:27Z,0,"{'__CLASS__': 'Adzuna::API::Response::Location', 'area': ['Deutschland', 'Baden-Württemberg', 'Böblingen (Kreis)', 'Sindelfingen'], 'display_name': 'Sindelfingen, Böblingen (Kreis)'}",Praktikant*in Digital Process Innovation,"{'__CLASS__': 'Adzuna::API::Response::Company', 'display_name': 'Mercedes-Benz AG'}",9.026231,,,,
"{'__CLASS__': 'Adzuna::API::Response::Category', 'tag': 'it-jobs', 'label': 'IT-Stellen'}",5795885615,https://www.adzuna.de/land/ad/5795885615?se=DM1IY6R-8RGfLqP0kN4w7g&utm_medium=api&utm_source=a4bcf954&v=0CDB87F01C4EA5503C1D6D14F53B65DC1FE76D6F,Adzuna::API::Response::Job,"SoftwareOne ist ein globaler Anbieter für Software- und Cloud-Lösungen. Mit einer Präsenz in über 70 Ländern und mehr als 12.000 Mitarbeitenden unterstützen wir Unternehmen dabei, ihre Software-Investitionen zu optimieren, Anwendungen zu modernisieren und das volle Potenzial von Cloud, Data und AI zu erschließen. Was uns ausmacht, sind die Menschen bei SoftwareOne. Wir ermöglichen Zusammenarbeit über Ländergrenzen hinweg, fördern kontinuierliches Lernen und schaffen Raum für Entwicklung in eine…",,eyJhbGciOiJIUzI1NiJ9.eyJzIjoiRE0xSVk2Ui04UkdmTHFQMGtONHc3ZyIsImkiOiI1Nzk1ODg1NjE1In0.46M_HxgQFheXdqoiH9Mz460b_kQL0cfecIpbuOZgT4M,2026-07-10T20:15:29Z,0,"{'area': ['Deutschland'], '__CLASS__': 'Adzuna::API::Response::Location', 'display_name': 'Deutschland'}",Solutions Architect (gn) Data & AI,"{'display_name': 'SoftwareOne Deutschland GmbH', '__CLASS__': 'Adzuna::API::Response::Company'}",,,,,
"{'tag': 'unknown', '__CLASS__': 'Adzuna::API::Response::Category', 'label': 'Unknown'}",5792892597,https://www.adzuna.de/land/ad/5792892597?se=DM1IY6R-8RGfLqP0kN4w7g&utm_medium=api&utm_source=a4bcf954&v=71D872ADCB737B67197D2C15F5478E7E52A7E249,Adzuna::API::Response::Job,"Hallo, lass uns WIR sagen! Im Data Analytics Team der HUK-COBURG transformieren wir Daten in echte Mehrwerte für über 13 Mio. Kund:innen. Als Deutschlands führende Kfz-Versicherung sind wir ein traditionsreiches und stabiles Unternehmen, welches zielgerichtet in Innovation und seine datengetriebene Zukunft investiert. Unsere agilen Data Analytics Teams setzen modernste Machine Learning und KI-Methoden ein, um Prozesse zu optimieren, faire Preise zu berechnen, Schäden digital und intelligent zu …",50.25777,eyJhbGciOiJIUzI1NiJ9.eyJzIjoiRE0xSVk2Ui04UkdmTHFQMGtONHc3ZyIsImkiOiI1NzkyODkyNTk3In0.jDu3R_uJIA5bFLBuF2x24tOoawOZv6wa0f5YCyb6rZc,2026-07-08T18:49:51Z,0,"{'area': ['Deutschland', 'Bayern', 'Coburg (Kreis)', 'Coburg'], '__CLASS__': 'Adzuna::API::Response::Location', 'display_name': 'Coburg, Coburg (Kreis)'}",Senior AI Scientist (w/m/d),"{'display_name': 'HUK-COBURG Versicherungsgruppe', '__CLASS__': 'Adzuna::API::Response::Company'}",10.96603,,,,
"{'__CLASS__': 'Adzuna::API::Response::Category', 'tag': 'consultancy-jobs', 'label': 'Beraterstellen'}",5792486849,https://www.adzuna.de/land/ad/5792486849?se=DM1IY6R-8RGfLqP0kN4w7g&utm_medium=api&utm_source=a4bcf954&v=0E6A3B0B465A2E9DAB668E027A459FBADCECFA3C,Adzuna::API::Response::Job,"Liebherr-Digital Development Center GmbH in Ulm develops digital solutions for the entire Liebherr Group. Our passionate team from the areas of software development, engineering and data science works together on various projects from the whole Liebherr product world. Our mission: creating outstanding digital experiences! Senior Solution Architect - Federated Energy & Construction Ecosystems (m/f/d) Job-ID 82724 Aufgaben Your responsibilities Understand the business - Assess and support the bus…",48.383137,eyJhbGciOiJIUzI1NiJ9.eyJpIjoiNTc5MjQ4Njg0OSIsInMiOiJETTFJWTZSLThSR2ZMcVAwa040dzdnIn0.fRJeU26FLCt8fMcGckIee5GuVIuZLz1LOb58OmnYano,2026-07-08T16:31:21Z,0,"{'__CLASS__': 'Adzuna::API::Response::Location', 'area': ['Deutschland', 'Baden-Württemberg', 'Ulm'], 'display_name': 'Ulm, Baden-Württemberg'}",Senior Solution Architect - Federated Energy & Construction Ecosystems (m/f/d),"{'__CLASS__': 'Adzuna::API::Response::Company', 'display_name': 'Liebherr-Digital Development Center GmbH'}",9.856945,,,,
"{'__CLASS__': 'Adzuna::API::Response::Category', 'tag': 'part-time-jobs', 'label': 'Teilzeitstellen'}",5750389086,https://www.adzuna.de/land/ad/5750389086?se=DM1IY6R-8RGfLqP0kN4w7g&utm_medium=api&utm_source=a4bcf954&v=2A546E6A4CD6C05D1693DE36D50BCB026400255D,Adzuna::API::Response::Job,"BBBank eG - Better Banking Wir sind die größte genossenschaftliche Privatkundenbank in Deutschland. Als Digitalbank mit bundesweitem Filialnetz anüber 100 Standorten vereinen wir Erfahrung und Innovation mit derüber 100-jährigen Kompetenz eines erfolgreichen Bankhauses– kundenorientiert, wirtschaftlich, nachhaltig und sympathisch. Wir leben, lieben und liefern Better Banking und setzen Maßstäbe, die nachhaltig sind. Für Wachstum mit Substanz. Für beständige Weiterentwicklung, die Kundenerlebnis…",49.001249,eyJhbGciOiJIUzI1NiJ9.eyJzIjoiRE0xSVk2Ui04UkdmTHFQMGtONHc3ZyIsImkiOiI1NzUwMzg5MDg2In0.gSeEpnLiNCfNLI5gASnCCjcmCbFbAydm_CNYelZqdls,2026-06-03T11:38:38Z,0,"{'display_name': 'Karlsruhe, Karlsruhe (Kreis)', 'area': ['Deutschland', 'Baden-Württemberg', 'Karlsruhe (Kreis)', 'Karlsruhe'], '__CLASS__': 'Adzuna::API::Response::Location'}",Duales Studium Bachelor of Science (B.Sc.) Data Science und knstliche Intelligenz (m/w/d) 2027,"{'display_name': 'BBBank eG', '__CLASS__': 'Adzuna::API::Response::Company'}",8.412378,,,,
"{'label': 'Teilzeitstellen', '__CLASS__': 'Adzuna::API::Response::Category', 'tag': 'part-time-jobs'}",5788591414,https://www.adzuna.de/land/ad/5788591414?se=DM1IY6R-8RGfLqP0kN4w7g&utm_medium=api&utm_source=a4bcf954&v=C324DFB5529A7982C109999BF348D3184B650ACE,Adzuna::API::Response::Job,Das ist dein Arbeitsumfeld: Gemeinsam mit rund 200 Auszubildenden und dual Studierenden meisterst du die abwechslungsreichen und anspruchsvollen Aufgaben und bist von Beginn an in ein Team eingebunden. Kompetente Ausbilderinnen und Ausbilder stehen dir mit Rat und Tat zur Seite und unterstützen dich bei deiner fachlichen und persönlichen Entwicklung. Nach erfolgreichem Abschluss darfst du dich auf eineÜbernahme von mind. einem Jahr freuen. Zum 01.09. starten wir in einen gemeinsamen Orientierun…,49.443967,eyJhbGciOiJIUzI1NiJ9.eyJpIjoiNTc4ODU5MTQxNCIsInMiOiJETTFJWTZSLThSR2ZMcVAwa040dzdnIn0.6OV6pGRi506FdMiSbJFf9NmGdhM0kv9qUUSO_C4YcR4,2026-07-05T01:48:24Z,0,"{'area': ['Deutschland', 'Bayern', 'Nürnberg'], '__CLASS__': 'Adzuna::API::Response::Location', 'display_name': 'Nürnberg, Bayern'}","Duales Studium Bachelor of Science in Data Science und Künstlicher Intelligenz (m/w/d), ab 09/2027","{'display_name': 'DATEV eG', '__CLASS__': 'Adzuna::API::Response::Company'}",11.083642,,,,
"{'label': 'Unknown', 'tag': 'unknown', '__CLASS__': 'Adzuna::API::Response::Category'}",5781357097,https://www.adzuna.de/land/ad/5781357097?se=DM1IY6R-8RGfLqP0kN4w7g&utm_medium=api&utm_source=a4bcf954&v=A05432661683FAB7B52F911465C126E667CD0245,Adzuna::API::Response::Job,Als globale SAP Business Unit der Nagarro Gruppe sind wir ein führender deutscher IT-Full-Service-Provider für kritische Unternehmensapplikationen und komplexe ERP-Landschaften in der digitalen Transformation. Mit mehr als 1.000 Mitarbeiter:innen ist Nagarro in Deutschland einer der leistungsfähigsten und innovativsten SAP-Partner für den deutschen Mittelstand und Großkunden mit internationaler Ausprägung. Aufgaben Wir bieten das duale Studium in Wirtschaftsinformatik an unserem Standort in Kro…,50.17968,eyJhbGciOiJIUzI1NiJ9.eyJpIjoiNTc4MTM1NzA5NyIsInMiOiJETTFJWTZSLThSR2ZMcVAwa040dzdnIn0.47XunS2uiEiouFhIflb10v1tv776XeHJ5F1uMzRq0fc,2026-06-29T22:27:32Z,0,"{'area': ['Deutschland', 'Hessen', 'Hochtaunuskreis', 'Kronberg im Taunus'], '__CLASS__': 'Adzuna::API::Response::Location', 'display_name': 'Kronberg im Taunus, Hochtaunuskreis'}",Duales Studium Wirtschaftsinformatik (m/f/d),"{'__CLASS__': 'Adzuna::API::Response::Company', 'display_name': 'Nagarro'}",8.5086,,,,
"{'__CLASS__': 'Adzuna::API::Response::Category', 'tag': 'it-jobs', 'label': 'IT-Stellen'}",5760899534,https://www.adzuna.de/land/ad/5760899534?se=DM1IY6R-8RGfLqP0kN4w7g&utm_medium=api&utm_source=a4bcf954&v=418A4EC39F90AA69DF01A830DADD398975927F8C,Adzuna::API::Response::Job,"Wir stehen jeden Morgen dafür auf, eine lebenswerte Zukunft für nachfolgende Generationen zu schaffen. Je nach Projekt sind wir Berater, Umsetzer – oder beides – nachhaltiger, innovativer und wirtschaftlicher Lösungen für Immobilien, Industrie, Energie und Infrastruktur. In interdisziplinären Teams unterstützen unsere über 6.500 Mitarbeitenden an mehr als 80 Standorten weltweit unsere Kunden. Wir denken visionär und realistisch. Wir arbeiten eigenständig und im Team. Mit Leidenschaft und modern…",48.776198,eyJhbGciOiJIUzI1NiJ9.eyJzIjoiRE0xSVk2Ui04UkdmTHFQMGtONHc3ZyIsImkiOiI1NzYwODk5NTM0In0.okV8zpTJdPuELb8T_MFHxkcUhOcCjI7nE8GAMISTDRc,2026-06-12T05:27:38Z,0,"{'display_name': 'Stuttgart, Baden-Württemberg', '__CLASS__': 'Adzuna::API::Response::Location', 'area': ['Deutschland', 'Baden-Württemberg', 'Stuttgart']}",Praktikant (w/m/d) Digitalisierung & IoT mit Fokus Immobilien,"{'__CLASS__': 'Adzuna::API::Response::Company', 'display_name': 'Drees & Sommer SE'}",9.187224,,,,
"{'tag': 'other-general-jobs', '__CLASS__': 'Adzuna::API::Response::Category', 'label': 'Sonstige/Allgemeine Stellen'}",5769483394,https://www.adzuna.de/land/ad/5769483394?se=DM1IY6R-8RGfLqP0kN4w7g&utm_medium=api&utm_source=a4bcf954&v=AAAE417E924BA3FACAF6D3F92217CB408F73AF5F,Adzuna::API::Response::Job,"Willkommen bei AERZEN! Für unsere Tochtergesellschaft Aerzen Digital Systems GmbH, mit Standort in Hameln suchen wir Sie. Die Gesellschaft konzentriert sich auf die Entwicklung und Vermarktung von digitalen und datenbasierten Dienstleistungen, sowie der notwendigen Sensorik und Hardware für das Produktportfolio von AERZEN. Die Aerzen Digital Systems GmbH steht dabei für eine offene und moderne Arbeitsatmosphäre, in der Sie das wesentliche Differenzierungsmerkmal darstellen. Wir stehen für Innov…",52.113683,eyJhbGciOiJIUzI1NiJ9.eyJpIjoiNTc2OTQ4MzM5NCIsInMiOiJETTFJWTZSLThSR2ZMcVAwa040dzdnIn0.M_hETTN937TH1dgK1chCAbhNGO9d-g6fmivh33HcRBM,2026-06-19T18:59:08Z,0,"{'area': ['Deutschland', 'Niedersachsen', 'Hameln-Pyrmont (Kreis)', 'Hameln'], '__CLASS__': 'Adzuna::API::Response::Location', 'display_name': 'Hameln, Hameln-Pyrmont (Kreis)'}",Service Application Engineer (m/w/d),"{'display_name': 'Aerzener Maschinenfabrik GmbH', '__CLASS__': 'Adzuna::API::Response::Company'}",9.399852,,,,
"{'__CLASS__': 'Adzuna::API::Response::Category', 'tag': 'unknown', 'label': 'Unknown'}",5727333234,https://www.adzuna.de/details/5727333234?utm_medium=api&utm_source=a4bcf954,Adzuna::API::Response::Job,"Das sind wir Daten sind für uns nicht gleich Daten. Du teilst unsere Mission ""Mehr aus Daten rausholen""? Dann bist Du als Newbie oder erfahrenes Data Science Talent bei uns mehr als willkommen! Bei SKOPOS ELEMENTS unterstützen talentierte Data Scientists zukunftsorientierte Unternehmen und Menschen bei ihrem Weg zur Data Driven Company. Als Teil der SKOPOS GROUP sind wir seit 1995 führender Anbieter in der Marktforschung und beschäftigen aktuell über 140 Mitarbeitende. Begleite unser Wachstum u…",50.87096,eyJhbGciOiJIUzI1NiJ9.eyJpIjoiNTcyNzMzMzIzNCIsInMiOiJETTFJWTZSLThSR2ZMcVAwa040dzdnIn0.L1DaJ-C_SPDSShMMfqo9Cd7U5gIdOonYyo6fHomPClI,2026-05-12T23:14:56Z,0,"{'__CLASS__': 'Adzuna::API::Response::Location', 'area': ['Deutschland', 'Nordrhein-Westfalen', 'Rhein-Erft-Kreis', 'Hürth'], 'display_name': 'Hürth, Rhein-Erft-Kreis'}",Initiativbewerbung Data Science / BI,"{'display_name': 'Skopos Group', '__CLASS__': 'Adzuna::API::Response::Company'}",6.86811,full_time,,,
"{'tag': 'unknown', '__CLASS__': 'Adzuna::API::Response::Category', 'label': 'Unknown'}",5607237994,https://www.adzuna.de/details/5607237994?utm_medium=api&utm_source=a4bcf954,Adzuna::API::Response::Job,"Short Facts Join us on our journey to build Europe's energy backbone : We at Flexa are building Europe's largest virtual power plant with currently above 100k assets signed up, aiming to breach the million in the near future. To optimize the value creation from both trading algorithms across markets and dispatching to the assets, we are looking for a forward-thinking and experienced Head of Data Science (d/f/m) who shares our vision and values. A pioneering Head of Data Science to lead and grow…",48.1476,eyJhbGciOiJIUzI1NiJ9.eyJzIjoiRE0xSVk2Ui04UkdmTHFQMGtONHc3ZyIsImkiOiI1NjA3MjM3OTk0In0.r2qIGvKug6aQy9qignLRhKYcZB5FKnm9ItYfRFRHKGw,2026-01-31T07:21:56Z,0,"{'display_name': 'Maxvorstadt, München', 'area': ['Deutschland', 'Bayern', 'München (Kreis)', 'München', 'Maxvorstadt'], '__CLASS__': 'Adzuna::API::Response::Location'}",Head of Data Science,"{'__CLASS__': 'Adzuna::API::Response::Company', 'display_name': 'Flexa'}",11.56803,full_time,200000.0,140000.0,
"{'label': 'Unknown', '__CLASS__': 'Adzuna::API::Response::Category', 'tag': 'unknown'}",5766955361,https://www.adzuna.de/details/5766955361?utm_medium=api&utm_source=a4bcf954,Adzuna::API::Response::Job,"Pflichtpraktikum Data Science im Qualitätsmanagement Wernerstraße 51, 70469 Stuttgart, Deutschland Vollzeit Robert Bosch GmbH Unternehmensbeschreibung Bei Bosch gestalten wir Zukunft mit hochwertigen Technologien und Dienstleistungen, die Begeisterung wecken und das Leben der Menschen verbessern. Unser Versprechen an unsere Mitarbeiterinnen und Mitarbeiter steht dabei felsenfest: Wir wachsen gemeinsam, haben Freude an unserer Arbeit und inspirieren uns gegenseitig. Willkommen bei Bosch. Die Rob…",48.81065,eyJhbGciOiJIUzI1NiJ9.eyJpIjoiNTc2Njk1NTM2MSIsInMiOiJETTFJWTZSLThSR2ZMcVAwa040dzdnIn0.9e5OE5HglTIHE2o78H76y-PjB-6PS7U6n8VfX5gZ2lE,2026-06-17T19:30:56Z,0,"{'__CLASS__': 'Adzuna::API::Response::Location', 'area': ['Deutschland', 'Baden-Württemberg', 'Stuttgart', 'Feuerbach'], 'display_name': 'Feuerbach, Stuttgart'}",Pflichtpraktikum Data Science im Qualitätsmanagement,"{'__CLASS__': 'Adzuna::API::Response::Company', 'display_name': 'Robert Bosch GmbH'}",9.1557,full_time,,,
"{'label': 'IT-Stellen', 'tag': 'it-jobs', '__CLASS__': 'Adzuna::API::Response::Category'}",5784246611,https://www.adzuna.de/details/5784246611?utm_medium=api&utm_source=a4bcf954,Adzuna::API::Response::Job,"What you’ll do Build, mentor, and lead an elite data science team as a trusted, empathetic player-coach, while clearly communicating complex technical ideas to executives, customers, and partners Personally design, train, deploy, and own the models that power Peec AI’s AI Search recommendations, taking hands-on responsibility for our most business-critical ML systems Develop and ship novel algorithms that reverse-engineer AI search and LLM behavior, turning deep technical insight into durable, …",52.507706,eyJhbGciOiJIUzI1NiJ9.eyJzIjoiRE0xSVk2Ui04UkdmTHFQMGtONHc3ZyIsImkiOiI1Nzg0MjQ2NjExIn0.4N9zLmTINiVtvfRz-BZFBESFtlh3X1Ia5CDabhFzXgo,2026-07-01T22:58:19Z,0,"{'display_name': 'Berlin, Deutschland', '__CLASS__': 'Adzuna::API::Response::Location', 'area': ['Deutschland', 'Berlin']}",Engineering Manager (Data Science),"{'display_name': 'Peec AI', '__CLASS__': 'Adzuna::API::Response::Company'}",13.420806,full_time,160000.0,120000.0,
"{'tag': 'unknown', '__CLASS__': 'Adzuna::API::Response::Category', 'label': 'Unknown'}",5734463783,https://www.adzuna.de/details/5734463783?utm_medium=api&utm_source=a4bcf954,Adzuna::API::Response::Job,"Ready for a challenge? That’s good, because at Just Eat Takeaway.com (JET) we have abundant opportunity, or, as we say, everything is on the table. We are a leading global online food delivery marketplace. Our tech ecosystem connects millions of active customers with hundreds of thousands of connected partners in countries across the globe. Our mission? To empower every food moment around the world, whether it’s through customer service, coding or couriers. About this role As the Senior Team Le…",,eyJhbGciOiJIUzI1NiJ9.eyJpIjoiNTczNDQ2Mzc4MyIsInMiOiJETTFJWTZSLThSR2ZMcVAwa040dzdnIn0.gwTUA69VUCsxSvy64beMrGv7Rdeo4cGh8TI-GcVzC0Y,2026-05-19T23:10:02Z,0,"{'display_name': 'Deutschland', '__CLASS__': 'Adzuna::API::Response::Location', 'area': ['Deutschland']}",Data Science Team Leader,"{'display_name': 'Just Eat', '__CLASS__': 'Adzuna::API::Response::Company'}",,full_time,,,
"{'tag': 'unknown', '__CLASS__': 'Adzuna::API::Response::Category', 'label': 'Unknown'}",5502257930,https://www.adzuna.de/details/5502257930?utm_medium=api&utm_source=a4bcf954,Adzuna::API::Response::Job,"Who we are Melotech is revolutionizing media and entertainment. We create art through technology for humans to enjoy. In just 24 months, our work has been heard, watched and loved for over 3 billion minutes worldwide. Founded by entrepreneur and investor Soheil Mirpour, we are backed by top VCs Cherry Ventures, Speedinvest and GFC, alongside world-class angels from firms such as Spotify, Blackstone and KKR. What you will do Join us as our first dedicated Data Scientist to bring order to the cha…",52.507706,eyJhbGciOiJIUzI1NiJ9.eyJpIjoiNTUwMjI1NzkzMCIsInMiOiJETTFJWTZSLThSR2ZMcVAwa040dzdnIn0.OxNFUbmk79DcfLa3gWXH6pROCLILQz4gzKCFNv_UR8E,2025-11-18T19:20:38Z,0,"{'display_name': 'Berlin, Deutschland', '__CLASS__': 'Adzuna::API::Response::Location', 'area': ['Deutschland', 'Berlin']}","Data Science, Music & Audio","{'display_name': 'Melotech', '__CLASS__': 'Adzuna::API::Response::Company'}",13.420806,full_time,,,
"{'tag': 'unknown', '__CLASS__': 'Adzuna::API::Response::Category', 'label': 'Unknown'}",5730764373,https://www.adzuna.de/details/5730764373?utm_medium=api&utm_source=a4bcf954,Adzuna::API::Response::Job,"Ready for a challenge? That’s good, because at Just Eat Takeaway.com (JET) we have abundant opportunity, or, as we say, everything is on the table. We are a leading global online food delivery marketplace. Our tech ecosystem connects millions of active customers with hundreds of thousands of connected partners in countries across the globe. Our mission? To empower every food moment around the world, whether it’s through customer service, coding or couriers. About this role As the Senior Team Le…",,eyJhbGciOiJIUzI1NiJ9.eyJzIjoiRE0xSVk2Ui04UkdmTHFQMGtONHc3ZyIsImkiOiI1NzMwNzY0MzczIn0.hkRUpxVtJkteh5UyGBShgL-KzS2TYx8SMGwBTPQ6nH8,2026-05-15T22:54:05Z,0,"{'display_name': 'Deutschland', '__CLASS__': 'Adzuna::API::Response::Location', 'area': ['Deutschland']}",Data Science Team Leader,"{'display_name': 'Just Eat', '__CLASS__': 'Adzuna::API::Response::Company'}",,full_time,,,
"{'label': 'Unknown', '__CLASS__': 'Adzuna::API::Response::Category', 'tag': 'unknown'}",5672477950,https://www.adzuna.de/details/5672477950?utm_medium=api&utm_source=a4bcf954,Adzuna::API::Response::Job,"Make your mark for patients To strengthen our Global Advanced Analytics team, we are looking for an adaptable, collaborative individual with an intrapreneurial mindset for our Analytics Lead opening . This hybrid role is based in our headquarters in Monheim, Germany requiring 40% onsite presence and 5-10% international/ domestic travel. About the role You will help to inform on the commercial viability of various assets in development. You will be responsible for making exceptional business imp…",48.84099,eyJhbGciOiJIUzI1NiJ9.eyJzIjoiRE0xSVk2Ui04UkdmTHFQMGtONHc3ZyIsImkiOiI1NjcyNDc3OTUwIn0.OV_CARgdfhIt84jZVzsrh1NtiKQ500sFwICQ5Jcx1Hc,2026-03-19T22:33:09Z,0,"{'__CLASS__': 'Adzuna::API::Response::Location', 'area': ['Deutschland', 'Bayern', 'Donau-Ries (Kreis)', 'Monheim'], 'display_name': 'Monheim, Donau-Ries (Kreis)'}",Data Science Lead 1,"{'__CLASS__': 'Adzuna::API::Response::Company', 'display_name': 'UCB'}",10.85789,,,,
"{'label': 'Unknown', '__CLASS__': 'Adzuna::API::Response::Category', 'tag': 'unknown'}",4870489075,https://www.adzuna.de/details/4870489075?utm_medium=api&utm_source=a4bcf954,Adzuna::API::Response::Job,"INTRODUCTION TO THE COMPANY Webtrekk is one of Europe’s market leaders for Customer Intelligence and Marketing Analytics. Since 2019, we are part of the marketing technology service provider, Mapp, and support marketers and data analysts in understanding and analyzing the behavior of their website and app users across all channels and help to utilize this information specifically for marketing purposes. Our solution, which is based on first-party data, ensures maximum data depth for our custome…",52.507706,eyJhbGciOiJIUzI1NiJ9.eyJzIjoiRE0xSVk2Ui04UkdmTHFQMGtONHc3ZyIsImkiOiI0ODcwNDg5MDc1In0.GbFMIgqZ6sV4WPuc4zqWijbx6FCGRIKJVlF_WTwFrJc,2024-09-20T13:48:26Z,0,"{'__CLASS__': 'Adzuna::API::Response::Location', 'area': ['Deutschland', 'Berlin'], 'display_name': 'Berlin, Deutschland'}",Team Lead Data Science,"{'__CLASS__': 'Adzuna::API::Response::Company', 'display_name': 'Mapp Digital Us Llc'}",13.420806,full_time,,,
"{'__CLASS__': 'Adzuna::API::Response::Category', 'tag': 'unknown', 'label': 'Unknown'}",5708108449,https://www.adzuna.de/details/5708108449?utm_medium=api&utm_source=a4bcf954,Adzuna::API::Response::Job,"Deine Aufgaben Werde Teil unseres Daten & KI Teams, unterstütze datenbasierte Analysen und entwickle innovative Automatisierungslösungen. Ab sofort für 4 bis 6 Monate. … konkret heißt das: Erhalte Einblicke in Big Data und Machine Learning Technologien Mitarbeit bei Datenerhebung, -aufbereitung und explorativer Analyse Entwicklung, Validierung und Pilotierung KI- und Statistik-basierte Lösungen für automatisierte Entscheidungen in Fachabteilungen Einbringen in die strategische Definition von Da…",,eyJhbGciOiJIUzI1NiJ9.eyJpIjoiNTcwODEwODQ0OSIsInMiOiJETTFJWTZSLThSR2ZMcVAwa040dzdnIn0.8ZuLqFRVec_yFIYxDcjMolFC4k8EZ45Kb5fNtwYW1iQ,2026-04-23T10:57:19Z,0,"{'area': ['Deutschland'], '__CLASS__': 'Adzuna::API::Response::Location', 'display_name': 'Deutschland'}",Praktikum Data Science in Neckarsulm,"{'display_name': 'Lidl Stiftung', '__CLASS__': 'Adzuna::API::Response::Company'}",,full_time,,,
"{'tag': 'unknown', '__CLASS__': 'Adzuna::API::Response::Category', 'label': 'Unknown'}",5797956449,https://www.adzuna.de/land/ad/5797956449?se=DM1IY6R-8RGfLqP0kN4w7g&utm_medium=api&utm_source=a4bcf954&v=6B4BCC4B914CC25702B92E46F2C687464DFD2F39,Adzuna::API::Response::Job,"Life is always about becoming… Im Leben geht es darum, sich auf eine Reise zu begeben, um die beste Version unseres zukünftigen Selbst zu werden. Während wir Neues entdecken, stellen wir uns Herausforderungen, meistern sie und wachsen über uns hinaus. Bewerben Sie sich bei Mercedes-Benz und finden Sie den Aufgabenbereich, in dem Sie Ihre Talente individuell entfalten können. Dabei werden Sie von visionären Kolleginnen und Kollegen unterstützt, die Ihren Pioniergeist teilen. Bei uns einzusteigen…",48.720071,eyJhbGciOiJIUzI1NiJ9.eyJzIjoiRE0xSVk2Ui04UkdmTHFQMGtONHc3ZyIsImkiOiI1Nzk3OTU2NDQ5In0.b99n8BMgiYL-wDlFIYCZO3TYN9gpj7mIu3yR-z6G0OI,2026-07-12T14:53:53Z,0,"{'__CLASS__': 'Adzuna::API::Response::Location', 'area': ['Deutschland', 'Baden-Württemberg', 'Böblingen (Kreis)', 'Sindelfingen'], 'display_name': 'Sindelfingen, Böblingen (Kreis)'}",Student*in für Abschlussarbeit Reporting & Data Management Modulstrategie,"{'display_name': 'Mercedes-Benz AG', '__CLASS__': 'Adzuna::API::Response::Company'}",9.026231,,,,
"{'tag': 'unknown', '__CLASS__': 'Adzuna::API::Response::Category', 'label': 'Unknown'}",5773181047,https://www.adzuna.de/land/ad/5773181047?se=DM1IY6R-8RGfLqP0kN4w7g&utm_medium=api&utm_source=a4bcf954&v=E5F32F42F1C428D39FF722C46C83603532888759,Adzuna::API::Response::Job,"adesso steht für digitale Exzellenz – und damit auch für vielfältige Entwicklungsmöglichkeiten für alle adessi. Wir wachsen gemeinsam und lernen voneinander: in anspruchsvollen Projekten, interdisziplinären Teams und mit zielgerichteten Trainingsangeboten. Wir haben IT im Herzen und den Erfolg unserer Kunden im Fokus. Als Treiber der KI-Transformation verbinden wir Mut zur Veränderung mit technologischer Expertise und zukunftsfähigen Strategien. Was uns stark macht, sind unsere adessi, die etwa…",50.773914,eyJhbGciOiJIUzI1NiJ9.eyJzIjoiRE0xSVk2Ui04UkdmTHFQMGtONHc3ZyIsImkiOiI1NzczMTgxMDQ3In0.RPRj4rJfWIqI2_tZy79Ymktjx-aB8nOBBNklwghsdGY,2026-06-23T06:22:14Z,0,"{'display_name': 'Aachen, Aachen (Kreis)', 'area': ['Deutschland', 'Nordrhein-Westfalen', 'Aachen (Kreis)', 'Aachen'], '__CLASS__': 'Adzuna::API::Response::Location'}",Senior ML Engineer (all genders),"{'display_name': 'adesso SE', '__CLASS__': 'Adzuna::API::Response::Company'}",6.089788,,,,
"{'label': 'Unknown', 'tag': 'unknown', '__CLASS__': 'Adzuna::API::Response::Category'}",5792479622,https://www.adzuna.de/land/ad/5792479622?se=DM1IY6R-8RGfLqP0kN4w7g&utm_medium=api&utm_source=a4bcf954&v=80567ACC3785F850B9A0F40B81A2280CC6DEB27E,Adzuna::API::Response::Job,"Die rumble GmbH & Co. KG ist ein gemeinsames Tochterunternehmen von Lensing Media, Medienhaus Bauer, rubens und temmingmedia. Wir sind wesentlicher Bestandteil der vier Mutterhäuser. Wir bündeln unsere digitalen Kompetenzen aus Marketing, Sales, Product Development, Data und Tech und transformieren so unsere Mutterhäuser. Vor uns liegt eine spannende, von Wachstum geprägte Reise, die wir gemeinsam durchleben und deren Erfolge wir auch feiern werden. Dabei denken und arbeiten wir so agil wie ein…",51.504967,eyJhbGciOiJIUzI1NiJ9.eyJzIjoiRE0xSVk2Ui04UkdmTHFQMGtONHc3ZyIsImkiOiI1NzkyNDc5NjIyIn0.X23DOAEqGq3dEB4yj_x4Uue-Me3We3tIjfhnqTCHDX4,2026-07-08T16:05:04Z,0,"{'area': ['Deutschland', 'Nordrhein-Westfalen', 'Dortmund'], '__CLASS__': 'Adzuna::API::Response::Location', 'display_name': 'Dortmund, Nordrhein-Westfalen'}",KI Solutions Engineer (m/w/d),"{'__CLASS__': 'Adzuna::API::Response::Company', 'display_name': 'rumble GmbH & Co. KG'}",7.464954,,,,
"{'label': 'Stellen aus Buchhaltung & Finanzwesen', 'tag': 'accounting-finance-jobs', '__CLASS__': 'Adzuna::API::Response::Category'}",5787003892,https://www.adzuna.de/land/ad/5787003892?se=DM1IY6R-8RGfLqP0kN4w7g&utm_medium=api&utm_source=a4bcf954&v=8CAEB33E17EFABE7B1F57D5FF950E48502995189,Adzuna::API::Response::Job,"Das Center for the Transformation of Chemistry (CTC) ist ein neu entstehendes Großforschungszentrum in Mitteldeutschland mit den Standorten Delitzsch in Sachsen und Merseburg in Sachsen-Anhalt. Das Zentrum wird in der Gesellschaftsform einer gGmbH vom Bund sowie den Ländern Sachsen und Sachsen-Anhalt betrieben und finanziert. Am CTC wollen wir Chemie neu denken und umsetzen – und zwar auf vielen Ebenen: neue Materialien, neue chemische Prozesse und Anlagen und eine neue Art chemisch zu forschen…",51.52196,eyJhbGciOiJIUzI1NiJ9.eyJzIjoiRE0xSVk2Ui04UkdmTHFQMGtONHc3ZyIsImkiOiI1Nzg3MDAzODkyIn0.OdLo_NEUNN3zQnKCKzkDtuujV96NxGzYXK8BmigIw8E,2026-07-03T19:38:29Z,0,"{'display_name': 'Delitzsch, Nordsachsen (Kreis)', 'area': ['Deutschland', 'Sachsen', 'Nordsachsen (Kreis)', 'Delitzsch'], '__CLASS__': 'Adzuna::API::Response::Location'}",Leitung Stabsstelle Interne Revision (m/w/d),"{'__CLASS__': 'Adzuna::API::Response::Company', 'display_name': 'CTC gGmbH – Center for the Transformation of Chemistry'}",12.33728,,,,
"{'__CLASS__': 'Adzuna::API::Response::Category', 'tag': 'it-jobs', 'label': 'IT-Stellen'}",5780791547,https://www.adzuna.de/land/ad/5780791547?se=DM1IY6R-8RGfLqP0kN4w7g&utm_medium=api&utm_source=a4bcf954&v=60FE9A4D67D0B68DB572D577BE23B3ECCD2325F3,Adzuna::API::Response::Job,"adesso steht für digitale Exzellenz – und damit auch für vielfältige Entwicklungsmöglichkeiten für alle adessi. Wir wachsen gemeinsam und lernen voneinander: in anspruchsvollen Projekten, interdisziplinären Teams und mit zielgerichteten Trainingsangeboten. Wir haben IT im Herzen und den Erfolg unserer Kunden im Fokus. Als Treiber der KI-Transformation verbinden wir Mut zur Veränderung mit technologischer Expertise und zukunftsfähigen Strategien. Was uns stark macht, sind unsere adessi, die etwa…",50.773914,eyJhbGciOiJIUzI1NiJ9.eyJpIjoiNTc4MDc5MTU0NyIsInMiOiJETTFJWTZSLThSR2ZMcVAwa040dzdnIn0.qzI1L1y3hVUOeNwnVSoZtLOBoV5u1PCduty0IzbpJbg,2026-06-29T06:24:23Z,0,"{'display_name': 'Aachen, Aachen (Kreis)', '__CLASS__': 'Adzuna::API::Response::Location', 'area': ['Deutschland', 'Nordrhein-Westfalen', 'Aachen (Kreis)', 'Aachen']}",Senior GenAI Engineer (all genders),"{'__CLASS__': 'Adzuna::API::Response::Company', 'display_name': 'adesso SE'}",6.089788,,,,
"{'__CLASS__': 'Adzuna::API::Response::Category', 'tag': 'consultancy-jobs', 'label': 'Beraterstellen'}",5792917342,https://www.adzuna.de/land/ad/5792917342?se=DM1IY6R-8RGfLqP0kN4w7g&utm_medium=api&utm_source=a4bcf954&v=6F1DA03F36D84A6888D3CA43BA72DEB0718BAEF4,Adzuna::API::Response::Job,"Die International School of Management (ISM) ist eine staatlich anerkannte Hochschule und zählt zu den führenden privaten Hochschulen in Deutschland. An Standorten in Dortmund, Frankfurt/Main, München, Hamburg, Köln, Stuttgart und Berlin wird in kompakten und anwendungsbezogenen Studiengängen der Führungsnachwuchs für international orientierte Wirtschaftsunternehmen ausgebildet. Zum Studienangebot gehören Vollzeit-Programme, berufsbegleitende und duale Studiengänge sowie seit Herbst 2021 das Fe…",48.137418,eyJhbGciOiJIUzI1NiJ9.eyJzIjoiRE0xSVk2Ui04UkdmTHFQMGtONHc3ZyIsImkiOiI1NzkyOTE3MzQyIn0.ffX28q2jL2gJ23nBS09ehTJ-iv663mQQ5uFH3AtiOfI,2026-07-08T18:58:43Z,0,"{'__CLASS__': 'Adzuna::API::Response::Location', 'area': ['Deutschland', 'Bayern', 'München (Kreis)', 'München'], 'display_name': 'München, München (Kreis)'}","Professur für Data, AI & Transformation Management","{'__CLASS__': 'Adzuna::API::Response::Company', 'display_name': 'International School of Management '}",11.555737,,,,
"{'label': 'Stellen aus Handel & Bau', 'tag': 'trade-construction-jobs', '__CLASS__': 'Adzuna::API::Response::Category'}",5793917966,https://www.adzuna.de/land/ad/5793917966?se=DM1IY6R-8RGfLqP0kN4w7g&utm_medium=api&utm_source=a4bcf954&v=88FAC9F432EF11C610919445E5AB68A041A8D768,Adzuna::API::Response::Job,"Life is always about becoming Im Leben geht es darum, sich auf eine Reise zu begeben, um die beste Version unseres zukünftigen Selbst zu werden. Während wir Neues entdecken, stellen wir uns Herausforderungen, meistern sie und wachsen über uns hinaus. Bewerben Sie sich bei Mercedes-Benz und finden Sie den Aufgabenbereich, in dem Sie Ihre Talente individuell entfalten können . klicken sie bewerben, für die volle Stellenbeschreibung",48.74183,eyJhbGciOiJIUzI1NiJ9.eyJzIjoiRE0xSVk2Ui04UkdmTHFQMGtONHc3ZyIsImkiOiI1NzkzOTE3OTY2In0.0tv6MBx1Y4MWlZGJqrD95QYa9o2mC31B2-K4S1DounQ,2026-07-09T10:57:04Z,0,"{'__CLASS__': 'Adzuna::API::Response::Location', 'area': ['Deutschland', 'Baden-Württemberg', 'Esslingen (Kreis)', 'Esslingen am Neckar', 'Brühl'], 'display_name': 'Brühl, Esslingen am Neckar'}","Duales Studium Wirtschaftsinformatik/data Science (b.sc.), Mercedes-benz Group Ag, Stuttgart, 01.10.2027 (m/w/d)","{'__CLASS__': 'Adzuna::API::Response::Company', 'display_name': 'Mercedes-Benz Group AG'}",9.27162,,,,
"{'tag': 'pr-advertising-marketing-jobs', '__CLASS__': 'Adzuna::API::Response::Category', 'label': 'Stellen aus PR, Werbung & Marketing'}",5768898707,https://www.adzuna.de/land/ad/5768898707?se=DM1IY6R-8RGfLqP0kN4w7g&utm_medium=api&utm_source=a4bcf954&v=19112DA5CA668C26F3F3DCEE7FCC41BFA17AA534,Adzuna::API::Response::Job,"Life is always about becoming… Im Leben geht es darum, sich auf eine Reise zu begeben, um die beste Version unseres zukünftigen Selbst zu werden. Während wir Neues entdecken, stellen wir uns Herausforderungen, meistern sie und wachsen über uns hinaus. Bewerben Sie sich bei Mercedes-Benz und finden Sie den Aufgabenbereich, in dem Sie Ihre Talente individuell entfalten können. Dabei werden Sie von visionären Kolleginnen und Kollegen unterstützt, die Ihren Pioniergeist teilen. Bei uns einzusteigen…",48.720071,eyJhbGciOiJIUzI1NiJ9.eyJpIjoiNTc2ODg5ODcwNyIsInMiOiJETTFJWTZSLThSR2ZMcVAwa040dzdnIn0.AH1jROcsFijqOcZc8drc2ZIU7IBSf-cuDwcugcISSss,2026-06-19T05:50:17Z,0,"{'__CLASS__': 'Adzuna::API::Response::Location', 'area': ['Deutschland', 'Baden-Württemberg', 'Böblingen (Kreis)', 'Sindelfingen'], 'display_name': 'Sindelfingen, Böblingen (Kreis)'}","Praktikant*in MO360 Product Owner Team - Fokus KI, Daten & Kommunikation (Digitalisierung Produktion)","{'display_name': 'Mercedes-Benz AG', '__CLASS__': 'Adzuna::API::Response::Company'}",9.026231,,,,
"{'label': 'IT-Stellen', '__CLASS__': 'Adzuna::API::Response::Category', 'tag': 'it-jobs'}",5747479315,https://www.adzuna.de/land/ad/5747479315?se=DM1IY6R-8RGfLqP0kN4w7g&utm_medium=api&utm_source=a4bcf954&v=22F409D57B11560FDF443C3B3883B3BC2DDEFF7B,Adzuna::API::Response::Job,"INFOMOTION ist die Data Performance Company – mit über 600 Datenenthusiastinnen und -enthusiasten an neun Standorten und mehr als 20 Jahren Erfahrung. Bei uns bringst Du Deine Expertise gezielt ein – und entwickelst sie weiter, gemeinsam mit einem Team, das Wissen teilt, Verantwortung lebt und Zukunft gestaltet. Du möchtest Deine Erfahrung nicht nur vertiefen, sondern auch weitergeben – und mit anderen gemeinsam echte Datenwirkung erzielen? Dann gestalte mit uns die nächste Etappe – persönlich,…",50.940164,eyJhbGciOiJIUzI1NiJ9.eyJzIjoiRE0xSVk2Ui04UkdmTHFQMGtONHc3ZyIsImkiOiI1NzQ3NDc5MzE1In0.GIzs1Vq9fi5ZS8IgVIrbc2pnUJlhWOGiv3hlCOWzCL8,2026-06-01T12:50:09Z,0,"{'display_name': 'Köln, Nordrhein-Westfalen', '__CLASS__': 'Adzuna::API::Response::Location', 'area': ['Deutschland', 'Nordrhein-Westfalen', 'Köln']}",Senior Datenarchitekt (m/w/d) Data & AI Strategie,"{'display_name': 'INFOMOTION GmbH', '__CLASS__': 'Adzuna::API::Response::Company'}",6.969972,,,,
"{'tag': 'it-jobs', '__CLASS__': 'Adzuna::API::Response::Category', 'label': 'IT-Stellen'}",5798404888,https://www.adzuna.de/land/ad/5798404888?se=DM1IY6R-8RGfLqP0kN4w7g&utm_medium=api&utm_source=a4bcf954&v=79596C0D06E2D052771FB6907D8BB0AA4F9380FF,Adzuna::API::Response::Job,"adesso steht für digitale Exzellenz – und damit auch für vielfältige Entwicklungsmöglichkeiten für alle adessi. Wir wachsen gemeinsam und lernen voneinander: in anspruchsvollen Projekten, interdisziplinären Teams und mit zielgerichteten Trainingsangeboten. Wir haben IT im Herzen und den Erfolg unserer Kunden im Fokus. Als Treiber der KI-Transformation verbinden wir Mut zur Veränderung mit technologischer Expertise und zukunftsfähigen Strategien. Was uns stark macht, sind unsere adessi, die etwa…",50.940164,eyJhbGciOiJIUzI1NiJ9.eyJpIjoiNTc5ODQwNDg4OCIsInMiOiJETTFJWTZSLThSR2ZMcVAwa040dzdnIn0.JaV_kP6_MojXcl-w9DwP-DTEQsiTX-LVZoy1GVVNkq4,2026-07-13T03:23:37Z,0,"{'display_name': 'Köln, Nordrhein-Westfalen', '__CLASS__': 'Adzuna::API::Response::Location', 'area': ['Deutschland', 'Nordrhein-Westfalen', 'Köln']}",Software Architect Azure AI (all genders),"{'display_name': 'adesso SE', '__CLASS__': 'Adzuna::API::Response::Company'}",6.969972,,,,
"{'label': 'Unknown', 'tag': 'unknown', '__CLASS__': 'Adzuna::API::Response::Category'}",5299866746,https://www.adzuna.de/details/5299866746?utm_medium=api&utm_source=a4bcf954,Adzuna::API::Response::Job,"Unterstützen Sie uns im Rahmen eines Praktikums/einer Abschlussarbeit im Bereich Data Science. Studium/Fachrichtung | Mathematik, Statistik, Data Science, Informatik, Physik oder vglb. Studiengänge Einsatzbereich | Praktikum/Abschlussarbeit im Bereich Data Science Dauer | 3-6 Monate Bestens gefordert | Wir suchen motivierte Studierende, die sich unserem Data Science Team für ein Pflichtpraktikum und/oder eine Bachelor-/Masterarbeit (3-6 Monate) anschließen möchten. Bei uns können Sie praktische…",51.13209,eyJhbGciOiJIUzI1NiJ9.eyJzIjoiRE0xSVk2Ui04UkdmTHFQMGtONHc3ZyIsImkiOiI1Mjk5ODY2NzQ2In0.NXw4nLvDnOwchexsbSt4HQbNx0SSGY_xJmn50gypkeQ,2025-07-12T22:07:55Z,0,"{'display_name': 'Frankenthal, Bautzen (Kreis)', '__CLASS__': 'Adzuna::API::Response::Location', 'area': ['Deutschland', 'Sachsen', 'Bautzen (Kreis)', 'Frankenthal']}",Praktikum/Abschlussarbeit im Bereich Data Science,"{'display_name': 'KSB', '__CLASS__': 'Adzuna::API::Response::Company'}",14.10731,,,,
"{'label': 'Stellen aus Buchhaltung & Finanzwesen', '__CLASS__': 'Adzuna::API::Response::Category', 'tag': 'accounting-finance-jobs'}",5783104161,https://www.adzuna.de/details/5783104161?utm_medium=api&utm_source=a4bcf954,Adzuna::API::Response::Job,"Praktikum Data Analytics / Data Science Datum: 12.11.2025 Standort: Fellbach, BW, DE, 70736 Unternehmen: STIHL Das ist die Aufgabe Mitwirken im innovativen Big Data Team: Unterstütze andere Fachbereiche durch Expertise in Data Analytics und erhalte Einblicke in Data Science und Data Visualization, um datengetriebene Entscheidungen voranzutreiben Beteiligen an Analytics Projekten: Arbeite interdisziplinär, um Produkte und interne Prozesse durch datengetriebene Insights zu optimieren, mit der Cha…",48.82807,eyJhbGciOiJIUzI1NiJ9.eyJpIjoiNTc4MzEwNDE2MSIsInMiOiJETTFJWTZSLThSR2ZMcVAwa040dzdnIn0.pbCDVOKXz4XYsivPjSHRMKOooOroaxFC0YYAXCB5NmY,2026-07-01T08:48:52Z,0,"{'__CLASS__': 'Adzuna::API::Response::Location', 'area': ['Deutschland', 'Baden-Württemberg', 'Rems-Murr-Kreis', 'Fellbach', 'Schmiden'], 'display_name': 'Schmiden, Fellbach'}",Praktikum Data Analytics / Data Science,"{'__CLASS__': 'Adzuna::API::Response::Company', 'display_name': 'ANDREAS STIHL AG & Co. KG'}",9.26652,,,,
"{'__CLASS__': 'Adzuna::API::Response::Category', 'tag': 'unknown', 'label': 'Unknown'}",5798307562,https://www.adzuna.de/details/5798307562?utm_medium=api&utm_source=a4bcf954,Adzuna::API::Response::Job,"Ready for a challenge? Then Just Eat Takeaway.com might be the place for you. We’re a leading global online delivery platform, and our vision is to empower everyday convenience. Whether it’s a Friday-night feast, a post-gym poke bowl, or grabbing some groceries, our tech platform connects tens of millions of customers with hundreds of thousands of restaurant, grocery and convenience partners across the globe. About this role Logistics is the engine room of that platform. Every order depends on …",52.507706,eyJhbGciOiJIUzI1NiJ9.eyJzIjoiRE0xSVk2Ui04UkdmTHFQMGtONHc3ZyIsImkiOiI1Nzk4MzA3NTYyIn0.NoDSRWfIOWQo6ztPwQyuJm-qg7aFbYSyMbasTkor5rg,2026-07-13T00:52:05Z,0,"{'__CLASS__': 'Adzuna::API::Response::Location', 'area': ['Deutschland', 'Berlin'], 'display_name': 'Berlin, Deutschland'}","Data Science Manager, Courier Pay","{'display_name': 'Just Eat', '__CLASS__': 'Adzuna::API::Response::Company'}",13.420806,full_time,,,
"{'__CLASS__': 'Adzuna::API::Response::Category', 'tag': 'pr-advertising-marketing-jobs', 'label': 'Stellen aus PR, Werbung & Marketing'}",5778269339,https://www.adzuna.de/details/5778269339?utm_medium=api&utm_source=a4bcf954,Adzuna::API::Response::Job,"Für den Standort München suchen wir: Projektmanager – Data Analytics / Data Science Ihre Aufgaben: Planung, Steuerung und Umsetzung datengetriebener Use Cases und Projekte über den gesamten Lifecycle Projektmanagement im Data-/Analytics-Umfeld (Termine, Budget, Risiken, Ressourcen) Zusammenarbeit mit Data Scientists, Data Analysts, Data Engineers, Product Ownern und Fachbereichen Übersetzung fachlicher Anforderungen in analytische Lösungsansätze Steuerung interner und externer Projektbeteiligte…",48.18449,eyJhbGciOiJIUzI1NiJ9.eyJpIjoiNTc3ODI2OTMzOSIsInMiOiJETTFJWTZSLThSR2ZMcVAwa040dzdnIn0.7cEuxLkmb9MRoXIRhLEQPc9VNxwJKc1RaMIWSPBcHFc,2026-06-26T23:23:03Z,0,"{'display_name': 'Allach-Untermenzing, München', 'area': ['Deutschland', 'Bayern', 'München (Kreis)', 'München', 'Allach-Untermenzing'], '__CLASS__': 'Adzuna::API::Response::Location'}",Projektmanager – Data Analytics / Data Science,"{'__CLASS__': 'Adzuna::API::Response::Company', 'display_name': 'Guldberg'}",11.44811,full_time,,,
"{'label': 'Unknown', 'tag': 'unknown', '__CLASS__': 'Adzuna::API::Response::Category'}",5788539455,https://www.adzuna.de/details/5788539455?utm_medium=api&utm_source=a4bcf954,Adzuna::API::Response::Job,"Who we are Foundation models transformed text and images. Structured data - the largest and most consequential data format in the world - stayed untouched. Tables run every clinical trial, every financial model, every scientific experiment, every business decision, and no one had built a foundation model that truly understood them. Until now. What LLMs did for language, we're doing for tables. The next modality shift in AI is happening, and we're hiring the team that makes it. Momentum. We pion…",52.507706,eyJhbGciOiJIUzI1NiJ9.eyJzIjoiRE0xSVk2Ui04UkdmTHFQMGtONHc3ZyIsImkiOiI1Nzg4NTM5NDU1In0.9Muh6OiCtTBYw41JPUqXG1KpXnlLrkxgy5YEYPKWeRg,2026-07-05T00:49:56Z,0,"{'area': ['Deutschland', 'Berlin'], '__CLASS__': 'Adzuna::API::Response::Location', 'display_name': 'Berlin, Deutschland'}","Research Scientist, Foundational Data Science","{'__CLASS__': 'Adzuna::API::Response::Company', 'display_name': 'Prior Labs'}",13.420806,full_time,,,
"{'tag': 'unknown', '__CLASS__': 'Adzuna::API::Response::Category', 'label': 'Unknown'}",5745959926,https://www.adzuna.de/details/5745959926?utm_medium=api&utm_source=a4bcf954,Adzuna::API::Response::Job,"About finmid finmid 's mission is to enable software companies to reimagine how their business customers access capital. By productizing the complexity of financial services, finmid empowers companies to offer financial services where FinTech isn't the mission but enables the mission. About the opportunity We are looking for a Data Science Intern to join our Data team. This is an exciting opportunity for someone early in their career who is hungry to learn and build. You’ll work closely with th…",,eyJhbGciOiJIUzI1NiJ9.eyJzIjoiRE0xSVk2Ui04UkdmTHFQMGtONHc3ZyIsImkiOiI1NzQ1OTU5OTI2In0.S-yQljYf1yMMQekvrILrrHzMwnf2qQ1aWNP1uDs4QLQ,2026-05-30T23:27:29Z,0,"{'display_name': 'Deutschland', 'area': ['Deutschland'], '__CLASS__': 'Adzuna::API::Response::Location'}",Data Science Intern (FT Potential),"{'__CLASS__': 'Adzuna::API::Response::Company', 'display_name': 'Finmid'}",,full_time,,,
"{'tag': 'unknown', '__CLASS__': 'Adzuna::API::Response::Category', 'label': 'Unknown'}",5502240982,https://www.adzuna.de/details/5502240982?utm_medium=api&utm_source=a4bcf954,Adzuna::API::Response::Job,"Who we are Melotech is revolutionizing media and entertainment. We create art through technology for humans to enjoy. In just 24 months, our work has been heard, watched and loved for over 3 billion minutes worldwide. Founded by entrepreneur and investor Soheil Mirpour, we are backed by top VCs Cherry Ventures, Speedinvest and GFC, alongside world-class angels from firms such as Spotify, Blackstone and KKR. What you will do Join us as Data Scientist Intern to bring order to the chaos of culture…",52.507706,eyJhbGciOiJIUzI1NiJ9.eyJpIjoiNTUwMjI0MDk4MiIsInMiOiJETTFJWTZSLThSR2ZMcVAwa040dzdnIn0.cS1xCJBIEzS-VaViZ-oof5-nieERY8NLtqTgXmkesnI,2025-11-18T18:47:23Z,0,"{'display_name': 'Berlin, Deutschland', 'area': ['Deutschland', 'Berlin'], '__CLASS__': 'Adzuna::API::Response::Location'}","Data Science Intern, Music & Audio","{'display_name': 'Melotech', '__CLASS__': 'Adzuna::API::Response::Company'}",13.420806,full_time,,,
"{'tag': 'it-jobs', '__CLASS__': 'Adzuna::API::Response::Category', 'label': 'IT-Stellen'}",5779227279,https://www.adzuna.de/land/ad/5779227279?se=LAirZKR-8RGfLqP0kN4w7g&utm_medium=api&utm_source=a4bcf954&v=64B68F2966CEDD9D19C48A4762D96B5783097B40,Adzuna::API::Response::Job,"Kunden. Gemeinsam. Entwickeln. Die Windhoff Group führt als IT-Dienstleister seit 1997 deutschlandweit Beratungsprojekte bei führenden Großunternehmen durch. Gewinne mit uns Neukunden im gehobenen Mittelstand und Konzernumfeld und werde Teil unseres wachsenden Unternehmens mit derzeit rund 300 Mitarbeitenden! Dich erwartet ein freundschaftliches Miteinander , ein jährliches Weiterbildungsbudget von über 2000 Euro , bis zu 40 Tage Urlaub im Jahr und vieles mehr! Aufgaben Du bringst ein Netzwerk …",51.95537,eyJhbGciOiJIUzI1NiJ9.eyJpIjoiNTc3OTIyNzI3OSIsInMiOiJMQWlyWktSLThSR2ZMcVAwa040dzdnIn0.jgtFYVUWuyW3jtWKu4OXt_YLIXXbIH9FAXcaoVrtRno,2026-06-27T18:26:16Z,0,"{'area': ['Deutschland', 'Nordrhein-Westfalen', 'Borken (Kreis)', 'Gescher'], '__CLASS__': 'Adzuna::API::Response::Location', 'display_name': 'Gescher, Borken (Kreis)'}","Senior Sales Manager (m/w/d) Data & Analytics, Region Süddeutschland","{'__CLASS__': 'Adzuna::API::Response::Company', 'display_name': 'Windhoff Group'}",7.01065,,,,
"{'tag': 'it-jobs', '__CLASS__': 'Adzuna::API::Response::Category', 'label': 'IT-Stellen'}",5779226491,https://www.adzuna.de/land/ad/5779226491?se=LAirZKR-8RGfLqP0kN4w7g&utm_medium=api&utm_source=a4bcf954&v=92CD77CC74AD52FE82D2ED594A4EF69C264A70AA,Adzuna::API::Response::Job,"Liebherr-Digital Development Center GmbH in Ulm develops digital solutions for the entire Liebherr Group. Our passionate team from the areas of software development, engineering and data science works together on various projects from the whole Liebherr product world. Our mission: creating outstanding digital experiences! .NET / Golang Senior Cloud Software Engineer (m/f/d) Job-ID 82233 Aufgaben Your responsibilities Understand the business - Assess and support the business objectives for digit…",48.383137,eyJhbGciOiJIUzI1NiJ9.eyJzIjoiTEFpclpLUi04UkdmTHFQMGtONHc3ZyIsImkiOiI1Nzc5MjI2NDkxIn0.QsIgjTswXmrS9zvYLwVZOYh1T1q4VF_wvsAodTE4ef4,2026-06-27T18:25:48Z,0,"{'area': ['Deutschland', 'Baden-Württemberg', 'Ulm'], '__CLASS__': 'Adzuna::API::Response::Location', 'display_name': 'Ulm, Baden-Württemberg'}",.NET / Golang Senior Cloud Software Engineer (m/f/d),"{'__CLASS__': 'Adzuna::API::Response::Company', 'display_name': 'Liebherr-Digital Development Center GmbH'}",9.856945,,,,
"{'__CLASS__': 'Adzuna::API::Response::Category', 'tag': 'unknown', 'label': 'Unknown'}",5785802222,https://www.adzuna.de/land/ad/5785802222?se=LAirZKR-8RGfLqP0kN4w7g&utm_medium=api&utm_source=a4bcf954&v=B8EBCFD04C25107E8F23CFC4BED16DC1AFCCDDE9,Adzuna::API::Response::Job,"Bei Daimler Buses gestalten wir rund um den Globus die Zukunft der Mobilität und erzielen damit gemeinsam echte Wirkung. Als weltweit führender Bushersteller entwickeln und bauen wir nicht nur die besten Busse, sondern bringen den gesamten öffentlichen Personennah- und Reiseverkehr mit intelligenten und innovativen Services weiter voran. Wir übernehmen Verantwortung für lebenswerte Städte und arbeiten daran, unsere Vision nachhaltiger und zukunftsfähiger Mobilität Wirklichkeit werden zu lassen.…",48.377667,eyJhbGciOiJIUzI1NiJ9.eyJpIjoiNTc4NTgwMjIyMiIsInMiOiJMQWlyWktSLThSR2ZMcVAwa040dzdnIn0.phNGfHgY4GZZ27cdkCbCkixftN7-iN7uCN5zSj9DMEU,2026-07-02T22:26:59Z,0,"{'area': ['Deutschland', 'Bayern', 'Neu-Ulm (Kreis)', 'Neu-Ulm'], '__CLASS__': 'Adzuna::API::Response::Location', 'display_name': 'Neu-Ulm, Neu-Ulm (Kreis)'}",Praktikum im Bereich Produktmanagement ab September 2026,"{'__CLASS__': 'Adzuna::API::Response::Company', 'display_name': 'Daimler Buses GmbH'}",10.046201,,,,
"{'__CLASS__': 'Adzuna::API::Response::Category', 'tag': 'unknown', 'label': 'Unknown'}",5798295689,https://www.adzuna.de/details/5798295689?utm_medium=api&utm_source=a4bcf954,Adzuna::API::Response::Job,"About Us STARK is a new kind of defence technology company revolutionising the way autonomous systems are deployed across multiple domains. We design, develop and manufacture high-performance unmanned systems that are software-defined, mass-scalable and cost-effective. This provides our operators with a decisive edge in highly contested environments. We’re focused on delivering deployable, high-performance systems—not future promises. In a time of rising threats, STARK is bolstering the technol…",52.51551,eyJhbGciOiJIUzI1NiJ9.eyJzIjoiTEFpclpLUi04UkdmTHFQMGtONHc3ZyIsImkiOiI1Nzk4Mjk1Njg5In0.HDbLCSou435-XLFm2Opp7h5Q-2OlFizQ5sZrONP77iA,2026-07-13T00:10:55Z,0,"{'display_name': 'Mitte, Berlin', '__CLASS__': 'Adzuna::API::Response::Location', 'area': ['Deutschland', 'Berlin', 'Mitte']}",Data Science Intern (all genders),"{'display_name': 'Stark', '__CLASS__': 'Adzuna::API::Response::Company'}",13.38475,part_time,,,
"{'__CLASS__': 'Adzuna::API::Response::Category', 'tag': 'other-general-jobs', 'label': 'Sonstige/Allgemeine Stellen'}",5798139883,https://www.adzuna.de/land/ad/5798139883?se=LAirZKR-8RGfLqP0kN4w7g&utm_medium=api&utm_source=a4bcf954&v=8CE92C10B356CFC5D7D4BD49065C6147216E842F,Adzuna::API::Response::Job,"Life is always about becoming… Im Leben geht es darum, sich auf eine Reise zu begeben, um die beste Version unseres zukünftigen Selbst zu werden. Während wir Neues entdecken, stellen wir uns Herausforderungen, meistern sie und wachsen über uns hinaus. Bewerben Sie sich bei Mercedes-Benz und finden Sie den Aufgabenbereich, in dem Sie Ihre Talente individuell entfalten können. Dabei werden Sie von visionären Kolleginnen und Kollegen unterstützt, die Ihren Pioniergeist teilen. Bei uns einzusteigen…",48.720071,eyJhbGciOiJIUzI1NiJ9.eyJpIjoiNTc5ODEzOTg4MyIsInMiOiJMQWlyWktSLThSR2ZMcVAwa040dzdnIn0.6P5RTFngDIn6B0mlAeqPDhY5fWwF3bIJ5JAsmMWcJFE,2026-07-12T22:31:30Z,0,"{'__CLASS__': 'Adzuna::API::Response::Location', 'area': ['Deutschland', 'Baden-Württemberg', 'Böblingen (Kreis)', 'Sindelfingen'], 'display_name': 'Sindelfingen, Böblingen (Kreis)'}",Praktikant*in Entwicklung und Umsetzung einer intelligenten Cloud,"{'__CLASS__': 'Adzuna::API::Response::Company', 'display_name': 'Mercedes-Benz AG'}",9.026231,,,,
"{'tag': 'it-jobs', '__CLASS__': 'Adzuna::API::Response::Category', 'label': 'IT-Stellen'}",5779227283,https://www.adzuna.de/land/ad/5779227283?se=LAirZKR-8RGfLqP0kN4w7g&utm_medium=api&utm_source=a4bcf954&v=5730AB1747564371FCD811F12F0F7AB307031746,Adzuna::API::Response::Job,"Das Karlsruher Institut für Technologie (KIT) – Die Universität in der Helmholtz-Gemeinschaft Im Dialog mit der Gesellschaft entwickelt das KIT Lösungen für große Herausforderungen – von Klimawandel, Energiewende und nachhaltigem Umgang mit natürlichen Ressourcen bis hin zu Künstlicher Intelligenz, technologischer Souveränität und demografischem Wandel. Als Die Universität in der Helmholtz-Gemeinschaft vereint das KIT wissenschaftliche Exzellenz vom Erkenntnisgewinn bis zur Anwendungsorientieru…",47.589089,eyJhbGciOiJIUzI1NiJ9.eyJpIjoiNTc3OTIyNzI4MyIsInMiOiJMQWlyWktSLThSR2ZMcVAwa040dzdnIn0.wLoKlCLk1d_o0fkk_st-k0licsLOSo86OzLQk8NWOdI,2026-06-27T18:26:16Z,0,"{'display_name': 'Garmisch-Partenkirchen (Kreis), Bayern', '__CLASS__': 'Adzuna::API::Response::Location', 'area': ['Deutschland', 'Bayern', 'Garmisch-Partenkirchen (Kreis)']}",Softwarearchitektin oder Softwarearchitekt (w/m/d) für Forschungsdaten- und KI-Infrastrukturen,"{'display_name': 'Karlsruher Institut für Technologie  Campus Nord', '__CLASS__': 'Adzuna::API::Response::Company'}",11.155003,,,,
"{'__CLASS__': 'Adzuna::API::Response::Category', 'tag': 'unknown', 'label': 'Unknown'}",5773180923,https://www.adzuna.de/land/ad/5773180923?se=LAirZKR-8RGfLqP0kN4w7g&utm_medium=api&utm_source=a4bcf954&v=9DBD8C099FEB8FF40F33D01C07A314BF26299758,Adzuna::API::Response::Job,"adesso steht für digitale Exzellenz – und damit auch für vielfältige Entwicklungsmöglichkeiten für alle adessi. Wir wachsen gemeinsam und lernen voneinander: in anspruchsvollen Projekten, interdisziplinären Teams und mit zielgerichteten Trainingsangeboten. Wir haben IT im Herzen und den Erfolg unserer Kunden im Fokus. Als Treiber der KI-Transformation verbinden wir Mut zur Veränderung mit technologischer Expertise und zukunftsfähigen Strategien. Was uns stark macht, sind unsere adessi, die etwa…",51.226802,eyJhbGciOiJIUzI1NiJ9.eyJpIjoiNTc3MzE4MDkyMyIsInMiOiJMQWlyWktSLThSR2ZMcVAwa040dzdnIn0.tDU8V8H_B1PKyuOvkwdiPL1FLIbUJw0YqlLZoZC5OuM,2026-06-23T06:22:14Z,0,"{'area': ['Deutschland', 'Nordrhein-Westfalen', 'Düsseldorf'], '__CLASS__': 'Adzuna::API::Response::Location', 'display_name': 'Düsseldorf, Nordrhein-Westfalen'}",Data Engineer Salesforce Data Cloud (all genders),"{'display_name': 'adesso SE', '__CLASS__': 'Adzuna::API::Response::Company'}",6.808387,,,,
"{'__CLASS__': 'Adzuna::API::Response::Category', 'tag': 'unknown', 'label': 'Unknown'}",5794245663,https://www.adzuna.de/land/ad/5794245663?se=LAirZKR-8RGfLqP0kN4w7g&utm_medium=api&utm_source=a4bcf954&v=A072F51C12858CC1F341F7E6465D67E1C94233B4,Adzuna::API::Response::Job,"Koch-Chemie steht seit 1968 für hoch­wer­ti­ge Rei­ni­gungs- und Pfle­ge­pro­duk­te in den Be­rei­chen Wasch­che­mie, Fahr­zeug­auf­be­rei­tung, Werk­statt und In­dus­trie. Tra­di­ti­on, die sich durch stän­di­ge Ver­bes­se­run­gen und Lie­be zum De­tail aus­zeich­net: Excellence for Experts. In un­se­rer Bran­che sind wir eines der we­ni­gen Un­ter­neh­men, das selbst forscht, pro­du­ziert und ver­treibt. Wir sind Teil der französischen Novarc-Gruppe, einer international aufgestellten Industri…",51.53447,eyJhbGciOiJIUzI1NiJ9.eyJzIjoiTEFpclpLUi04UkdmTHFQMGtONHc3ZyIsImkiOiI1Nzk0MjQ1NjYzIn0.QH-DZFw02TvTZ2GkVnqdfhWPJCt3F3KTvMmq7Hdjl-E,2026-07-09T17:27:38Z,0,"{'display_name': 'Unna, Unna (Kreis)', '__CLASS__': 'Adzuna::API::Response::Location', 'area': ['Deutschland', 'Nordrhein-Westfalen', 'Unna (Kreis)', 'Unna']}",Werkstudent Business Excellence & Data Quality (m/f/x),"{'display_name': 'Koch-Chemie GmbH', '__CLASS__': 'Adzuna::API::Response::Company'}",7.68588,,,,
"{'label': 'IT-Stellen', 'tag': 'it-jobs', '__CLASS__': 'Adzuna::API::Response::Category'}",5778049521,https://www.adzuna.de/land/ad/5778049521?se=LAirZKR-8RGfLqP0kN4w7g&utm_medium=api&utm_source=a4bcf954&v=A317766B85A306B68EB0202D3E652C4FA0E2BEFC,Adzuna::API::Response::Job,"Life is always about becoming… Im Leben geht es darum, sich auf eine Reise zu begeben, um die beste Version unseres zukünftigen Selbst zu werden. Während wir Neues entdecken, stellen wir uns Herausforderungen, meistern sie und wachsen über uns hinaus. Bewerben Sie sich bei Mercedes-Benz und finden Sie den Aufgabenbereich, in dem Sie Ihre Talente individuell entfalten können. Dabei werden Sie von visionären Kolleginnen und Kollegen unterstützt, die Ihren Pioniergeist teilen. Bei uns einzusteigen…",48.776198,eyJhbGciOiJIUzI1NiJ9.eyJpIjoiNTc3ODA0OTUyMSIsInMiOiJMQWlyWktSLThSR2ZMcVAwa040dzdnIn0.7oAmIfxz2j2c4q__9dBi23Z4T3ESJkzq0_WU5TwW49M,2026-06-26T22:06:58Z,0,"{'area': ['Deutschland', 'Baden-Württemberg', 'Stuttgart'], '__CLASS__': 'Adzuna::API::Response::Location', 'display_name': 'Stuttgart, Baden-Württemberg'}",Praktikant*in Digital Transformation Office (Pflicht-Praktikum),"{'__CLASS__': 'Adzuna::API::Response::Company', 'display_name': 'Mercedes-Benz AG'}",9.187224,,,,
"{'__CLASS__': 'Adzuna::API::Response::Category', 'tag': 'unknown', 'label': 'Unknown'}",5710659292,https://www.adzuna.de/details/5710659292?utm_medium=api&utm_source=a4bcf954,Adzuna::API::Response::Job,Specialist Data Science (m/w/d) für unsere Zentrale in Telgte (bei Münster) Aus Westfalen in die Welt - mit rund 18.000 Kolleginnen und Kollegen und fast 2.000 Stores in 17 Ländern sind wir einer der größten Fashion Discounter in Europa. Unsere internationalen Geschäfte steuern wir aus unserer Zentrale im westfälischen Telgte bei Münster. Takko Fashion steht für aktuelle Trends sowie gute Qualität aus sozial verantwortungsbewusster Produktion – und das zu einem erschwinglichen Preis. Durch unse…,51.98437,eyJhbGciOiJIUzI1NiJ9.eyJpIjoiNTcxMDY1OTI5MiIsInMiOiJMQWlyWktSLThSR2ZMcVAwa040dzdnIn0.NfyDIUJejRvRkRH7NapqdVoDYJoeLA7_jE_R1pAJM4Y,2026-04-26T00:03:52Z,0,"{'display_name': 'Telgte, Warendorf (Kreis)', 'area': ['Deutschland', 'Nordrhein-Westfalen', 'Warendorf (Kreis)', 'Telgte'], '__CLASS__': 'Adzuna::API::Response::Location'}",Specialist Data Science (m/w/d),"{'display_name': 'Takko Fashion', '__CLASS__': 'Adzuna::API::Response::Company'}",7.7853,full_time,,,permanent
"{'__CLASS__': 'Adzuna::API::Response::Category', 'tag': 'accounting-finance-jobs', 'label': 'Stellen aus Buchhaltung & Finanzwesen'}",5783104158,https://www.adzuna.de/details/5783104158?utm_medium=api&utm_source=a4bcf954,Adzuna::API::Response::Job,"Praktikum Data Analytics / Data Science Datum: 12.11.2025 Standort: Fellbach, BW, DE, 70736 Unternehmen: STIHL Das ist die Aufgabe Mitwirken im innovativen Big Data Team: Unterstütze andere Fachbereiche durch Expertise in Data Analytics und erhalte Einblicke in Data Science und Data Visualization, um datengetriebene Entscheidungen voranzutreiben Beteiligen an Analytics Projekten: Arbeite interdisziplinär, um Produkte und interne Prozesse durch datengetriebene Insights zu optimieren, mit der Cha…",,eyJhbGciOiJIUzI1NiJ9.eyJpIjoiNTc4MzEwNDE1OCIsInMiOiJMQWlyWktSLThSR2ZMcVAwa040dzdnIn0.ccFEvsJ6auzRY2NNBvy0im6i74tLK4PTH05X87JfWs4,2026-07-01T08:48:52Z,0,"{'__CLASS__': 'Adzuna::API::Response::Location', 'area': ['Deutschland'], 'display_name': 'Deutschland'}",Praktikum Data Analytics / Data Science in Fellbach,"{'display_name': 'ANDREAS STIHL AG & Co. KG', '__CLASS__': 'Adzuna::API::Response::Company'}",,,,,
"{'label': 'Unknown', '__CLASS__': 'Adzuna::API::Response::Category', 'tag': 'unknown'}",5067020798,https://www.adzuna.de/details/5067020798?utm_medium=api&utm_source=a4bcf954,Adzuna::API::Response::Job,"Wir bieten dir Flexibles Arbeiten: Mobiles Arbeiten mit vier gemeinsamen Präsenztagen im Monat. Und wenn du magst, bist du natürlich jederzeit öfter im Büro willkommen. So schaffen wir die perfekte Balance aus Freiheit und persönlichem Austausch. Individuelle Arbeitszeitmodelle , die sich an dein Leben anpassen. Gestaltungsfreiraum für deine Ideen und Projekte, mit der Möglichkeit, wirklich etwas zu bewegen. Gezielte Weiterbildungsmöglichkeiten , die wir aktiv fördern. Ein starkes Miteinander i…",52.36489,eyJhbGciOiJIUzI1NiJ9.eyJzIjoiTEFpclpLUi04UkdmTHFQMGtONHc3ZyIsImkiOiI1MDY3MDIwNzk4In0.cA1R_CRmsdm4XUetO4VSUyTLfDXeqmok6zYm3ndwygo,2025-02-28T14:07:24Z,0,"{'display_name': 'Bult, Hannover', 'area': ['Deutschland', 'Niedersachsen', 'Region Hannover (Kreis)', 'Hannover', 'Bult'], '__CLASS__': 'Adzuna::API::Response::Location'}",Data Science Specialist (m/w/d),"{'__CLASS__': 'Adzuna::API::Response::Company', 'display_name': 'IT-P GmbH'}",9.77223,part_time,,,
"{'tag': 'unknown', '__CLASS__': 'Adzuna::API::Response::Category', 'label': 'Unknown'}",5727309271,https://www.adzuna.de/details/5727309271?utm_medium=api&utm_source=a4bcf954,Adzuna::API::Response::Job,"Wir bieten dir Flexibles Arbeiten: Mobiles Arbeiten mit vier gemeinsamen Präsenztagen im Monat. Und wenn du magst, bist du natürlich jederzeit öfter im Büro willkommen. So schaffen wir die perfekte Balance aus Freiheit und persönlichem Austausch. Individuelle Arbeitszeitmodelle , die sich an dein Leben anpassen. Gestaltungsfreiraum für deine Ideen und Projekte, mit der Möglichkeit, wirklich etwas zu bewegen. Gezielte Weiterbildungsmöglichkeiten , die wir aktiv fördern. Ein starkes Miteinander i…",,eyJhbGciOiJIUzI1NiJ9.eyJzIjoiTEFpclpLUi04UkdmTHFQMGtONHc3ZyIsImkiOiI1NzI3MzA5MjcxIn0.3G1c8vxiZHn2Kj56hpRqDhyBN81_4J2aiPS8BEq_jLs,2026-05-12T23:01:22Z,0,"{'display_name': 'Deutschland', 'area': ['Deutschland'], '__CLASS__': 'Adzuna::API::Response::Location'}",Data Science Specialist (m/w/d),"{'display_name': 'IT-P', '__CLASS__': 'Adzuna::API::Response::Company'}",,full_time,,,
"{'__CLASS__': 'Adzuna::API::Response::Category', 'tag': 'unknown', 'label': 'Unknown'}",5593655402,https://www.adzuna.de/details/5593655402?utm_medium=api&utm_source=a4bcf954,Adzuna::API::Response::Job,"Dein Studium Du möchtest Theorie und Praxis miteinander verknüpfen und begeisterst dich für Daten, Analysen und Künstliche Intelligenz? Dann ist das duale Studium im Bereich Data Science & Künstliche Intelligenz in Kombination mit MWAY genau das Richtige für dich. Studiendauer: 3 Jahre Studienverlauf: Wechsel von Theorie- und Praxisphasen im 3-Monats-Rhythmus Praxisort: Stuttgart-Bad Cannstatt Studienstart: 01.10.2027 Studienort: DHBW Stuttgart Abschluss: Bachelor of Science Weitere Information…",48.80499,eyJhbGciOiJIUzI1NiJ9.eyJpIjoiNTU5MzY1NTQwMiIsInMiOiJMQWlyWktSLThSR2ZMcVAwa040dzdnIn0.eokSivEr_8bmo1sFUGIVxtdDx3TU6BvVheLpLfFuLEs,2026-01-21T06:59:03Z,0,"{'__CLASS__': 'Adzuna::API::Response::Location', 'area': ['Deutschland', 'Baden-Württemberg', 'Stuttgart', 'Bad Cannstatt'], 'display_name': 'Bad Cannstatt, Stuttgart'}",DHBW Data Science & Künstliche Intelligenz – 2027,"{'__CLASS__': 'Adzuna::API::Response::Company', 'display_name': 'MWAY DIGITAL GmbH'}",9.21546,full_time,,,
"{'__CLASS__': 'Adzuna::API::Response::Category', 'tag': 'it-jobs', 'label': 'IT-Stellen'}",5727301322,https://www.adzuna.de/details/5727301322?utm_medium=api&utm_source=a4bcf954,Adzuna::API::Response::Job,"Dein Studium Du möchtest Theorie und Praxis miteinander verknüpfen und begeisterst dich für Daten, Analysen und Künstliche Intelligenz? Dann ist das duale Studium im Bereich Data Science & Künstliche Intelligenz in Kombination mit MWAY genau das Richtige für dich. Studiendauer: 3 Jahre Studienverlauf: Wechsel von Theorie- und Praxisphasen im 3-Monats-Rhythmus Praxisort: Stuttgart-Bad Cannstatt Studienstart: 01.10.2027 Studienort: DHBW Stuttgart Abschluss: Bachelor of Science Weitere Information…",48.776198,eyJhbGciOiJIUzI1NiJ9.eyJzIjoiTEFpclpLUi04UkdmTHFQMGtONHc3ZyIsImkiOiI1NzI3MzAxMzIyIn0.odWPw2GMlY-DFa-sDtY87llFUpK5TTBp7GFxCK1yX7o,2026-05-12T22:59:27Z,0,"{'display_name': 'Stuttgart, Baden-Württemberg', 'area': ['Deutschland', 'Baden-Württemberg', 'Stuttgart'], '__CLASS__': 'Adzuna::API::Response::Location'}",DHBW Data Science & Künstliche Intelligenz – 2027,"{'__CLASS__': 'Adzuna::API::Response::Company', 'display_name': 'MWAY DIGITAL'}",9.187224,full_time,,,
"{'__CLASS__': 'Adzuna::API::Response::Category', 'tag': 'it-jobs', 'label': 'IT-Stellen'}",5784409486,https://www.adzuna.de/details/5784409486?utm_medium=api&utm_source=a4bcf954,Adzuna::API::Response::Job,"Du studierst Informatik, Künstliche Intelligenz (KI), Data Science, Data Analytics oder einen vergleichbaren Studiengang mit Schwerpunkt Softwareentwicklung und möchtest dein theoretisches Wissen in einem praxisnahen Projekt anwenden, das langfristig einen echten Mehrwert schafft? Dann suchen wir genau dich für ein Praxissemester! Werde Teil unseres Teams am Standort Ulm und gestalte die Zukunft von NewTec aktiv mit! Was dich bei NewTec erwartet: Du entwickelst und optimierst Datenbankabfragen …",48.39155,eyJhbGciOiJIUzI1NiJ9.eyJpIjoiNTc4NDQwOTQ4NiIsInMiOiJMQWlyWktSLThSR2ZMcVAwa040dzdnIn0.K9XJGM_lljJOttVEutFSr5jrHuon6tpPGEVEZ7fW-gI,2026-07-01T23:47:40Z,0,"{'area': ['Deutschland', 'Baden-Württemberg', 'Ulm', 'Söflingen'], '__CLASS__': 'Adzuna::API::Response::Location', 'display_name': 'Söflingen, Ulm'}",Praxissemester / Abschlussarbeit im Bereich KI und Data Science,"{'__CLASS__': 'Adzuna::API::Response::Company', 'display_name': 'NewTec'}",9.94976,full_time,,,
"{'__CLASS__': 'Adzuna::API::Response::Category', 'tag': 'graduate-jobs', 'label': 'Stellen für Hochschulabsolventen'}",5785230275,https://www.adzuna.de/details/5785230275?utm_medium=api&utm_source=a4bcf954,Adzuna::API::Response::Job,Duales Studium - Data Science & Künstliche Intelligenz Standort Burghausen - 84489 Burghausen - Arbeitszeit: Vollzeit - Position: Duales Studium - Bildungsgrad Mindestvoraussetzung: Fachhochschulreife - Beschäftigungsbeginn: 01.09.2027,48.17244,eyJhbGciOiJIUzI1NiJ9.eyJpIjoiNTc4NTIzMDI3NSIsInMiOiJMQWlyWktSLThSR2ZMcVAwa040dzdnIn0.im7I741sfRyMnu0NvFvcLtIG6rKDbrSm4VoNbXhI-88,2026-07-02T11:24:40Z,0,"{'display_name': 'Burghausen, Altötting (Kreis)', '__CLASS__': 'Adzuna::API::Response::Location', 'area': ['Deutschland', 'Bayern', 'Altötting (Kreis)', 'Burghausen']}",Duales Studium - Data Science & Künstliche Intelligenz,"{'__CLASS__': 'Adzuna::API::Response::Company', 'display_name': 'Wacker Chemie AG - Werk Burghausen'}",12.83048,,,,
"{'label': 'Unknown', 'tag': 'unknown', '__CLASS__': 'Adzuna::API::Response::Category'}",4352591932,https://www.adzuna.de/details/4352591932?utm_medium=api&utm_source=a4bcf954,Adzuna::API::Response::Job,"Wer wir sind Als eine der führenden Beratungen der Medienbranche treibt Highberg DACH (ehemals SCHICKLER) den digitalen Wandel in Medienunternehmen in Deutschland, Österreich und der Schweiz aktiv voran. In der Medienwelt von heute entscheidet Datenkompetenz über Sichtbarkeit, Reichweite und Erfolg. Wer relevant bleiben will, muss Wandel aktiv gestalten – genau deshalb suchen wir dich. Unser Tech Stack: Programmiersprachen: Python, R, JavaScript, SQL ETL / Data-Modeling: dbt, Google Dataflow, P…",53.54167,eyJhbGciOiJIUzI1NiJ9.eyJpIjoiNDM1MjU5MTkzMiIsInMiOiJMQWlyWktSLThSR2ZMcVAwa040dzdnIn0.CeLtTYvWEr7biD8fU1WkbtbBF1bOHos6sOjvIDxogC4,2023-10-05T13:37:27Z,0,"{'display_name': 'HafenCity, Hamburg', '__CLASS__': 'Adzuna::API::Response::Location', 'area': ['Deutschland', 'Hamburg', 'HafenCity']}",Praktikum: Data Science (w/m/d),"{'__CLASS__': 'Adzuna::API::Response::Company', 'display_name': 'Highberg DACH'}",9.99333,full_time,,,
"{'__CLASS__': 'Adzuna::API::Response::Category', 'tag': 'consultancy-jobs', 'label': 'Beraterstellen'}",5727345404,https://www.adzuna.de/details/5727345404?utm_medium=api&utm_source=a4bcf954,Adzuna::API::Response::Job,"Wer wir sind Als eine der führenden Beratungen der Medienbranche treibt Highberg DACH (ehemals SCHICKLER) den digitalen Wandel in Medienunternehmen in Deutschland, Österreich und der Schweiz aktiv voran. In der Medienwelt von heute entscheidet Datenkompetenz über Sichtbarkeit, Reichweite und Erfolg. Wer relevant bleiben will, muss Wandel aktiv gestalten – genau deshalb suchen wir dich. Unser Tech Stack: Programmiersprachen: Python, R, JavaScript, SQL ETL / Data-Modeling: dbt, Google Dataflow, P…",53.54167,eyJhbGciOiJIUzI1NiJ9.eyJzIjoiTEFpclpLUi04UkdmTHFQMGtONHc3ZyIsImkiOiI1NzI3MzQ1NDA0In0.Xfhlq4hysm_TjakjrkGCfTsdkdx7FnPVr77Bvesuxy4,2026-05-12T23:27:34Z,0,"{'display_name': 'HafenCity, Hamburg', 'area': ['Deutschland', 'Hamburg', 'HafenCity'], '__CLASS__': 'Adzuna::API::Response::Location'}",Praktikum: Data Science (w/m/d),"{'display_name': 'Highberg', '__CLASS__': 'Adzuna::API::Response::Company'}",9.99333,full_time,,,
"{'label': 'Beraterstellen', '__CLASS__': 'Adzuna::API::Response::Category', 'tag': 'consultancy-jobs'}",5761812930,https://www.adzuna.de/details/5761812930?utm_medium=api&utm_source=a4bcf954,Adzuna::API::Response::Job,"Im AI & Data Team bei Accenture vereinen wir einzigartige Persönlichkeiten und zukunftsgerichtetes Know-How, um gemeinsam mit unseren Kunden datengetriebene Transformation voranzutreiben und die Zukunft durch KI (Künstliche Intelligenz) zu gestalten. Wir begleiten unsere Kunden Ende-zu-Ende – von der strategischen, KI-nativen Neuausrichtung & Zieldefinition der Organisation über die Konzeption & Entwicklung von cutting-edge KI-Lösungen bis hin zum technischen Design & der Implementierung von KI…",,eyJhbGciOiJIUzI1NiJ9.eyJzIjoiTEFpclpLUi04UkdmTHFQMGtONHc3ZyIsImkiOiI1NzYxODEyOTMwIn0.CwR41cG4Tc9mglyPNRaI3YY-7cq3Zw8aGBibfs0ad6M,2026-06-12T23:21:34Z,0,"{'display_name': 'Deutschland', '__CLASS__': 'Adzuna::API::Response::Location', 'area': ['Deutschland']}",AI & Data Science Consultant (all genders),"{'display_name': 'Accenture', '__CLASS__': 'Adzuna::API::Response::Company'}",,full_time,,,
"{'label': 'Unknown', 'tag': 'unknown', '__CLASS__': 'Adzuna::API::Response::Category'}",5775424083,https://www.adzuna.de/details/5775424083?utm_medium=api&utm_source=a4bcf954,Adzuna::API::Response::Job,"m AI & Data Team bei Accenture vereinen wir einzigartige Persönlichkeiten und zukunftsgerichtetes Know-How, um gemeinsam mit unseren Kunden datengetriebene Transformation voranzutreiben und die Zukunft durch KI (Künstlichen Intelligenz) zu gestalten. Wir begleiten unsere Kunden Ende-zu-Ende – von der strategischen, KI-nativen Neuausrichtung & Zieldefinition der Organisation über die Konzeption & Entwicklung von cutting-edge KI-Lösungen bis hin zum technischen Design & der Implementierung von KI…",,eyJhbGciOiJIUzI1NiJ9.eyJzIjoiTEFpclpLUi04UkdmTHFQMGtONHc3ZyIsImkiOiI1Nzc1NDI0MDgzIn0.fO9m9SjbmCt7PoSFD_aY92mKxf7bK165pfToCAmUUBM,2026-06-24T23:49:48Z,0,"{'area': ['Deutschland'], '__CLASS__': 'Adzuna::API::Response::Location', 'display_name': 'Deutschland'}",AI & Data Science Analyst (all genders),"{'display_name': 'Accenture', '__CLASS__': 'Adzuna::API::Response::Company'}",,full_time,,,
"{'label': 'IT-Stellen', '__CLASS__': 'Adzuna::API::Response::Category', 'tag': 'it-jobs'}",5716224020,https://www.adzuna.de/details/5716224020?utm_medium=api&utm_source=a4bcf954,Adzuna::API::Response::Job,"Auf was wir bei ENCAVIS setzen? Die Sonne. Den Wind. Und auf dich. Willkommen in der Welt von Encavis! Bei uns dreht sich alles um die Kraft der Sonne, des Windes und der konzernweit über 400 Menschen, die gemeinsam das Energiesystem der Zukunft gestalten, um eine nachhaltige Energieversorgung für zukünftige Generationen sicherzustellen. Die ENCAVIS Management GmbH & Co. KG ist die Holding der ENCAVIS GmbH, einem der führenden Stromerzeuger aus Erneuerbaren Energien in Europa. Wir betreiben ein…",53.54883,eyJhbGciOiJIUzI1NiJ9.eyJzIjoiTEFpclpLUi04UkdmTHFQMGtONHc3ZyIsImkiOiI1NzE2MjI0MDIwIn0.8FNRGP8kc6G7TofGIkJ-Fwk3jP-a-iFvUoWas91Qu8s,2026-05-01T22:59:27Z,0,"{'display_name': 'Altona-Altstadt, Hamburg', '__CLASS__': 'Adzuna::API::Response::Location', 'area': ['Deutschland', 'Hamburg', 'Altona-Altstadt']}",Berufsbegleitendes Studium - Data Science & Artificial Intelligence,"{'display_name': 'ENCAVIS', '__CLASS__': 'Adzuna::API::Response::Company'}",9.9477,part_time,,,
"{'label': 'Unknown', '__CLASS__': 'Adzuna::API::Response::Category', 'tag': 'unknown'}",5768060638,https://www.adzuna.de/details/5768060638?utm_medium=api&utm_source=a4bcf954,Adzuna::API::Response::Job,"Praktikum Künstliche Intelligenz / Data Science – Medizintechnik Drägerwerk AG & Co. KGaA - Job-ID V000011147 Einsatzort: Lübeck Fachbereich: R&D Art der Anstellung: Vollzeit Dafür suchen wir Dich Studieren macht Spaß – noch mehr, wenn du die Theorie auch in der Praxis erleben kannst. Bei Dräger bringst du vom ersten Tag an deine Ideen ein und übernimmst Verantwortung für ›Technik für das Leben‹. Im Bereich Workplace Infrastructure dreht sich alles um die Gestaltung moderner Arbeits- und Klinik…",53.86126,eyJhbGciOiJIUzI1NiJ9.eyJpIjoiNTc2ODA2MDYzOCIsInMiOiJMQWlyWktSLThSR2ZMcVAwa040dzdnIn0.J6aS0OsLESDksYRF5c-cULshdFVGeqQ1ATxluJeKhyk,2026-06-18T14:13:20Z,0,"{'__CLASS__': 'Adzuna::API::Response::Location', 'area': ['Deutschland', 'Schleswig-Holstein', 'Lübeck', 'Buntekuh'], 'display_name': 'Buntekuh, Lübeck'}",Praktikum Künstliche Intelligenz / Data Science – Medizintechnik,"{'__CLASS__': 'Adzuna::API::Response::Company', 'display_name': 'Drägerwerk AG & Co. KGaA'}",10.64904,,,,
"{'__CLASS__': 'Adzuna::API::Response::Category', 'tag': 'logistics-warehouse-jobs', 'label': 'Stellen aus Logistik & Lagerhaltung'}",5727322915,https://www.adzuna.de/details/5727322915?utm_medium=api&utm_source=a4bcf954,Adzuna::API::Response::Job,Darauf kannst Du dich freuen Du übernimmst eigenverantwortlich verschiedene Modellierungs- und Analyseprojekte und nutzt dabei unsere Marktplatzdaten sowie deine fundierten Methodenkenntnisse. Du bereitest Daten aus unterschiedlichen Systemen auf und setzt deine Fähigkeiten im Feature Engineering effektiv ein. Bei der Umsetzung von statistischen Modellen und Modell-Prototypen legst du großen Wert auf deren praktische Anwendbarkeit. Du führst statistisch fundierte Analysen und Simulationen durch…,49.03084,eyJhbGciOiJIUzI1NiJ9.eyJzIjoiTEFpclpLUi04UkdmTHFQMGtONHc3ZyIsImkiOiI1NzI3MzIyOTE1In0.gNeIIaOLfcXW1IMahDWjj7_ywj1cBL3hYwzvVaCkad4,2026-05-12T23:08:36Z,0,"{'area': ['Deutschland', 'Baden-Württemberg', 'Karlsruhe (Kreis)', 'Karlsruhe', 'Hagsfeld'], '__CLASS__': 'Adzuna::API::Response::Location', 'display_name': 'Hagsfeld, Karlsruhe'}",Werkstudent Data Science (m/w/d),"{'display_name': 'Chrono24', '__CLASS__': 'Adzuna::API::Response::Company'}",8.45882,part_time,,,
"{'label': 'Unknown', '__CLASS__': 'Adzuna::API::Response::Category', 'tag': 'unknown'}",5727321876,https://www.adzuna.de/details/5727321876?utm_medium=api&utm_source=a4bcf954,Adzuna::API::Response::Job,"Dafür brauchen wir Dich Für ein neues Digital-Projekt in der MICE-Branche suchen wir Dich: eine Persönlichkeit, die Lust hat, mit uns Dinge neu zu denken, Ideen Realität werden zu lassen und die Zukunft unserer Branche aktiv mitzugestalten. Dateninfrastruktur & Skalierung: Du entwickelst und verantwortest unsere Dateninfrastruktur. Du baust robuste Pipelines, die Daten aus verschiedenen Quellen in ein sauberes, zuverlässiges Data Warehouse überführen und stellst Qualität, Konsistenz und Verfügb…",48.1475,eyJhbGciOiJIUzI1NiJ9.eyJpIjoiNTcyNzMyMTg3NiIsInMiOiJMQWlyWktSLThSR2ZMcVAwa040dzdnIn0.EJhDhKX4siJAPRm-FxpNjfEYpPnpghi-lK67zdHgn9o,2026-05-12T23:07:57Z,0,"{'display_name': 'Bogenhausen, München', 'area': ['Deutschland', 'Bayern', 'München (Kreis)', 'München', 'Bogenhausen'], '__CLASS__': 'Adzuna::API::Response::Location'}",Data Science Engineer (m/w/d),"{'display_name': 'smartvillage', '__CLASS__': 'Adzuna::API::Response::Company'}",11.62828,full_time,,,
"{'tag': 'unknown', '__CLASS__': 'Adzuna::API::Response::Category', 'label': 'Unknown'}",5576690121,https://www.adzuna.de/details/5576690121?utm_medium=api&utm_source=a4bcf954,Adzuna::API::Response::Job,"Siltronic ist einer der weltweit größten Hersteller für Wafer aus Reinstsilizium und Partner vieler führender Chip-Hersteller mit rund 4.300 Mitarbeitenden und Produktionsstätten in Europa, Asien und den USA. Wir entwickeln und fertigen Wafer mit einem Durchmesser von bis zu 300 mm. Diese sind die Grundlage der modernen Mikro- und Nanoelektronik. In einem 3-jährigen Dualen Studium werden Theorie und Praxis gekonnt verbunden. Das hoch qualifizierende Studium wird durch breit gefächerte Praxisein…",50.91404,eyJhbGciOiJIUzI1NiJ9.eyJpIjoiNTU3NjY5MDEyMSIsInMiOiJMQWlyWktSLThSR2ZMcVAwa040dzdnIn0.PBfLSc-U6fuHMyHU3-isnRcvW0KNIengamiGU1ig2a0,2026-01-09T20:35:59Z,0,"{'display_name': 'Freiberg, Mittelsachsen (Kreis)', 'area': ['Deutschland', 'Sachsen', 'Mittelsachsen (Kreis)', 'Freiberg'], '__CLASS__': 'Adzuna::API::Response::Location'}",Duales Studium Data Science und Künstliche Intelligenz,"{'__CLASS__': 'Adzuna::API::Response::Company', 'display_name': 'Siltronic AG'}",13.33722,full_time,,,
"{'label': 'IT-Stellen', '__CLASS__': 'Adzuna::API::Response::Category', 'tag': 'it-jobs'}",5565208771,https://www.adzuna.de/details/5565208771?utm_medium=api&utm_source=a4bcf954,Adzuna::API::Response::Job,"Du willst mehr als Uni und möchtest erste Berufseinblicke und Kontakte knüpfen? Dann bist du hier richtig! Als Werkstudent oder Praktikant bei Kaufland gehörst du von Beginn an zu einem starken Team und kannst zeigen, was in dir steckt. Werde auch du Teil von teamkaufland! Das erwartet dich bei uns Wir zählen auf dich: Du unterstützt unser Team bei der Bearbeitung unserer Analytics Use Cases entlang der gesamten Wertschöpfungskette bei Kaufland. Vielfältige Aufgaben? Na klar: Lerne unsere Proje…",49.1416,eyJhbGciOiJIUzI1NiJ9.eyJpIjoiNTU2NTIwODc3MSIsInMiOiJMQWlyWktSLThSR2ZMcVAwa040dzdnIn0.VXQ9frKEPp7-5WQbYbhnjqoVrtzYqiqPuVbhYj8ABkw,2026-01-02T20:58:32Z,0,"{'__CLASS__': 'Adzuna::API::Response::Location', 'area': ['Deutschland', 'Baden-Württemberg', 'Heilbronn (Kreis)', 'Heilbronn', 'Böckingen'], 'display_name': 'Böckingen, Heilbronn'}",Praktikant Data Science (m/w/d),"{'__CLASS__': 'Adzuna::API::Response::Company', 'display_name': 'Kaufland'}",9.22208,,,,
"{'label': 'Unknown', 'tag': 'unknown', '__CLASS__': 'Adzuna::API::Response::Category'}",5781809891,https://www.adzuna.de/land/ad/5781809891?se=LAirZKR-8RGfLqP0kN4w7g&utm_medium=api&utm_source=a4bcf954&v=C0A7ADAE8F5E4E12553B21312ECD693686D00D5B,Adzuna::API::Response::Job,"Wir sind adesso business consulting, das SAP-Powerhouse der adesso Group. Als führender IT-Dienstleister stehen wir für Kundenorientierung, Wachstum und starke Perspektiven. Unser größter Erfolgsfaktor? Das sind unsere Mitarbeitenden! Als SAP-Profis begleiten wir kundenspezifische Herausforderungen und unterstützen die Auswahl, Anpassung und Implementierung von SAP-Lösungen. Unsere langjährige Erfahrung kombiniert technisches und Branchen-Know-how mit strategischem Denken und kreativen Ideen. D…",52.507706,eyJhbGciOiJIUzI1NiJ9.eyJzIjoiTEFpclpLUi04UkdmTHFQMGtONHc3ZyIsImkiOiI1NzgxODA5ODkxIn0.i22zVCYYvYARYTXPTKzwltfn8dJf-ZW87QuBOzNgriU,2026-06-30T07:22:22Z,0,"{'area': ['Deutschland', 'Berlin'], '__CLASS__': 'Adzuna::API::Response::Location', 'display_name': 'Berlin, Deutschland'}",AI & Automation Architect SAP (all genders),"{'__CLASS__': 'Adzuna::API::Response::Company', 'display_name': 'adesso business consulting AG'}",13.420806,,,,
"{'tag': 'it-jobs', '__CLASS__': 'Adzuna::API::Response::Category', 'label': 'IT-Stellen'}",5797137897,https://www.adzuna.de/land/ad/5797137897?se=LAirZKR-8RGfLqP0kN4w7g&utm_medium=api&utm_source=a4bcf954&v=AEED4D76EA0B2ED6667296D467D6A1D1FFD03154,Adzuna::API::Response::Job,"Als eine der großen europäischen Plattformen für Investmentfonds ist die Attrax Financial Services S.A. ein zuverlässiger Partner der Genossenschaftlichen FinanzGruppe Volksbanken Raiffeisenbanken in Deutschland und weiterer professioneller Finanzdienstleister - wie Banken, Investmentgesellschaften und Versicherungen. Die Gesellschaft bietet ihren Institutionellen Kunden innovative Business-to-Business-Services für Fondsbrokerage und Fondsverwahrung, kundenorientierte Lösungen in den Bereichen …",,eyJhbGciOiJIUzI1NiJ9.eyJzIjoiTEFpclpLUi04UkdmTHFQMGtONHc3ZyIsImkiOiI1Nzk3MTM3ODk3In0.cvymdm8IJx1dRo1sYkZ3hDXRWW7-arEVVxa2NMDN748,2026-07-11T21:22:00Z,0,"{'display_name': 'Deutschland', 'area': ['Deutschland'], '__CLASS__': 'Adzuna::API::Response::Location'}",Trainee FOKUS Luxemburg (m/w/d) - digitale Transformation & Prozessmanagement Schwerpunkt Change/Run in der Fondsadministration,"{'__CLASS__': 'Adzuna::API::Response::Company', 'display_name': 'Union Investment'}",,,,,
"{'__CLASS__': 'Adzuna::API::Response::Category', 'tag': 'unknown', 'label': 'Unknown'}",5505336831,https://www.adzuna.de/details/5505336831?utm_medium=api&utm_source=a4bcf954,Adzuna::API::Response::Job,"Praktikum Data Science / Data Analytics & BI (w/m/d) Job-ID: 11385 Standorte: Karlsruhe Karrierelevel: Studierende Anstellungsart: Praktikum Begleite KPMG bei den zukünftigen Herausforderungen unserer Kund:innen. Begeistere auch Du Dich für die Vielfalt unserer Fragestellungen - und mach gemeinsam mit uns den Unterschied. Unterstütze Dein Team von Data-Expert:innen, die innovativen und datengesteuerten Lösungen für unsere Kund:innen zu entwickeln. Deine Aufgaben Du willst Big Data in Smart Data…",49.03084,eyJhbGciOiJIUzI1NiJ9.eyJpIjoiNTUwNTMzNjgzMSIsInMiOiJMQWlyWktSLThSR2ZMcVAwa040dzdnIn0.LCNmfEYNW7Lu6t4SHNuBt1iUrm8B4sRwhoZLUf5rrFw,2025-11-20T17:58:31Z,0,"{'display_name': 'Hagsfeld, Karlsruhe', 'area': ['Deutschland', 'Baden-Württemberg', 'Karlsruhe (Kreis)', 'Karlsruhe', 'Hagsfeld'], '__CLASS__': 'Adzuna::API::Response::Location'}",Praktikum Data Science / Data Analytics & BI (w/m/d),"{'display_name': 'KPMG', '__CLASS__': 'Adzuna::API::Response::Company'}",8.45882,,,,contract
"{'tag': 'unknown', '__CLASS__': 'Adzuna::API::Response::Category', 'label': 'Unknown'}",5505338174,https://www.adzuna.de/details/5505338174?utm_medium=api&utm_source=a4bcf954,Adzuna::API::Response::Job,"Praktikum Data Science / Data Analytics & BI (w/m/d) Job-ID: 11385 Standorte: Karrierelevel: Studierende Anstellungsart: Praktikum Begleite KPMG bei den zukünftigen Herausforderungen unserer Kund:innen. Begeistere auch Du Dich für die Vielfalt unserer Fragestellungen - und mach gemeinsam mit uns den Unterschied. Unterstütze Dein Team von Data-Expert:innen, die innovativen und datengesteuerten Lösungen für unsere Kund:innen zu entwickeln. Deine Aufgaben Du willst Big Data in Smart Data verwandel…",,eyJhbGciOiJIUzI1NiJ9.eyJzIjoiTEFpclpLUi04UkdmTHFQMGtONHc3ZyIsImkiOiI1NTA1MzM4MTc0In0.qa2Oe6OfgGLX7Xdxbed0ErCRYialI83mH4zFd0Yyg6Y,2025-11-20T17:58:37Z,0,"{'area': ['Deutschland'], '__CLASS__': 'Adzuna::API::Response::Location', 'display_name': 'Deutschland'}",Praktikum Data Science / Data Analytics & BI (w/m/d),"{'display_name': 'KPMG', '__CLASS__': 'Adzuna::API::Response::Company'}",,,,,contract
"{'tag': 'unknown', '__CLASS__': 'Adzuna::API::Response::Category', 'label': 'Unknown'}",5505336818,https://www.adzuna.de/details/5505336818?utm_medium=api&utm_source=a4bcf954,Adzuna::API::Response::Job,"Praktikum Data Science / Data Analytics & BI (w/m/d) Job-ID: 11385 Standorte: Frankfurt Karrierelevel: Studierende Anstellungsart: Praktikum Begleite KPMG bei den zukünftigen Herausforderungen unserer Kund:innen. Begeistere auch Du Dich für die Vielfalt unserer Fragestellungen - und mach gemeinsam mit uns den Unterschied. Unterstütze Dein Team von Data-Expert:innen, die innovativen und datengesteuerten Lösungen für unsere Kund:innen zu entwickeln. Deine Aufgaben Du willst Big Data in Smart Data…",50.05078,eyJhbGciOiJIUzI1NiJ9.eyJzIjoiTEFpclpLUi04UkdmTHFQMGtONHc3ZyIsImkiOiI1NTA1MzM2ODE4In0.tNc-aqK8wAim3p9xNCcwXZa-z9rQ04Caa3JoRNoVT2E,2025-11-20T17:58:30Z,0,"{'display_name': 'Flughafen, Frankfurt am Main', '__CLASS__': 'Adzuna::API::Response::Location', 'area': ['Deutschland', 'Hessen', 'Frankfurt am Main', 'Flughafen']}",Praktikum Data Science / Data Analytics & BI (w/m/d),"{'display_name': 'KPMG', '__CLASS__': 'Adzuna::API::Response::Company'}",8.56413,,,,contract
"{'__CLASS__': 'Adzuna::API::Response::Category', 'tag': 'unknown', 'label': 'Unknown'}",5505336826,https://www.adzuna.de/details/5505336826?utm_medium=api&utm_source=a4bcf954,Adzuna::API::Response::Job,"Praktikum Data Science / Data Analytics & BI (w/m/d) Job-ID: 11385 Standorte: Ulm Karrierelevel: Studierende Anstellungsart: Praktikum Begleite KPMG bei den zukünftigen Herausforderungen unserer Kund:innen. Begeistere auch Du Dich für die Vielfalt unserer Fragestellungen - und mach gemeinsam mit uns den Unterschied. Unterstütze Dein Team von Data-Expert:innen, die innovativen und datengesteuerten Lösungen für unsere Kund:innen zu entwickeln. Deine Aufgaben Du willst Big Data in Smart Data verwa…",48.36497,eyJhbGciOiJIUzI1NiJ9.eyJpIjoiNTUwNTMzNjgyNiIsInMiOiJMQWlyWktSLThSR2ZMcVAwa040dzdnIn0.TvCEuOI-6rLq7Edyx0N0qgcHcX3E5SpHMIWZJYPfsqU,2025-11-20T17:58:31Z,0,"{'area': ['Deutschland', 'Baden-Württemberg', 'Ulm', 'Mitte'], '__CLASS__': 'Adzuna::API::Response::Location', 'display_name': 'Mitte, Ulm'}",Praktikum Data Science / Data Analytics & BI (w/m/d),"{'__CLASS__': 'Adzuna::API::Response::Company', 'display_name': 'KPMG'}",8.29909,,,,contract
"{'label': 'Unknown', 'tag': 'unknown', '__CLASS__': 'Adzuna::API::Response::Category'}",5505336833,https://www.adzuna.de/details/5505336833?utm_medium=api&utm_source=a4bcf954,Adzuna::API::Response::Job,"Praktikum Data Science / Data Analytics & BI (w/m/d) Job-ID: 11385 Standorte: Berlin Karrierelevel: Studierende Anstellungsart: Praktikum Begleite KPMG bei den zukünftigen Herausforderungen unserer Kund:innen. Begeistere auch Du Dich für die Vielfalt unserer Fragestellungen - und mach gemeinsam mit uns den Unterschied. Unterstütze Dein Team von Data-Expert:innen, die innovativen und datengesteuerten Lösungen für unsere Kund:innen zu entwickeln. Deine Aufgaben Du willst Big Data in Smart Data ve…",52.5259,eyJhbGciOiJIUzI1NiJ9.eyJpIjoiNTUwNTMzNjgzMyIsInMiOiJMQWlyWktSLThSR2ZMcVAwa040dzdnIn0.EeRmM1kq5L_MKvTPLPJRiH04lHlovDVT6t_6cwGnTPE,2025-11-20T17:58:31Z,0,"{'display_name': 'Moabit, Berlin', '__CLASS__': 'Adzuna::API::Response::Location', 'area': ['Deutschland', 'Berlin', 'Moabit']}",Praktikum Data Science / Data Analytics & BI (w/m/d),"{'display_name': 'KPMG', '__CLASS__': 'Adzuna::API::Response::Company'}",13.35662,,,,contract
"{'tag': 'unknown', '__CLASS__': 'Adzuna::API::Response::Category', 'label': 'Unknown'}",5505336829,https://www.adzuna.de/details/5505336829?utm_medium=api&utm_source=a4bcf954,Adzuna::API::Response::Job,"Praktikum Data Science / Data Analytics & BI (w/m/d) Job-ID: 11385 Standorte: Saarbrücken Karrierelevel: Studierende Anstellungsart: Praktikum Begleite KPMG bei den zukünftigen Herausforderungen unserer Kund:innen. Begeistere auch Du Dich für die Vielfalt unserer Fragestellungen - und mach gemeinsam mit uns den Unterschied. Unterstütze Dein Team von Data-Expert:innen, die innovativen und datengesteuerten Lösungen für unsere Kund:innen zu entwickeln. Deine Aufgaben Du willst Big Data in Smart Da…",49.253,eyJhbGciOiJIUzI1NiJ9.eyJzIjoiTEFpclpLUi04UkdmTHFQMGtONHc3ZyIsImkiOiI1NTA1MzM2ODI5In0.6w4qISrQts9ShYa6Y4CVElyfWGmimtfxrOHn-NmWV0E,2025-11-20T17:58:31Z,0,"{'area': ['Deutschland', 'Saarland', 'Regionalverband Saarbrücken (Kreis)', 'Saarbrücken', 'Malstatt'], '__CLASS__': 'Adzuna::API::Response::Location', 'display_name': 'Malstatt, Saarbrücken'}",Praktikum Data Science / Data Analytics & BI (w/m/d),"{'display_name': 'KPMG', '__CLASS__': 'Adzuna::API::Response::Company'}",6.96191,,,,contract
"{'label': 'Unknown', '__CLASS__': 'Adzuna::API::Response::Category', 'tag': 'unknown'}",5505336820,https://www.adzuna.de/details/5505336820?utm_medium=api&utm_source=a4bcf954,Adzuna::API::Response::Job,"Praktikum Data Science / Data Analytics & BI (w/m/d) Job-ID: 11385 Standorte: Mannheim Karrierelevel: Studierende Anstellungsart: Praktikum Begleite KPMG bei den zukünftigen Herausforderungen unserer Kund:innen. Begeistere auch Du Dich für die Vielfalt unserer Fragestellungen - und mach gemeinsam mit uns den Unterschied. Unterstütze Dein Team von Data-Expert:innen, die innovativen und datengesteuerten Lösungen für unsere Kund:innen zu entwickeln. Deine Aufgaben Du willst Big Data in Smart Data …",49.46856,eyJhbGciOiJIUzI1NiJ9.eyJzIjoiTEFpclpLUi04UkdmTHFQMGtONHc3ZyIsImkiOiI1NTA1MzM2ODIwIn0.W90kg0b0fOIo8WLptvcv2vOFvrw23Ci-DFPYUsoNQm4,2025-11-20T17:58:30Z,0,"{'display_name': 'Neuostheim, Mannheim', '__CLASS__': 'Adzuna::API::Response::Location', 'area': ['Deutschland', 'Baden-Württemberg', 'Mannheim', 'Neuostheim']}",Praktikum Data Science / Data Analytics & BI (w/m/d),"{'__CLASS__': 'Adzuna::API::Response::Company', 'display_name': 'KPMG'}",8.50014,,,,contract
"{'label': 'Unknown', '__CLASS__': 'Adzuna::API::Response::Category', 'tag': 'unknown'}",5505336837,https://www.adzuna.de/details/5505336837?utm_medium=api&utm_source=a4bcf954,Adzuna::API::Response::Job,"Praktikum Data Science / Data Analytics & BI (w/m/d) Job-ID: 11385 Standorte: Stuttgart Karrierelevel: Studierende Anstellungsart: Praktikum Begleite KPMG bei den zukünftigen Herausforderungen unserer Kund:innen. Begeistere auch Du Dich für die Vielfalt unserer Fragestellungen - und mach gemeinsam mit uns den Unterschied. Unterstütze Dein Team von Data-Expert:innen, die innovativen und datengesteuerten Lösungen für unsere Kund:innen zu entwickeln. Deine Aufgaben Du willst Big Data in Smart Data…",48.77713,eyJhbGciOiJIUzI1NiJ9.eyJzIjoiTEFpclpLUi04UkdmTHFQMGtONHc3ZyIsImkiOiI1NTA1MzM2ODM3In0.L79wFERexnGTHn1Hjxl0XH895ojwo-PXPcOTo6wwtcI,2025-11-20T17:58:31Z,0,"{'display_name': 'Mitte, Stuttgart', '__CLASS__': 'Adzuna::API::Response::Location', 'area': ['Deutschland', 'Baden-Württemberg', 'Stuttgart', 'Mitte']}",Praktikum Data Science / Data Analytics & BI (w/m/d),"{'display_name': 'KPMG', '__CLASS__': 'Adzuna::API::Response::Company'}",9.18071,,,,contract
"{'label': 'Unknown', 'tag': 'unknown', '__CLASS__': 'Adzuna::API::Response::Category'}",5687772493,https://www.adzuna.de/details/5687772493?utm_medium=api&utm_source=a4bcf954,Adzuna::API::Response::Job,"As a family-run, high-tech company with nearly 19,000 employees at 71 locations worldwide, we are looking for forward thinkers with unconventional ideas and drive to join our team. Our company culture, which values collaboration and mutual trust, creates the ideal framework for boldly trying new things and questioning the status quo. Our technologies inspire people to develop and produce things that are currently unimaginable. Whether lasers, machine tools, EUV or electronics - TRUMPF is buildi…",48.82434,eyJhbGciOiJIUzI1NiJ9.eyJpIjoiNTY4Nzc3MjQ5MyIsInMiOiJMQWlyWktSLThSR2ZMcVAwa040dzdnIn0.oPj2i34I6BygRNE453VK9R6ggJJQSL5afjbh37J7-64,2026-04-02T22:32:24Z,0,"{'area': ['Deutschland', 'Baden-Württemberg', 'Ludwigsburg (Kreis)', 'Ditzingen'], '__CLASS__': 'Adzuna::API::Response::Location', 'display_name': 'Ditzingen, Ludwigsburg (Kreis)'}",Praktikum im Bereich Data Science/Data Engineering für Maschinendiagnose (WS26/27),"{'__CLASS__': 'Adzuna::API::Response::Company', 'display_name': 'TRUMPF Group'}",9.06857,full_time,,,
"{'label': 'IT-Stellen', '__CLASS__': 'Adzuna::API::Response::Category', 'tag': 'it-jobs'}",5779789026,https://www.adzuna.de/land/ad/5779789026?se=LAirZKR-8RGfLqP0kN4w7g&utm_medium=api&utm_source=a4bcf954&v=E7B585DCADAC800311A7B2ACA35219056244E6E5,Adzuna::API::Response::Job,"adesso steht für digitale Exzellenz – und damit auch für vielfältige Entwicklungsmöglichkeiten für alle adessi. Wir wachsen gemeinsam und lernen voneinander: in anspruchsvollen Projekten, interdisziplinären Teams und mit zielgerichteten Trainingsangeboten. Wir haben IT im Herzen und den Erfolg unserer Kunden im Fokus. Als Treiber der KI-Transformation verbinden wir Mut zur Veränderung mit technologischer Expertise und zukunftsfähigen Strategien. Was uns stark macht, sind unsere adessi, die etwa…",52.507706,eyJhbGciOiJIUzI1NiJ9.eyJzIjoiTEFpclpLUi04UkdmTHFQMGtONHc3ZyIsImkiOiI1Nzc5Nzg5MDI2In0.NdQbeeSTE0ASKu_-fOPj7Ihu-aBK37gbZkTYXIv4UMU,2026-06-28T06:23:47Z,0,"{'area': ['Deutschland', 'Berlin'], '__CLASS__': 'Adzuna::API::Response::Location', 'display_name': 'Berlin, Deutschland'}",Senior Agentic AI Engineer (all genders),"{'__CLASS__': 'Adzuna::API::Response::Company', 'display_name': 'adesso SE'}",13.420806,,,,
"{'tag': 'consultancy-jobs', '__CLASS__': 'Adzuna::API::Response::Category', 'label': 'Beraterstellen'}",5793526518,https://www.adzuna.de/details/5793526518?utm_medium=api&utm_source=a4bcf954,Adzuna::API::Response::Job,"Stellenbeschreibung Du hast (bald) Dein Abitur in der Tasche und interessierst Dich für Daten, Analysen und Programmierung? Du willst direkt in die Praxis einsteigen und gleichzeitig ein Studium absolvieren? Dann starte Dein duales Studium Data Science bei SIXT in Kooperation mit der DHBW Stuttgart. Bei SIXT wirst Du vom ersten Tag an Teil unseres internationalen Unternehmens. Du erhältst Einblicke in alle zentralen Bereiche rund um das Thema Data Science und lernst praxisnah wie Du im Team dat…",48.776198,eyJhbGciOiJIUzI1NiJ9.eyJzIjoiTEFpclpLUi04UkdmTHFQMGtONHc3ZyIsImkiOiI1NzkzNTI2NTE4In0.vChv6v9YckDBg3sBOO2WYdGnY4HFUPSXvgc_EjueApA,2026-07-09T03:17:48Z,0,"{'__CLASS__': 'Adzuna::API::Response::Location', 'area': ['Deutschland', 'Baden-Württemberg', 'Stuttgart'], 'display_name': 'Stuttgart, Baden-Württemberg'}",Duales Studium Data Science – in Kooperation mit der DHBW Stuttgart,"{'__CLASS__': 'Adzuna::API::Response::Company', 'display_name': 'SIXT Germany'}",9.187224,,,,
"{'tag': 'consultancy-jobs', '__CLASS__': 'Adzuna::API::Response::Category', 'label': 'Beraterstellen'}",5793526522,https://www.adzuna.de/details/5793526522?utm_medium=api&utm_source=a4bcf954,Adzuna::API::Response::Job,"Stellenbeschreibung Du hast (bald) Dein Abitur in der Tasche und interessierst Dich für Daten, Analysen und Programmierung? Du willst direkt in die Praxis einsteigen und gleichzeitig ein Studium absolvieren? Dann starte Dein duales Studium Data Science bei SIXT in Kooperation mit der DHBW Stuttgart. Bei SIXT wirst Du vom ersten Tag an Teil unseres internationalen Unternehmens. Du erhältst Einblicke in alle zentralen Bereiche rund um das Thema Data Science und lernst praxisnah wie Du im Team dat…",,eyJhbGciOiJIUzI1NiJ9.eyJpIjoiNTc5MzUyNjUyMiIsInMiOiJMQWlyWktSLThSR2ZMcVAwa040dzdnIn0.29V00Lia9x9BbQgdy85U6mSHiUzbswmxBEXnrPR0e00,2026-07-09T03:17:48Z,0,"{'area': ['Deutschland', 'Bayern', 'München (Kreis)', 'München'], '__CLASS__': 'Adzuna::API::Response::Location', 'display_name': 'München, München (Kreis)'}",Duales Studium Data Science – in Kooperation mit der DHBW Stuttgart,"{'display_name': 'SIXT Germany', '__CLASS__': 'Adzuna::API::Response::Company'}",,,,,
"{'__CLASS__': 'Adzuna::API::Response::Category', 'tag': 'pr-advertising-marketing-jobs', 'label': 'Stellen aus PR, Werbung & Marketing'}",5795643724,https://www.adzuna.de/land/ad/5795643724?se=LAirZKR-8RGfLqP0kN4w7g&utm_medium=api&utm_source=a4bcf954&v=55FDFD16815A58146893A345E8AE52C30C8B029D,Adzuna::API::Response::Job,"Life is always about becoming… Im Leben geht es darum, sich auf eine Reise zu begeben, um die beste Version unseres zukünftigen Selbst zu werden. Während wir Neues entdecken, stellen wir uns Herausforderungen, meistern sie und wachsen über uns hinaus. Bewerben Sie sich bei Mercedes-Benz und finden Sie den Aufgabenbereich, in dem Sie Ihre Talente individuell entfalten können. Dabei werden Sie von visionären Kolleginnen und Kollegen unterstützt, die Ihren Pioniergeist teilen. Bei uns einzusteigen…",48.776198,eyJhbGciOiJIUzI1NiJ9.eyJpIjoiNTc5NTY0MzcyNCIsInMiOiJMQWlyWktSLThSR2ZMcVAwa040dzdnIn0.-i22K9dbnQW6hFFw3cVDN2SCKXvBntpnePsz5DQu-jw,2026-07-10T15:24:03Z,0,"{'display_name': 'Stuttgart, Baden-Württemberg', 'area': ['Deutschland', 'Baden-Württemberg', 'Stuttgart'], '__CLASS__': 'Adzuna::API::Response::Location'}",Praktikant*in Digitale Marketing Aktivierung (Pflicht-Praktikum),"{'display_name': 'Mercedes-Benz AG', '__CLASS__': 'Adzuna::API::Response::Company'}",9.187224,,,,
"{'tag': 'it-jobs', '__CLASS__': 'Adzuna::API::Response::Category', 'label': 'IT-Stellen'}",5727348288,https://www.adzuna.de/details/5727348288?utm_medium=api&utm_source=a4bcf954,Adzuna::API::Response::Job,"Das ist die Herausforderung Im Studium mit vertiefter Praxis kombinierst Du ideal Theorie und Praxis . Deine im Hochschulstudium erworbenen Kenntnisse wendest Du in den betrieblichen Praxisphasen in konkreten Projekten an. So lernst Du nicht nur, warum etwas funktioniert, sondern auch, wie es funktioniert und wie es gemacht wird. In den 3,5 Jahren deines Bachelorstudiums absolvierst Du in den vorlesungsfreien Zeiten sowie im Praxissemester Deine Praxisphasen bei XITASO. Auch Deine Bachelorarbei…",48.38236,eyJhbGciOiJIUzI1NiJ9.eyJpIjoiNTcyNzM0ODI4OCIsInMiOiJMQWlyWktSLThSR2ZMcVAwa040dzdnIn0.QPzD423p1l3P2cAB0TNlAe7ins6xESGHD06XPL8SBGU,2026-05-12T23:30:21Z,0,"{'display_name': 'Lechhausen, Augsburg', '__CLASS__': 'Adzuna::API::Response::Location', 'area': ['Deutschland', 'Bayern', 'Augsburg (Kreis)', 'Augsburg', 'Lechhausen']}",Studium mit vertiefter Praxis: Data Science B.Sc.,"{'__CLASS__': 'Adzuna::API::Response::Company', 'display_name': 'XITASO'}",10.904,part_time,,,
"{'label': 'Unknown', 'tag': 'unknown', '__CLASS__': 'Adzuna::API::Response::Category'}",5743615246,https://www.adzuna.de/details/5743615246?utm_medium=api&utm_source=a4bcf954,Adzuna::API::Response::Job,"Willkommen bei der KfW! Als eine der führenden Förderbanken der Welt stehen wir für die nachhaltige Transformation von Umwelt, Gesellschaft und Unternehmen. Als Impulsgeber wirken wir aktiv an den Themen mit, die die Welt von morgen prägen. Wir fördern Windparks, Infrastruktur-Projekte, Schulen und Krankenhäuser und gestalten damit die Zukunft. Bei uns finden Sie ein vertrauensvolles Arbeitsumfeld, in dem Teamspirit, Vielfalt und Inklusion gelebt werden. Wir fördern Sie, Ihre Ideen und Ihr Enga…",50.129683,eyJhbGciOiJIUzI1NiJ9.eyJzIjoiTEFpclpLUi04UkdmTHFQMGtONHc3ZyIsImkiOiI1NzQzNjE1MjQ2In0.Rv4TiO7aWiES_rkEZfTDv6x_cR_FdxiCUYZgKd4n1VA,2026-05-28T18:25:27Z,0,"{'__CLASS__': 'Adzuna::API::Response::Location', 'area': ['Deutschland', 'Hessen', 'Frankfurt am Main'], 'display_name': 'Frankfurt am Main, Hessen'}",Senior Referent Data Science (w/m/d),"{'display_name': 'KFW Konzern', '__CLASS__': 'Adzuna::API::Response::Company'}",8.650578,,,,
"{'__CLASS__': 'Adzuna::API::Response::Category', 'tag': 'unknown', 'label': 'Unknown'}",5785998702,https://www.adzuna.de/details/5785998702?utm_medium=api&utm_source=a4bcf954,Adzuna::API::Response::Job,"Bring more to life. Are you ready to accelerate your potential and make a real difference within life sciences, diagnostics and biotechnology? At Leica Microsystems, one of Danaher’s 15 operating companies, our work saves lives—and we’re all united by a shared commitment to innovate for tangible impact. You’ll thrive in a culture of belonging where you and your unique viewpoint matter. And by harnessing Danaher’s system of continuous improvement, you help turn ideas into impact – innovating at …",,eyJhbGciOiJIUzI1NiJ9.eyJzIjoiTEFpclpLUi04UkdmTHFQMGtONHc3ZyIsImkiOiI1Nzg1OTk4NzAyIn0.826UZfLHtlAI--KLiitfhRmVst6GLG2auVg-4kI23X8,2026-07-02T23:12:33Z,0,"{'__CLASS__': 'Adzuna::API::Response::Location', 'area': ['Deutschland'], 'display_name': 'Deutschland'}",Master Thesis Student Data Science Preventative Service,"{'display_name': 'Danaher', '__CLASS__': 'Adzuna::API::Response::Company'}",,part_time,,,
"{'label': 'Unknown', '__CLASS__': 'Adzuna::API::Response::Category', 'tag': 'unknown'}",5783000745,https://www.adzuna.de/details/5783000745?utm_medium=api&utm_source=a4bcf954,Adzuna::API::Response::Job,"Bring more to life. Are you ready to accelerate your potential and make a real difference within life sciences, diagnostics and biotechnology? At Leica Microsystems, one of Danaher's (https://danaher.com/our-businesses) 15 operating companies, our work saves lives-and we're all united by a shared commitment to innovate for tangible impact. You'll thrive in a culture of belonging where you and your unique viewpoint matter. And by harnessing Danaher's system of continuous improvement, you help tu…",49.496025,eyJhbGciOiJIUzI1NiJ9.eyJzIjoiTEFpclpLUi04UkdmTHFQMGtONHc3ZyIsImkiOiI1NzgzMDAwNzQ1In0.InZfOLlMe9NKJe84Xxm4m4P-TkCIKgP0n4229n6njCM,2026-07-01T07:46:19Z,0,"{'__CLASS__': 'Adzuna::API::Response::Location', 'area': ['Deutschland', 'Baden-Württemberg', 'Mannheim'], 'display_name': 'Mannheim, Baden-Württemberg'}",Master Thesis Student Data Science Preventative Service,"{'__CLASS__': 'Adzuna::API::Response::Company', 'display_name': 'Danaher Corporation'}",8.491505,,,,
"{'label': 'Unknown', '__CLASS__': 'Adzuna::API::Response::Category', 'tag': 'unknown'}",5790607886,https://www.adzuna.de/details/5790607886?utm_medium=api&utm_source=a4bcf954,Adzuna::API::Response::Job,"At Johnson & Johnson,u202fwe believe health is everything. Our strength in healthcare innovation empowers us to build au202fworld where complex diseases are prevented, treated, and cured,u202fwhere treatments are smarter and less invasive, andu202fsolutions are personal.u202fThrough our expertise in Innovative Medicine and MedTech, we are uniquely positioned to innovate across the full spectrum of healthcare solutions today to deliver the breakthroughs of tomorrow, and profoundly impact health …",53.70663,eyJhbGciOiJIUzI1NiJ9.eyJpIjoiNTc5MDYwNzg4NiIsInMiOiJMQWlyWktSLThSR2ZMcVAwa040dzdnIn0.tGELYOImw-l2ZeLzbIRDW9qoB6cikN1mxbl0N2NKFgQ,2026-07-07T06:55:09Z,0,"{'area': ['Deutschland', 'Schleswig-Holstein', 'Segeberg (Kreis)', 'Norderstedt'], '__CLASS__': 'Adzuna::API::Response::Location', 'display_name': 'Norderstedt, Segeberg (Kreis)'}",Data Science Intern / Praktikant:in (m/w/d),"{'display_name': 'J&J Family of Companies', '__CLASS__': 'Adzuna::API::Response::Company'}",10.002853,,,,contract
"{'tag': 'unknown', '__CLASS__': 'Adzuna::API::Response::Category', 'label': 'Unknown'}",5789622293,https://www.adzuna.de/details/5789622293?utm_medium=api&utm_source=a4bcf954,Adzuna::API::Response::Job,"At Johnson & Johnson,?we believe health is everything. Our strength in healthcare innovation empowers us to build a?world where complex diseases are prevented, treated, and cured,?where treatments are smarter and less invasive, and?solutions are personal.?Through our expertise in Innovative Medicine and MedTech, we are uniquely positioned to innovate across the full spectrum of healthcare solutions today to deliver the breakthroughs of tomorrow, and profoundly impact health for humanity.?Learn …",53.70663,eyJhbGciOiJIUzI1NiJ9.eyJpIjoiNTc4OTYyMjI5MyIsInMiOiJMQWlyWktSLThSR2ZMcVAwa040dzdnIn0.hb7gd7YQH6FmyUEBwIg0wJTh8ijNYyW4ksCTe8INPzA,2026-07-06T09:02:15Z,0,"{'display_name': 'Norderstedt, Segeberg (Kreis)', 'area': ['Deutschland', 'Schleswig-Holstein', 'Segeberg (Kreis)', 'Norderstedt'], '__CLASS__': 'Adzuna::API::Response::Location'}",Data Science Intern / Praktikant:in (m/w/d),"{'display_name': 'J&J Family of Companies', '__CLASS__': 'Adzuna::API::Response::Company'}",10.002853,,,,
"{'label': 'Unknown', 'tag': 'unknown', '__CLASS__': 'Adzuna::API::Response::Category'}",5778565623,https://www.adzuna.de/details/5778565623?utm_medium=api&utm_source=a4bcf954,Adzuna::API::Response::Job,"Dieser Studiengang bereitet Dich darauf vor, den digitalen Wandel in Unternehmen voranzutreiben und aktiv mitzugestalten. Dazu werden Grundlagen der Informatik und der Wirtschaftsinformatik mit Kerninhalten der Data Science kombiniert. Themen wie Cloud Computing, Big Data, Visual Analytics und AI spielen hier eine große Rolle. Du lernst den Umgang und die Interpretation von großen Datenmengen, deren Darstellung, und das Training von AI-Modellen. Deine Ideen und Projekte kannst du dabei direkt i…",47.77567,eyJhbGciOiJIUzI1NiJ9.eyJpIjoiNTc3ODU2NTYyMyIsInMiOiJMQWlyWktSLThSR2ZMcVAwa040dzdnIn0.9CwDHsJncdeNYsBn9-nQ0Syve-XYZvPBDAKrTg9OCv4,2026-06-27T04:49:42Z,0,"{'__CLASS__': 'Adzuna::API::Response::Location', 'area': ['Deutschland', 'Baden-Württemberg', 'Ravensburg (Kreis)', 'Ravensburg', 'Weingartshof'], 'display_name': 'Weingartshof, Ravensburg'}",Duales Studium (DHBW) Data Science und Künstliche Intelligenz,"{'__CLASS__': 'Adzuna::API::Response::Company', 'display_name': 'EBZ SE'}",9.62186,,,,
"{'tag': 'unknown', '__CLASS__': 'Adzuna::API::Response::Category', 'label': 'Unknown'}",5791478556,https://www.adzuna.de/details/5791478556?utm_medium=api&utm_source=a4bcf954,Adzuna::API::Response::Job,"At Enpal, we are not just a company; we are a movement. As a recognized greentech unicorn and one of Europe’s fastest-growing energy companies, we’re dedicated to making solar energy accessible and effortless for homeowners across the continent. Our innovative business model for solar panels, heat pumps, home energy storage systems, and EV charging stations is redefining the residential energy market. With our mission to empower homeowners to embrace clean energy, we are paving the way for a su…",52.507706,eyJhbGciOiJIUzI1NiJ9.eyJzIjoiTEFpclpLUi04UkdmTHFQMGtONHc3ZyIsImkiOiI1NzkxNDc4NTU2In0.0x8tF3i2e1hInnhH2mHBVcqcg_W9dQ7mqxDNmo_q9Bo,2026-07-08T00:41:07Z,0,"{'display_name': 'Berlin, Deutschland', '__CLASS__': 'Adzuna::API::Response::Location', 'area': ['Deutschland', 'Berlin']}",Team Lead Data Science (f/m/x),"{'__CLASS__': 'Adzuna::API::Response::Company', 'display_name': 'Enpal'}",13.420806,full_time,,,
"{'tag': 'unknown', '__CLASS__': 'Adzuna::API::Response::Category', 'label': 'Unknown'}",5497413060,https://www.adzuna.de/details/5497413060?utm_medium=api&utm_source=a4bcf954,Adzuna::API::Response::Job,"Senior Consultant Data Science (w/m/d) Job-ID: 12025 Standorte: Karlsruhe Karrierelevel: Berufserfahrene Anstellungsart: Festanstellung in Vollzeit Als Senior Consultant Data Science (w/m/d) wirst du Teil eines dynamischen Teams von Data-Experts, die innovative und datengesteuerte Lösungen für unsere Kunden entwickeln. Dabei arbeitest du eng mit erfahrenen Data Scientists zusammen und hast die Möglichkeit, an verschiedenen Projekten und Herausforderungen mitzuwirken. Deine Aufgaben Du bereitest…",49.03084,eyJhbGciOiJIUzI1NiJ9.eyJpIjoiNTQ5NzQxMzA2MCIsInMiOiJ5TlFUWnFSLThSR3ZmWnV1UGJaVnJnIn0.h6qiEEpnwq0IurUg4ugARNdgi90Uh-fz_9MFn9T2j-g,2025-11-15T17:50:12Z,0,"{'area': ['Deutschland', 'Baden-Württemberg', 'Karlsruhe (Kreis)', 'Karlsruhe', 'Hagsfeld'], '__CLASS__': 'Adzuna::API::Response::Location', 'display_name': 'Hagsfeld, Karlsruhe'}",Senior Consultant Data Science (w/m/d),"{'display_name': 'KPMG', '__CLASS__': 'Adzuna::API::Response::Company'}",8.45882,full_time,,,permanent
"{'tag': 'unknown', '__CLASS__': 'Adzuna::API::Response::Category', 'label': 'Unknown'}",5649069980,https://www.adzuna.de/details/5649069980?utm_medium=api&utm_source=a4bcf954,Adzuna::API::Response::Job,"Senior Consultant Data Science (w/m/d) Job-ID: 12025 Standorte: Karrierelevel: Berufserfahrene Anstellungsart: Festanstellung in Vollzeit Als Senior Consultant Data Science (w/m/d) wirst du Teil eines dynamischen Teams von Data-Experts, die innovative und datengesteuerte Lösungen für unsere Kunden entwickeln. Dabei arbeitest du eng mit erfahrenen Data Scientists zusammen und hast die Möglichkeit, an verschiedenen Projekten und Herausforderungen mitzuwirken. Deine Aufgaben Du bereitest komplexe …",,eyJhbGciOiJIUzI1NiJ9.eyJzIjoieU5RVFpxUi04Ukd2Zlp1dVBiWlZyZyIsImkiOiI1NjQ5MDY5OTgwIn0.KhlluI1OaNPNCUL0I6oSJ61MvCWgFLtMv_Cwx7eLx5E,2026-02-28T22:07:27Z,0,"{'__CLASS__': 'Adzuna::API::Response::Location', 'area': ['Deutschland'], 'display_name': 'Deutschland'}",Senior Consultant Data Science (w/m/d),"{'display_name': 'KPMG', '__CLASS__': 'Adzuna::API::Response::Company'}",,full_time,,,permanent
"{'label': 'Unknown', '__CLASS__': 'Adzuna::API::Response::Category', 'tag': 'unknown'}",5557619041,https://www.adzuna.de/details/5557619041?utm_medium=api&utm_source=a4bcf954,Adzuna::API::Response::Job,"Senior Consultant Data Science (w/m/d) Job-ID: 12025 Standorte: Berlin Karrierelevel: Berufserfahrene Anstellungsart: Festanstellung in Vollzeit Als Senior Consultant Data Science (w/m/d) wirst du Teil eines dynamischen Teams von Data-Experts, die innovative und datengesteuerte Lösungen für unsere Kunden entwickeln. Dabei arbeitest du eng mit erfahrenen Data Scientists zusammen und hast die Möglichkeit, an verschiedenen Projekten und Herausforderungen mitzuwirken. Deine Aufgaben Du bereitest ko…",52.5259,eyJhbGciOiJIUzI1NiJ9.eyJpIjoiNTU1NzYxOTA0MSIsInMiOiJ5TlFUWnFSLThSR3ZmWnV1UGJaVnJnIn0.SHT5hu-5SH1ATjQBO3UHqAnpA_mKkouLHfSIlxqsjSo,2025-12-27T20:36:20Z,0,"{'__CLASS__': 'Adzuna::API::Response::Location', 'area': ['Deutschland', 'Berlin', 'Moabit'], 'display_name': 'Moabit, Berlin'}",Senior Consultant Data Science (w/m/d),"{'__CLASS__': 'Adzuna::API::Response::Company', 'display_name': 'KPMG'}",13.35662,full_time,,,permanent
"{'tag': 'unknown', '__CLASS__': 'Adzuna::API::Response::Category', 'label': 'Unknown'}",5557619022,https://www.adzuna.de/details/5557619022?utm_medium=api&utm_source=a4bcf954,Adzuna::API::Response::Job,"Senior Consultant Data Science (w/m/d) Job-ID: 12025 Standorte: Frankfurt Karrierelevel: Berufserfahrene Anstellungsart: Festanstellung in Vollzeit Als Senior Consultant Data Science (w/m/d) wirst du Teil eines dynamischen Teams von Data-Experts, die innovative und datengesteuerte Lösungen für unsere Kunden entwickeln. Dabei arbeitest du eng mit erfahrenen Data Scientists zusammen und hast die Möglichkeit, an verschiedenen Projekten und Herausforderungen mitzuwirken. Deine Aufgaben Du bereitest…",50.05078,eyJhbGciOiJIUzI1NiJ9.eyJpIjoiNTU1NzYxOTAyMiIsInMiOiJ5TlFUWnFSLThSR3ZmWnV1UGJaVnJnIn0.mHoR0FgzXegmMTdaYbpWtfmpeony9MaiiYGIiZ5kw8E,2025-12-27T20:36:20Z,0,"{'__CLASS__': 'Adzuna::API::Response::Location', 'area': ['Deutschland', 'Hessen', 'Frankfurt am Main', 'Flughafen'], 'display_name': 'Flughafen, Frankfurt am Main'}",Senior Consultant Data Science (w/m/d),"{'display_name': 'KPMG', '__CLASS__': 'Adzuna::API::Response::Company'}",8.56413,full_time,,,permanent
"{'__CLASS__': 'Adzuna::API::Response::Category', 'label': 'Unknown', 'tag': 'unknown'}",5556631065,https://www.adzuna.de/details/5556631065?utm_medium=api&utm_source=a4bcf954,Adzuna::API::Response::Job,"Senior Consultant Data Science (w/m/d) Job-ID: 12025 Standorte: Saarbrücken Karrierelevel: Berufserfahrene Anstellungsart: Festanstellung in Vollzeit Als Senior Consultant Data Science (w/m/d) wirst du Teil eines dynamischen Teams von Data-Experts, die innovative und datengesteuerte Lösungen für unsere Kunden entwickeln. Dabei arbeitest du eng mit erfahrenen Data Scientists zusammen und hast die Möglichkeit, an verschiedenen Projekten und Herausforderungen mitzuwirken. Deine Aufgaben Du bereite…",49.253,eyJhbGciOiJIUzI1NiJ9.eyJzIjoieU5RVFpxUi04Ukd2Zlp1dVBiWlZyZyIsImkiOiI1NTU2NjMxMDY1In0.KoXUVS1xFz3u6_aoMx9FBAem0WVnBcgkMhYZ9PbTK-s,2025-12-26T20:20:06Z,0,"{'__CLASS__': 'Adzuna::API::Response::Location', 'area': ['Deutschland', 'Saarland', 'Regionalverband Saarbrücken (Kreis)', 'Saarbrücken', 'Malstatt'], 'display_name': 'Malstatt, Saarbrücken'}",Senior Consultant Data Science (w/m/d),"{'__CLASS__': 'Adzuna::API::Response::Company', 'display_name': 'KPMG'}",6.96191,full_time,,,permanent
"{'label': 'Unknown', '__CLASS__': 'Adzuna::API::Response::Category', 'tag': 'unknown'}",5576691104,https://www.adzuna.de/details/5576691104?utm_medium=api&utm_source=a4bcf954,Adzuna::API::Response::Job,"Senior Consultant Data Science (w/m/d) Job-ID: 12025 Standorte: Mainz Karrierelevel: Berufserfahrene Anstellungsart: Festanstellung in Vollzeit Als Senior Consultant Data Science (w/m/d) wirst du Teil eines dynamischen Teams von Data-Experts, die innovative und datengesteuerte Lösungen für unsere Kunden entwickeln. Dabei arbeitest du eng mit erfahrenen Data Scientists zusammen und hast die Möglichkeit, an verschiedenen Projekten und Herausforderungen mitzuwirken. Deine Aufgaben Du bereitest kom…",49.99512,eyJhbGciOiJIUzI1NiJ9.eyJzIjoieU5RVFpxUi04Ukd2Zlp1dVBiWlZyZyIsImkiOiI1NTc2NjkxMTA0In0.Pivz_koFqUYWMAIedC3EAUrYAe-j1e02rkutkX2o8xw,2026-01-09T20:36:10Z,0,"{'display_name': 'Oberstadt, Mainz', 'area': ['Deutschland', 'Rheinland-Pfalz', 'Mainz', 'Oberstadt'], '__CLASS__': 'Adzuna::API::Response::Location'}",Senior Consultant Data Science (w/m/d),"{'display_name': 'KPMG', '__CLASS__': 'Adzuna::API::Response::Company'}",8.26743,full_time,,,permanent
"{'tag': 'unknown', '__CLASS__': 'Adzuna::API::Response::Category', 'label': 'Unknown'}",5557619037,https://www.adzuna.de/details/5557619037?utm_medium=api&utm_source=a4bcf954,Adzuna::API::Response::Job,"Senior Consultant Data Science (w/m/d) Job-ID: 12025 Standorte: Ulm Karrierelevel: Berufserfahrene Anstellungsart: Festanstellung in Vollzeit Als Senior Consultant Data Science (w/m/d) wirst du Teil eines dynamischen Teams von Data-Experts, die innovative und datengesteuerte Lösungen für unsere Kunden entwickeln. Dabei arbeitest du eng mit erfahrenen Data Scientists zusammen und hast die Möglichkeit, an verschiedenen Projekten und Herausforderungen mitzuwirken. Deine Aufgaben Du bereitest kompl…",48.36497,eyJhbGciOiJIUzI1NiJ9.eyJzIjoieU5RVFpxUi04Ukd2Zlp1dVBiWlZyZyIsImkiOiI1NTU3NjE5MDM3In0.DDGYmadCsspmPbfpiIz7maMEkIYtTES_bm0TEp87Kso,2025-12-27T20:36:20Z,0,"{'display_name': 'Mitte, Ulm', 'area': ['Deutschland', 'Baden-Württemberg', 'Ulm', 'Mitte'], '__CLASS__': 'Adzuna::API::Response::Location'}",Senior Consultant Data Science (w/m/d),"{'__CLASS__': 'Adzuna::API::Response::Company', 'display_name': 'KPMG'}",8.29909,full_time,,,permanent
"{'tag': 'unknown', 'label': 'Unknown', '__CLASS__': 'Adzuna::API::Response::Category'}",5557619033,https://www.adzuna.de/details/5557619033?utm_medium=api&utm_source=a4bcf954,Adzuna::API::Response::Job,"Senior Consultant Data Science (w/m/d) Job-ID: 12025 Standorte: Mannheim Karrierelevel: Berufserfahrene Anstellungsart: Festanstellung in Vollzeit Als Senior Consultant Data Science (w/m/d) wirst du Teil eines dynamischen Teams von Data-Experts, die innovative und datengesteuerte Lösungen für unsere Kunden entwickeln. Dabei arbeitest du eng mit erfahrenen Data Scientists zusammen und hast die Möglichkeit, an verschiedenen Projekten und Herausforderungen mitzuwirken. Deine Aufgaben Du bereitest …",49.46856,eyJhbGciOiJIUzI1NiJ9.eyJpIjoiNTU1NzYxOTAzMyIsInMiOiJ5TlFUWnFSLThSR3ZmWnV1UGJaVnJnIn0._NqpIn0sOqzuE9VaSS9B0L3vJGVzJUGwgRPu3xhKWCk,2025-12-27T20:36:20Z,0,"{'__CLASS__': 'Adzuna::API::Response::Location', 'area': ['Deutschland', 'Baden-Württemberg', 'Mannheim', 'Neuostheim'], 'display_name': 'Neuostheim, Mannheim'}",Senior Consultant Data Science (w/m/d),"{'display_name': 'KPMG', '__CLASS__': 'Adzuna::API::Response::Company'}",8.50014,full_time,,,permanent
"{'tag': 'unknown', 'label': 'Unknown', '__CLASS__': 'Adzuna::API::Response::Category'}",5499293823,https://www.adzuna.de/details/5499293823?utm_medium=api&utm_source=a4bcf954,Adzuna::API::Response::Job,"Senior Consultant Data Science (w/m/d) Job-ID: 12025 Standorte: Stuttgart Karrierelevel: Berufserfahrene Anstellungsart: Festanstellung in Vollzeit Als Senior Consultant Data Science (w/m/d) wirst du Teil eines dynamischen Teams von Data-Experts, die innovative und datengesteuerte Lösungen für unsere Kunden entwickeln. Dabei arbeitest du eng mit erfahrenen Data Scientists zusammen und hast die Möglichkeit, an verschiedenen Projekten und Herausforderungen mitzuwirken. Deine Aufgaben Du bereitest…",48.77713,eyJhbGciOiJIUzI1NiJ9.eyJzIjoieU5RVFpxUi04Ukd2Zlp1dVBiWlZyZyIsImkiOiI1NDk5MjkzODIzIn0.bM_0oxksgciJNNS7TBu2ghYQkcBIhNKMg-PG9gTn5R4,2025-11-16T17:40:51Z,0,"{'display_name': 'Mitte, Stuttgart', '__CLASS__': 'Adzuna::API::Response::Location', 'area': ['Deutschland', 'Baden-Württemberg', 'Stuttgart', 'Mitte']}",Senior Consultant Data Science (w/m/d),"{'__CLASS__': 'Adzuna::API::Response::Company', 'display_name': 'KPMG'}",9.18071,full_time,,,permanent
"{'label': 'Beraterstellen', '__CLASS__': 'Adzuna::API::Response::Category', 'tag': 'consultancy-jobs'}",5776860396,https://www.adzuna.de/details/5776860396?utm_medium=api&utm_source=a4bcf954,Adzuna::API::Response::Job,"At Symanto, we are looking for a Data Science Consultant based in Germany, UAE or Spain to join our team! In this client-facing role, you will work at the intersection of advanced analytics, AI, and business consulting, helping organizations uncover opportunities for growth, transformation, and value creation. You will collaborate with senior stakeholders, translate business challenges into analytical solutions, and contribute to the development of innovative methodologies powered by cutting-ed…",49.50401,eyJhbGciOiJIUzI1NiJ9.eyJzIjoieU5RVFpxUi04Ukd2Zlp1dVBiWlZyZyIsImkiOiI1Nzc2ODYwMzk2In0.BxjH2Mq8WW8cCreXkLPu6uvC3_x6813wFGQ3nI-CPKU,2026-06-25T23:40:50Z,0,"{'display_name': 'Buchenbühl, Nürnberg', '__CLASS__': 'Adzuna::API::Response::Location', 'area': ['Deutschland', 'Bayern', 'Nürnberg', 'Buchenbühl']}",Data Science Consultant (m/f/x/d),"{'display_name': 'Career @ Symanto', '__CLASS__': 'Adzuna::API::Response::Company'}",11.11021,full_time,,,
"{'label': 'IT-Stellen', '__CLASS__': 'Adzuna::API::Response::Category', 'tag': 'it-jobs'}",5727284102,https://www.adzuna.de/details/5727284102?utm_medium=api&utm_source=a4bcf954,Adzuna::API::Response::Job,"Was Du bei uns machst: Forschung, Entwicklung, Anwendung und Implementierung Data Science, Big Data Entwicklung und Integration von Automatisierungslösungen auf Basis von REST-APIs Datenbankanbindung und -abfragen im Rahmen von Datenpipelines (SQL) AI, Machine Learning, Deep Learning, Computer vision Full-Stack Programming Worum geht's Für unseren Bereich Forschung & Entwicklung suchen wir derzeit Unterstützung durch Studierende. In sowohl kundenspezifischen Projekten als auch Inhouse Forschung…",48.18446,eyJhbGciOiJIUzI1NiJ9.eyJzIjoieU5RVFpxUi04Ukd2Zlp1dVBiWlZyZyIsImkiOiI1NzI3Mjg0MTAyIn0.G9ZdXR6DXS3tEqKr1tTmw3ZT-clh2scfzBq6TG6W90g,2026-05-12T22:49:43Z,0,"{'display_name': 'Milbertshofen-Am Hart, München', 'area': ['Deutschland', 'Bayern', 'München (Kreis)', 'München', 'Milbertshofen-Am Hart'], '__CLASS__': 'Adzuna::API::Response::Location'}",Werkstudent/in - Data Science und Softwareentwicklung (m/w/d),"{'__CLASS__': 'Adzuna::API::Response::Company', 'display_name': 'Enforto'}",11.57287,part_time,,,
"{'tag': 'unknown', '__CLASS__': 'Adzuna::API::Response::Category', 'label': 'Unknown'}",5787848386,https://www.adzuna.de/details/5787848386?utm_medium=api&utm_source=a4bcf954,Adzuna::API::Response::Job,"Are you ready to change the market? As the innovation leader in the receivables management industry, we at PAIR Finance are proud of our unique technology. Our algorithm, based on artificial intelligence, sensitizes defaulting consumers to pay outstanding debts without straining the customer relationship. Our fully automated, individually tailored approach enables us to assess each debtor's situation and achieve higher repayment rates. Our Data and Behavioral Science teams utilize purpose-built…",52.51115,eyJhbGciOiJIUzI1NiJ9.eyJpIjoiNTc4Nzg0ODM4NiIsInMiOiJ5TlFUWnFSLThSR3ZmWnV1UGJaVnJnIn0.DWkOMivd1aiVPISoUnFeGXk2tCSmfhKI-Z-Uf3SGrQE,2026-07-04T11:43:20Z,0,"{'__CLASS__': 'Adzuna::API::Response::Location', 'area': ['Deutschland', 'Berlin', 'Charlottenburg'], 'display_name': 'Charlottenburg, Berlin'}",Team Lead (f/m/d) Data Science,"{'display_name': 'PAIR Finance GmbH', '__CLASS__': 'Adzuna::API::Response::Company'}",13.30147,full_time,,,
"{'label': 'Lehrberufe', '__CLASS__': 'Adzuna::API::Response::Category', 'tag': 'teaching-jobs'}",5728424143,https://www.adzuna.de/details/5728424143?utm_medium=api&utm_source=a4bcf954,Adzuna::API::Response::Job,"We’re on a mission to empower individuals to launch successful careers in tech. As our Lead Instructor, you will play a pivotal role in for the learning success of our international students. NOTE: Position open to the residents of Germany , Austria and Spain only. Join WBS CODING SCHOOL, one of Germany's leading tech schools, and help shape the future of tech talent. As Lead Instructor (m/f/d), you are the primary contact person for our students in Data Science an Data Analytics programs at WB…",,eyJhbGciOiJIUzI1NiJ9.eyJzIjoieU5RVFpxUi04Ukd2Zlp1dVBiWlZyZyIsImkiOiI1NzI4NDI0MTQzIn0.dZnJNbdhlKMeYGJuT_vIRNuRoH3SojxDxdjjT5a8l4k,2026-05-13T22:56:09Z,0,"{'display_name': 'Deutschland', '__CLASS__': 'Adzuna::API::Response::Location', 'area': ['Deutschland']}",Lead Instructor: Data Science (m/f/d),"{'__CLASS__': 'Adzuna::API::Response::Company', 'display_name': 'Wbs Coding School'}",,part_time,,,
"{'label': 'Stellen aus PR, Werbung & Marketing', '__CLASS__': 'Adzuna::API::Response::Category', 'tag': 'pr-advertising-marketing-jobs'}",5785928082,https://www.adzuna.de/details/5785928082?utm_medium=api&utm_source=a4bcf954,Adzuna::API::Response::Job,"Who we are JustWatch delivers data-driven digital marketing for the global entertainment business. From the biggest blockbusters to award-winning shows, major sporting events, and best-selling console games. We are not only entertainment obsessives, but we also own the world's largest streaming guide, which gives us unparalleled data and insights on audience behaviors and content tastes. From a small startup, we've evolved into a 200 strong team, based in Berlin, around the world, or working re…",52.507706,eyJhbGciOiJIUzI1NiJ9.eyJzIjoieU5RVFpxUi04Ukd2Zlp1dVBiWlZyZyIsImkiOiI1Nzg1OTI4MDgyIn0.2UYyosGUtvV4DUqGQ0fHM4zjfbSo_ygrmJlh-cXQwMg,2026-07-02T23:01:22Z,0,"{'display_name': 'Berlin, Deutschland', '__CLASS__': 'Adzuna::API::Response::Location', 'area': ['Deutschland', 'Berlin']}",Working Student - Data Science (Research & Predictive Analytics),"{'display_name': 'JustWatch', '__CLASS__': 'Adzuna::API::Response::Company'}",13.420806,,,,
"{'label': 'Stellen aus Kreation & Design', '__CLASS__': 'Adzuna::API::Response::Category', 'tag': 'creative-design-jobs'}",5589698017,https://www.adzuna.de/details/5589698017?utm_medium=api&utm_source=a4bcf954,Adzuna::API::Response::Job,"Enabler für kleinere, leistungsfähigere und energieeffizientere Mikrochips Arbeiten, wo das Morgen entsteht. Rund 80 Prozent aller Mikrochips weltweit werden mit ZEISS Technologien gefertigt. Als Herzstück eines jeden elektronisch gesteuerten Systems sind sie aus unserem Alltag nicht mehr wegzudenken – egal ob im Smartphone, im Smart Home oder in Smart Factories. ZEISS ist Technologieführer im Bereich Halbleiterfertigungs-Equipment. Mit hochpräzisen Lithographie-Optiken, Photomasken-Systemen un…",48.78408,eyJhbGciOiJIUzI1NiJ9.eyJzIjoieU5RVFpxUi04Ukd2Zlp1dVBiWlZyZyIsImkiOiI1NTg5Njk4MDE3In0.I_E4p7Y5ew6Fds4CMdnqb5zu9ZM0ASlFy3-lnqXM_lA,2026-01-17T21:24:39Z,0,"{'__CLASS__': 'Adzuna::API::Response::Location', 'area': ['Deutschland', 'Baden-Württemberg', 'Ostalbkreis', 'Oberkochen'], 'display_name': 'Oberkochen, Ostalbkreis'}",Abschlussarbeit Data Science / Mechanikdesign (m/w/x),"{'__CLASS__': 'Adzuna::API::Response::Company', 'display_name': 'ZEISS'}",10.10558,full_time,,,
"{'label': 'Unknown', '__CLASS__': 'Adzuna::API::Response::Category', 'tag': 'unknown'}",5786195210,https://www.adzuna.de/details/5786195210?utm_medium=api&utm_source=a4bcf954,Adzuna::API::Response::Job,"Die Sparkassen Rating und Risikosysteme (SR) ist der zentrale Dienstleister für Verfahren des Risiko­manage­ments in der Sparkassen-Finanzgruppe. Wir unterstützen die Institute mit Standardlösungen in den Bereichen der Risiko­messung und-steuerung, der regulatorischen Banksteuerung sowie im Vertrieb mit Data-Analytics-Lösungen. Gemeinsam mit unseren Partnern bieten wir den Instituten, von der Konzeption der Verfahren, über deren Weiterentwicklung, IT-Umsetzung und Umsetzungsunterstützung, zentr…",52.52219,eyJhbGciOiJIUzI1NiJ9.eyJpIjoiNTc4NjE5NTIxMCIsInMiOiJ5TlFUWnFSLThSR3ZmWnV1UGJaVnJnIn0.5K6G2Vemecyc4hY377r3OslHIn9aLQqqUblCR3toZi0,2026-07-03T02:54:18Z,0,"{'display_name': 'Mitte, Berlin', '__CLASS__': 'Adzuna::API::Response::Location', 'area': ['Deutschland', 'Berlin', 'Mitte']}",Werkstudent (m/w/d) – Risikomanagement | Data Science,"{'display_name': 'S Rating und Risikosysteme GmbH', '__CLASS__': 'Adzuna::API::Response::Company'}",13.40933,,,,
"{'tag': 'consultancy-jobs', '__CLASS__': 'Adzuna::API::Response::Category', 'label': 'Beraterstellen'}",5729773195,https://www.adzuna.de/details/5729773195?utm_medium=api&utm_source=a4bcf954,Adzuna::API::Response::Job,"Deine Aufgaben Datengetriebene Transformation. Prozessintelligenz. Zukunft gestalten. Du willst nicht nur analysieren, sondern mitgestalten? Dann komm in unser Team und unterstütze uns bei der datenbasierten Transformation etablierter Unternehmen im Mittelstand und Konzernumfeld. Wir entwickeln intelligente Lösungen auf Basis von Process Mining, Business Process Management und AI – und setzen diese gemeinsam mit unseren Kund:innen um. Du führst strukturierte Recherchen und Analysen zu aktuellen…",48.16652,eyJhbGciOiJIUzI1NiJ9.eyJpIjoiNTcyOTc3MzE5NSIsInMiOiJ5TlFUWnFSLThSR3ZmWnV1UGJaVnJnIn0.RILY40LZDKJ19f7vw3rl7sGFJ6i_GzfTfnmpGEOiiZE,2026-05-14T23:21:24Z,0,"{'display_name': 'Schwabing-Freimann, München', 'area': ['Deutschland', 'Bayern', 'München (Kreis)', 'München', 'Schwabing-Freimann'], '__CLASS__': 'Adzuna::API::Response::Location'}",Werkstudent Process & Data Science (w/m/d),"{'display_name': 'PMMG Group', '__CLASS__': 'Adzuna::API::Response::Company'}",11.59038,part_time,,,
"{'label': 'Unknown', '__CLASS__': 'Adzuna::API::Response::Category', 'tag': 'unknown'}",5727346368,https://www.adzuna.de/details/5727346368?utm_medium=api&utm_source=a4bcf954,Adzuna::API::Response::Job,"Was Dich erwartet Du hast ein Gespür für Daten und willst sehen, wie Deine Analysen echten Mehrwert schaffen? Dann bist Du bei uns genau richtig! Deine Mission: Hilf uns dabei, unsere Kunden datenbasiert besser zu verstehen und daraus konkrete Mehrwerte abzuleiten. Als Werkstudent im Beriech BI & Data Science entwickelst Du mit uns intelligente Analysen, optimierst Prozesse und schaffst die Grundlage für bessere Entscheidungen in Marketing, Beratung und Reporting. Du hast viel zu tun Kundendate…",48.04792,eyJhbGciOiJIUzI1NiJ9.eyJzIjoieU5RVFpxUi04Ukd2Zlp1dVBiWlZyZyIsImkiOiI1NzI3MzQ2MzY4In0.gxLB2PZ0hG-G8UJwKwuWFq6Iby-F2xcxseLSXmTpIXc,2026-05-12T23:28:53Z,0,"{'display_name': 'Landsberg am Lech, Landsberg am Lech (Kreis)', 'area': ['Deutschland', 'Bayern', 'Landsberg am Lech (Kreis)', 'Landsberg am Lech'], '__CLASS__': 'Adzuna::API::Response::Location'}",Werkstudent (m/w/d) BI & Data Science,"{'__CLASS__': 'Adzuna::API::Response::Company', 'display_name': 'nimax'}",10.88248,part_time,,,
"{'label': 'Unknown', '__CLASS__': 'Adzuna::API::Response::Category', 'tag': 'unknown'}",5774783130,https://www.adzuna.de/details/5774783130?utm_medium=api&utm_source=a4bcf954,Adzuna::API::Response::Job,"Praktikum im Bereich Data Science für Bosch eBike Systems Markwiesenstraße 58, 72770 Reutlingen, Deutschland Vollzeit Robert Bosch GmbH Unternehmensbeschreibung Bei Bosch gestalten wir Zukunft mit hochwertigen Technologien und Dienstleistungen, die Begeisterung wecken und das Leben der Menschen verbessern. Unser Versprechen an unsere Mitarbeiterinnen und Mitarbeiter steht dabei felsenfest: Wir wachsen gemeinsam, haben Freude an unserer Arbeit und inspirieren uns gegenseitig. Willkommen bei Bosc…",48.5042,eyJhbGciOiJIUzI1NiJ9.eyJpIjoiNTc3NDc4MzEzMCIsInMiOiJ5TlFUWnFSLThSR3ZmWnV1UGJaVnJnIn0.2a2gjGdenOh5JN0DU1JPgN8LRheqCg_d9AZBhNP66zA,2026-06-24T14:49:11Z,0,"{'__CLASS__': 'Adzuna::API::Response::Location', 'area': ['Deutschland', 'Baden-Württemberg', 'Reutlingen (Kreis)', 'Reutlingen', 'Betzingen'], 'display_name': 'Betzingen, Reutlingen'}",Praktikum im Bereich Data Science für Bosch eBike Systems,"{'display_name': 'Robert Bosch GmbH', '__CLASS__': 'Adzuna::API::Response::Company'}",9.18021,full_time,,,
"{'__CLASS__': 'Adzuna::API::Response::Category', 'label': 'Unknown', 'tag': 'unknown'}",5741497489,https://www.adzuna.de/details/5741497489?utm_medium=api&utm_source=a4bcf954,Adzuna::API::Response::Job,"Deine Aufgaben Datengetriebene Transformation. Prozessintelligenz. Zukunft gestalten. Du willst nicht nur analysieren, sondern mitgestalten? Dann komm in unser Team und unterstütze uns bei der datenbasierten Transformation etablierter Unternehmen im Mittelstand und Konzernumfeld. Wir entwickeln intelligente Lösungen auf Basis von Process Mining, Business Process Management und AI – und setzen diese gemeinsam mit unseren Kund:innen um. Du führst strukturierte Recherchen und Analysen zu aktuellen…",48.16652,eyJhbGciOiJIUzI1NiJ9.eyJzIjoieU5RVFpxUi04Ukd2Zlp1dVBiWlZyZyIsImkiOiI1NzQxNDk3NDg5In0.FIrZoIqS-oTnYzApDHiXVRZHnrDuOwgmF_a3ONtRNIw,2026-05-26T22:48:00Z,0,"{'display_name': 'Schwabing-Freimann, München', '__CLASS__': 'Adzuna::API::Response::Location', 'area': ['Deutschland', 'Bayern', 'München (Kreis)', 'München', 'Schwabing-Freimann']}",Werkstudent Process & Data Science (w/m/d),"{'__CLASS__': 'Adzuna::API::Response::Company', 'display_name': 'Process Solutions'}",11.59038,part_time,,,
"{'label': 'Stellen für Hochschulabsolventen', '__CLASS__': 'Adzuna::API::Response::Category', 'tag': 'graduate-jobs'}",5062249327,https://www.adzuna.de/details/5062249327?utm_medium=api&utm_source=a4bcf954,Adzuna::API::Response::Job,"WILLKOMMEN IM TEAM Am BASF-Standort in Schwarzheide produzieren wir nicht nur Polyurethangrundprodukte, Schaumstoffe und Lacke, sondern auch technische Kunststoffe, Veredlungschemikalien und Fungizide. So vielseitig wie unsere Produktpalette sind auch die Tätigkeiten, die es braucht, damit die Produkte hergestellt werden - unsere Mitarbeiterinnen und Mitarbeiter arbeiten bei uns am Standort in den unterschiedlichsten Fachdisziplinen zusammen: vom Ingenieurwesen bis hin zur Digitalisierung, von …",51.47465,eyJhbGciOiJIUzI1NiJ9.eyJzIjoieU5RVFpxUi04Ukd2Zlp1dVBiWlZyZyIsImkiOiI1MDYyMjQ5MzI3In0.3Wyt-ShTMvFZEdPLet7ejlTb-Z6QwQebkOCqcKkQpT0,2025-02-24T18:13:01Z,0,"{'display_name': 'Schwarzheide, Oberspreewald-Lausitz (Kreis)', 'area': ['Deutschland', 'Brandenburg', 'Oberspreewald-Lausitz (Kreis)', 'Schwarzheide'], '__CLASS__': 'Adzuna::API::Response::Location'}",Praktikum Data Science in der Digitalisierung (m/w/d),"{'display_name': 'Basf France', '__CLASS__': 'Adzuna::API::Response::Company'}",13.86232,,,,contract
"{'__CLASS__': 'Adzuna::API::Response::Category', 'label': 'Beraterstellen', 'tag': 'consultancy-jobs'}",5470962686,https://www.adzuna.de/details/5470962686?utm_medium=api&utm_source=a4bcf954,Adzuna::API::Response::Job,"At Statista , we’re all about facts and data, for we are the world's leading business data platform. By providing reliable and easy-to-use data as well as various data analytics products and services, we empower people worldwide to make fact-based decisions. Founded in Hamburg in 2007, we have quickly grown into a global company with offices in major cities such as London, New York, Berlin and Tokyo. And we still have a lot of plans. Our constant growth does not only prove our success, but also…",52.507706,eyJhbGciOiJIUzI1NiJ9.eyJzIjoieU5RVFpxUi04Ukd2Zlp1dVBiWlZyZyIsImkiOiI1NDcwOTYyNjg2In0.INusWQF9jRomlZBrlRNY0UP0bKmWB_9lzyOp3ACwDSk,2025-10-30T13:54:30Z,0,"{'area': ['Deutschland', 'Berlin'], '__CLASS__': 'Adzuna::API::Response::Location', 'display_name': 'Berlin, Deutschland'}",Data Science Consultant - Healthcare (m/f/d),"{'display_name': 'Statista', '__CLASS__': 'Adzuna::API::Response::Company'}",13.420806,full_time,,,
"{'tag': 'accounting-finance-jobs', 'label': 'Stellen aus Buchhaltung & Finanzwesen', '__CLASS__': 'Adzuna::API::Response::Category'}",5701855523,https://www.adzuna.de/details/5701855523?utm_medium=api&utm_source=a4bcf954,Adzuna::API::Response::Job,"Team description The Risk AI Engineering Squad is a cross-functional team within the Risk & Compliance tribe, responsible for developing cutting-edge data products and ML solutions that power Transaction Monitoring and protect our merchant base from Money Laundering and Financial Crime. We combine automation, AI, and engineering excellence to build innovative products that empower Risk and AML teams to work smarter, faster, and more efficiently. The Senior Data Scientist role is critical to adv…",52.507706,eyJhbGciOiJIUzI1NiJ9.eyJpIjoiNTcwMTg1NTUyMyIsInMiOiJ5TlFUWnFSLThSR3ZmWnV1UGJaVnJnIn0.IorYtKPELIQW5a0V_SVR4QyvETv2re3TkGKmHULmzpE,2026-04-16T22:46:20Z,0,"{'display_name': 'Berlin, Deutschland', '__CLASS__': 'Adzuna::API::Response::Location', 'area': ['Deutschland', 'Berlin']}",Senior Data Science/ML Engineer - Financial Crime,"{'display_name': 'SumUp', '__CLASS__': 'Adzuna::API::Response::Company'}",13.420806,,,,
"{'tag': 'it-jobs', 'label': 'IT-Stellen', '__CLASS__': 'Adzuna::API::Response::Category'}",5727351946,https://www.adzuna.de/details/5727351946?utm_medium=api&utm_source=a4bcf954,Adzuna::API::Response::Job,"SO SIEHT DEIN AUFGABENBEREICH AUS: Gestalte die Zukunft: Entwickle und implementiere innovative Lösungen zum Beispiel mit Retrieval-Augmented Generation (RAG) und Large Language Models (LLMs) für die Steuerwelt. Dabei wählst du für jeden Anwendungsfall die passende Modellarchitektur und kümmerst dich um Training, Evaluation und Optimierung für den praktischen Einsatz. Verbinde Daten mit Intelligenz: Entwickle Pipelines zur Datenaufbereitung, -extraktion, -transformation und -integration und opt…",49.46856,eyJhbGciOiJIUzI1NiJ9.eyJpIjoiNTcyNzM1MTk0NiIsInMiOiJ5TlFUWnFSLThSR3ZmWnV1UGJaVnJnIn0.t16UHNkvj8gA0a1FK3ouXegRVOl0xPxz5PFZRBBJJ0w,2026-05-12T23:34:14Z,0,"{'display_name': 'Neuostheim, Mannheim', '__CLASS__': 'Adzuna::API::Response::Location', 'area': ['Deutschland', 'Baden-Württemberg', 'Mannheim', 'Neuostheim']}",Senior AI / Data Science Engineer (m/w),"{'display_name': 'Buhl Data Service', '__CLASS__': 'Adzuna::API::Response::Company'}",8.50014,full_time,,,
"{'__CLASS__': 'Adzuna::API::Response::Category', 'label': 'IT-Stellen', 'tag': 'it-jobs'}",5754849850,https://www.adzuna.de/details/5754849850?utm_medium=api&utm_source=a4bcf954,Adzuna::API::Response::Job,"Du hast viel zu tun Du analysierst über 2,5 Millionen Bestelldaten aus 25 Jahren Onlinehandel Mit Hilfe von Machine Learning bildest Du Kundenkohorten und gewinnst daraus wertvolle Insights Du entwickelst Modelle, um aus dem Kaufverhalten der Vergangenheit zukünftige Kaufentscheidungen zu prognostizieren Deine Ergebnisse bilden die Grundlage für zukünftige Marketing-Kampagnen, z. B. um die richtigen Produkte zur richtigen Zeit zu bewerben Du hast einiges drauf Du stehst kurz vor dem Ende Deines…",48.04792,eyJhbGciOiJIUzI1NiJ9.eyJpIjoiNTc1NDg0OTg1MCIsInMiOiJ5TlFUWnFSLThSR3ZmWnV1UGJaVnJnIn0.6h1Vqj0rFZ8r8XD__X546G74lHhcbXvRwinRJYKUFr0,2026-06-06T23:02:19Z,0,"{'area': ['Deutschland', 'Bayern', 'Landsberg am Lech (Kreis)', 'Landsberg am Lech'], '__CLASS__': 'Adzuna::API::Response::Location', 'display_name': 'Landsberg am Lech, Landsberg am Lech (Kreis)'}",Abschlussarbeit Data Science – Machine Learning im E-Commerce,"{'display_name': 'nimax', '__CLASS__': 'Adzuna::API::Response::Company'}",10.88248,part_time,,,
"{'__CLASS__': 'Adzuna::API::Response::Category', 'label': 'Stellen aus Einzelhandel', 'tag': 'retail-jobs'}",5794928952,https://www.adzuna.de/details/5794928952?utm_medium=api&utm_source=a4bcf954,Adzuna::API::Response::Job,"Deine Aufgaben Duale Power für die digitale Zukunft: Entfalte dein Potential, indem du dir wirtschaftsinformatisches Fachwissen aneignest und gestalte aktiv den Bereich Einkauf mit. … konkret heißt das: Dreijähriges duales Studium ab Herbst 2027 mit Wechsel zwischen der dreimonatigen Theoriephase an der DHBW Heilbronn und der Praxisphase bei der Lidl Stiftung Vermittlung von Methoden und Technologien der Informatik sowie Data Analysis, Big Data und Machine Learning an der DHBW im Vordergrund Pr…",,eyJhbGciOiJIUzI1NiJ9.eyJpIjoiNTc5NDkyODk1MiIsInMiOiJ5TlFUWnFSLThSR3ZmWnV1UGJaVnJnIn0.TXQfoJ3ymEV8LXseqgPgQ_gw930XlmUcxDBfC64P9LU,2026-07-10T03:28:09Z,0,"{'area': ['Deutschland'], '__CLASS__': 'Adzuna::API::Response::Location', 'display_name': 'Deutschland'}",Duales Studium Wirtschaftsinformatik - Data Science 2027 in Neckarsulm,"{'__CLASS__': 'Adzuna::API::Response::Company', 'display_name': 'Lidl Stiftung'}",,full_time,23400.0,19800.0,
"{'tag': 'unknown', '__CLASS__': 'Adzuna::API::Response::Category', 'label': 'Unknown'}",5780353231,https://www.adzuna.de/land/ad/5780353231?se=yNQTZqR-8RGvfZuuPbZVrg&utm_medium=api&utm_source=a4bcf954&v=343668A99C1EB1CF18D45BF5984EC60DCB182F33,Adzuna::API::Response::Job,"Aufgaben ÖkoWorld Lux S.A. (OWL) ist eine in Luxemburg ansässige UCITS-Verwaltungsgesellschaft, die von der CSSF zugelassen und beaufsichtigt wird. Als Teil der ÖkoWorld‑Gruppe verwaltet OWL ethisch ausgerichtete Aktienfonds mit einem strikten nachhaltigen und verantwortungsvollen Investmentmandat (SRI).Wir sind eine sinn- und werteorientierte Organisation an der Schnittstelle von ethischem Investieren, fundierter Finanzanalyse und moderner Datenwissenschaft. Ihre Aufgaben Wir suchen eine analy…",,eyJhbGciOiJIUzI1NiJ9.eyJpIjoiNTc4MDM1MzIzMSIsInMiOiJ5TlFUWnFSLThSR3ZmWnV1UGJaVnJnIn0.ToiIN3Xrylawz4HcYi9BOOcoX3FsAUpmLQwin1hEq3M,2026-06-28T18:24:08Z,0,"{'area': ['Deutschland'], '__CLASS__': 'Adzuna::API::Response::Location', 'display_name': 'Deutschland'}",Investment-Spezialist (m/w/d) für Portfoliomanagement und KI-Innovation,"{'display_name': 'ÖKOWORLD AG', '__CLASS__': 'Adzuna::API::Response::Company'}",,,,,
"{'tag': 'consultancy-jobs', 'label': 'Beraterstellen', '__CLASS__': 'Adzuna::API::Response::Category'}",5795212421,https://www.adzuna.de/land/ad/5795212421?se=yNQTZqR-8RGvfZuuPbZVrg&utm_medium=api&utm_source=a4bcf954&v=83BFD67EA34F4EAEE00B1F1A45574FAB2574591B,Adzuna::API::Response::Job,"Wir geben Ideen Kraft. Stabilität, Verlässlichkeit und nachhaltiges Wirtschaften sind unser Fundament. Mit Weitblick und Entschlossenheit unterstützt die Sächsische Aufbaubank – Förderbank – die Transformation Sachsens und schafft ein Umfeld, in dem Werte Bestand haben. Sie möchten uns bei der Erfüllung unseres Auftrags unterstützen? Dann freuen wir uns über Ihre Bewerbung! Für die SAB suchen wir einen Chief AI & Data Officer (m/w/d) für den Standort Leipzig, wobei auch eine Präsenz am Standort…",51.339254,eyJhbGciOiJIUzI1NiJ9.eyJpIjoiNTc5NTIxMjQyMSIsInMiOiJ5TlFUWnFSLThSR3ZmWnV1UGJaVnJnIn0.ZXvflmEaU_dhEYUyKSVGQQVuy1sjzDd1rY69FoJh08k,2026-07-10T09:31:25Z,0,"{'area': ['Deutschland', 'Sachsen', 'Leipzig (Kreis)', 'Leipzig'], '__CLASS__': 'Adzuna::API::Response::Location', 'display_name': 'Leipzig, Leipzig (Kreis)'}",Chief AI & Data Officer - CAIDO - (m/w/d),"{'__CLASS__': 'Adzuna::API::Response::Company', 'display_name': 'SAB Sächsische Aufbaubank – Förderbank –'}",12.373598,,,,
"{'tag': 'unknown', 'label': 'Unknown', '__CLASS__': 'Adzuna::API::Response::Category'}",5755545774,https://www.adzuna.de/land/ad/5755545774?se=yNQTZqR-8RGvfZuuPbZVrg&utm_medium=api&utm_source=a4bcf954&v=EB6E89C19E7F473359E5A3D83285B5FFB2D518FA,Adzuna::API::Response::Job,"in Münster unbefristet in Voll- oder Teilzeit Vergütung: E 10 (TVöD Bund) bzw. A 10 / A 11 (BBesO) Referenzcode: P/2130/2026/211/43 Bewerbungsfrist: 24.06.2026 Die Generalzolldirektion (GZD) ist mit rund 48.000 Beschäftigten eine stetig wachsende und sehr vielseitige Verwaltung unter dem Dach des Bundesministeriums der Finanzen. Als moderne Steuer- und Wirtschaftsverwaltung generieren wir etwa die Hälfte der dem Bund zufließenden Steuern, bekämpfen aber auch Zollkriminalität im Rahmen der Straf…",51.955292,eyJhbGciOiJIUzI1NiJ9.eyJpIjoiNTc1NTU0NTc3NCIsInMiOiJ5TlFUWnFSLThSR3ZmWnV1UGJaVnJnIn0.bFrGXRilcM4KXT2r9nfk3adHys7-of0d6t3dJlXrlZY,2026-06-07T17:06:42Z,0,"{'display_name': 'Münster, Nordrhein-Westfalen', '__CLASS__': 'Adzuna::API::Response::Location', 'area': ['Deutschland', 'Nordrhein-Westfalen', 'Münster']}",IT-Sachbearbeiterin / IT-Sachbearbeiter (w/m/d) als IT-Betreuerin / IT-Betreuer,"{'display_name': 'Generalzolldirektion', '__CLASS__': 'Adzuna::API::Response::Company'}",7.621504,,,,
"{'label': 'Stellen aus PR, Werbung & Marketing', '__CLASS__': 'Adzuna::API::Response::Category', 'tag': 'pr-advertising-marketing-jobs'}",5770828809,https://www.adzuna.de/land/ad/5770828809?se=yNQTZqR-8RGvfZuuPbZVrg&utm_medium=api&utm_source=a4bcf954&v=7B825E0EC299BBAD23A072A018D2D39115D762FD,Adzuna::API::Response::Job,"Aufgaben Profil Wir bieten Bei IONOS arbeitest Du bei dem führenden europäischen Anbieter von Cloud-Infrastruktur, Cloud-Services und Hosting-Dienstleistungen partnerschaftlich mit unterschiedlichen Teams zusammen. Wir bieten Dir eine Perspektive in einer der zukunftssichersten Branchen. Uns zeichnen offene Arbeitsstrukturen, Duz-Kultur und flache Hierarchien mit unvergleichlichem Team-Spirit aus. Wir sind fest davon überzeugt, dass Job und Spaß vereinbar sind und bieten Dir hierfür das entspre…",52.507706,eyJhbGciOiJIUzI1NiJ9.eyJpIjoiNTc3MDgyODgwOSIsInMiOiJ5TlFUWnFSLThSR3ZmWnV1UGJaVnJnIn0.B7TbjIGTRAWDRb4Xzpu8HQ1biNIwFo1H5FHZN-bPjIk,2026-06-20T18:16:43Z,0,"{'display_name': 'Berlin, Deutschland', '__CLASS__': 'Adzuna::API::Response::Location', 'area': ['Deutschland', 'Berlin']}",Leitung PPC (w/m/d) - Online Advertising,"{'display_name': 'IONOS', '__CLASS__': 'Adzuna::API::Response::Company'}",13.420806,,,,
"{'__CLASS__': 'Adzuna::API::Response::Category', 'label': 'Stellen aus Buchhaltung & Finanzwesen', 'tag': 'accounting-finance-jobs'}",5774995926,https://www.adzuna.de/land/ad/5774995926?se=yNQTZqR-8RGvfZuuPbZVrg&utm_medium=api&utm_source=a4bcf954&v=BF609A5E262CC50DFB2AF0B605C0841CD436A761,Adzuna::API::Response::Job,"Manager Pricing (w/m/d) - Analytics & Modeling Produktmanagement / Essen Headoffice / Hybrid / Vollzeit / iSE02643 Vertragstitel gemäß des internen Karrierepfads. Willkommen bei ista Wir bei ista unter­stützen Eigen­tümer:innen und Ver­walter:innen von Immo­bi­lien, ihre Ge­bäude zukunfts­sicher und klima­neutral zu ge­stalten. Dazu ge­hört, dass wir Energie­ver­bräuche messen, ab­rechnen und trans­parent machen. So helfen wir dabei, Energie und CO₂ zu sparen. Daran arbeiten wir mit über 6.600 …",51.444823,eyJhbGciOiJIUzI1NiJ9.eyJzIjoieU5RVFpxUi04Ukd2Zlp1dVBiWlZyZyIsImkiOiI1Nzc0OTk1OTI2In0.tWuOCJpGvVKZIb3LTaMaXoWAyEszG8SAM3NvI82WdMc,2026-06-24T18:22:46Z,0,"{'__CLASS__': 'Adzuna::API::Response::Location', 'area': ['Deutschland', 'Nordrhein-Westfalen', 'Essen'], 'display_name': 'Essen, Nordrhein-Westfalen'}",Manager Pricing (w/m/d) - Analytics & Modeling,"{'display_name': 'ista SE', '__CLASS__': 'Adzuna::API::Response::Company'}",7.014478,,,,
"{'__CLASS__': 'Adzuna::API::Response::Category', 'label': 'Unknown', 'tag': 'unknown'}",5778764747,https://www.adzuna.de/land/ad/5778764747?se=yNQTZqR-8RGvfZuuPbZVrg&utm_medium=api&utm_source=a4bcf954&v=CF1D51C4868D25C200DBA2B3D520B4B5C5A40675,Adzuna::API::Response::Job,"Hallo, lass uns WIR sagen! Im Data Analytics Team der HUK-COBURG transformieren wir Daten in echte Mehrwerte für über 13 Mio. Kund:innen. Als Deutschlands führende Kfz-Versicherung sind wir ein traditionsreiches und stabiles Unternehmen, welches zielgerichtet in Innovation und seine datengetriebene Zukunft investiert. Unsere agilen Data Analytics Teams setzen modernste Machine Learning und KI-Methoden ein, um Prozesse zu optimieren, faire Preise zu berechnen, Schäden digital und intelligent zu …",50.25777,eyJhbGciOiJIUzI1NiJ9.eyJpIjoiNTc3ODc2NDc0NyIsInMiOiJ5TlFUWnFSLThSR3ZmWnV1UGJaVnJnIn0.WLVtIKaihbFD5jmOXuYEqXPYqVqrmtNJn9uzm5rVlNo,2026-06-27T08:43:26Z,0,"{'display_name': 'Coburg, Coburg (Kreis)', 'area': ['Deutschland', 'Bayern', 'Coburg (Kreis)', 'Coburg'], '__CLASS__': 'Adzuna::API::Response::Location'}",Senior Engineer Machine Learning / AI (w/m/d),"{'__CLASS__': 'Adzuna::API::Response::Company', 'display_name': ""HUK-COBURG Versicherungsgruppe'""}",10.96603,,,,
"{'label': 'IT-Stellen', '__CLASS__': 'Adzuna::API::Response::Category', 'tag': 'it-jobs'}",5790977280,https://www.adzuna.de/details/5790977280?utm_medium=api&utm_source=a4bcf954,Adzuna::API::Response::Job,"Stellenbeschreibung Der Studiengang Data Science und Künstliche Intelligenz versetzt dich in die Lage, die digitale Transformation maßgeblich voranzutreiben und zukunftsweisend mitzugestalten. Dank des erworbenen Wissens kannst du aus großen Datensätzen relevante Informationen herausfiltern und eine Prognose für künftige Datensätze abgeben. Unterstütze mit deiner vielseitigen Kompetenz diverse Bereiche in Wirtschaft, Technik sowie Data Engineering! Inhalte der Theoriephasen: Erlernen von Method…",49.84633,eyJhbGciOiJIUzI1NiJ9.eyJpIjoiNTc5MDk3NzI4MCIsInMiOiJ5TlFUWnFSLThSR3ZmWnV1UGJaVnJnIn0.vhTC2Cl5zyI8qiuwznG2q10YEr6ZJRC9dx9RV2RSlHc,2026-07-07T15:06:15Z,0,"{'__CLASS__': 'Adzuna::API::Response::Location', 'area': ['Deutschland', 'Bayern', 'Main-Spessart (Kreis)', 'Marktheidenfeld'], 'display_name': 'Marktheidenfeld, Main-Spessart (Kreis)'}",Duales Studium Data Science und Künstliche Intelligenz 2027 (DHBW),"{'display_name': 'WAREMA Renkhoff SE', '__CLASS__': 'Adzuna::API::Response::Company'}",9.60056,,,,
"{'tag': 'other-general-jobs', 'label': 'Sonstige/Allgemeine Stellen', '__CLASS__': 'Adzuna::API::Response::Category'}",5792866145,https://www.adzuna.de/land/ad/5792866145?se=yNQTZqR-8RGvfZuuPbZVrg&utm_medium=api&utm_source=a4bcf954&v=7346253852EF16D547F9CB8760721E42F45FF75A,Adzuna::API::Response::Job,"Stellenbeschreibung: Innovativ, nachhaltig, verantwortlich – das sind die Stadtwerke Tübingen. Als modernes und familienfreundliches Dienstleistungsunternehmen sind wir mit unseren 600 Mitarbeitenden in der Region aktiv und leisten einen wichtigen Beitrag zu den Klimazielen der Universitätsstadt Tübingen. Wir suchen für unsere Abteilung Beschaffung und Statistik Fachentwickler für energiewirtschaftliche IT-Prozesse (m/w/d) Ihre Aufgaben Sie übernehmen die fachliche und technische Weiterentwickl…",48.48337,eyJhbGciOiJIUzI1NiJ9.eyJzIjoieU5RVFpxUi04Ukd2Zlp1dVBiWlZyZyIsImkiOiI1NzkyODY2MTQ1In0.6hY-rZoIqEnr24bTtrf_dCdxzLZAvTKSLdGWJ2BG3U8,2026-07-08T18:42:53Z,0,"{'__CLASS__': 'Adzuna::API::Response::Location', 'area': ['Deutschland', 'Baden-Württemberg', 'Tübingen (Kreis)', 'Tübingen', 'Bühl'], 'display_name': 'Bühl, Tübingen'}",Fachentwickler für energiewirtschaftliche IT-Prozesse (m/w/d),"{'display_name': 'Stadtwerke Tübingen GmbH', '__CLASS__': 'Adzuna::API::Response::Company'}",8.99718,full_time,,,
"{'__CLASS__': 'Adzuna::API::Response::Category', 'label': 'Stellen aus PR, Werbung & Marketing', 'tag': 'pr-advertising-marketing-jobs'}",5738072824,https://www.adzuna.de/details/5738072824?utm_medium=api&utm_source=a4bcf954,Adzuna::API::Response::Job,"Position: Data Scientists, Data Engineers & Analytics Professionals – Talent Pool (Ongoing Search) Remote working policy: 100% remote possible, full-time Employment type: Freelancer/ Contract or Employee Duration: 12 months About us: We are a specialist technical recruitment agency constantly looking for strong strong Data talent for exciting opportunities. We partner with global enterprise companies, USA-based organisations, and EU clients that frequently offer remote, hybrid, and onsite roles…",,eyJhbGciOiJIUzI1NiJ9.eyJpIjoiNTczODA3MjgyNCIsInMiOiJ5TlFUWnFSLThSR3ZmWnV1UGJaVnJnIn0.r0Clkv1iQ0pvj7pRSVibLfwWwbQwMx1UaicPkRAXnqM,2026-05-22T23:15:05Z,0,"{'__CLASS__': 'Adzuna::API::Response::Location', 'area': ['Deutschland'], 'display_name': 'Deutschland'}","Data Science, Analytics & Data Engineer (Remote, Ongoing Search, Talent Pool)","{'__CLASS__': 'Adzuna::API::Response::Company', 'display_name': 'FullStack Talents'}",,,,,contract
"{'label': 'Stellen für Hochschulabsolventen', '__CLASS__': 'Adzuna::API::Response::Category', 'tag': 'graduate-jobs'}",4571173892,https://www.adzuna.de/details/4571173892?utm_medium=api&utm_source=a4bcf954,Adzuna::API::Response::Job,"WILLKOMMEN IM TEAM Wir sind die globale Inhouse Managementberatung der BASF. Unser Schwerpunkt liegt auf strategischen Projekten, mit denen wir wirkungsvoll Veränderungsprozesse vorantreiben. Dabei reicht unser Themenspektrum von Wachstums-, Organisationsentwicklungs- und Effizienzprojekten bis hin zu Akquisitionen und Devestitionen. Wir leben einen starken Teamspirit und fördern aktiv die Karriereentwicklung innerhalb der BASF. AUFGABEN Zum nächstmöglichen Zeitpunkt sind Sie für einen Zeitraum…",49.47766,eyJhbGciOiJIUzI1NiJ9.eyJpIjoiNDU3MTE3Mzg5MiIsInMiOiJ5TlFUWnFSLThSR3ZmWnV1UGJaVnJnIn0.AfX5VOqkL0Q2OrghOD0phgXYYootMLKTrvAIH5lPDq4,2024-02-16T11:00:56Z,0,"{'display_name': 'Mitte, Ludwigshafen am Rhein', 'area': ['Deutschland', 'Rheinland-Pfalz', 'Ludwigshafen am Rhein', 'Mitte'], '__CLASS__': 'Adzuna::API::Response::Location'}",Praktikum Management Consulting im Bereich Data Science / Data Analytics (m/w/d),"{'display_name': 'Basf France', '__CLASS__': 'Adzuna::API::Response::Company'}",8.43196,,,,contract
"{'label': 'IT-Stellen', '__CLASS__': 'Adzuna::API::Response::Category', 'tag': 'it-jobs'}",5754856678,https://www.adzuna.de/details/5754856678?utm_medium=api&utm_source=a4bcf954,Adzuna::API::Response::Job,"Senior AI / Data Science Engineer (m/w/d) Aufgabenbereiche Gestaltung und Entwicklung KI-gesteuerter Datenlösungen unter Gewährleistung einer effektiven Datenaufbereitung und -integration. Erstellung und Pflege robuster Datenpipelines sowie Überwachungsmechanismen zur Sicherstellung einer hohen Datenqualität. Implementierung von Backend-Integrationen in Cloud-Umgebungen, insbesondere AWS und GCP. Umsetzung von Software-Engineering-Best-Practices zur Verbesserung der Wartbarkeit von Projekten. E…",51.476986,eyJhbGciOiJIUzI1NiJ9.eyJpIjoiNTc1NDg1NjY3OCIsInMiOiJ5TlFUWnFSLThSR3ZmWnV1UGJaVnJnIn0.KXVGkVTMU3qinieN2F8MeI_PLlnHCVTquJHPxlRHI-k,2026-06-06T23:18:27Z,0,"{'display_name': 'Bochum, Nordrhein-Westfalen', 'area': ['Deutschland', 'Nordrhein-Westfalen', 'Bochum'], '__CLASS__': 'Adzuna::API::Response::Location'}",Senior AI / Data Science Engineer (m/w/d),"{'__CLASS__': 'Adzuna::API::Response::Company', 'display_name': 'WeMatch.'}",7.211571,,,,
"{'label': 'Stellen für Hochschulabsolventen', '__CLASS__': 'Adzuna::API::Response::Category', 'tag': 'graduate-jobs'}",5782127133,https://www.adzuna.de/details/5782127133?utm_medium=api&utm_source=a4bcf954,Adzuna::API::Response::Job,"Über das Unternehmen: Globale Expertise, lokale Präsenz: Ihre verlässlichen Partner für Rechts-, Wirtschafts- und Steuerfragen seit 2006. Wir sind eine international ausgerichtete Partnerschaft von Rechtsanwälten, Wirtschaftsprüfern und Steuerberatern, die im Jahr 2006 gegründet wurde. Heute sind wir mit rund 380 Mitarbeitern an den Standorten Hamburg, Berlin, Bochum, Hannover, Dortmund, München und Bielefeld vertreten. Durch eine eigene Gesellschaft sowie über Moore Global, ein globales Netzwe…",52.51551,eyJhbGciOiJIUzI1NiJ9.eyJzIjoieU5RVFpxUi04Ukd2Zlp1dVBiWlZyZyIsImkiOiI1NzgyMTI3MTMzIn0._3wIu5F6eYmuTNxvPyDpr40asamI6dszQi6fqibhlYI,2026-06-30T15:55:04Z,0,"{'area': ['Deutschland', 'Berlin', 'Mitte'], '__CLASS__': 'Adzuna::API::Response::Location', 'display_name': 'Mitte, Berlin'}",Artificial Intelligence & Data Science Manager:in (m/w/d),"{'__CLASS__': 'Adzuna::API::Response::Company', 'display_name': 'Workwise GmbH'}",13.38475,full_time,,,
"{'label': 'Stellen für Hochschulabsolventen', '__CLASS__': 'Adzuna::API::Response::Category', 'tag': 'graduate-jobs'}",5782127250,https://www.adzuna.de/details/5782127250?utm_medium=api&utm_source=a4bcf954,Adzuna::API::Response::Job,"Über das Unternehmen: Globale Expertise, lokale Präsenz: Ihre verlässlichen Partner für Rechts-, Wirtschafts- und Steuerfragen seit 2006. Wir sind eine international ausgerichtete Partnerschaft von Rechtsanwälten, Wirtschaftsprüfern und Steuerberatern, die im Jahr 2006 gegründet wurde. Heute sind wir mit rund 380 Mitarbeitern an den Standorten Hamburg, Berlin, Bochum, Hannover, Dortmund, München und Bielefeld vertreten. Durch eine eigene Gesellschaft sowie über Moore Global, ein globales Netzwe…",51.46121,eyJhbGciOiJIUzI1NiJ9.eyJzIjoieU5RVFpxUi04Ukd2Zlp1dVBiWlZyZyIsImkiOiI1NzgyMTI3MjUwIn0._xMaOY6WFR9rLuf7p6_krJP_Qlnb7VZGUwa8LuHg8MQ,2026-06-30T15:55:04Z,0,"{'display_name': 'Altendorf, Essen', 'area': ['Deutschland', 'Nordrhein-Westfalen', 'Essen', 'Altendorf'], '__CLASS__': 'Adzuna::API::Response::Location'}",Artificial Intelligence & Data Science Manager:in (m/w/d),"{'__CLASS__': 'Adzuna::API::Response::Company', 'display_name': 'Workwise GmbH'}",6.96735,full_time,,,
"{'label': 'Stellen für Hochschulabsolventen', '__CLASS__': 'Adzuna::API::Response::Category', 'tag': 'graduate-jobs'}",5782126912,https://www.adzuna.de/details/5782126912?utm_medium=api&utm_source=a4bcf954,Adzuna::API::Response::Job,"Über das Unternehmen: Globale Expertise, lokale Präsenz: Ihre verlässlichen Partner für Rechts-, Wirtschafts- und Steuerfragen seit 2006. Wir sind eine international ausgerichtete Partnerschaft von Rechtsanwälten, Wirtschaftsprüfern und Steuerberatern, die im Jahr 2006 gegründet wurde. Heute sind wir mit rund 380 Mitarbeitern an den Standorten Hamburg, Berlin, Bochum, Hannover, Dortmund, München und Bielefeld vertreten. Durch eine eigene Gesellschaft sowie über Moore Global, ein globales Netzwe…",48.14093,eyJhbGciOiJIUzI1NiJ9.eyJzIjoieU5RVFpxUi04Ukd2Zlp1dVBiWlZyZyIsImkiOiI1NzgyMTI2OTEyIn0.dYorleZTXzGM_UnH1zLxwTqfMPg2CCPlGwv6f6m8Zsw,2026-06-30T15:55:02Z,0,"{'display_name': 'Altstadt-Lehel, München', 'area': ['Deutschland', 'Bayern', 'München (Kreis)', 'München', 'Altstadt-Lehel'], '__CLASS__': 'Adzuna::API::Response::Location'}",Artificial Intelligence & Data Science Manager:in (m/w/d),"{'display_name': 'Workwise GmbH', '__CLASS__': 'Adzuna::API::Response::Company'}",11.56907,full_time,,,
"{'label': 'Stellen für Hochschulabsolventen', '__CLASS__': 'Adzuna::API::Response::Category', 'tag': 'graduate-jobs'}",5782127178,https://www.adzuna.de/details/5782127178?utm_medium=api&utm_source=a4bcf954,Adzuna::API::Response::Job,"Über das Unternehmen: Globale Expertise, lokale Präsenz: Ihre verlässlichen Partner für Rechts-, Wirtschafts- und Steuerfragen seit 2006. Wir sind eine international ausgerichtete Partnerschaft von Rechtsanwälten, Wirtschaftsprüfern und Steuerberatern, die im Jahr 2006 gegründet wurde. Heute sind wir mit rund 380 Mitarbeitern an den Standorten Hamburg, Berlin, Bochum, Hannover, Dortmund, München und Bielefeld vertreten. Durch eine eigene Gesellschaft sowie über Moore Global, ein globales Netzwe…",53.55197,eyJhbGciOiJIUzI1NiJ9.eyJzIjoieU5RVFpxUi04Ukd2Zlp1dVBiWlZyZyIsImkiOiI1NzgyMTI3MTc4In0.0lFkEA3oJSwD-kOMcRO0w-7dN1p82duOS5S6r4m_JaI,2026-06-30T15:55:04Z,0,"{'__CLASS__': 'Adzuna::API::Response::Location', 'area': ['Deutschland', 'Hamburg', 'Neustadt'], 'display_name': 'Neustadt, Hamburg'}",Artificial Intelligence & Data Science Manager:in (m/w/d),"{'display_name': 'Workwise GmbH', '__CLASS__': 'Adzuna::API::Response::Company'}",9.98553,full_time,,,
"{'tag': 'it-jobs', '__CLASS__': 'Adzuna::API::Response::Category', 'label': 'IT-Stellen'}",5791476936,https://www.adzuna.de/details/5791476936?utm_medium=api&utm_source=a4bcf954,Adzuna::API::Response::Job,"Studieren und nebenbei etwas dazuverdienen? Das geht flexibel beim Pionier für digitale Schließtechnik. Studieren und nebenbei die Datenwelt von morgen gestalten? Das geht flexibel beim Pionier für digitale Schließtechnik in Unterföhring. Wir bei SimonsVoss sind nicht nur Experten für Sicherheit, sondern auch für smarte Lösungen. Als Werkstudent:in im Bereich IT (Business Intelligence, Data Analytics & KI) bist du Teil eines kleinen, aber wirkungsvollen Teams. Data Science steckt bei uns in der…",48.19226,eyJhbGciOiJIUzI1NiJ9.eyJzIjoieU5RVFpxUi04Ukd2Zlp1dVBiWlZyZyIsImkiOiI1NzkxNDc2OTM2In0.zMQqtkFI_fMaG8kuvYP4cYF-zyFo96nbiSIPsFxlRE0,2026-07-08T00:35:28Z,0,"{'area': ['Deutschland', 'Bayern', 'München (Kreis)', 'Unterföhring'], '__CLASS__': 'Adzuna::API::Response::Location', 'display_name': 'Unterföhring, München (Kreis)'}",Werkstudent IT – Data Science & KI (m/w/d),"{'__CLASS__': 'Adzuna::API::Response::Company', 'display_name': 'SimonVoss'}",11.64041,part_time,,,
"{'tag': 'graduate-jobs', '__CLASS__': 'Adzuna::API::Response::Category', 'label': 'Stellen für Hochschulabsolventen'}",5720195168,https://www.adzuna.de/details/5720195168?utm_medium=api&utm_source=a4bcf954,Adzuna::API::Response::Job,"Unternehmensbeschreibung Wir sind als eine der führenden europäischen Management- und Technologieberatungen ein echter Tech-Player. Wir sehen uns als Vordenker*innen, handeln und denken strategisch, entwickeln mit unseren Kunden maßgeschneiderte Lösungen, sowie präzise Prozesse und implementieren innovative Technologien. Weltweit sind wir über 50.000 tech-affine und kluge Köpfe – gemeinsam gestalten wir die Zukunft unserer Kunden und die der Gesellschaft. Bist du bereit, das digitale Europa mit…",,eyJhbGciOiJIUzI1NiJ9.eyJzIjoieU5RVFpxUi04Ukd2Zlp1dVBiWlZyZyIsImkiOiI1NzIwMTk1MTY4In0.snpclC_-30DtjGZu9xUYXcwF3rQx_crj4zlgsFilz0s,2026-05-06T08:48:38Z,0,"{'display_name': 'Deutschland', '__CLASS__': 'Adzuna::API::Response::Location', 'area': ['Deutschland']}",Data Science Engineer/Analyst Aerospace (m/w/d),"{'display_name': 'Sopra-Steria', '__CLASS__': 'Adzuna::API::Response::Company'}",,,,,
"{'tag': 'unknown', 'label': 'Unknown', '__CLASS__': 'Adzuna::API::Response::Category'}",5792111450,https://www.adzuna.de/details/5792111450?utm_medium=api&utm_source=a4bcf954,Adzuna::API::Response::Job,"Studieren und nebenbei etwas dazuverdienen? Das geht flexibel beim Pionier für digitale Schließtechnik. Studieren und nebenbei die Datenwelt von morgen gestalten? Das geht flexibel beim Pionier für digitale Schließtechnik in Unterföhring. Wir bei SimonsVoss sind nicht nur Experten für Sicherheit, sondern auch für smarte Lösungen. Als Werkstudent:in im Bereich IT (Business Intelligence, Data Analytics & KI) bist du Teil eines kleinen, aber wirkungsvollen Teams. Data Science steckt bei uns in der…",,eyJhbGciOiJIUzI1NiJ9.eyJzIjoieU5RVFpxUi04Ukd2Zlp1dVBiWlZyZyIsImkiOiI1NzkyMTExNDUwIn0.nmwcnvCWP13_cMUStkOwBbPZNliLdjGUnm1OI5QQ4D8,2026-07-08T08:36:27Z,0,"{'area': ['Deutschland'], '__CLASS__': 'Adzuna::API::Response::Location', 'display_name': 'Deutschland'}",Werkstudent IT - Data Science & KI (m/w/d),"{'__CLASS__': 'Adzuna::API::Response::Company', 'display_name': 'Allegion'}",,,,,
"{'tag': 'it-jobs', 'label': 'IT-Stellen', '__CLASS__': 'Adzuna::API::Response::Category'}",5758056595,https://www.adzuna.de/details/5758056595?utm_medium=api&utm_source=a4bcf954,Adzuna::API::Response::Job,"Wir sind über 13.000. An 20 Standorten weltweit. Jedes dritte Flugzeug fliegt mit unserer Technologie. Immer effizienter, leiser, nachhaltiger. Wir gestalten die Zukunft der Luftfahrt. Was wir noch brauchen? Dich. Bei der Instandhaltung von Flugzeugtriebwerken entstehen eine Vielzahl verschiedenster Daten. Erst wenn diese Informationen aufbereitet, geprüft und zusammengeführt sind, können Erkenntnisse und Entscheidungen daraus abgeleitet werden. Unser Team ist integraler Bestandteil der Digital…",52.30118,eyJhbGciOiJIUzI1NiJ9.eyJpIjoiNTc1ODA1NjU5NSIsInMiOiJ5TlFUWnFSLThSR3ZmWnV1UGJaVnJnIn0.fjqMp5geV-kafeuhaLlG6EGV3auA66Teca_YRlofX-Q,2026-06-10T06:37:26Z,0,"{'display_name': 'Ludwigsfelde, Teltow-Fläming (Kreis)', 'area': ['Deutschland', 'Brandenburg', 'Teltow-Fläming (Kreis)', 'Ludwigsfelde'], '__CLASS__': 'Adzuna::API::Response::Location'}",Praktikum Data Engineering / Data Science OSS (all genders),{'__CLASS__': 'Adzuna::API::Response::Company'},13.26016,,,,
"{'__CLASS__': 'Adzuna::API::Response::Category', 'label': 'Beraterstellen', 'tag': 'consultancy-jobs'}",5780523605,https://www.adzuna.de/details/5780523605?utm_medium=api&utm_source=a4bcf954,Adzuna::API::Response::Job,"CENIS ist seit über 40 Jahren ein erfahrener Partner für hochwertige Personaldienstleistungen und individuelle Karrierewege. Wir unterstützen Fach- und Führungskräfte dabei, den Job zu finden, der wirklich zu ihnen passt, mit fairen Konditionen und einem Mehrwert für alle beteiligten Parteien. Dank unseres starken Netzwerks vermitteln wir insbesondere qualifizierte Positionen im Engineering, in der IT sowie im kaufmännischen Umfeld – insbesondere in Branchen wie Luft- und Raumfahrt (Aviation), …",,eyJhbGciOiJIUzI1NiJ9.eyJpIjoiNTc4MDUyMzYwNSIsInMiOiJ5TlFUWnFSLThSR3ZmWnV1UGJaVnJnIn0.b_CdsuhEsLogy51e5ykGDnmcEeGPOLiT8Luk67YnLqc,2026-06-28T22:59:41Z,0,"{'area': ['Deutschland'], '__CLASS__': 'Adzuna::API::Response::Location', 'display_name': 'Deutschland'}",Projektmanager (m/w/d) Data Analytics / Data Science,"{'__CLASS__': 'Adzuna::API::Response::Company', 'display_name': 'CENIS Consulting-Engineering-Service'}",,,,,
"{'label': 'Unknown', '__CLASS__': 'Adzuna::API::Response::Category', 'tag': 'unknown'}",5742729471,https://www.adzuna.de/details/5742729471?utm_medium=api&utm_source=a4bcf954,Adzuna::API::Response::Job,"Wir suchen Verstärkung innerhalb unseres Teams Service Business Development. Du bringst bereits erste Erfahrung in den Bereichen wie z.B. Data Science, BWL oder VWL mit und hast Freude an Datenanalyse sowie Ableitung von Ergebnissen. Du arbeitest mit uns am Standort in Wallau oder von zu Hause aus. Responsibilities / Tasks Datenanalyse & Reporting Benchmarking von Marktpreisen und Wettbewerbsangeboten Trends, Ausreißer und Muster in großen Datensätzen erkennen und in prägnanten Reports oder Das…",,eyJhbGciOiJIUzI1NiJ9.eyJzIjoieU5RVFpxUi04Ukd2Zlp1dVBiWlZyZyIsImkiOiI1NzQyNzI5NDcxIn0.mqSBKVMXz4gojk4PylLou-qj0Ke96ke5nWn7gmasHsQ,2026-05-27T23:42:46Z,0,"{'area': ['Deutschland'], '__CLASS__': 'Adzuna::API::Response::Location', 'display_name': 'Deutschland'}",Werkstudent (m/w/d) - Data Analyst / Data Science,"{'display_name': 'GEA', '__CLASS__': 'Adzuna::API::Response::Company'}",,part_time,,,
"{'__CLASS__': 'Adzuna::API::Response::Category', 'label': 'IT-Stellen', 'tag': 'it-jobs'}",5767535821,https://www.adzuna.de/land/ad/5767535821?se=yNQTZqR-8RGvfZuuPbZVrg&utm_medium=api&utm_source=a4bcf954&v=69C6FC5A099119F8132D4D62DE20C396B93408CD,Adzuna::API::Response::Job,"SoftwareOne und Crayon haben sich zusammengeschlossen, um gemeinsam zu einem der weltweit führenden Anbieter für AI-gestützte Software- und Cloud-Lösungen zu werden. Mit mehr als 13.000 Mitarbeitenden in über 70 Ländern gestalten wir die technologische Zukunft unserer Kunden – innovativ, global vernetzt und mit klarer Vision. Bei uns stehen die Menschen im Mittelpunkt. Wir fördern mutige Ideen, echte Zusammenarbeit und kontinuierliches Wachstum – unterstützt durch exzellente Lern- und Entwicklu…",,eyJhbGciOiJIUzI1NiJ9.eyJpIjoiNTc2NzUzNTgyMSIsInMiOiJ5TlFUWnFSLThSR3ZmWnV1UGJaVnJnIn0.30E3zJQxNjlKidogZmK566EsCD8xRwu7rzMCBCUC03Q,2026-06-18T05:49:01Z,0,"{'__CLASS__': 'Adzuna::API::Response::Location', 'area': ['Deutschland'], 'display_name': 'Deutschland'}",Senior AI Advisory Architect (gn),"{'display_name': 'SoftwareOne Deutschland GmbH', '__CLASS__': 'Adzuna::API::Response::Company'}",,,,,
"{'tag': 'it-jobs', 'label': 'IT-Stellen', '__CLASS__': 'Adzuna::API::Response::Category'}",5784675291,https://www.adzuna.de/details/5784675291?utm_medium=api&utm_source=a4bcf954,Adzuna::API::Response::Job,"Wir sind über 13.000. An 20 Standorten weltweit. Jedes dritte Flugzeug fliegt mit unserer Technologie. Immer effizienter, leiser, nachhaltiger. Wir gestalten die Zukunft der Luftfahrt. Was wir noch brauchen? Dich. Unser Team in GER | München sucht Dich: Theoretisch gut und praktisch spitze - duale Studiengänge vereinen beide Seiten. Der Studiengang Data Science & KI bereitet Dich ganz gezielt auf eine spätere Tätigkeit in der Datenanalyse der MTU vor. Mit Deiner späteren Übernahmestelle, die in…",48.137418,eyJhbGciOiJIUzI1NiJ9.eyJpIjoiNTc4NDY3NTI5MSIsInMiOiJ5TlFUWnFSLThSR3ZmWnV1UGJaVnJnIn0.Ws9iOPgK1h0xCshEemAJ54___CnKknoFxdDOZST_r6o,2026-07-02T02:48:58Z,0,"{'display_name': 'München, München (Kreis)', '__CLASS__': 'Adzuna::API::Response::Location', 'area': ['Deutschland', 'Bayern', 'München (Kreis)', 'München']}",Duales Studium Data Science und Künstliche Intelligenz für den Start 2027,{'__CLASS__': 'Adzuna::API::Response::Company'},11.555737,,,,
"{'tag': 'graduate-jobs', 'label': 'Stellen für Hochschulabsolventen', '__CLASS__': 'Adzuna::API::Response::Category'}",5677782124,https://www.adzuna.de/details/5677782124?utm_medium=api&utm_source=a4bcf954,Adzuna::API::Response::Job,"Position Description: Duales Masterstudium Applied Data Science (m/f/d) Stellenbeschreibung Du willst Dich dem analytischen Umgang mit Daten stellen und hast dabei gleichzeitig „das große Ganze“ im Unternehmen im Blick? Künstliche Intelligenz, Data Mining, Predictive Analytics und Projektmanagement findest Du spannend? Kein Problem bei CGI! • Breite Karrieremöglichkeiten • Steile Lernkurve in kleinen Teams • Freistellungstage für Präsenzphasen und individuelles Lernen • Attraktives Gehalt sowie…",53.5504,eyJhbGciOiJIUzI1NiJ9.eyJzIjoieU5RVFpxUi04Ukd2Zlp1dVBiWlZyZyIsImkiOiI1Njc3NzgyMTI0In0.TjJHoZ90reB0PXCZkvXSV5-facIjFdRCKA3XneZQuf4,2026-03-25T06:58:05Z,0,"{'display_name': 'Hamburg-Altstadt, Hamburg', 'area': ['Deutschland', 'Hamburg', 'Hamburg-Altstadt'], '__CLASS__': 'Adzuna::API::Response::Location'}",Duales Masterstudium Applied Data Science (m/f/d),"{'__CLASS__': 'Adzuna::API::Response::Company', 'display_name': 'CGI'}",9.99417,,,,contract
