created,title,description,salary_is_predicted,longitude,category,latitude,redirect_url,location,id,__CLASS__,adref,company,contract_time,salary_max,salary_min,contract_type
2026-05-18T19:45:18Z,Duales Studium Wirtschaftsinformatik - Data Science 2027,"Eine gute Idee war der Ursprung, ein erfolgreiches Konzept ist das Ergebnis. Qualität zum guten Preis möglichst vielen Menschen anbieten zu können treibt uns an - mittlerweile weltweit, denn wir sind Lidl. Hier ist das berufliche Zuhause vielfältiger Talente. Ob im Einkauf, in der Logistik, im Warengeschäft oder in der IT; ob als Impulsgeber, Gestalter oder Dienstleister der Länder. Wir suchen Anpacker, Durchstarter, Möglichmacher und bieten spannende Aufgaben und Projekte in einem dynamischen …",0,9.2274,"{'__CLASS__': 'Adzuna::API::Response::Category', 'tag': 'unknown', 'label': 'Unknown'}",49.18975,https://www.adzuna.de/land/ad/5733288662?se=DFypJKeJ8RGy-dwpXG4wwQ&utm_medium=api&utm_source=a4bcf954&v=366DE9802B50CE4713055921F48A779825AE62E1,"{'display_name': 'Neckarsulm, Heilbronn (Kreis)', 'area': ['Deutschland', 'Baden-Württemberg', 'Heilbronn (Kreis)', 'Neckarsulm'], '__CLASS__': 'Adzuna::API::Response::Location'}",5733288662,Adzuna::API::Response::Job,eyJhbGciOiJIUzI1NiJ9.eyJzIjoiREZ5cEpLZUo4Ukd5LWR3cFhHNHd3USIsImkiOiI1NzMzMjg4NjYyIn0.taVhg7ZcVIuPkkayod1gTYbFXg14zStuMdqbWpfK7QI,"{'__CLASS__': 'Adzuna::API::Response::Company', 'display_name': 'Lidl Stiftung & Co. KG'}",,,,
2026-07-20T15:32:54Z,DHBW Studium - Data Science und Künstliche Intelligenz (B.Sc.),Die Liebherr-Werk Ehingen GmbH zählt zu den weltweit führenden Herstellern von Fahrzeugkranen. Das Programm umfasst Teleskop- und Gittermastkrane auf Mobil- und Raupenfahrwerken. Seit der Gründung wurde die Produktionsstätte und ihre Kapazität kontinuierlich erweitert. Heute werden täglich sechs Fahrzeugkrane aus Ehingen in die ganze Welt geliefert. DHBW Studium - Data Science und Künstliche Intelligenz (B.Sc.) Job-ID 83588 Aufgaben Mitarbeit an innovativen Projekten im Bereich Data Science und…,0,10.53811,"{'__CLASS__': 'Adzuna::API::Response::Category', 'tag': 'unknown', 'label': 'Unknown'}",49.08598,https://www.adzuna.de/land/ad/5808151947?se=DFypJKeJ8RGy-dwpXG4wwQ&utm_medium=api&utm_source=a4bcf954&v=79FB669341B0957C8EB9F12E17B3015DE4F4E158,"{'__CLASS__': 'Adzuna::API::Response::Location', 'area': ['Deutschland', 'Bayern', 'Ansbach (Kreis)', 'Ehingen'], 'display_name': 'Ehingen, Ansbach (Kreis)'}",5808151947,Adzuna::API::Response::Job,eyJhbGciOiJIUzI1NiJ9.eyJzIjoiREZ5cEpLZUo4Ukd5LWR3cFhHNHd3USIsImkiOiI1ODA4MTUxOTQ3In0.8Py3dUne3Djd3kbpyDLrzx2cwvP3yR5DNyRQGIaV3z4,"{'display_name': 'Liebherr-Werk Ehingen GmbH', '__CLASS__': 'Adzuna::API::Response::Company'}",,,,
2026-05-19T13:53:54Z,Duales Studium Data Science und KI - Smart Operations Management 2027,"Eine gute Idee war der Ursprung, ein erfolgreiches Konzept ist das Ergebnis. Qualität zum guten Preis möglichst vielen Menschen anbieten zu können treibt uns an - mittlerweile weltweit, denn wir sind Lidl. Hier ist das berufliche Zuhause vielfältiger Talente. Ob im Einkauf, in der Logistik, im Warengeschäft oder in der IT; ob als Impulsgeber, Gestalter oder Dienstleister der Länder. Wir suchen Anpacker, Durchstarter, Möglichmacher und bieten spannende Aufgaben und Projekte in einem dynamischen …",0,9.2274,"{'label': 'Unknown', 'tag': 'unknown', '__CLASS__': 'Adzuna::API::Response::Category'}",49.18975,https://www.adzuna.de/land/ad/5733974483?se=DFypJKeJ8RGy-dwpXG4wwQ&utm_medium=api&utm_source=a4bcf954&v=C44063A8613D3152F32376D2CD101CAF5781FF26,"{'display_name': 'Neckarsulm, Heilbronn (Kreis)', 'area': ['Deutschland', 'Baden-Württemberg', 'Heilbronn (Kreis)', 'Neckarsulm'], '__CLASS__': 'Adzuna::API::Response::Location'}",5733974483,Adzuna::API::Response::Job,eyJhbGciOiJIUzI1NiJ9.eyJzIjoiREZ5cEpLZUo4Ukd5LWR3cFhHNHd3USIsImkiOiI1NzMzOTc0NDgzIn0.wQ8muDEsPxutAhom76K-pEsD2mh5wgee8jyWiyrvmR8,"{'display_name': 'Lidl Stiftung & Co. KG', '__CLASS__': 'Adzuna::API::Response::Company'}",,,,
2026-07-18T13:42:25Z,Masterarbeit im Bereich Data Science / Machine Learning im Spritzguss (w/m/d),"„We will wow your world!” Das ist unser Versprechen, wenn es um Arbeiten bei Freudenberg geht. Als globaler Technologiekonzern machen wir die Welt nicht nur sauberer, gesünder und komfortabler, sondern bieten unseren 52.000 Mitarbeitenden auch ein vernetztes und vielfältiges Arbeitsumfeld, in dem sich alle individuell entfalten können. Lassen Sie sich überraschen und erleben Sie Ihre eigenen „Wow”-Momente. Gemeinsam mit Partnern, Kunden und der Wissenschaft entwickeln wir technisch führende Pro…",0,8.66573,"{'__CLASS__': 'Adzuna::API::Response::Category', 'tag': 'unknown', 'label': 'Unknown'}",49.55214,https://www.adzuna.de/land/ad/5806120186?se=DFypJKeJ8RGy-dwpXG4wwQ&utm_medium=api&utm_source=a4bcf954&v=B79B811F508D75DABDB866F43748B056D706395F,"{'__CLASS__': 'Adzuna::API::Response::Location', 'display_name': 'Weinheim, Rhein-Neckar-Kreis', 'area': ['Deutschland', 'Baden-Württemberg', 'Rhein-Neckar-Kreis', 'Weinheim']}",5806120186,Adzuna::API::Response::Job,eyJhbGciOiJIUzI1NiJ9.eyJzIjoiREZ5cEpLZUo4Ukd5LWR3cFhHNHd3USIsImkiOiI1ODA2MTIwMTg2In0.JL2RoD77lgk1aT8sI75V0gVj_TukgSCL_X44MGUPgas,"{'display_name': 'Freudenberg Technology Innovation SE & Co. KG', '__CLASS__': 'Adzuna::API::Response::Company'}",,,,
2026-07-02T19:37:57Z,Duales Studium Data Science und Künstliche Intelligenz 2027 (m/w/d),"Als weltweit agierendes Unternehmen benötigen wir eine IT-Landschaft, die jederzeit reibungslos funktioniert, sich stets auf dem neuesten Stand der Technik befindet und sich an den Bedürfnissen unserer Kunden innerhalb der Unternehmen der Schwarz Gruppe orientiert. An der Schnittstelle zwischen Daten und IT erarbeiten wir tragfähige Lösungen, die maßgeblich und sichtbar zu unserem Erfolg beitragen. {Studienbeginn:} 01.09.2027 mit dem Begrüßungsmonat {Studiendauer:} 3 Jahre {Studiendauer:} 01.10…",0,9.21629,"{'__CLASS__': 'Adzuna::API::Response::Category', 'label': 'Unknown', 'tag': 'unknown'}",49.2291,https://www.adzuna.de/land/ad/5785691597?se=DFypJKeJ8RGy-dwpXG4wwQ&utm_medium=api&utm_source=a4bcf954&v=E7E6105B8657F51A8D4062F37021188A09433F72,"{'__CLASS__': 'Adzuna::API::Response::Location', 'display_name': 'Bad Friedrichshall, Heilbronn (Kreis)', 'area': ['Deutschland', 'Baden-Württemberg', 'Heilbronn (Kreis)', 'Bad Friedrichshall']}",5785691597,Adzuna::API::Response::Job,eyJhbGciOiJIUzI1NiJ9.eyJpIjoiNTc4NTY5MTU5NyIsInMiOiJERnlwSktlSjhSR3ktZHdwWEc0d3dRIn0.3LfA_9xw1EIW9EUwjk5ioqc50thrqBSIw4emMoEV77U,"{'__CLASS__': 'Adzuna::API::Response::Company', 'display_name': 'Schwarz Digits'}",,,,
2026-07-26T11:33:30Z,Duales Studium (DHBW) - Data Science und künstliche Intelligenz (d/m/w) 2027,"Du bist technikbegeistert und voller Ideen, mit denen Du die Welt bewegen willst? Dann ist eine Ausbildung oder ein duales Studium bei Schaeffler genau das Richtige für Dich. Ohne unsere Produkte könnten Autos nicht fahren, Maschinen nicht laufen und Flugzeuge nicht fliegen. Als führender Anbieter von Wälzlagern für sämtliche Industrien und wichtiger Partner im internationalen Automobilbau bietet Dir Schaeffler ein hervorragendes Umfeld für Deinen Start in die Berufswelt. Aufgaben Im Überblick …",0,10.88109,"{'label': 'Unknown', 'tag': 'unknown', '__CLASS__': 'Adzuna::API::Response::Category'}",49.56892,https://www.adzuna.de/land/ad/5816396546?se=DFypJKeJ8RGy-dwpXG4wwQ&utm_medium=api&utm_source=a4bcf954&v=D30BC49D4823562419822DFB62EC6EAEBD51C436,"{'__CLASS__': 'Adzuna::API::Response::Location', 'display_name': 'Herzogenaurach, Erlangen-Höchstadt (Kreis)', 'area': ['Deutschland', 'Bayern', 'Erlangen-Höchstadt (Kreis)', 'Herzogenaurach']}",5816396546,Adzuna::API::Response::Job,eyJhbGciOiJIUzI1NiJ9.eyJpIjoiNTgxNjM5NjU0NiIsInMiOiJERnlwSktlSjhSR3ktZHdwWEc0d3dRIn0.33plXP2EnfZcTdnX5xUK2El_hPGl0L3c8MPc_nM0Ug0,"{'display_name': 'Schaeffler Technologies AG & Co. KG', '__CLASS__': 'Adzuna::API::Response::Company'}",,,,
2026-07-07T15:13:53Z,"Duales Studium – Data Science und Künstliche Intelligenz (m/w/x), Beginn Herbst 2027","Sich etwas Neues trauen, über sich hinauswachsen und dabei die Grenzen des Machbaren neu definieren. Genau das ist es, was unsere Mitarbeitenden täglich leben dürfen und sollen. Um mit unseren Innovationen ein Zeichen zu setzen und Großartiges zu ermöglichen. Denn hinter jedem erfolgreichen Unternehmen stehen eine ganze Menge faszinierende Menschen. In einem offenen und modernen Umfeld mit zahlreichen Entwicklungs- und Weiterbildungsmöglichkeiten, arbeiten die Mitarbeitenden bei ZEISS in einer …",0,10.10558,"{'__CLASS__': 'Adzuna::API::Response::Category', 'label': 'Unknown', 'tag': 'unknown'}",48.78408,https://www.adzuna.de/land/ad/5790982354?se=DFypJKeJ8RGy-dwpXG4wwQ&utm_medium=api&utm_source=a4bcf954&v=67FF04F7F2EE835A97EC22B52DAB8E0ADBC19DFF,"{'display_name': 'Oberkochen, Ostalbkreis', 'area': ['Deutschland', 'Baden-Württemberg', 'Ostalbkreis', 'Oberkochen'], '__CLASS__': 'Adzuna::API::Response::Location'}",5790982354,Adzuna::API::Response::Job,eyJhbGciOiJIUzI1NiJ9.eyJzIjoiREZ5cEpLZUo4Ukd5LWR3cFhHNHd3USIsImkiOiI1NzkwOTgyMzU0In0.zgl-zKMg6uihDHOYnu-L8SNcZAHk74ajiqpTVA5tvkU,"{'display_name': 'ZEISS', '__CLASS__': 'Adzuna::API::Response::Company'}",,,,
2026-07-03T16:50:57Z,"Duales Studium: ""Data Science & künstliche Intelligenz"" (w/m/d), Ulm, Start 2027","HENSOLDT ist ein führendes Unternehmen der europäischen Verteidigungsindustrie mit globaler Reichweite. Das Unternehmen mit Sitz in Taufkirchen bei München entwickelt Sensor-Komplettlösungen für Verteidigungs- und Sicherheitsanwendungen. Als Technologieführer treibt HENSOLDT die Entwicklung der Verteidigungselektronik und Optronik voran und baut sein Portfolio auf der Grundlage innovativer Ansätze für Datenmanagement, Robotik und Cybersicherheit kontinuierlich aus. Unsere Produkte sind einsetzb…",0,9.856945,"{'label': 'Unknown', 'tag': 'unknown', '__CLASS__': 'Adzuna::API::Response::Category'}",48.383137,https://www.adzuna.de/land/ad/5786942953?se=DFypJKeJ8RGy-dwpXG4wwQ&utm_medium=api&utm_source=a4bcf954&v=00666AD07F83A2F025A13851A4AD8EC6B56AE2A4,"{'__CLASS__': 'Adzuna::API::Response::Location', 'display_name': 'Ulm, Baden-Württemberg', 'area': ['Deutschland', 'Baden-Württemberg', 'Ulm']}",5786942953,Adzuna::API::Response::Job,eyJhbGciOiJIUzI1NiJ9.eyJzIjoiREZ5cEpLZUo4Ukd5LWR3cFhHNHd3USIsImkiOiI1Nzg2OTQyOTUzIn0.f42YKaUPNtM2a4QlR2NCIsowOxjveVtFydWVDZHjvTQ,"{'display_name': 'HENSOLDT', '__CLASS__': 'Adzuna::API::Response::Company'}",,,,
2026-07-21T19:12:48Z,Werksstudent*in Data Science - Emissionsdaten,"Life is always about becoming… Im Leben geht es darum, sich auf eine Reise zu begeben, um die beste Version unseres zukünftigen Selbst zu werden. Während wir Neues entdecken, stellen wir uns Herausforderungen, meistern sie und wachsen über uns hinaus. Bewerben Sie sich bei Mercedes-Benz und finden Sie den Aufgabenbereich, in dem Sie Ihre Talente individuell entfalten können. Dabei werden Sie von visionären Kolleginnen und Kollegen unterstützt, die Ihren Pioniergeist teilen. Bei uns einzusteigen…",0,9.026231,"{'label': 'Sonstige/Allgemeine Stellen', 'tag': 'other-general-jobs', '__CLASS__': 'Adzuna::API::Response::Category'}",48.720071,https://www.adzuna.de/land/ad/5809583437?se=DFypJKeJ8RGy-dwpXG4wwQ&utm_medium=api&utm_source=a4bcf954&v=1D10AA0B139CDA31651D0D61ECB9D53BE9775575,"{'__CLASS__': 'Adzuna::API::Response::Location', 'area': ['Deutschland', 'Baden-Württemberg', 'Böblingen (Kreis)', 'Sindelfingen'], 'display_name': 'Sindelfingen, Böblingen (Kreis)'}",5809583437,Adzuna::API::Response::Job,eyJhbGciOiJIUzI1NiJ9.eyJzIjoiREZ5cEpLZUo4Ukd5LWR3cFhHNHd3USIsImkiOiI1ODA5NTgzNDM3In0.V3X7Z5xUjLmiQzu0dQfWBhCK-gx2HoANVMHWSlrCkog,"{'display_name': 'Mercedes-Benz AG', '__CLASS__': 'Adzuna::API::Response::Company'}",,,,
2026-07-24T21:41:05Z,Duales Studium Data Science & Künstliche Intelligenz B.Sc.,Wir sind der Digitalisierungspartner in der genossenschaftlichen FinanzGruppe und vereinen jahrzehntelanges Expertenwissen in Banking und Informationstechnologie. Die speziell auf Banken zugeschnittenen IT-Lösungen und Leistungen reichen vom Rechenzentrumsbetrieb über das Bankverfahren von Atruvia bis hin zur App-Entwicklung. Dabei nutzen wir zukunftsweisende Technologien wie Smart Data und schreiben Prozessoptimierung und Regulatorik groß. Gestalte die Zukunft mit KI – Starte dein Duales Studi…,0,8.412378,"{'__CLASS__': 'Adzuna::API::Response::Category', 'label': 'Unknown', 'tag': 'unknown'}",49.001249,https://www.adzuna.de/land/ad/5814248930?se=DFypJKeJ8RGy-dwpXG4wwQ&utm_medium=api&utm_source=a4bcf954&v=E01D58E53D23F65C70C83406928E6A0E117A74CA,"{'__CLASS__': 'Adzuna::API::Response::Location', 'display_name': 'Karlsruhe, Karlsruhe (Kreis)', 'area': ['Deutschland', 'Baden-Württemberg', 'Karlsruhe (Kreis)', 'Karlsruhe']}",5814248930,Adzuna::API::Response::Job,eyJhbGciOiJIUzI1NiJ9.eyJzIjoiREZ5cEpLZUo4Ukd5LWR3cFhHNHd3USIsImkiOiI1ODE0MjQ4OTMwIn0.20kfdl2q75M9AAlgXjDj2Q6b5N4SuFXG4mmX3Ekj32M,"{'__CLASS__': 'Adzuna::API::Response::Company', 'display_name': 'Atruvia AG'}",,,,
2026-07-22T09:38:24Z,Duales Studium Softwaretechnologie - Data Science 2027 (m/w/d),"Die Isabellenhütte ist ein international agierendes, familiengeführtes Unternehmen mit einer einzigartigen Fertigungstiefe. Wir vereinen unsere Tradition mit dem unbedingten Willen, Zukunftsmärkte aktiv mitzugestalten. Dies macht uns zu einem 500 Jahre jungen Start Up. Bei uns ist jeder im Team willkommen, der die Leidenschaft für zukunftsweisende Technologien mit uns teilt. Wir sind nicht nur in fast jedem Fahrzeug weltweit vertreten, sondern unsere Produkte finden sich auch in der Luft- und R…",0,8.28354,"{'label': 'Unknown', 'tag': 'unknown', '__CLASS__': 'Adzuna::API::Response::Category'}",50.74053,https://www.adzuna.de/land/ad/5810491896?se=DFypJKeJ8RGy-dwpXG4wwQ&utm_medium=api&utm_source=a4bcf954&v=6658FF035E35B30810AC9A2B747769A97E748490,"{'__CLASS__': 'Adzuna::API::Response::Location', 'area': ['Deutschland', 'Hessen', 'Lahn-Dill-Kreis', 'Dillenburg'], 'display_name': 'Dillenburg, Lahn-Dill-Kreis'}",5810491896,Adzuna::API::Response::Job,eyJhbGciOiJIUzI1NiJ9.eyJpIjoiNTgxMDQ5MTg5NiIsInMiOiJERnlwSktlSjhSR3ktZHdwWEc0d3dRIn0.KH2lCi2ReS0mum_lrVkJFJ6WsNyR6KwRZUJCKea4vpA,"{'__CLASS__': 'Adzuna::API::Response::Company', 'display_name': 'Isabellenhütte Heusler GmbH & Co. KG'}",,,,
2026-07-08T16:09:55Z,Duales Studium: Wirtschaftsinformatik - Data Science (m/w/d) 2027,"Jedes Werkzeug kann immer nur so gut sein wie der Mensch, der dahintersteckt. Deshalb suchen wir bei der Festool Group Mitarbeitende, die gemeinsam mit ihren 3.000 Kolleginnen und Kollegen weltweit etwas bewegen wollen. Tauche ein in unsere Welt - und erlebe, wie stolz es macht, in einem Familienunternehmen die besten Elektrowerkzeuge der Welt zu bauen. Aufgaben Technik und Wirtschaft gehören für dich zusammen? Du begeisterst dich für Informationstechnologien ebenso wie für ökonomische Zusammen…",0,9.37738,"{'label': 'Unknown', 'tag': 'unknown', '__CLASS__': 'Adzuna::API::Response::Category'}",48.67129,https://www.adzuna.de/land/ad/5792481816?se=DFypJKeJ8RGy-dwpXG4wwQ&utm_medium=api&utm_source=a4bcf954&v=278C91193B15360D188A2B5752D8D91BC87B4FE5,"{'area': ['Deutschland', 'Baden-Württemberg', 'Esslingen (Kreis)', 'Wendlingen am Neckar'], 'display_name': 'Wendlingen am Neckar, Esslingen (Kreis)', '__CLASS__': 'Adzuna::API::Response::Location'}",5792481816,Adzuna::API::Response::Job,eyJhbGciOiJIUzI1NiJ9.eyJpIjoiNTc5MjQ4MTgxNiIsInMiOiJERnlwSktlSjhSR3ktZHdwWEc0d3dRIn0.OUNkVWk0lNr47_gkGgzTMPAJzE3btWCLG8UPRapcMn0,"{'display_name': 'Festool Group', '__CLASS__': 'Adzuna::API::Response::Company'}",,,,
2026-07-22T15:36:09Z,Spezialist für Steuerungs- und Controllingsysteme - Schwerpunkt Data Science (w/m/d),"Hallo, lass uns WIR sagen! Wir - die HUK-COBURG Versicherungsgruppe - zählen zu den 10 größten in Deutschland. Vor über 90 Jahren gegründet sind wir mit über 13 Millionen Kund:innen heute der große Versicherer für Privathaushalte und der größte deutsche Autoversicherer. Dass wir oft preisgünstiger sind als andere Versicherungen, hat bei uns schon Tradition. Genau wie unser Ruf als Arbeitgeberin, mit der DU wachsen und deine persönlichen Ziele erreichen kannst. Bei uns kannst du eine spannende K…",0,10.96603,"{'__CLASS__': 'Adzuna::API::Response::Category', 'tag': 'unknown', 'label': 'Unknown'}",50.25777,https://www.adzuna.de/land/ad/5810902614?se=DFypJKeJ8RGy-dwpXG4wwQ&utm_medium=api&utm_source=a4bcf954&v=A63038A3CCCC8211387530120DBD9E92F690B5E7,"{'__CLASS__': 'Adzuna::API::Response::Location', 'area': ['Deutschland', 'Bayern', 'Coburg (Kreis)', 'Coburg'], 'display_name': 'Coburg, Coburg (Kreis)'}",5810902614,Adzuna::API::Response::Job,eyJhbGciOiJIUzI1NiJ9.eyJpIjoiNTgxMDkwMjYxNCIsInMiOiJERnlwSktlSjhSR3ktZHdwWEc0d3dRIn0.Ztv5YVw-WAXAOX2FB9HwBshNzHkAqZgzjjjAPMPU8tw,"{'display_name': 'HUK-COBURG Versicherungsgruppe', '__CLASS__': 'Adzuna::API::Response::Company'}",,,,
2026-05-22T19:45:33Z,Data Science Team Leader,"Ready for a challenge? That’s good, because at Just Eat Takeaway.com (JET) we have abundant opportunity, or, as we say, everything is on the table. We are a leading global online food delivery marketplace. Our tech ecosystem connects millions of active customers with hundreds of thousands of connected partners in countries across the globe. Our mission? To empower every food moment around the world, whether it’s through customer service, coding or couriers. About this role As the Senior Team Le…",0,13.20942,"{'__CLASS__': 'Adzuna::API::Response::Category', 'label': 'IT-Stellen', 'tag': 'it-jobs'}",52.63864,https://www.adzuna.de/land/ad/5737802892?se=DFypJKeJ8RGy-dwpXG4wwQ&utm_medium=api&utm_source=a4bcf954&v=989E3C32315518121034C3569565D8605DB07B1F,"{'__CLASS__': 'Adzuna::API::Response::Location', 'display_name': 'Hennigsdorf, Oberhavel (Kreis)', 'area': ['Deutschland', 'Brandenburg', 'Oberhavel (Kreis)', 'Hennigsdorf']}",5737802892,Adzuna::API::Response::Job,eyJhbGciOiJIUzI1NiJ9.eyJzIjoiREZ5cEpLZUo4Ukd5LWR3cFhHNHd3USIsImkiOiI1NzM3ODAyODkyIn0.wI-94ntmPEJ01ZrwFjgG8jcn4xg4h-62t8QspC7mmkQ,"{'__CLASS__': 'Adzuna::API::Response::Company', 'display_name': 'Lieferando'}",,,,
2026-05-22T19:45:33Z,Data Science Team Leader,"Ready for a challenge? That’s good, because at Just Eat Takeaway.com (JET) we have abundant opportunity, or, as we say, everything is on the table. We are a leading global online food delivery marketplace. Our tech ecosystem connects millions of active customers with hundreds of thousands of connected partners in countries across the globe. Our mission? To empower every food moment around the world, whether it’s through customer service, coding or couriers. About this role As the Senior Team Le…",0,13.396,"{'label': 'IT-Stellen', 'tag': 'it-jobs', '__CLASS__': 'Adzuna::API::Response::Category'}",52.4984,https://www.adzuna.de/land/ad/5737802896?se=DFypJKeJ8RGy-dwpXG4wwQ&utm_medium=api&utm_source=a4bcf954&v=2E8EAD72D4DD1ADC2FEE9DC31D55C0F547A628C8,"{'display_name': 'Kreuzberg, Berlin', 'area': ['Deutschland', 'Berlin', 'Kreuzberg'], '__CLASS__': 'Adzuna::API::Response::Location'}",5737802896,Adzuna::API::Response::Job,eyJhbGciOiJIUzI1NiJ9.eyJpIjoiNTczNzgwMjg5NiIsInMiOiJERnlwSktlSjhSR3ktZHdwWEc0d3dRIn0.o_qLwmB33Nfcu08uQZFbOuXPs7GFTpOW5EvH1orWMmM,"{'__CLASS__': 'Adzuna::API::Response::Company', 'display_name': 'Lieferando'}",,,,
2026-05-22T19:45:33Z,Data Science Team Leader,"Ready for a challenge? That’s good, because at Just Eat Takeaway.com (JET) we have abundant opportunity, or, as we say, everything is on the table. We are a leading global online food delivery marketplace. Our tech ecosystem connects millions of active customers with hundreds of thousands of connected partners in countries across the globe. Our mission? To empower every food moment around the world, whether it’s through customer service, coding or couriers. About this role As the Senior Team Le…",0,13.17251,"{'tag': 'it-jobs', 'label': 'IT-Stellen', '__CLASS__': 'Adzuna::API::Response::Category'}",52.67995,https://www.adzuna.de/land/ad/5737802895?se=DFypJKeJ8RGy-dwpXG4wwQ&utm_medium=api&utm_source=a4bcf954&v=D4A5A560793C237EA3678872B7E6FA76808143F3,"{'__CLASS__': 'Adzuna::API::Response::Location', 'display_name': 'Velten, Oberhavel (Kreis)', 'area': ['Deutschland', 'Brandenburg', 'Oberhavel (Kreis)', 'Velten']}",5737802895,Adzuna::API::Response::Job,eyJhbGciOiJIUzI1NiJ9.eyJpIjoiNTczNzgwMjg5NSIsInMiOiJERnlwSktlSjhSR3ktZHdwWEc0d3dRIn0.puHQuHNB5Vq1S8ubV-1mqY9hijoHj5TFkeugDkoKGCM,"{'display_name': 'Lieferando', '__CLASS__': 'Adzuna::API::Response::Company'}",,,,
2026-05-22T19:45:33Z,Data Science Team Leader,"Ready for a challenge? That’s good, because at Just Eat Takeaway.com (JET) we have abundant opportunity, or, as we say, everything is on the table. We are a leading global online food delivery marketplace. Our tech ecosystem connects millions of active customers with hundreds of thousands of connected partners in countries across the globe. Our mission? To empower every food moment around the world, whether it’s through customer service, coding or couriers. About this role As the Senior Team Le…",0,13.07075,"{'tag': 'it-jobs', 'label': 'IT-Stellen', '__CLASS__': 'Adzuna::API::Response::Category'}",52.403,https://www.adzuna.de/land/ad/5737802880?se=DFypJKeJ8RGy-dwpXG4wwQ&utm_medium=api&utm_source=a4bcf954&v=EE0DB1D8B5DB2EA08D386BCFCCA9CB1ED5F4E5E3,"{'__CLASS__': 'Adzuna::API::Response::Location', 'area': ['Deutschland', 'Brandenburg', 'Potsdam', 'Berliner Vorstadt'], 'display_name': 'Berliner Vorstadt, Potsdam'}",5737802880,Adzuna::API::Response::Job,eyJhbGciOiJIUzI1NiJ9.eyJzIjoiREZ5cEpLZUo4Ukd5LWR3cFhHNHd3USIsImkiOiI1NzM3ODAyODgwIn0.ylJ3lz5gyFVQeXMo1e6Rm-jWC0pFEa_TM9wVCPHOvOc,"{'display_name': 'Lieferando', '__CLASS__': 'Adzuna::API::Response::Company'}",,,,
2026-05-22T19:45:34Z,Data Science Team Leader,"Ready for a challenge? That’s good, because at Just Eat Takeaway.com (JET) we have abundant opportunity, or, as we say, everything is on the table. We are a leading global online food delivery marketplace. Our tech ecosystem connects millions of active customers with hundreds of thousands of connected partners in countries across the globe. Our mission? To empower every food moment around the world, whether it’s through customer service, coding or couriers. About this role As the Senior Team Le…",0,13.5066,"{'__CLASS__': 'Adzuna::API::Response::Category', 'label': 'IT-Stellen', 'tag': 'it-jobs'}",52.3876,https://www.adzuna.de/land/ad/5737802906?se=DFypJKeJ8RGy-dwpXG4wwQ&utm_medium=api&utm_source=a4bcf954&v=850844A0BB37AF7A1BBF6CB322C447CBE414737D,"{'__CLASS__': 'Adzuna::API::Response::Location', 'display_name': 'Siedl. An der Rudower Höhe, Berlin', 'area': ['Deutschland', 'Berlin', 'Siedl. An der Rudower Höhe']}",5737802906,Adzuna::API::Response::Job,eyJhbGciOiJIUzI1NiJ9.eyJpIjoiNTczNzgwMjkwNiIsInMiOiJERnlwSktlSjhSR3ktZHdwWEc0d3dRIn0.IXty64iY9i7nQ4SgO-RQAJszt-eqBh-4KwErJF1t4xE,"{'__CLASS__': 'Adzuna::API::Response::Company', 'display_name': 'Lieferando'}",,,,
2026-05-22T19:45:33Z,Data Science Team Leader,"Ready for a challenge? That’s good, because at Just Eat Takeaway.com (JET) we have abundant opportunity, or, as we say, everything is on the table. We are a leading global online food delivery marketplace. Our tech ecosystem connects millions of active customers with hundreds of thousands of connected partners in countries across the globe. Our mission? To empower every food moment around the world, whether it’s through customer service, coding or couriers. About this role As the Senior Team Le…",0,13.24101,"{'__CLASS__': 'Adzuna::API::Response::Category', 'label': 'IT-Stellen', 'tag': 'it-jobs'}",52.75561,https://www.adzuna.de/land/ad/5737802884?se=DFypJKeJ8RGy-dwpXG4wwQ&utm_medium=api&utm_source=a4bcf954&v=5FF1D445E5731059619B9BE2A538268E4A4D898C,"{'__CLASS__': 'Adzuna::API::Response::Location', 'display_name': 'Oranienburg, Oberhavel (Kreis)', 'area': ['Deutschland', 'Brandenburg', 'Oberhavel (Kreis)', 'Oranienburg']}",5737802884,Adzuna::API::Response::Job,eyJhbGciOiJIUzI1NiJ9.eyJpIjoiNTczNzgwMjg4NCIsInMiOiJERnlwSktlSjhSR3ktZHdwWEc0d3dRIn0.2-Fwoq75TnZ6kuX5ZcQhgigOv_EYDdU-608s-VBpRPo,"{'__CLASS__': 'Adzuna::API::Response::Company', 'display_name': 'Lieferando'}",,,,
2026-05-22T19:45:34Z,Data Science Team Leader,"Ready for a challenge? That’s good, because at Just Eat Takeaway.com (JET) we have abundant opportunity, or, as we say, everything is on the table. We are a leading global online food delivery marketplace. Our tech ecosystem connects millions of active customers with hundreds of thousands of connected partners in countries across the globe. Our mission? To empower every food moment around the world, whether it’s through customer service, coding or couriers. About this role As the Senior Team Le…",0,13.26532,"{'__CLASS__': 'Adzuna::API::Response::Category', 'label': 'IT-Stellen', 'tag': 'it-jobs'}",52.40101,https://www.adzuna.de/land/ad/5737802900?se=DFypJKeJ8RGy-dwpXG4wwQ&utm_medium=api&utm_source=a4bcf954&v=8A01682B4A6129D3517BADD9E9626DFA7514FB12,"{'__CLASS__': 'Adzuna::API::Response::Location', 'display_name': 'Teltow, Potsdam-Mittelmark (Kreis)', 'area': ['Deutschland', 'Brandenburg', 'Potsdam-Mittelmark (Kreis)', 'Teltow']}",5737802900,Adzuna::API::Response::Job,eyJhbGciOiJIUzI1NiJ9.eyJpIjoiNTczNzgwMjkwMCIsInMiOiJERnlwSktlSjhSR3ktZHdwWEc0d3dRIn0.KDwws9FPigqSbbLcZiKtwiZ93YA791U42CJWYVB4Qmo,"{'display_name': 'Lieferando', '__CLASS__': 'Adzuna::API::Response::Company'}",,,,
2026-05-22T19:45:33Z,Data Science Team Leader,"Ready for a challenge? That’s good, because at Just Eat Takeaway.com (JET) we have abundant opportunity, or, as we say, everything is on the table. We are a leading global online food delivery marketplace. Our tech ecosystem connects millions of active customers with hundreds of thousands of connected partners in countries across the globe. Our mission? To empower every food moment around the world, whether it’s through customer service, coding or couriers. About this role As the Senior Team Le…",0,13.62781,"{'__CLASS__': 'Adzuna::API::Response::Category', 'label': 'IT-Stellen', 'tag': 'it-jobs'}",52.29892,https://www.adzuna.de/land/ad/5737802889?se=DFypJKeJ8RGy-dwpXG4wwQ&utm_medium=api&utm_source=a4bcf954&v=6E2C6774215F792130598211D7BD18FD9304D07F,"{'area': ['Deutschland', 'Brandenburg', 'Dahme-Spreewald (Kreis)', 'Königs Wusterhausen', 'Zeesen'], 'display_name': 'Zeesen, Königs Wusterhausen', '__CLASS__': 'Adzuna::API::Response::Location'}",5737802889,Adzuna::API::Response::Job,eyJhbGciOiJIUzI1NiJ9.eyJzIjoiREZ5cEpLZUo4Ukd5LWR3cFhHNHd3USIsImkiOiI1NzM3ODAyODg5In0.TtQZgkAVJdydxfs66CZCETBYjADVA-3zW7kHXJry5Ao,"{'display_name': 'Lieferando', '__CLASS__': 'Adzuna::API::Response::Company'}",,,,
2026-05-22T19:45:33Z,Data Science Team Leader,"Ready for a challenge? That’s good, because at Just Eat Takeaway.com (JET) we have abundant opportunity, or, as we say, everything is on the table. We are a leading global online food delivery marketplace. Our tech ecosystem connects millions of active customers with hundreds of thousands of connected partners in countries across the globe. Our mission? To empower every food moment around the world, whether it’s through customer service, coding or couriers. About this role As the Senior Team Le…",0,12.87537,"{'label': 'IT-Stellen', 'tag': 'it-jobs', '__CLASS__': 'Adzuna::API::Response::Category'}",52.60665,https://www.adzuna.de/land/ad/5737802886?se=DFypJKeJ8RGy-dwpXG4wwQ&utm_medium=api&utm_source=a4bcf954&v=01F1AD0421809F7A0D3B04BCCFD5B194C01123B0,"{'__CLASS__': 'Adzuna::API::Response::Location', 'area': ['Deutschland', 'Brandenburg', 'Havelland (Kreis)', 'Nauen'], 'display_name': 'Nauen, Havelland (Kreis)'}",5737802886,Adzuna::API::Response::Job,eyJhbGciOiJIUzI1NiJ9.eyJzIjoiREZ5cEpLZUo4Ukd5LWR3cFhHNHd3USIsImkiOiI1NzM3ODAyODg2In0.zl62_la6F5FdoLk82Mpf5mGlHt7hkPsZH-3VTveBnYk,"{'display_name': 'Lieferando', '__CLASS__': 'Adzuna::API::Response::Company'}",,,,
2026-05-22T19:45:33Z,Data Science Team Leader,"Ready for a challenge? That’s good, because at Just Eat Takeaway.com (JET) we have abundant opportunity, or, as we say, everything is on the table. We are a leading global online food delivery marketplace. Our tech ecosystem connects millions of active customers with hundreds of thousands of connected partners in countries across the globe. Our mission? To empower every food moment around the world, whether it’s through customer service, coding or couriers. About this role As the Senior Team Le…",0,13.88155,"{'__CLASS__': 'Adzuna::API::Response::Category', 'label': 'IT-Stellen', 'tag': 'it-jobs'}",52.58045,https://www.adzuna.de/land/ad/5737802885?se=DFypJKeJ8RGy-dwpXG4wwQ&utm_medium=api&utm_source=a4bcf954&v=8C21934D266EE03340C4F003323BCB743D3770FE,"{'__CLASS__': 'Adzuna::API::Response::Location', 'display_name': 'Strausberg, Märkisch-Oderland (Kreis)', 'area': ['Deutschland', 'Brandenburg', 'Märkisch-Oderland (Kreis)', 'Strausberg']}",5737802885,Adzuna::API::Response::Job,eyJhbGciOiJIUzI1NiJ9.eyJzIjoiREZ5cEpLZUo4Ukd5LWR3cFhHNHd3USIsImkiOiI1NzM3ODAyODg1In0.XR3W0sPE5X-4BhNVhSRxakF6w8dxtkS7s81-YPVDlKg,"{'__CLASS__': 'Adzuna::API::Response::Company', 'display_name': 'Lieferando'}",,,,
2026-06-30T22:28:57Z,Abschlussarbeit Data Science / Mechanikdesign (m/w/x),"Als Student arbeitest Du mit Deinen Kolleginnen und Kollegen auf Augenhöhe und schaffst ideale Voraussetzungen für Deine spätere Karriere. Sich etwas Neues trauen, über sich hinauswachsen und dabei die Grenzen des Machbaren neu deﬁnieren. Genau das ist es, was unsere Mitarbeitenden täglich leben dürfen und sollen. Um mit unseren Innovationen das Tempo vorzugeben und Großartiges zu ermöglichen. Denn hinter jedem erfolgreichen Unternehmen stehen eine ganze Menge faszinierender Menschen. Die Mitar…",0,10.10558,"{'__CLASS__': 'Adzuna::API::Response::Category', 'label': 'Sonstige/Allgemeine Stellen', 'tag': 'other-general-jobs'}",48.78408,https://www.adzuna.de/land/ad/5782380629?se=DFypJKeJ8RGy-dwpXG4wwQ&utm_medium=api&utm_source=a4bcf954&v=F340A0D115EAF64737B8B630F823B3017AD3F9D9,"{'display_name': 'Oberkochen, Ostalbkreis', 'area': ['Deutschland', 'Baden-Württemberg', 'Ostalbkreis', 'Oberkochen'], '__CLASS__': 'Adzuna::API::Response::Location'}",5782380629,Adzuna::API::Response::Job,eyJhbGciOiJIUzI1NiJ9.eyJpIjoiNTc4MjM4MDYyOSIsInMiOiJERnlwSktlSjhSR3ktZHdwWEc0d3dRIn0.X9Ir8BIDUiGK1EAIpj2aXpZiqPGcDucuAX9I73kYPyU,"{'__CLASS__': 'Adzuna::API::Response::Company', 'display_name': 'ZEISS'}",,,,
2026-07-16T09:31:47Z,Universitätsprofessur für Data Science im Maschinenbau,"An der Universität Duisburg-Essen ist in der Fakultät für Ingenieurwissenschaften zum nächstmöglichen Zeitpunkt die Stelle zu besetzen: Universitätsprofessur für Data Science im Maschinenbau (Besoldungsgruppe W2 LBesO W - mit Tenure Track nach W3) Gesucht wird eine ausgewiesene Persönlichkeit für Data Science in den Ingenieurwissenschaften. Der Anwendungsfokus liegt auf der Entwicklung datenbasierter Methoden für die Automatisierungstechnik, autonome Systeme sowie die Mechatronik. Die zukünftig…",0,6.743718,"{'tag': 'unknown', 'label': 'Unknown', '__CLASS__': 'Adzuna::API::Response::Category'}",51.443356,https://www.adzuna.de/land/ad/5802412885?se=DFypJKeJ8RGy-dwpXG4wwQ&utm_medium=api&utm_source=a4bcf954&v=342D91CDDD5CC819F328950C3C3D5E2441060795,"{'display_name': 'Duisburg, Nordrhein-Westfalen', 'area': ['Deutschland', 'Nordrhein-Westfalen', 'Duisburg'], '__CLASS__': 'Adzuna::API::Response::Location'}",5802412885,Adzuna::API::Response::Job,eyJhbGciOiJIUzI1NiJ9.eyJpIjoiNTgwMjQxMjg4NSIsInMiOiJERnlwSktlSjhSR3ktZHdwWEc0d3dRIn0.Fdn5DEA9AoGUX6oAjMfkVZ1mGEXITH8DTiqjJbmRKeQ,"{'__CLASS__': 'Adzuna::API::Response::Company', 'display_name': 'Universität Duisburg-Essen'}",,,,
2026-07-13T06:42:21Z,"Data Science Manager, Courier Pay","Ready for a challenge? Then Just Eat Takeaway.com might be the place for you. We’re a leading global online delivery platform, and our vision is to empower everyday convenience. Whether it’s a Friday-night feast, a post-gym poke bowl, or grabbing some groceries, our tech platform connects tens of millions of customers with hundreds of thousands of restaurant, grocery and convenience partners across the globe. About this role Logistics is the engine room of that platform. Every order depends on …",0,13.88155,"{'__CLASS__': 'Adzuna::API::Response::Category', 'label': 'IT-Stellen', 'tag': 'it-jobs'}",52.58045,https://www.adzuna.de/land/ad/5798511416?se=DFypJKeJ8RGy-dwpXG4wwQ&utm_medium=api&utm_source=a4bcf954&v=CF377BE4890061DDE9CC4A7370521D26548EAC7E,"{'area': ['Deutschland', 'Brandenburg', 'Märkisch-Oderland (Kreis)', 'Strausberg'], 'display_name': 'Strausberg, Märkisch-Oderland (Kreis)', '__CLASS__': 'Adzuna::API::Response::Location'}",5798511416,Adzuna::API::Response::Job,eyJhbGciOiJIUzI1NiJ9.eyJpIjoiNTc5ODUxMTQxNiIsInMiOiJERnlwSktlSjhSR3ktZHdwWEc0d3dRIn0.1AvvEZRbQjEY755AtZHovF-AHciE9e0T7q180IqtIco,"{'__CLASS__': 'Adzuna::API::Response::Company', 'display_name': 'Lieferando'}",,,,
2026-07-13T06:42:20Z,"Data Science Manager, Courier Pay","Ready for a challenge? Then Just Eat Takeaway.com might be the place for you. We’re a leading global online delivery platform, and our vision is to empower everyday convenience. Whether it’s a Friday-night feast, a post-gym poke bowl, or grabbing some groceries, our tech platform connects tens of millions of customers with hundreds of thousands of restaurant, grocery and convenience partners across the globe. About this role Logistics is the engine room of that platform. Every order depends on …",0,13.5066,"{'__CLASS__': 'Adzuna::API::Response::Category', 'label': 'IT-Stellen', 'tag': 'it-jobs'}",52.3876,https://www.adzuna.de/land/ad/5798511366?se=DFypJKeJ8RGy-dwpXG4wwQ&utm_medium=api&utm_source=a4bcf954&v=29560D5A7F152BF4AC2A67107D72DB7F5F9F8C23,"{'display_name': 'Siedl. An der Rudower Höhe, Berlin', 'area': ['Deutschland', 'Berlin', 'Siedl. An der Rudower Höhe'], '__CLASS__': 'Adzuna::API::Response::Location'}",5798511366,Adzuna::API::Response::Job,eyJhbGciOiJIUzI1NiJ9.eyJzIjoiREZ5cEpLZUo4Ukd5LWR3cFhHNHd3USIsImkiOiI1Nzk4NTExMzY2In0.Rx_nzzex40vwiOo4juDxDIlh_6qUyhOwLorOdnxg_FU,"{'__CLASS__': 'Adzuna::API::Response::Company', 'display_name': 'Lieferando'}",,,,
2026-07-13T06:42:21Z,"Data Science Manager, Courier Pay","Ready for a challenge? Then Just Eat Takeaway.com might be the place for you. We’re a leading global online delivery platform, and our vision is to empower everyday convenience. Whether it’s a Friday-night feast, a post-gym poke bowl, or grabbing some groceries, our tech platform connects tens of millions of customers with hundreds of thousands of restaurant, grocery and convenience partners across the globe. About this role Logistics is the engine room of that platform. Every order depends on …",0,13.17251,"{'__CLASS__': 'Adzuna::API::Response::Category', 'label': 'IT-Stellen', 'tag': 'it-jobs'}",52.67995,https://www.adzuna.de/land/ad/5798511522?se=DFypJKeJ8RGy-dwpXG4wwQ&utm_medium=api&utm_source=a4bcf954&v=C1F96008E7B96F168086F688A03A4F49EC7B3FF9,"{'__CLASS__': 'Adzuna::API::Response::Location', 'area': ['Deutschland', 'Brandenburg', 'Oberhavel (Kreis)', 'Velten'], 'display_name': 'Velten, Oberhavel (Kreis)'}",5798511522,Adzuna::API::Response::Job,eyJhbGciOiJIUzI1NiJ9.eyJpIjoiNTc5ODUxMTUyMiIsInMiOiJERnlwSktlSjhSR3ktZHdwWEc0d3dRIn0.esqudNlkTpM-O4oL-RV9LRFRR-IzHMVFeH3J4D6smTk,"{'display_name': 'Lieferando', '__CLASS__': 'Adzuna::API::Response::Company'}",,,,
2026-07-13T06:42:21Z,"Data Science Manager, Courier Pay","Ready for a challenge? Then Just Eat Takeaway.com might be the place for you. We’re a leading global online delivery platform, and our vision is to empower everyday convenience. Whether it’s a Friday-night feast, a post-gym poke bowl, or grabbing some groceries, our tech platform connects tens of millions of customers with hundreds of thousands of restaurant, grocery and convenience partners across the globe. About this role Logistics is the engine room of that platform. Every order depends on …",0,13.20942,"{'__CLASS__': 'Adzuna::API::Response::Category', 'tag': 'it-jobs', 'label': 'IT-Stellen'}",52.63864,https://www.adzuna.de/land/ad/5798511435?se=DFypJKeJ8RGy-dwpXG4wwQ&utm_medium=api&utm_source=a4bcf954&v=B55AE5A7F19A9D4E3E27A47326E79A508D0CBB9C,"{'display_name': 'Hennigsdorf, Oberhavel (Kreis)', 'area': ['Deutschland', 'Brandenburg', 'Oberhavel (Kreis)', 'Hennigsdorf'], '__CLASS__': 'Adzuna::API::Response::Location'}",5798511435,Adzuna::API::Response::Job,eyJhbGciOiJIUzI1NiJ9.eyJpIjoiNTc5ODUxMTQzNSIsInMiOiJERnlwSktlSjhSR3ktZHdwWEc0d3dRIn0.exS-piK76ZztldDoVaatYKtk45gLHulDTJ2SYaAovFw,"{'display_name': 'Lieferando', '__CLASS__': 'Adzuna::API::Response::Company'}",,,,
2026-07-13T06:42:19Z,"Data Science Manager, Courier Pay","Ready for a challenge? Then Just Eat Takeaway.com might be the place for you. We’re a leading global online delivery platform, and our vision is to empower everyday convenience. Whether it’s a Friday-night feast, a post-gym poke bowl, or grabbing some groceries, our tech platform connects tens of millions of customers with hundreds of thousands of restaurant, grocery and convenience partners across the globe. About this role Logistics is the engine room of that platform. Every order depends on …",0,13.26532,"{'__CLASS__': 'Adzuna::API::Response::Category', 'tag': 'it-jobs', 'label': 'IT-Stellen'}",52.40101,https://www.adzuna.de/land/ad/5798511258?se=DFypJKeJ8RGy-dwpXG4wwQ&utm_medium=api&utm_source=a4bcf954&v=57C93E963271423FF65742E3CA0D23C294606607,"{'__CLASS__': 'Adzuna::API::Response::Location', 'area': ['Deutschland', 'Brandenburg', 'Potsdam-Mittelmark (Kreis)', 'Teltow'], 'display_name': 'Teltow, Potsdam-Mittelmark (Kreis)'}",5798511258,Adzuna::API::Response::Job,eyJhbGciOiJIUzI1NiJ9.eyJpIjoiNTc5ODUxMTI1OCIsInMiOiJERnlwSktlSjhSR3ktZHdwWEc0d3dRIn0.FXm66y2Z59Vk6k93beS4_wndIE-T12vy-6I0OaoDfZk,"{'display_name': 'Lieferando', '__CLASS__': 'Adzuna::API::Response::Company'}",,,,
2026-07-13T06:42:20Z,"Data Science Manager, Courier Pay","Ready for a challenge? Then Just Eat Takeaway.com might be the place for you. We’re a leading global online delivery platform, and our vision is to empower everyday convenience. Whether it’s a Friday-night feast, a post-gym poke bowl, or grabbing some groceries, our tech platform connects tens of millions of customers with hundreds of thousands of restaurant, grocery and convenience partners across the globe. About this role Logistics is the engine room of that platform. Every order depends on …",0,13.62781,"{'label': 'IT-Stellen', 'tag': 'it-jobs', '__CLASS__': 'Adzuna::API::Response::Category'}",52.29892,https://www.adzuna.de/land/ad/5798511282?se=DFypJKeJ8RGy-dwpXG4wwQ&utm_medium=api&utm_source=a4bcf954&v=CC74F0E186292AE34BB9B6FD0CC5E8FB67CC74FF,"{'area': ['Deutschland', 'Brandenburg', 'Dahme-Spreewald (Kreis)', 'Königs Wusterhausen', 'Zeesen'], 'display_name': 'Zeesen, Königs Wusterhausen', '__CLASS__': 'Adzuna::API::Response::Location'}",5798511282,Adzuna::API::Response::Job,eyJhbGciOiJIUzI1NiJ9.eyJzIjoiREZ5cEpLZUo4Ukd5LWR3cFhHNHd3USIsImkiOiI1Nzk4NTExMjgyIn0.T22n6TP49qQm71ElJSWevMQcNz_6MhQiZYfpbNnVoyo,"{'display_name': 'Lieferando', '__CLASS__': 'Adzuna::API::Response::Company'}",,,,
2026-07-13T06:42:20Z,"Data Science Manager, Courier Pay","Ready for a challenge? Then Just Eat Takeaway.com might be the place for you. We’re a leading global online delivery platform, and our vision is to empower everyday convenience. Whether it’s a Friday-night feast, a post-gym poke bowl, or grabbing some groceries, our tech platform connects tens of millions of customers with hundreds of thousands of restaurant, grocery and convenience partners across the globe. About this role Logistics is the engine room of that platform. Every order depends on …",0,12.87537,"{'__CLASS__': 'Adzuna::API::Response::Category', 'tag': 'it-jobs', 'label': 'IT-Stellen'}",52.60665,https://www.adzuna.de/land/ad/5798511405?se=DFypJKeJ8RGy-dwpXG4wwQ&utm_medium=api&utm_source=a4bcf954&v=5515F6E7D60A6C3CA00587C82F6E6AA66F6D4292,"{'area': ['Deutschland', 'Brandenburg', 'Havelland (Kreis)', 'Nauen'], 'display_name': 'Nauen, Havelland (Kreis)', '__CLASS__': 'Adzuna::API::Response::Location'}",5798511405,Adzuna::API::Response::Job,eyJhbGciOiJIUzI1NiJ9.eyJzIjoiREZ5cEpLZUo4Ukd5LWR3cFhHNHd3USIsImkiOiI1Nzk4NTExNDA1In0.gRBAU9FzrglThyvt4oKWGwx5bn-PnztET9NLzN0wZdE,"{'display_name': 'Lieferando', '__CLASS__': 'Adzuna::API::Response::Company'}",,,,
2026-07-13T06:42:22Z,"Data Science Manager, Courier Pay","Ready for a challenge? Then Just Eat Takeaway.com might be the place for you. We’re a leading global online delivery platform, and our vision is to empower everyday convenience. Whether it’s a Friday-night feast, a post-gym poke bowl, or grabbing some groceries, our tech platform connects tens of millions of customers with hundreds of thousands of restaurant, grocery and convenience partners across the globe. About this role Logistics is the engine room of that platform. Every order depends on …",0,13.24101,"{'__CLASS__': 'Adzuna::API::Response::Category', 'tag': 'it-jobs', 'label': 'IT-Stellen'}",52.75561,https://www.adzuna.de/land/ad/5798511545?se=DFypJKeJ8RGy-dwpXG4wwQ&utm_medium=api&utm_source=a4bcf954&v=92CF24610E3D9D23FEBC922D0ECE93FC6DB5C531,"{'__CLASS__': 'Adzuna::API::Response::Location', 'display_name': 'Oranienburg, Oberhavel (Kreis)', 'area': ['Deutschland', 'Brandenburg', 'Oberhavel (Kreis)', 'Oranienburg']}",5798511545,Adzuna::API::Response::Job,eyJhbGciOiJIUzI1NiJ9.eyJpIjoiNTc5ODUxMTU0NSIsInMiOiJERnlwSktlSjhSR3ktZHdwWEc0d3dRIn0.1LbGJ9KkL4qeDPQETSSHHY5LiU1AZLCv5PkXVEk-TDM,"{'__CLASS__': 'Adzuna::API::Response::Company', 'display_name': 'Lieferando'}",,,,
2026-07-13T06:42:20Z,"Data Science Manager, Courier Pay","Ready for a challenge? Then Just Eat Takeaway.com might be the place for you. We’re a leading global online delivery platform, and our vision is to empower everyday convenience. Whether it’s a Friday-night feast, a post-gym poke bowl, or grabbing some groceries, our tech platform connects tens of millions of customers with hundreds of thousands of restaurant, grocery and convenience partners across the globe. About this role Logistics is the engine room of that platform. Every order depends on …",0,13.07075,"{'tag': 'it-jobs', 'label': 'IT-Stellen', '__CLASS__': 'Adzuna::API::Response::Category'}",52.403,https://www.adzuna.de/land/ad/5798511384?se=DFypJKeJ8RGy-dwpXG4wwQ&utm_medium=api&utm_source=a4bcf954&v=D11362F56039703DF3A198F6DE909128DB63FE29,"{'__CLASS__': 'Adzuna::API::Response::Location', 'area': ['Deutschland', 'Brandenburg', 'Potsdam', 'Berliner Vorstadt'], 'display_name': 'Berliner Vorstadt, Potsdam'}",5798511384,Adzuna::API::Response::Job,eyJhbGciOiJIUzI1NiJ9.eyJpIjoiNTc5ODUxMTM4NCIsInMiOiJERnlwSktlSjhSR3ktZHdwWEc0d3dRIn0.BJiKZH9yBC7yqhHytDtcS8nxCHt2-_Z4t9uekHzQAsc,"{'display_name': 'Lieferando', '__CLASS__': 'Adzuna::API::Response::Company'}",,,,
2026-07-13T06:42:20Z,"Data Science Manager, Courier Pay","Ready for a challenge? Then Just Eat Takeaway.com might be the place for you. We’re a leading global online delivery platform, and our vision is to empower everyday convenience. Whether it’s a Friday-night feast, a post-gym poke bowl, or grabbing some groceries, our tech platform connects tens of millions of customers with hundreds of thousands of restaurant, grocery and convenience partners across the globe. About this role Logistics is the engine room of that platform. Every order depends on …",0,13.396,"{'__CLASS__': 'Adzuna::API::Response::Category', 'label': 'IT-Stellen', 'tag': 'it-jobs'}",52.4984,https://www.adzuna.de/land/ad/5798511395?se=DFypJKeJ8RGy-dwpXG4wwQ&utm_medium=api&utm_source=a4bcf954&v=706100BC187A0DAD18E2667AF6CD26AA8FA5AA13,"{'__CLASS__': 'Adzuna::API::Response::Location', 'display_name': 'Kreuzberg, Berlin', 'area': ['Deutschland', 'Berlin', 'Kreuzberg']}",5798511395,Adzuna::API::Response::Job,eyJhbGciOiJIUzI1NiJ9.eyJzIjoiREZ5cEpLZUo4Ukd5LWR3cFhHNHd3USIsImkiOiI1Nzk4NTExMzk1In0.4GuSdGjp076DX-i6F2J-0PPB944WZ8NXQAA2_vweoes,"{'display_name': 'Lieferando', '__CLASS__': 'Adzuna::API::Response::Company'}",,,,
2026-07-13T17:33:52Z,Duale*r Student*in Data Science & KI in Kooperation mit der DHBW Mannheim,"Springer Nature öffnet Türen zu Entdeckungen. Seit mehr als 180 Jahren sind unsere Marken zuverlässige Wissensquellen für Wissenschaftler*innen, Lehrer*innen, Mediziner*innen und andere Fachkräfte. Mit unseren Büchern, wissenschaftlichen Zeitschriften, Plattformen und technologischen Lösungen erreichen wir jeden Tag weltweit Millionen von Menschen. Aufgaben Als Duale*r Student*in bei der Springer-Verlag GmbH am Standort Heidelberg wirst Du als Teil unseres HR Systems Teams an der Schnittstelle …",0,8.696891,"{'tag': 'unknown', 'label': 'Unknown', '__CLASS__': 'Adzuna::API::Response::Category'}",49.403755,https://www.adzuna.de/land/ad/5798896516?se=DFypJKeJ8RGy-dwpXG4wwQ&utm_medium=api&utm_source=a4bcf954&v=728136A781BA82FBAF6468012FCE3FA933EED651,"{'__CLASS__': 'Adzuna::API::Response::Location', 'area': ['Deutschland', 'Baden-Württemberg', 'Heidelberg'], 'display_name': 'Heidelberg, Baden-Württemberg'}",5798896516,Adzuna::API::Response::Job,eyJhbGciOiJIUzI1NiJ9.eyJzIjoiREZ5cEpLZUo4Ukd5LWR3cFhHNHd3USIsImkiOiI1Nzk4ODk2NTE2In0.UIoFyApRc2837noDjwCFgVc1noeENKMrIF1ibn3DkSI,"{'display_name': 'Springer-Verlag GmbH', '__CLASS__': 'Adzuna::API::Response::Company'}",,,,
2026-07-18T07:05:40Z,Praktikant*in Data Science im Bereich BigData Antriebe (Pflicht-Praktikum),"Life is always about becoming… Im Leben geht es darum, sich auf eine Reise zu begeben, um die beste Version unseres zukünftigen Selbst zu werden. Während wir Neues entdecken, stellen wir uns Herausforderungen, meistern sie und wachsen über uns hinaus. Bewerben Sie sich bei Mercedes-Benz und finden Sie den Aufgabenbereich, in dem Sie Ihre Talente individuell entfalten können. Dabei werden Sie von visionären Kolleginnen und Kollegen unterstützt, die Ihren Pioniergeist teilen. Bei uns einzusteigen…",0,9.187224,"{'label': 'Stellen aus Wissenschaft & Qualitätssicherung', 'tag': 'scientific-qa-jobs', '__CLASS__': 'Adzuna::API::Response::Category'}",48.776198,https://www.adzuna.de/land/ad/5805825943?se=DFypJKeJ8RGy-dwpXG4wwQ&utm_medium=api&utm_source=a4bcf954&v=B65D2E5C0679482CA7D31C3ECB7E33D72590F045,"{'area': ['Deutschland', 'Baden-Württemberg', 'Stuttgart'], 'display_name': 'Stuttgart, Baden-Württemberg', '__CLASS__': 'Adzuna::API::Response::Location'}",5805825943,Adzuna::API::Response::Job,eyJhbGciOiJIUzI1NiJ9.eyJpIjoiNTgwNTgyNTk0MyIsInMiOiJERnlwSktlSjhSR3ktZHdwWEc0d3dRIn0.MqAc8zGu4B2kdecmU2PbOfX-cKOy6HIn6ji3WEjMrZE,"{'display_name': 'Mercedes-Benz AG', '__CLASS__': 'Adzuna::API::Response::Company'}",,,,
2026-07-22T10:22:44Z,DHBW Studium - Data Science und Künstliche Intelligenz (B.Sc.),Die Liebherr-Werk Ehingen GmbH zählt zu den weltweit führenden Herstellern von Fahrzeugkranen. Das Programm umfasst Teleskop- und Gittermastkrane auf Mobil- und Raupenfahrwerken. Seit der Gründung wurde die Produktionsstätte und ihre Kapazität kontinuierlich erweitert. Heute werden täglich sechs Fahrzeugkrane aus Ehingen in die ganze Welt geliefert. DHBW Studium - Data Science und Künstliche Intelligenz (B.Sc.) Job-ID 83588 JLFT1_DE,0,9.72719,"{'label': 'Stellen für Hochschulabsolventen', 'tag': 'graduate-jobs', '__CLASS__': 'Adzuna::API::Response::Category'}",48.28207,https://www.adzuna.de/land/ad/5810531742?se=DFypJKeJ8RGy-dwpXG4wwQ&utm_medium=api&utm_source=a4bcf954&v=0C439F9A8606839B5DD9EDB9D4B6C60EC3112F9B,"{'__CLASS__': 'Adzuna::API::Response::Location', 'area': ['Deutschland', 'Baden-Württemberg', 'Alb-Donau-Kreis', 'Ehingen (Donau)'], 'display_name': 'Ehingen (Donau), Alb-Donau-Kreis'}",5810531742,Adzuna::API::Response::Job,eyJhbGciOiJIUzI1NiJ9.eyJpIjoiNTgxMDUzMTc0MiIsInMiOiJERnlwSktlSjhSR3ktZHdwWEc0d3dRIn0.7n11LCXLQsjTaDs1rvudD5fJB6d7jJbMFkYsFk3QMlY,"{'display_name': 'Liebherr-Werk Ehingen GmbH', '__CLASS__': 'Adzuna::API::Response::Company'}",,,,
2026-07-25T15:40:45Z,(Senior) Risk Manager (m/w/d) Modeling & Data Science - Fokus Retail Credit Risk,"Wir machen Wünsche machbar – unsere Mission ist es, das Leben unserer Kund:innen zu bereichern und mit unseren Finanzdienstleistungen Träume zu verwirklichen. Wir verstehen uns nicht als typische Bank, sondern als lebendige Gemeinschaft von Gestalter:innen, die keine Angst davor haben, neue Wege zu gehen. Dabei setzen wir uns alle auch noch für Themen mit Impact wie Nachhaltigkeit und Digitalisierung ein – ob in unserer Zentrale in Stuttgart, an unserem Standort in Offenbach oder deutschlandwei…",0,9.187224,"{'__CLASS__': 'Adzuna::API::Response::Category', 'label': 'Unknown', 'tag': 'unknown'}",48.776198,https://www.adzuna.de/land/ad/5815417427?se=DFypJKeJ8RGy-dwpXG4wwQ&utm_medium=api&utm_source=a4bcf954&v=102FC8E0BE2848A9F6580E523A69FEE52F8CC157,"{'__CLASS__': 'Adzuna::API::Response::Location', 'display_name': 'Stuttgart, Baden-Württemberg', 'area': ['Deutschland', 'Baden-Württemberg', 'Stuttgart']}",5815417427,Adzuna::API::Response::Job,eyJhbGciOiJIUzI1NiJ9.eyJzIjoiREZ5cEpLZUo4Ukd5LWR3cFhHNHd3USIsImkiOiI1ODE1NDE3NDI3In0.kT3agVXTKFrTVI2aZwyPlbFae-dXgllL2FOXN6982fY,"{'__CLASS__': 'Adzuna::API::Response::Company', 'display_name': 'Creditplus Bank AG'}",,,,
2026-07-23T09:43:37Z,Duales Studium (DHBW) - Wirtschaftsinformatik Application Management (d/m/w) 2027,"Kopfzeile für externe Stellenbeschreibung: Du bist technikbegeistert und voller Ideen, mit denen Du die Welt bewegen willst? Dann ist eine Ausbildung oder ein duales Studium bei Schaeffler genau das Richtige für Dich. Ohne unsere Produkte könnten Autos nicht fahren, Maschinen nicht laufen und Flugzeuge nicht fliegen. Als führender Anbieter von Wälzlagern für sämtliche Industrien und wichtiger Partner im internationalen Automobilbau bietet Dir Schaeffler ein hervorragendes Umfeld für Deinen Star…",0,10.88109,"{'__CLASS__': 'Adzuna::API::Response::Category', 'label': 'Unknown', 'tag': 'unknown'}",49.56892,https://www.adzuna.de/land/ad/5812014144?se=DFypJKeJ8RGy-dwpXG4wwQ&utm_medium=api&utm_source=a4bcf954&v=FCD53AA1E9C9C63936EB7604A1CA582F15B9E1E2,"{'area': ['Deutschland', 'Bayern', 'Erlangen-Höchstadt (Kreis)', 'Herzogenaurach'], 'display_name': 'Herzogenaurach, Erlangen-Höchstadt (Kreis)', '__CLASS__': 'Adzuna::API::Response::Location'}",5812014144,Adzuna::API::Response::Job,eyJhbGciOiJIUzI1NiJ9.eyJzIjoiREZ5cEpLZUo4Ukd5LWR3cFhHNHd3USIsImkiOiI1ODEyMDE0MTQ0In0.4XVzRLzla8qWudrHF033xP_QjLNtd8qTU0RWmKivDQs,"{'__CLASS__': 'Adzuna::API::Response::Company', 'display_name': 'Schaeffler Technologies AG & Co. KG'}",,,,
2026-07-25T12:47:49Z,Duales Studium (DHBW) - Wirtschaftsinformatik Application Management (d/m/w) 2027,"Du bist technikbegeistert und voller Ideen, mit denen Du die Welt bewegen willst? Dann ist eine Ausbildung oder ein duales Studium bei Schaeffler genau das Richtige für Dich. Ohne unsere Produkte könnten Autos nicht fahren, Maschinen nicht laufen und Flugzeuge nicht fliegen. Als führender Anbieter von Wälzlagern für sämtliche Industrien und wichtiger Partner im internationalen Automobilbau bietet Dir Schaeffler ein hervorragendes Umfeld für Deinen Start in die Berufswelt. Aufgaben Im Überblick …",0,10.98904,"{'__CLASS__': 'Adzuna::API::Response::Category', 'tag': 'unknown', 'label': 'Unknown'}",49.8169,https://www.adzuna.de/land/ad/5815320304?se=DFypJKeJ8RGy-dwpXG4wwQ&utm_medium=api&utm_source=a4bcf954&v=3E9F10A249340C3FE999C03E51C3037C689711BC,"{'area': ['Deutschland', 'Bayern', 'Bamberg (Kreis)', 'Hirschaid'], 'display_name': 'Hirschaid, Bamberg (Kreis)', '__CLASS__': 'Adzuna::API::Response::Location'}",5815320304,Adzuna::API::Response::Job,eyJhbGciOiJIUzI1NiJ9.eyJzIjoiREZ5cEpLZUo4Ukd5LWR3cFhHNHd3USIsImkiOiI1ODE1MzIwMzA0In0.h8X89Bc5vOXL5j5zfbXHA1ZIR_br-uRtYrqVS5euH8k,"{'__CLASS__': 'Adzuna::API::Response::Company', 'display_name': 'Schaeffler Technologies AG & Co. KG'}",,,,
2026-06-19T11:24:10Z,Head of Analytics and Data Science,"About us Zenjob is an AI-powered flexible staffing platform that has efficiently connected companies and temporary workers since 2015. Companies use our platform to book ready-to-work staff in real time, while students use our app to find part-time jobs that conveniently fit around their studies. Over 40,000 students and 1,000 partner companies from logistics, retail, and hospitality in all major German cities share our belief that good work is not a coincidence. It is the result of innovative …",0,13.420806,"{'tag': 'hospitality-catering-jobs', 'label': 'Stellen aus Gastronomie & Catering', '__CLASS__': 'Adzuna::API::Response::Category'}",52.507706,https://www.adzuna.de/land/ad/5769224016?se=DFypJKeJ8RGy-dwpXG4wwQ&utm_medium=api&utm_source=a4bcf954&v=0CBE58766F7271E596F1D0041EF7C0033C10DF28,"{'__CLASS__': 'Adzuna::API::Response::Location', 'display_name': 'Berlin, Deutschland', 'area': ['Deutschland', 'Berlin']}",5769224016,Adzuna::API::Response::Job,eyJhbGciOiJIUzI1NiJ9.eyJpIjoiNTc2OTIyNDAxNiIsInMiOiJERnlwSktlSjhSR3ktZHdwWEc0d3dRIn0.pFGpXmNE03aQ0LkuGE9W9j92x98uaREf4U8vu0cEogg,"{'display_name': 'Zenjob SE', '__CLASS__': 'Adzuna::API::Response::Company'}",full_time,,,
2026-07-22T10:25:34Z,Masterarbeit im Bereich Data Science / Machine Learning im Spritzguss (w/m/d),"„We will wow your world!” Das ist unser Versprechen, wenn es um Arbeiten bei Freudenberg geht. Als globaler Technologiekonzern machen wir die Welt nicht nur sauberer, gesünder und komfortabler, sondern bieten unseren 52.000 Mitarbeitenden auch ein vernetztes und vielfältiges Arbeitsumfeld, in dem sich alle individuell entfalten können. Lassen Sie sich überraschen und erleben Sie Ihre eigenen „Wow”-Momente. Gemeinsam mit Partnern, Kunden und der Wissenschaft entwickeln wir technisch führende Pro…",0,8.66573,"{'label': 'Stellen für Hochschulabsolventen', 'tag': 'graduate-jobs', '__CLASS__': 'Adzuna::API::Response::Category'}",49.55214,https://www.adzuna.de/land/ad/5810546489?se=DFypJKeJ8RGy-dwpXG4wwQ&utm_medium=api&utm_source=a4bcf954&v=CA922220D5632E8B74AA37483CFC33BFB4F0930A,"{'display_name': 'Weinheim, Rhein-Neckar-Kreis', 'area': ['Deutschland', 'Baden-Württemberg', 'Rhein-Neckar-Kreis', 'Weinheim'], '__CLASS__': 'Adzuna::API::Response::Location'}",5810546489,Adzuna::API::Response::Job,eyJhbGciOiJIUzI1NiJ9.eyJpIjoiNTgxMDU0NjQ4OSIsInMiOiJERnlwSktlSjhSR3ktZHdwWEc0d3dRIn0.BchlfeAhUzThWCbGqL8erzxz8aVsdFdNxAUqIub4xFE,"{'__CLASS__': 'Adzuna::API::Response::Company', 'display_name': 'Freudenberg Technology Innovation SE & Co. KG'}",,,,
2026-07-17T19:13:48Z,Praktikant*in Data Science und KI im digitalen Marketing (Pflicht-Praktikum),"Life is always about becoming… Im Leben geht es darum, sich auf eine Reise zu begeben, um die beste Version unseres zukünftigen Selbst zu werden. Während wir Neues entdecken, stellen wir uns Herausforderungen, meistern sie und wachsen über uns hinaus. Bewerben Sie sich bei Mercedes-Benz und finden Sie den Aufgabenbereich, in dem Sie Ihre Talente individuell entfalten können. Dabei werden Sie von visionären Kolleginnen und Kollegen unterstützt, die Ihren Pioniergeist teilen. Bei uns einzusteigen…",0,9.187224,"{'label': 'Stellen aus Wissenschaft & Qualitätssicherung', 'tag': 'scientific-qa-jobs', '__CLASS__': 'Adzuna::API::Response::Category'}",48.776198,https://www.adzuna.de/land/ad/5805087174?se=DFypJKeJ8RGy-dwpXG4wwQ&utm_medium=api&utm_source=a4bcf954&v=0C549F395347BAD58DBCAC870E2A1F45897A4096,"{'__CLASS__': 'Adzuna::API::Response::Location', 'area': ['Deutschland', 'Baden-Württemberg', 'Stuttgart'], 'display_name': 'Stuttgart, Baden-Württemberg'}",5805087174,Adzuna::API::Response::Job,eyJhbGciOiJIUzI1NiJ9.eyJzIjoiREZ5cEpLZUo4Ukd5LWR3cFhHNHd3USIsImkiOiI1ODA1MDg3MTc0In0.wWexMRdFoKmhjdqTXN3TCh4FTjCRv2F3vfcOc1GrKyk,"{'display_name': 'Mercedes-Benz AG', '__CLASS__': 'Adzuna::API::Response::Company'}",,,,
2026-07-22T10:23:20Z,Duales Studium Data Science und Künstliche Intelligenz 2027 (m/w/d),"Als weltweit agierendes Unternehmen benötigen wir eine IT-Landschaft, die jederzeit reibungslos funktioniert, sich stets auf dem neuesten Stand der Technik befindet und sich an den Bedürfnissen unserer Kunden innerhalb der Unternehmen der Schwarz Gruppe orientiert. An der Schnittstelle zwischen Daten und IT erarbeiten wir tragfähige Lösungen, die maßgeblich und sichtbar zu unserem Erfolg beitragen. {Studienbeginn:} 01.09.2027 mit dem Begrüßungsmonat {Studiendauer:} 3 Jahre {Studiendauer:} 01.10…",0,9.21629,"{'__CLASS__': 'Adzuna::API::Response::Category', 'label': 'Stellen für Hochschulabsolventen', 'tag': 'graduate-jobs'}",49.2291,https://www.adzuna.de/land/ad/5810535567?se=DFypJKeJ8RGy-dwpXG4wwQ&utm_medium=api&utm_source=a4bcf954&v=15E50F567E84648B678B5462035A8594EB048353,"{'display_name': 'Bad Friedrichshall, Heilbronn (Kreis)', 'area': ['Deutschland', 'Baden-Württemberg', 'Heilbronn (Kreis)', 'Bad Friedrichshall'], '__CLASS__': 'Adzuna::API::Response::Location'}",5810535567,Adzuna::API::Response::Job,eyJhbGciOiJIUzI1NiJ9.eyJzIjoiREZ5cEpLZUo4Ukd5LWR3cFhHNHd3USIsImkiOiI1ODEwNTM1NTY3In0.qxkxtaHLI4_a3widKiWxnpy2Bo4Kvsbvuf6dVeg2lBs,"{'__CLASS__': 'Adzuna::API::Response::Company', 'display_name': 'Schwarz Digits'}",,,,
2026-07-22T10:24:35Z,Duales Studium Data Science & Künstliche Intelligenz B.Sc.,Wir sind der Digitalisierungspartner in der genossenschaftlichen FinanzGruppe und vereinen jahrzehntelanges Expertenwissen in Banking und Informationstechnologie. Die speziell auf Banken zugeschnittenen IT-Lösungen und Leistungen reichen vom Rechenzentrumsbetrieb über das Bankverfahren von Atruvia bis hin zur App-Entwicklung. Dabei nutzen wir zukunftsweisende Technologien wie Smart Data und schreiben Prozessoptimierung und Regulatorik groß. Gestalte die Zukunft mit KI – Starte dein Duales Studi…,0,8.412378,"{'__CLASS__': 'Adzuna::API::Response::Category', 'label': 'Stellen für Hochschulabsolventen', 'tag': 'graduate-jobs'}",49.001249,https://www.adzuna.de/land/ad/5810540772?se=DFypJKeJ8RGy-dwpXG4wwQ&utm_medium=api&utm_source=a4bcf954&v=56B3264FF35A6A78A937C2B95E1390B547A95D74,"{'__CLASS__': 'Adzuna::API::Response::Location', 'display_name': 'Karlsruhe, Karlsruhe (Kreis)', 'area': ['Deutschland', 'Baden-Württemberg', 'Karlsruhe (Kreis)', 'Karlsruhe']}",5810540772,Adzuna::API::Response::Job,eyJhbGciOiJIUzI1NiJ9.eyJpIjoiNTgxMDU0MDc3MiIsInMiOiJERnlwSktlSjhSR3ktZHdwWEc0d3dRIn0.ySOh9h_pzEx1a5nHcG4M2IVzbSYKfvek-0UOSegw1zg,"{'display_name': 'Atruvia AG', '__CLASS__': 'Adzuna::API::Response::Company'}",,,,
2026-07-23T12:28:08Z,Duales Studium (DHBW) - Data Science und künstliche Intelligenz (d/m/w) 2027,"Du bist technikbegeistert und voller Ideen, mit denen Du die Welt bewegen willst? Dann ist eine Ausbildung oder ein duales Studium bei Schaeffler genau das Richtige für Dich. Ohne unsere Produkte könnten Autos nicht fahren, Maschinen nicht laufen und Flugzeuge nicht fliegen. Als führender Anbieter von Wälzlagern für sämtliche Industrien und wichtiger Partner im internationalen Automobilbau bietet Dir Schaeffler ein hervorragendes Umfeld für Deinen Start in die Berufswelt. JLFT1_DE",0,10.88109,"{'__CLASS__': 'Adzuna::API::Response::Category', 'tag': 'graduate-jobs', 'label': 'Stellen für Hochschulabsolventen'}",49.56892,https://www.adzuna.de/land/ad/5812191200?se=DFypJKeJ8RGy-dwpXG4wwQ&utm_medium=api&utm_source=a4bcf954&v=B64A7C8EB6E4E2752963701AA801C2BEB8356DFF,"{'display_name': 'Herzogenaurach, Erlangen-Höchstadt (Kreis)', 'area': ['Deutschland', 'Bayern', 'Erlangen-Höchstadt (Kreis)', 'Herzogenaurach'], '__CLASS__': 'Adzuna::API::Response::Location'}",5812191200,Adzuna::API::Response::Job,eyJhbGciOiJIUzI1NiJ9.eyJpIjoiNTgxMjE5MTIwMCIsInMiOiJERnlwSktlSjhSR3ktZHdwWEc0d3dRIn0.leDd2Sv48Y9DfXJJsaJ-Ym68mTEgMkpDq3XyMPCAEAk,"{'__CLASS__': 'Adzuna::API::Response::Company', 'display_name': 'Schaeffler Technologies AG & Co. KG'}",,,,
2026-07-14T19:09:40Z,Teamleiter Künstliche Intelligenz - Data Science / MLOps (m/w/d),"Wir sind ein Analysehaus aus Stuttgart mit der Mission, Anleger am Kapitalmarkt mit präzisen Analysen zu Erfolg zu helfen. Mit unseren täglichen Analysen, Einschätzungen und Prognosen zu über 203 Werten, bieten wir für jeden Anleger maximalen Mehrwert. Dabei steht der finanzielle Erfolg unserer Abonnenten immer im Vordergrund, weshalb wir auch finanzjournalistische Arbeit leisten, um ein vollumfängliches Paket anzubieten. Aufgaben Du führst und entwickelst ein interdisziplinäres KI-Team aus Dat…",0,,"{'__CLASS__': 'Adzuna::API::Response::Category', 'tag': 'unknown', 'label': 'Unknown'}",,https://www.adzuna.de/land/ad/5800154178?se=DFypJKeJ8RGy-dwpXG4wwQ&utm_medium=api&utm_source=a4bcf954&v=0BCEBFF179BFBF9E6393EA0281819DEEC18C5BB2,"{'__CLASS__': 'Adzuna::API::Response::Location', 'display_name': 'Deutschland', 'area': ['Deutschland']}",5800154178,Adzuna::API::Response::Job,eyJhbGciOiJIUzI1NiJ9.eyJpIjoiNTgwMDE1NDE3OCIsInMiOiJERnlwSktlSjhSR3ktZHdwWEc0d3dRIn0.9HSVjGGAqmc-VQuxnHFBxWVtwk3iT46kJoTaWRurMCE,"{'__CLASS__': 'Adzuna::API::Response::Company', 'display_name': 'HKCM Engineering e. K.'}",,,,
2026-07-13T06:59:05Z,Duales Studium Wirtschaftsinformatik Data Science & KI - Start Oktober 2026 (m/w/d),"Willst du wissen, was Unternehmen erfolgreich macht? Direkt mit Entscheidern am Tisch sitzen? Unmittelbar erleben, was dein Können bewirkt? Gemeinsam mit dir bringt RSM Ebner Stolz den Mittelstand voran – in Wirtschaftsprüfung, Steuer-, Rechts- und Unternehmensberatung. Mit über 2.900 Mitarbeitenden sind wir deutschlandweit präsent, weltweit an mehr als 500 Standorten unseres internationalen RSM-Netzwerks vertreten. Unser Erfolg lebt von starken Menschen mit Ecken und Kanten. Deshalb stehen wir…",0,6.969972,"{'tag': 'unknown', 'label': 'Unknown', '__CLASS__': 'Adzuna::API::Response::Category'}",50.940164,https://www.adzuna.de/land/ad/5798555666?se=DFypJKeJ8RGy-dwpXG4wwQ&utm_medium=api&utm_source=a4bcf954&v=F213C1AFAE20E26EED1FD1B725354912AA8E73BE,"{'__CLASS__': 'Adzuna::API::Response::Location', 'display_name': 'Köln, Nordrhein-Westfalen', 'area': ['Deutschland', 'Nordrhein-Westfalen', 'Köln']}",5798555666,Adzuna::API::Response::Job,eyJhbGciOiJIUzI1NiJ9.eyJzIjoiREZ5cEpLZUo4Ukd5LWR3cFhHNHd3USIsImkiOiI1Nzk4NTU1NjY2In0.RumJCNieJM86-GEe1kArqP0LaS3GJKGOj9KBo2W7RS0,"{'display_name': 'RSM Ebner Stolz', '__CLASS__': 'Adzuna::API::Response::Company'}",,,,
2026-07-22T10:23:06Z,Spezialist für Steuerungs- und Controllingsysteme - Schwerpunkt Data Science (w/m/d),"Hallo, lass uns WIR sagen! Wir - die HUK-COBURG Versicherungsgruppe - zählen zu den 10 größten in Deutschland. Vor über 90 Jahren gegründet sind wir mit über 13 Millionen Kund:innen heute der große Versicherer für Privathaushalte und der größte deutsche Autoversicherer. Dass wir oft preisgünstiger sind als andere Versicherungen, hat bei uns schon Tradition. Genau wie unser Ruf als Arbeitgeberin, mit der DU wachsen und deine persönlichen Ziele erreichen kannst. Bei uns kannst du eine spannende K…",0,10.96603,"{'tag': 'other-general-jobs', 'label': 'Sonstige/Allgemeine Stellen', '__CLASS__': 'Adzuna::API::Response::Category'}",50.25777,https://www.adzuna.de/land/ad/5810534161?se=DFypJKeJ8RGy-dwpXG4wwQ&utm_medium=api&utm_source=a4bcf954&v=4B5233B92EE41BD2C1BFB3A8C2021001354D9B74,"{'__CLASS__': 'Adzuna::API::Response::Location', 'display_name': 'Coburg, Coburg (Kreis)', 'area': ['Deutschland', 'Bayern', 'Coburg (Kreis)', 'Coburg']}",5810534161,Adzuna::API::Response::Job,eyJhbGciOiJIUzI1NiJ9.eyJzIjoiREZ5cEpLZUo4Ukd5LWR3cFhHNHd3USIsImkiOiI1ODEwNTM0MTYxIn0.JwrkoW1z2oB2Oewzp_Lza8_QQ0bQ0yDrfYZqrGLcam0,"{'display_name': 'HUK-COBURG Versicherungsgruppe', '__CLASS__': 'Adzuna::API::Response::Company'}",,,,
2026-07-22T10:28:20Z,Leitung Datenintegrationszentrum (DIZ) / Medical Data Science (m/w/d),Die Ruhr-Universität Bochum (RUB) ist eine der führenden Forschungs­universitäten in Deutschland. Als reform­orientierte Campus­universität vereint sie in einzig­artiger Weise die gesamte Spann­breite der großen Wissenschafts­bereiche an einem Ort. Das dynamische Mit­einander von Fächern und Fächer­kulturen bietet den Forschenden wie den Studierenden gleicher­maßen besondere Chancen zur inter­disziplinären Zusammen­arbeit. Medizinische Fakultät: Medical Research Services Medizinisches Dateninte…,0,7.211571,"{'label': 'Sonstige/Allgemeine Stellen', 'tag': 'other-general-jobs', '__CLASS__': 'Adzuna::API::Response::Category'}",51.476986,https://www.adzuna.de/land/ad/5810558155?se=4J4iJqeJ8RGy-dwpXG4wwQ&utm_medium=api&utm_source=a4bcf954&v=F209A168641AC2B78AE058374D5FDCE008CC19DE,"{'area': ['Deutschland', 'Nordrhein-Westfalen', 'Bochum'], 'display_name': 'Bochum, Nordrhein-Westfalen', '__CLASS__': 'Adzuna::API::Response::Location'}",5810558155,Adzuna::API::Response::Job,eyJhbGciOiJIUzI1NiJ9.eyJzIjoiNEo0aUpxZUo4Ukd5LWR3cFhHNHd3USIsImkiOiI1ODEwNTU4MTU1In0.gsRb7RtONGgP_bcH_DD5FDUyGOEf3lAq1XL7NM88JW0,"{'__CLASS__': 'Adzuna::API::Response::Company', 'display_name': 'Ruhr-Universität Bochum'}",,,,
2026-07-22T10:25:17Z,Duales Studium: Wirtschaftsinformatik - Data Science (m/w/d) 2027,"Jedes Werkzeug kann immer nur so gut sein wie der Mensch, der dahintersteckt. Deshalb suchen wir bei der Festool Group Mitarbeitende, die gemeinsam mit ihren 3.000 Kolleginnen und Kollegen weltweit etwas bewegen wollen. Tauche ein in unsere Welt - und erlebe, wie stolz es macht, in einem Familienunternehmen die besten Elektrowerkzeuge der Welt zu bauen. JLFT1_DE",0,9.37738,"{'__CLASS__': 'Adzuna::API::Response::Category', 'label': 'Stellen für Hochschulabsolventen', 'tag': 'graduate-jobs'}",48.67129,https://www.adzuna.de/land/ad/5810544831?se=4J4iJqeJ8RGy-dwpXG4wwQ&utm_medium=api&utm_source=a4bcf954&v=7D4C28914096CB8BD60230EF0F2FE25A4EF1DA00,"{'display_name': 'Wendlingen am Neckar, Esslingen (Kreis)', 'area': ['Deutschland', 'Baden-Württemberg', 'Esslingen (Kreis)', 'Wendlingen am Neckar'], '__CLASS__': 'Adzuna::API::Response::Location'}",5810544831,Adzuna::API::Response::Job,eyJhbGciOiJIUzI1NiJ9.eyJzIjoiNEo0aUpxZUo4Ukd5LWR3cFhHNHd3USIsImkiOiI1ODEwNTQ0ODMxIn0.8rxZVJN9LApaaASsiBn_jDjmHMj31oHa6lgD_zo8g0s,"{'__CLASS__': 'Adzuna::API::Response::Company', 'display_name': 'Festool Group'}",,,,
2026-07-16T15:32:44Z,Duales Studium Wirtschaftsinformatik - Data Science (m/w/d),"Duales Studium Wirtschaftsinformatik – Data Science (m/w/d) Deine Aufgaben Dreijähriges duales Studium ab dem 01.10.2026 mit Wechsel zwischen der dreimonatigen Theoriephase an der DHBW Stuttgart und der Praxisphase bei der riparo gmbh in Holzgerlingen Du unterstützt beim Aufbau und bei der Weiterentwicklung unserer Datenbasis für Auswertungen, Reporting und datenbasierte Entscheidungen Du lernst, wie Daten aus unterschiedlichen Systemen und Schnittstellen zusammengeführt, strukturiert und nutzb…",0,9.18071,"{'__CLASS__': 'Adzuna::API::Response::Category', 'label': 'Sonstige/Allgemeine Stellen', 'tag': 'other-general-jobs'}",48.77713,https://www.adzuna.de/land/ad/5802886619?se=4J4iJqeJ8RGy-dwpXG4wwQ&utm_medium=api&utm_source=a4bcf954&v=A01BEB25AFF7DAEBF1A671BE8D97B70191083387,"{'display_name': 'Mitte, Stuttgart', 'area': ['Deutschland', 'Baden-Württemberg', 'Stuttgart', 'Mitte'], '__CLASS__': 'Adzuna::API::Response::Location'}",5802886619,Adzuna::API::Response::Job,eyJhbGciOiJIUzI1NiJ9.eyJpIjoiNTgwMjg4NjYxOSIsInMiOiI0SjRpSnFlSjhSR3ktZHdwWEc0d3dRIn0.7QyGWW_-FjSTxNWE0C7KVM-bTBS2jH4kIjkkS3W2XUg,"{'__CLASS__': 'Adzuna::API::Response::Company', 'display_name': 'riparo gmbh'}",full_time,,,
2026-07-22T10:23:15Z,"Duales Studium: ""Data Science & künstliche Intelligenz"" (w/m/d), Ulm, Start 2027","HENSOLDT ist ein führendes Unternehmen der europäischen Verteidigungsindustrie mit globaler Reichweite. Das Unternehmen mit Sitz in Taufkirchen bei München entwickelt Sensor-Komplettlösungen für Verteidigungs- und Sicherheitsanwendungen. Als Technologieführer treibt HENSOLDT die Entwicklung der Verteidigungselektronik und Optronik voran und baut sein Portfolio auf der Grundlage innovativer Ansätze für Datenmanagement, Robotik und Cybersicherheit kontinuierlich aus. Unsere Produkte sind einsetzb…",0,9.856945,"{'tag': 'graduate-jobs', 'label': 'Stellen für Hochschulabsolventen', '__CLASS__': 'Adzuna::API::Response::Category'}",48.383137,https://www.adzuna.de/land/ad/5810534947?se=4J4iJqeJ8RGy-dwpXG4wwQ&utm_medium=api&utm_source=a4bcf954&v=B40D564051A7434FAFB4322C4567891CB48E990C,"{'__CLASS__': 'Adzuna::API::Response::Location', 'area': ['Deutschland', 'Baden-Württemberg', 'Ulm'], 'display_name': 'Ulm, Baden-Württemberg'}",5810534947,Adzuna::API::Response::Job,eyJhbGciOiJIUzI1NiJ9.eyJzIjoiNEo0aUpxZUo4Ukd5LWR3cFhHNHd3USIsImkiOiI1ODEwNTM0OTQ3In0.WLjnOo9ZH7v40R5H9dDRJ6GLhX1IvoV32D9h2qw_qKo,"{'display_name': 'HENSOLDT', '__CLASS__': 'Adzuna::API::Response::Company'}",,,,
2026-07-22T10:22:20Z,"Duales Studium – Data Science und Künstliche Intelligenz (m/w/x), Beginn Herbst 2027","Sich etwas Neues trauen, über sich hinauswachsen und dabei die Grenzen des Machbaren neu definieren. Genau das ist es, was unsere Mitarbeitenden täglich leben dürfen und sollen. Um mit unseren Innovationen ein Zeichen zu setzen und Großartiges zu ermöglichen. Denn hinter jedem erfolgreichen Unternehmen stehen eine ganze Menge faszinierende Menschen. In einem offenen und modernen Umfeld mit zahlreichen Entwicklungs- und Weiterbildungsmöglichkeiten, arbeiten die Mitarbeitenden bei ZEISS in einer …",0,10.10558,"{'__CLASS__': 'Adzuna::API::Response::Category', 'label': 'Stellen für Hochschulabsolventen', 'tag': 'graduate-jobs'}",48.78408,https://www.adzuna.de/land/ad/5810529586?se=4J4iJqeJ8RGy-dwpXG4wwQ&utm_medium=api&utm_source=a4bcf954&v=F431BA2A0EC8915F786075465FA4FF9055B9A532,"{'display_name': 'Oberkochen, Ostalbkreis', 'area': ['Deutschland', 'Baden-Württemberg', 'Ostalbkreis', 'Oberkochen'], '__CLASS__': 'Adzuna::API::Response::Location'}",5810529586,Adzuna::API::Response::Job,eyJhbGciOiJIUzI1NiJ9.eyJzIjoiNEo0aUpxZUo4Ukd5LWR3cFhHNHd3USIsImkiOiI1ODEwNTI5NTg2In0.N6fwb5aX5eiMuJ2ITTwa0gforZlKNYmynHKO_NBkiL0,"{'display_name': 'ZEISS', '__CLASS__': 'Adzuna::API::Response::Company'}",,,,
2026-07-21T22:57:49Z,Duales Studium Wirtschaftsinformatik - Data Science 2027,"Einleitung Eine gute Idee war der Ursprung, ein erfolgreiches Konzept ist das Ergebnis. Qualität zum guten Preis möglichst vielen Menschen anbieten zu können treibt uns an - mittlerweile weltweit, denn wir sind Lidl. Hier ist das berufliche Zuhause vielfältiger Talente. Ob im Einkauf, in der Logistik, im Warengeschäft oder in der IT; ob als Impulsgeber, Gestalter oder Dienstleister der Länder. Wir suchen Anpacker, Durchstarter, Möglichmacher und bieten spannende Aufgaben und Projekte in einem d…",0,,"{'tag': 'part-time-jobs', 'label': 'Teilzeitstellen', '__CLASS__': 'Adzuna::API::Response::Category'}",,https://www.adzuna.de/land/ad/5809705624?se=4J4iJqeJ8RGy-dwpXG4wwQ&utm_medium=api&utm_source=a4bcf954&v=BC453D558C85265DBC3E67C99396901FB89CA897,"{'display_name': 'Deutschland', 'area': ['Deutschland'], '__CLASS__': 'Adzuna::API::Response::Location'}",5809705624,Adzuna::API::Response::Job,eyJhbGciOiJIUzI1NiJ9.eyJzIjoiNEo0aUpxZUo4Ukd5LWR3cFhHNHd3USIsImkiOiI1ODA5NzA1NjI0In0.HvaI8HXd8UplAGk0JQOJEkeOMl8x7M1D6tUGBPhnS8k,"{'__CLASS__': 'Adzuna::API::Response::Company', 'display_name': 'Lidl'}",,,,
2026-06-03T11:42:39Z,Duales Studium Wirtschaftsinformatik - Data Science 2027,"Einleitung Eine gute Idee war der Ursprung, ein erfolgreiches Konzept ist das Ergebnis. Qualität zum guten Preis möglichst vielen Menschen anbieten zu können treibt uns an - mittlerweile weltweit, denn wir sind Lidl. Hier ist das berufliche Zuhause vielfältiger Talente. Ob im Einkauf, in der Logistik, im Warengeschäft oder in der IT; ob als Impulsgeber, Gestalter oder Dienstleister der Länder. Wir suchen Anpacker, Durchstarter, Möglichmacher und bieten spannende Aufgaben und Projekte in einem d…",0,9.2274,"{'__CLASS__': 'Adzuna::API::Response::Category', 'tag': 'part-time-jobs', 'label': 'Teilzeitstellen'}",49.18975,https://www.adzuna.de/land/ad/5750397165?se=4J4iJqeJ8RGy-dwpXG4wwQ&utm_medium=api&utm_source=a4bcf954&v=C914835A5535ED1A2EDA46F1E53ECAC2CB81E252,"{'__CLASS__': 'Adzuna::API::Response::Location', 'display_name': 'Neckarsulm, Heilbronn (Kreis)', 'area': ['Deutschland', 'Baden-Württemberg', 'Heilbronn (Kreis)', 'Neckarsulm']}",5750397165,Adzuna::API::Response::Job,eyJhbGciOiJIUzI1NiJ9.eyJzIjoiNEo0aUpxZUo4Ukd5LWR3cFhHNHd3USIsImkiOiI1NzUwMzk3MTY1In0.eXZGbRhld3OpirDxmL5urortNPx3EinD05ZV0egV9eM,"{'display_name': 'Lidl', '__CLASS__': 'Adzuna::API::Response::Company'}",,,,
2026-07-13T18:50:38Z,Duales Studium B.Sc. Angewandte Künstliche Intelligenz - Schwerpunkt GenAI (m/w/d),"in-tech ist ein digitaler Lösungsanbieter für Automotive, Rail und Smart Industry. Als strategischer Entwicklungspartner begleiten wir unsere Kunden durch den gesamten Entwicklungsprozess - von Einzelkomponenten bis hin zu Komplettlösungen aus Hard- u. Software. Wir sind Ingenieure, Softwareentwickler, Techniker und Quereinsteiger allgenders und arbeiten an der Mobilität der Zukunft. Wir sind orange! Du auch? Aufgaben In Zusammenarbeit mit unserem AI Team ergänzt du die Theoriephasen deines Stu…",0,11.65112,"{'label': 'Unknown', 'tag': 'unknown', '__CLASS__': 'Adzuna::API::Response::Category'}",48.24883,https://www.adzuna.de/land/ad/5798943157?se=4J4iJqeJ8RGy-dwpXG4wwQ&utm_medium=api&utm_source=a4bcf954&v=7279F46649DD7AEFA7C20BD9DAEE7DC2DDF8ABD4,"{'area': ['Deutschland', 'Bayern', 'München (Kreis)', 'Garching bei München'], 'display_name': 'Garching bei München, München (Kreis)', '__CLASS__': 'Adzuna::API::Response::Location'}",5798943157,Adzuna::API::Response::Job,eyJhbGciOiJIUzI1NiJ9.eyJzIjoiNEo0aUpxZUo4Ukd5LWR3cFhHNHd3USIsImkiOiI1Nzk4OTQzMTU3In0.JYNpFT9p7j_O8KL7eekLAjxTs19siwvJ0CgbE9vVjEo,"{'__CLASS__': 'Adzuna::API::Response::Company', 'display_name': 'in-tech'}",,,,
2026-07-19T14:46:09Z,Senior Spezialist/Senior Spezialistin (w/m/d) Telekommunikationsüberwachung,"in Köln in Voll- oder Teilzeit Vergütung: E 12 (TVöD Bund) bzw. A 12 BBesO Referenzcode: P/2130/2026/211/72 Bewerbungsfrist: 06.08.2026 Das Zollkriminalamt (ZKA) ist mit seinen rund 800 Beschäftigten die Zentrale des deutschen Zollfahndungsdienstes, dessen Hauptaufgabe die Verfolgung und Verhütung der mittleren, schweren und organisierten Zollkriminalität ist. Es koordiniert und lenkt die Ermittlungen der angeschlossenen acht Zollfahndungsämter an bundesweiten Standorten. Für unser Team suchen …",0,7.007059,"{'label': 'Unknown', 'tag': 'unknown', '__CLASS__': 'Adzuna::API::Response::Category'}",51.048715,https://www.adzuna.de/land/ad/5807171206?se=4J4iJqeJ8RGy-dwpXG4wwQ&utm_medium=api&utm_source=a4bcf954&v=FF95D8C0B268C321E8B1775019E4B950D0607B43,"{'display_name': 'Leverkusen, Nordrhein-Westfalen', 'area': ['Deutschland', 'Nordrhein-Westfalen', 'Leverkusen'], '__CLASS__': 'Adzuna::API::Response::Location'}",5807171206,Adzuna::API::Response::Job,eyJhbGciOiJIUzI1NiJ9.eyJpIjoiNTgwNzE3MTIwNiIsInMiOiI0SjRpSnFlSjhSR3ktZHdwWEc0d3dRIn0.xju2DMS3hOJyydE_p-mSwfJpXBA7iHdTQoWlAft3NeE,"{'display_name': 'Generalzolldirektion', '__CLASS__': 'Adzuna::API::Response::Company'}",,,,
2026-07-22T10:28:53Z,Duale*r Student*in Data Science & KI in Kooperation mit der DHBW Mannheim,"Springer Nature öffnet Türen zu Entdeckungen. Seit mehr als 180 Jahren sind unsere Marken zuverlässige Wissensquellen für Wissenschaftler*innen, Lehrer*innen, Mediziner*innen und andere Fachkräfte. Mit unseren Büchern, wissenschaftlichen Zeitschriften, Plattformen und technologischen Lösungen erreichen wir jeden Tag weltweit Millionen von Menschen. JLFT1_DE",0,,"{'tag': 'graduate-jobs', 'label': 'Stellen für Hochschulabsolventen', '__CLASS__': 'Adzuna::API::Response::Category'}",,https://www.adzuna.de/land/ad/5810560874?se=4J4iJqeJ8RGy-dwpXG4wwQ&utm_medium=api&utm_source=a4bcf954&v=BB732B0F2E05DE39F159F5501E98F8E89524DFE8,"{'area': ['Deutschland'], 'display_name': 'Deutschland', '__CLASS__': 'Adzuna::API::Response::Location'}",5810560874,Adzuna::API::Response::Job,eyJhbGciOiJIUzI1NiJ9.eyJpIjoiNTgxMDU2MDg3NCIsInMiOiI0SjRpSnFlSjhSR3ktZHdwWEc0d3dRIn0.qWgQ3pYJxzAdIEnrHPHv5IeIiQ5qa4inN3ABe7UBzHw,"{'display_name': 'Springer-Verlag GmbH', '__CLASS__': 'Adzuna::API::Response::Company'}",,,,
2026-07-23T03:36:26Z,"Duales Studium Wirtschaftsinformatik/Data Science (B.Sc.), Mercedes-Benz Group AG, Stuttgart, 01.10.2027 (m/w/d)","Life is always about becoming… Im Leben geht es darum, sich auf eine Reise zu begeben, um die beste Version unseres zukünftigen Selbst zu werden. Während wir Neues entdecken, stellen wir uns Herausforderungen, meistern sie und wachsen über uns hinaus. Bewerben Sie sich bei Mercedes-Benz und finden Sie den Aufgabenbereich, in dem Sie Ihre Talente individuell entfalten können. Dabei werden Sie von visionären Kolleginnen und Kollegen unterstützt, die Ihren Pioniergeist teilen. Bei uns einzusteigen…",0,9.315933,"{'tag': 'unknown', 'label': 'Unknown', '__CLASS__': 'Adzuna::API::Response::Category'}",48.745846,https://www.adzuna.de/land/ad/5811688341?se=4J4iJqeJ8RGy-dwpXG4wwQ&utm_medium=api&utm_source=a4bcf954&v=B6EAADC24523FFF7060332AE07651788E1A55B76,"{'display_name': 'Esslingen am Neckar, Esslingen (Kreis)', 'area': ['Deutschland', 'Baden-Württemberg', 'Esslingen (Kreis)', 'Esslingen am Neckar'], '__CLASS__': 'Adzuna::API::Response::Location'}",5811688341,Adzuna::API::Response::Job,eyJhbGciOiJIUzI1NiJ9.eyJpIjoiNTgxMTY4ODM0MSIsInMiOiI0SjRpSnFlSjhSR3ktZHdwWEc0d3dRIn0.pIhqlqI_alalvhAISUB3oGQ-tUawfNOMayRT2mCfIJA,"{'display_name': 'Mercedes-Benz Group AG', '__CLASS__': 'Adzuna::API::Response::Company'}",,,,
2026-07-25T15:40:37Z,Duales Studium Informatik Schwerpunkt Data Science / Künstliche Intelligenz in Kooperation mit der Dualen Hochschule Baden-Württemberg 2027 (m/w/d/x),"Life is always about becoming… Im Leben geht es darum, sich auf eine Reise zu begeben, um die beste Version unseres zukünftigen Selbst zu werden. Während wir Neues entdecken, stellen wir uns Herausforderungen, meistern sie und wachsen über uns hinaus. Bewerben Sie sich bei Mercedes-Benz und finden Sie den Aufgabenbereich, in dem Sie Ihre Talente individuell entfalten können. Dabei werden Sie von visionären Kolleginnen und Kollegen unterstützt, die Ihren Pioniergeist teilen. Bei uns einzusteigen…",0,9.856945,"{'__CLASS__': 'Adzuna::API::Response::Category', 'label': 'Unknown', 'tag': 'unknown'}",48.383137,https://www.adzuna.de/land/ad/5815417170?se=4J4iJqeJ8RGy-dwpXG4wwQ&utm_medium=api&utm_source=a4bcf954&v=7AD0AEC18A2FF6FDA330532B6B6566666D32693A,"{'display_name': 'Ulm, Baden-Württemberg', 'area': ['Deutschland', 'Baden-Württemberg', 'Ulm'], '__CLASS__': 'Adzuna::API::Response::Location'}",5815417170,Adzuna::API::Response::Job,eyJhbGciOiJIUzI1NiJ9.eyJzIjoiNEo0aUpxZUo4Ukd5LWR3cFhHNHd3USIsImkiOiI1ODE1NDE3MTcwIn0.fSTlXq0Xw2FXOBhgDeR71IRsQtmnyTvFFaiUOZr_F8Q,"{'display_name': 'Mercedes-Benz Tech Innovation', '__CLASS__': 'Adzuna::API::Response::Company'}",,,,
2026-07-14T19:07:55Z,Mathematiker/Aktuar (d/m/w) Data Science/Pricing/Risikomanagement/Solvency II,"Meyerthole Siems Kohlruss (MSK) ist eine aktuarielle Beratungsgesellschaft mit Sitz in Köln und seit 1998 im deutschsprachigen Raum für Schaden- und Unfallversicherer tätig. Unsere Schwerpunkte liegen auf abwechslungsreichen Aufgaben aus den Bereichen Data Science, Telematik, Pricing, Naturgefahren, Bilanzbewertung, Rückversicherung und Solvency II. Wir widmen uns Zukunftsthemen, entwickeln maßgeschneiderte Lösungen am Puls der Zeit. Zu unseren Mandanten zählen sowohl etablierte Versicherer als…",0,6.969972,"{'__CLASS__': 'Adzuna::API::Response::Category', 'label': 'Unknown', 'tag': 'unknown'}",50.940164,https://www.adzuna.de/land/ad/5800144047?se=4J4iJqeJ8RGy-dwpXG4wwQ&utm_medium=api&utm_source=a4bcf954&v=F44BB83164E80EA385FC010018FF41AFCA9F1CC1,"{'area': ['Deutschland', 'Nordrhein-Westfalen', 'Köln'], 'display_name': 'Köln, Nordrhein-Westfalen', '__CLASS__': 'Adzuna::API::Response::Location'}",5800144047,Adzuna::API::Response::Job,eyJhbGciOiJIUzI1NiJ9.eyJzIjoiNEo0aUpxZUo4Ukd5LWR3cFhHNHd3USIsImkiOiI1ODAwMTQ0MDQ3In0.tVC2s0NyPvnuZy56vC55SoobReewBSC14rdUZ997B1M,"{'display_name': 'Meyerthole Siems Kohlruss Ges. für aktuarielle Beratung mbH', '__CLASS__': 'Adzuna::API::Response::Company'}",,,,
2026-07-25T19:22:31Z,AI Engineer (m/w/d) – Machine Learning & Data Science | Brillux Münster,"Bei Brillux geht es um mehr als Farben und Lacke – wir stehen für Qualität, Verlässlichkeit und ein starkes Miteinander. Als Familienunternehmen in fünfter Generation wissen wir, dass Erfolg nur gemeinsam entsteht – durch Menschen die anpacken, gestalten und einander vertrauen. Mehr als 2.700 Mitarbeitende und über 400 Auszubildende arbeiten in vier Werken und an über 190 Standorten in Deutschland und Europa daran, Brillux jeden Tag weiterzuentwickeln – mit Ideen, Verantwortung und Teamgeist. W…",0,7.621504,"{'label': 'IT-Stellen', 'tag': 'it-jobs', '__CLASS__': 'Adzuna::API::Response::Category'}",51.955292,https://www.adzuna.de/land/ad/5815603939?se=4J4iJqeJ8RGy-dwpXG4wwQ&utm_medium=api&utm_source=a4bcf954&v=EFD8CDC5537A23A1E6C35910BF66F84478870D05,"{'__CLASS__': 'Adzuna::API::Response::Location', 'area': ['Deutschland', 'Nordrhein-Westfalen', 'Münster'], 'display_name': 'Münster, Nordrhein-Westfalen'}",5815603939,Adzuna::API::Response::Job,eyJhbGciOiJIUzI1NiJ9.eyJzIjoiNEo0aUpxZUo4Ukd5LWR3cFhHNHd3USIsImkiOiI1ODE1NjAzOTM5In0.Gf6t0RzHSpZ-ATyutFCsn0z2BFmIxLgkIRNWS8oVTy0,"{'__CLASS__': 'Adzuna::API::Response::Company', 'display_name': 'Brillux GmbH & Co. KG'}",,,,
2026-07-21T22:58:38Z,Data Science und Künstliche Intelligenz (B.Sc.) 2027,"Dein Berufsbild: Du möchtest irgendwas mit Mathe machen und findest die Wirtschaftswelt spannend? Dann entscheide dich für ein Studium in Data Science und Künstliche Intelligenz und hol alles aus den Daten heraus. Data Science und Künstliche Intelligenz Spezialisten (w/m/d) sind die Schnittstelle zwischen IT und Business. Sie beherrschen die verschiedenen Technologien, bewerten deren Potenziale und wissen, wie man sie technisch umsetzt. In deinem dualen Studium erlernst du die Grundlagen, Konze…",0,8.71298,"{'__CLASS__': 'Adzuna::API::Response::Category', 'label': 'Teilzeitstellen', 'tag': 'part-time-jobs'}",50.1246,https://www.adzuna.de/land/ad/5809710891?se=4J4iJqeJ8RGy-dwpXG4wwQ&utm_medium=api&utm_source=a4bcf954&v=A5F21B091D3B7095A2AEBD452CA6A95EFECDA62E,"{'__CLASS__': 'Adzuna::API::Response::Location', 'display_name': 'Bornheim, Frankfurt am Main', 'area': ['Deutschland', 'Hessen', 'Frankfurt am Main', 'Bornheim']}",5809710891,Adzuna::API::Response::Job,eyJhbGciOiJIUzI1NiJ9.eyJzIjoiNEo0aUpxZUo4Ukd5LWR3cFhHNHd3USIsImkiOiI1ODA5NzEwODkxIn0.gvt4XumiBcvy09-ZfLUTlCbJotC3VcFTR0NN5Tr6wAI,"{'display_name': 'Siemens AG', '__CLASS__': 'Adzuna::API::Response::Company'}",,,,
2026-07-13T19:07:01Z,Bachelor of Science (DHBW) Data Science und Künstliche Intelligenz (m/w/d) Standort Winnenden 2026,"Kärcher ist der weltweit führende Anbieter von Reinigungstechnik und steht für Qualität, Innovation und Nachhaltigkeit. Diesen Erfolg verdanken wir unseren über 3.700 Mitarbeitenden in Winnenden und in Bühlertal und dem einzigartigen Kärcher-WOW-Gefühl. Als Familienunternehmen mit gefestigten Unternehmensstrukturen überzeugen wir durch WOW-tastische Karriereperspektiven, ein vertrauensvolles Arbeitsklima und tolle Kolleg*innen. Aufgaben Wir schaffen mit dir gemeinsam eine solide Basis für deine…",0,9.187224,"{'tag': 'unknown', 'label': 'Unknown', '__CLASS__': 'Adzuna::API::Response::Category'}",48.776198,https://www.adzuna.de/land/ad/5798980177?se=4J4iJqeJ8RGy-dwpXG4wwQ&utm_medium=api&utm_source=a4bcf954&v=B193242DE3477E8DE5BDF07FE88DC7720226A593,"{'__CLASS__': 'Adzuna::API::Response::Location', 'display_name': 'Stuttgart, Baden-Württemberg', 'area': ['Deutschland', 'Baden-Württemberg', 'Stuttgart']}",5798980177,Adzuna::API::Response::Job,eyJhbGciOiJIUzI1NiJ9.eyJzIjoiNEo0aUpxZUo4Ukd5LWR3cFhHNHd3USIsImkiOiI1Nzk4OTgwMTc3In0.wNlTDhV90XeImVIsAp38VM5JJmlJS_-2oQQ9bgHGIfY,"{'display_name': 'Alfred Kärcher SE & Co. KG', '__CLASS__': 'Adzuna::API::Response::Company'}",,,,
2026-07-21T22:58:21Z,Data Science und Künstliche Intelligenz (B.Sc.) 2027,"Dein Berufsbild: Du möchtest irgendwas mit Mathe und Programmieren machen und findest Technologien der Zukunft spannend? Dann entscheide dich für den Studiengang Data Science und Künstliche Intelligenz und hol alles aus den Daten heraus. In deinem Beruf bist du die Schnittstelle zwischen IT und Business. Du beherrschst die verschiedenen Technologien, bewertest deren Potenziale und weißt, wie man sie technisch umsetzt. In deinem dualen Studium erlernst du die Grundlagen, Konzepte und Methoden de…",0,8.34467,"{'tag': 'part-time-jobs', 'label': 'Teilzeitstellen', '__CLASS__': 'Adzuna::API::Response::Category'}",49.03071,https://www.adzuna.de/land/ad/5809709204?se=4J4iJqeJ8RGy-dwpXG4wwQ&utm_medium=api&utm_source=a4bcf954&v=A9857C66A99A4BE3235BDCFE633D5CE98385D9CD,"{'__CLASS__': 'Adzuna::API::Response::Location', 'display_name': 'Knielingen, Karlsruhe', 'area': ['Deutschland', 'Baden-Württemberg', 'Karlsruhe (Kreis)', 'Karlsruhe', 'Knielingen']}",5809709204,Adzuna::API::Response::Job,eyJhbGciOiJIUzI1NiJ9.eyJpIjoiNTgwOTcwOTIwNCIsInMiOiI0SjRpSnFlSjhSR3ktZHdwWEc0d3dRIn0.ejTsso4sbIHxts-giJyjtP6gi4KkjkbZZRDjPk5l2Yc,"{'display_name': 'Siemens AG', '__CLASS__': 'Adzuna::API::Response::Company'}",,,,
2026-07-21T22:58:52Z,Data Science und Künstliche Intelligenz (B.Sc.) 2027,"Dein Berufsbild: Du möchtest irgendwas mit Mathe und Programmieren machen und findest Technologien der Zukunft spannend? Dann entscheide dich für den Studiengang Data Science und Künstliche Intelligenz und hol alles aus den Daten heraus. In deinem Beruf bist du die Schnittstelle zwischen IT und Business. Du beherrschst die verschiedenen Technologien, bewertest deren Potenziale und weißt, wie man sie technisch umsetzt. In deinem dualen Studium erlernst du die Grundlagen, Konzepte und Methoden de…",0,6.82951,"{'__CLASS__': 'Adzuna::API::Response::Category', 'label': 'Teilzeitstellen', 'tag': 'part-time-jobs'}",50.94691,https://www.adzuna.de/land/ad/5809712370?se=4J4iJqeJ8RGy-dwpXG4wwQ&utm_medium=api&utm_source=a4bcf954&v=E56BBEED9EF72ABF9B0EBBDCAC01D48E39330DB4,"{'__CLASS__': 'Adzuna::API::Response::Location', 'area': ['Deutschland', 'Nordrhein-Westfalen', 'Köln', 'Lövenich'], 'display_name': 'Lövenich, Köln'}",5809712370,Adzuna::API::Response::Job,eyJhbGciOiJIUzI1NiJ9.eyJzIjoiNEo0aUpxZUo4Ukd5LWR3cFhHNHd3USIsImkiOiI1ODA5NzEyMzcwIn0.K07VTh19mpQViwR1l6prLSh-6at3U8yq7yl2usp2FJ0,"{'__CLASS__': 'Adzuna::API::Response::Company', 'display_name': 'Siemens AG'}",,,,
2026-07-21T22:58:35Z,Duales Studium (DHBW) Data Science und Künstliche Intelligenz,"Dieser Studiengang bereitet Dich darauf vor, den digitalen Wandel in Unternehmen voranzutreiben und aktiv mitzugestalten. Dazu werden Grundlagen der Informatik und der Wirtschaftsinformatik mit Kerninhalten der Data Science kombiniert. Themen wie Cloud Computing, Big Data, Visual Analytics und AI spielen hier eine große Rolle. Du lernst den Umgang und die Interpretation von großen Datenmengen, deren Darstellung, und das Training von AI-Modellen. Deine Ideen und Projekte kannst du dabei direkt i…",0,9.62186,"{'__CLASS__': 'Adzuna::API::Response::Category', 'label': 'Teilzeitstellen', 'tag': 'part-time-jobs'}",47.77567,https://www.adzuna.de/land/ad/5809710595?se=4J4iJqeJ8RGy-dwpXG4wwQ&utm_medium=api&utm_source=a4bcf954&v=DA15D6236F0581B8B0F5D6A7DF67BB5873D6B764,"{'display_name': 'Weingartshof, Ravensburg', 'area': ['Deutschland', 'Baden-Württemberg', 'Ravensburg (Kreis)', 'Ravensburg', 'Weingartshof'], '__CLASS__': 'Adzuna::API::Response::Location'}",5809710595,Adzuna::API::Response::Job,eyJhbGciOiJIUzI1NiJ9.eyJpIjoiNTgwOTcxMDU5NSIsInMiOiI0SjRpSnFlSjhSR3ktZHdwWEc0d3dRIn0.1UY9OPy4bG8iB5cDmrXflu4XwG9_IjnVQfuTejMcdCA,"{'__CLASS__': 'Adzuna::API::Response::Company', 'display_name': 'EBZ SE'}",,,,
2026-07-21T22:58:27Z,Duales Studium Data Science&Künstliche Intelligenz 2027,"Duales Studium– unser Erfolgsrezept: Theorie und Praxis verbinden! Werde bei Transgourmet zur KI-Koryphäe: Duübernimmst Initiative in schmackhaften Projekten, bei denen du marktfrische, innovative Ansätze direkt aus deinem Studium einbringst. Du erhältst Einblicke in die Geheimnisse der kulinarischen Datenwelt eines modernen Lebensmittelgroßhändlers: Prozessveredelungá la IT: Optimiere mit uns die digitalen Kochprozesse in unserem Unternehmen, automatisiere Abläufe und würze die Systeme mit Kün…",0,8.53563,"{'tag': 'part-time-jobs', 'label': 'Teilzeitstellen', '__CLASS__': 'Adzuna::API::Response::Category'}",49.80341,https://www.adzuna.de/land/ad/5809709916?se=4J4iJqeJ8RGy-dwpXG4wwQ&utm_medium=api&utm_source=a4bcf954&v=207421AA2D98E802AA4A5FEC3F7C8DF074C96D42,"{'display_name': 'Riedstadt, Groß-Gerau (Kreis)', 'area': ['Deutschland', 'Hessen', 'Groß-Gerau (Kreis)', 'Riedstadt'], '__CLASS__': 'Adzuna::API::Response::Location'}",5809709916,Adzuna::API::Response::Job,eyJhbGciOiJIUzI1NiJ9.eyJpIjoiNTgwOTcwOTkxNiIsInMiOiI0SjRpSnFlSjhSR3ktZHdwWEc0d3dRIn0.KzQNdgLccX1sqntb8zGmrlRDu_aeeL5fKlFy_po5Yzk,"{'display_name': 'Transgourmet Deutschland GmbH&Co. OHG', '__CLASS__': 'Adzuna::API::Response::Company'}",,,,
2026-05-28T18:31:57Z,Bachelor Data Science & KI (m/w/d) – Duales Studium,"Bachelor Data Science & KI (m/w/d) – Duales Studium Wieland-Werke AG | Ulm, Vöhringen | Studienbeginn 1. Oktober 2027 Kennziffer 2026-0078 Deine Zukunft Ablauf : Im dualen Studium Data Science & KI erwirbst du dein theoretisches Wissen an der Dualen Hochschule Baden‑Württemberg (DHBW) in Heidenheim. Theorie und Praxis wechseln sich dabei in dreimonatigen Intervallen ab. Während der Praxisphasen wirst du in spannende Aufgaben unserer globalen IT‑Abteilungen eingebunden und erhältst Einblicke in …",0,9.856945,"{'tag': 'unknown', 'label': 'Unknown', '__CLASS__': 'Adzuna::API::Response::Category'}",48.383137,https://www.adzuna.de/land/ad/5743617594?se=4J4iJqeJ8RGy-dwpXG4wwQ&utm_medium=api&utm_source=a4bcf954&v=68184696643A641C3B0495FCF134879A1236B22B,"{'__CLASS__': 'Adzuna::API::Response::Location', 'display_name': 'Ulm, Baden-Württemberg', 'area': ['Deutschland', 'Baden-Württemberg', 'Ulm']}",5743617594,Adzuna::API::Response::Job,eyJhbGciOiJIUzI1NiJ9.eyJzIjoiNEo0aUpxZUo4Ukd5LWR3cFhHNHd3USIsImkiOiI1NzQzNjE3NTk0In0.uokH_0IqM1JMgjn4S97xXFfj0LHN3RiDsnV9J9ONwBo,"{'__CLASS__': 'Adzuna::API::Response::Company', 'display_name': 'Wieland Group'}",,,,
2026-06-18T01:08:56Z,Data Science und Künstliche Intelligenz (B.Sc.) 2027,"Dein Berufsbild: Du möchtest irgendwas mit Mathe und Programmieren machen und findest Technologien der Zukunft spannend? Dann entscheide dich für den Studiengang Data Science und Künstliche Intelligenz und hol alles aus den Daten heraus. In deinem Beruf bist du die Schnittstelle zwischen IT und Business. Du beherrschst die verschiedenen Technologien, bewertest deren Potenziale und weißt, wie man sie technisch umsetzt. In deinem dualen Studium erlernst du die Grundlagen, Konzepte und Methoden de…",0,8.412378,"{'tag': 'part-time-jobs', 'label': 'Teilzeitstellen', '__CLASS__': 'Adzuna::API::Response::Category'}",49.001249,https://www.adzuna.de/land/ad/5767328897?se=4J4iJqeJ8RGy-dwpXG4wwQ&utm_medium=api&utm_source=a4bcf954&v=035D23A311258786BF2486F5AFEF4CF66CBAE58C,"{'display_name': 'Karlsruhe, Karlsruhe (Kreis)', 'area': ['Deutschland', 'Baden-Württemberg', 'Karlsruhe (Kreis)', 'Karlsruhe'], '__CLASS__': 'Adzuna::API::Response::Location'}",5767328897,Adzuna::API::Response::Job,eyJhbGciOiJIUzI1NiJ9.eyJpIjoiNTc2NzMyODg5NyIsInMiOiI0SjRpSnFlSjhSR3ktZHdwWEc0d3dRIn0.-vZ7LlF2-xI14HPc8obIA75nSrHOt3T5-p-laoi6glQ,"{'__CLASS__': 'Adzuna::API::Response::Company', 'display_name': 'Siemens AG'}",,,,
2026-07-02T14:03:32Z,Data Science und Künstliche Intelligenz (B.Sc.) 2027,"Dein Berufsbild: Du möchtest irgendwas mit Mathe und Programmieren machen und findest Technologien der Zukunft spannend? Dann entscheide dich für den Studiengang Data Science und Künstliche Intelligenz und hol alles aus den Daten heraus. In deinem Beruf bist du die Schnittstelle zwischen IT und Business. Du beherrschst die verschiedenen Technologien, bewertest deren Potenziale und weißt, wie man sie technisch umsetzt. In deinem dualen Studium erlernst du die Grundlagen, Konzepte und Methoden de…",0,6.969972,"{'__CLASS__': 'Adzuna::API::Response::Category', 'tag': 'part-time-jobs', 'label': 'Teilzeitstellen'}",50.940164,https://www.adzuna.de/land/ad/5785412191?se=4J4iJqeJ8RGy-dwpXG4wwQ&utm_medium=api&utm_source=a4bcf954&v=D0A77CD380C46F611C880989E79CBA2570403C30,"{'area': ['Deutschland', 'Nordrhein-Westfalen', 'Köln'], 'display_name': 'Köln, Nordrhein-Westfalen', '__CLASS__': 'Adzuna::API::Response::Location'}",5785412191,Adzuna::API::Response::Job,eyJhbGciOiJIUzI1NiJ9.eyJzIjoiNEo0aUpxZUo4Ukd5LWR3cFhHNHd3USIsImkiOiI1Nzg1NDEyMTkxIn0.pNQM8GoVyS3A3yfCCjFrnDXlD_3zGzCRr_cT5jI5x-g,"{'display_name': 'Siemens AG', '__CLASS__': 'Adzuna::API::Response::Company'}",,,,
2026-07-20T15:32:57Z,Werkstudent (m/w/d) Service – Implementierung einer KI gestützten Bewertung von Reparaturteilen,"Werkstudent (m/w/d) Service – Implementierung einer KI gestützten Bewertung von Reparaturteilen Warthausen | zum nächstmöglichen Zeitpunkt KaVo Dental mit Hauptsitz im schwäbischen Biberach an der Riß zählt seit mehr als 110 Jahren zu den führenden Unternehmen der internationalen Dentalbranche. Rund 1.600 Mitarbeiter*innen verbindet ein gemeinsames Ziel: innovative, hochwertige Behandlungseinheiten, Instrumente, bildgebende Geräte und produktbegleitende Services zu entwickeln, zu produzieren un…",0,,"{'__CLASS__': 'Adzuna::API::Response::Category', 'label': 'Kundendienststellen', 'tag': 'customer-services-jobs'}",,https://www.adzuna.de/land/ad/5808152258?se=4J4iJqeJ8RGy-dwpXG4wwQ&utm_medium=api&utm_source=a4bcf954&v=C447217DB50B5434F730D1C35422A7B66A6C568F,"{'display_name': 'Deutschland', 'area': ['Deutschland'], '__CLASS__': 'Adzuna::API::Response::Location'}",5808152258,Adzuna::API::Response::Job,eyJhbGciOiJIUzI1NiJ9.eyJpIjoiNTgwODE1MjI1OCIsInMiOiI0SjRpSnFlSjhSR3ktZHdwWEc0d3dRIn0.RzgO7HwvdelkhJxSH5Ukw7J004QHr0FdnDJU4HCI_3g,"{'display_name': 'KaVo Dental GmbH', '__CLASS__': 'Adzuna::API::Response::Company'}",,,,
2026-06-18T03:49:11Z,Experte Energiewirtschaft Marktprozesse (m/w/d),"Du hast Lust auf innovative und nachhaltige Bau- & Immobilienprojekte? Dann bist du bei uns genau richtig. Von Büros, Konferenzräumen sowie Restaurants bis hin zu Wohnungen - Im TeamSCOS planen, bauen und betreuen wir ein großes Portfolio verschiedenster Immobilien – denn Vielfalt ist unsere Stärke! Bei uns kannst du spannende Projekte von Beginn bis zur Umsetzung begleiten und eigene Ideen einbringen. Vom Grundstückskauf über die Planung und dem Bau bis hin zum Facility Management - bei uns ha…",0,9.2274,"{'__CLASS__': 'Adzuna::API::Response::Category', 'label': 'Unknown', 'tag': 'unknown'}",49.18975,https://www.adzuna.de/land/ad/5767429371?se=4J4iJqeJ8RGy-dwpXG4wwQ&utm_medium=api&utm_source=a4bcf954&v=10E31A5B1F215C364F1055DE06FE6272E1F74E8B,"{'area': ['Deutschland', 'Baden-Württemberg', 'Heilbronn (Kreis)', 'Neckarsulm'], 'display_name': 'Neckarsulm, Heilbronn (Kreis)', '__CLASS__': 'Adzuna::API::Response::Location'}",5767429371,Adzuna::API::Response::Job,eyJhbGciOiJIUzI1NiJ9.eyJpIjoiNTc2NzQyOTM3MSIsInMiOiI0SjRpSnFlSjhSR3ktZHdwWEc0d3dRIn0.UsVY9L9zCHH-lreMvVoHj8p_8fMwFQAeAzCVj7q5BYg,"{'display_name': 'Schwarz Corporate Solutions', '__CLASS__': 'Adzuna::API::Response::Company'}",,,,
2026-07-21T13:02:40Z,Spezialist für Steuerungs- und Controllingsysteme - Schwerpunkt Data Science (w/m/d),"Hallo, lass uns WIR sagen! Wir - die HUK-COBURG Versicherungsgruppe - zählen zu den 10 größten in Deutschland. Vor über 90 Jahren gegründet sind wir mit über 13 Millionen Kund:innen heute der große Versicherer für Privathaushalte und der größte deutsche Autoversicherer. Dass wir oft preisgünstiger sind als andere Versicherungen, hat bei uns schon Tradition. Genau wie unser Ruf als Arbeitgeberin, mit der DU wachsen und deine persönlichen Ziele erreichen kannst. Bei uns kannst du eine spannende K…",0,10.96603,"{'tag': 'unknown', 'label': 'Unknown', '__CLASS__': 'Adzuna::API::Response::Category'}",50.25777,https://www.adzuna.de/land/ad/5809272651?se=4J4iJqeJ8RGy-dwpXG4wwQ&utm_medium=api&utm_source=a4bcf954&v=7BC1FB78BB2F34EAA94A0093FBDCD00E4DE59E07,"{'__CLASS__': 'Adzuna::API::Response::Location', 'area': ['Deutschland', 'Bayern', 'Coburg (Kreis)', 'Coburg'], 'display_name': 'Coburg, Coburg (Kreis)'}",5809272651,Adzuna::API::Response::Job,eyJhbGciOiJIUzI1NiJ9.eyJpIjoiNTgwOTI3MjY1MSIsInMiOiI0SjRpSnFlSjhSR3ktZHdwWEc0d3dRIn0.lUm-CrJUedkdcBWFrwFV_0C8m8QGh31cPVZ2qUvzPFg,"{'__CLASS__': 'Adzuna::API::Response::Company', 'display_name': 'HUK-COBURG Versicherungsgruppe'}",,,,
2026-07-14T19:09:30Z,Junior Market Research Manager Marktforschung / Market Intelligence / Data Science (m/w/d),"Wir überzeugen unsere Kunden mit hochpräzisen Messgeräten und innovativen Lösungen für das Messdatenmanagement von morgen. Seit 1957 entwickeln, produzieren und vermarkten aktuell 3.900 Mitarbeiter in weltweit 37 Tochtergesellschaften unsere Produkte. Gestalten Sie die Dinge mit und entwickeln Sie sich weiter. Wir sehen in Ihnen nicht nur den Mitarbeiter, sondern auch den Menschen! Aufgaben Ihre Aufgaben Im Innovation-Office tragen Sie im Team dazu bei, dass Produkt- und Innovationsentscheidung…",0,,"{'__CLASS__': 'Adzuna::API::Response::Category', 'tag': 'scientific-qa-jobs', 'label': 'Stellen aus Wissenschaft & Qualitätssicherung'}",,https://www.adzuna.de/land/ad/5800152788?se=4J4iJqeJ8RGy-dwpXG4wwQ&utm_medium=api&utm_source=a4bcf954&v=467B722D715C1A85260E5DF1E22836F724B5ACCD,"{'display_name': 'Deutschland', 'area': ['Deutschland'], '__CLASS__': 'Adzuna::API::Response::Location'}",5800152788,Adzuna::API::Response::Job,eyJhbGciOiJIUzI1NiJ9.eyJpIjoiNTgwMDE1Mjc4OCIsInMiOiI0SjRpSnFlSjhSR3ktZHdwWEc0d3dRIn0.y9uCVGsmBUk0Cr66scjkoCiIdc8OLF-QF59xDXTuBkA,"{'__CLASS__': 'Adzuna::API::Response::Company', 'display_name': 'Testo SE & Co. KGaA'}",,,,
2026-07-21T22:51:48Z,Arzt/Ärztin Schwerpunkt Data Science / Routinedatenanalyse im Bereich der neurovaskulären Forschung (m/w/d),"Stellenausschreibung, April 2026 Arzt/Ärztin mit ausschließlicher oder weit überwiegender Tätigkeit in der Wissenschaft mit Schwerpunkt Data Science / Routinedatenanalyse im Bereich der neurovaskulären Forschung, alternativ promovierte(r) Wissenschaftler/in mit Hintergrund Data Science - an der Klinik für Neurologie am Campus Lübeck (Direktor: Univ.-Prof. Dr. Jens Minnerup) Vollzeit oder Teilzeit | Befristung auf zunächst 3 Jahre | Perspektive auf langfristige Beschäftigung | Vergütung je nach …",0,10.69693,"{'tag': 'unknown', 'label': 'Unknown', '__CLASS__': 'Adzuna::API::Response::Category'}",53.85554,https://www.adzuna.de/details/5809665650?utm_medium=api&utm_source=a4bcf954,"{'__CLASS__': 'Adzuna::API::Response::Location', 'display_name': 'St. Jürgen, Lübeck', 'area': ['Deutschland', 'Schleswig-Holstein', 'Lübeck', 'St. Jürgen']}",5809665650,Adzuna::API::Response::Job,eyJhbGciOiJIUzI1NiJ9.eyJpIjoiNTgwOTY2NTY1MCIsInMiOiI0SjRpSnFlSjhSR3ktZHdwWEc0d3dRIn0.6cuXvS45NIUm8pcoeMTD-0ESpRfB13e_aonzGPF5qhk,"{'display_name': 'Universität zu Lübeck', '__CLASS__': 'Adzuna::API::Response::Company'}",,,,
2026-07-21T22:50:03Z,B.Sc. Data Science & KI (w/m/d),"Du liebst IT? Dann gestalte die KI-gestützte digitale Zukunft mit uns! Du möchtest Lösungen für die dringendsten und komplexesten Herausforderungen der digitalen Welt finden und dabei die digitale Transformation mitgestalten? Du möchtest ein Teil eines Weltklasse-Teams sein und bei einem ""next generation Tech Leader"" arbeiten? Dann starte bei uns als Nachwuchstalent in einem der zahlreichen dualen Studiengänge! Entdecke eine offene, multikulturelle Unternehmenskultur mit vielfältigen Entwicklun…",0,11.61884,"{'label': 'Teilzeitstellen', 'tag': 'part-time-jobs', '__CLASS__': 'Adzuna::API::Response::Category'}",48.10881,https://www.adzuna.de/land/ad/5809661530?se=4J4iJqeJ8RGy-dwpXG4wwQ&utm_medium=api&utm_source=a4bcf954&v=0D87F5F60A69E97C88D8B21A5B123BF8A5FB8D3A,"{'area': ['Deutschland', 'Bayern', 'München (Kreis)', 'München', 'Ramersdorf-Perlach'], 'display_name': 'Ramersdorf-Perlach, München', '__CLASS__': 'Adzuna::API::Response::Location'}",5809661530,Adzuna::API::Response::Job,eyJhbGciOiJIUzI1NiJ9.eyJpIjoiNTgwOTY2MTUzMCIsInMiOiI0SjRpSnFlSjhSR3ktZHdwWEc0d3dRIn0.12nJ0Lpq-difXbhe6zUIOz4Lgh0V9XKQ2TGNjN9oMFk,"{'display_name': 'Atos Information Technology', '__CLASS__': 'Adzuna::API::Response::Company'}",,,,
2026-07-21T22:59:51Z,Duales Bachelorstudium Softwaretechnologie Data Science (B.Sc.) - Marburg,"Dein Berufsbild: Du magst Mathe und möchtest später etwas mit Daten machen? Dich faszinieren datengestützte Tools, wie ChatGPT, und du kennst deren große Chance für die Zukunft? Dann bewirb dich für das duale Studium B. Sc. Softwaretechnologie - Data Science und entdecke mit uns, wie wir die Welt der Labordiagnostik durch datenbasierte Entscheidungen verändern können. Daten sind eines der Fundamente, damit Unternehmen bestmögliche Entscheidungen treffen können. Im Studiengang B. Sc. Softwaretec…",0,8.70301,"{'tag': 'part-time-jobs', 'label': 'Teilzeitstellen', '__CLASS__': 'Adzuna::API::Response::Category'}",50.81987,https://www.adzuna.de/land/ad/5809719280?se=4J4iJqeJ8RGy-dwpXG4wwQ&utm_medium=api&utm_source=a4bcf954&v=5FA0D99CBBC8D3B98F1AA90B09F46A94B18A8F1B,"{'area': ['Deutschland', 'Hessen', 'Marburg-Biedenkopf (Kreis)', 'Marburg', 'Dagobertshausen'], 'display_name': 'Dagobertshausen, Marburg', '__CLASS__': 'Adzuna::API::Response::Location'}",5809719280,Adzuna::API::Response::Job,eyJhbGciOiJIUzI1NiJ9.eyJpIjoiNTgwOTcxOTI4MCIsInMiOiI0SjRpSnFlSjhSR3ktZHdwWEc0d3dRIn0.fV5a_mppXVzq679A6uD258aO8Y_kDg2v0RpG5cdO_-k,"{'display_name': 'Siemens Healthineers AG', '__CLASS__': 'Adzuna::API::Response::Company'}",,,,
2026-07-21T22:58:09Z,Duales Studium Data Science und Künstliche Intelligenz (B. Sc.),"Vernetze mit uns die Welt von morgen. Du begeisterst dich für Informatik und möchtest die Energiewende aktiv mitgestalten? Bei der Netze BW, einem Tochterunternehmen der EnBW, kombinierst du dein duales Studium mit praxisnaher Arbeit an Lösungen, die Klimaschutz, erneuerbare Energien und intelligente Energienetze unterstützen. Gemeinsam treiben wir die digitale Transformation des Energiesystems voran– innovativ, verantwortungsvoll und zukunftsorientiert. Du@NetzeBW Du denkst gerne analytisch un…",0,9.78975,"{'__CLASS__': 'Adzuna::API::Response::Category', 'tag': 'part-time-jobs', 'label': 'Teilzeitstellen'}",48.0962,https://www.adzuna.de/land/ad/5809707908?se=4J4iJqeJ8RGy-dwpXG4wwQ&utm_medium=api&utm_source=a4bcf954&v=35C8A134897501298A7736E7277221FC23D915C8,"{'__CLASS__': 'Adzuna::API::Response::Location', 'display_name': 'Biberach an der Riß, Biberach (Kreis)', 'area': ['Deutschland', 'Baden-Württemberg', 'Biberach (Kreis)', 'Biberach an der Riß']}",5809707908,Adzuna::API::Response::Job,eyJhbGciOiJIUzI1NiJ9.eyJzIjoiNEo0aUpxZUo4Ukd5LWR3cFhHNHd3USIsImkiOiI1ODA5NzA3OTA4In0.wC8fwkhdSfhLKx1UBui7oTnjOHbM_v5OU2OJPkURBxU,"{'display_name': 'Netze BW GmbH', '__CLASS__': 'Adzuna::API::Response::Company'}",,,,
2026-07-22T23:03:35Z,DHBW Studium - Data Science und Künstliche Intelligenz (B.Sc.),Die Liebherr-Werk Ehingen GmbH zählt zu den weltweit führenden Herstellern von Fahrzeugkranen. Das Programm umfasst Teleskop- und Gittermastkrane auf Mobil- und Raupenfahrwerken. Seit der Gründung wurde die Produktionsstätte und ihre Kapazität kontinuierlich erweitert. Heute werden täglich sechs Fahrzeugkrane aus Ehingen in die ganze Welt geliefert. Mitarbeit an innovativen Projekten im Bereich Data Science und Künstliche Intelligenz Analyse und Auswertung großer Datenmengen zur Optimierung von…,0,9.72719,"{'__CLASS__': 'Adzuna::API::Response::Category', 'label': 'Teilzeitstellen', 'tag': 'part-time-jobs'}",48.28207,https://www.adzuna.de/land/ad/5811192948?se=4J4iJqeJ8RGy-dwpXG4wwQ&utm_medium=api&utm_source=a4bcf954&v=F05E48A8BD4A98071754B147890462AF80F65A81,"{'__CLASS__': 'Adzuna::API::Response::Location', 'area': ['Deutschland', 'Baden-Württemberg', 'Alb-Donau-Kreis', 'Ehingen (Donau)'], 'display_name': 'Ehingen (Donau), Alb-Donau-Kreis'}",5811192948,Adzuna::API::Response::Job,eyJhbGciOiJIUzI1NiJ9.eyJzIjoiNEo0aUpxZUo4Ukd5LWR3cFhHNHd3USIsImkiOiI1ODExMTkyOTQ4In0.LXDPury5uRGv2n7Ik9_eJA1AcoeAwtuOo13kYgP9po4,"{'display_name': 'Liebherr Firmengruppe', '__CLASS__': 'Adzuna::API::Response::Company'}",,,,
2026-07-11T20:51:31Z,Werkstudent*in MB.OS Demand & Change Management,"Life is always about becoming… Im Leben geht es darum, sich auf eine Reise zu begeben, um die beste Version unseres zukünftigen Selbst zu werden. Während wir Neues entdecken, stellen wir uns Herausforderungen, meistern sie und wachsen über uns hinaus. Bewerben Sie sich bei Mercedes-Benz und finden Sie den Aufgabenbereich, in dem Sie Ihre Talente individuell entfalten können. Dabei werden Sie von visionären Kolleginnen und Kollegen unterstützt, die Ihren Pioniergeist teilen. Bei uns einzusteigen…",0,9.026231,"{'tag': 'consultancy-jobs', 'label': 'Beraterstellen', '__CLASS__': 'Adzuna::API::Response::Category'}",48.720071,https://www.adzuna.de/land/ad/5797124618?se=4J4iJqeJ8RGy-dwpXG4wwQ&utm_medium=api&utm_source=a4bcf954&v=0739C3910D830F249393F111835B3E86AAB9D0B3,"{'display_name': 'Sindelfingen, Böblingen (Kreis)', 'area': ['Deutschland', 'Baden-Württemberg', 'Böblingen (Kreis)', 'Sindelfingen'], '__CLASS__': 'Adzuna::API::Response::Location'}",5797124618,Adzuna::API::Response::Job,eyJhbGciOiJIUzI1NiJ9.eyJpIjoiNTc5NzEyNDYxOCIsInMiOiI0SjRpSnFlSjhSR3ktZHdwWEc0d3dRIn0.dBtS3rMwrkSvbISVaQTd_bl1d4qI6QlMLI91ZixDFiU,"{'__CLASS__': 'Adzuna::API::Response::Company', 'display_name': 'Mercedes-Benz AG'}",,,,
2026-06-03T11:33:19Z,B.Sc. Data Science & KI (w/m/d),"Du liebst IT? Dann gestalte die KI-gestützte digitale Zukunft mit uns! Du möchtest Lösungen für die dringendsten und komplexesten Herausforderungen der digitalen Welt finden und dabei die digitale Transformation mitgestalten? Du möchtest ein Teil eines Weltklasse-Teams sein und bei einem ""next generation Tech Leader"" arbeiten? Dann starte bei uns als Nachwuchstalent in einem der zahlreichen dualen Studiengänge! Entdecke eine offene, multikulturelle Unternehmenskultur mit vielfältigen Entwicklun…",0,11.555737,"{'label': 'Teilzeitstellen', 'tag': 'part-time-jobs', '__CLASS__': 'Adzuna::API::Response::Category'}",48.137418,https://www.adzuna.de/land/ad/5750356415?se=4J4iJqeJ8RGy-dwpXG4wwQ&utm_medium=api&utm_source=a4bcf954&v=C71B76E76EFDB00FF969BA2BE5FCC984410EC0CD,"{'__CLASS__': 'Adzuna::API::Response::Location', 'display_name': 'München, München (Kreis)', 'area': ['Deutschland', 'Bayern', 'München (Kreis)', 'München']}",5750356415,Adzuna::API::Response::Job,eyJhbGciOiJIUzI1NiJ9.eyJpIjoiNTc1MDM1NjQxNSIsInMiOiI0SjRpSnFlSjhSR3ktZHdwWEc0d3dRIn0.pDJh051oaNhXPmQIwKbKaxDDvJmNBNkviQDt_b7VzwU,"{'display_name': 'Atos Information Technology', '__CLASS__': 'Adzuna::API::Response::Company'}",,,,
2026-07-23T09:43:37Z,Duales Studium (DHBW) - Wirtschaftsinformatik Software Engineering (d/m/w) 2027,"Du bist technikbegeistert und voller Ideen, mit denen Du die Welt bewegen willst? Dann ist eine Ausbildung oder ein duales Studium bei Schaeffler genau das Richtige für Dich. Ohne unsere Produkte könnten Autos nicht fahren, Maschinen nicht laufen und Flugzeuge nicht fliegen. Als führender Anbieter von Wälzlagern für sämtliche Industrien und wichtiger Partner im internationalen Automobilbau bietet Dir Schaeffler ein hervorragendes Umfeld für Deinen Start in die Berufswelt. Aufgaben Im Überblick …",0,10.88109,"{'__CLASS__': 'Adzuna::API::Response::Category', 'label': 'Unknown', 'tag': 'unknown'}",49.56892,https://www.adzuna.de/land/ad/5812014151?se=4J4iJqeJ8RGy-dwpXG4wwQ&utm_medium=api&utm_source=a4bcf954&v=DBCBC7EF0204EC1D750E8C50967F93260DE84715,"{'__CLASS__': 'Adzuna::API::Response::Location', 'display_name': 'Herzogenaurach, Erlangen-Höchstadt (Kreis)', 'area': ['Deutschland', 'Bayern', 'Erlangen-Höchstadt (Kreis)', 'Herzogenaurach']}",5812014151,Adzuna::API::Response::Job,eyJhbGciOiJIUzI1NiJ9.eyJzIjoiNEo0aUpxZUo4Ukd5LWR3cFhHNHd3USIsImkiOiI1ODEyMDE0MTUxIn0.ZJ-K6Po0sYW2P1B3XKbFUYQlDX1R3R1_Z-s4FuXWLIA,"{'display_name': 'Schaeffler Technologies AG & Co. KG', '__CLASS__': 'Adzuna::API::Response::Company'}",,,,
2026-07-23T09:43:36Z,Duales Studium (DHBW) - Cyber Security (d/m/w) 2027,"Du bist technikbegeistert und voller Ideen, mit denen Du die Welt bewegen willst? Dann ist eine Ausbildung oder ein duales Studium bei Schaeffler genau das Richtige für Dich. Ohne unsere Produkte könnten Autos nicht fahren, Maschinen nicht laufen und Flugzeuge nicht fliegen. Als führender Anbieter von Wälzlagern für sämtliche Industrien und wichtiger Partner im internationalen Automobilbau bietet Dir Schaeffler ein hervorragendes Umfeld für Deinen Start in die Berufswelt. Aufgaben Im Überblick …",0,10.88109,"{'__CLASS__': 'Adzuna::API::Response::Category', 'tag': 'unknown', 'label': 'Unknown'}",49.56892,https://www.adzuna.de/land/ad/5812014138?se=4J4iJqeJ8RGy-dwpXG4wwQ&utm_medium=api&utm_source=a4bcf954&v=5B02507BEDCBAB405DC5CCAA9A7116A8829FEFEC,"{'display_name': 'Herzogenaurach, Erlangen-Höchstadt (Kreis)', 'area': ['Deutschland', 'Bayern', 'Erlangen-Höchstadt (Kreis)', 'Herzogenaurach'], '__CLASS__': 'Adzuna::API::Response::Location'}",5812014138,Adzuna::API::Response::Job,eyJhbGciOiJIUzI1NiJ9.eyJzIjoiNEo0aUpxZUo4Ukd5LWR3cFhHNHd3USIsImkiOiI1ODEyMDE0MTM4In0.FzsQC2K-IhaVECvzymsPZGN5O6N00JT_avGlvshE1D4,"{'__CLASS__': 'Adzuna::API::Response::Company', 'display_name': 'Schaeffler Technologies AG & Co. KG'}",,,,
2026-07-23T00:48:33Z,(Senior) Risk Manager (m/w/d) Modeling & Data Science - Fokus Retail Credit Risk,"Wir machen Wünsche machbar – unsere Mission ist es, das Leben unserer Kund:innen zu bereichern und mit unseren Finanzdienstleistungen Träume zu verwirklichen. Wir verstehen uns nicht als typische Bank, sondern als lebendige Gemeinschaft von Gestalter:innen, die keine Angst davor haben, neue Wege zu gehen. Dabei setzen wir uns alle auch noch für Themen mit Impact wie Nachhaltigkeit und Digitalisierung ein – ob in unserer Zentrale in Stuttgart, an unserem Standort in Offenbach oder deutschlandwei…",0,9.187224,"{'__CLASS__': 'Adzuna::API::Response::Category', 'tag': 'other-general-jobs', 'label': 'Sonstige/Allgemeine Stellen'}",48.776198,https://www.adzuna.de/land/ad/5811453477?se=4J4iJqeJ8RGy-dwpXG4wwQ&utm_medium=api&utm_source=a4bcf954&v=A941201519F735C9B8A3B22DA1F7FE671E964088,"{'display_name': 'Stuttgart, Baden-Württemberg', 'area': ['Deutschland', 'Baden-Württemberg', 'Stuttgart'], '__CLASS__': 'Adzuna::API::Response::Location'}",5811453477,Adzuna::API::Response::Job,eyJhbGciOiJIUzI1NiJ9.eyJpIjoiNTgxMTQ1MzQ3NyIsInMiOiI0SjRpSnFlSjhSR3ktZHdwWEc0d3dRIn0.hhqCBjavmfGa-u2p-x5Un_83CfHYmTbdIJvFUvglAXc,"{'display_name': 'Creditplus Bank AG', '__CLASS__': 'Adzuna::API::Response::Company'}",,,,
2026-07-21T22:57:25Z,"Duales Studium Data Science&KI, Bachelor of Science, 2027",Auf einen Blick Studiengang: Data Science&KI Studienort: Duale Hochschule Baden-Württemberg Mannheim Studienbeginn: 1. Oktober 2027 (Wintersemester) Studiendauer: 3 Jahre Abschluss: Bachelor of Science (B.Sc.) Informationen unter: DHBW Data Science&KI Inhalte des dualen Studiums Du wolltest schon immer neues Wissen aus Daten gewinnen und innovative Anwendungen und Geschäftsmodelle kreieren? Dann ist dieses duale Studium genau das richtige für dich. In dem Studiengang Data Science&Künstliche Int…,0,10.76094,"{'tag': 'part-time-jobs', 'label': 'Teilzeitstellen', '__CLASS__': 'Adzuna::API::Response::Category'}",52.41001,https://www.adzuna.de/land/ad/5809702813?se=4J4iJqeJ8RGy-dwpXG4wwQ&utm_medium=api&utm_source=a4bcf954&v=6B971182D3CE48A2EF32FF60B52F8CE73EFD1162,"{'__CLASS__': 'Adzuna::API::Response::Location', 'area': ['Deutschland', 'Niedersachsen', 'Wolfsburg', 'Eichelkamp'], 'display_name': 'Eichelkamp, Wolfsburg'}",5809702813,Adzuna::API::Response::Job,eyJhbGciOiJIUzI1NiJ9.eyJpIjoiNTgwOTcwMjgxMyIsInMiOiI0SjRpSnFlSjhSR3ktZHdwWEc0d3dRIn0.hFy51WkvsjgKJ0GtBvwW3-DuGNq6fOdU2nVub6duKLQ,"{'display_name': 'dx.one GmbH - A Volkswagen Group Company', '__CLASS__': 'Adzuna::API::Response::Company'}",,,,
2026-07-21T23:00:24Z,Duales Studium Data Science und Künstliche Intelligenz (m/w/d),"In unserem dualen Studiengang Bachelor of Science in Data Science und Künstliche Intelligenz lernst du fundierte Inhalte der Informatik und erhältst gleichzeitig Einblicke in die KI, das maschinelle Lernen und Big Data. In den 3 Jahren Studium bist du pro Semester ca. 12 Wochen an der Dualen Hochschule Baden-Württemberg in Stuttgart und die restliche Zeit in deiner Telekom-Abteilung eingesetzt. Während deiner Studien- und Praxisphasen erwarten dich u. a.: Mathematik und Statistik Informatik und…",0,9.14057,"{'__CLASS__': 'Adzuna::API::Response::Category', 'label': 'Teilzeitstellen', 'tag': 'part-time-jobs'}",48.69447,https://www.adzuna.de/land/ad/5809722926?se=4J4iJqeJ8RGy-dwpXG4wwQ&utm_medium=api&utm_source=a4bcf954&v=C9CCA31AC8CA8EA46A8A2C78661FC833C3070E76,"{'__CLASS__': 'Adzuna::API::Response::Location', 'area': ['Deutschland', 'Baden-Württemberg', 'Esslingen (Kreis)', 'Leinfelden-Echterdingen'], 'display_name': 'Leinfelden-Echterdingen, Esslingen (Kreis)'}",5809722926,Adzuna::API::Response::Job,eyJhbGciOiJIUzI1NiJ9.eyJpIjoiNTgwOTcyMjkyNiIsInMiOiI0SjRpSnFlSjhSR3ktZHdwWEc0d3dRIn0.O-wZoAswb4jepKKtoVjxu5F3yQ6jJLEHPCIcJXKJ8Us,"{'display_name': 'Deutsche Telekom AG, Telekom Ausbildung', '__CLASS__': 'Adzuna::API::Response::Company'}",,,,
2026-07-21T23:00:00Z,Duales Studium Bachelor of Science - Data Science&Künstliche Intelligenz,Die GELITA-Unternehmensgruppe ist einer der führenden Hersteller von Kollagenproteinen weltweit und mit mehr als 2.900 Mitarbeitenden und 20 Standorten auf allen Kontinenten vertreten. Wir sind mit unserer globalen Präsenz im Markt für Gesundheit und Nahrungsergänzung genauso zu Hause wie in den Bereichen Pharmazie und Medizin. Darüber hinaus bieten wir mit unseren Produkten eine große Bandbreite anäußerst spannenden technologischen Anwendungen. Wir leben Innovation und folgen dabei konsequent …,0,8.98712,"{'tag': 'part-time-jobs', 'label': 'Teilzeitstellen', '__CLASS__': 'Adzuna::API::Response::Category'}",49.46241,https://www.adzuna.de/land/ad/5809720302?se=4J4iJqeJ8RGy-dwpXG4wwQ&utm_medium=api&utm_source=a4bcf954&v=F1FB08E1CCF69BF81BCDB7F262502C5137BBE1EE,"{'display_name': 'Eberbach, Rhein-Neckar-Kreis', 'area': ['Deutschland', 'Baden-Württemberg', 'Rhein-Neckar-Kreis', 'Eberbach'], '__CLASS__': 'Adzuna::API::Response::Location'}",5809720302,Adzuna::API::Response::Job,eyJhbGciOiJIUzI1NiJ9.eyJzIjoiNEo0aUpxZUo4Ukd5LWR3cFhHNHd3USIsImkiOiI1ODA5NzIwMzAyIn0.NlywCiM4tyQ6BgGwMAluo0ytQWU8_2ZQNfhx46oJJsI,"{'display_name': 'GELITA AG', '__CLASS__': 'Adzuna::API::Response::Company'}",,,,
2026-07-21T22:59:40Z,"Duales Studium Softwaretechnologie – Fachrichtung Data Science, Künstliche Intelligenz oder Software","Gemeinsam bewegen wir mehr. Nutze unsere vielfältigen Einsatzmöglichkeiten und beginne am 9. Juli 2027 Dein duales Studium in der Friedhelm Loh Group. Aufgaben Duales Bachelor Studium im Bereich Softwaretechnologie für die Fachrichtungen Data Science, Künstliche Intelligenz oder Softwareentwicklung Studiendauer 7 Semester in Kooperation mit der Technischen Hochschule Mittelhessen Reale Projekte und abwechslungsreiche Praxisphasen in verschiedenen Einsatzgebieten z. B. IT, Produktion, Forschung …",0,8.20531,"{'__CLASS__': 'Adzuna::API::Response::Category', 'tag': 'part-time-jobs', 'label': 'Teilzeitstellen'}",50.74164,https://www.adzuna.de/land/ad/5809718168?se=4J4iJqeJ8RGy-dwpXG4wwQ&utm_medium=api&utm_source=a4bcf954&v=9308A2C165962B9EE6220958B5F23FD881EA6FC5,"{'display_name': 'Haiger, Lahn-Dill-Kreis', 'area': ['Deutschland', 'Hessen', 'Lahn-Dill-Kreis', 'Haiger'], '__CLASS__': 'Adzuna::API::Response::Location'}",5809718168,Adzuna::API::Response::Job,eyJhbGciOiJIUzI1NiJ9.eyJzIjoiNEo0aUpxZUo4Ukd5LWR3cFhHNHd3USIsImkiOiI1ODA5NzE4MTY4In0.w4LxSTe-sF2S6YDaIYia5GQ_NNbmbpazMfpfFuyLuno,"{'__CLASS__': 'Adzuna::API::Response::Company', 'display_name': 'Loh Services GmbH&Co. KG'}",,,,
2026-07-21T22:57:49Z,Duales Studium Data Science und KI - Smart Operations Management 2027,"Einleitung Eine gute Idee war der Ursprung, ein erfolgreiches Konzept ist das Ergebnis. Qualität zum guten Preis möglichst vielen Menschen anbieten zu können treibt uns an - mittlerweile weltweit, denn wir sind Lidl. Hier ist das berufliche Zuhause vielfältiger Talente. Ob im Einkauf, in der Logistik, im Warengeschäft oder in der IT; ob als Impulsgeber, Gestalter oder Dienstleister der Länder. Wir suchen Anpacker, Durchstarter, Möglichmacher und bieten spannende Aufgaben und Projekte in einem d…",0,,"{'__CLASS__': 'Adzuna::API::Response::Category', 'label': 'Teilzeitstellen', 'tag': 'part-time-jobs'}",,https://www.adzuna.de/land/ad/5809705606?se=4J4iJqeJ8RGy-dwpXG4wwQ&utm_medium=api&utm_source=a4bcf954&v=716A4D78370FC74129C05A65C7389F2CA3A82880,"{'area': ['Deutschland'], 'display_name': 'Deutschland', '__CLASS__': 'Adzuna::API::Response::Location'}",5809705606,Adzuna::API::Response::Job,eyJhbGciOiJIUzI1NiJ9.eyJpIjoiNTgwOTcwNTYwNiIsInMiOiI0SjRpSnFlSjhSR3ktZHdwWEc0d3dRIn0.8u71HV3FkkWTjfFAlX1hO5gWG-M0nbgjCKz0Qe-FCGc,"{'__CLASS__': 'Adzuna::API::Response::Company', 'display_name': 'Lidl'}",,,,
2026-07-21T22:58:22Z,Duales Studium Data Science und Künstliche Intelligenz (B. Sc.) 2027,"Bei dm und dmTECH sind wir der Überzeugung, dass die Digitalisierung unsere Welt und unser Kaufverhalten verändert. Dabei spielt künstliche Intelligenz eine wichtige Rolle. Schon heute setzen wir auf modernste Technologien, um intelligente Lösungen zu entwickeln. Hierfür suchen wir lösungsorientierte Persönlichkeiten mit analytischem und mathematischem Denkvermögen sowie Leidenschaft für innovative Technologien. Das klingt nach Dir? Dann lass uns gemeinsam handeln – mit Deinem dualen Studium Da…",0,8.47624,"{'label': 'Teilzeitstellen', 'tag': 'part-time-jobs', '__CLASS__': 'Adzuna::API::Response::Category'}",49.00018,https://www.adzuna.de/land/ad/5809709303?se=4J4iJqeJ8RGy-dwpXG4wwQ&utm_medium=api&utm_source=a4bcf954&v=42E6EDABCFE1FC9D8338F311143BBA189ACA327E,"{'__CLASS__': 'Adzuna::API::Response::Location', 'display_name': 'Durlach, Karlsruhe', 'area': ['Deutschland', 'Baden-Württemberg', 'Karlsruhe (Kreis)', 'Karlsruhe', 'Durlach']}",5809709303,Adzuna::API::Response::Job,eyJhbGciOiJIUzI1NiJ9.eyJzIjoiNEo0aUpxZUo4Ukd5LWR3cFhHNHd3USIsImkiOiI1ODA5NzA5MzAzIn0.t_CH1mzyKT2n-SHruSBz_LIuDiTV3UkNlOYIIlOU3_M,"{'__CLASS__': 'Adzuna::API::Response::Company', 'display_name': 'dm-drogerie markt GmbH + Co. KG'}",,,,
2026-06-03T11:42:41Z,Duales Studium Data Science und KI - Smart Operations Management 2027,"Einleitung Eine gute Idee war der Ursprung, ein erfolgreiches Konzept ist das Ergebnis. Qualität zum guten Preis möglichst vielen Menschen anbieten zu können treibt uns an - mittlerweile weltweit, denn wir sind Lidl. Hier ist das berufliche Zuhause vielfältiger Talente. Ob im Einkauf, in der Logistik, im Warengeschäft oder in der IT; ob als Impulsgeber, Gestalter oder Dienstleister der Länder. Wir suchen Anpacker, Durchstarter, Möglichmacher und bieten spannende Aufgaben und Projekte in einem d…",0,9.2274,"{'__CLASS__': 'Adzuna::API::Response::Category', 'label': 'Teilzeitstellen', 'tag': 'part-time-jobs'}",49.18975,https://www.adzuna.de/land/ad/5750397287?se=4J4iJqeJ8RGy-dwpXG4wwQ&utm_medium=api&utm_source=a4bcf954&v=110DE8E37ED6B5E4544BEA7DC1D7B85CAA63F56A,"{'area': ['Deutschland', 'Baden-Württemberg', 'Heilbronn (Kreis)', 'Neckarsulm'], 'display_name': 'Neckarsulm, Heilbronn (Kreis)', '__CLASS__': 'Adzuna::API::Response::Location'}",5750397287,Adzuna::API::Response::Job,eyJhbGciOiJIUzI1NiJ9.eyJzIjoiNEo0aUpxZUo4Ukd5LWR3cFhHNHd3USIsImkiOiI1NzUwMzk3Mjg3In0.ckqOuQY1WBAATO4ZLmyq_10LuQzGtIxploVML_1-In8,"{'__CLASS__': 'Adzuna::API::Response::Company', 'display_name': 'Lidl'}",,,,
2026-06-18T01:08:56Z,Duales Studium Data Science und Künstliche Intelligenz (B. Sc.) 2027,"Bei dm und dmTECH sind wir der Überzeugung, dass die Digitalisierung unsere Welt und unser Kaufverhalten verändert. Dabei spielt künstliche Intelligenz eine wichtige Rolle. Schon heute setzen wir auf modernste Technologien, um intelligente Lösungen zu entwickeln. Hierfür suchen wir lösungsorientierte Persönlichkeiten mit analytischem und mathematischem Denkvermögen sowie Leidenschaft für innovative Technologien. Das klingt nach Dir? Dann lass uns gemeinsam handeln – mit Deinem dualen Studium Da…",0,8.412378,"{'label': 'Teilzeitstellen', 'tag': 'part-time-jobs', '__CLASS__': 'Adzuna::API::Response::Category'}",49.001249,https://www.adzuna.de/land/ad/5767328954?se=4J4iJqeJ8RGy-dwpXG4wwQ&utm_medium=api&utm_source=a4bcf954&v=D34C0F62A465DBD30DF42A788AD7309BCF9FF65B,"{'area': ['Deutschland', 'Baden-Württemberg', 'Karlsruhe (Kreis)', 'Karlsruhe'], 'display_name': 'Karlsruhe, Karlsruhe (Kreis)', '__CLASS__': 'Adzuna::API::Response::Location'}",5767328954,Adzuna::API::Response::Job,eyJhbGciOiJIUzI1NiJ9.eyJzIjoiNEo0aUpxZUo4Ukd5LWR3cFhHNHd3USIsImkiOiI1NzY3MzI4OTU0In0.Y_2MFHTXboyIPCUN5ZIxL0aiK0bhk6V2BKXR_PeaPsE,"{'display_name': 'dm-drogerie markt GmbH + Co. KG', '__CLASS__': 'Adzuna::API::Response::Company'}",,,,
2026-07-14T19:48:30Z,Duales Studium Data Science Und Künstliche Intelligenz 2027 (m/w/d),"Als weltweit agierendes Unternehmen benötigen wir eine IT-Landschaft, die jederzeit reibungslos funktioniert, sich stets auf dem neuesten Stand der Technik befindet und sich an den Bedürfnissen unserer Kunden innerhalb der Unternehmen der Schwarz Gruppe orientiert. An der Schnittstelle zwischen Daten und IT erarbeiten wir tragfähige Lösungen, die maßgeblich und sichtbar zu unserem Erfolg . klicken sie bewerben, für die volle Stellenbeschreibung",0,9.21629,"{'__CLASS__': 'Adzuna::API::Response::Category', 'tag': 'trade-construction-jobs', 'label': 'Stellen aus Handel & Bau'}",49.2291,https://www.adzuna.de/land/ad/5800169653?se=4J4iJqeJ8RGy-dwpXG4wwQ&utm_medium=api&utm_source=a4bcf954&v=CA2EB85E086EF8F9FD2B63DD60D3B506D15CCC62,"{'__CLASS__': 'Adzuna::API::Response::Location', 'display_name': 'Bad Friedrichshall, Heilbronn (Kreis)', 'area': ['Deutschland', 'Baden-Württemberg', 'Heilbronn (Kreis)', 'Bad Friedrichshall']}",5800169653,Adzuna::API::Response::Job,eyJhbGciOiJIUzI1NiJ9.eyJzIjoiNEo0aUpxZUo4Ukd5LWR3cFhHNHd3USIsImkiOiI1ODAwMTY5NjUzIn0.9lIwfjlT_8OTvoAZB8kuYE2p-br6sYLOPnhFb8UA1Iw,"{'__CLASS__': 'Adzuna::API::Response::Company', 'display_name': 'Schwarz Digits'}",,,,
2026-07-23T03:25:49Z,Data/System Architekt Finance & Controlling (m/w/d),"Wir sind nicht irgendein Unternehmen. Felix Schoeller ist ein echtes Familienunternehmen. Und wir verstehen uns auch als Familie – seit 1895. Unseren Weg begleiten engagierte Mitarbeitende und herausfordernde Aufgaben in einem internationalen Umfeld. Dabei setzen wir auf Flexibilität, Verantwortung und Vertrauen und geben den Raum zu wachsen. Denn wie in einer Familie heißt es bei uns: Dein Weg ist unser Weg. Dabei sind wir weltweit an 14 Standorten in 9 Ländern über 2.500 begeisterte Fachleute…",0,8.055137,"{'__CLASS__': 'Adzuna::API::Response::Category', 'label': 'Unknown', 'tag': 'unknown'}",52.274227,https://www.adzuna.de/land/ad/5811679288?se=4J4iJqeJ8RGy-dwpXG4wwQ&utm_medium=api&utm_source=a4bcf954&v=BC89FC62DB1E9659656236F1DD935B5E6689910C,"{'__CLASS__': 'Adzuna::API::Response::Location', 'display_name': 'Osnabrück, Osnabrück (Kreis)', 'area': ['Deutschland', 'Niedersachsen', 'Osnabrück (Kreis)', 'Osnabrück']}",5811679288,Adzuna::API::Response::Job,eyJhbGciOiJIUzI1NiJ9.eyJpIjoiNTgxMTY3OTI4OCIsInMiOiI0SjRpSnFlSjhSR3ktZHdwWEc0d3dRIn0.RiB8xExbnVFb2PHmiYkvfuq1HsPmqpNAmT0QVV4qCCo,"{'__CLASS__': 'Adzuna::API::Response::Company', 'display_name': 'Felix Schoeller GmbH & Co. KG'}",,,,
2026-07-22T10:27:44Z,Wissenschaftliche Mitarbeiterin / wissenschaftlicher Mitarbeiter (w/m/d) mit dem Ziel der Promotion im Bereich Spatial Data Science,"Das Bundesinstitut für Bau-, Stadt- und Raum­forschung (BBSR) sucht für das Referat RS 1 „Raumentwicklung“ in Bonn zum nächst­möglichen Zeitpunkt befristet auf drei Jahre eine / einen wissenschaftliche Mitarbeiterin / wissenschaftlichen Mitarbeiter (w/m/d) mit dem Ziel der Promotion im Bereich Spatial Data Science Knr. 188.1-25 Ver­gütung E 13 TVöD Beschäftigungs­art befristet auf drei Jahre Wochen­stunden 39h Arbeits­ort Bonn Bewerbungs­frist 26.07.2026 Das BBSR im Bundesamt für Bauwesen und R…",0,7.112412,"{'label': 'Stellen für Hochschulabsolventen', 'tag': 'graduate-jobs', '__CLASS__': 'Adzuna::API::Response::Category'}",50.71942,https://www.adzuna.de/land/ad/5810555581?se=4J4iJqeJ8RGy-dwpXG4wwQ&utm_medium=api&utm_source=a4bcf954&v=05B701B13280030A32FE358663F20995AEA54351,"{'__CLASS__': 'Adzuna::API::Response::Location', 'area': ['Deutschland', 'Nordrhein-Westfalen', 'Bonn'], 'display_name': 'Bonn, Nordrhein-Westfalen'}",5810555581,Adzuna::API::Response::Job,eyJhbGciOiJIUzI1NiJ9.eyJzIjoiNEo0aUpxZUo4Ukd5LWR3cFhHNHd3USIsImkiOiI1ODEwNTU1NTgxIn0.lLcrJfeCzpcyrGNolYxXUmMNfWYGl3zckKgygZ0z_6M,"{'__CLASS__': 'Adzuna::API::Response::Company', 'display_name': 'Bundesinstitut für Bau-, Stadt- und Raumforschung '}",,,,
2026-07-25T12:47:50Z,Duales Studium (TH) inkl. Ausbildung (IHK) - Informatik (d/m/w) 2027,"Du bist technikbegeistert und voller Ideen, mit denen Du die Welt bewegen willst? Dann ist eine Ausbildung oder ein duales Studium bei Schaeffler genau das Richtige für Dich. Ohne unsere Produkte könnten Autos nicht fahren, Maschinen nicht laufen und Flugzeuge nicht fliegen. Als führender Anbieter von Wälzlagern für sämtliche Industrien und wichtiger Partner im internationalen Automobilbau bietet Dir Schaeffler ein hervorragendes Umfeld für Deinen Start in die Berufswelt. Aufgaben Im Überblick …",0,10.88109,"{'tag': 'it-jobs', 'label': 'IT-Stellen', '__CLASS__': 'Adzuna::API::Response::Category'}",49.56892,https://www.adzuna.de/land/ad/5815320323?se=4J4iJqeJ8RGy-dwpXG4wwQ&utm_medium=api&utm_source=a4bcf954&v=221BF6D4F1F012D310DCB2BDFFD4309BEA2F8210,"{'display_name': 'Herzogenaurach, Erlangen-Höchstadt (Kreis)', 'area': ['Deutschland', 'Bayern', 'Erlangen-Höchstadt (Kreis)', 'Herzogenaurach'], '__CLASS__': 'Adzuna::API::Response::Location'}",5815320323,Adzuna::API::Response::Job,eyJhbGciOiJIUzI1NiJ9.eyJpIjoiNTgxNTMyMDMyMyIsInMiOiI0SjRpSnFlSjhSR3ktZHdwWEc0d3dRIn0.S3R_yhyKHIyrXg4YKg-Nwf4QD5rgaBb-HF9DQpMDbOA,"{'display_name': 'Schaeffler Technologies AG & Co. KG', '__CLASS__': 'Adzuna::API::Response::Company'}",,,,
2026-07-21T22:58:40Z,Duales Studium – Data Science und Künstliche Intelligenz (m/w/d) 2027,"Einleitung: Duales Studium – Data Science und Künstliche Intelligenz (m/w/d) 2027 Du bist fasziniert von der Welt der Daten und IT? Du möchtest aktiv dazu beitragen, komplexe Datensätze zu analysieren, um wertvolle Erkenntnisse zu gewinnen und innovative Lösungen zu entwickeln? Daten sind für dich nicht nur Rohmaterial, sondern das Fundament für die digitale Transformation – eine Quelle für relevante Erkenntnisse und die Basis für zukunftsweisende Entwicklungen in Wissenschaft, Wirtschaft und T…",0,8.63966,"{'__CLASS__': 'Adzuna::API::Response::Category', 'label': 'Teilzeitstellen', 'tag': 'part-time-jobs'}",50.21936,https://www.adzuna.de/land/ad/5809711115?se=4J4iJqeJ8RGy-dwpXG4wwQ&utm_medium=api&utm_source=a4bcf954&v=8C8002D51AC2F328F776A7555B2E9947BD38A547,"{'__CLASS__': 'Adzuna::API::Response::Location', 'area': ['Deutschland', 'Hessen', 'Hochtaunuskreis', 'Bad Homburg vor der Höhe', 'Gonzenheim'], 'display_name': 'Gonzenheim, Bad Homburg vor der Höhe'}",5809711115,Adzuna::API::Response::Job,eyJhbGciOiJIUzI1NiJ9.eyJzIjoiNEo0aUpxZUo4Ukd5LWR3cFhHNHd3USIsImkiOiI1ODA5NzExMTE1In0.G18BVR0RIl9Z87FJM1ytkwilBqU3FE-Yp98ejxruBVM,"{'display_name': 'Fresenius SE&Co. KGaA', '__CLASS__': 'Adzuna::API::Response::Company'}",,,,
2026-07-21T22:59:50Z,Duales Studium Data Science und Künstliche Intelligenz 2027 (w/m/d),"Wir sind die Deutsche Bahn. Millionen Fahrgäste sind jeden Tag mit uns unterwegs und wir transportieren enorme Gütermengen – deutschlandweit sowie im angrenzenden Europa. Zu oft enttäuschen wir auch. Deshalb arbeiten wir mit Hochdruck an einer besseren Bahn. Dafür brauchen wir Power und dich! Wir sind eine der vielfältigsten Arbeitgeber:innen Deutschlands. Jedes Jahr suchen wir rund 500 Dual Studierende in 25 verschiedenen Studiengängen, die gemeinsam mit uns die Bahn Tag für Tag ein Stück bess…",0,8.66358,"{'label': 'Teilzeitstellen', '__CLASS__': 'Adzuna::API::Response::Category', 'tag': 'part-time-jobs'}",50.1179,https://www.adzuna.de/land/ad/5809719114?se=EqG1J6eJ8RGoi58VtPRQBg&utm_medium=api&utm_source=a4bcf954&v=7E7F2642C9EDCEF205C59F3460172EC06E8AF569,"{'area': ['Deutschland', 'Hessen', 'Frankfurt am Main', 'Westend-Süd'], 'display_name': 'Westend-Süd, Frankfurt am Main', '__CLASS__': 'Adzuna::API::Response::Location'}",5809719114,Adzuna::API::Response::Job,eyJhbGciOiJIUzI1NiJ9.eyJzIjoiRXFHMUo2ZUo4UkdvaTU4VnRQUlFCZyIsImkiOiI1ODA5NzE5MTE0In0.WWRGEo8Dg81HnAt0V69Jcg-ZertJPSHr2N7H3y_3p-M,"{'display_name': 'Deutsche Bahn AG', '__CLASS__': 'Adzuna::API::Response::Company'}",,,,
2026-07-21T22:51:43Z,Dualer Student (m/w/d) - Data Science & Scientific Computing Bachelor,"Willkommen bei ASMPT. Hier bist du auf dem direkten Weg in das digitale Zeitalter. Mit 12.000 Mitarbeitenden weltweit sind wir technologischer Prozesspartner für die Elektronikindustrie und brennen für innovative Automatisierungsstrategien am Puls der Zeit. Mit unseren smarten Lösungen fordern unsere passionierten Teams den technischen Status quo immer wieder heraus und setzen so neue Maßstäbe für die Fertigung von Smartphones, Computern, Netzwerken, autonomen Fahrzeugen, intelligenten Maschine…",0,11.54065,"{'label': 'Teilzeitstellen', '__CLASS__': 'Adzuna::API::Response::Category', 'tag': 'part-time-jobs'}",48.11989,https://www.adzuna.de/land/ad/5809665230?se=EqG1J6eJ8RGoi58VtPRQBg&utm_medium=api&utm_source=a4bcf954&v=78A41CF8EAED59AE821D70060CAD5D5DB74A409A,"{'display_name': 'Sendling, München', '__CLASS__': 'Adzuna::API::Response::Location', 'area': ['Deutschland', 'Bayern', 'München (Kreis)', 'München', 'Sendling']}",5809665230,Adzuna::API::Response::Job,eyJhbGciOiJIUzI1NiJ9.eyJzIjoiRXFHMUo2ZUo4UkdvaTU4VnRQUlFCZyIsImkiOiI1ODA5NjY1MjMwIn0.eBkKszNM4pX_wF0PfZuTX6y4bNdOvrmDV51mW0nZIMs,"{'__CLASS__': 'Adzuna::API::Response::Company', 'display_name': 'ASMPT GmbH & Co. KG'}",,,,
2026-07-21T22:49:23Z,Duales Studium Angewandte Künstliche Intelligenz (M.Sc.) - Einstieg Data Science,"Deine Aufgaben Du möchtest nicht nur Daten analysieren, sondern verstehen, wie aus Daten wertvolle Erkenntnisse entstehen, die die digitale Zukunft der HDI Group gestalten? Die 31-monatige IT-Ausbildung kombiniert praktische Arbeit im Bereich Data Science mit theoretischem Wissen, das Du im Studiengang ""Angewandte Künstliche Intelligenz"" an der FHDW in Mettmann erwirbst. Du arbeitest an spannenden Projekten rund um AI, GenAI, Machine Learning, und Cloud-Services. Du entwickelst Lösungen, die un…",0,6.89704,"{'label': 'Teilzeitstellen', 'tag': 'part-time-jobs', '__CLASS__': 'Adzuna::API::Response::Category'}",51.20188,https://www.adzuna.de/land/ad/5809658760?se=EqG1J6eJ8RGoi58VtPRQBg&utm_medium=api&utm_source=a4bcf954&v=3C823783CC4057B3D91D960BBFDCA065DEF4C80C,"{'__CLASS__': 'Adzuna::API::Response::Location', 'display_name': 'Unterbach, Düsseldorf', 'area': ['Deutschland', 'Nordrhein-Westfalen', 'Düsseldorf', 'Unterbach']}",5809658760,Adzuna::API::Response::Job,eyJhbGciOiJIUzI1NiJ9.eyJpIjoiNTgwOTY1ODc2MCIsInMiOiJFcUcxSjZlSjhSR29pNThWdFBSUUJnIn0.R970Zy_-Momhn5thN0wwICkRW9-6G4DWsi2C_8DHm3Y,"{'__CLASS__': 'Adzuna::API::Response::Company', 'display_name': 'HDI AG'}",,,,
2026-07-21T22:57:59Z,Duales Bachelorstudium Data Science in Technik und Wirtschaft (B.Eng.) - Erlangen/Forchheim,"Dein Berufsbild: Du magst Mathe und möchtest später etwas mit Daten machen? Dich faszinieren datengestützte Tools, wie ChatGPT, und du kennst deren große Chance für die Zukunft? Dann bewirb dich für das duale Studium B.Eng. Data Science in Technik und Wirtschaft und entdecke mit uns, wie wir die Welt der Medizintechnik durch datenbasierte Entscheidungen verändern können. Daten sind eines der Fundamente, damit Unternehmen bestmögliche Entscheidungen treffen können. Im Studiengang B.Eng. Data Sci…",0,11.04167,"{'label': 'Teilzeitstellen', '__CLASS__': 'Adzuna::API::Response::Category', 'tag': 'part-time-jobs'}",49.59899,https://www.adzuna.de/land/ad/5809706785?se=EqG1J6eJ8RGoi58VtPRQBg&utm_medium=api&utm_source=a4bcf954&v=54D1718A30FAD1AF9C21556F3F76C1D3ED3F8680,"{'area': ['Deutschland', 'Bayern', 'Erlangen', 'Anger'], '__CLASS__': 'Adzuna::API::Response::Location', 'display_name': 'Anger, Erlangen'}",5809706785,Adzuna::API::Response::Job,eyJhbGciOiJIUzI1NiJ9.eyJzIjoiRXFHMUo2ZUo4UkdvaTU4VnRQUlFCZyIsImkiOiI1ODA5NzA2Nzg1In0.wZ-MWnDv3n4p8ERc44-JhOrIjT3OJ6-UDYu-_xyMnq4,"{'display_name': 'Siemens Healthineers AG', '__CLASS__': 'Adzuna::API::Response::Company'}",,,,
2026-07-21T23:00:14Z,Duales Studium Data Science&KI (Bachelor of Science) ab 2027,"Duales Studium Data Science&KI (Bachelor of Science) ab 2027 Reinhold-Vöster-Straße 21-29 71229, Leonberg Baden-Württemberg GEZE Leonberg | DHBW Stuttgart | ab 01.10.2027 GEZE gehört zu den weltweit führenden Unternehmen für Produkte, Systemlösungen und umfassenden Service rund um Türen und Fenster. Der Spezialist für innovative und moderne Tür-, Fenster- und Sicherheitstechnik erzielt mit fundierter Branchen- und Fachkenntnis seitüber 160 Jahren herausragende Ergebnisse, die Gebäude lebenswert…",0,9.01646,"{'tag': 'part-time-jobs', '__CLASS__': 'Adzuna::API::Response::Category', 'label': 'Teilzeitstellen'}",48.80225,https://www.adzuna.de/land/ad/5809721724?se=EqG1J6eJ8RGoi58VtPRQBg&utm_medium=api&utm_source=a4bcf954&v=B0412E1A1F453F3C1ABFF8B5D24F88A8AFA3AF7D,"{'area': ['Deutschland', 'Baden-Württemberg', 'Böblingen (Kreis)', 'Leonberg'], '__CLASS__': 'Adzuna::API::Response::Location', 'display_name': 'Leonberg, Böblingen (Kreis)'}",5809721724,Adzuna::API::Response::Job,eyJhbGciOiJIUzI1NiJ9.eyJpIjoiNTgwOTcyMTcyNCIsInMiOiJFcUcxSjZlSjhSR29pNThWdFBSUUJnIn0.Xr60JujTPK_SkjND0CF4TM_LewJdmfpwxS9VyNVcd-4,"{'__CLASS__': 'Adzuna::API::Response::Company', 'display_name': 'GEZE GmbH'}",,,,
2026-07-21T22:54:13Z,Bachelor of Science (m/w/d) - Wirtschaftsinformatik - Studiengang Data Science,"Inhalte und Aufgaben Ein praxisorientiertes Studium in Verbindung mit der Duale Hochschule Baden-Württemberg in Stuttgart, bei dem Sie die theoretischen Studieninhalte direkt on the job anwenden können Softwareentwicklung mit Open Source/Java, Pega, SAP oder SAS: Wir machen Sie fit für die digitalen Anforderungen der Zukunft Server, Netze und Datenbanken sind Ihre neuen Tools, die Sie verstehen und einzusetzen lernen Agile Arbeitsmethoden, Business-Analyse. Data Science, UI/UX-Design bis hin zu…",0,9.18451,"{'label': 'Teilzeitstellen', '__CLASS__': 'Adzuna::API::Response::Category', 'tag': 'part-time-jobs'}",48.86157,https://www.adzuna.de/land/ad/5809681410?se=EqG1J6eJ8RGoi58VtPRQBg&utm_medium=api&utm_source=a4bcf954&v=D0E4B5D7586BEACD1B24B25998253AD96C422AF5,"{'area': ['Deutschland', 'Baden-Württemberg', 'Ludwigsburg (Kreis)', 'Kornwestheim'], '__CLASS__': 'Adzuna::API::Response::Location', 'display_name': 'Kornwestheim, Ludwigsburg (Kreis)'}",5809681410,Adzuna::API::Response::Job,eyJhbGciOiJIUzI1NiJ9.eyJzIjoiRXFHMUo2ZUo4UkdvaTU4VnRQUlFCZyIsImkiOiI1ODA5NjgxNDEwIn0.RhyXnskEk11GBJ-XWgx9iLFmludaSvWQ6vuy0VIDoQ8,"{'__CLASS__': 'Adzuna::API::Response::Company', 'display_name': 'Wüstenrot & Württembergische-Gruppe'}",,,,
2026-07-21T22:59:59Z,Bachelor of Science Data Science&künstliche Intelligenz (m/w/d),DAS ERWARTET DICH IM PRAXISTEIL DU möchtest gemeinsam mit uns Mannheim noch digitaler machen? Der Praxisteil deines Studiums findet im Fachbereich Informationstechnologie der Stadt Mannheim statt. Dort hast du die Möglichkeit fundierte Einblicke in die Bereiche Grundlagen der IT und Verwaltungswirtschaft zu bekommen. Außerdem lernst du alles rund um den intelligenten und verantwortungsvollen Umgang mit Daten und wirst zum Experten in Sachen zukunftsfähiger Technologien und deren Einsatzmöglichk…,0,8.46027,"{'label': 'Teilzeitstellen', '__CLASS__': 'Adzuna::API::Response::Category', 'tag': 'part-time-jobs'}",49.49301,https://www.adzuna.de/land/ad/5809720185?se=EqG1J6eJ8RGoi58VtPRQBg&utm_medium=api&utm_source=a4bcf954&v=E53B61D43FA7E5AE960510F34290EA6A28D333C8,"{'__CLASS__': 'Adzuna::API::Response::Location', 'display_name': 'Innenstadt, Mannheim', 'area': ['Deutschland', 'Baden-Württemberg', 'Mannheim', 'Innenstadt']}",5809720185,Adzuna::API::Response::Job,eyJhbGciOiJIUzI1NiJ9.eyJzIjoiRXFHMUo2ZUo4UkdvaTU4VnRQUlFCZyIsImkiOiI1ODA5NzIwMTg1In0.kVdfCBw2C3u3Ly6jI4wFPU4BDUmTxEwy5YMqUu12VSE,"{'__CLASS__': 'Adzuna::API::Response::Company', 'display_name': 'Stadt Mannheim'}",,,,
2026-07-21T22:58:46Z,Duales Studium: Data Science und Künstliche Intelligenz (m/w/d) - 2027,"Mit rund 46.000 Mitarbeitenden sowie rund 3.000 Auszubildenden in über 40 Ausbildungsberufen und dualen Studiengängen im Einzelhandel, Großhandel und in der Produktion sind wir einer der größten Arbeitgeber der Region. Rund 1.100 Märkte, sechs Logistikzentren und sechs Produktionsbetriebe in fünf Bundesländern gehören zu EDEKA Südwest. Was macht man da aus sich? Im Fokus steht der reibungslose Fluss von Informationen innerhalb des Unternehmens. Schon während des Studiums betreust du selbstständ…",0,7.94837,"{'tag': 'part-time-jobs', '__CLASS__': 'Adzuna::API::Response::Category', 'label': 'Teilzeitstellen'}",48.42392,https://www.adzuna.de/land/ad/5809711808?se=EqG1J6eJ8RGoi58VtPRQBg&utm_medium=api&utm_source=a4bcf954&v=956C9D75E6951532FBC07B45EB2492E2E79F64A8,"{'area': ['Deutschland', 'Baden-Württemberg', 'Ortenaukreis', 'Offenburg', 'Zunsweier'], 'display_name': 'Zunsweier, Offenburg', '__CLASS__': 'Adzuna::API::Response::Location'}",5809711808,Adzuna::API::Response::Job,eyJhbGciOiJIUzI1NiJ9.eyJzIjoiRXFHMUo2ZUo4UkdvaTU4VnRQUlFCZyIsImkiOiI1ODA5NzExODA4In0.YVS8renDRhdtM_N1KqAtfeeRo7Dp-vw8Q6x9VVgYQ3c,"{'display_name': 'EDEKA Südwest Stiftung&Co. KG', '__CLASS__': 'Adzuna::API::Response::Company'}",,,,
2026-07-21T22:52:48Z,Duales Studium Bachelor of Science - Informatik / Wirtschaftsinformatik / Data Science & KI,"Das bieten wir: - Mitverantwortung im Tagessgeschäft und eigenverantwortliche Umsetzung von Studenten-Projekten - Work-Life-Balance dank flexiblem Arbeitszeitenmodell - Mitwirkung auf unseren Social-Media-Kanälen (Instagram, Facebook, TikTok, Youtube, ) - Kollegialer Umgang und offene Kommunikation mit Kollegen - Kaffeeecke, Tischtennis, Tischkicker, Lese-Ecke, Cafeteria, Terrasse, … wenn du mal eine Pause brauchst - Finanzielle Unterstützung beim Auslandspraktikum - betriebliche Zusatzkrankenv…",0,8.77577,"{'label': 'Teilzeitstellen', 'tag': 'part-time-jobs', '__CLASS__': 'Adzuna::API::Response::Category'}",47.85762,https://www.adzuna.de/land/ad/5809673497?se=EqG1J6eJ8RGoi58VtPRQBg&utm_medium=api&utm_source=a4bcf954&v=CB3B507468637B8056244D9DDE8A1667B7C7D336,"{'area': ['Deutschland', 'Baden-Württemberg', 'Konstanz (Kreis)', 'Engen'], 'display_name': 'Engen, Konstanz (Kreis)', '__CLASS__': 'Adzuna::API::Response::Location'}",5809673497,Adzuna::API::Response::Job,eyJhbGciOiJIUzI1NiJ9.eyJpIjoiNTgwOTY3MzQ5NyIsInMiOiJFcUcxSjZlSjhSR29pNThWdFBSUUJnIn0.hEYooQoiNfqChT-CTe-7uaTPGo9X6kP9IG4pv6WWvWw,"{'display_name': 'allsafe GmbH & Co. KG', '__CLASS__': 'Adzuna::API::Response::Company'}",,,,
2026-06-28T01:17:07Z,Duales Studium – Data Science und Künstliche Intelligenz (m/w/d) 2027,"Einleitung: Duales Studium – Data Science und Künstliche Intelligenz (m/w/d) 2027 Du bist fasziniert von der Welt der Daten und IT? Du möchtest aktiv dazu beitragen, komplexe Datensätze zu analysieren, um wertvolle Erkenntnisse zu gewinnen und innovative Lösungen zu entwickeln? Daten sind für dich nicht nur Rohmaterial, sondern das Fundament für die digitale Transformation – eine Quelle für relevante Erkenntnisse und die Basis für zukunftsweisende Entwicklungen in Wissenschaft, Wirtschaft und T…",0,8.63966,"{'label': 'Teilzeitstellen', '__CLASS__': 'Adzuna::API::Response::Category', 'tag': 'part-time-jobs'}",50.21936,https://www.adzuna.de/land/ad/5779597035?se=EqG1J6eJ8RGoi58VtPRQBg&utm_medium=api&utm_source=a4bcf954&v=57CAC761ACC0CB746DB546B2E7E71C2DA0EC9430,"{'display_name': 'Bad Homburg vor der Höhe, Hochtaunuskreis', '__CLASS__': 'Adzuna::API::Response::Location', 'area': ['Deutschland', 'Hessen', 'Hochtaunuskreis', 'Bad Homburg vor der Höhe']}",5779597035,Adzuna::API::Response::Job,eyJhbGciOiJIUzI1NiJ9.eyJzIjoiRXFHMUo2ZUo4UkdvaTU4VnRQUlFCZyIsImkiOiI1Nzc5NTk3MDM1In0.iEUQY306oH7NwaJReOAelczdiNE0025Hz3jh-1guqaQ,"{'__CLASS__': 'Adzuna::API::Response::Company', 'display_name': 'Fresenius SE&Co. KGaA'}",,,,
2026-07-15T14:41:15Z,Duales Studium Data Science und Künstliche Intelligenz 2027 (w/m/d),"Wir sind die Deutsche Bahn. Millionen Fahrgäste sind jeden Tag mit uns unterwegs und wir transportieren enorme Gütermengen – deutschlandweit sowie im angrenzenden Europa. Zu oft enttäuschen wir auch. Deshalb arbeiten wir mit Hochdruck an einer besseren Bahn. Dafür brauchen wir Power und dich! Wir sind eine der vielfältigsten Arbeitgeber:innen Deutschlands. Jedes Jahr suchen wir rund 500 Dual Studierende in 25 verschiedenen Studiengängen, die gemeinsam mit uns die Bahn Tag für Tag ein Stück bess…",0,8.650578,"{'label': 'Teilzeitstellen', '__CLASS__': 'Adzuna::API::Response::Category', 'tag': 'part-time-jobs'}",50.129683,https://www.adzuna.de/land/ad/5801157289?se=EqG1J6eJ8RGoi58VtPRQBg&utm_medium=api&utm_source=a4bcf954&v=AB65D418D9741FB4641CCD6A5D8614BDC910BDBA,"{'area': ['Deutschland', 'Hessen', 'Frankfurt am Main'], '__CLASS__': 'Adzuna::API::Response::Location', 'display_name': 'Frankfurt am Main, Hessen'}",5801157289,Adzuna::API::Response::Job,eyJhbGciOiJIUzI1NiJ9.eyJpIjoiNTgwMTE1NzI4OSIsInMiOiJFcUcxSjZlSjhSR29pNThWdFBSUUJnIn0.V6-o-nmOetQuWMiGC3KegS40AwVxG_2Y4mpGSpzwDSg,"{'display_name': 'Deutsche Bahn AG', '__CLASS__': 'Adzuna::API::Response::Company'}",,,,
2026-06-03T11:34:00Z,Dualer Student (m/w/d) - Data Science & Scientific Computing Bachelor,"Willkommen bei ASMPT. Hier bist du auf dem direkten Weg in das digitale Zeitalter. Mit 12.000 Mitarbeitenden weltweit sind wir technologischer Prozesspartner für die Elektronikindustrie und brennen für innovative Automatisierungsstrategien am Puls der Zeit. Mit unseren smarten Lösungen fordern unsere passionierten Teams den technischen Status quo immer wieder heraus und setzen so neue Maßstäbe für die Fertigung von Smartphones, Computern, Netzwerken, autonomen Fahrzeugen, intelligenten Maschine…",0,11.555737,"{'label': 'Teilzeitstellen', 'tag': 'part-time-jobs', '__CLASS__': 'Adzuna::API::Response::Category'}",48.137418,https://www.adzuna.de/land/ad/5750360385?se=EqG1J6eJ8RGoi58VtPRQBg&utm_medium=api&utm_source=a4bcf954&v=D0DF4373E4704CC85E24991C16B79454A4AE637D,"{'area': ['Deutschland', 'Bayern', 'München (Kreis)', 'München'], 'display_name': 'München, München (Kreis)', '__CLASS__': 'Adzuna::API::Response::Location'}",5750360385,Adzuna::API::Response::Job,eyJhbGciOiJIUzI1NiJ9.eyJpIjoiNTc1MDM2MDM4NSIsInMiOiJFcUcxSjZlSjhSR29pNThWdFBSUUJnIn0.61iqrPPntv29vwcsZqaAoXQrktk1QpssAYGlghtJ_Ns,"{'display_name': 'ASMPT GmbH & Co. KG', '__CLASS__': 'Adzuna::API::Response::Company'}",,,,
2026-06-17T13:17:48Z,Duales Bachelorstudium Data Science in Technik und Wirtschaft (B.Eng.) - Erlangen/Forchheim,"Dein Berufsbild: Du magst Mathe und möchtest später etwas mit Daten machen? Dich faszinieren datengestützte Tools, wie ChatGPT, und du kennst deren große Chance für die Zukunft? Dann bewirb dich für das duale Studium B.Eng. Data Science in Technik und Wirtschaft und entdecke mit uns, wie wir die Welt der Medizintechnik durch datenbasierte Entscheidungen verändern können. Daten sind eines der Fundamente, damit Unternehmen bestmögliche Entscheidungen treffen können. Im Studiengang B.Eng. Data Sci…",0,10.984506,"{'__CLASS__': 'Adzuna::API::Response::Category', 'tag': 'part-time-jobs', 'label': 'Teilzeitstellen'}",49.577521,https://www.adzuna.de/land/ad/5766706265?se=EqG1J6eJ8RGoi58VtPRQBg&utm_medium=api&utm_source=a4bcf954&v=66F0723CBAA37A63EAA8BB4C63A95584B42DD6A8,"{'display_name': 'Erlangen, Bayern', '__CLASS__': 'Adzuna::API::Response::Location', 'area': ['Deutschland', 'Bayern', 'Erlangen']}",5766706265,Adzuna::API::Response::Job,eyJhbGciOiJIUzI1NiJ9.eyJpIjoiNTc2NjcwNjI2NSIsInMiOiJFcUcxSjZlSjhSR29pNThWdFBSUUJnIn0.6St5VnE-rI1kjBdLV57ziueNssSG0pKM9TdkEm2036s,"{'display_name': 'Siemens Healthineers AG', '__CLASS__': 'Adzuna::API::Response::Company'}",,,,
2026-07-02T19:37:57Z,Duales Studium Wirtschaftsinformatik 2027 Neckarsulm (m/w/d),"Als weltweit agierendes Unternehmen benötigen wir eine IT-Landschaft, die jederzeit reibungslos funktioniert, sich stets auf dem neuesten Stand der Technik befindet und sich an den Bedürfnissen unserer Kunden innerhalb den Unternehmen der Schwarz Gruppe orientiert. An der Schnittstelle zwischen BWL und IT erarbeiten wir tragfähige Lösungen, die maßgeblich und sichtbar zu unserem Erfolg beitragen. {Programmbeginn:} 01.09.2027 mit dem Begrüßungsmonat {Studienbeginn:} 01.10.2027 {Studiendauer:} 3 …",0,9.21629,"{'label': 'Unknown', '__CLASS__': 'Adzuna::API::Response::Category', 'tag': 'unknown'}",49.2291,https://www.adzuna.de/land/ad/5785691611?se=EqG1J6eJ8RGoi58VtPRQBg&utm_medium=api&utm_source=a4bcf954&v=F6D2D169808DF55DF594E349BED24D0130B66831,"{'display_name': 'Bad Friedrichshall, Heilbronn (Kreis)', '__CLASS__': 'Adzuna::API::Response::Location', 'area': ['Deutschland', 'Baden-Württemberg', 'Heilbronn (Kreis)', 'Bad Friedrichshall']}",5785691611,Adzuna::API::Response::Job,eyJhbGciOiJIUzI1NiJ9.eyJzIjoiRXFHMUo2ZUo4UkdvaTU4VnRQUlFCZyIsImkiOiI1Nzg1NjkxNjExIn0.WuGbzzpPLvL1q0WM802AYVpalxZBMii7hsdyTpJwCeM,"{'__CLASS__': 'Adzuna::API::Response::Company', 'display_name': 'Schwarz Digits'}",,,,
2026-07-26T06:56:30Z,PreMaster Programm im Bereich IT und Datenanalyse im Produktionsbereich Si-Epitaxie (w/m/div.),"Möchten Sie Ihre Ideen in nutzbringende und sinnvolle Technologien verwandeln? Ob im Bereich Mobility Solutions, Consumer Goods, Industrial Technology oder Energy and Building Technology - mit uns verbessern Sie die Lebensqualität der Menschen auf der ganzen Welt. Willkommen bei Bosch. Die Robert Bosch GmbH freut sich auf Ihre Bewerbung! Anstellungsart: Befristet Arbeitszeit: Vollzeit Arbeitsort: Reutlingen Aufgaben Im Rahmen unserer 12-monatigen Unternehmensphase unterstützt du aktiv die hocht…",0,9.202888,"{'__CLASS__': 'Adzuna::API::Response::Category', 'tag': 'pr-advertising-marketing-jobs', 'label': 'Stellen aus PR, Werbung & Marketing'}",48.506053,https://www.adzuna.de/land/ad/5816157795?se=EqG1J6eJ8RGoi58VtPRQBg&utm_medium=api&utm_source=a4bcf954&v=1AE6E01AEBA466A4BBA537E95B78EC7CE7522746,"{'area': ['Deutschland', 'Baden-Württemberg', 'Reutlingen (Kreis)', 'Reutlingen'], 'display_name': 'Reutlingen, Reutlingen (Kreis)', '__CLASS__': 'Adzuna::API::Response::Location'}",5816157795,Adzuna::API::Response::Job,eyJhbGciOiJIUzI1NiJ9.eyJpIjoiNTgxNjE1Nzc5NSIsInMiOiJFcUcxSjZlSjhSR29pNThWdFBSUUJnIn0.lpm5wnk5hWcimQKxe0fqI1uKWKZnJfZcnaA9l9oyE3I,"{'display_name': 'Bosch Gruppe', '__CLASS__': 'Adzuna::API::Response::Company'}",,,,
2026-07-08T18:25:55Z,PreMaster Programm in Digitalisierung und Prozessmanagement im Einkauf (w/m/div.),"Möchten Sie Ihre Ideen in nutzbringende und sinnvolle Technologien verwandeln? Ob im Bereich Mobility Solutions, Consumer Goods, Industrial Technology oder Energy and Building Technology - mit uns verbessern Sie die Lebensqualität der Menschen auf der ganzen Welt. Willkommen bei Bosch. Die Robert Bosch GmbH freut sich auf Ihre Bewerbung! Anstellungsart: Befristet Arbeitszeit: Vollzeit Arbeitsort: Reutlingen Aufgaben Als PreMaster analysierst und optimierst du End-to-End-Einkaufsprozesse und ent…",0,9.202888,"{'tag': 'manufacturing-jobs', '__CLASS__': 'Adzuna::API::Response::Category', 'label': 'Stellen aus Fertigung'}",48.506053,https://www.adzuna.de/land/ad/5792832554?se=EqG1J6eJ8RGoi58VtPRQBg&utm_medium=api&utm_source=a4bcf954&v=8691BA523FE0278A004B2658B83B2473B90C2E96,"{'area': ['Deutschland', 'Baden-Württemberg', 'Reutlingen (Kreis)', 'Reutlingen'], '__CLASS__': 'Adzuna::API::Response::Location', 'display_name': 'Reutlingen, Reutlingen (Kreis)'}",5792832554,Adzuna::API::Response::Job,eyJhbGciOiJIUzI1NiJ9.eyJpIjoiNTc5MjgzMjU1NCIsInMiOiJFcUcxSjZlSjhSR29pNThWdFBSUUJnIn0.ZPX6PVctN4XpZTq5wIHwbM-ouK37iUYOadIsfOEIw7U,"{'display_name': 'Bosch Gruppe', '__CLASS__': 'Adzuna::API::Response::Company'}",,,,
2026-07-22T10:30:26Z,Wissenschaftliche Mitarbeiterin / Wissenschaftlicher Mitarbeiter (w/m/d) mit dem Ziel der Promotion im Bereich Spatial Data Science,"Das Bundesinstitut für Bau-, Stadt- und Raumforschung (BBSR) sucht für das Referat RS 1 „Raumentwicklung“ in Bonn zum nächst­möglichen Zeit­punkt befristet auf drei Jahre eine / einen wissenschaftliche Mitarbeiterin / wissenschaftlichen Mitarbeiter (w/m/d) mit dem Ziel der Promotion im Bereich Spatial Data Science Knr. 054.3-25 Ver­gütung E 13 TVöD Beschäftigungs­art befristet auf drei Jahre Wochen­stunden 39h Arbeits­ort Bonn Bewerbungs­frist 26.07.2026 Das BBSR im Bundesamt für Bauwesen und R…",0,7.112412,"{'label': 'Stellen für Hochschulabsolventen', '__CLASS__': 'Adzuna::API::Response::Category', 'tag': 'graduate-jobs'}",50.71942,https://www.adzuna.de/land/ad/5810567415?se=EqG1J6eJ8RGoi58VtPRQBg&utm_medium=api&utm_source=a4bcf954&v=84181EF8F16B202182CED2BE7E1C3010CE53A244,"{'__CLASS__': 'Adzuna::API::Response::Location', 'display_name': 'Bonn, Nordrhein-Westfalen', 'area': ['Deutschland', 'Nordrhein-Westfalen', 'Bonn']}",5810567415,Adzuna::API::Response::Job,eyJhbGciOiJIUzI1NiJ9.eyJzIjoiRXFHMUo2ZUo4UkdvaTU4VnRQUlFCZyIsImkiOiI1ODEwNTY3NDE1In0.WT3CmQb0IiECioZgSsBSi8VHQDfz_68hMR0KLTpad6w,"{'__CLASS__': 'Adzuna::API::Response::Company', 'display_name': 'Bundesinstitut für Bau-, Stadt- und Raumforschung '}",,,,
2026-07-24T15:02:55Z,Teamlead Artificial Intelligence - MLOps / Machine Learning (m/w/d),"Die ADI Solutions GmbH steht für moderne Softwareentwicklung – international ausgerichtet. An unseren Standorten in Osnabrück und Venlo sowie gemeinsam mit internationalen Kollegen entwickeln rund 50 Mitarbeitende Lösungen, die weltweit im Einsatz sind – bei über 100 Kunden in mehr als 25 Ländern. Was uns antreibt, ist die Verbindung von Menschen, Ideen und Technologien. Ob ERP mit Microsoft Dynamics 365 Business Central, Business Intelligence, Power Platform, Web-Apps oder KI – wir schaffen Lö…",0,8.055137,"{'__CLASS__': 'Adzuna::API::Response::Category', 'tag': 'consultancy-jobs', 'label': 'Beraterstellen'}",52.274227,https://www.adzuna.de/land/ad/5813842154?se=EqG1J6eJ8RGoi58VtPRQBg&utm_medium=api&utm_source=a4bcf954&v=150DEB8C82E2383AC553AEC26E7D401A3CFA64C7,"{'area': ['Deutschland', 'Niedersachsen', 'Osnabrück (Kreis)', 'Osnabrück'], 'display_name': 'Osnabrück, Osnabrück (Kreis)', '__CLASS__': 'Adzuna::API::Response::Location'}",5813842154,Adzuna::API::Response::Job,eyJhbGciOiJIUzI1NiJ9.eyJzIjoiRXFHMUo2ZUo4UkdvaTU4VnRQUlFCZyIsImkiOiI1ODEzODQyMTU0In0.DyYCjNe1pZvQk0vFbs0KXf4i9X8sJ17p67cGomAdoWs,"{'display_name': 'ADI Solutions GmbH', '__CLASS__': 'Adzuna::API::Response::Company'}",,,,
2026-07-21T22:59:37Z,Duales Studium (DHBW) - Data Science und künstliche Intelligenz (d/m/w) 2027,"Du bist technikbegeistert und voller Ideen, mit denen Du die Welt bewegen willst? Dann ist eine Ausbildung oder ein duales Studium bei Schaeffler genau das Richtige für Dich. Ohne unsere Produkte könnten Autos nicht fahren, Maschinen nicht laufen und Flugzeuge nicht fliegen. Als führender Anbieter von Wälzlagern für sämtliche Industrien und wichtiger Partner im internationalen Automobilbau bietet Dir Schaeffler ein hervorragendes Umfeld für Deinen Start in die Berufswelt. Ausbildungsschwerpunkt…",0,10.88109,"{'label': 'Teilzeitstellen', '__CLASS__': 'Adzuna::API::Response::Category', 'tag': 'part-time-jobs'}",49.56892,https://www.adzuna.de/land/ad/5809717760?se=EqG1J6eJ8RGoi58VtPRQBg&utm_medium=api&utm_source=a4bcf954&v=1E43E255BF74FAC549AB0AFA2EC1264381917ED2,"{'__CLASS__': 'Adzuna::API::Response::Location', 'display_name': 'Herzogenaurach, Erlangen-Höchstadt (Kreis)', 'area': ['Deutschland', 'Bayern', 'Erlangen-Höchstadt (Kreis)', 'Herzogenaurach']}",5809717760,Adzuna::API::Response::Job,eyJhbGciOiJIUzI1NiJ9.eyJpIjoiNTgwOTcxNzc2MCIsInMiOiJFcUcxSjZlSjhSR29pNThWdFBSUUJnIn0.k7qg4B_iXEuulbN2dQ5bs86MHVUY2ZgUlXH_8b0qVgw,"{'display_name': 'Schaeffler Technologies AG&Co. KG', '__CLASS__': 'Adzuna::API::Response::Company'}",,,,
2026-07-21T22:58:57Z,Duales Studium - Wirtschaftsinformatik Data Science (B. Sc. m/w/d) 2027,"Das kannst Du von uns erwarten: Technik und Wirtschaft gehören für Dich zusammen? Du begeisterst Dich für Informationstechnologien ebenso wie fürökonomische Zusammenhänge und möchtest Theorie direkt in der Praxis anwenden? Dann ist das Duale Studium Wirtschaftsinformatik mit Schwerpunkt Data Science– in Kooperation mit der Dualen Hochschule Baden-Württemberg (DHBW) in Stuttgart– genau das Richtige für Dich. Kennenlernen innovativer IT-Systeme, moderner Datenanalyseverfahren sowie deren Einsatz …",0,9.37738,"{'__CLASS__': 'Adzuna::API::Response::Category', 'tag': 'part-time-jobs', 'label': 'Teilzeitstellen'}",48.67129,https://www.adzuna.de/land/ad/5809713215?se=EqG1J6eJ8RGoi58VtPRQBg&utm_medium=api&utm_source=a4bcf954&v=0FF24845F9EFA0B4D95FB57543D4A17647CA9855,"{'__CLASS__': 'Adzuna::API::Response::Location', 'display_name': 'Wendlingen am Neckar, Esslingen (Kreis)', 'area': ['Deutschland', 'Baden-Württemberg', 'Esslingen (Kreis)', 'Wendlingen am Neckar']}",5809713215,Adzuna::API::Response::Job,eyJhbGciOiJIUzI1NiJ9.eyJpIjoiNTgwOTcxMzIxNSIsInMiOiJFcUcxSjZlSjhSR29pNThWdFBSUUJnIn0.pLH0dl7lVzqAqs26LlN4yzwKso1GjmnmhHueeQjcLKU,"{'__CLASS__': 'Adzuna::API::Response::Company', 'display_name': 'Festool Group'}",,,,
2026-07-21T22:58:51Z,Duales Studium (B.Sc.) - Data Science und Künstliche Intelligenz (m/w/d),"ÜBER UNS Wir bei BASF Digital Solutions machen die Digitalisierung der BASF möglich. Als deutsche Gruppengesellschaft der BASF mit Sitz in Ludwigshafen und Standorten wie Madrid, Schwarzheide beschäftigt die BASF Digital Solutions GmbH rund 1.700 Mitarbeiter. Digitalisierung ist einer der Schwerpunkte der neuen Unternehmensstrategie von BASF. In agilen Teams wollen wir neue digitale Lösungen einführen, die für unseren Kunden einen klaren Mehrwert darstellen. Alle relevanten Informationen zu dei…",0,8.30861,"{'label': 'Teilzeitstellen', '__CLASS__': 'Adzuna::API::Response::Category', 'tag': 'part-time-jobs'}",49.50109,https://www.adzuna.de/land/ad/5809712345?se=EqG1J6eJ8RGoi58VtPRQBg&utm_medium=api&utm_source=a4bcf954&v=3C5228B220FE514E15E3F8F4F2BCB49B81EA1B4D,"{'area': ['Deutschland', 'Rheinland-Pfalz', 'Ludwigshafen am Rhein', 'Friesenheim/Nord'], 'display_name': 'Friesenheim/Nord, Ludwigshafen am Rhein', '__CLASS__': 'Adzuna::API::Response::Location'}",5809712345,Adzuna::API::Response::Job,eyJhbGciOiJIUzI1NiJ9.eyJpIjoiNTgwOTcxMjM0NSIsInMiOiJFcUcxSjZlSjhSR29pNThWdFBSUUJnIn0.g2qG1iZLR3J1NxHrHLVOkdHhbOMY-YQEgSUGeRcxck0,"{'display_name': 'BASF', '__CLASS__': 'Adzuna::API::Response::Company'}",,,,
2026-07-21T22:51:09Z,Hochschule München: Duales Studium Data Science und Scientific Computing (B.Sc.) 2027,"Wir alle haben als Kinder davon geträumt, Großes zu bewirken – ob als gute Feen, Stars im Rampenlicht oder Weltraumreisende im All. Höchste Zeit, dass diese Träume wahr werden! Dein Traumschiff? Die BayernLB! Bei uns steuern wir einer blühenden Zukunft entgegen und kämpfen als Fortschrittsfinanzierer für die Welt von morgen. Unsere Feenflügel und Raumanzüge haben wir abgelegt. Nicht aber unsere Ziele. Denen sind wir näher denn je. Als Spezialbank fokussieren wir uns auf ausgesuchte Zukunftssekt…",0,11.56907,"{'__CLASS__': 'Adzuna::API::Response::Category', 'tag': 'part-time-jobs', 'label': 'Teilzeitstellen'}",48.14093,https://www.adzuna.de/land/ad/5809663975?se=EqG1J6eJ8RGoi58VtPRQBg&utm_medium=api&utm_source=a4bcf954&v=8F98C12C0A71041C93EAC4F797E4696C686B411D,"{'__CLASS__': 'Adzuna::API::Response::Location', 'display_name': 'Altstadt-Lehel, München', 'area': ['Deutschland', 'Bayern', 'München (Kreis)', 'München', 'Altstadt-Lehel']}",5809663975,Adzuna::API::Response::Job,eyJhbGciOiJIUzI1NiJ9.eyJpIjoiNTgwOTY2Mzk3NSIsInMiOiJFcUcxSjZlSjhSR29pNThWdFBSUUJnIn0.HziD2Ey8qdJnauhOAxFYpi8YDDmZuwmQenningzhqPQ,"{'display_name': 'Bayerische Landesbank ', '__CLASS__': 'Adzuna::API::Response::Company'}",,,,
2026-07-24T23:09:30Z,Duales Studium Data Science und Künstliche Intelligenz (B.Sc.) (m/w/d),"Deine Aufgaben: Studierenden der Komm.ONE werden fundierte Kenntnisse im Bereich der Betriebswirtschaftslehre und Informatik vermittelt. Beispiele für die vielfältigen Einsatzgebiete von Wirtschaftsinformatikern sind die Entwicklung moderner Informationssysteme, die Optimierung komplexer Geschäftsprozesse oder die Leitung interner oder externer Projekte. Um die Komm.ONE kennen zu lernen und erste Kontakte zu knüpfen, beginnst du bei uns im Betrieb mit einem Vorpraktikum bereits zum 1. September…",0,7.82367,"{'tag': 'part-time-jobs', '__CLASS__': 'Adzuna::API::Response::Category', 'label': 'Teilzeitstellen'}",48.01513,https://www.adzuna.de/land/ad/5814302887?se=EqG1J6eJ8RGoi58VtPRQBg&utm_medium=api&utm_source=a4bcf954&v=AE1BA404F1DDB5370FBE96900BE37C4D882940E0,"{'area': ['Deutschland', 'Baden-Württemberg', 'Freiburg im Breisgau', 'Betzenhausen'], '__CLASS__': 'Adzuna::API::Response::Location', 'display_name': 'Betzenhausen, Freiburg im Breisgau'}",5814302887,Adzuna::API::Response::Job,eyJhbGciOiJIUzI1NiJ9.eyJpIjoiNTgxNDMwMjg4NyIsInMiOiJFcUcxSjZlSjhSR29pNThWdFBSUUJnIn0.K60XdELQJjnCKKLlVeZsPLyvUQGh5HTmwiqYoWLYxQo,"{'__CLASS__': 'Adzuna::API::Response::Company', 'display_name': 'Komm.ONE AöR'}",,,,
2026-07-21T18:57:04Z,"Duales Studium - Data Science Und Künstliche Intelligenz (m/w/x), Beginn Herbst 2027","Sich etwas Neues trauen, über sich hinauswachsen und dabei die Grenzen des Machbaren neu definieren. Genau das ist es, was unsere Mitarbeitenden täglich leben dürfen und sollen. Um mit unseren Innovationen ein Zeichen zu setzen und Großartiges zu ermöglichen. Denn hinter jedem erfolgreichen Unternehmen stehen eine ganze Menge faszinierende Menschen. In einem offenen und modernen Umfeld . klicken sie bewerben, für die volle Stellenbeschreibung",0,10.10558,"{'label': 'Stellen aus Handel & Bau', '__CLASS__': 'Adzuna::API::Response::Category', 'tag': 'trade-construction-jobs'}",48.78408,https://www.adzuna.de/land/ad/5809549074?se=EqG1J6eJ8RGoi58VtPRQBg&utm_medium=api&utm_source=a4bcf954&v=21B52AEF9328D469090D433922BC93DABB1C318B,"{'__CLASS__': 'Adzuna::API::Response::Location', 'display_name': 'Oberkochen, Ostalbkreis', 'area': ['Deutschland', 'Baden-Württemberg', 'Ostalbkreis', 'Oberkochen']}",5809549074,Adzuna::API::Response::Job,eyJhbGciOiJIUzI1NiJ9.eyJzIjoiRXFHMUo2ZUo4UkdvaTU4VnRQUlFCZyIsImkiOiI1ODA5NTQ5MDc0In0.IokFPEQBhfOWlMH-OgPzltFuWRWHMdF5HMzUfnEqv_o,"{'display_name': 'ZEISS', '__CLASS__': 'Adzuna::API::Response::Company'}",,,,
2026-07-24T15:12:04Z,Duales Studium Data Science und Künstliche Intelligenz (B.Sc.) (m/w/d),"Deine Aufgaben: Studierenden der Komm.ONE werden fundierte Kenntnisse im Bereich der Betriebswirtschaftslehre und Informatik vermittelt. Beispiele für die vielfältigen Einsatzgebiete von Wirtschaftsinformatikern sind die Entwicklung moderner Informationssysteme, die Optimierung komplexer Geschäftsprozesse oder die Leitung interner oder externer Projekte. Um die Komm.ONE kennen zu lernen und erste Kontakte zu knüpfen, beginnst du bei uns im Betrieb mit einem Vorpraktikum bereits zum 1. September…",0,7.816286,"{'label': 'Teilzeitstellen', 'tag': 'part-time-jobs', '__CLASS__': 'Adzuna::API::Response::Category'}",47.999458,https://www.adzuna.de/land/ad/5813864350?se=EqG1J6eJ8RGoi58VtPRQBg&utm_medium=api&utm_source=a4bcf954&v=3E53C66DF757775099A42CF46B6C4A01BF6C1B85,"{'__CLASS__': 'Adzuna::API::Response::Location', 'display_name': 'Freiburg im Breisgau, Baden-Württemberg', 'area': ['Deutschland', 'Baden-Württemberg', 'Freiburg im Breisgau']}",5813864350,Adzuna::API::Response::Job,eyJhbGciOiJIUzI1NiJ9.eyJzIjoiRXFHMUo2ZUo4UkdvaTU4VnRQUlFCZyIsImkiOiI1ODEzODY0MzUwIn0.BBbqy6MfvThd3SVojOVlit2JSr7orTmoxNvZt_Fqd88,"{'__CLASS__': 'Adzuna::API::Response::Company', 'display_name': 'Komm.ONE AöR'}",,,,
2026-07-24T21:46:36Z,Working Student (f/m/d) - Cloud SaaS Sales Operations & Data Science,Working Student (f/m/d) - Cloud SaaS Sales Operations & Data Science Siemens Digital Industries Software is not a manufacturing company. We are a growing software company - bringing the technologies and innovations of tomorrow to our customers today. The role you apply for today is only the first step in your Siemens journey. Join our team as Working Student (f/m/d) - Cloud SaaS Sales Operations & Data Science in Erlangen or München and help us digitalize the future. What role will you play? Yo…,0,10.984506,"{'label': 'IT-Stellen', 'tag': 'it-jobs', '__CLASS__': 'Adzuna::API::Response::Category'}",49.577521,https://www.adzuna.de/land/ad/5814251236?se=EqG1J6eJ8RGoi58VtPRQBg&utm_medium=api&utm_source=a4bcf954&v=5AF9CA861C57E81FDB5AB15E836F71C8669B5F30,"{'area': ['Deutschland', 'Bayern', 'Erlangen'], 'display_name': 'Erlangen, Bayern', '__CLASS__': 'Adzuna::API::Response::Location'}",5814251236,Adzuna::API::Response::Job,eyJhbGciOiJIUzI1NiJ9.eyJpIjoiNTgxNDI1MTIzNiIsInMiOiJFcUcxSjZlSjhSR29pNThWdFBSUUJnIn0.VQ16TRfREeka9mjuHjdv7OC6qMOmR77_yWuAfza63IM,"{'display_name': 'Digital Industries', '__CLASS__': 'Adzuna::API::Response::Company'}",,,,
2026-07-16T16:15:42Z,Application Manager (m/w/d) Künstliche Intelligenz,"Mit Ihrem Know-how und Ihren Ideen gestalten Sie die Digitalisierung des Freistaats Thüringen aktiv mit. Sie denken lösungsorientiert, arbeiten strukturiert und behalten auch in komplexen Situationen den Überblick? Dann sind Sie beim Thüringer Landesrechenzentrum genau richtig. Gemeinsam mit dem Thüringer Ministerium für Digitales und Infrastruktur treiben wir die Digitalisierung der Thüringer Landesverwaltung aktiv voran. Wir suchen Sie zum nächstmöglichen Zeitpunkt für das Thüringer Ministeri…",0,11.034353,"{'__CLASS__': 'Adzuna::API::Response::Category', 'tag': 'it-jobs', 'label': 'IT-Stellen'}",50.977166,https://www.adzuna.de/land/ad/5803023612?se=EqG1J6eJ8RGoi58VtPRQBg&utm_medium=api&utm_source=a4bcf954&v=BC5228AA6441FB07DA5FB60EC3CB8F4FE4330791,"{'__CLASS__': 'Adzuna::API::Response::Location', 'display_name': 'Erfurt, Erfurt (Kreis)', 'area': ['Deutschland', 'Thüringen', 'Erfurt (Kreis)', 'Erfurt']}",5803023612,Adzuna::API::Response::Job,eyJhbGciOiJIUzI1NiJ9.eyJpIjoiNTgwMzAyMzYxMiIsInMiOiJFcUcxSjZlSjhSR29pNThWdFBSUUJnIn0.KAiHDCI_Rlrp7B4LU5wReAA8QMOXVyAfrRNK58xV_XI,"{'__CLASS__': 'Adzuna::API::Response::Company', 'display_name': 'Thüringer Landesrechenzentrum'}",,,,
2026-07-21T09:36:19Z,Praktikant:in (m/w/d) für unser Projekt Daten für die Gesellschaft,Die Lösung gesellschaftspolitischer Aufgaben erfordert Mut und Kreativität. Überzeugen Sie uns von beidem. Wir über uns Die Bertelsmann Stiftung ist eine der größten operativen Stiftungen in Europa. Als gemeinnützige Organisation engagieren wir uns in der Tradition unseres Gründers Reinhard Mohn für eine zukunftsfähige Gesellschaft. Gesellschaftliche Herausforderungen sind komplex und bedürfen zur Lösung einer qualitativ hochwertigen Datenbasis. Die mangelnde Verfügbarkeit von (offenen) Daten f…,0,8.408252,"{'tag': 'other-general-jobs', '__CLASS__': 'Adzuna::API::Response::Category', 'label': 'Sonstige/Allgemeine Stellen'}",51.936827,https://www.adzuna.de/land/ad/5808928612?se=EqG1J6eJ8RGoi58VtPRQBg&utm_medium=api&utm_source=a4bcf954&v=8A01A89B5F704783245FBEB40F69F230571027D7,"{'area': ['Deutschland', 'Nordrhein-Westfalen', 'Gütersloh (Kreis)', 'Gütersloh'], 'display_name': 'Gütersloh, Gütersloh (Kreis)', '__CLASS__': 'Adzuna::API::Response::Location'}",5808928612,Adzuna::API::Response::Job,eyJhbGciOiJIUzI1NiJ9.eyJzIjoiRXFHMUo2ZUo4UkdvaTU4VnRQUlFCZyIsImkiOiI1ODA4OTI4NjEyIn0.3hLL3gPoQQ9cjEBukGXccqsYKsE6BITbtsPLTMb7LLI,"{'__CLASS__': 'Adzuna::API::Response::Company', 'display_name': 'Bertelsmann Stiftung'}",,,,
2026-07-26T11:33:32Z,Fullstack Fabric Engineer (m/w/d),"Wir sind FIEGE. Ein Familienunternehmen, das innovative Geschäftsmodelle in den Bereichen Logistik, Digital, Real Estate und Ventures vorantreibt - und das seit über 150 Jahren. Als Innovationsführer in der Branche beschäftigen wir bei FIEGE mehr als 22.000 Mitarbeitende an rund 136 Standorten in 14 Ländern. Unsere Unternehmenskultur und der FIEGE-Erfolgsspirit machen uns einzigartig und verbinden alle unsere Kolleginnen und Kollegen. Denn wir leben familiäre Werte und ein respektvolles Miteina…",0,7.621504,"{'label': 'Technikerstellen', 'tag': 'engineering-jobs', '__CLASS__': 'Adzuna::API::Response::Category'}",51.955292,https://www.adzuna.de/land/ad/5816396744?se=EqG1J6eJ8RGoi58VtPRQBg&utm_medium=api&utm_source=a4bcf954&v=7D6482BBDF2DC04CF749EB4005112CE7186FBBA2,"{'area': ['Deutschland', 'Nordrhein-Westfalen', 'Münster'], 'display_name': 'Münster, Nordrhein-Westfalen', '__CLASS__': 'Adzuna::API::Response::Location'}",5816396744,Adzuna::API::Response::Job,eyJhbGciOiJIUzI1NiJ9.eyJzIjoiRXFHMUo2ZUo4UkdvaTU4VnRQUlFCZyIsImkiOiI1ODE2Mzk2NzQ0In0.qHUcOsxGbAS3jTOFjQmF5NF9A1735m8rEFEvIQimPso,"{'display_name': 'FIEGE Logistik Stiftung & Co. KG', '__CLASS__': 'Adzuna::API::Response::Company'}",,,,
2026-05-28T02:04:13Z,Projektleiter Energiemarktprognosen (m/w/d),"Dein (Master)Studium in Energiewirtschaft, Data Science, Wirtschaftsingenieurwesen oder einem vergleichbaren Studiengang ist deine Basis – dein Wissensdurst ist dein Antrieb! Du kennst die Energiewelt und fühlst dich im Bilanzkreis-Management oder im Energiehandel zu Hause. Du weißt, wie wichtig präzise Verbrauchsprognosen für den Markterfolg sind. Du liebst es, tief in große Datenmengen einzutauchen, Strukturen in Datenbanken zu erkennen und daraus wertvolle Schlüsse für den energiewirtschaftl…",0,9.2274,"{'__CLASS__': 'Adzuna::API::Response::Category', 'tag': 'unknown', 'label': 'Unknown'}",49.18975,https://www.adzuna.de/land/ad/5742785872?se=EqG1J6eJ8RGoi58VtPRQBg&utm_medium=api&utm_source=a4bcf954&v=E7170B9BCB3B324C6E8B65741C857494B42F81EA,"{'area': ['Deutschland', 'Baden-Württemberg', 'Heilbronn (Kreis)', 'Neckarsulm'], 'display_name': 'Neckarsulm, Heilbronn (Kreis)', '__CLASS__': 'Adzuna::API::Response::Location'}",5742785872,Adzuna::API::Response::Job,eyJhbGciOiJIUzI1NiJ9.eyJzIjoiRXFHMUo2ZUo4UkdvaTU4VnRQUlFCZyIsImkiOiI1NzQyNzg1ODcyIn0.xsDvweVRSAuOzdU5prx-pViJhnFHojAtyfWUpi1NEwc,"{'__CLASS__': 'Adzuna::API::Response::Company', 'display_name': 'Schwarz Corporate Solutions'}",,,,
2026-07-03T16:51:02Z,"Duales Studium: ""Informatik"" (w/m/d), Fürstenfeldbruck, Start 2027","HENSOLDT ist ein führendes Unternehmen der europäischen Verteidigungsindustrie mit globaler Reichweite. Das Unternehmen entwickelt Sensor-Komplettlösungen für Verteidigungs- und Sicherheitsanwendungen. Als Systemintegrator bietet HENSOLDT plattformunabhängige, vernetzte Komplettlösungen an. Zugleich treibt das Unternehmen als Technologieführer die Entwicklung der Verteidigungselektronik und Optronik voran und baut sein Portfolio auf der Grundlage innovativer Ansätze für Datenfusion, Künstliche …",0,11.25536,"{'__CLASS__': 'Adzuna::API::Response::Category', 'tag': 'it-jobs', 'label': 'IT-Stellen'}",48.17776,https://www.adzuna.de/land/ad/5786943175?se=EqG1J6eJ8RGoi58VtPRQBg&utm_medium=api&utm_source=a4bcf954&v=4EDFA419CE93703C1182394321CADE599E3CDA47,"{'area': ['Deutschland', 'Bayern', 'Fürstenfeldbruck (Kreis)', 'Fürstenfeldbruck'], 'display_name': 'Fürstenfeldbruck, Fürstenfeldbruck (Kreis)', '__CLASS__': 'Adzuna::API::Response::Location'}",5786943175,Adzuna::API::Response::Job,eyJhbGciOiJIUzI1NiJ9.eyJpIjoiNTc4Njk0MzE3NSIsInMiOiJFcUcxSjZlSjhSR29pNThWdFBSUUJnIn0.vlefFIho6mGQHV69JpcFn6tDfZdmgyApatMs8LN1dIw,"{'__CLASS__': 'Adzuna::API::Response::Company', 'display_name': 'HENSOLDT'}",,,,
2026-06-18T17:52:46Z,"Duales Studium Data Science und Künstliche Intelligenz, Bachelor of Science, Mercedes-Benz AG, Global Logistics Center Germersheim, Studienbeginn 1. Oktober 2027 (m/w/d)","Life is always about becoming… Im Leben geht es darum, sich auf eine Reise zu begeben, um die beste Version unseres zukünftigen Selbst zu werden. Während wir Neues entdecken, stellen wir uns Herausforderungen, meistern sie und wachsen über uns hinaus. Bewerben Sie sich bei Mercedes-Benz und finden Sie den Aufgabenbereich, in dem Sie Ihre Talente individuell entfalten können. Dabei werden Sie von visionären Kolleginnen und Kollegen unterstützt, die Ihren Pioniergeist teilen. Bei uns einzusteigen…",0,8.36958,"{'label': 'Unknown', '__CLASS__': 'Adzuna::API::Response::Category', 'tag': 'unknown'}",49.21886,https://www.adzuna.de/land/ad/5768210577?se=EqG1J6eJ8RGoi58VtPRQBg&utm_medium=api&utm_source=a4bcf954&v=568E96031D6A25DA0515A631763C8CA44A65417D,"{'area': ['Deutschland', 'Rheinland-Pfalz', 'Germersheim (Kreis)', 'Germersheim'], '__CLASS__': 'Adzuna::API::Response::Location', 'display_name': 'Germersheim, Germersheim (Kreis)'}",5768210577,Adzuna::API::Response::Job,eyJhbGciOiJIUzI1NiJ9.eyJzIjoiRXFHMUo2ZUo4UkdvaTU4VnRQUlFCZyIsImkiOiI1NzY4MjEwNTc3In0.j_VgnXHSPSrQm580A-2j8M5QWisOKV_My2RT2GRnkeQ,"{'__CLASS__': 'Adzuna::API::Response::Company', 'display_name': 'Mercedes-Benz AG'}",,,,
2026-07-21T22:49:15Z,Duales Studium Business Data Analytics (M.Sc.) mit Schwerpunkt KI - Einstieg Data Science,"Deine Aufgaben Du möchtest nicht nur Daten analysieren, sondern verstehen, wie aus Daten wertvolle Erkenntnisse entstehen, die die digitale Zukunft der HDI Group gestalten? Die 21-monatige IT-Ausbildung kombiniert praktische Arbeit im Bereich Data Science mit theoretischem Wissen, das Du im Studiengang Business Data Analytics mit Schwerpunkt KI an der FHDW in Hannover erwirbst. Du arbeitest an spannenden Projekten rund um AI, GenAI, Machine Learning, und Cloud-Services. Du entwickelst Lösungen,…",0,9.79857,"{'__CLASS__': 'Adzuna::API::Response::Category', 'tag': 'part-time-jobs', 'label': 'Teilzeitstellen'}",52.41674,https://www.adzuna.de/land/ad/5809658350?se=EqG1J6eJ8RGoi58VtPRQBg&utm_medium=api&utm_source=a4bcf954&v=55405F10ECF41B6D50C7DD526AD615DDFA1C4242,"{'__CLASS__': 'Adzuna::API::Response::Location', 'display_name': 'Bothfeld, Hannover', 'area': ['Deutschland', 'Niedersachsen', 'Region Hannover (Kreis)', 'Hannover', 'Bothfeld']}",5809658350,Adzuna::API::Response::Job,eyJhbGciOiJIUzI1NiJ9.eyJpIjoiNTgwOTY1ODM1MCIsInMiOiJFcUcxSjZlSjhSR29pNThWdFBSUUJnIn0.U1OmPwxVxc9PRL9ZrtOp48fw5tMNyhoNc1pwHZxD6BI,"{'display_name': 'HDI AG', '__CLASS__': 'Adzuna::API::Response::Company'}",,,,
2026-07-21T22:51:41Z,Duales Studium Data Science und Künstliche Inteligenzen B.Sc. 2026 (m/w/d),"Während des Dualen Studiums im Studiengang Data Science und Künstliche Intelligenz analysierst und interpretierst du große Datenmengen, um daraus wertvolles Wissen zu gewinnen. Du entwickelst intelligente, KI-basierte Anwendungen und optimierst damit Prozesse. Diese Kompetenzen machen dich zu einer gefragten Expertin oder einem gefragten Experten an der Schnittstelle von Technologie und Wirtschaft. Was du lernst Entwicklung von KI-Modellen und intelligenten Anwendungen (z.B. Machine Learning, N…",0,8.67311,"{'label': 'Teilzeitstellen', '__CLASS__': 'Adzuna::API::Response::Category', 'tag': 'part-time-jobs'}",51.02637,https://www.adzuna.de/land/ad/5809665075?se=EqG1J6eJ8RGoi58VtPRQBg&utm_medium=api&utm_source=a4bcf954&v=D63B529B3DFC2FF8F97A38E87B5C57DAF05532AD,"{'area': ['Deutschland', 'Hessen', 'Waldeck-Frankenberg (Kreis)', 'Battenberg (Eder)'], 'display_name': 'Battenberg (Eder), Waldeck-Frankenberg (Kreis)', '__CLASS__': 'Adzuna::API::Response::Location'}",5809665075,Adzuna::API::Response::Job,eyJhbGciOiJIUzI1NiJ9.eyJzIjoiRXFHMUo2ZUo4UkdvaTU4VnRQUlFCZyIsImkiOiI1ODA5NjY1MDc1In0.55HFNMKGajDchyQDSxcTpVdAPRuitqv03DvE5PMmpic,"{'__CLASS__': 'Adzuna::API::Response::Company', 'display_name': 'Viessmann Climate Solutions'}",,,,
2026-07-21T22:59:22Z,Duales Studium Data Science und Künstliche Inteligenzen B.Sc. 2027 (m/w/d),"Starte mit Viessmann Climate Solutions in dein dualesstudium. Du studierst in Mannheim und arbeitest zum Großteil in unserem EU-Headquarter in Allendorf (Eder). Während des Dualen Studiums im Studiengang Data Science und Künstliche Intelligenz analysierst und interpretierst du große Datenmengen, um daraus wertvolles Wissen zu gewinnen. Du entwickelst intelligente, KI-basierte Anwendungen und optimierst damit Prozesse. Diese Kompetenzen machen dich zu einer gefragten Expertin oder einem gefragte…",0,8.67311,"{'label': 'Teilzeitstellen', '__CLASS__': 'Adzuna::API::Response::Category', 'tag': 'part-time-jobs'}",51.02637,https://www.adzuna.de/land/ad/5809716222?se=EqG1J6eJ8RGoi58VtPRQBg&utm_medium=api&utm_source=a4bcf954&v=9DBBE80C537B1268AA1158FF807D8622A3B88594,"{'area': ['Deutschland', 'Hessen', 'Waldeck-Frankenberg (Kreis)', 'Battenberg (Eder)'], '__CLASS__': 'Adzuna::API::Response::Location', 'display_name': 'Battenberg (Eder), Waldeck-Frankenberg (Kreis)'}",5809716222,Adzuna::API::Response::Job,eyJhbGciOiJIUzI1NiJ9.eyJpIjoiNTgwOTcxNjIyMiIsInMiOiJFcUcxSjZlSjhSR29pNThWdFBSUUJnIn0.IvA_CRrKE_N53-YgkINxCfvhzcU8w0f31t2gRGVtUZA,"{'display_name': 'Viessmann Climate Solutions', '__CLASS__': 'Adzuna::API::Response::Company'}",,,,
2026-07-21T22:56:31Z,Bachelor of Science (m/w/d) â Data Science und Künstliche Intelligenz 2026,"Darauf kannst du dich freuen: Wechsel zwischen Theoriephasen an der DHBW Karlsruhe und Praxiseinsätzen bei uns im Unternehmen Mitarbeit in spannenden Projekten mit direktem Bezug zur Praxis Einblicke in verschiedene Unternehmensbereiche und interdisziplinäre Zusammenarbeit Moderne Arbeitsumgebung, offene Unternehmenskultur und individuelle Betreuung Sehr gute Entwicklungschancen nach deinem Studium Einführungsmonat/Vorpraktikum bereits vor dem 1.10. Rotationsplan mit Wunsch-Stationen (deine per…",0,8.45882,"{'label': 'Teilzeitstellen', '__CLASS__': 'Adzuna::API::Response::Category', 'tag': 'part-time-jobs'}",49.03084,https://www.adzuna.de/land/ad/5809695554?se=EqG1J6eJ8RGoi58VtPRQBg&utm_medium=api&utm_source=a4bcf954&v=0EB8BFDEC0394505E19D417362ED9D955270A72C,"{'__CLASS__': 'Adzuna::API::Response::Location', 'display_name': 'Hagsfeld, Karlsruhe', 'area': ['Deutschland', 'Baden-Württemberg', 'Karlsruhe (Kreis)', 'Karlsruhe', 'Hagsfeld']}",5809695554,Adzuna::API::Response::Job,eyJhbGciOiJIUzI1NiJ9.eyJzIjoiRXFHMUo2ZUo4UkdvaTU4VnRQUlFCZyIsImkiOiI1ODA5Njk1NTU0In0.kHCao9476eTbWrGYv146tV8Ycj5c089zzA07GJBP-W8,"{'display_name': 'BGV-Versicherung AG', '__CLASS__': 'Adzuna::API::Response::Company'}",,,,
2026-07-22T23:03:38Z,Duales Studium - B. Sc. Künstliche Intelligenz / Data Science 2027 (w/m/d),"WeAreIn to create tiny chips and big careers. Theorie allein reicht Dir nicht? Im Dualen Studium bei Infineon verbindest Du Theorie und Praxis. Du arbeitest an echten Projekten, lernst von Expert*innen und machst aus Deiner Leidenschaft eine Karriere mit Sinn. Are you in? Deine Rolle Haupttätigkeiten Praxis: Während Deines Studiums mit Start zum 01.09.2027 lernst Du praxisnah am Standort Regensburg Theorie: Den theoretischen Input erhältst Du an der der Ostbayerischen Technischen Hochschule Reg…",0,12.07704,"{'label': 'Teilzeitstellen', 'tag': 'part-time-jobs', '__CLASS__': 'Adzuna::API::Response::Category'}",49.00784,https://www.adzuna.de/land/ad/5811193117?se=EqG1J6eJ8RGoi58VtPRQBg&utm_medium=api&utm_source=a4bcf954&v=5E2789B01B8FE01D6D8D74C2766A6B00FDAAF486,"{'display_name': 'Großprüfening-Dechbetten-Königswiesen, Regensburg', '__CLASS__': 'Adzuna::API::Response::Location', 'area': ['Deutschland', 'Bayern', 'Regensburg (Kreis)', 'Regensburg', 'Großprüfening-Dechbetten-Königswiesen']}",5811193117,Adzuna::API::Response::Job,eyJhbGciOiJIUzI1NiJ9.eyJpIjoiNTgxMTE5MzExNyIsInMiOiJFcUcxSjZlSjhSR29pNThWdFBSUUJnIn0.flgYGF63tWflpiBt2kGuu1Vb15Ue965Lx3HUOcvGvYI,"{'display_name': 'Infineon Technologies AG', '__CLASS__': 'Adzuna::API::Response::Company'}",,,,
2026-06-03T11:33:01Z,Duales Studium Business Data Analytics (M.Sc.) mit Schwerpunkt KI - Einstieg Data Science,"Deine Aufgaben Du möchtest nicht nur Daten analysieren, sondern verstehen, wie aus Daten wertvolle Erkenntnisse entstehen, die die digitale Zukunft der HDI Group gestalten? Die 21-monatige IT-Ausbildung kombiniert praktische Arbeit im Bereich Data Science mit theoretischem Wissen, das Du im Studiengang Business Data Analytics mit Schwerpunkt KI an der FHDW in Hannover erwirbst. Du arbeitest an spannenden Projekten rund um AI, GenAI, Machine Learning, und Cloud-Services. Du entwickelst Lösungen,…",0,9.742751,"{'label': 'Teilzeitstellen', '__CLASS__': 'Adzuna::API::Response::Category', 'tag': 'part-time-jobs'}",52.378818,https://www.adzuna.de/land/ad/5750354685?se=EqG1J6eJ8RGoi58VtPRQBg&utm_medium=api&utm_source=a4bcf954&v=39F93B861DD047CB54862321D0BC487CCA6F0BA4,"{'display_name': 'Hannover, Region Hannover (Kreis)', '__CLASS__': 'Adzuna::API::Response::Location', 'area': ['Deutschland', 'Niedersachsen', 'Region Hannover (Kreis)', 'Hannover']}",5750354685,Adzuna::API::Response::Job,eyJhbGciOiJIUzI1NiJ9.eyJpIjoiNTc1MDM1NDY4NSIsInMiOiJFcUcxSjZlSjhSR29pNThWdFBSUUJnIn0.P6pfi8XMeBbVhdvJkQEv8wZuno7VRV1oh-CqWR-JyYc,"{'__CLASS__': 'Adzuna::API::Response::Company', 'display_name': 'HDI AG'}",,,,
2026-06-03T11:33:59Z,Duales Studium Data Science und Künstliche Inteligenzen B.Sc. 2026 (m/w/d),"Während des Dualen Studiums im Studiengang Data Science und Künstliche Intelligenz analysierst und interpretierst du große Datenmengen, um daraus wertvolles Wissen zu gewinnen. Du entwickelst intelligente, KI-basierte Anwendungen und optimierst damit Prozesse. Diese Kompetenzen machen dich zu einer gefragten Expertin oder einem gefragten Experten an der Schnittstelle von Technologie und Wirtschaft. Was du lernst Entwicklung von KI-Modellen und intelligenten Anwendungen (z.B. Machine Learning, N…",0,,"{'__CLASS__': 'Adzuna::API::Response::Category', 'tag': 'part-time-jobs', 'label': 'Teilzeitstellen'}",,https://www.adzuna.de/land/ad/5750360240?se=EqG1J6eJ8RGoi58VtPRQBg&utm_medium=api&utm_source=a4bcf954&v=9DB27E2D58369ACC293BD1DA88B0C04594D004D7,"{'area': ['Deutschland'], '__CLASS__': 'Adzuna::API::Response::Location', 'display_name': 'Deutschland'}",5750360240,Adzuna::API::Response::Job,eyJhbGciOiJIUzI1NiJ9.eyJzIjoiRXFHMUo2ZUo4UkdvaTU4VnRQUlFCZyIsImkiOiI1NzUwMzYwMjQwIn0.Fh6UZofcgbWhvOINiwS_m9FY6rTwfC0wSjrS9FzM3ww,"{'display_name': 'Viessmann Climate Solutions', '__CLASS__': 'Adzuna::API::Response::Company'}",,,,
2026-07-09T02:54:13Z,Duales Studium Data Science und Künstliche Inteligenzen B.Sc. 2027 (m/w/d),"Starte mit Viessmann Climate Solutions in dein dualesstudium. Du studierst in Mannheim und arbeitest zum Großteil in unserem EU-Headquarter in Allendorf (Eder). Während des Dualen Studiums im Studiengang Data Science und Künstliche Intelligenz analysierst und interpretierst du große Datenmengen, um daraus wertvolles Wissen zu gewinnen. Du entwickelst intelligente, KI-basierte Anwendungen und optimierst damit Prozesse. Diese Kompetenzen machen dich zu einer gefragten Expertin oder einem gefragte…",0,,"{'label': 'Teilzeitstellen', '__CLASS__': 'Adzuna::API::Response::Category', 'tag': 'part-time-jobs'}",,https://www.adzuna.de/land/ad/5793494224?se=EqG1J6eJ8RGoi58VtPRQBg&utm_medium=api&utm_source=a4bcf954&v=70924A227E063BA07F75004A8CE597F09B7830DF,"{'area': ['Deutschland'], '__CLASS__': 'Adzuna::API::Response::Location', 'display_name': 'Deutschland'}",5793494224,Adzuna::API::Response::Job,eyJhbGciOiJIUzI1NiJ9.eyJpIjoiNTc5MzQ5NDIyNCIsInMiOiJFcUcxSjZlSjhSR29pNThWdFBSUUJnIn0.tXQZxdSlzLHDst6CQSRj7oqj6dHLLOmrLSo02AhArlU,"{'__CLASS__': 'Adzuna::API::Response::Company', 'display_name': 'Viessmann Climate Solutions'}",,,,
2026-06-03T11:37:34Z,Bachelor of Science (m/w/d) â Data Science und Künstliche Intelligenz 2026,"Darauf kannst du dich freuen: Wechsel zwischen Theoriephasen an der DHBW Karlsruhe und Praxiseinsätzen bei uns im Unternehmen Mitarbeit in spannenden Projekten mit direktem Bezug zur Praxis Einblicke in verschiedene Unternehmensbereiche und interdisziplinäre Zusammenarbeit Moderne Arbeitsumgebung, offene Unternehmenskultur und individuelle Betreuung Sehr gute Entwicklungschancen nach deinem Studium Einführungsmonat/Vorpraktikum bereits vor dem 1.10. Rotationsplan mit Wunsch-Stationen (deine per…",0,8.412378,"{'tag': 'part-time-jobs', '__CLASS__': 'Adzuna::API::Response::Category', 'label': 'Teilzeitstellen'}",49.001249,https://www.adzuna.de/land/ad/5750383006?se=EqG1J6eJ8RGoi58VtPRQBg&utm_medium=api&utm_source=a4bcf954&v=7E7AD6C30237192E5985785B15D37062E1183FCF,"{'area': ['Deutschland', 'Baden-Württemberg', 'Karlsruhe (Kreis)', 'Karlsruhe'], 'display_name': 'Karlsruhe, Karlsruhe (Kreis)', '__CLASS__': 'Adzuna::API::Response::Location'}",5750383006,Adzuna::API::Response::Job,eyJhbGciOiJIUzI1NiJ9.eyJzIjoiRXFHMUo2ZUo4UkdvaTU4VnRQUlFCZyIsImkiOiI1NzUwMzgzMDA2In0.afa35WcN0Zlt0SDfYumd1ECkDeyiAFnweu31rcu2w-E,"{'display_name': 'BGV-Versicherung AG', '__CLASS__': 'Adzuna::API::Response::Company'}",,,,
2026-07-22T15:01:11Z,Duales Studium - B. Sc. Künstliche Intelligenz / Data Science 2027 (w/m/d),"WeAreIn to create tiny chips and big careers. Theorie allein reicht Dir nicht? Im Dualen Studium bei Infineon verbindest Du Theorie und Praxis. Du arbeitest an echten Projekten, lernst von Expert*innen und machst aus Deiner Leidenschaft eine Karriere mit Sinn. Are you in? Deine Rolle Haupttätigkeiten Praxis: Während Deines Studiums mit Start zum 01.09.2027 lernst Du praxisnah am Standort Regensburg Theorie: Den theoretischen Input erhältst Du an der der Ostbayerischen Technischen Hochschule Reg…",0,12.112321,"{'__CLASS__': 'Adzuna::API::Response::Category', 'tag': 'part-time-jobs', 'label': 'Teilzeitstellen'}",49.022981,https://www.adzuna.de/land/ad/5810893427?se=EqG1J6eJ8RGoi58VtPRQBg&utm_medium=api&utm_source=a4bcf954&v=3A8CF232D4B6E5155291B7D14D78BBDEB290EBA1,"{'area': ['Deutschland', 'Bayern', 'Regensburg (Kreis)', 'Regensburg'], 'display_name': 'Regensburg, Regensburg (Kreis)', '__CLASS__': 'Adzuna::API::Response::Location'}",5810893427,Adzuna::API::Response::Job,eyJhbGciOiJIUzI1NiJ9.eyJpIjoiNTgxMDg5MzQyNyIsInMiOiJFcUcxSjZlSjhSR29pNThWdFBSUUJnIn0.Xk0L3Wng8_oHfu_xG8uJbsdK9ARul23yWdZymqDy3jA,"{'__CLASS__': 'Adzuna::API::Response::Company', 'display_name': 'Infineon Technologies AG'}",,,,
2026-07-26T21:30:14Z,Student*in für Abschlussarbeit: Einsatz von Data Analytics und Künstlicher Intelligenz,"Life is always about becoming… Im Leben geht es darum, sich auf eine Reise zu begeben, um die beste Version unseres zukünftigen Selbst zu werden. Während wir Neues entdecken, stellen wir uns Herausforderungen, meistern sie und wachsen über uns hinaus. Bewerben Sie sich bei Mercedes-Benz und finden Sie den Aufgabenbereich, in dem Sie Ihre Talente individuell entfalten können. Dabei werden Sie von visionären Kolleginnen und Kollegen unterstützt, die Ihren Pioniergeist teilen. Bei uns einzusteigen…",0,8.98349,"{'label': 'Stellen aus Wissenschaft & Qualitätssicherung', 'tag': 'scientific-qa-jobs', '__CLASS__': 'Adzuna::API::Response::Category'}",48.68872,https://www.adzuna.de/land/ad/5816687943?se=EqG1J6eJ8RGoi58VtPRQBg&utm_medium=api&utm_source=a4bcf954&v=FDC2212DB6F7823F345ACBD7F2AA3BEC1C6E1AA1,"{'area': ['Deutschland', 'Baden-Württemberg', 'Böblingen (Kreis)', 'Böblingen'], '__CLASS__': 'Adzuna::API::Response::Location', 'display_name': 'Böblingen, Böblingen (Kreis)'}",5816687943,Adzuna::API::Response::Job,eyJhbGciOiJIUzI1NiJ9.eyJzIjoiRXFHMUo2ZUo4UkdvaTU4VnRQUlFCZyIsImkiOiI1ODE2Njg3OTQzIn0.1LioORlZzSABq_bKk-GR5zcG2uJDc1uGl4_UywqWk-Y,"{'display_name': 'Mercedes-Benz AG', '__CLASS__': 'Adzuna::API::Response::Company'}",,,,
2026-07-19T12:17:11Z,Senior Specialist (m/w/d) Scientific IT,"Senior Specialist (m/w/d) Scientific IT Code: 1558/2026/7 in Vollzeit, auf zwei Jahre befristet, mit Option auf Entfristung Standort: Bonn Das Deutsche Zentrum für Neurodegenerative Erkrankungen (DZNE) ist ein weltweit führendes, international ausgerichtetes Forschungszentrum, das sich der Entdeckung neuer Ansätze zur Prävention und Behandlung neurodegenerativer Erkrankungen verschrieben hat. Aufgaben Sie unterstützen den Team Lead bei der Umsetzung der KI‑Strategie und übernehmen die operative…",0,7.112412,"{'label': 'Unknown', 'tag': 'unknown', '__CLASS__': 'Adzuna::API::Response::Category'}",50.71942,https://www.adzuna.de/land/ad/5807089091?se=EqG1J6eJ8RGoi58VtPRQBg&utm_medium=api&utm_source=a4bcf954&v=72838A46178A73315838B55940F58907F9D2EC39,"{'display_name': 'Bonn, Nordrhein-Westfalen', '__CLASS__': 'Adzuna::API::Response::Location', 'area': ['Deutschland', 'Nordrhein-Westfalen', 'Bonn']}",5807089091,Adzuna::API::Response::Job,eyJhbGciOiJIUzI1NiJ9.eyJpIjoiNTgwNzA4OTA5MSIsInMiOiJFcUcxSjZlSjhSR29pNThWdFBSUUJnIn0.ZELCcXih70D3oRiXRjJpiU2sg3Oft2irc0aodokzAtA,"{'display_name': 'Deutsches Zentrum für Neurodegenerative Erkrankungen e.V. ', '__CLASS__': 'Adzuna::API::Response::Company'}",,,,
2026-07-07T15:14:13Z,Prädiktive Sicherheit trifft Industrie: Masterarbeit in der Arbeitssicherheit der Zukunft (m/w/d),"Potenziale freisetzen. Kupfer verbindet die Welt - in Technologien wie der E-Mobilität, der Energie- und Datenübertragung, der Kälte- und Klimatechnik, der Digitalisierung, dem Internet of Things. Überrasche uns durch dein frisches Denken mit neuen Impulsen und gestalte die Welt von morgen. Entdecke dabei zahlreiche Möglichkeiten, deine Potenziale freizusetzen. Wieland steht für Vielfalt und Chancengleichheit - aus diesem Grund freuen wir uns auf individuelle Bewerbungen unabhängig von Alter, G…",0,9.856945,"{'label': 'Unknown', 'tag': 'unknown', '__CLASS__': 'Adzuna::API::Response::Category'}",48.383137,https://www.adzuna.de/land/ad/5790982450?se=EqG1J6eJ8RGoi58VtPRQBg&utm_medium=api&utm_source=a4bcf954&v=A5ECC4A9269AED8833E578A6033ACD3958D53F77,"{'display_name': 'Ulm, Baden-Württemberg', '__CLASS__': 'Adzuna::API::Response::Location', 'area': ['Deutschland', 'Baden-Württemberg', 'Ulm']}",5790982450,Adzuna::API::Response::Job,eyJhbGciOiJIUzI1NiJ9.eyJzIjoiRXFHMUo2ZUo4UkdvaTU4VnRQUlFCZyIsImkiOiI1NzkwOTgyNDUwIn0.tGldgAvmP2N3pjj28AkSB5ilIo2Ybuby3OOawNzN5j8,"{'display_name': 'Wieland-Werke AG', '__CLASS__': 'Adzuna::API::Response::Company'}",,,,
2026-07-21T22:59:23Z,"Duales Studium Data Science&Künstliche Intelligenz B.Sc. (m/w/d), Karlsruhe 2027","Gestalte die Zukunft mit KI– Starte dein Duales Studium im Bereich Data Science&Künstlicher Intelligenz! Du möchtest mit Daten arbeiten, smarte Lösungen entwickeln und herausfinden, wie KI den Alltag von Millionen Menschen erleichtern kann? Im dualen Studium Data Science&Künstliche Intelligenz bei Atruvia verbindest du Theorie und Praxis in einem der spannendsten IT-Bereicheüberhaupt. Deine Aufgaben: Entwickle KI-Lösungen: Du unterstützt bei der Entwicklung von Data-Science- und KI-Lösungen– vo…",0,8.47624,"{'label': 'Teilzeitstellen', 'tag': 'part-time-jobs', '__CLASS__': 'Adzuna::API::Response::Category'}",49.00018,https://www.adzuna.de/land/ad/5809716291?se=EqG1J6eJ8RGoi58VtPRQBg&utm_medium=api&utm_source=a4bcf954&v=784D4934CBF8FEF2E28A8F2499027A4592A2F381,"{'area': ['Deutschland', 'Baden-Württemberg', 'Karlsruhe (Kreis)', 'Karlsruhe', 'Durlach'], 'display_name': 'Durlach, Karlsruhe', '__CLASS__': 'Adzuna::API::Response::Location'}",5809716291,Adzuna::API::Response::Job,eyJhbGciOiJIUzI1NiJ9.eyJpIjoiNTgwOTcxNjI5MSIsInMiOiJFcUcxSjZlSjhSR29pNThWdFBSUUJnIn0.55MUt3u_F4TZBAwIURtNJ4ZCDPARnw6fTLmooCvyW2g,"{'__CLASS__': 'Adzuna::API::Response::Company', 'display_name': 'Atruvia AG'}",,,,
2026-07-21T22:58:55Z,Künstliche Intelligenz und Data Science (B.Sc.) mit Befähigung zur Elektrofachkraft (w/m/d) 2027,"Dein Berufsbild: Du möchtest irgendwas mit Mathe machen und in deinen Zukunftsplänen ist Digitalisierung vorprogrammiert? Dann entscheide dich für den dualen Studiengang Künstliche Intelligenz und Data Science zur Befähigung zur Elektrofachkraft (w/m/d) und werde zum*zur Administrator*in deiner Karriere. Zur täglichen Arbeit von technischen Informatiker*innen gehören Daten, Cloud und Echtzeitkommunikation, dazu hardwarenahe Programmierung und Automatisierung. Projektlösungen für die Digitalisie…",0,12.08703,"{'__CLASS__': 'Adzuna::API::Response::Category', 'tag': 'part-time-jobs', 'label': 'Teilzeitstellen'}",49.03495,https://www.adzuna.de/land/ad/5809712981?se=EqG1J6eJ8RGoi58VtPRQBg&utm_medium=api&utm_source=a4bcf954&v=D6F4FECDECBF9A28D2FBDFB9DC4E021AD7F2E92E,"{'area': ['Deutschland', 'Bayern', 'Regensburg (Kreis)', 'Regensburg', 'Steinweg'], '__CLASS__': 'Adzuna::API::Response::Location', 'display_name': 'Steinweg, Regensburg'}",5809712981,Adzuna::API::Response::Job,eyJhbGciOiJIUzI1NiJ9.eyJpIjoiNTgwOTcxMjk4MSIsInMiOiJFcUcxSjZlSjhSR29pNThWdFBSUUJnIn0.KKXfuM4t_ncZ3NnC3XmZpnmgw94iUticwZzbpTE0ARs,"{'__CLASS__': 'Adzuna::API::Response::Company', 'display_name': 'Siemens AG'}",,,,
2026-07-21T22:57:46Z,Duales Studium Bachelor of Science Wirtschaftsinformatik - KI&Data Science (m/w/d) 2026,Deine Aufga ben Als Bachelor of Science Wirtschaftsinformatik - Künstliche Intelligenz&Data Science (m/w/d) lernst du bei uns verschiedene Themengebiete kennen: Du analysierst Unternehmensdaten zielsicher und bereitest diese auf. Du sorgst für Datentransparenz im Unternehmen. Du arbeitest in Business Intelligence Projekten. Du setzt unsere Datenstrategie im Team um. Ausbildungsort: Paderborn Ausbildungsdauer: 6 Semester Partnerhochschule: Fachhochschule der Wirtschaft Fürstenallee 5 33102 Pader…,0,8.75098,"{'label': 'Teilzeitstellen', '__CLASS__': 'Adzuna::API::Response::Category', 'tag': 'part-time-jobs'}",51.73446,https://www.adzuna.de/land/ad/5809705389?se=EqG1J6eJ8RGoi58VtPRQBg&utm_medium=api&utm_source=a4bcf954&v=EBE90979A49F8901C840941FCB4435EE723FF60D,"{'__CLASS__': 'Adzuna::API::Response::Location', 'display_name': 'Kernstadt, Paderborn', 'area': ['Deutschland', 'Nordrhein-Westfalen', 'Paderborn (Kreis)', 'Paderborn', 'Kernstadt']}",5809705389,Adzuna::API::Response::Job,eyJhbGciOiJIUzI1NiJ9.eyJzIjoiRXFHMUo2ZUo4UkdvaTU4VnRQUlFCZyIsImkiOiI1ODA5NzA1Mzg5In0.YOBBy_ZAFhOoXByZhU-ENYHXDtXEJNKmc81w2ncsThs,"{'__CLASS__': 'Adzuna::API::Response::Company', 'display_name': 'Westfalen Weser Netz GmbH'}",,,,
2026-07-09T02:54:13Z,"Duales Studium Data Science&Künstliche Intelligenz B.Sc. (m/w/d), Karlsruhe 2027","Gestalte die Zukunft mit KI– Starte dein Duales Studium im Bereich Data Science&Künstlicher Intelligenz! Du möchtest mit Daten arbeiten, smarte Lösungen entwickeln und herausfinden, wie KI den Alltag von Millionen Menschen erleichtern kann? Im dualen Studium Data Science&Künstliche Intelligenz bei Atruvia verbindest du Theorie und Praxis in einem der spannendsten IT-Bereicheüberhaupt. Deine Aufgaben: Entwickle KI-Lösungen: Du unterstützt bei der Entwicklung von Data-Science- und KI-Lösungen– vo…",0,8.412378,"{'label': 'Teilzeitstellen', '__CLASS__': 'Adzuna::API::Response::Category', 'tag': 'part-time-jobs'}",49.001249,https://www.adzuna.de/land/ad/5793494282?se=EqG1J6eJ8RGoi58VtPRQBg&utm_medium=api&utm_source=a4bcf954&v=55D0F7DC6645ECDA1D2B9247D973D80AD7DF0682,"{'area': ['Deutschland', 'Baden-Württemberg', 'Karlsruhe (Kreis)', 'Karlsruhe'], 'display_name': 'Karlsruhe, Karlsruhe (Kreis)', '__CLASS__': 'Adzuna::API::Response::Location'}",5793494282,Adzuna::API::Response::Job,eyJhbGciOiJIUzI1NiJ9.eyJpIjoiNTc5MzQ5NDI4MiIsInMiOiJFcUcxSjZlSjhSR29pNThWdFBSUUJnIn0.qepk95KXnCYBzy5H1oPCwMrrtLJSX8JVjYkmMeBWCbA,"{'__CLASS__': 'Adzuna::API::Response::Company', 'display_name': 'Atruvia AG'}",,,,
2026-07-22T12:38:04Z,Duales Studium Informatik Schwerpunkt Data Science / Künstliche Intelligenz in Kooperation mit der Dualen Hochschule Baden-Württemberg 2027 (m/w/d/x),"Life is always about becoming… Im Leben geht es darum, sich auf eine Reise zu begeben, um die beste Version unseres zukünftigen Selbst zu werden. Während wir Neues entdecken, stellen wir uns Herausforderungen, meistern sie und wachsen über uns hinaus. Bewerben Sie sich bei Mercedes-Benz und finden Sie den Aufgabenbereich, in dem Sie Ihre Talente individuell entfalten können. Dabei werden Sie von visionären Kolleginnen und Kollegen unterstützt, die Ihren Pioniergeist teilen. Bei uns einzusteigen…",0,,"{'label': 'Stellen für Hochschulabsolventen', '__CLASS__': 'Adzuna::API::Response::Category', 'tag': 'graduate-jobs'}",,https://www.adzuna.de/land/ad/5810788215?se=EqG1J6eJ8RGoi58VtPRQBg&utm_medium=api&utm_source=a4bcf954&v=923B0DEB2CB05ABFEAC7F92623C398E78BCD244E,"{'__CLASS__': 'Adzuna::API::Response::Location', 'display_name': 'Deutschland', 'area': ['Deutschland']}",5810788215,Adzuna::API::Response::Job,eyJhbGciOiJIUzI1NiJ9.eyJpIjoiNTgxMDc4ODIxNSIsInMiOiJFcUcxSjZlSjhSR29pNThWdFBSUUJnIn0.SoTvZ-775zz7dIkkHswJo3RH3Y4Z6d4UFd4tL43AX7U,"{'display_name': 'Mercedes-Benz Tech Innovation', '__CLASS__': 'Adzuna::API::Response::Company'}",,,,
2026-07-21T22:55:57Z,Duales Studium - Bachelor of Science - Informatik - Data Science und KI (gn) für 2026 - ID 150988,"Hast Du Deinen Weg schon gefunden? Für Deinen Weg bei uns bringst Du mit: 3 Jahre Zeit und allgemeine Hochschulreife oder Fachhochschulreife  Studierfähigkeitstest Hier baust Du Dein theoretisches Fundament: DHBW Karlsruhe Die Praxis lernst Du hier : HORNBACH Zentrale in Bornheim bei Landau i. d. Pfalz Startschuss für Deine Zukunft bei HORNBACH: 01.10.2026 Darauf kannst Du Dich freuen: Gehalt - logisch! 1. Jahr: 1.250 €, 2. Jahr: 1.500 €, 3. Jahr: 1.750 € Mehr – klar! Neben Deinem Gehalt sowie …",0,8.24878,"{'__CLASS__': 'Adzuna::API::Response::Category', 'tag': 'part-time-jobs', 'label': 'Teilzeitstellen'}",49.19075,https://www.adzuna.de/land/ad/5809691106?se=UiMGKaeJ8RGy-dwpXG4wwQ&utm_medium=api&utm_source=a4bcf954&v=2704FBCF3E58108C892ADBDA81E8E3005B0E629B,"{'area': ['Deutschland', 'Rheinland-Pfalz', 'Germersheim (Kreis)', 'Knittelsheim'], 'display_name': 'Knittelsheim, Germersheim (Kreis)', '__CLASS__': 'Adzuna::API::Response::Location'}",5809691106,Adzuna::API::Response::Job,eyJhbGciOiJIUzI1NiJ9.eyJpIjoiNTgwOTY5MTEwNiIsInMiOiJVaU1HS2FlSjhSR3ktZHdwWEc0d3dRIn0.8b2qCIj_HhWvliB3OYQORPNzOp51qaTjJA1R7ZBUZg8,"{'__CLASS__': 'Adzuna::API::Response::Company', 'display_name': 'HORNBACH Baumarkt AG'}",,,,
2026-06-03T11:42:34Z,Duales Studium Bachelor of Science Wirtschaftsinformatik - KI&Data Science (m/w/d) 2026,Deine Aufga ben Als Bachelor of Science Wirtschaftsinformatik - Künstliche Intelligenz&Data Science (m/w/d) lernst du bei uns verschiedene Themengebiete kennen: Du analysierst Unternehmensdaten zielsicher und bereitest diese auf. Du sorgst für Datentransparenz im Unternehmen. Du arbeitest in Business Intelligence Projekten. Du setzt unsere Datenstrategie im Team um. Ausbildungsort: Paderborn Ausbildungsdauer: 6 Semester Partnerhochschule: Fachhochschule der Wirtschaft Fürstenallee 5 33102 Pader…,0,8.753842,"{'__CLASS__': 'Adzuna::API::Response::Category', 'tag': 'part-time-jobs', 'label': 'Teilzeitstellen'}",51.737096,https://www.adzuna.de/land/ad/5750396620?se=UiMGKaeJ8RGy-dwpXG4wwQ&utm_medium=api&utm_source=a4bcf954&v=D056E22E56F35755F5E799EB89C67A14F64D0834,"{'area': ['Deutschland', 'Nordrhein-Westfalen', 'Paderborn (Kreis)', 'Paderborn'], 'display_name': 'Paderborn, Paderborn (Kreis)', '__CLASS__': 'Adzuna::API::Response::Location'}",5750396620,Adzuna::API::Response::Job,eyJhbGciOiJIUzI1NiJ9.eyJzIjoiVWlNR0thZUo4Ukd5LWR3cFhHNHd3USIsImkiOiI1NzUwMzk2NjIwIn0.vdlhmjiLvHEwe4AYlBHrLIYOqEfNjMcuITTrjOwo8cA,"{'display_name': 'Westfalen Weser Netz GmbH', '__CLASS__': 'Adzuna::API::Response::Company'}",,,,
2026-07-18T03:18:54Z,Duales Studium Wirtschaftsinformatik an der DHSH in Kiel,"Die Duale Hochschule Schleswig-Holstein (DHSH) bietet als staatlich anerkannte Hochschule für angewandte Wissenschaften an den Studienstandorten Kiel, Lübeck und Flensburg duale Studiengänge und praxisverbundene Forschung. Vor über 50 Jahren als Berufsakademie Schleswig-Holstein gegründet, bietet die DHSH Studierenden die Chance, von jahrzehntelanger Erfahrung im dualen Studium zu profitieren. Angeboten werden in Zusammenarbeit mit über 400 Partnerunternehmen die dualen Bachelorstudiengänge Bet…",0,10.137982,"{'__CLASS__': 'Adzuna::API::Response::Category', 'label': 'Sonstige/Allgemeine Stellen', 'tag': 'other-general-jobs'}",54.319658,https://www.adzuna.de/land/ad/5805590366?se=UiMGKaeJ8RGy-dwpXG4wwQ&utm_medium=api&utm_source=a4bcf954&v=256AFFCC0D85C7C08017E473C33B2EC573425D86,"{'area': ['Deutschland', 'Schleswig-Holstein', 'Kiel'], 'display_name': 'Kiel, Schleswig-Holstein', '__CLASS__': 'Adzuna::API::Response::Location'}",5805590366,Adzuna::API::Response::Job,eyJhbGciOiJIUzI1NiJ9.eyJpIjoiNTgwNTU5MDM2NiIsInMiOiJVaU1HS2FlSjhSR3ktZHdwWEc0d3dRIn0.F-BfkfFY72TM4h9BLB91T_ealG6c5N0IJ-CxmOrBB1w,"{'__CLASS__': 'Adzuna::API::Response::Company', 'display_name': 'Duale Hochschule Schleswig-Holstein '}",,,,
2026-07-13T19:00:09Z,Leitung Stabsstelle Interne Revision (m/w/d),"Das Center for the Transformation of Chemistry (CTC) ist ein neu entstehendes Großforschungszentrum in Mitteldeutschland mit den Standorten Delitzsch in Sachsen und Merseburg in Sachsen-Anhalt. Das Zentrum wird in der Gesellschaftsform einer gGmbH vom Bund sowie den Ländern Sachsen und Sachsen-Anhalt betrieben und finanziert. Am CTC wollen wir Chemie neu denken und umsetzen – und zwar auf vielen Ebenen: neue Materialien, neue chemische Prozesse und Anlagen und eine neue Art chemisch zu forschen…",0,12.33728,"{'__CLASS__': 'Adzuna::API::Response::Category', 'tag': 'accounting-finance-jobs', 'label': 'Stellen aus Buchhaltung & Finanzwesen'}",51.52196,https://www.adzuna.de/land/ad/5798958887?se=UiMGKaeJ8RGy-dwpXG4wwQ&utm_medium=api&utm_source=a4bcf954&v=75A034F5EE6774724B91C8F38953C1086EEFEFD9,"{'__CLASS__': 'Adzuna::API::Response::Location', 'display_name': 'Delitzsch, Nordsachsen (Kreis)', 'area': ['Deutschland', 'Sachsen', 'Nordsachsen (Kreis)', 'Delitzsch']}",5798958887,Adzuna::API::Response::Job,eyJhbGciOiJIUzI1NiJ9.eyJpIjoiNTc5ODk1ODg4NyIsInMiOiJVaU1HS2FlSjhSR3ktZHdwWEc0d3dRIn0.nZKUSKjWPnEJ_sDuhQiZKi-EG20WM9032NQV-e-8k2g,"{'display_name': 'CTC gGmbH – Center for the Transformation of Chemistry', '__CLASS__': 'Adzuna::API::Response::Company'}",,,,
2026-07-25T15:28:44Z,Team Lead Scientific IT (m/w/d),"Das Deutsche Zentrum für Neurodegenerative Erkrankungen (DZNE) ist ein weltweit führendes, inter­national ausgerichtetes Forschungs­zentrum, das sich der Entdeckung neuer Ansätze zur Prävention und Behandlung neuro­degenerativer Erkrankungen verschrieben hat. Team Lead Scientific IT (m/w/d) Code: 1559/2026/7 in Voll- oder Teilzeit (mind. 75 %) zum nächstmöglichen Zeitpunkt, 2 Jahre, mit Option auf Entfristung Standort: Bonn Aufgaben Als Team Lead übernehmen Sie die strategische Gesamtverantwort…",0,7.112412,"{'__CLASS__': 'Adzuna::API::Response::Category', 'label': 'Unknown', 'tag': 'unknown'}",50.71942,https://www.adzuna.de/land/ad/5815411813?se=UiMGKaeJ8RGy-dwpXG4wwQ&utm_medium=api&utm_source=a4bcf954&v=51BACBEE595BB68CC67ECFE772D6662835B8DB13,"{'__CLASS__': 'Adzuna::API::Response::Location', 'area': ['Deutschland', 'Nordrhein-Westfalen', 'Bonn'], 'display_name': 'Bonn, Nordrhein-Westfalen'}",5815411813,Adzuna::API::Response::Job,eyJhbGciOiJIUzI1NiJ9.eyJzIjoiVWlNR0thZUo4Ukd5LWR3cFhHNHd3USIsImkiOiI1ODE1NDExODEzIn0.YtpH4V-nMtuYM3ixUD-g65izLAy4aK3LYnuf4Fv_Bdg,"{'__CLASS__': 'Adzuna::API::Response::Company', 'display_name': 'Deutsches Zentrum für Neurodegenerative Erkrankungen e.V. '}",,,,
2026-07-16T09:08:28Z,Senior Aktuar Finance & Reserving P&C (m/w/d),"AXA Deutschland ist Teil der AXA Gruppe, einem der weltweit führenden Versicherungsunternehmen. Als einer der größten Erstversicherer in Deutschland betreuen wir rund 8 Millionen Kund:innen im Bereich Vorsorge und Versicherung. Was uns bei AXA antreibt? Unsere Neugier und unser Mut zur Innovation! Gemeinsam mit über 8.000 Kolleg:innen in ganz Deutschland gestalten wir die Zukunft der Versicherung aktiv mit. Wir sind auf der Suche nach kreativen und analytischen Köpfen, die sich auch von Herausf…",0,6.969972,"{'tag': 'unknown', 'label': 'Unknown', '__CLASS__': 'Adzuna::API::Response::Category'}",50.940164,https://www.adzuna.de/land/ad/5802376895?se=UiMGKaeJ8RGy-dwpXG4wwQ&utm_medium=api&utm_source=a4bcf954&v=3F0416732159B009CFEE1FBD56D00F732CEEEE0C,"{'display_name': 'Köln, Nordrhein-Westfalen', 'area': ['Deutschland', 'Nordrhein-Westfalen', 'Köln'], '__CLASS__': 'Adzuna::API::Response::Location'}",5802376895,Adzuna::API::Response::Job,eyJhbGciOiJIUzI1NiJ9.eyJpIjoiNTgwMjM3Njg5NSIsInMiOiJVaU1HS2FlSjhSR3ktZHdwWEc0d3dRIn0.VyEbyHoWgQRMRr2cM9W5N97KhP_syL_Z1Hc43E7K0yk,"{'__CLASS__': 'Adzuna::API::Response::Company', 'display_name': 'AXA Konzern AG'}",,,,
2026-07-22T10:32:21Z,Berufsbegleitendes Studium - Data Science & Artificial Intelligence (M.Sc.) / Master@Encavis,"Auf was wir bei ENCAVIS setzen? Die Sonne. Den Wind. Und auf dich. Willkommen in der Welt von Encavis! Bei uns dreht sich alles um die Kraft der Sonne, des Windes und der konzernweit über 400 Menschen, die gemeinsam das Energiesystem der Zukunft gestalten, um eine nachhaltige Energieversorgung für zukünftige Generationen sicherzustellen. Die ENCAVIS Management GmbH & Co. KG ist die Holding der ENCAVIS GmbH, einem der führenden Stromerzeuger aus Erneuerbaren Energien in Europa. Wir betreiben ein…",0,9.987297,"{'__CLASS__': 'Adzuna::API::Response::Category', 'label': 'Stellen für Hochschulabsolventen', 'tag': 'graduate-jobs'}",53.557429,https://www.adzuna.de/land/ad/5810573974?se=UiMGKaeJ8RGy-dwpXG4wwQ&utm_medium=api&utm_source=a4bcf954&v=017D3FB9CF5B775FA5F954A7B877825C1CA4DBDD,"{'area': ['Deutschland', 'Hamburg'], 'display_name': 'Hamburg, Deutschland', '__CLASS__': 'Adzuna::API::Response::Location'}",5810573974,Adzuna::API::Response::Job,eyJhbGciOiJIUzI1NiJ9.eyJzIjoiVWlNR0thZUo4Ukd5LWR3cFhHNHd3USIsImkiOiI1ODEwNTczOTc0In0.b3U6Tr5wBc0WoUjEWjzLPUf-e3pukQTRfv8bTjm-zvE,"{'__CLASS__': 'Adzuna::API::Response::Company', 'display_name': 'ENCAVIS Management GmbH & Co. KG'}",,,,
2026-07-21T22:49:49Z,Dualer Student (m/w/d) - Studiengang: Data Science und Künstliche Intelligenz an der dualen Hochschule Mosbach,Bei uns gestaltest Du die Zukunft und bringst die digitale Transformation in unsere Fachbereiche. Hierzu erlernst Du grundlegende Kenntnisse zu den Schlüsseltechnologien des digitalen Wandels Data Science und KI im Rahmen eines Studiums an der Dualen Hochschule Baden-Württemberg Mosbach ( https://www.mosbach.dhbw.de/studium/studienangebot-bachelor/data-science-kuenstliche-intelligenz/studieninhalte-profil/ ) und erbringst Deine Praxiseinsätze an unserem Standort Wilhelmsdorf in Mittelfranken. D…,0,9.14587,"{'tag': 'unknown', 'label': 'Unknown', '__CLASS__': 'Adzuna::API::Response::Category'}",49.35198,https://www.adzuna.de/land/ad/5809660582?se=UiMGKaeJ8RGy-dwpXG4wwQ&utm_medium=api&utm_source=a4bcf954&v=CB1A0CFDE987351D3FC10758CD85F932CA3F22BE,"{'area': ['Deutschland', 'Baden-Württemberg', 'Neckar-Odenwald-Kreis', 'Mosbach'], 'display_name': 'Mosbach, Neckar-Odenwald-Kreis', '__CLASS__': 'Adzuna::API::Response::Location'}",5809660582,Adzuna::API::Response::Job,eyJhbGciOiJIUzI1NiJ9.eyJpIjoiNTgwOTY2MDU4MiIsInMiOiJVaU1HS2FlSjhSR3ktZHdwWEc0d3dRIn0.8H-csMhK7eFPK1Ms69Sw4qyLuoeO46BT1fn3PIPK4AM,"{'__CLASS__': 'Adzuna::API::Response::Company', 'display_name': 'Gubesch GmbH'}",,,,
2026-07-18T00:48:17Z,Data Science Consultant,"Overview The Data Science Consultant provides services that maximize the value of the customer’s business through data-driven insights and enhanced decision support. This role will be responsible for advising the customer and recommending software configuration alternatives and adapting the software that is configured to optimize the solution so that the customer may realize the maximum value from the software. Responsibilities: Perform data analysis to discover patterns, trends and anomalies i…",0,8.412378,"{'tag': 'consultancy-jobs', 'label': 'Beraterstellen', '__CLASS__': 'Adzuna::API::Response::Category'}",49.001249,https://www.adzuna.de/details/5805425948?utm_medium=api&utm_source=a4bcf954,"{'display_name': 'Karlsruhe, Karlsruhe (Kreis)', 'area': ['Deutschland', 'Baden-Württemberg', 'Karlsruhe (Kreis)', 'Karlsruhe'], '__CLASS__': 'Adzuna::API::Response::Location'}",5805425948,Adzuna::API::Response::Job,eyJhbGciOiJIUzI1NiJ9.eyJpIjoiNTgwNTQyNTk0OCIsInMiOiJVaU1HS2FlSjhSR3ktZHdwWEc0d3dRIn0.7D4TxfzmTf-XQIzH3V1TRN2JckQlentOFqh4JMfZ7dE,"{'__CLASS__': 'Adzuna::API::Response::Company', 'display_name': 'Blue Yonder'}",full_time,,,
2026-07-03T00:47:24Z,Praktikum Data Science,"Deine Aufgaben Werde Teil unseres Daten & KI Teams, unterstütze datenbasierte Analysen und entwickle innovative Automatisierungslösungen. Ab sofort für 4 bis 6 Monate. … konkret heißt das: Erhalte Einblicke in Big Data und Machine Learning Technologien Mitarbeit bei Datenerhebung, -aufbereitung und explorativer Analyse Entwicklung, Validierung und Pilotierung KI- und Statistik-basierte Lösungen für automatisierte Entscheidungen in Fachabteilungen Einbringen in die strategische Definition von Da…",0,9.2274,"{'__CLASS__': 'Adzuna::API::Response::Category', 'tag': 'unknown', 'label': 'Unknown'}",49.18975,https://www.adzuna.de/details/5786086436?utm_medium=api&utm_source=a4bcf954,"{'__CLASS__': 'Adzuna::API::Response::Location', 'display_name': 'Neckarsulm, Heilbronn (Kreis)', 'area': ['Deutschland', 'Baden-Württemberg', 'Heilbronn (Kreis)', 'Neckarsulm']}",5786086436,Adzuna::API::Response::Job,eyJhbGciOiJIUzI1NiJ9.eyJzIjoiVWlNR0thZUo4Ukd5LWR3cFhHNHd3USIsImkiOiI1Nzg2MDg2NDM2In0.A_cf64katliAO7Fuf993ux21JWaMdCnnRkjdZaehAlg,"{'display_name': 'Lidl Stiftung', '__CLASS__': 'Adzuna::API::Response::Company'}",full_time,,,
2026-07-08T18:49:51Z,Senior AI Scientist (w/m/d),"Hallo, lass uns WIR sagen! Im Data Analytics Team der HUK-COBURG transformieren wir Daten in echte Mehrwerte für über 13 Mio. Kund:innen. Als Deutschlands führende Kfz-Versicherung sind wir ein traditionsreiches und stabiles Unternehmen, welches zielgerichtet in Innovation und seine datengetriebene Zukunft investiert. Unsere agilen Data Analytics Teams setzen modernste Machine Learning und KI-Methoden ein, um Prozesse zu optimieren, faire Preise zu berechnen, Schäden digital und intelligent zu …",0,10.96603,"{'__CLASS__': 'Adzuna::API::Response::Category', 'tag': 'unknown', 'label': 'Unknown'}",50.25777,https://www.adzuna.de/land/ad/5792892597?se=UiMGKaeJ8RGy-dwpXG4wwQ&utm_medium=api&utm_source=a4bcf954&v=71D872ADCB737B67197D2C15F5478E7E52A7E249,"{'__CLASS__': 'Adzuna::API::Response::Location', 'display_name': 'Coburg, Coburg (Kreis)', 'area': ['Deutschland', 'Bayern', 'Coburg (Kreis)', 'Coburg']}",5792892597,Adzuna::API::Response::Job,eyJhbGciOiJIUzI1NiJ9.eyJpIjoiNTc5Mjg5MjU5NyIsInMiOiJVaU1HS2FlSjhSR3ktZHdwWEc0d3dRIn0.EAlo-bCjRIKUEQQunxbpuPZD0fOKlwny5EKSGjOUsoI,"{'display_name': 'HUK-COBURG Versicherungsgruppe', '__CLASS__': 'Adzuna::API::Response::Company'}",,,,
2026-07-18T03:19:04Z,Praktikant*in Digital Process Innovation,"Life is always about becoming… Im Leben geht es darum, sich auf eine Reise zu begeben, um die beste Version unseres zukünftigen Selbst zu werden. Während wir Neues entdecken, stellen wir uns Herausforderungen, meistern sie und wachsen über uns hinaus. Bewerben Sie sich bei Mercedes-Benz und finden Sie den Aufgabenbereich, in dem Sie Ihre Talente individuell entfalten können. Dabei werden Sie von visionären Kolleginnen und Kollegen unterstützt, die Ihren Pioniergeist teilen. Bei uns einzusteigen…",0,9.026231,"{'label': 'IT-Stellen', 'tag': 'it-jobs', '__CLASS__': 'Adzuna::API::Response::Category'}",48.720071,https://www.adzuna.de/land/ad/5805590455?se=UiMGKaeJ8RGy-dwpXG4wwQ&utm_medium=api&utm_source=a4bcf954&v=80E63777044489B9A26B6632A895717D30DDD3F2,"{'area': ['Deutschland', 'Baden-Württemberg', 'Böblingen (Kreis)', 'Sindelfingen'], 'display_name': 'Sindelfingen, Böblingen (Kreis)', '__CLASS__': 'Adzuna::API::Response::Location'}",5805590455,Adzuna::API::Response::Job,eyJhbGciOiJIUzI1NiJ9.eyJzIjoiVWlNR0thZUo4Ukd5LWR3cFhHNHd3USIsImkiOiI1ODA1NTkwNDU1In0.tV_lzALySYahudrsDtilORacHMCkrwbe7nU6q7-jT40,"{'display_name': 'Mercedes-Benz AG', '__CLASS__': 'Adzuna::API::Response::Company'}",,,,
2026-07-13T17:34:15Z,"Professur für Data, AI & Transformation Management","Die International School of Management (ISM) ist eine staatlich anerkannte Hochschule und zählt zu den führenden privaten Hochschulen in Deutschland. An Standorten in Dortmund, Frankfurt/Main, München, Hamburg, Köln, Stuttgart und Berlin wird in kompakten und anwendungsbezogenen Studiengängen der Führungsnachwuchs für international orientierte Wirtschaftsunternehmen ausgebildet. Zum Studienangebot gehören Vollzeit-Programme, berufsbegleitende und duale Studiengänge sowie seit Herbst 2021 das Fe…",0,11.555737,"{'__CLASS__': 'Adzuna::API::Response::Category', 'label': 'Beraterstellen', 'tag': 'consultancy-jobs'}",48.137418,https://www.adzuna.de/land/ad/5798897025?se=UiMGKaeJ8RGy-dwpXG4wwQ&utm_medium=api&utm_source=a4bcf954&v=FDC1D443E0DDF18984104CC9F0C2C1445482CA42,"{'area': ['Deutschland', 'Bayern', 'München (Kreis)', 'München'], 'display_name': 'München, München (Kreis)', '__CLASS__': 'Adzuna::API::Response::Location'}",5798897025,Adzuna::API::Response::Job,eyJhbGciOiJIUzI1NiJ9.eyJzIjoiVWlNR0thZUo4Ukd5LWR3cFhHNHd3USIsImkiOiI1Nzk4ODk3MDI1In0.JXkl3Ms1t8LxGdq9C2MOU7sQEDlTeBhGeEn_iuGn1Gg,"{'display_name': 'International School of Management ', '__CLASS__': 'Adzuna::API::Response::Company'}",,,,
2026-07-21T22:57:04Z,Duales Studium Bachelor of Science (B.Sc.) Data Science und knstliche Intelligenz (m/w/d) 2027,"BBBank eG - Better Banking Wir sind die größte genossenschaftliche Privatkundenbank in Deutschland. Als Digitalbank mit bundesweitem Filialnetz anüber 100 Standorten vereinen wir Erfahrung und Innovation mit derüber 100-jährigen Kompetenz eines erfolgreichen Bankhauses– kundenorientiert, wirtschaftlich, nachhaltig und sympathisch. Wir leben, lieben und liefern Better Banking und setzen Maßstäbe, die nachhaltig sind. Für Wachstum mit Substanz. Für beständige Weiterentwicklung, die Kundenerlebnis…",0,8.38979,"{'__CLASS__': 'Adzuna::API::Response::Category', 'label': 'Teilzeitstellen', 'tag': 'part-time-jobs'}",49.01336,https://www.adzuna.de/land/ad/5809699626?se=UiMGKaeJ8RGy-dwpXG4wwQ&utm_medium=api&utm_source=a4bcf954&v=F817551DC4E0505880EB0639C3DD7C9DFB337395,"{'__CLASS__': 'Adzuna::API::Response::Location', 'area': ['Deutschland', 'Baden-Württemberg', 'Karlsruhe (Kreis)', 'Karlsruhe', 'Innenstadt'], 'display_name': 'Innenstadt, Karlsruhe'}",5809699626,Adzuna::API::Response::Job,eyJhbGciOiJIUzI1NiJ9.eyJzIjoiVWlNR0thZUo4Ukd5LWR3cFhHNHd3USIsImkiOiI1ODA5Njk5NjI2In0.1mp1JT1YHpozFSTkrxfGqoqyNzqIww4NityDJvVp-ao,"{'display_name': 'BBBank eG', '__CLASS__': 'Adzuna::API::Response::Company'}",,,,
2026-07-21T22:59:12Z,"Duales Studium Bachelor of Science in Data Science und Künstlicher Intelligenz (m/w/d), ab 09/2027",Das ist dein Arbeitsumfeld: Gemeinsam mit rund 200 Auszubildenden und dual Studierenden meisterst du die abwechslungsreichen und anspruchsvollen Aufgaben und bist von Beginn an in ein Team eingebunden. Kompetente Ausbilderinnen und Ausbilder stehen dir mit Rat und Tat zur Seite und unterstützen dich bei deiner fachlichen und persönlichen Entwicklung. Nach erfolgreichem Abschluss darfst du dich auf eineÜbernahme von mind. einem Jahr freuen. Zum 01.09. starten wir in einen gemeinsamen Orientierun…,0,11.01935,"{'tag': 'part-time-jobs', 'label': 'Teilzeitstellen', '__CLASS__': 'Adzuna::API::Response::Category'}",49.46381,https://www.adzuna.de/land/ad/5809714914?se=UiMGKaeJ8RGy-dwpXG4wwQ&utm_medium=api&utm_source=a4bcf954&v=7C57079499765E02BF8244BC25C4AEA18958F2A4,"{'__CLASS__': 'Adzuna::API::Response::Location', 'display_name': 'Doos, Nürnberg', 'area': ['Deutschland', 'Bayern', 'Nürnberg', 'Doos']}",5809714914,Adzuna::API::Response::Job,eyJhbGciOiJIUzI1NiJ9.eyJzIjoiVWlNR0thZUo4Ukd5LWR3cFhHNHd3USIsImkiOiI1ODA5NzE0OTE0In0.bdbm6Mt4fbEnsztQcPfpLx67kUX5VyoesiBiLZt1Fwk,"{'__CLASS__': 'Adzuna::API::Response::Company', 'display_name': 'DATEV eG'}",,,,
2026-06-03T11:38:38Z,Duales Studium Bachelor of Science (B.Sc.) Data Science und knstliche Intelligenz (m/w/d) 2027,"BBBank eG - Better Banking Wir sind die größte genossenschaftliche Privatkundenbank in Deutschland. Als Digitalbank mit bundesweitem Filialnetz anüber 100 Standorten vereinen wir Erfahrung und Innovation mit derüber 100-jährigen Kompetenz eines erfolgreichen Bankhauses– kundenorientiert, wirtschaftlich, nachhaltig und sympathisch. Wir leben, lieben und liefern Better Banking und setzen Maßstäbe, die nachhaltig sind. Für Wachstum mit Substanz. Für beständige Weiterentwicklung, die Kundenerlebnis…",0,8.412378,"{'label': 'Teilzeitstellen', 'tag': 'part-time-jobs', '__CLASS__': 'Adzuna::API::Response::Category'}",49.001249,https://www.adzuna.de/land/ad/5750389086?se=UiMGKaeJ8RGy-dwpXG4wwQ&utm_medium=api&utm_source=a4bcf954&v=2A546E6A4CD6C05D1693DE36D50BCB026400255D,"{'area': ['Deutschland', 'Baden-Württemberg', 'Karlsruhe (Kreis)', 'Karlsruhe'], 'display_name': 'Karlsruhe, Karlsruhe (Kreis)', '__CLASS__': 'Adzuna::API::Response::Location'}",5750389086,Adzuna::API::Response::Job,eyJhbGciOiJIUzI1NiJ9.eyJzIjoiVWlNR0thZUo4Ukd5LWR3cFhHNHd3USIsImkiOiI1NzUwMzg5MDg2In0.cOURjoRaBLy3ySo-Xs-2fmqHPCjTrivKthj_dgMXgQg,"{'display_name': 'BBBank eG', '__CLASS__': 'Adzuna::API::Response::Company'}",,,,
2026-07-05T01:48:24Z,"Duales Studium Bachelor of Science in Data Science und Künstlicher Intelligenz (m/w/d), ab 09/2027",Das ist dein Arbeitsumfeld: Gemeinsam mit rund 200 Auszubildenden und dual Studierenden meisterst du die abwechslungsreichen und anspruchsvollen Aufgaben und bist von Beginn an in ein Team eingebunden. Kompetente Ausbilderinnen und Ausbilder stehen dir mit Rat und Tat zur Seite und unterstützen dich bei deiner fachlichen und persönlichen Entwicklung. Nach erfolgreichem Abschluss darfst du dich auf eineÜbernahme von mind. einem Jahr freuen. Zum 01.09. starten wir in einen gemeinsamen Orientierun…,0,11.083642,"{'__CLASS__': 'Adzuna::API::Response::Category', 'tag': 'part-time-jobs', 'label': 'Teilzeitstellen'}",49.443967,https://www.adzuna.de/land/ad/5788591414?se=UiMGKaeJ8RGy-dwpXG4wwQ&utm_medium=api&utm_source=a4bcf954&v=C324DFB5529A7982C109999BF348D3184B650ACE,"{'__CLASS__': 'Adzuna::API::Response::Location', 'area': ['Deutschland', 'Bayern', 'Nürnberg'], 'display_name': 'Nürnberg, Bayern'}",5788591414,Adzuna::API::Response::Job,eyJhbGciOiJIUzI1NiJ9.eyJzIjoiVWlNR0thZUo4Ukd5LWR3cFhHNHd3USIsImkiOiI1Nzg4NTkxNDE0In0.g5eLYwHxxSt0gAxvUkXHswp7s5p4HbrUjjXTsj9YYR8,"{'__CLASS__': 'Adzuna::API::Response::Company', 'display_name': 'DATEV eG'}",,,,
2026-07-22T10:36:48Z,Mathematiker/Aktuar (d/m/w) Data Science/Pricing/Risikomanagement/Solvency II,"Meyerthole Siems Kohlruss (MSK) ist eine aktuarielle Beratungsgesellschaft mit Sitz in Köln und seit 1998 im deutschsprachigen Raum für Schaden- und Unfallversicherer tätig. Unsere Schwerpunkte liegen auf abwechslungsreichen Aufgaben aus den Bereichen Data Science, Telematik, Pricing, Naturgefahren, Bilanzbewertung, Rückversicherung und Solvency II. Wir widmen uns Zukunftsthemen, entwickeln maßgeschneiderte Lösungen am Puls der Zeit. Zu unseren Mandanten zählen sowohl etablierte Versicherer als…",0,6.969972,"{'__CLASS__': 'Adzuna::API::Response::Category', 'tag': 'other-general-jobs', 'label': 'Sonstige/Allgemeine Stellen'}",50.940164,https://www.adzuna.de/land/ad/5810591199?se=UiMGKaeJ8RGy-dwpXG4wwQ&utm_medium=api&utm_source=a4bcf954&v=8059906EFE6A243EACE2D739D0482AAA3ACAF9F4,"{'__CLASS__': 'Adzuna::API::Response::Location', 'area': ['Deutschland', 'Nordrhein-Westfalen', 'Köln'], 'display_name': 'Köln, Nordrhein-Westfalen'}",5810591199,Adzuna::API::Response::Job,eyJhbGciOiJIUzI1NiJ9.eyJzIjoiVWlNR0thZUo4Ukd5LWR3cFhHNHd3USIsImkiOiI1ODEwNTkxMTk5In0.Tp_EUJ2nAwkVbxiytg0qPHIV95aeUiSeJXuSdc2xA9U,"{'__CLASS__': 'Adzuna::API::Response::Company', 'display_name': 'Meyerthole Siems Kohlruss Ges. für aktuarielle Beratung mbH'}",,,,
2026-07-25T12:42:07Z,AI Engineer (m/w/d) – Machine Learning & Data Science | Brillux Münster,"Bei Brillux geht es um mehr als Farben und Lacke – wir stehen für Qualität, Verlässlichkeit und ein starkes Miteinander. Als Familienunternehmen in fünfter Generation wissen wir, dass Erfolg nur gemeinsam entsteht – durch Menschen die anpacken, gestalten und einander vertrauen. Mehr als 2.700 Mitarbeitende und über 400 Auszubildende arbeiten in vier Werken und an über 190 Standorten in Deutschland und Europa daran, Brillux jeden Tag weiterzuentwickeln – mit Ideen, Verantwortung und Teamgeist. W…",0,7.621504,"{'__CLASS__': 'Adzuna::API::Response::Category', 'tag': 'other-general-jobs', 'label': 'Sonstige/Allgemeine Stellen'}",51.955292,https://www.adzuna.de/land/ad/5815312808?se=UiMGKaeJ8RGy-dwpXG4wwQ&utm_medium=api&utm_source=a4bcf954&v=47A02B26B8F1062BB0E16443A9883DB726499780,"{'area': ['Deutschland', 'Nordrhein-Westfalen', 'Münster'], 'display_name': 'Münster, Nordrhein-Westfalen', '__CLASS__': 'Adzuna::API::Response::Location'}",5815312808,Adzuna::API::Response::Job,eyJhbGciOiJIUzI1NiJ9.eyJzIjoiVWlNR0thZUo4Ukd5LWR3cFhHNHd3USIsImkiOiI1ODE1MzEyODA4In0.MuRH9klz243ZPg86PxSoJYPXHxA8xDsVKFvEHWQEPCo,"{'display_name': 'Brillux GmbH & Co. KG', '__CLASS__': 'Adzuna::API::Response::Company'}",,,,
2026-06-19T21:03:05Z,Duales Studium B.Sc. Data Science und Künstliche Intelligenz (d/m/w) zum 01.09.2027,"Job Description: Dein Duales Studium B.Sc. (d/m/w) Data Science & Künstliche Intelligenz zum 01.09.2027 Starte deine Karriere bei Airbus! Bist du fasziniert davon, wie riesige Datenmengen und Künstliche Intelligenz die Geschäftswelt und unser Leben verändern, und möchtest aktiv die Zukunft mitgestalten? Dann ist ein Duales Studium bei Airbus genau das Richtige für dich! B.Sc. Data Science und Künstliche Intelligenz: Dieser Studiengang konzentriert sich stark auf die Analyse großer Datenmengen ,…",0,11.555737,"{'__CLASS__': 'Adzuna::API::Response::Category', 'label': 'Unknown', 'tag': 'unknown'}",48.137418,https://www.adzuna.de/land/ad/5769550193?se=UiMGKaeJ8RGy-dwpXG4wwQ&utm_medium=api&utm_source=a4bcf954&v=2B795DD5507610ECAA394CEAFB4904F7433789FF,"{'display_name': 'München, München (Kreis)', 'area': ['Deutschland', 'Bayern', 'München (Kreis)', 'München'], '__CLASS__': 'Adzuna::API::Response::Location'}",5769550193,Adzuna::API::Response::Job,eyJhbGciOiJIUzI1NiJ9.eyJzIjoiVWlNR0thZUo4Ukd5LWR3cFhHNHd3USIsImkiOiI1NzY5NTUwMTkzIn0.Yms18NMiBSN5HlJU9NIvYuaE_ztP0-EY13kw5_ZfeN4,"{'display_name': 'E Airbus Defence and Space GmbH', '__CLASS__': 'Adzuna::API::Response::Company'}",,,,
2026-07-17T17:18:27Z,Praktikant*in Entwicklung einer App zur Steuerung und Anwendung von Drohnen im Produktionsumfeld (Pflicht-Praktikum),"Life is always about becoming… Im Leben geht es darum, sich auf eine Reise zu begeben, um die beste Version unseres zukünftigen Selbst zu werden. Während wir Neues entdecken, stellen wir uns Herausforderungen, meistern sie und wachsen über uns hinaus. Bewerben Sie sich bei Mercedes-Benz und finden Sie den Aufgabenbereich, in dem Sie Ihre Talente individuell entfalten können. Dabei werden Sie von visionären Kolleginnen und Kollegen unterstützt, die Ihren Pioniergeist teilen. Bei uns einzusteigen…",0,9.315933,"{'tag': 'unknown', 'label': 'Unknown', '__CLASS__': 'Adzuna::API::Response::Category'}",48.745846,https://www.adzuna.de/land/ad/5804952982?se=UiMGKaeJ8RGy-dwpXG4wwQ&utm_medium=api&utm_source=a4bcf954&v=2D0C2F77172E912414DBB61C1C7368CC37D15F1C,"{'__CLASS__': 'Adzuna::API::Response::Location', 'area': ['Deutschland', 'Baden-Württemberg', 'Esslingen (Kreis)', 'Esslingen am Neckar'], 'display_name': 'Esslingen am Neckar, Esslingen (Kreis)'}",5804952982,Adzuna::API::Response::Job,eyJhbGciOiJIUzI1NiJ9.eyJzIjoiVWlNR0thZUo4Ukd5LWR3cFhHNHd3USIsImkiOiI1ODA0OTUyOTgyIn0.tMN2kmVsWWls9apAmMIJzXPnRZlxZg4vrzn28DB1EGI,"{'__CLASS__': 'Adzuna::API::Response::Company', 'display_name': 'Mercedes-Benz AG'}",,,,
2026-07-26T01:29:12Z,Senior AI Advisory Architect (gn),"SoftwareOne ist ein globaler Anbieter für Software- und Cloud-Lösungen. Mit einer Präsenz in über 70 Ländern und mehr als 12.000 Mitarbeitenden unterstützen wir Unternehmen dabei, ihre Software-Investitionen zu optimieren, Anwendungen zu modernisieren und das volle Potenzial von Cloud, Data und AI zu erschließen. Was uns ausmacht, sind die Menschen bei SoftwareOne. Wir ermöglichen Zusammenarbeit über Ländergrenzen hinweg, fördern kontinuierliches Lernen und schaffen Raum für Entwicklung in eine…",0,,"{'__CLASS__': 'Adzuna::API::Response::Category', 'label': 'IT-Stellen', 'tag': 'it-jobs'}",,https://www.adzuna.de/land/ad/5815903442?se=UiMGKaeJ8RGy-dwpXG4wwQ&utm_medium=api&utm_source=a4bcf954&v=FF8B26878F4E371E7EE4E2C9AEA33028E0A864BD,"{'__CLASS__': 'Adzuna::API::Response::Location', 'area': ['Deutschland'], 'display_name': 'Deutschland'}",5815903442,Adzuna::API::Response::Job,eyJhbGciOiJIUzI1NiJ9.eyJpIjoiNTgxNTkwMzQ0MiIsInMiOiJVaU1HS2FlSjhSR3ktZHdwWEc0d3dRIn0.40KGj_7-W6Y_uGUHBIbcI6URIoqWPFEgl8bqFBcdrCg,"{'display_name': 'SoftwareOne Deutschland GmbH', '__CLASS__': 'Adzuna::API::Response::Company'}",,,,
2026-07-24T15:02:17Z,IT Projektleiter - SaaS / KI / SAP / PLM (m/w/d),"Wenn du schon mal eine CAD-Zeichnung gesehen hast und dachtest: „Da steckt doch mehr drin als nur Linien und Maße“, dann wirst du dich bei uns schnell zu Hause fühlen. Denn genau das glauben wir auch! Wir arbeiten jeden Tag daran, dieses „Mehr“ sichtbar zu machen. PartSpace ist die Plattform, die technischen Zeichnungen eine neue Bedeutung gibt: Unsere KI analysiert, versteht und rechnet aus, was früher Bauchgefühl war. Direkt aus der Konstruktion heraus. So helfen wir Industrieunternehmen, ihr…",0,12.96065,"{'__CLASS__': 'Adzuna::API::Response::Category', 'tag': 'it-jobs', 'label': 'IT-Stellen'}",48.83367,https://www.adzuna.de/land/ad/5813839696?se=UiMGKaeJ8RGy-dwpXG4wwQ&utm_medium=api&utm_source=a4bcf954&v=7F8F86FDD7522B66A161FC572BC2500D101CD5D7,"{'area': ['Deutschland', 'Bayern', 'Deggendorf (Kreis)', 'Deggendorf'], 'display_name': 'Deggendorf, Deggendorf (Kreis)', '__CLASS__': 'Adzuna::API::Response::Location'}",5813839696,Adzuna::API::Response::Job,eyJhbGciOiJIUzI1NiJ9.eyJzIjoiVWlNR0thZUo4Ukd5LWR3cFhHNHd3USIsImkiOiI1ODEzODM5Njk2In0.BqvfRsO6UkhEbOF58jxy-v9d1POrGlKJa9Oj7T-qQis,"{'__CLASS__': 'Adzuna::API::Response::Company', 'display_name': 'PartSpace GmbH'}",,,,
2026-07-18T18:53:50Z,"Cloud-Native Architekt (m/w/d) – Kubernetes, CNCF, MLOps","Rosenxt ist eine zukunftsorientierte Technologiegruppe - wir sind visionäre Architekten des Fortschritts mit Jahrzehnten an Ingenieurs-Exzellenz. Als ein privat geführter globaler Partner mit mehr als 650 Mitarbeitern schauen wir weit in die Zukunft, setzen auf Langfristigkeit und machen so aus Chancen erfolgreiche Geschäftsfelder. Wir sind technikbegeistert durch und durch, tauchen tief in die neuesten Technologien ein. Diese Expertise in verschiedensten Technologiebereichen wie Sensoren, auto…",0,,"{'__CLASS__': 'Adzuna::API::Response::Category', 'tag': 'unknown', 'label': 'Unknown'}",,https://www.adzuna.de/land/ad/5806282380?se=UiMGKaeJ8RGy-dwpXG4wwQ&utm_medium=api&utm_source=a4bcf954&v=0A96B42277F8F96857F09A9F81F77B1BC801CB3A,"{'__CLASS__': 'Adzuna::API::Response::Location', 'area': ['Deutschland'], 'display_name': 'Deutschland'}",5806282380,Adzuna::API::Response::Job,eyJhbGciOiJIUzI1NiJ9.eyJzIjoiVWlNR0thZUo4Ukd5LWR3cFhHNHd3USIsImkiOiI1ODA2MjgyMzgwIn0.4DOVQZBzMPVoPAEtDcncEqIeyS45mZYsHwFmc3fHzNo,"{'__CLASS__': 'Adzuna::API::Response::Company', 'display_name': 'Rosenxt Group'}",,,,
2026-07-17T21:13:23Z,Werkstudent*in Ladungsträgermanagement Schwerpunkt Digitalisierung,"Life is always about becoming… Im Leben geht es darum, sich auf eine Reise zu begeben, um die beste Version unseres zukünftigen Selbst zu werden. Während wir Neues entdecken, stellen wir uns Herausforderungen, meistern sie und wachsen über uns hinaus. Bewerben Sie sich bei Mercedes-Benz und finden Sie den Aufgabenbereich, in dem Sie Ihre Talente individuell entfalten können. Dabei werden Sie von visionären Kolleginnen und Kollegen unterstützt, die Ihren Pioniergeist teilen. Bei uns einzusteigen…",0,8.98349,"{'__CLASS__': 'Adzuna::API::Response::Category', 'label': 'Unknown', 'tag': 'unknown'}",48.68872,https://www.adzuna.de/land/ad/5805128420?se=UiMGKaeJ8RGy-dwpXG4wwQ&utm_medium=api&utm_source=a4bcf954&v=054DE98A0E8A0868DC4709143CB138883BB97CF2,"{'display_name': 'Böblingen, Böblingen (Kreis)', 'area': ['Deutschland', 'Baden-Württemberg', 'Böblingen (Kreis)', 'Böblingen'], '__CLASS__': 'Adzuna::API::Response::Location'}",5805128420,Adzuna::API::Response::Job,eyJhbGciOiJIUzI1NiJ9.eyJpIjoiNTgwNTEyODQyMCIsInMiOiJVaU1HS2FlSjhSR3ktZHdwWEc0d3dRIn0.6w1RM380hOAb5gG3_nBQwqkLUqlWfWJ3KtCwMh6UPmE,"{'__CLASS__': 'Adzuna::API::Response::Company', 'display_name': 'Mercedes-Benz AG'}",,,,
2026-07-23T19:04:24Z,Praktikant*in Functional Safety Powertrain,"Life is always about becoming… Im Leben geht es darum, sich auf eine Reise zu begeben, um die beste Version unseres zukünftigen Selbst zu werden. Während wir Neues entdecken, stellen wir uns Herausforderungen, meistern sie und wachsen über uns hinaus. Bewerben Sie sich bei Mercedes-Benz und finden Sie den Aufgabenbereich, in dem Sie Ihre Talente individuell entfalten können. Dabei werden Sie von visionären Kolleginnen und Kollegen unterstützt, die Ihren Pioniergeist teilen. Bei uns einzusteigen…",0,9.026231,"{'__CLASS__': 'Adzuna::API::Response::Category', 'label': 'Stellen aus Fertigung', 'tag': 'manufacturing-jobs'}",48.720071,https://www.adzuna.de/land/ad/5812539348?se=UiMGKaeJ8RGy-dwpXG4wwQ&utm_medium=api&utm_source=a4bcf954&v=D5B283AB5FA793F1CBA6E41680CB950BA81ACEC9,"{'area': ['Deutschland', 'Baden-Württemberg', 'Böblingen (Kreis)', 'Sindelfingen'], 'display_name': 'Sindelfingen, Böblingen (Kreis)', '__CLASS__': 'Adzuna::API::Response::Location'}",5812539348,Adzuna::API::Response::Job,eyJhbGciOiJIUzI1NiJ9.eyJzIjoiVWlNR0thZUo4Ukd5LWR3cFhHNHd3USIsImkiOiI1ODEyNTM5MzQ4In0.kIOw8LnNLtPeCgGAIJtG1JfY1I1U6luttTqU7ze9J_M,"{'display_name': 'Mercedes-Benz AG', '__CLASS__': 'Adzuna::API::Response::Company'}",,,,
2026-05-12T23:14:56Z,Initiativbewerbung Data Science / BI,"Das sind wir Daten sind für uns nicht gleich Daten. Du teilst unsere Mission ""Mehr aus Daten rausholen""? Dann bist Du als Newbie oder erfahrenes Data Science Talent bei uns mehr als willkommen! Bei SKOPOS ELEMENTS unterstützen talentierte Data Scientists zukunftsorientierte Unternehmen und Menschen bei ihrem Weg zur Data Driven Company. Als Teil der SKOPOS GROUP sind wir seit 1995 führender Anbieter in der Marktforschung und beschäftigen aktuell über 140 Mitarbeitende. Begleite unser Wachstum u…",0,6.86811,"{'__CLASS__': 'Adzuna::API::Response::Category', 'label': 'Unknown', 'tag': 'unknown'}",50.87096,https://www.adzuna.de/details/5727333234?utm_medium=api&utm_source=a4bcf954,"{'display_name': 'Hürth, Rhein-Erft-Kreis', 'area': ['Deutschland', 'Nordrhein-Westfalen', 'Rhein-Erft-Kreis', 'Hürth'], '__CLASS__': 'Adzuna::API::Response::Location'}",5727333234,Adzuna::API::Response::Job,eyJhbGciOiJIUzI1NiJ9.eyJpIjoiNTcyNzMzMzIzNCIsInMiOiJVaU1HS2FlSjhSR3ktZHdwWEc0d3dRIn0.S45hpoO6RXO2C_UammCqGtxH6hAYqBIYvve10qJrupo,"{'display_name': 'Skopos Group', '__CLASS__': 'Adzuna::API::Response::Company'}",full_time,,,
2026-01-31T07:21:56Z,Head of Data Science,"Short Facts Join us on our journey to build Europe's energy backbone : We at Flexa are building Europe's largest virtual power plant with currently above 100k assets signed up, aiming to breach the million in the near future. To optimize the value creation from both trading algorithms across markets and dispatching to the assets, we are looking for a forward-thinking and experienced Head of Data Science (d/f/m) who shares our vision and values. A pioneering Head of Data Science to lead and grow…",0,11.56803,"{'__CLASS__': 'Adzuna::API::Response::Category', 'label': 'Unknown', 'tag': 'unknown'}",48.1476,https://www.adzuna.de/details/5607237994?utm_medium=api&utm_source=a4bcf954,"{'__CLASS__': 'Adzuna::API::Response::Location', 'area': ['Deutschland', 'Bayern', 'München (Kreis)', 'München', 'Maxvorstadt'], 'display_name': 'Maxvorstadt, München'}",5607237994,Adzuna::API::Response::Job,eyJhbGciOiJIUzI1NiJ9.eyJpIjoiNTYwNzIzNzk5NCIsInMiOiJVaU1HS2FlSjhSR3ktZHdwWEc0d3dRIn0.pNMqi66Nr7l2pQpo_pS09ru9cDo2Y21FJPemsuLu7kM,"{'__CLASS__': 'Adzuna::API::Response::Company', 'display_name': 'Flexa'}",full_time,200000.0,140000.0,
2026-07-01T22:58:19Z,Engineering Manager (Data Science),"What you’ll do Build, mentor, and lead an elite data science team as a trusted, empathetic player-coach, while clearly communicating complex technical ideas to executives, customers, and partners Personally design, train, deploy, and own the models that power Peec AI’s AI Search recommendations, taking hands-on responsibility for our most business-critical ML systems Develop and ship novel algorithms that reverse-engineer AI search and LLM behavior, turning deep technical insight into durable, …",0,13.420806,"{'tag': 'it-jobs', 'label': 'IT-Stellen', '__CLASS__': 'Adzuna::API::Response::Category'}",52.507706,https://www.adzuna.de/details/5784246611?utm_medium=api&utm_source=a4bcf954,"{'area': ['Deutschland', 'Berlin'], 'display_name': 'Berlin, Deutschland', '__CLASS__': 'Adzuna::API::Response::Location'}",5784246611,Adzuna::API::Response::Job,eyJhbGciOiJIUzI1NiJ9.eyJpIjoiNTc4NDI0NjYxMSIsInMiOiJVaU1HS2FlSjhSR3ktZHdwWEc0d3dRIn0.gCLO3aW6BwcURudW7dqq0UeQZrurf0-gkXkh6OErztk,"{'display_name': 'Peec AI', '__CLASS__': 'Adzuna::API::Response::Company'}",full_time,160000.0,120000.0,
2026-05-19T23:10:02Z,Data Science Team Leader,"Ready for a challenge? That’s good, because at Just Eat Takeaway.com (JET) we have abundant opportunity, or, as we say, everything is on the table. We are a leading global online food delivery marketplace. Our tech ecosystem connects millions of active customers with hundreds of thousands of connected partners in countries across the globe. Our mission? To empower every food moment around the world, whether it’s through customer service, coding or couriers. About this role As the Senior Team Le…",0,,"{'__CLASS__': 'Adzuna::API::Response::Category', 'tag': 'unknown', 'label': 'Unknown'}",,https://www.adzuna.de/details/5734463783?utm_medium=api&utm_source=a4bcf954,"{'display_name': 'Deutschland', 'area': ['Deutschland'], '__CLASS__': 'Adzuna::API::Response::Location'}",5734463783,Adzuna::API::Response::Job,eyJhbGciOiJIUzI1NiJ9.eyJpIjoiNTczNDQ2Mzc4MyIsInMiOiJVaU1HS2FlSjhSR3ktZHdwWEc0d3dRIn0.g5VlUq5SQBv_b7GAym8D_2lFH5YJF6N6eRuSD9jPMmo,"{'display_name': 'Just Eat', '__CLASS__': 'Adzuna::API::Response::Company'}",full_time,,,
2025-11-18T19:20:38Z,"Data Science, Music & Audio","Who we are Melotech is revolutionizing media and entertainment. We create art through technology for humans to enjoy. In just 24 months, our work has been heard, watched and loved for over 3 billion minutes worldwide. Founded by entrepreneur and investor Soheil Mirpour, we are backed by top VCs Cherry Ventures, Speedinvest and GFC, alongside world-class angels from firms such as Spotify, Blackstone and KKR. What you will do Join us as our first dedicated Data Scientist to bring order to the cha…",0,13.420806,"{'label': 'Unknown', 'tag': 'unknown', '__CLASS__': 'Adzuna::API::Response::Category'}",52.507706,https://www.adzuna.de/details/5502257930?utm_medium=api&utm_source=a4bcf954,"{'display_name': 'Berlin, Deutschland', 'area': ['Deutschland', 'Berlin'], '__CLASS__': 'Adzuna::API::Response::Location'}",5502257930,Adzuna::API::Response::Job,eyJhbGciOiJIUzI1NiJ9.eyJzIjoiVWlNR0thZUo4Ukd5LWR3cFhHNHd3USIsImkiOiI1NTAyMjU3OTMwIn0.GwRUvErTqnjZX76LkfJuqRmy6VA_8l15NkXuIKY6LGk,"{'__CLASS__': 'Adzuna::API::Response::Company', 'display_name': 'Melotech'}",full_time,,,
2026-05-15T22:54:05Z,Data Science Team Leader,"Ready for a challenge? That’s good, because at Just Eat Takeaway.com (JET) we have abundant opportunity, or, as we say, everything is on the table. We are a leading global online food delivery marketplace. Our tech ecosystem connects millions of active customers with hundreds of thousands of connected partners in countries across the globe. Our mission? To empower every food moment around the world, whether it’s through customer service, coding or couriers. About this role As the Senior Team Le…",0,,"{'label': 'Unknown', 'tag': 'unknown', '__CLASS__': 'Adzuna::API::Response::Category'}",,https://www.adzuna.de/details/5730764373?utm_medium=api&utm_source=a4bcf954,"{'__CLASS__': 'Adzuna::API::Response::Location', 'display_name': 'Deutschland', 'area': ['Deutschland']}",5730764373,Adzuna::API::Response::Job,eyJhbGciOiJIUzI1NiJ9.eyJpIjoiNTczMDc2NDM3MyIsInMiOiJVaU1HS2FlSjhSR3ktZHdwWEc0d3dRIn0.10iUv8a2PxAVFzdvbMeC3G86jMqh4mtuEWkGsIOipWQ,"{'display_name': 'Just Eat', '__CLASS__': 'Adzuna::API::Response::Company'}",full_time,,,
2026-03-19T22:33:09Z,Data Science Lead 1,"Make your mark for patients To strengthen our Global Advanced Analytics team, we are looking for an adaptable, collaborative individual with an intrapreneurial mindset for our Analytics Lead opening . This hybrid role is based in our headquarters in Monheim, Germany requiring 40% onsite presence and 5-10% international/ domestic travel. About the role You will help to inform on the commercial viability of various assets in development. You will be responsible for making exceptional business imp…",0,10.85789,"{'__CLASS__': 'Adzuna::API::Response::Category', 'label': 'Unknown', 'tag': 'unknown'}",48.84099,https://www.adzuna.de/details/5672477950?utm_medium=api&utm_source=a4bcf954,"{'display_name': 'Monheim, Donau-Ries (Kreis)', 'area': ['Deutschland', 'Bayern', 'Donau-Ries (Kreis)', 'Monheim'], '__CLASS__': 'Adzuna::API::Response::Location'}",5672477950,Adzuna::API::Response::Job,eyJhbGciOiJIUzI1NiJ9.eyJzIjoiVWlNR0thZUo4Ukd5LWR3cFhHNHd3USIsImkiOiI1NjcyNDc3OTUwIn0.0M4g3rWnehVW9C-MWd254XmSfgOWjAxmhiqtJJDf5iY,"{'__CLASS__': 'Adzuna::API::Response::Company', 'display_name': 'UCB'}",,,,
2026-04-23T10:57:19Z,Praktikum Data Science in Neckarsulm,"Deine Aufgaben Werde Teil unseres Daten & KI Teams, unterstütze datenbasierte Analysen und entwickle innovative Automatisierungslösungen. Ab sofort für 4 bis 6 Monate. … konkret heißt das: Erhalte Einblicke in Big Data und Machine Learning Technologien Mitarbeit bei Datenerhebung, -aufbereitung und explorativer Analyse Entwicklung, Validierung und Pilotierung KI- und Statistik-basierte Lösungen für automatisierte Entscheidungen in Fachabteilungen Einbringen in die strategische Definition von Da…",0,,"{'__CLASS__': 'Adzuna::API::Response::Category', 'tag': 'unknown', 'label': 'Unknown'}",,https://www.adzuna.de/details/5708108449?utm_medium=api&utm_source=a4bcf954,"{'__CLASS__': 'Adzuna::API::Response::Location', 'area': ['Deutschland'], 'display_name': 'Deutschland'}",5708108449,Adzuna::API::Response::Job,eyJhbGciOiJIUzI1NiJ9.eyJzIjoiVWlNR0thZUo4Ukd5LWR3cFhHNHd3USIsImkiOiI1NzA4MTA4NDQ5In0.gawYfxHJ98It814uE3YJN6G2cfP-zW4G5me8VGP30h0,"{'__CLASS__': 'Adzuna::API::Response::Company', 'display_name': 'Lidl Stiftung'}",full_time,,,
2026-07-24T09:38:13Z,Solution Consultant KI-Plattformen (m/w/d),"Wir sind ein dynamisches und leistungsstarkes Unternehmen der kosmetischen und pharmazeutischen Industrie. Neben der nach GMP-Richtlinien zertifizierten eigenen Produktion für unsere Gesichts-, Körper-, Haarpflegeprodukte und dekorativen Kosmetik legen wir großen Wert auf unser Qualitätsmerkmal ""Made in Germany"". Jährlich werden unsere innovativen Apothekenprodukte mit Preisen wie ""Beste Neueinführung"" oder ""Top Marke"" ausgezeichnet. Zur Verstärkung unseres IT-Teams suchen wir zum nächstmöglich…",0,7.3341,"{'tag': 'unknown', 'label': 'Unknown', '__CLASS__': 'Adzuna::API::Response::Category'}",49.31944,https://www.adzuna.de/land/ad/5813484237?se=UiMGKaeJ8RGy-dwpXG4wwQ&utm_medium=api&utm_source=a4bcf954&v=B82B796464C89AB9BF15E81FEF75C6FA53EAD7D6,"{'__CLASS__': 'Adzuna::API::Response::Location', 'area': ['Deutschland', 'Saarland', 'Saarpfalz-Kreis', 'Homburg'], 'display_name': 'Homburg, Saarpfalz-Kreis'}",5813484237,Adzuna::API::Response::Job,eyJhbGciOiJIUzI1NiJ9.eyJzIjoiVWlNR0thZUo4Ukd5LWR3cFhHNHd3USIsImkiOiI1ODEzNDg0MjM3In0.ePJVXuGORBrWuuyJnKdy5m07MpEEerkYEJxCq43H6iI,"{'__CLASS__': 'Adzuna::API::Response::Company', 'display_name': 'Dr. Theiss Naturwaren GmbH'}",,,,
2026-07-22T10:35:43Z,Junior Market Research Manager Marktforschung / Market Intelligence / Data Science (m/w/d),"Wir überzeugen unsere Kunden mit hochpräzisen Messgeräten und innovativen Lösungen für das Messdatenmanagement von morgen. Seit 1957 entwickeln, produzieren und vermarkten aktuell 3.900 Mitarbeiter in weltweit 37 Tochtergesellschaften unsere Produkte. Gestalten Sie die Dinge mit und entwickeln Sie sich weiter. Wir sehen in Ihnen nicht nur den Mitarbeiter, sondern auch den Menschen! JLFT1_DE",0,,"{'__CLASS__': 'Adzuna::API::Response::Category', 'tag': 'other-general-jobs', 'label': 'Sonstige/Allgemeine Stellen'}",,https://www.adzuna.de/land/ad/5810586836?se=UiMGKaeJ8RGy-dwpXG4wwQ&utm_medium=api&utm_source=a4bcf954&v=64C10D64B6B3776B5C370118D1F9B69652102757,"{'__CLASS__': 'Adzuna::API::Response::Location', 'display_name': 'Deutschland', 'area': ['Deutschland']}",5810586836,Adzuna::API::Response::Job,eyJhbGciOiJIUzI1NiJ9.eyJzIjoiVWlNR0thZUo4Ukd5LWR3cFhHNHd3USIsImkiOiI1ODEwNTg2ODM2In0.9-XRGUjLCNp0t1lstN6zraFi1XNuAkxihVgEQKndhXs,"{'display_name': 'Testo SE & Co. KGaA', '__CLASS__': 'Adzuna::API::Response::Company'}",,,,
2026-07-26T01:29:21Z,Senior Datenarchitekt (m/w/d) Data & AI Strategie,"INFOMOTION ist die Data Performance Company – mit über 600 Datenenthusiastinnen und -enthusiasten an neun Standorten und mehr als 20 Jahren Erfahrung. Bei uns bringst Du Deine Expertise gezielt ein – und entwickelst sie weiter, gemeinsam mit einem Team, das Wissen teilt, Verantwortung lebt und Zukunft gestaltet. Du möchtest Deine Erfahrung nicht nur vertiefen, sondern auch weitergeben – und mit anderen gemeinsam echte Datenwirkung erzielen? Dann gestalte mit uns die nächste Etappe – persönlich,…",0,,"{'__CLASS__': 'Adzuna::API::Response::Category', 'tag': 'it-jobs', 'label': 'IT-Stellen'}",,https://www.adzuna.de/land/ad/5815903608?se=UiMGKaeJ8RGy-dwpXG4wwQ&utm_medium=api&utm_source=a4bcf954&v=BACA66055BAF7E9E51246E2752FC9B60224C9ACA,"{'__CLASS__': 'Adzuna::API::Response::Location', 'display_name': 'Frankfurt am Main, Hessen', 'area': ['Deutschland', 'Hessen', 'Frankfurt am Main']}",5815903608,Adzuna::API::Response::Job,eyJhbGciOiJIUzI1NiJ9.eyJpIjoiNTgxNTkwMzYwOCIsInMiOiJVaU1HS2FlSjhSR3ktZHdwWEc0d3dRIn0.pYCOvcUcNTxeGuyWQb-HxjR43avCTxw5L8mfTFgk0VY,"{'__CLASS__': 'Adzuna::API::Response::Company', 'display_name': 'INFOMOTION GmbH'}",,,,
2026-07-24T19:28:36Z,Praktikant*in Reichweiteprognose Performance BEV sowie Betriebsstrategie V8 (Pflicht-Praktikum),"Life is always about becoming… Im Leben geht es darum, sich auf eine Reise zu begeben, um die beste Version unseres zukünftigen Selbst zu werden. Während wir Neues entdecken, stellen wir uns Herausforderungen, meistern sie und wachsen über uns hinaus. Bewerben Sie sich bei Mercedes-Benz und finden Sie den Aufgabenbereich, in dem Sie Ihre Talente individuell entfalten können. Dabei werden Sie von visionären Kolleginnen und Kollegen unterstützt, die Ihren Pioniergeist teilen. Bei uns einzusteigen…",0,9.32281,"{'tag': 'unknown', 'label': 'Unknown', '__CLASS__': 'Adzuna::API::Response::Category'}",48.92287,https://www.adzuna.de/land/ad/5814221134?se=UiMGKaeJ8RGy-dwpXG4wwQ&utm_medium=api&utm_source=a4bcf954&v=2784CBD8FC31962DEBF586A8865A95E7C0C540FB,"{'display_name': 'Affalterbach, Ludwigsburg (Kreis)', 'area': ['Deutschland', 'Baden-Württemberg', 'Ludwigsburg (Kreis)', 'Affalterbach'], '__CLASS__': 'Adzuna::API::Response::Location'}",5814221134,Adzuna::API::Response::Job,eyJhbGciOiJIUzI1NiJ9.eyJpIjoiNTgxNDIyMTEzNCIsInMiOiJVaU1HS2FlSjhSR3ktZHdwWEc0d3dRIn0.5NMX8I1xNAFLMXNEUyvcZMuZorF1DfAqsjMdi3-sy0s,"{'display_name': 'Mercedes-Benz AG', '__CLASS__': 'Adzuna::API::Response::Company'}",,,,
2026-07-20T15:33:16Z,Trainee FOKUS Luxemburg (m/w/d) - digitale Transformation & Prozessmanagement im Fondsbrokerage,"Als eine der großen europäischen Plattformen für Investmentfonds ist die Attrax Financial Services S.A. ein zuverlässiger Partner der Genossenschaftlichen FinanzGruppe Volksbanken Raiffeisenbanken in Deutschland und weiterer professioneller Finanzdienstleister - wie Banken, Investmentgesellschaften und Versicherungen. Die Gesellschaft bietet ihren Institutionellen Kunden innovative Business-to-Business-Services für Fondsbrokerage und Fondsverwahrung, kundenorientierte Lösungen in den Bereichen …",0,,"{'__CLASS__': 'Adzuna::API::Response::Category', 'tag': 'it-jobs', 'label': 'IT-Stellen'}",,https://www.adzuna.de/land/ad/5808153139?se=UiMGKaeJ8RGy-dwpXG4wwQ&utm_medium=api&utm_source=a4bcf954&v=C2997387BB0FA88646A1882AA3999AE183102AD5,"{'display_name': 'Deutschland', 'area': ['Deutschland'], '__CLASS__': 'Adzuna::API::Response::Location'}",5808153139,Adzuna::API::Response::Job,eyJhbGciOiJIUzI1NiJ9.eyJzIjoiVWlNR0thZUo4Ukd5LWR3cFhHNHd3USIsImkiOiI1ODA4MTUzMTM5In0.m0QhJsiTUIeGFAbV0k7_HK_As6Dm6VkGI9u1uW3dKgQ,"{'__CLASS__': 'Adzuna::API::Response::Company', 'display_name': 'Union Investment'}",,,,
2026-07-16T15:09:08Z,Professur (m/w/d) für Medizintechnische Wissenschaften,"DAS DUALE HOCHSCHULSTUDIUM MIT ZUKUNFT. Die Duale Hochschule Baden-Württemberg (DHBW) ist mit rund 33.000 Studierenden an neun Studienakademien und drei Campus sowie dem Center for Advanced Studies die größte Hochschule Baden-Württembergs. Gemeinsam mit 9.000 ausgewählten Unternehmen sowie sozialen und gesundheitsnahen Einrichtungen sorgt die DHBW für einen in Theorie und Praxis exzellent qualifizierten Fach- und Führungskräftenachwuchs in den Bereichen Wirtschaft, Technik, Sozialwesen und Gesu…",0,9.209895,"{'label': 'Unknown', 'tag': 'unknown', '__CLASS__': 'Adzuna::API::Response::Category'}",49.142335,https://www.adzuna.de/land/ad/5802876016?se=UiMGKaeJ8RGy-dwpXG4wwQ&utm_medium=api&utm_source=a4bcf954&v=A446F79ED3FD6DCF995F9444E2EAB814B95DA6EC,"{'__CLASS__': 'Adzuna::API::Response::Location', 'display_name': 'Heilbronn, Heilbronn (Kreis)', 'area': ['Deutschland', 'Baden-Württemberg', 'Heilbronn (Kreis)', 'Heilbronn']}",5802876016,Adzuna::API::Response::Job,eyJhbGciOiJIUzI1NiJ9.eyJpIjoiNTgwMjg3NjAxNiIsInMiOiJVaU1HS2FlSjhSR3ktZHdwWEc0d3dRIn0.u42DNsGb5po8FOBtsnFa4ja1RbRHBNNc70o9H8AHFbA,"{'display_name': 'Duale Hochschule Baden-Württemberg Heilbronn', '__CLASS__': 'Adzuna::API::Response::Company'}",,,,
2026-07-22T10:26:58Z,"Duales Studium Data Science und Künstliche Intelligenz, Bachelor of Science, Mercedes-Benz AG, Global Logistics Center Germersheim, Studienbeginn 1. Oktober 2027 (m/w/d)","Life is always about becoming… Im Leben geht es darum, sich auf eine Reise zu begeben, um die beste Version unseres zukünftigen Selbst zu werden. Während wir Neues entdecken, stellen wir uns Herausforderungen, meistern sie und wachsen über uns hinaus. Bewerben Sie sich bei Mercedes-Benz und finden Sie den Aufgabenbereich, in dem Sie Ihre Talente individuell entfalten können. Dabei werden Sie von visionären Kolleginnen und Kollegen unterstützt, die Ihren Pioniergeist teilen. Bei uns einzusteigen…",0,8.36958,"{'__CLASS__': 'Adzuna::API::Response::Category', 'label': 'Stellen für Hochschulabsolventen', 'tag': 'graduate-jobs'}",49.21886,https://www.adzuna.de/land/ad/5810552391?se=UiMGKaeJ8RGy-dwpXG4wwQ&utm_medium=api&utm_source=a4bcf954&v=44E8BD146F824A1C17C1E9D9B1CFE1603EE259CA,"{'__CLASS__': 'Adzuna::API::Response::Location', 'display_name': 'Germersheim, Germersheim (Kreis)', 'area': ['Deutschland', 'Rheinland-Pfalz', 'Germersheim (Kreis)', 'Germersheim']}",5810552391,Adzuna::API::Response::Job,eyJhbGciOiJIUzI1NiJ9.eyJzIjoiVWlNR0thZUo4Ukd5LWR3cFhHNHd3USIsImkiOiI1ODEwNTUyMzkxIn0.gI6rTyYVuANhwtMPgsbbJ-QOesxZ8PEj79Np2VLsAVs,"{'display_name': 'Mercedes-Benz AG', '__CLASS__': 'Adzuna::API::Response::Company'}",,,,
2025-07-12T22:07:55Z,Praktikum/Abschlussarbeit im Bereich Data Science,"Unterstützen Sie uns im Rahmen eines Praktikums/einer Abschlussarbeit im Bereich Data Science. Studium/Fachrichtung | Mathematik, Statistik, Data Science, Informatik, Physik oder vglb. Studiengänge Einsatzbereich | Praktikum/Abschlussarbeit im Bereich Data Science Dauer | 3-6 Monate Bestens gefordert | Wir suchen motivierte Studierende, die sich unserem Data Science Team für ein Pflichtpraktikum und/oder eine Bachelor-/Masterarbeit (3-6 Monate) anschließen möchten. Bei uns können Sie praktische…",0,14.10731,"{'label': 'Unknown', 'tag': 'unknown', '__CLASS__': 'Adzuna::API::Response::Category'}",51.13209,https://www.adzuna.de/details/5299866746?utm_medium=api&utm_source=a4bcf954,"{'__CLASS__': 'Adzuna::API::Response::Location', 'display_name': 'Frankenthal, Bautzen (Kreis)', 'area': ['Deutschland', 'Sachsen', 'Bautzen (Kreis)', 'Frankenthal']}",5299866746,Adzuna::API::Response::Job,eyJhbGciOiJIUzI1NiJ9.eyJzIjoiVWlNR0thZUo4Ukd5LWR3cFhHNHd3USIsImkiOiI1Mjk5ODY2NzQ2In0.XGHJ39Dbh50uU-I-MRoRr0RrO6bSesIx1uTxs2hThfQ,"{'__CLASS__': 'Adzuna::API::Response::Company', 'display_name': 'KSB'}",,,,
2026-07-23T04:30:32Z,Werkstudent Data Science - Jobsuche & Job-Empfehlung,"Als Werkstudent im Bereich Data Science unterstützt du uns dabei, unsere Such- und Empfehlungssysteme datenbasiert weiterzuentwickeln. Du arbeitest mit echten Nutzerprofilen, Stellenanzeigen sowie Such- und Empfehlungsergebnissen und hilfst uns zu verstehen, was ein gutes Matching ausmacht. Du bist Teil eines internationalen Data-Science-Teams und erhältst Einblicke in die Entwicklung datengetriebener Produkte – von der Analyse einzelner Ergebnisse bis hin zu produktiven Machine-Learning-System…",0,9.99333,"{'__CLASS__': 'Adzuna::API::Response::Category', 'tag': 'unknown', 'label': 'Unknown'}",53.54167,https://www.adzuna.de/details/5811753434?utm_medium=api&utm_source=a4bcf954,"{'__CLASS__': 'Adzuna::API::Response::Location', 'area': ['Deutschland', 'Hamburg', 'HafenCity'], 'display_name': 'HafenCity, Hamburg'}",5811753434,Adzuna::API::Response::Job,eyJhbGciOiJIUzI1NiJ9.eyJzIjoiVWlNR0thZUo4Ukd5LWR3cFhHNHd3USIsImkiOiI1ODExNzUzNDM0In0.lK9JoES_bzjmAEwY4o85bEmb7l-rCV6BlsZC3izxOgs,"{'__CLASS__': 'Adzuna::API::Response::Company', 'display_name': 'XING'}",,,,contract
2026-07-18T09:31:27Z,Praktikum Data Analytics / Data Science,"Praktikum Data Analytics / Data Science Datum: 12.11.2025 Standort: Fellbach, BW, DE, 70736 Unternehmen: STIHL Das ist die Aufgabe Mitwirken im innovativen Big Data Team: Unterstütze andere Fachbereiche durch Expertise in Data Analytics und erhalte Einblicke in Data Science und Data Visualization, um datengetriebene Entscheidungen voranzutreiben Beteiligen an Analytics Projekten: Arbeite interdisziplinär, um Produkte und interne Prozesse durch datengetriebene Insights zu optimieren, mit der Cha…",0,9.26652,"{'tag': 'accounting-finance-jobs', 'label': 'Stellen aus Buchhaltung & Finanzwesen', '__CLASS__': 'Adzuna::API::Response::Category'}",48.82807,https://www.adzuna.de/details/5805899650?utm_medium=api&utm_source=a4bcf954,"{'__CLASS__': 'Adzuna::API::Response::Location', 'area': ['Deutschland', 'Baden-Württemberg', 'Rems-Murr-Kreis', 'Fellbach', 'Schmiden'], 'display_name': 'Schmiden, Fellbach'}",5805899650,Adzuna::API::Response::Job,eyJhbGciOiJIUzI1NiJ9.eyJpIjoiNTgwNTg5OTY1MCIsInMiOiJVaU1HS2FlSjhSR3ktZHdwWEc0d3dRIn0.IlS7nkhJtU9ibo7Ov580FVb9ycswsjQ5vUFe4y5LRmE,"{'__CLASS__': 'Adzuna::API::Response::Company', 'display_name': 'ANDREAS STIHL AG & Co. KG'}",,,,
2026-07-01T23:47:40Z,Praxissemester im Bereich KI und Data Science,"Du studierst Informatik, Künstliche Intelligenz (KI), Data Science, Data Analytics oder einen vergleichbaren Studiengang mit Schwerpunkt Softwareentwicklung und möchtest dein theoretisches Wissen in einem praxisnahen Projekt anwenden, das langfristig einen echten Mehrwert schafft? Dann suchen wir genau dich für ein Praxissemester! Werde Teil unseres Teams am Standort Ulm und gestalte die Zukunft von NewTec aktiv mit! Was dich bei NewTec erwartet: Du entwickelst und optimierst Datenbankabfragen …",0,9.94976,"{'__CLASS__': 'Adzuna::API::Response::Category', 'tag': 'it-jobs', 'label': 'IT-Stellen'}",48.39155,https://www.adzuna.de/details/5784409486?utm_medium=api&utm_source=a4bcf954,"{'area': ['Deutschland', 'Baden-Württemberg', 'Ulm', 'Söflingen'], 'display_name': 'Söflingen, Ulm', '__CLASS__': 'Adzuna::API::Response::Location'}",5784409486,Adzuna::API::Response::Job,eyJhbGciOiJIUzI1NiJ9.eyJpIjoiNTc4NDQwOTQ4NiIsInMiOiJVaU1HS2FlSjhSR3ktZHdwWEc0d3dRIn0.DWonUpvuaH8p4HRDAZBmOoiJ-mI0XD2R3IeZEk7FOQc,"{'__CLASS__': 'Adzuna::API::Response::Company', 'display_name': 'NewTec'}",full_time,,,
2026-06-26T23:23:03Z,Projektmanager – Data Analytics / Data Science,"Für den Standort München suchen wir: Projektmanager – Data Analytics / Data Science Ihre Aufgaben: Planung, Steuerung und Umsetzung datengetriebener Use Cases und Projekte über den gesamten Lifecycle Projektmanagement im Data-/Analytics-Umfeld (Termine, Budget, Risiken, Ressourcen) Zusammenarbeit mit Data Scientists, Data Analysts, Data Engineers, Product Ownern und Fachbereichen Übersetzung fachlicher Anforderungen in analytische Lösungsansätze Steuerung interner und externer Projektbeteiligte…",0,11.44811,"{'tag': 'pr-advertising-marketing-jobs', 'label': 'Stellen aus PR, Werbung & Marketing', '__CLASS__': 'Adzuna::API::Response::Category'}",48.18449,https://www.adzuna.de/details/5778269339?utm_medium=api&utm_source=a4bcf954,"{'__CLASS__': 'Adzuna::API::Response::Location', 'area': ['Deutschland', 'Bayern', 'München (Kreis)', 'München', 'Allach-Untermenzing'], 'display_name': 'Allach-Untermenzing, München'}",5778269339,Adzuna::API::Response::Job,eyJhbGciOiJIUzI1NiJ9.eyJzIjoiVWlNR0thZUo4Ukd5LWR3cFhHNHd3USIsImkiOiI1Nzc4MjY5MzM5In0.4Txy1edrB9iwb-edN42uNK2T5kI3LjnBUoXcU_OoAvM,"{'display_name': 'Guldberg', '__CLASS__': 'Adzuna::API::Response::Company'}",full_time,,,
2026-07-05T00:49:56Z,"Research Scientist, Foundational Data Science","Who we are Foundation models transformed text and images. Structured data - the largest and most consequential data format in the world - stayed untouched. Tables run every clinical trial, every financial model, every scientific experiment, every business decision, and no one had built a foundation model that truly understood them. Until now. What LLMs did for language, we're doing for tables. The next modality shift in AI is happening, and we're hiring the team that makes it. Momentum. We pion…",0,13.420806,"{'__CLASS__': 'Adzuna::API::Response::Category', 'label': 'Unknown', 'tag': 'unknown'}",52.507706,https://www.adzuna.de/details/5788539455?utm_medium=api&utm_source=a4bcf954,"{'__CLASS__': 'Adzuna::API::Response::Location', 'display_name': 'Berlin, Deutschland', 'area': ['Deutschland', 'Berlin']}",5788539455,Adzuna::API::Response::Job,eyJhbGciOiJIUzI1NiJ9.eyJzIjoiVWlNR0thZUo4Ukd5LWR3cFhHNHd3USIsImkiOiI1Nzg4NTM5NDU1In0.kpQOBMT9OWGG9waLKrzbl-B5Tj4R9muRiE2AvhiwAvw,"{'display_name': 'Prior Labs', '__CLASS__': 'Adzuna::API::Response::Company'}",full_time,,,
2026-05-30T23:27:29Z,Data Science Intern (FT Potential),"About finmid finmid 's mission is to enable software companies to reimagine how their business customers access capital. By productizing the complexity of financial services, finmid empowers companies to offer financial services where FinTech isn't the mission but enables the mission. About the opportunity We are looking for a Data Science Intern to join our Data team. This is an exciting opportunity for someone early in their career who is hungry to learn and build. You’ll work closely with th…",0,,"{'label': 'Unknown', 'tag': 'unknown', '__CLASS__': 'Adzuna::API::Response::Category'}",,https://www.adzuna.de/details/5745959926?utm_medium=api&utm_source=a4bcf954,"{'display_name': 'Deutschland', 'area': ['Deutschland'], '__CLASS__': 'Adzuna::API::Response::Location'}",5745959926,Adzuna::API::Response::Job,eyJhbGciOiJIUzI1NiJ9.eyJpIjoiNTc0NTk1OTkyNiIsInMiOiJVaU1HS2FlSjhSR3ktZHdwWEc0d3dRIn0.dYffr5QFPoYnwAvLiddURW44xafJ0GKX8ECszKsj2nE,"{'__CLASS__': 'Adzuna::API::Response::Company', 'display_name': 'Finmid'}",full_time,,,
2026-07-25T07:13:27Z,Duales Studium Softwaretechnologie - Data Science,"Salary: 28.000 - 48.000 € per year Requirements: Erfolgreicher Abschluss der allgemeinen oder fachgebundenen Hochschulreife Gute Leistungen besonders in Mathematik Interesse an Programmiersprachen, digitalen Technologien und Prozessen Idealerweise ein erstes Praktikum im IT Bereich oder eine abgeschlossene Berufsausbildung mit IT Hintergrund Sehr gute Sprachkenntnisse in Deutsch (Sprachniveau C1) und Englisch Gute PC-Kenntnisse (MS-Office), ggfs. Kenntnisse von anwendungsspezifischen Programmie…",0,8.20531,"{'label': 'IT-Stellen', 'tag': 'it-jobs', '__CLASS__': 'Adzuna::API::Response::Category'}",50.74164,https://www.adzuna.de/details/5814988124?utm_medium=api&utm_source=a4bcf954,"{'__CLASS__': 'Adzuna::API::Response::Location', 'area': ['Deutschland', 'Hessen', 'Lahn-Dill-Kreis', 'Haiger'], 'display_name': 'Haiger, Lahn-Dill-Kreis'}",5814988124,Adzuna::API::Response::Job,eyJhbGciOiJIUzI1NiJ9.eyJzIjoiVWlNR0thZUo4Ukd5LWR3cFhHNHd3USIsImkiOiI1ODE0OTg4MTI0In0.RrBitcJcJigLyTd6MfnUvZuuO1qLxbzGY4RtAhkrvN0,"{'__CLASS__': 'Adzuna::API::Response::Company', 'display_name': 'Loh Services GmbH&Co. KG'}",,48000.0,28000.0,contract
2025-11-18T18:47:23Z,"Data Science Intern, Music & Audio","Who we are Melotech is revolutionizing media and entertainment. We create art through technology for humans to enjoy. In just 24 months, our work has been heard, watched and loved for over 3 billion minutes worldwide. Founded by entrepreneur and investor Soheil Mirpour, we are backed by top VCs Cherry Ventures, Speedinvest and GFC, alongside world-class angels from firms such as Spotify, Blackstone and KKR. What you will do Join us as Data Scientist Intern to bring order to the chaos of culture…",0,13.420806,"{'label': 'Unknown', 'tag': 'unknown', '__CLASS__': 'Adzuna::API::Response::Category'}",52.507706,https://www.adzuna.de/details/5502240982?utm_medium=api&utm_source=a4bcf954,"{'area': ['Deutschland', 'Berlin'], 'display_name': 'Berlin, Deutschland', '__CLASS__': 'Adzuna::API::Response::Location'}",5502240982,Adzuna::API::Response::Job,eyJhbGciOiJIUzI1NiJ9.eyJzIjoiVWlNR0thZUo4Ukd5LWR3cFhHNHd3USIsImkiOiI1NTAyMjQwOTgyIn0._elofSaK2bHol8i7H6tk8KHsiSY2rQnJLSSrP84U8GI,"{'display_name': 'Melotech', '__CLASS__': 'Adzuna::API::Response::Company'}",full_time,,,
2026-07-13T00:10:55Z,Data Science Intern (all genders),"About Us STARK is a new kind of defence technology company revolutionising the way autonomous systems are deployed across multiple domains. We design, develop and manufacture high-performance unmanned systems that are software-defined, mass-scalable and cost-effective. This provides our operators with a decisive edge in highly contested environments. We’re focused on delivering deployable, high-performance systems—not future promises. In a time of rising threats, STARK is bolstering the technol…",0,13.38475,"{'label': 'Unknown', '__CLASS__': 'Adzuna::API::Response::Category', 'tag': 'unknown'}",52.51551,https://www.adzuna.de/details/5798295689?utm_medium=api&utm_source=a4bcf954,"{'area': ['Deutschland', 'Berlin', 'Mitte'], 'display_name': 'Mitte, Berlin', '__CLASS__': 'Adzuna::API::Response::Location'}",5798295689,Adzuna::API::Response::Job,eyJhbGciOiJIUzI1NiJ9.eyJzIjoiN1A1d0txZUo4UkdMVFBFVWpYYm5KQSIsImkiOiI1Nzk4Mjk1Njg5In0.kZAphx4l1fG09JxUFizFfuJP9zLDZ0aPRzeCZWrW7HY,"{'display_name': 'Stark', '__CLASS__': 'Adzuna::API::Response::Company'}",part_time,,,
2026-07-25T07:13:23Z,Duales Studium Wirtschaftsinformatik - Data Science,"Salary: 19.800 - 23.400 € per year Requirements: (Fach-) Abitur mit guten Noten, insbesondere in Mathematik, Informatik, Deutsch, Englisch und Wirtschaft Bereitschaft, früh Verantwortung in Projekten mit internationaler Ausrichtung zu übernehmen Leidenschaft für IT und Interesse daran, betriebswirtschaftliche Herausforderungen mithilfe moderner Technik zu meistern Überzeugendes und selbstbewusstes Auftreten sowie eine selbstständige Arbeitsweise Spaß an Teamwork und Bereitschaft zur Mobilität Ü…",0,9.2274,"{'tag': 'it-jobs', '__CLASS__': 'Adzuna::API::Response::Category', 'label': 'IT-Stellen'}",49.18975,https://www.adzuna.de/details/5814987850?utm_medium=api&utm_source=a4bcf954,"{'area': ['Deutschland', 'Baden-Württemberg', 'Heilbronn (Kreis)', 'Neckarsulm'], 'display_name': 'Neckarsulm, Heilbronn (Kreis)', '__CLASS__': 'Adzuna::API::Response::Location'}",5814987850,Adzuna::API::Response::Job,eyJhbGciOiJIUzI1NiJ9.eyJpIjoiNTgxNDk4Nzg1MCIsInMiOiI3UDV3S3FlSjhSR0xUUEVValhibkpBIn0.lOF5MswbtjexWWWqn5BD0o4jg7ywUsyBOQdfL0VLU-E,"{'display_name': 'Lidl', '__CLASS__': 'Adzuna::API::Response::Company'}",,23400.0,19800.0,contract
2026-07-16T09:39:12Z,Postdoc / Wissenschaftliche:r Mitarbeiter:in - KI für wissenschaftliche Kommunikation und Wissensgraphen (m/w/d),"Als Deutsche Zentrale Fachbibliothek für Technik und Naturwissenschaften sichern wir mit unseren zukunftsweisenden Dienstleistungen die infrastrukturellen Voraussetzungen einer qualitativ hochwertigen Informations- und Literaturversorgung für Forschung in Wissenschaft und Industrie. Mit dem Open Research Knowledge Graph (ORKG) arbeiten wir daran, den Austausch und die Nutzung wissenschaftlicher Erkenntnisse im digitalen Zeitalter zu revolutionieren. Die Technische Informationsbibliothek (TIB) ,…",0,9.742751,"{'__CLASS__': 'Adzuna::API::Response::Category', 'label': 'Stellen aus Wissenschaft & Qualitätssicherung', 'tag': 'scientific-qa-jobs'}",52.378818,https://www.adzuna.de/land/ad/5802431096?se=7P5wKqeJ8RGLTPEUjXbnJA&utm_medium=api&utm_source=a4bcf954&v=24E7C951C6F42E133194D4A647C5F079974D9CD7,"{'area': ['Deutschland', 'Niedersachsen', 'Region Hannover (Kreis)', 'Hannover'], 'display_name': 'Hannover, Region Hannover (Kreis)', '__CLASS__': 'Adzuna::API::Response::Location'}",5802431096,Adzuna::API::Response::Job,eyJhbGciOiJIUzI1NiJ9.eyJzIjoiN1A1d0txZUo4UkdMVFBFVWpYYm5KQSIsImkiOiI1ODAyNDMxMDk2In0.2-QAjlVxmru1rJ076dmUjwOA2bDAYTjp-Msfzsub90k,"{'__CLASS__': 'Adzuna::API::Response::Company', 'display_name': 'Technische Informationsbibliothek '}",,,,
2026-07-22T10:33:56Z,Bachelor of Science (DHBW) Data Science und Künstliche Intelligenz (m/w/d) Standort Winnenden 2026,"Kärcher ist der weltweit führende Anbieter von Reinigungstechnik und steht für Qualität, Innovation und Nachhaltigkeit. Diesen Erfolg verdanken wir unseren über 3.700 Mitarbeitenden in Winnenden und in Bühlertal und dem einzigartigen Kärcher-WOW-Gefühl. Als Familienunternehmen mit gefestigten Unternehmensstrukturen überzeugen wir durch WOW-tastische Karriereperspektiven, ein vertrauensvolles Arbeitsklima und tolle Kolleg*innen. JLFT1_DE",0,,"{'tag': 'graduate-jobs', '__CLASS__': 'Adzuna::API::Response::Category', 'label': 'Stellen für Hochschulabsolventen'}",,https://www.adzuna.de/land/ad/5810580098?se=7P5wKqeJ8RGLTPEUjXbnJA&utm_medium=api&utm_source=a4bcf954&v=49D64F120DA2CA56782EBA2C278B719B564394D9,"{'area': ['Deutschland'], 'display_name': 'Deutschland', '__CLASS__': 'Adzuna::API::Response::Location'}",5810580098,Adzuna::API::Response::Job,eyJhbGciOiJIUzI1NiJ9.eyJpIjoiNTgxMDU4MDA5OCIsInMiOiI3UDV3S3FlSjhSR0xUUEVValhibkpBIn0.jjqglxkandXehfBNUToPLQxn0HA9cU-SuCjGtk_bGvc,"{'__CLASS__': 'Adzuna::API::Response::Company', 'display_name': 'Alfred Kärcher SE & Co. KG'}",,,,
2026-07-19T00:14:27Z,Praktikum Data Science / Data Engineering (m/w/d),"Du hast Lust auf diese Aufgaben Du unterstützt uns im Bereich Data Engineering bei der Erweiterung von Data Pipelines / ETL-Prozessen, z.B. mit Airflow, dbt und Kafka. Du arbeitest in unserer Google Cloud Umgebung und nutzt dabei Services wie BigQuery. Du kombinierst Daten aus internen und externen Quellen und bereitest sie zu einem analytischen Datensatz auf. Du visualisierst Analyseergebnisse mit Tools wie Looker Studio Wir freuen uns auf Deine Qualifikationen Du bist Student:in (m/w/d) oder …",0,6.808387,"{'__CLASS__': 'Adzuna::API::Response::Category', 'label': 'Unknown', 'tag': 'unknown'}",51.226802,https://www.adzuna.de/details/5806562856?utm_medium=api&utm_source=a4bcf954,"{'area': ['Deutschland', 'Nordrhein-Westfalen', 'Düsseldorf'], 'display_name': 'Düsseldorf, Nordrhein-Westfalen', '__CLASS__': 'Adzuna::API::Response::Location'}",5806562856,Adzuna::API::Response::Job,eyJhbGciOiJIUzI1NiJ9.eyJzIjoiN1A1d0txZUo4UkdMVFBFVWpYYm5KQSIsImkiOiI1ODA2NTYyODU2In0.LjjkjedSflH96v2IdcyiPgOTSJHxcvhxARmuBAtKx1Y,"{'display_name': 'jobvector', '__CLASS__': 'Adzuna::API::Response::Company'}",full_time,,,
2026-07-26T21:30:04Z,Werkstudent*in für Datenmanagement im Bereich Projektmanagement der Zertifizierung,"Life is always about becoming… Im Leben geht es darum, sich auf eine Reise zu begeben, um die beste Version unseres zukünftigen Selbst zu werden. Während wir Neues entdecken, stellen wir uns Herausforderungen, meistern sie und wachsen über uns hinaus. Bewerben Sie sich bei Mercedes-Benz und finden Sie den Aufgabenbereich, in dem Sie Ihre Talente individuell entfalten können. Dabei werden Sie von visionären Kolleginnen und Kollegen unterstützt, die Ihren Pioniergeist teilen. Bei uns einzusteigen…",0,8.98349,"{'tag': 'consultancy-jobs', 'label': 'Beraterstellen', '__CLASS__': 'Adzuna::API::Response::Category'}",48.68872,https://www.adzuna.de/land/ad/5816687690?se=7P5wKqeJ8RGLTPEUjXbnJA&utm_medium=api&utm_source=a4bcf954&v=7B37C6F8A6CD78024171CAD27A511989CF51C590,"{'display_name': 'Böblingen, Böblingen (Kreis)', '__CLASS__': 'Adzuna::API::Response::Location', 'area': ['Deutschland', 'Baden-Württemberg', 'Böblingen (Kreis)', 'Böblingen']}",5816687690,Adzuna::API::Response::Job,eyJhbGciOiJIUzI1NiJ9.eyJpIjoiNTgxNjY4NzY5MCIsInMiOiI3UDV3S3FlSjhSR0xUUEVValhibkpBIn0.S9Su-4tZWlj6MGpd-Ol1TwdyhafeNUbCluq6-RJYK9M,"{'display_name': 'Mercedes-Benz AG', '__CLASS__': 'Adzuna::API::Response::Company'}",,,,
2026-04-26T00:03:52Z,Specialist Data Science (m/w/d),Specialist Data Science (m/w/d) für unsere Zentrale in Telgte (bei Münster) Aus Westfalen in die Welt - mit rund 18.000 Kolleginnen und Kollegen und fast 2.000 Stores in 17 Ländern sind wir einer der größten Fashion Discounter in Europa. Unsere internationalen Geschäfte steuern wir aus unserer Zentrale im westfälischen Telgte bei Münster. Takko Fashion steht für aktuelle Trends sowie gute Qualität aus sozial verantwortungsbewusster Produktion – und das zu einem erschwinglichen Preis. Durch unse…,0,7.7853,"{'tag': 'unknown', '__CLASS__': 'Adzuna::API::Response::Category', 'label': 'Unknown'}",51.98437,https://www.adzuna.de/details/5710659292?utm_medium=api&utm_source=a4bcf954,"{'__CLASS__': 'Adzuna::API::Response::Location', 'display_name': 'Telgte, Warendorf (Kreis)', 'area': ['Deutschland', 'Nordrhein-Westfalen', 'Warendorf (Kreis)', 'Telgte']}",5710659292,Adzuna::API::Response::Job,eyJhbGciOiJIUzI1NiJ9.eyJpIjoiNTcxMDY1OTI5MiIsInMiOiI3UDV3S3FlSjhSR0xUUEVValhibkpBIn0.N-7yo4_YjCIH0L0fTOmVdEL-Cqu5Z4buWvOU5KZyyRY,"{'display_name': 'Takko Fashion', '__CLASS__': 'Adzuna::API::Response::Company'}",full_time,,,permanent
2025-02-28T14:07:24Z,Data Science Specialist (m/w/d),"Wir bieten dir Flexibles Arbeiten: Mobiles Arbeiten mit vier gemeinsamen Präsenztagen im Monat. Und wenn du magst, bist du natürlich jederzeit öfter im Büro willkommen. So schaffen wir die perfekte Balance aus Freiheit und persönlichem Austausch. Individuelle Arbeitszeitmodelle , die sich an dein Leben anpassen. Gestaltungsfreiraum für deine Ideen und Projekte, mit der Möglichkeit, wirklich etwas zu bewegen. Gezielte Weiterbildungsmöglichkeiten , die wir aktiv fördern. Ein starkes Miteinander i…",0,9.77223,"{'tag': 'unknown', '__CLASS__': 'Adzuna::API::Response::Category', 'label': 'Unknown'}",52.36489,https://www.adzuna.de/details/5067020798?utm_medium=api&utm_source=a4bcf954,"{'area': ['Deutschland', 'Niedersachsen', 'Region Hannover (Kreis)', 'Hannover', 'Bult'], '__CLASS__': 'Adzuna::API::Response::Location', 'display_name': 'Bult, Hannover'}",5067020798,Adzuna::API::Response::Job,eyJhbGciOiJIUzI1NiJ9.eyJzIjoiN1A1d0txZUo4UkdMVFBFVWpYYm5KQSIsImkiOiI1MDY3MDIwNzk4In0.lywI0vAt1jmYascvsTXdr26Of1dKtjrrntiFRi8Uago,"{'display_name': 'IT-P GmbH', '__CLASS__': 'Adzuna::API::Response::Company'}",part_time,,,
2026-05-12T23:01:22Z,Data Science Specialist (m/w/d),"Wir bieten dir Flexibles Arbeiten: Mobiles Arbeiten mit vier gemeinsamen Präsenztagen im Monat. Und wenn du magst, bist du natürlich jederzeit öfter im Büro willkommen. So schaffen wir die perfekte Balance aus Freiheit und persönlichem Austausch. Individuelle Arbeitszeitmodelle , die sich an dein Leben anpassen. Gestaltungsfreiraum für deine Ideen und Projekte, mit der Möglichkeit, wirklich etwas zu bewegen. Gezielte Weiterbildungsmöglichkeiten , die wir aktiv fördern. Ein starkes Miteinander i…",0,,"{'tag': 'unknown', '__CLASS__': 'Adzuna::API::Response::Category', 'label': 'Unknown'}",,https://www.adzuna.de/details/5727309271?utm_medium=api&utm_source=a4bcf954,"{'display_name': 'Deutschland', '__CLASS__': 'Adzuna::API::Response::Location', 'area': ['Deutschland']}",5727309271,Adzuna::API::Response::Job,eyJhbGciOiJIUzI1NiJ9.eyJpIjoiNTcyNzMwOTI3MSIsInMiOiI3UDV3S3FlSjhSR0xUUEVValhibkpBIn0.pYy-TbH1_3Z6X2MdVJVKafevKN1-NxxbxhPG2XL02Lc,"{'__CLASS__': 'Adzuna::API::Response::Company', 'display_name': 'IT-P'}",full_time,,,
2026-01-21T06:59:03Z,DHBW Data Science & Künstliche Intelligenz – 2027,"Dein Studium Du möchtest Theorie und Praxis miteinander verknüpfen und begeisterst dich für Daten, Analysen und Künstliche Intelligenz? Dann ist das duale Studium im Bereich Data Science & Künstliche Intelligenz in Kombination mit MWAY genau das Richtige für dich. Studiendauer: 3 Jahre Studienverlauf: Wechsel von Theorie- und Praxisphasen im 3-Monats-Rhythmus Praxisort: Stuttgart-Bad Cannstatt Studienstart: 01.10.2027 Studienort: DHBW Stuttgart Abschluss: Bachelor of Science Weitere Information…",0,9.21546,"{'tag': 'unknown', '__CLASS__': 'Adzuna::API::Response::Category', 'label': 'Unknown'}",48.80499,https://www.adzuna.de/details/5593655402?utm_medium=api&utm_source=a4bcf954,"{'area': ['Deutschland', 'Baden-Württemberg', 'Stuttgart', 'Bad Cannstatt'], 'display_name': 'Bad Cannstatt, Stuttgart', '__CLASS__': 'Adzuna::API::Response::Location'}",5593655402,Adzuna::API::Response::Job,eyJhbGciOiJIUzI1NiJ9.eyJpIjoiNTU5MzY1NTQwMiIsInMiOiI3UDV3S3FlSjhSR0xUUEVValhibkpBIn0.syc4k_90_7K9Er5-pesGnNVmIFq__s_mQx2Ngp9iERI,"{'__CLASS__': 'Adzuna::API::Response::Company', 'display_name': 'MWAY DIGITAL GmbH'}",full_time,,,
2026-05-12T22:59:27Z,DHBW Data Science & Künstliche Intelligenz – 2027,"Dein Studium Du möchtest Theorie und Praxis miteinander verknüpfen und begeisterst dich für Daten, Analysen und Künstliche Intelligenz? Dann ist das duale Studium im Bereich Data Science & Künstliche Intelligenz in Kombination mit MWAY genau das Richtige für dich. Studiendauer: 3 Jahre Studienverlauf: Wechsel von Theorie- und Praxisphasen im 3-Monats-Rhythmus Praxisort: Stuttgart-Bad Cannstatt Studienstart: 01.10.2027 Studienort: DHBW Stuttgart Abschluss: Bachelor of Science Weitere Information…",0,9.187224,"{'label': 'IT-Stellen', '__CLASS__': 'Adzuna::API::Response::Category', 'tag': 'it-jobs'}",48.776198,https://www.adzuna.de/details/5727301322?utm_medium=api&utm_source=a4bcf954,"{'area': ['Deutschland', 'Baden-Württemberg', 'Stuttgart'], 'display_name': 'Stuttgart, Baden-Württemberg', '__CLASS__': 'Adzuna::API::Response::Location'}",5727301322,Adzuna::API::Response::Job,eyJhbGciOiJIUzI1NiJ9.eyJzIjoiN1A1d0txZUo4UkdMVFBFVWpYYm5KQSIsImkiOiI1NzI3MzAxMzIyIn0.TZPax0eHUu9tk26NaBeR7j23pZOhJyN57A6aIMxIGJc,"{'__CLASS__': 'Adzuna::API::Response::Company', 'display_name': 'MWAY DIGITAL'}",full_time,,,
2026-07-02T11:24:40Z,Duales Studium - Data Science & Künstliche Intelligenz,Duales Studium - Data Science & Künstliche Intelligenz Standort Burghausen - 84489 Burghausen - Arbeitszeit: Vollzeit - Position: Duales Studium - Bildungsgrad Mindestvoraussetzung: Fachhochschulreife - Beschäftigungsbeginn: 01.09.2027,0,12.83048,"{'__CLASS__': 'Adzuna::API::Response::Category', 'label': 'Stellen für Hochschulabsolventen', 'tag': 'graduate-jobs'}",48.17244,https://www.adzuna.de/details/5785230275?utm_medium=api&utm_source=a4bcf954,"{'__CLASS__': 'Adzuna::API::Response::Location', 'display_name': 'Burghausen, Altötting (Kreis)', 'area': ['Deutschland', 'Bayern', 'Altötting (Kreis)', 'Burghausen']}",5785230275,Adzuna::API::Response::Job,eyJhbGciOiJIUzI1NiJ9.eyJpIjoiNTc4NTIzMDI3NSIsInMiOiI3UDV3S3FlSjhSR0xUUEVValhibkpBIn0.Yo1VkSnLC3ogNPY615N0FvaEeq3ECqdb-_5NsbLPTX4,"{'display_name': 'Wacker Chemie AG - Werk Burghausen', '__CLASS__': 'Adzuna::API::Response::Company'}",,,,
2023-10-05T13:37:27Z,Praktikum: Data Science (w/m/d),"Wer wir sind Als eine der führenden Beratungen der Medienbranche treibt Highberg DACH (ehemals SCHICKLER) den digitalen Wandel in Medienunternehmen in Deutschland, Österreich und der Schweiz aktiv voran. In der Medienwelt von heute entscheidet Datenkompetenz über Sichtbarkeit, Reichweite und Erfolg. Wer relevant bleiben will, muss Wandel aktiv gestalten – genau deshalb suchen wir dich. Unser Tech Stack: Programmiersprachen: Python, R, JavaScript, SQL ETL / Data-Modeling: dbt, Google Dataflow, P…",0,9.99333,"{'tag': 'unknown', '__CLASS__': 'Adzuna::API::Response::Category', 'label': 'Unknown'}",53.54167,https://www.adzuna.de/details/4352591932?utm_medium=api&utm_source=a4bcf954,"{'area': ['Deutschland', 'Hamburg', 'HafenCity'], '__CLASS__': 'Adzuna::API::Response::Location', 'display_name': 'HafenCity, Hamburg'}",4352591932,Adzuna::API::Response::Job,eyJhbGciOiJIUzI1NiJ9.eyJzIjoiN1A1d0txZUo4UkdMVFBFVWpYYm5KQSIsImkiOiI0MzUyNTkxOTMyIn0.DYXMJwhpPv7TPu-viuusvKrU_SspKVFvt-cLJYnJYZU,"{'display_name': 'Highberg DACH', '__CLASS__': 'Adzuna::API::Response::Company'}",full_time,,,
2026-05-12T23:27:34Z,Praktikum: Data Science (w/m/d),"Wer wir sind Als eine der führenden Beratungen der Medienbranche treibt Highberg DACH (ehemals SCHICKLER) den digitalen Wandel in Medienunternehmen in Deutschland, Österreich und der Schweiz aktiv voran. In der Medienwelt von heute entscheidet Datenkompetenz über Sichtbarkeit, Reichweite und Erfolg. Wer relevant bleiben will, muss Wandel aktiv gestalten – genau deshalb suchen wir dich. Unser Tech Stack: Programmiersprachen: Python, R, JavaScript, SQL ETL / Data-Modeling: dbt, Google Dataflow, P…",0,9.99333,"{'label': 'Beraterstellen', '__CLASS__': 'Adzuna::API::Response::Category', 'tag': 'consultancy-jobs'}",53.54167,https://www.adzuna.de/details/5727345404?utm_medium=api&utm_source=a4bcf954,"{'area': ['Deutschland', 'Hamburg', 'HafenCity'], '__CLASS__': 'Adzuna::API::Response::Location', 'display_name': 'HafenCity, Hamburg'}",5727345404,Adzuna::API::Response::Job,eyJhbGciOiJIUzI1NiJ9.eyJpIjoiNTcyNzM0NTQwNCIsInMiOiI3UDV3S3FlSjhSR0xUUEVValhibkpBIn0.7tVswQOFJ1UMhwqCCX6S67Fj-dTexGWs87JD60XV3xQ,"{'display_name': 'Highberg', '__CLASS__': 'Adzuna::API::Response::Company'}",full_time,,,
2026-06-12T23:21:34Z,AI & Data Science Consultant (all genders),"Im AI & Data Team bei Accenture vereinen wir einzigartige Persönlichkeiten und zukunftsgerichtetes Know-How, um gemeinsam mit unseren Kunden datengetriebene Transformation voranzutreiben und die Zukunft durch KI (Künstliche Intelligenz) zu gestalten. Wir begleiten unsere Kunden Ende-zu-Ende – von der strategischen, KI-nativen Neuausrichtung & Zieldefinition der Organisation über die Konzeption & Entwicklung von cutting-edge KI-Lösungen bis hin zum technischen Design & der Implementierung von KI…",0,,"{'__CLASS__': 'Adzuna::API::Response::Category', 'label': 'Beraterstellen', 'tag': 'consultancy-jobs'}",,https://www.adzuna.de/details/5761812930?utm_medium=api&utm_source=a4bcf954,"{'area': ['Deutschland'], '__CLASS__': 'Adzuna::API::Response::Location', 'display_name': 'Deutschland'}",5761812930,Adzuna::API::Response::Job,eyJhbGciOiJIUzI1NiJ9.eyJzIjoiN1A1d0txZUo4UkdMVFBFVWpYYm5KQSIsImkiOiI1NzYxODEyOTMwIn0.fonHVNDfcBkLYuhPsH-Z94twf5EVRciiuZxV02NiVKc,"{'__CLASS__': 'Adzuna::API::Response::Company', 'display_name': 'Accenture'}",full_time,,,
2026-06-24T23:49:48Z,AI & Data Science Analyst (all genders),"m AI & Data Team bei Accenture vereinen wir einzigartige Persönlichkeiten und zukunftsgerichtetes Know-How, um gemeinsam mit unseren Kunden datengetriebene Transformation voranzutreiben und die Zukunft durch KI (Künstlichen Intelligenz) zu gestalten. Wir begleiten unsere Kunden Ende-zu-Ende – von der strategischen, KI-nativen Neuausrichtung & Zieldefinition der Organisation über die Konzeption & Entwicklung von cutting-edge KI-Lösungen bis hin zum technischen Design & der Implementierung von KI…",0,,"{'__CLASS__': 'Adzuna::API::Response::Category', 'label': 'Unknown', 'tag': 'unknown'}",,https://www.adzuna.de/details/5775424083?utm_medium=api&utm_source=a4bcf954,"{'area': ['Deutschland'], 'display_name': 'Deutschland', '__CLASS__': 'Adzuna::API::Response::Location'}",5775424083,Adzuna::API::Response::Job,eyJhbGciOiJIUzI1NiJ9.eyJzIjoiN1A1d0txZUo4UkdMVFBFVWpYYm5KQSIsImkiOiI1Nzc1NDI0MDgzIn0.pKBhSYVRPQgZv7YuBwhgcCeXu_9FDRjctJT0Ozpk4Co,"{'display_name': 'Accenture', '__CLASS__': 'Adzuna::API::Response::Company'}",full_time,,,
2026-05-01T22:59:27Z,Berufsbegleitendes Studium - Data Science & Artificial Intelligence,"Auf was wir bei ENCAVIS setzen? Die Sonne. Den Wind. Und auf dich. Willkommen in der Welt von Encavis! Bei uns dreht sich alles um die Kraft der Sonne, des Windes und der konzernweit über 400 Menschen, die gemeinsam das Energiesystem der Zukunft gestalten, um eine nachhaltige Energieversorgung für zukünftige Generationen sicherzustellen. Die ENCAVIS Management GmbH & Co. KG ist die Holding der ENCAVIS GmbH, einem der führenden Stromerzeuger aus Erneuerbaren Energien in Europa. Wir betreiben ein…",0,9.9477,"{'__CLASS__': 'Adzuna::API::Response::Category', 'label': 'IT-Stellen', 'tag': 'it-jobs'}",53.54883,https://www.adzuna.de/details/5716224020?utm_medium=api&utm_source=a4bcf954,"{'area': ['Deutschland', 'Hamburg', 'Altona-Altstadt'], '__CLASS__': 'Adzuna::API::Response::Location', 'display_name': 'Altona-Altstadt, Hamburg'}",5716224020,Adzuna::API::Response::Job,eyJhbGciOiJIUzI1NiJ9.eyJzIjoiN1A1d0txZUo4UkdMVFBFVWpYYm5KQSIsImkiOiI1NzE2MjI0MDIwIn0.UANGdMZbi6fPH4PBAfemLLRIb4lCDtVD0R7yPGE91_I,"{'display_name': 'ENCAVIS', '__CLASS__': 'Adzuna::API::Response::Company'}",part_time,,,
2026-06-18T14:13:20Z,Praktikum Künstliche Intelligenz / Data Science – Medizintechnik,"Praktikum Künstliche Intelligenz / Data Science – Medizintechnik Drägerwerk AG & Co. KGaA - Job-ID V000011147 Einsatzort: Lübeck Fachbereich: R&D Art der Anstellung: Vollzeit Dafür suchen wir Dich Studieren macht Spaß – noch mehr, wenn du die Theorie auch in der Praxis erleben kannst. Bei Dräger bringst du vom ersten Tag an deine Ideen ein und übernimmst Verantwortung für ›Technik für das Leben‹. Im Bereich Workplace Infrastructure dreht sich alles um die Gestaltung moderner Arbeits- und Klinik…",0,10.64904,"{'tag': 'unknown', '__CLASS__': 'Adzuna::API::Response::Category', 'label': 'Unknown'}",53.86126,https://www.adzuna.de/details/5768060638?utm_medium=api&utm_source=a4bcf954,"{'area': ['Deutschland', 'Schleswig-Holstein', 'Lübeck', 'Buntekuh'], 'display_name': 'Buntekuh, Lübeck', '__CLASS__': 'Adzuna::API::Response::Location'}",5768060638,Adzuna::API::Response::Job,eyJhbGciOiJIUzI1NiJ9.eyJzIjoiN1A1d0txZUo4UkdMVFBFVWpYYm5KQSIsImkiOiI1NzY4MDYwNjM4In0.-IJR4j7Zqo0tVj874lelmKNQMpNoOjR4JUsxXwrhvBE,"{'__CLASS__': 'Adzuna::API::Response::Company', 'display_name': 'Drägerwerk AG & Co. KGaA'}",,,,
2026-07-16T16:27:05Z,Data Science Manager (m/w/d),"Über uns Du willst technische Verantwortung übernehmen und sehen, wie deine Arbeit in echten Use Cases Mehrwert schafft – bei Unternehmen, die du aus dem Alltag kennst? Willkommen bei twomynds. Wir sind eine dedizierte Data-&-AI-Beratung sowie ein Service Provider mit End-to-End-Umsetzung und begleiten Unternehmen von der strategischen Zielsetzung bis zur operativen Realisierung – strategisch, umsetzungsstark und ergebnisorientiert. Unsere Mission: Ambitionierte Unternehmen befähigen, Data & AI…",0,7.112412,"{'__CLASS__': 'Adzuna::API::Response::Category', 'label': 'Unknown', 'tag': 'unknown'}",50.71942,https://www.adzuna.de/details/5803061236?utm_medium=api&utm_source=a4bcf954,"{'area': ['Deutschland', 'Nordrhein-Westfalen', 'Bonn'], '__CLASS__': 'Adzuna::API::Response::Location', 'display_name': 'Bonn, Nordrhein-Westfalen'}",5803061236,Adzuna::API::Response::Job,eyJhbGciOiJIUzI1NiJ9.eyJpIjoiNTgwMzA2MTIzNiIsInMiOiI3UDV3S3FlSjhSR0xUUEVValhibkpBIn0.l4UdZz1jWlxJFd82dcMFUdqMB4hKDt8pOPJ0jkyVoUY,"{'__CLASS__': 'Adzuna::API::Response::Company', 'display_name': 'twomynds'}",full_time,,,
2026-07-17T09:55:42Z,Data Science Manager (m/w/d),"Über uns Du willst technische Verantwortung übernehmen und sehen, wie deine Arbeit in echten Use Cases Mehrwert schafft – bei Unternehmen, die du aus dem Alltag kennst? Willkommen bei twomynds. Wir sind eine dedizierte Data-&-AI-Beratung sowie ein Service Provider mit End-to-End-Umsetzung und begleiten Unternehmen von der strategischen Zielsetzung bis zur operativen Realisierung – strategisch, umsetzungsstark und ergebnisorientiert. Unsere Mission: Ambitionierte Unternehmen befähigen, Data & AI…",0,7.10344,"{'tag': 'unknown', '__CLASS__': 'Adzuna::API::Response::Category', 'label': 'Unknown'}",50.73754,https://www.adzuna.de/details/5804577884?utm_medium=api&utm_source=a4bcf954,"{'__CLASS__': 'Adzuna::API::Response::Location', 'display_name': 'Zentrum, Bonn', 'area': ['Deutschland', 'Nordrhein-Westfalen', 'Bonn', 'Zentrum']}",5804577884,Adzuna::API::Response::Job,eyJhbGciOiJIUzI1NiJ9.eyJzIjoiN1A1d0txZUo4UkdMVFBFVWpYYm5KQSIsImkiOiI1ODA0NTc3ODg0In0.xHX2ojIVhldnkhztYMQgvKGJhS6tE049hXM_3v2Z49E,"{'__CLASS__': 'Adzuna::API::Response::Company', 'display_name': 'twomynds'}",,,,
2026-05-12T23:08:36Z,Werkstudent Data Science (m/w/d),Darauf kannst Du dich freuen Du übernimmst eigenverantwortlich verschiedene Modellierungs- und Analyseprojekte und nutzt dabei unsere Marktplatzdaten sowie deine fundierten Methodenkenntnisse. Du bereitest Daten aus unterschiedlichen Systemen auf und setzt deine Fähigkeiten im Feature Engineering effektiv ein. Bei der Umsetzung von statistischen Modellen und Modell-Prototypen legst du großen Wert auf deren praktische Anwendbarkeit. Du führst statistisch fundierte Analysen und Simulationen durch…,0,8.45882,"{'tag': 'logistics-warehouse-jobs', '__CLASS__': 'Adzuna::API::Response::Category', 'label': 'Stellen aus Logistik & Lagerhaltung'}",49.03084,https://www.adzuna.de/details/5727322915?utm_medium=api&utm_source=a4bcf954,"{'__CLASS__': 'Adzuna::API::Response::Location', 'display_name': 'Hagsfeld, Karlsruhe', 'area': ['Deutschland', 'Baden-Württemberg', 'Karlsruhe (Kreis)', 'Karlsruhe', 'Hagsfeld']}",5727322915,Adzuna::API::Response::Job,eyJhbGciOiJIUzI1NiJ9.eyJzIjoiN1A1d0txZUo4UkdMVFBFVWpYYm5KQSIsImkiOiI1NzI3MzIyOTE1In0.jww0dHLxOJMmXAi6KKZ4wQmiR3JNSCdtOK1bpYqubOM,"{'display_name': 'Chrono24', '__CLASS__': 'Adzuna::API::Response::Company'}",part_time,,,
2026-05-12T23:07:57Z,Data Science Engineer (m/w/d),"Dafür brauchen wir Dich Für ein neues Digital-Projekt in der MICE-Branche suchen wir Dich: eine Persönlichkeit, die Lust hat, mit uns Dinge neu zu denken, Ideen Realität werden zu lassen und die Zukunft unserer Branche aktiv mitzugestalten. Dateninfrastruktur & Skalierung: Du entwickelst und verantwortest unsere Dateninfrastruktur. Du baust robuste Pipelines, die Daten aus verschiedenen Quellen in ein sauberes, zuverlässiges Data Warehouse überführen und stellst Qualität, Konsistenz und Verfügb…",0,11.62828,"{'label': 'Unknown', '__CLASS__': 'Adzuna::API::Response::Category', 'tag': 'unknown'}",48.1475,https://www.adzuna.de/details/5727321876?utm_medium=api&utm_source=a4bcf954,"{'__CLASS__': 'Adzuna::API::Response::Location', 'display_name': 'Bogenhausen, München', 'area': ['Deutschland', 'Bayern', 'München (Kreis)', 'München', 'Bogenhausen']}",5727321876,Adzuna::API::Response::Job,eyJhbGciOiJIUzI1NiJ9.eyJpIjoiNTcyNzMyMTg3NiIsInMiOiI3UDV3S3FlSjhSR0xUUEVValhibkpBIn0.IE07q1gp3MLfud5ynOvfZR8dFQL_CtK7mqXDHqo_93I,"{'display_name': 'smartvillage', '__CLASS__': 'Adzuna::API::Response::Company'}",full_time,,,
2026-01-09T20:35:59Z,Duales Studium Data Science und Künstliche Intelligenz,"Siltronic ist einer der weltweit größten Hersteller für Wafer aus Reinstsilizium und Partner vieler führender Chip-Hersteller mit rund 4.300 Mitarbeitenden und Produktionsstätten in Europa, Asien und den USA. Wir entwickeln und fertigen Wafer mit einem Durchmesser von bis zu 300 mm. Diese sind die Grundlage der modernen Mikro- und Nanoelektronik. In einem 3-jährigen Dualen Studium werden Theorie und Praxis gekonnt verbunden. Das hoch qualifizierende Studium wird durch breit gefächerte Praxisein…",0,13.33722,"{'__CLASS__': 'Adzuna::API::Response::Category', 'label': 'Unknown', 'tag': 'unknown'}",50.91404,https://www.adzuna.de/details/5576690121?utm_medium=api&utm_source=a4bcf954,"{'area': ['Deutschland', 'Sachsen', 'Mittelsachsen (Kreis)', 'Freiberg'], 'display_name': 'Freiberg, Mittelsachsen (Kreis)', '__CLASS__': 'Adzuna::API::Response::Location'}",5576690121,Adzuna::API::Response::Job,eyJhbGciOiJIUzI1NiJ9.eyJzIjoiN1A1d0txZUo4UkdMVFBFVWpYYm5KQSIsImkiOiI1NTc2NjkwMTIxIn0.TExfUHDfM0bpdr0ua1UoEW1BSkmc1XAaITJNvlyCgkI,"{'display_name': 'Siltronic AG', '__CLASS__': 'Adzuna::API::Response::Company'}",full_time,,,
2026-01-02T20:58:32Z,Praktikant Data Science (m/w/d),"Du willst mehr als Uni und möchtest erste Berufseinblicke und Kontakte knüpfen? Dann bist du hier richtig! Als Werkstudent oder Praktikant bei Kaufland gehörst du von Beginn an zu einem starken Team und kannst zeigen, was in dir steckt. Werde auch du Teil von teamkaufland! Das erwartet dich bei uns Wir zählen auf dich: Du unterstützt unser Team bei der Bearbeitung unserer Analytics Use Cases entlang der gesamten Wertschöpfungskette bei Kaufland. Vielfältige Aufgaben? Na klar: Lerne unsere Proje…",0,9.22208,"{'__CLASS__': 'Adzuna::API::Response::Category', 'label': 'IT-Stellen', 'tag': 'it-jobs'}",49.1416,https://www.adzuna.de/details/5565208771?utm_medium=api&utm_source=a4bcf954,"{'area': ['Deutschland', 'Baden-Württemberg', 'Heilbronn (Kreis)', 'Heilbronn', 'Böckingen'], '__CLASS__': 'Adzuna::API::Response::Location', 'display_name': 'Böckingen, Heilbronn'}",5565208771,Adzuna::API::Response::Job,eyJhbGciOiJIUzI1NiJ9.eyJzIjoiN1A1d0txZUo4UkdMVFBFVWpYYm5KQSIsImkiOiI1NTY1MjA4NzcxIn0.p8dmveRsyOJ-7L_EoWFTGDRDTyyDs5JJjA9x8GXyxWs,"{'display_name': 'Kaufland', '__CLASS__': 'Adzuna::API::Response::Company'}",,,,
2025-11-20T17:58:30Z,Praktikum Data Science / Data Analytics & BI (w/m/d),"Praktikum Data Science / Data Analytics & BI (w/m/d) Job-ID: 11385 Standorte: Mannheim Karrierelevel: Studierende Anstellungsart: Praktikum Begleite KPMG bei den zukünftigen Herausforderungen unserer Kund:innen. Begeistere auch Du Dich für die Vielfalt unserer Fragestellungen - und mach gemeinsam mit uns den Unterschied. Unterstütze Dein Team von Data-Expert:innen, die innovativen und datengesteuerten Lösungen für unsere Kund:innen zu entwickeln. Deine Aufgaben Du willst Big Data in Smart Data …",0,8.50014,"{'tag': 'unknown', 'label': 'Unknown', '__CLASS__': 'Adzuna::API::Response::Category'}",49.46856,https://www.adzuna.de/details/5505336820?utm_medium=api&utm_source=a4bcf954,"{'area': ['Deutschland', 'Baden-Württemberg', 'Mannheim', 'Neuostheim'], '__CLASS__': 'Adzuna::API::Response::Location', 'display_name': 'Neuostheim, Mannheim'}",5505336820,Adzuna::API::Response::Job,eyJhbGciOiJIUzI1NiJ9.eyJpIjoiNTUwNTMzNjgyMCIsInMiOiI3UDV3S3FlSjhSR0xUUEVValhibkpBIn0.33YY3rtpoQ0CnvBPlIGC2YBYq655zL3gqhbVN44Ru_M,"{'display_name': 'KPMG', '__CLASS__': 'Adzuna::API::Response::Company'}",,,,contract
2025-11-20T17:58:31Z,Praktikum Data Science / Data Analytics & BI (w/m/d),"Praktikum Data Science / Data Analytics & BI (w/m/d) Job-ID: 11385 Standorte: Ulm Karrierelevel: Studierende Anstellungsart: Praktikum Begleite KPMG bei den zukünftigen Herausforderungen unserer Kund:innen. Begeistere auch Du Dich für die Vielfalt unserer Fragestellungen - und mach gemeinsam mit uns den Unterschied. Unterstütze Dein Team von Data-Expert:innen, die innovativen und datengesteuerten Lösungen für unsere Kund:innen zu entwickeln. Deine Aufgaben Du willst Big Data in Smart Data verwa…",0,8.29909,"{'__CLASS__': 'Adzuna::API::Response::Category', 'label': 'Unknown', 'tag': 'unknown'}",48.36497,https://www.adzuna.de/details/5505336826?utm_medium=api&utm_source=a4bcf954,"{'area': ['Deutschland', 'Baden-Württemberg', 'Ulm', 'Mitte'], 'display_name': 'Mitte, Ulm', '__CLASS__': 'Adzuna::API::Response::Location'}",5505336826,Adzuna::API::Response::Job,eyJhbGciOiJIUzI1NiJ9.eyJpIjoiNTUwNTMzNjgyNiIsInMiOiI3UDV3S3FlSjhSR0xUUEVValhibkpBIn0.w20sFeshhsvgoRvbQOovDzr84fjrQ-gbMBu8kxywx7U,"{'__CLASS__': 'Adzuna::API::Response::Company', 'display_name': 'KPMG'}",,,,contract
2025-11-20T17:58:31Z,Praktikum Data Science / Data Analytics & BI (w/m/d),"Praktikum Data Science / Data Analytics & BI (w/m/d) Job-ID: 11385 Standorte: Stuttgart Karrierelevel: Studierende Anstellungsart: Praktikum Begleite KPMG bei den zukünftigen Herausforderungen unserer Kund:innen. Begeistere auch Du Dich für die Vielfalt unserer Fragestellungen - und mach gemeinsam mit uns den Unterschied. Unterstütze Dein Team von Data-Expert:innen, die innovativen und datengesteuerten Lösungen für unsere Kund:innen zu entwickeln. Deine Aufgaben Du willst Big Data in Smart Data…",0,9.18071,"{'tag': 'unknown', 'label': 'Unknown', '__CLASS__': 'Adzuna::API::Response::Category'}",48.77713,https://www.adzuna.de/details/5505336837?utm_medium=api&utm_source=a4bcf954,"{'area': ['Deutschland', 'Baden-Württemberg', 'Stuttgart', 'Mitte'], '__CLASS__': 'Adzuna::API::Response::Location', 'display_name': 'Mitte, Stuttgart'}",5505336837,Adzuna::API::Response::Job,eyJhbGciOiJIUzI1NiJ9.eyJpIjoiNTUwNTMzNjgzNyIsInMiOiI3UDV3S3FlSjhSR0xUUEVValhibkpBIn0.YSAK8Dp1r0EIw9OMs33K9UbVSs27DsPoEJDj51hHVmc,"{'__CLASS__': 'Adzuna::API::Response::Company', 'display_name': 'KPMG'}",,,,contract
2025-11-20T17:58:37Z,Praktikum Data Science / Data Analytics & BI (w/m/d),"Praktikum Data Science / Data Analytics & BI (w/m/d) Job-ID: 11385 Standorte: Karrierelevel: Studierende Anstellungsart: Praktikum Begleite KPMG bei den zukünftigen Herausforderungen unserer Kund:innen. Begeistere auch Du Dich für die Vielfalt unserer Fragestellungen - und mach gemeinsam mit uns den Unterschied. Unterstütze Dein Team von Data-Expert:innen, die innovativen und datengesteuerten Lösungen für unsere Kund:innen zu entwickeln. Deine Aufgaben Du willst Big Data in Smart Data verwandel…",0,,"{'tag': 'unknown', '__CLASS__': 'Adzuna::API::Response::Category', 'label': 'Unknown'}",,https://www.adzuna.de/details/5505338174?utm_medium=api&utm_source=a4bcf954,"{'display_name': 'Deutschland', '__CLASS__': 'Adzuna::API::Response::Location', 'area': ['Deutschland']}",5505338174,Adzuna::API::Response::Job,eyJhbGciOiJIUzI1NiJ9.eyJpIjoiNTUwNTMzODE3NCIsInMiOiI3UDV3S3FlSjhSR0xUUEVValhibkpBIn0.MtzQhvis2_9Bt_fS4iK2VgHaCknyD6gRwbYUQ2QO9ak,"{'display_name': 'KPMG', '__CLASS__': 'Adzuna::API::Response::Company'}",,,,contract
2025-11-20T17:58:31Z,Praktikum Data Science / Data Analytics & BI (w/m/d),"Praktikum Data Science / Data Analytics & BI (w/m/d) Job-ID: 11385 Standorte: Berlin Karrierelevel: Studierende Anstellungsart: Praktikum Begleite KPMG bei den zukünftigen Herausforderungen unserer Kund:innen. Begeistere auch Du Dich für die Vielfalt unserer Fragestellungen - und mach gemeinsam mit uns den Unterschied. Unterstütze Dein Team von Data-Expert:innen, die innovativen und datengesteuerten Lösungen für unsere Kund:innen zu entwickeln. Deine Aufgaben Du willst Big Data in Smart Data ve…",0,13.35662,"{'label': 'Unknown', '__CLASS__': 'Adzuna::API::Response::Category', 'tag': 'unknown'}",52.5259,https://www.adzuna.de/details/5505336833?utm_medium=api&utm_source=a4bcf954,"{'area': ['Deutschland', 'Berlin', 'Moabit'], '__CLASS__': 'Adzuna::API::Response::Location', 'display_name': 'Moabit, Berlin'}",5505336833,Adzuna::API::Response::Job,eyJhbGciOiJIUzI1NiJ9.eyJpIjoiNTUwNTMzNjgzMyIsInMiOiI3UDV3S3FlSjhSR0xUUEVValhibkpBIn0.q-Wu9PeNKoXlLDW7VeTOmY2lWIdsRlXG3312OIDTh-E,"{'__CLASS__': 'Adzuna::API::Response::Company', 'display_name': 'KPMG'}",,,,contract
2025-11-20T17:58:30Z,Praktikum Data Science / Data Analytics & BI (w/m/d),"Praktikum Data Science / Data Analytics & BI (w/m/d) Job-ID: 11385 Standorte: Frankfurt Karrierelevel: Studierende Anstellungsart: Praktikum Begleite KPMG bei den zukünftigen Herausforderungen unserer Kund:innen. Begeistere auch Du Dich für die Vielfalt unserer Fragestellungen - und mach gemeinsam mit uns den Unterschied. Unterstütze Dein Team von Data-Expert:innen, die innovativen und datengesteuerten Lösungen für unsere Kund:innen zu entwickeln. Deine Aufgaben Du willst Big Data in Smart Data…",0,8.56413,"{'tag': 'unknown', 'label': 'Unknown', '__CLASS__': 'Adzuna::API::Response::Category'}",50.05078,https://www.adzuna.de/details/5505336818?utm_medium=api&utm_source=a4bcf954,"{'area': ['Deutschland', 'Hessen', 'Frankfurt am Main', 'Flughafen'], '__CLASS__': 'Adzuna::API::Response::Location', 'display_name': 'Flughafen, Frankfurt am Main'}",5505336818,Adzuna::API::Response::Job,eyJhbGciOiJIUzI1NiJ9.eyJpIjoiNTUwNTMzNjgxOCIsInMiOiI3UDV3S3FlSjhSR0xUUEVValhibkpBIn0.bP1RVhGiuVgnId-RKBy0kHhL33BEB90lZnCkAvtp9Mg,"{'__CLASS__': 'Adzuna::API::Response::Company', 'display_name': 'KPMG'}",,,,contract
2025-11-20T17:58:31Z,Praktikum Data Science / Data Analytics & BI (w/m/d),"Praktikum Data Science / Data Analytics & BI (w/m/d) Job-ID: 11385 Standorte: Karlsruhe Karrierelevel: Studierende Anstellungsart: Praktikum Begleite KPMG bei den zukünftigen Herausforderungen unserer Kund:innen. Begeistere auch Du Dich für die Vielfalt unserer Fragestellungen - und mach gemeinsam mit uns den Unterschied. Unterstütze Dein Team von Data-Expert:innen, die innovativen und datengesteuerten Lösungen für unsere Kund:innen zu entwickeln. Deine Aufgaben Du willst Big Data in Smart Data…",0,8.45882,"{'tag': 'unknown', 'label': 'Unknown', '__CLASS__': 'Adzuna::API::Response::Category'}",49.03084,https://www.adzuna.de/details/5505336831?utm_medium=api&utm_source=a4bcf954,"{'__CLASS__': 'Adzuna::API::Response::Location', 'display_name': 'Hagsfeld, Karlsruhe', 'area': ['Deutschland', 'Baden-Württemberg', 'Karlsruhe (Kreis)', 'Karlsruhe', 'Hagsfeld']}",5505336831,Adzuna::API::Response::Job,eyJhbGciOiJIUzI1NiJ9.eyJpIjoiNTUwNTMzNjgzMSIsInMiOiI3UDV3S3FlSjhSR0xUUEVValhibkpBIn0.Ase0lBV9p46ceh8x5wHLt87Ct3Vh-qnjnwY7htiOSl0,"{'display_name': 'KPMG', '__CLASS__': 'Adzuna::API::Response::Company'}",,,,contract
2025-11-20T17:58:31Z,Praktikum Data Science / Data Analytics & BI (w/m/d),"Praktikum Data Science / Data Analytics & BI (w/m/d) Job-ID: 11385 Standorte: Saarbrücken Karrierelevel: Studierende Anstellungsart: Praktikum Begleite KPMG bei den zukünftigen Herausforderungen unserer Kund:innen. Begeistere auch Du Dich für die Vielfalt unserer Fragestellungen - und mach gemeinsam mit uns den Unterschied. Unterstütze Dein Team von Data-Expert:innen, die innovativen und datengesteuerten Lösungen für unsere Kund:innen zu entwickeln. Deine Aufgaben Du willst Big Data in Smart Da…",0,6.96191,"{'__CLASS__': 'Adzuna::API::Response::Category', 'label': 'Unknown', 'tag': 'unknown'}",49.253,https://www.adzuna.de/details/5505336829?utm_medium=api&utm_source=a4bcf954,"{'area': ['Deutschland', 'Saarland', 'Regionalverband Saarbrücken (Kreis)', 'Saarbrücken', 'Malstatt'], 'display_name': 'Malstatt, Saarbrücken', '__CLASS__': 'Adzuna::API::Response::Location'}",5505336829,Adzuna::API::Response::Job,eyJhbGciOiJIUzI1NiJ9.eyJpIjoiNTUwNTMzNjgyOSIsInMiOiI3UDV3S3FlSjhSR0xUUEVValhibkpBIn0.t6LOjiWei5aLKNDYuWZxv2ro0OtzczbpjC5iOWv-tsk,"{'__CLASS__': 'Adzuna::API::Response::Company', 'display_name': 'KPMG'}",,,,contract
2026-07-26T04:00:20Z,Praktikant Data Science / Data Engineering im Bereich Risk Advisory Services,"Du hast deine ersten Semester geschafft und möchtest Dein theoretisches Wissen nun gern in spannenden Praxisprojekten anwenden? Bei uns wirst Du direkt in die Mandats- und Projektarbeit mit eingebunden und schnupperst so echte Praxisluft in einem interessanten Aufgabengebiet. Knüpfe schon jetzt wertvolle Kontakte, die deinen späteren Einstieg in die Berufswelt deutlich erleichtern können. Für einen Zeitraum von 6 Monaten suchen wir Praktikant (W/M/D) Data Science & Artificial Intelligence in Be…",0,11.56907,"{'tag': 'consultancy-jobs', 'label': 'Beraterstellen', '__CLASS__': 'Adzuna::API::Response::Category'}",48.14093,https://www.adzuna.de/details/5816052941?utm_medium=api&utm_source=a4bcf954,"{'area': ['Deutschland', 'Bayern', 'München (Kreis)', 'München', 'Altstadt-Lehel'], 'display_name': 'Altstadt-Lehel, München', '__CLASS__': 'Adzuna::API::Response::Location'}",5816052941,Adzuna::API::Response::Job,eyJhbGciOiJIUzI1NiJ9.eyJpIjoiNTgxNjA1Mjk0MSIsInMiOiI3UDV3S3FlSjhSR0xUUEVValhibkpBIn0.ZLcaAWZB_lXgbMI-nS5EZjNvBQ-ZlFSZDCdzfHHh9RA,"{'display_name': 'BRL Risk Consulting GmbH & Co. KG', '__CLASS__': 'Adzuna::API::Response::Company'}",,,,
2026-07-26T04:00:20Z,Praktikant Data Science / Data Engineering im Bereich Risk Advisory Services,"Du hast deine ersten Semester geschafft und möchtest Dein theoretisches Wissen nun gern in spannenden Praxisprojekten anwenden? Bei uns wirst Du direkt in die Mandats- und Projektarbeit mit eingebunden und schnupperst so echte Praxisluft in einem interessanten Aufgabengebiet. Knüpfe schon jetzt wertvolle Kontakte, die deinen späteren Einstieg in die Berufswelt deutlich erleichtern können. Für einen Zeitraum von 6 Monaten suchen wir Praktikant (W/M/D) Data Science & Artificial Intelligence in Be…",0,13.38475,"{'__CLASS__': 'Adzuna::API::Response::Category', 'label': 'Beraterstellen', 'tag': 'consultancy-jobs'}",52.51551,https://www.adzuna.de/details/5816052943?utm_medium=api&utm_source=a4bcf954,"{'display_name': 'Mitte, Berlin', '__CLASS__': 'Adzuna::API::Response::Location', 'area': ['Deutschland', 'Berlin', 'Mitte']}",5816052943,Adzuna::API::Response::Job,eyJhbGciOiJIUzI1NiJ9.eyJpIjoiNTgxNjA1Mjk0MyIsInMiOiI3UDV3S3FlSjhSR0xUUEVValhibkpBIn0.Y_ZhaVCsdqjNsOvTmdTQT8vf6dJGKbeY0l1RKZ9Gmr0,"{'display_name': 'BRL Risk Consulting GmbH & Co. KG', '__CLASS__': 'Adzuna::API::Response::Company'}",,,,
2026-07-26T04:00:20Z,Praktikant Data Science / Data Engineering im Bereich Risk Advisory Services,"Du hast deine ersten Semester geschafft und möchtest Dein theoretisches Wissen nun gern in spannenden Praxisprojekten anwenden? Bei uns wirst Du direkt in die Mandats- und Projektarbeit mit eingebunden und schnupperst so echte Praxisluft in einem interessanten Aufgabengebiet. Knüpfe schon jetzt wertvolle Kontakte, die deinen späteren Einstieg in die Berufswelt deutlich erleichtern können. Für einen Zeitraum von 6 Monaten suchen wir Praktikant (W/M/D) Data Science & Artificial Intelligence in Be…",0,6.96735,"{'__CLASS__': 'Adzuna::API::Response::Category', 'label': 'Beraterstellen', 'tag': 'consultancy-jobs'}",51.46121,https://www.adzuna.de/details/5816052942?utm_medium=api&utm_source=a4bcf954,"{'display_name': 'Altendorf, Essen', '__CLASS__': 'Adzuna::API::Response::Location', 'area': ['Deutschland', 'Nordrhein-Westfalen', 'Essen', 'Altendorf']}",5816052942,Adzuna::API::Response::Job,eyJhbGciOiJIUzI1NiJ9.eyJzIjoiN1A1d0txZUo4UkdMVFBFVWpYYm5KQSIsImkiOiI1ODE2MDUyOTQyIn0.UhFkhOhtk_benGcWU-L6zBKDx4lr7xs97-lj23k4Y9U,"{'__CLASS__': 'Adzuna::API::Response::Company', 'display_name': 'BRL Risk Consulting GmbH & Co. KG'}",,,,
2026-07-26T04:00:20Z,Praktikant Data Science / Data Engineering im Bereich Risk Advisory Services,"Du hast deine ersten Semester geschafft und möchtest Dein theoretisches Wissen nun gern in spannenden Praxisprojekten anwenden? Bei uns wirst Du direkt in die Mandats- und Projektarbeit mit eingebunden und schnupperst so echte Praxisluft in einem interessanten Aufgabengebiet. Knüpfe schon jetzt wertvolle Kontakte, die deinen späteren Einstieg in die Berufswelt deutlich erleichtern können. Für einen Zeitraum von 6 Monaten suchen wir Praktikant (W/M/D) Data Science & Artificial Intelligence in Be…",0,9.98553,"{'tag': 'consultancy-jobs', '__CLASS__': 'Adzuna::API::Response::Category', 'label': 'Beraterstellen'}",53.55197,https://www.adzuna.de/details/5816052940?utm_medium=api&utm_source=a4bcf954,"{'display_name': 'Neustadt, Hamburg', '__CLASS__': 'Adzuna::API::Response::Location', 'area': ['Deutschland', 'Hamburg', 'Neustadt']}",5816052940,Adzuna::API::Response::Job,eyJhbGciOiJIUzI1NiJ9.eyJpIjoiNTgxNjA1Mjk0MCIsInMiOiI3UDV3S3FlSjhSR0xUUEVValhibkpBIn0.65cqEmbiXmVDWNsMre_5T8mdGSPQHtwj73WcKyW__oE,"{'__CLASS__': 'Adzuna::API::Response::Company', 'display_name': 'BRL Risk Consulting GmbH & Co. KG'}",,,,
2026-07-25T19:22:28Z,Senior Data Engineer (m/w/d) Azure & Databricks,"Wir von BRIGHT experts bringen qualifizierte Fachkräfte und Unternehmen zusammen. Für ein spannendes Projekt bei einem führenden Unternehmen aus dem Automobilbereich im Raum Stuttgart suchen wir einen erfahrenen Senior Data Engineer (m/w/d) mit Schwerpunkt Microsoft Azure & Databricks. Dich erwartet ein modernes Cloud- und Datenumfeld, in dem du an der Entwicklung und Optimierung skalierbarer Datenplattformen, Datenpipelines und datengetriebener Lösungen mitwirkst. Aufgaben Konzeption und Umset…",0,9.187224,"{'__CLASS__': 'Adzuna::API::Response::Category', 'label': 'Unknown', 'tag': 'unknown'}",48.776198,https://www.adzuna.de/land/ad/5815603866?se=7P5wKqeJ8RGLTPEUjXbnJA&utm_medium=api&utm_source=a4bcf954&v=18D30A47C7367D08F1F0653B226894E202AC53A9,"{'area': ['Deutschland', 'Baden-Württemberg', 'Stuttgart'], '__CLASS__': 'Adzuna::API::Response::Location', 'display_name': 'Stuttgart, Baden-Württemberg'}",5815603866,Adzuna::API::Response::Job,eyJhbGciOiJIUzI1NiJ9.eyJzIjoiN1A1d0txZUo4UkdMVFBFVWpYYm5KQSIsImkiOiI1ODE1NjAzODY2In0.UbXJSKVAIDMsXFzPTbZxGfCWR2gC2480wmZbdG0ipWE,"{'display_name': 'BT Electronics GmbH', '__CLASS__': 'Adzuna::API::Response::Company'}",,,,
2026-04-02T22:32:24Z,Praktikum im Bereich Data Science/Data Engineering für Maschinendiagnose (WS26/27),"As a family-run, high-tech company with nearly 19,000 employees at 71 locations worldwide, we are looking for forward thinkers with unconventional ideas and drive to join our team. Our company culture, which values collaboration and mutual trust, creates the ideal framework for boldly trying new things and questioning the status quo. Our technologies inspire people to develop and produce things that are currently unimaginable. Whether lasers, machine tools, EUV or electronics - TRUMPF is buildi…",0,9.06857,"{'label': 'Kundendienststellen', '__CLASS__': 'Adzuna::API::Response::Category', 'tag': 'customer-services-jobs'}",48.82434,https://www.adzuna.de/details/5687772493?utm_medium=api&utm_source=a4bcf954,"{'display_name': 'Ditzingen, Ludwigsburg (Kreis)', '__CLASS__': 'Adzuna::API::Response::Location', 'area': ['Deutschland', 'Baden-Württemberg', 'Ludwigsburg (Kreis)', 'Ditzingen']}",5687772493,Adzuna::API::Response::Job,eyJhbGciOiJIUzI1NiJ9.eyJzIjoiN1A1d0txZUo4UkdMVFBFVWpYYm5KQSIsImkiOiI1Njg3NzcyNDkzIn0.zz5rflwE1bWx7Tbbavd7kHRE4JkasQ9NJahkOvC2LuM,"{'__CLASS__': 'Adzuna::API::Response::Company', 'display_name': 'TRUMPF Group'}",full_time,,,
2026-07-20T15:37:08Z,"Manager, Data Science, Dynamic Promo - Quick Commerce","Job Description We are on the lookout for a Manager, Data Science, Dynamic Promo, to join Quick Commerce on our journey to always deliver amazing experiences. Be part of redefining how customers experience quick commerce. You’ll help build technology that scales our non-food offerings, reaching new market segments and driving revenue growth. By innovating within our Quick Commerce Team, you’ll make Delivery Hero the go-to platform for a broad range of products, helping us grow faster and delive…",0,13.420806,"{'label': 'IT-Stellen', '__CLASS__': 'Adzuna::API::Response::Category', 'tag': 'it-jobs'}",52.507706,https://www.adzuna.de/details/5808159150?utm_medium=api&utm_source=a4bcf954,"{'display_name': 'Berlin, Deutschland', '__CLASS__': 'Adzuna::API::Response::Location', 'area': ['Deutschland', 'Berlin']}",5808159150,Adzuna::API::Response::Job,eyJhbGciOiJIUzI1NiJ9.eyJzIjoiN1A1d0txZUo4UkdMVFBFVWpYYm5KQSIsImkiOiI1ODA4MTU5MTUwIn0.BuyrHUw3ox58oY0CikTgj77ZkSWlGP7ASImC5iKU-H0,"{'display_name': 'Delivery Hero', '__CLASS__': 'Adzuna::API::Response::Company'}",,,,
2026-07-09T03:17:48Z,Duales Studium Data Science – in Kooperation mit der DHBW Stuttgart,"Stellenbeschreibung Du hast (bald) Dein Abitur in der Tasche und interessierst Dich für Daten, Analysen und Programmierung? Du willst direkt in die Praxis einsteigen und gleichzeitig ein Studium absolvieren? Dann starte Dein duales Studium Data Science bei SIXT in Kooperation mit der DHBW Stuttgart. Bei SIXT wirst Du vom ersten Tag an Teil unseres internationalen Unternehmens. Du erhältst Einblicke in alle zentralen Bereiche rund um das Thema Data Science und lernst praxisnah wie Du im Team dat…",0,,"{'__CLASS__': 'Adzuna::API::Response::Category', 'label': 'Beraterstellen', 'tag': 'consultancy-jobs'}",,https://www.adzuna.de/details/5793526522?utm_medium=api&utm_source=a4bcf954,"{'area': ['Deutschland', 'Bayern', 'München (Kreis)', 'München'], '__CLASS__': 'Adzuna::API::Response::Location', 'display_name': 'München, München (Kreis)'}",5793526522,Adzuna::API::Response::Job,eyJhbGciOiJIUzI1NiJ9.eyJpIjoiNTc5MzUyNjUyMiIsInMiOiI3UDV3S3FlSjhSR0xUUEVValhibkpBIn0.AryI8ftK9uqqXoK8IcQsL3cyNqyXEa4nAWI2wG61r50,"{'__CLASS__': 'Adzuna::API::Response::Company', 'display_name': 'SIXT Germany'}",,,,
2026-07-09T03:17:48Z,Duales Studium Data Science – in Kooperation mit der DHBW Stuttgart,"Stellenbeschreibung Du hast (bald) Dein Abitur in der Tasche und interessierst Dich für Daten, Analysen und Programmierung? Du willst direkt in die Praxis einsteigen und gleichzeitig ein Studium absolvieren? Dann starte Dein duales Studium Data Science bei SIXT in Kooperation mit der DHBW Stuttgart. Bei SIXT wirst Du vom ersten Tag an Teil unseres internationalen Unternehmens. Du erhältst Einblicke in alle zentralen Bereiche rund um das Thema Data Science und lernst praxisnah wie Du im Team dat…",0,9.187224,"{'tag': 'consultancy-jobs', '__CLASS__': 'Adzuna::API::Response::Category', 'label': 'Beraterstellen'}",48.776198,https://www.adzuna.de/details/5793526518?utm_medium=api&utm_source=a4bcf954,"{'area': ['Deutschland', 'Baden-Württemberg', 'Stuttgart'], 'display_name': 'Stuttgart, Baden-Württemberg', '__CLASS__': 'Adzuna::API::Response::Location'}",5793526518,Adzuna::API::Response::Job,eyJhbGciOiJIUzI1NiJ9.eyJzIjoiN1A1d0txZUo4UkdMVFBFVWpYYm5KQSIsImkiOiI1NzkzNTI2NTE4In0.FnxpUhQecIuU_VQsggO4NLBLFQKIGV9-yZ-b30CAumM,"{'__CLASS__': 'Adzuna::API::Response::Company', 'display_name': 'SIXT Germany'}",,,,
2026-07-17T17:16:35Z,SENIOR DATA SCIENTIST*,"THIS IS US The Data Science department uses statistical modeling, machine learning and optimization techniques to continuously improve business processes at NEW YORKER. We work in agile project teams on a variety of use cases, including order optimization, pricing, distribution and logistics. We are a very ambitious and international team and are proud of our high standards. THAT'S THE JOB Combine curiosity, fast understanding of business processes, and strong analytical skills to identify and …",0,10.46624,"{'__CLASS__': 'Adzuna::API::Response::Category', 'label': 'Sonstige/Allgemeine Stellen', 'tag': 'other-general-jobs'}",52.30542,https://www.adzuna.de/land/ad/5804952529?se=7P5wKqeJ8RGLTPEUjXbnJA&utm_medium=api&utm_source=a4bcf954&v=BDEEB63ED6F807DF2448E6795157EAB5B99EBA69,"{'area': ['Deutschland', 'Niedersachsen', 'Braunschweig', 'Watenbüttel'], 'display_name': 'Watenbüttel, Braunschweig', '__CLASS__': 'Adzuna::API::Response::Location'}",5804952529,Adzuna::API::Response::Job,eyJhbGciOiJIUzI1NiJ9.eyJzIjoiN1A1d0txZUo4UkdMVFBFVWpYYm5KQSIsImkiOiI1ODA0OTUyNTI5In0.n4DHpvWZbBstQS9CBToQMwHirPNJEvLM4VYRpf5Er48,"{'display_name': 'NEW YORKER', '__CLASS__': 'Adzuna::API::Response::Company'}",full_time,,,
2026-07-24T09:47:51Z,Senior Data Scientist (m/w/x) – Schwerpunkt Spektroskopie & Agronomie,"Sich etwas Neues trauen, über sich hinauswachsen und dabei die Grenzen des Machbaren neu definieren. Genau das ist es, was unsere Mitarbeitenden täglich leben dürfen und sollen. Um mit unseren Innovationen ein Zeichen zu setzen und Großartiges zu ermöglichen. Denn hinter jedem erfolgreichen Unternehmen stehen eine ganze Menge faszinierende Menschen. In einem offenen und modernen Umfeld mit zahlreichen Entwicklungs- und Weiterbildungsmöglichkeiten, arbeiten die Mitarbeitenden bei ZEISS in einer …",0,11.589469,"{'tag': 'scientific-qa-jobs', 'label': 'Stellen aus Wissenschaft & Qualitätssicherung', '__CLASS__': 'Adzuna::API::Response::Category'}",50.923007,https://www.adzuna.de/land/ad/5813491993?se=7P5wKqeJ8RGLTPEUjXbnJA&utm_medium=api&utm_source=a4bcf954&v=6F433D890E634D4C6F93BDFA14D9E69C5F5D97BB,"{'display_name': 'Jena, Thüringen', '__CLASS__': 'Adzuna::API::Response::Location', 'area': ['Deutschland', 'Thüringen', 'Jena']}",5813491993,Adzuna::API::Response::Job,eyJhbGciOiJIUzI1NiJ9.eyJpIjoiNTgxMzQ5MTk5MyIsInMiOiI3UDV3S3FlSjhSR0xUUEVValhibkpBIn0.E9fxAkNSMmBackaEAy4VAxOx18yGjhuDXT6CYh7D6IY,"{'display_name': 'ZEISS', '__CLASS__': 'Adzuna::API::Response::Company'}",,,,
2026-07-17T09:53:04Z,Projektmanager Data analytics / Data science (all gender),"Bist du bereit, als Projektmanager im Bereich Data Analytics und Data Science bei Actana Consulting Services GmbH durchzustarten? Unser Unternehmen ist bekannt für seine innovativen Lösungen und seinen Kunde-zentrierten Ansatz. In deiner Rolle wirst du die Möglichkeit haben, spannende Projekte zu leiten und mit modernsten Technologien zu arbeiten. Dabei unterstützt du unseren Kunden, datengetriebene Entscheidungen zu treffen und ihre Geschäftsprozesse zu optimieren. Wenn du ein Faible für Daten…",0,11.56907,"{'label': 'Beraterstellen', '__CLASS__': 'Adzuna::API::Response::Category', 'tag': 'consultancy-jobs'}",48.14093,https://www.adzuna.de/details/5804565017?utm_medium=api&utm_source=a4bcf954,"{'__CLASS__': 'Adzuna::API::Response::Location', 'display_name': 'Altstadt-Lehel, München', 'area': ['Deutschland', 'Bayern', 'München (Kreis)', 'München', 'Altstadt-Lehel']}",5804565017,Adzuna::API::Response::Job,eyJhbGciOiJIUzI1NiJ9.eyJpIjoiNTgwNDU2NTAxNyIsInMiOiI3UDV3S3FlSjhSR0xUUEVValhibkpBIn0.a4q58UYZtuEJxtpnmcfDg-QzvqdgvsZ2NjXfGNu2iE4,"{'display_name': 'Actana Consulting Services GmbH', '__CLASS__': 'Adzuna::API::Response::Company'}",,80000.0,70000.0,
2026-07-16T16:07:02Z,Projektmanager Data analytics / Data science (all gender),"Bist du bereit, als Projektmanager im Bereich Data Analytics und Data Science bei Actana Consulting Services GmbH durchzustarten? Unser Unternehmen ist bekannt für seine innovativen Lösungen und seinen Kunde-zentrierten Ansatz. In deiner Rolle wirst du die Möglichkeit haben, spannende Projekte zu leiten und mit modernsten Technologien zu arbeiten. Dabei unterstützt du unseren Kunden, datengetriebene Entscheidungen zu treffen und ihre Geschäftsprozesse zu optimieren. Wenn du ein Faible für Daten…",0,11.555737,"{'label': 'Unknown', '__CLASS__': 'Adzuna::API::Response::Category', 'tag': 'unknown'}",48.137418,https://www.adzuna.de/details/5802975838?utm_medium=api&utm_source=a4bcf954,"{'__CLASS__': 'Adzuna::API::Response::Location', 'display_name': 'München, München (Kreis)', 'area': ['Deutschland', 'Bayern', 'München (Kreis)', 'München']}",5802975838,Adzuna::API::Response::Job,eyJhbGciOiJIUzI1NiJ9.eyJzIjoiN1A1d0txZUo4UkdMVFBFVWpYYm5KQSIsImkiOiI1ODAyOTc1ODM4In0.ccywXP2P75lZRB89ZjUvel8SDaBdXviUAFDOThNV3JY,"{'display_name': 'Actana Consulting Services GmbH', '__CLASS__': 'Adzuna::API::Response::Company'}",full_time,,,
2026-07-16T16:04:43Z,Data Science & Machine Learning for Life-Science,"Limebit GmbH ist eine Data-Science- und Machine-Learning-Agentur mit Fokus auf den Life-Science-Sektor. Zu unseren Kunden zählen Krankenkassen, Krankenhäuser, Gesundheitsforschende Institute und Pharmaunternehmen. Gemeinsam entwickeln wir innovative Lösungen auf Basis von Medizindaten und leisten so einen nachhaltigen Beitrag zur Weiterentwicklung des Gesundheitswesens. Unser Team wächst weiter – und dafür suchen wir eine Person, die uns im Bereich Data Science und Machine Learning aktiv unters…",0,13.35917,"{'tag': 'unknown', 'label': 'Unknown', '__CLASS__': 'Adzuna::API::Response::Category'}",52.54629,https://www.adzuna.de/details/5802963736?utm_medium=api&utm_source=a4bcf954,"{'display_name': 'Wedding, Berlin', '__CLASS__': 'Adzuna::API::Response::Location', 'area': ['Deutschland', 'Berlin', 'Wedding']}",5802963736,Adzuna::API::Response::Job,eyJhbGciOiJIUzI1NiJ9.eyJzIjoiN1A1d0txZUo4UkdMVFBFVWpYYm5KQSIsImkiOiI1ODAyOTYzNzM2In0.CaSWEixF4uiAtr1SdQGDQJ04XvG5lzGHbRd5kHuXr7E,"{'__CLASS__': 'Adzuna::API::Response::Company', 'display_name': 'Limebit GmbH'}",full_time,,,
2026-07-16T15:50:09Z,Studium mit vertiefter Praxis: Data Science B.Sc.,"Studium mit vertiefter Praxis: Data Science B.Sc. Das ist die Herausforderung Im Studium mit vertiefter Praxis kombinierst Du ideal Theorie und Praxis. Deine im Hochschulstudium erworbenen Kenntnisse wendest Du in den betrieblichen Praxisphasen in konkreten Projekten an. So lernst Du nicht nur, warum etwas funktioniert, sondern auch, wie es funktioniert und wie es gemacht wird. In den 3,5 Jahren deines Bachelorstudiums absolvierst Du in den vorlesungsfreien Zeiten sowie im Praxissemester Deine …",0,10.89379,"{'label': 'Unknown', '__CLASS__': 'Adzuna::API::Response::Category', 'tag': 'unknown'}",48.357096,https://www.adzuna.de/details/5802896200?utm_medium=api&utm_source=a4bcf954,"{'area': ['Deutschland', 'Bayern', 'Augsburg (Kreis)', 'Augsburg'], 'display_name': 'Augsburg, Augsburg (Kreis)', '__CLASS__': 'Adzuna::API::Response::Location'}",5802896200,Adzuna::API::Response::Job,eyJhbGciOiJIUzI1NiJ9.eyJzIjoiN1A1d0txZUo4UkdMVFBFVWpYYm5KQSIsImkiOiI1ODAyODk2MjAwIn0.v4R-LYvksg2HQ9nkRae3OfXWnlSzxaaZCuK7-mD1jkI,"{'display_name': 'XITASO GmbH', '__CLASS__': 'Adzuna::API::Response::Company'}",,,,
2026-05-12T23:30:21Z,Studium mit vertiefter Praxis: Data Science B.Sc.,"Das ist die Herausforderung Im Studium mit vertiefter Praxis kombinierst Du ideal Theorie und Praxis . Deine im Hochschulstudium erworbenen Kenntnisse wendest Du in den betrieblichen Praxisphasen in konkreten Projekten an. So lernst Du nicht nur, warum etwas funktioniert, sondern auch, wie es funktioniert und wie es gemacht wird. In den 3,5 Jahren deines Bachelorstudiums absolvierst Du in den vorlesungsfreien Zeiten sowie im Praxissemester Deine Praxisphasen bei XITASO. Auch Deine Bachelorarbei…",0,10.904,"{'tag': 'it-jobs', '__CLASS__': 'Adzuna::API::Response::Category', 'label': 'IT-Stellen'}",48.38236,https://www.adzuna.de/details/5727348288?utm_medium=api&utm_source=a4bcf954,"{'area': ['Deutschland', 'Bayern', 'Augsburg (Kreis)', 'Augsburg', 'Lechhausen'], 'display_name': 'Lechhausen, Augsburg', '__CLASS__': 'Adzuna::API::Response::Location'}",5727348288,Adzuna::API::Response::Job,eyJhbGciOiJIUzI1NiJ9.eyJzIjoiN1A1d0txZUo4UkdMVFBFVWpYYm5KQSIsImkiOiI1NzI3MzQ4Mjg4In0.i0jbLAJtt9LXvH9Rt6D-yrKihSXMrfxAwTepezb4d8M,"{'__CLASS__': 'Adzuna::API::Response::Company', 'display_name': 'XITASO'}",part_time,,,
2026-06-26T01:42:46Z,Data Science und Künstliche Intelligenz (B.Sc.) 2027,"Dein Berufsbild: Du möchtest irgendwas mit Mathe machen und findest die Wirtschaftswelt spannend? Dann entscheide dich für ein Studium in Data Science und Künstliche Intelligenz und hol alles aus den Daten heraus. Data Science und Künstliche Intelligenz Spezialisten (w/m/d) sind die Schnittstelle zwischen IT und Business. Sie beherrschen die verschiedenen Technologien, bewerten deren Potenziale und wissen, wie man sie technisch umsetzt. In deinem dualen Studium erlernst du die Grundlagen, Konze…",0,8.650578,"{'tag': 'part-time-jobs', '__CLASS__': 'Adzuna::API::Response::Category', 'label': 'Teilzeitstellen'}",50.129683,https://www.adzuna.de/land/ad/5776991573?se=7P5wKqeJ8RGLTPEUjXbnJA&utm_medium=api&utm_source=a4bcf954&v=333B251EC63C28872D35E9BBDEE132B1419089E5,"{'display_name': 'Frankfurt am Main, Hessen', '__CLASS__': 'Adzuna::API::Response::Location', 'area': ['Deutschland', 'Hessen', 'Frankfurt am Main']}",5776991573,Adzuna::API::Response::Job,eyJhbGciOiJIUzI1NiJ9.eyJpIjoiNTc3Njk5MTU3MyIsInMiOiI3UDV3S3FlSjhSR0xUUEVValhibkpBIn0.z_ch7aCSgt7UylwiUSDiuprCBw8K8d0afpAmTXAJOCQ,"{'display_name': 'Siemens AG', '__CLASS__': 'Adzuna::API::Response::Company'}",,,,
2026-07-16T16:25:25Z,Werkstudent (m/w/d) Data Science - Hotel,"Über diesen Job Speed, Agilität und steile Entwicklungskurven – das macht CHECK24 aus. Unsere Vision: unseren Kundinnen in allen Produkten das beste Erlebnis zu bieten. Beim CHECK24 Hotelvergleich finden unsere Kundinnen weltweit die besten Hotels zum günstigsten Preis. Seit 2014 schaffen wir mit unseren Partnern einen transparenten Marktvergleich und ermöglichen unvergleichliche Reiseerlebnisse. Um unseren Hotelvergleich noch kundenfreundlicher und effizienter zu machen, suchen wir Dich als We…",0,7.67925,"{'tag': 'unknown', '__CLASS__': 'Adzuna::API::Response::Category', 'label': 'Unknown'}",51.95368,https://www.adzuna.de/details/5803057166?utm_medium=api&utm_source=a4bcf954,"{'area': ['Deutschland', 'Nordrhein-Westfalen', 'Münster', 'Gremmendorf'], 'display_name': 'Gremmendorf, Münster', '__CLASS__': 'Adzuna::API::Response::Location'}",5803057166,Adzuna::API::Response::Job,eyJhbGciOiJIUzI1NiJ9.eyJzIjoiN1A1d0txZUo4UkdMVFBFVWpYYm5KQSIsImkiOiI1ODAzMDU3MTY2In0.xtFkx3ujvo4ewRmyKghrPmJ3Z-4O7U57wB0CETy0uC0,"{'__CLASS__': 'Adzuna::API::Response::Company', 'display_name': 'CHECK24 Vergleichsportal'}",part_time,,,
