created,description,title,company,adref,location,longitude,category,latitude,salary_is_predicted,__CLASS__,redirect_url,id,contract_time,salary_max,salary_min,contract_type
2026-05-18T19:45:18Z,"Eine gute Idee war der Ursprung, ein erfolgreiches Konzept ist das Ergebnis. Qualität zum guten Preis möglichst vielen Menschen anbieten zu können treibt uns an - mittlerweile weltweit, denn wir sind Lidl. Hier ist das berufliche Zuhause vielfältiger Talente. Ob im Einkauf, in der Logistik, im Warengeschäft oder in der IT; ob als Impulsgeber, Gestalter oder Dienstleister der Länder. Wir suchen Anpacker, Durchstarter, Möglichmacher und bieten spannende Aufgaben und Projekte in einem dynamischen …",Duales Studium Wirtschaftsinformatik - Data Science 2027,"{'__CLASS__': 'Adzuna::API::Response::Company', 'display_name': 'Lidl Stiftung & Co. KG'}",eyJhbGciOiJIUzI1NiJ9.eyJpIjoiNTczMzI4ODY2MiIsInMiOiJ1SWFzS2podThSR2E4TDBtd2REQjJBIn0.MO8XTuZ5wktfDs2O8xa1dOeGm6Jb72j-T1dBBq4tVsE,"{'__CLASS__': 'Adzuna::API::Response::Location', 'display_name': 'Neckarsulm, Heilbronn (Kreis)', 'area': ['Deutschland', 'Baden-Württemberg', 'Heilbronn (Kreis)', 'Neckarsulm']}",9.2274,"{'tag': 'unknown', '__CLASS__': 'Adzuna::API::Response::Category', 'label': 'Unknown'}",49.18975,0,Adzuna::API::Response::Job,https://www.adzuna.de/land/ad/5733288662?se=uIasKjhu8RGa8L0mwdDB2A&utm_medium=api&utm_source=a4bcf954&v=366DE9802B50CE4713055921F48A779825AE62E1,5733288662,,,,
2026-06-18T09:58:12Z,DHBW-Studium Bachelor of Science – Wirt­schafts­informatik – Data Science Als starker Arbeitgeber und attrak­tives Aus­bildungs­unter­nehmen bieten wir viel­fältige und spannende Aus­bildungs- und Studien­plätze mit besten Über­nahme­chancen. Bereit für ein echt spannendes und abwechslungsreiches Studium? Wir machen dich fit für deine Zukunft in einer modernen Versicherung. Für den Studienstart am 01.09.2026 in Stuttgart suchen wir aufgeschlossene und motivierte Studierende. Aufgaben Drei Jahre…,DHBW-Studium Bachelor of Science – Wirtschaftsinformatik – Data Science,"{'display_name': 'WGV - Württembergische Gemeinde-Versicherung a.G.', '__CLASS__': 'Adzuna::API::Response::Company'}",eyJhbGciOiJIUzI1NiJ9.eyJpIjoiNTc2NzgxMjYyMyIsInMiOiJ1SWFzS2podThSR2E4TDBtd2REQjJBIn0.LlSDS9qvu3lD6YyFgX6dEu1pU7JkdD8TZu1az6YYIKY,"{'display_name': 'Stuttgart, Baden-Württemberg', '__CLASS__': 'Adzuna::API::Response::Location', 'area': ['Deutschland', 'Baden-Württemberg', 'Stuttgart']}",9.187224,"{'__CLASS__': 'Adzuna::API::Response::Category', 'label': 'Unknown', 'tag': 'unknown'}",48.776198,0,Adzuna::API::Response::Job,https://www.adzuna.de/land/ad/5767812623?se=uIasKjhu8RGa8L0mwdDB2A&utm_medium=api&utm_source=a4bcf954&v=0D28DB1EAF00BCA078C2C039D4074B51B63D995C,5767812623,,,,
2026-05-19T13:53:54Z,"Eine gute Idee war der Ursprung, ein erfolgreiches Konzept ist das Ergebnis. Qualität zum guten Preis möglichst vielen Menschen anbieten zu können treibt uns an - mittlerweile weltweit, denn wir sind Lidl. Hier ist das berufliche Zuhause vielfältiger Talente. Ob im Einkauf, in der Logistik, im Warengeschäft oder in der IT; ob als Impulsgeber, Gestalter oder Dienstleister der Länder. Wir suchen Anpacker, Durchstarter, Möglichmacher und bieten spannende Aufgaben und Projekte in einem dynamischen …",Duales Studium Data Science und KI - Smart Operations Management 2027,"{'display_name': 'Lidl Stiftung & Co. KG', '__CLASS__': 'Adzuna::API::Response::Company'}",eyJhbGciOiJIUzI1NiJ9.eyJzIjoidUlhc0tqaHU4UkdhOEwwbXdkREIyQSIsImkiOiI1NzMzOTc0NDgzIn0.ihbcCFvBZqN0w-jTEpOUtBIsMS_eJepF_hiPpYCNVvg,"{'area': ['Deutschland', 'Baden-Württemberg', 'Heilbronn (Kreis)', 'Neckarsulm'], '__CLASS__': 'Adzuna::API::Response::Location', 'display_name': 'Neckarsulm, Heilbronn (Kreis)'}",9.2274,"{'tag': 'unknown', 'label': 'Unknown', '__CLASS__': 'Adzuna::API::Response::Category'}",49.18975,0,Adzuna::API::Response::Job,https://www.adzuna.de/land/ad/5733974483?se=uIasKjhu8RGa8L0mwdDB2A&utm_medium=api&utm_source=a4bcf954&v=C44063A8613D3152F32376D2CD101CAF5781FF26,5733974483,,,,
2026-06-21T06:16:48Z,"Als Student arbeitest Du mit Deinen Kolleginnen und Kollegen auf Augenhöhe und schaffst ideale Voraussetzungen für Deine spätere Karriere. Sich etwas Neues trauen, über sich hinauswachsen und dabei die Grenzen des Machbaren neu deﬁnieren. Genau das ist es, was unsere Mitarbeitenden täglich leben dürfen und sollen. Um mit unseren Innovationen das Tempo vorzugeben und Großartiges zu ermöglichen. Denn hinter jedem erfolgreichen Unternehmen stehen eine ganze Menge faszinierender Menschen. Die Mitar…",Abschlussarbeit Data Science / Mechanikdesign (m/w/x),"{'display_name': 'ZEISS', '__CLASS__': 'Adzuna::API::Response::Company'}",eyJhbGciOiJIUzI1NiJ9.eyJzIjoidUlhc0tqaHU4UkdhOEwwbXdkREIyQSIsImkiOiI1NzcxMzY0NzgxIn0.KvWn-XxXz2Yoe7Eli8fZPbpxKGRjqDtCK7sLt3usB28,"{'area': ['Deutschland', 'Baden-Württemberg', 'Ostalbkreis', 'Oberkochen'], 'display_name': 'Oberkochen, Ostalbkreis', '__CLASS__': 'Adzuna::API::Response::Location'}",10.10558,"{'__CLASS__': 'Adzuna::API::Response::Category', 'label': 'Unknown', 'tag': 'unknown'}",48.78408,0,Adzuna::API::Response::Job,https://www.adzuna.de/land/ad/5771364781?se=uIasKjhu8RGa8L0mwdDB2A&utm_medium=api&utm_source=a4bcf954&v=BDFED5017FD0277CFE08ED1C74B87B06A81ED5A1,5771364781,,,,
2026-06-17T16:21:03Z,"HENSOLDT ist ein führendes Unternehmen der europäischen Verteidigungsindustrie mit globaler Reichweite. Das Unternehmen mit Sitz in Taufkirchen bei München entwickelt Sensor-Komplettlösungen für Verteidigungs- und Sicherheitsanwendungen. Als Technologieführer treibt HENSOLDT die Entwicklung der Verteidigungselektronik und Optronik voran und baut sein Portfolio auf der Grundlage innovativer Ansätze für Datenmanagement, Robotik und Cybersicherheit kontinuierlich aus. Unsere Produkte sind einsetzb…","Duales Studium: ""Data Science & künstliche Intelligenz"" (w/m/d), Start 2027","{'display_name': 'HENSOLDT', '__CLASS__': 'Adzuna::API::Response::Company'}",eyJhbGciOiJIUzI1NiJ9.eyJzIjoidUlhc0tqaHU4UkdhOEwwbXdkREIyQSIsImkiOiI1NzY2ODgwMTYyIn0.zpck56tSdkRDEOUchXPDu3Mvvzc06W1RRo-O7YNLMpQ,"{'area': ['Deutschland'], 'display_name': 'Deutschland', '__CLASS__': 'Adzuna::API::Response::Location'}",,"{'__CLASS__': 'Adzuna::API::Response::Category', 'label': 'Unknown', 'tag': 'unknown'}",,0,Adzuna::API::Response::Job,https://www.adzuna.de/land/ad/5766880162?se=uIasKjhu8RGa8L0mwdDB2A&utm_medium=api&utm_source=a4bcf954&v=A7E7B345F64B3F8642445374114F4B381D1B9054,5766880162,,,,
2026-06-09T04:54:43Z,"Life is always about becoming… Im Leben geht es darum, sich auf eine Reise zu begeben, um die beste Version unseres zukünftigen Selbst zu werden. Während wir Neues entdecken, stellen wir uns Herausforderungen, meistern sie und wachsen über uns hinaus. Bewerben Sie sich bei Mercedes-Benz und finden Sie den Aufgabenbereich, in dem Sie Ihre Talente individuell entfalten können. Dabei werden Sie von visionären Kolleginnen und Kollegen unterstützt, die Ihren Pioniergeist teilen. Bei uns einzusteigen…","Duales Studium Wirtschaftsinformatik/Data Science (B.Sc.), Mercedes-Benz Group AG, Stuttgart, 01.10.2027 (m/w/d)","{'__CLASS__': 'Adzuna::API::Response::Company', 'display_name': 'Mercedes-Benz Group AG'}",eyJhbGciOiJIUzI1NiJ9.eyJzIjoidUlhc0tqaHU4UkdhOEwwbXdkREIyQSIsImkiOiI1NzU2ODE4Njk4In0.8bn7QwfMnIULbw8YpoFLxK2Wqn8E2MnSv1LQYkq8KAM,"{'display_name': 'Esslingen am Neckar, Esslingen (Kreis)', '__CLASS__': 'Adzuna::API::Response::Location', 'area': ['Deutschland', 'Baden-Württemberg', 'Esslingen (Kreis)', 'Esslingen am Neckar']}",9.315933,"{'tag': 'unknown', '__CLASS__': 'Adzuna::API::Response::Category', 'label': 'Unknown'}",48.745846,0,Adzuna::API::Response::Job,https://www.adzuna.de/land/ad/5756818698?se=uIasKjhu8RGa8L0mwdDB2A&utm_medium=api&utm_source=a4bcf954&v=2D8FD42376E9FC9CAE26D6FDC7210E899DE805C0,5756818698,,,,
2026-05-29T17:01:57Z,"Life is always about becoming… Im Leben geht es darum, sich auf eine Reise zu begeben, um die beste Version unseres zukünftigen Selbst zu werden. Während wir Neues entdecken, stellen wir uns Herausforderungen, meistern sie und wachsen über uns hinaus. Bewerben Sie sich bei Mercedes-Benz und finden Sie den Aufgabenbereich, in dem Sie Ihre Talente individuell entfalten können. Dabei werden Sie von visionären Kolleginnen und Kollegen unterstützt, die Ihren Pioniergeist teilen. Bei uns einzusteigen…",Duales Studium Data Science / Künstliche Intelligenz in Kooperation mit der Dualen Hochschule Baden-Württemberg 2027 (m/w/d/x),"{'display_name': 'Mercedes-Benz Tech Innovation', '__CLASS__': 'Adzuna::API::Response::Company'}",eyJhbGciOiJIUzI1NiJ9.eyJzIjoidUlhc0tqaHU4UkdhOEwwbXdkREIyQSIsImkiOiI1NzQ0Njc2OTQyIn0.Vdc99sBk5uQ8khj1CYVhOJ8qygxgctjl1rtFmlCw-ww,"{'area': ['Deutschland', 'Baden-Württemberg', 'Ulm'], '__CLASS__': 'Adzuna::API::Response::Location', 'display_name': 'Ulm, Baden-Württemberg'}",9.856945,"{'tag': 'unknown', 'label': 'Unknown', '__CLASS__': 'Adzuna::API::Response::Category'}",48.383137,0,Adzuna::API::Response::Job,https://www.adzuna.de/land/ad/5744676942?se=uIasKjhu8RGa8L0mwdDB2A&utm_medium=api&utm_source=a4bcf954&v=4AAC7479814C5CDB58BFEF3331A7DB0DE7B05FA5,5744676942,,,,
2026-06-21T14:30:01Z,"Arbeit anders leben Die Stelle ist befristet auf 12 Monate, mit Option auf Verlängerung, in Teilzeit (15-20 Std. / Woche) zu besetzen. Das Team Marktforschung vereint Spezialisten aus den Bereichen qualitativer und quantitativer Forschung, Social Listening und Trendanalysen sowie Data Science. Wir kümmern uns um maßgeschneiderte Analysen für Fragestellungen rund um die dm Eigenmarken, unser Sortiment und die Kommunikation. Auf der Grundlage methodischer Exzellenz und thematischer Expertise unte…",Werkstudent Data Science - Marktforschung (w/m/d),"{'__CLASS__': 'Adzuna::API::Response::Company', 'display_name': 'dm-drogerie markt GmbH + Co. KG'}",eyJhbGciOiJIUzI1NiJ9.eyJpIjoiNTc3MTcwNjc2OSIsInMiOiJ1SWFzS2podThSR2E4TDBtd2REQjJBIn0.UckFvkvv7fGMXZ6VAIzKiox4lwPgVkjWvSDE9W-LgcY,"{'__CLASS__': 'Adzuna::API::Response::Location', 'display_name': 'Innenstadt, Karlsruhe', 'area': ['Deutschland', 'Baden-Württemberg', 'Karlsruhe (Kreis)', 'Karlsruhe', 'Innenstadt']}",8.38979,"{'__CLASS__': 'Adzuna::API::Response::Category', 'label': 'Sonstige/Allgemeine Stellen', 'tag': 'other-general-jobs'}",49.01336,0,Adzuna::API::Response::Job,https://www.adzuna.de/land/ad/5771706769?se=uIasKjhu8RGa8L0mwdDB2A&utm_medium=api&utm_source=a4bcf954&v=3FDFBD4384F4A6313DEE331D8D7CB13094ADBED7,5771706769,part_time,,,
2026-04-08T12:40:42Z,"Dein Team Du hast Freude an Innovationen, spannenden Inhalten und kollegialem Teamspirit? Mit unseren Berater:innen wächst du mit deinen Aufgaben und lernst von unseren Expert:innen. Gemeinsam beraten wir unsere deutsch- und englischsprachigen Kunden bei ihren Herausforderungen im Umfeld von Business Intelligence, Planung, Advanced Analytics & Data Science. Wir verbinden höchste Beratungskompetenz mit technischer Expertise. Dabei konzipieren und implementieren wir maßgeschneiderte Lösungen auf …",Junior Consultant Analytics Data Science (m/w/d),"{'__CLASS__': 'Adzuna::API::Response::Company', 'display_name': 'ISR Information Products AG'}",eyJhbGciOiJIUzI1NiJ9.eyJzIjoidUlhc0tqaHU4UkdhOEwwbXdkREIyQSIsImkiOiI1NjkzMDQ3NDU2In0.OaHye05wPQbC9WOSGBek1m-HddP-njfeF_x1iDXlQkM,"{'area': ['Deutschland', 'Hamburg'], 'display_name': 'Hamburg, Deutschland', '__CLASS__': 'Adzuna::API::Response::Location'}",9.987297,"{'tag': 'unknown', 'label': 'Unknown', '__CLASS__': 'Adzuna::API::Response::Category'}",53.557429,0,Adzuna::API::Response::Job,https://www.adzuna.de/land/ad/5693047456?se=uIasKjhu8RGa8L0mwdDB2A&utm_medium=api&utm_source=a4bcf954&v=9352D51F46000961DCB48290162075ADF565AF48,5693047456,full_time,,,
2026-06-19T11:24:10Z,"About us Zenjob is an AI-powered flexible staffing platform that has efficiently connected companies and temporary workers since 2015. Companies use our platform to book ready-to-work staff in real time, while students use our app to find part-time jobs that conveniently fit around their studies. Over 40,000 students and 1,000 partner companies from logistics, retail, and hospitality in all major German cities share our belief that good work is not a coincidence. It is the result of innovative …",Head of Analytics and Data Science,"{'display_name': 'Zenjob SE', '__CLASS__': 'Adzuna::API::Response::Company'}",eyJhbGciOiJIUzI1NiJ9.eyJpIjoiNTc2OTIyNDAxNiIsInMiOiJ1SWFzS2podThSR2E4TDBtd2REQjJBIn0._PNNt2CL4XSmOm65TAJGttra94Ww0ifOwCYDVF1a7nM,"{'__CLASS__': 'Adzuna::API::Response::Location', 'display_name': 'Berlin, Deutschland', 'area': ['Deutschland', 'Berlin']}",13.420806,"{'__CLASS__': 'Adzuna::API::Response::Category', 'label': 'Stellen aus Gastronomie & Catering', 'tag': 'hospitality-catering-jobs'}",52.507706,0,Adzuna::API::Response::Job,https://www.adzuna.de/land/ad/5769224016?se=uIasKjhu8RGa8L0mwdDB2A&utm_medium=api&utm_source=a4bcf954&v=0CBE58766F7271E596F1D0041EF7C0033C10DF28,5769224016,full_time,,,
2026-06-11T21:50:46Z,"Über PMMG Process Solutions GmbH PMMG Process Solutions ist eine spezialisierte, inhabergeführte Beratung für prozess- und datenbasierte Transformationen. Mit über 15 Jahren Erfahrung in Business Process Management, Process Mining, Process Intelligence, Projektmanagement und digitaler Transformation begleiten wir Unternehmen bei der nachhaltigen Steigerung ihrer operativen Exzellenz und Profitabilität. Was erwartet dich? Du leitest das interne Kompetenzteam für Process Mining und datengetrieben…",Director - Process Mining / BPM / Data Science (m/w/d),"{'display_name': 'Workwise GmbH', '__CLASS__': 'Adzuna::API::Response::Company'}",eyJhbGciOiJIUzI1NiJ9.eyJpIjoiNTc2MDE5NTc1NyIsInMiOiJ1SWFzS2podThSR2E4TDBtd2REQjJBIn0.-Oy4iScx4dedGKIvchNNGFWdvh0sHT_hmfVfL5YJCUQ,"{'display_name': 'Neustadt, Hamburg', '__CLASS__': 'Adzuna::API::Response::Location', 'area': ['Deutschland', 'Hamburg', 'Neustadt']}",9.98553,"{'tag': 'other-general-jobs', 'label': 'Sonstige/Allgemeine Stellen', '__CLASS__': 'Adzuna::API::Response::Category'}",53.55197,0,Adzuna::API::Response::Job,https://www.adzuna.de/land/ad/5760195757?se=uIasKjhu8RGa8L0mwdDB2A&utm_medium=api&utm_source=a4bcf954&v=AE300E4B20A7FC2E0DB88956FD7FAEC0FF084359,5760195757,,,,
2026-06-18T05:49:47Z,"Publicis Media ist das weltweit zweitgrößte Mediaagenturnetzwerk und Teil des französischen Kommunikationskonzerns Publicis Groupe. Als globale Holding lebt Publicis Media durch seine globalen Agenturmarken Zenith, Starcom und Spark, die das Kundengeschäft in der strategischen Kommunikationsberatung in über 100 Ländern steuern und ständig weiterentwickeln. Darüber hinaus unterstützen bei Publicis Media zentrale Spezialistenteams die Kunden der Agenturen in den Bereichen: Data und Technology, An…",Duales BA-Studium Wirtschaftsinformatik Data Science & KI (m/w/d) - Düsseldorf & Ravensburg,"{'display_name': 'Publicis Media GmbH', '__CLASS__': 'Adzuna::API::Response::Company'}",eyJhbGciOiJIUzI1NiJ9.eyJzIjoidUlhc0tqaHU4UkdhOEwwbXdkREIyQSIsImkiOiI1NzY3NTM2NjIzIn0.Ib28A9uhFpi7C0Nr7oOha419QGxtHX7gCuP09wJHsC8,"{'display_name': 'Düsseldorf, Nordrhein-Westfalen', '__CLASS__': 'Adzuna::API::Response::Location', 'area': ['Deutschland', 'Nordrhein-Westfalen', 'Düsseldorf']}",6.808387,"{'__CLASS__': 'Adzuna::API::Response::Category', 'label': 'Unknown', 'tag': 'unknown'}",51.226802,0,Adzuna::API::Response::Job,https://www.adzuna.de/land/ad/5767536623?se=uIasKjhu8RGa8L0mwdDB2A&utm_medium=api&utm_source=a4bcf954&v=14877B76DF4F775A590D6CADC197394C9417F12B,5767536623,,,,
2026-06-10T20:53:44Z,"in-tech ist ein digitaler Lösungsanbieter für Automotive, Rail und Smart Industry. Als strategischer Entwicklungspartner begleiten wir unsere Kunden durch den gesamten Entwicklungsprozess - von Einzelkomponenten bis hin zu Komplettlösungen aus Hard- u. Software. Wir sind Ingenieure, Softwareentwickler, Techniker und Quereinsteiger allgenders und arbeiten an der Mobilität der Zukunft. Wir sind orange! Du auch? Aufgaben In Zusammenarbeit mit unserem AI Team ergänzt du die Theoriephasen deines Stu…",Duales Studium B.Sc. Angewandte Künstliche Intelligenz - Schwerpunkt GenAI (m/w/d),"{'display_name': 'in-tech', '__CLASS__': 'Adzuna::API::Response::Company'}",eyJhbGciOiJIUzI1NiJ9.eyJpIjoiNTc1ODY5MzM0MiIsInMiOiJ1SWFzS2podThSR2E4TDBtd2REQjJBIn0.YKu0_82AfVgAOxiRp41aBG7pY8qGETP86RXmuYtwAnI,"{'display_name': 'Garching bei München, München (Kreis)', '__CLASS__': 'Adzuna::API::Response::Location', 'area': ['Deutschland', 'Bayern', 'München (Kreis)', 'Garching bei München']}",11.65112,"{'tag': 'unknown', '__CLASS__': 'Adzuna::API::Response::Category', 'label': 'Unknown'}",48.24883,0,Adzuna::API::Response::Job,https://www.adzuna.de/land/ad/5758693342?se=uIasKjhu8RGa8L0mwdDB2A&utm_medium=api&utm_source=a4bcf954&v=7CB1C74BB4FE5C3D0BC366922A5761CBEEE1FE59,5758693342,,,,
2026-06-20T18:16:50Z,"Jedes Werkzeug kann immer nur so gut sein wie der Mensch, der dahintersteckt. Deshalb suchen wir bei der Festool Group Mitarbeitende, die gemeinsam mit ihren 3.000 Kolleginnen und Kollegen weltweit etwas bewegen wollen. Tauche ein in unsere Welt - und erlebe, wie stolz es macht, in einem Familienunternehmen die besten Elektrowerkzeuge der Welt zu bauen. Aufgaben Im Team Data & Performance arbeitest Du an der Analyse und Weiterentwicklung datengetriebener Ansätze zur Bewertung und Optimierung vo…",Abschlussarbeit - Datengetriebene Analyse akustischer Signale (WiSe 26/27),"{'__CLASS__': 'Adzuna::API::Response::Company', 'display_name': 'Festool Group'}",eyJhbGciOiJIUzI1NiJ9.eyJpIjoiNTc3MDgyOTI0MyIsInMiOiJ1SWFzS2podThSR2E4TDBtd2REQjJBIn0.nvk7CxkIwWIbZhZ9sGS-o_nReRglV3DocfeGu5DT6i0,"{'area': ['Deutschland', 'Baden-Württemberg', 'Esslingen (Kreis)', 'Wendlingen am Neckar'], 'display_name': 'Wendlingen am Neckar, Esslingen (Kreis)', '__CLASS__': 'Adzuna::API::Response::Location'}",9.37738,"{'tag': 'consultancy-jobs', 'label': 'Beraterstellen', '__CLASS__': 'Adzuna::API::Response::Category'}",48.67129,0,Adzuna::API::Response::Job,https://www.adzuna.de/land/ad/5770829243?se=uIasKjhu8RGa8L0mwdDB2A&utm_medium=api&utm_source=a4bcf954&v=D1105E0DF5D46CD2FE94BF4D198C1CCB06FA57C5,5770829243,,,,
2026-06-22T06:18:59Z,"Wir sind ein dynamisches und leistungsstarkes Unternehmen der kosmetischen und pharmazeutischen Industrie. Neben der nach GMP-Richtlinien zertifizierten eigenen Produktion für unsere Gesichts-, Körper-, Haarpflegeprodukte und dekorativen Kosmetik legen wir großen Wert auf unser Qualitätsmerkmal ""Made in Germany"". Jährlich werden unsere innovativen Apothekenprodukte mit Preisen wie ""Beste Neueinführung"" oder ""Top Marke"" ausgezeichnet. Zur Verstärkung unseres IT-Teams suchen wir zum nächstmöglich…",Solution Consultant KI-Plattformen (m/w/d),"{'display_name': 'Dr. Theiss Naturwaren GmbH', '__CLASS__': 'Adzuna::API::Response::Company'}",eyJhbGciOiJIUzI1NiJ9.eyJzIjoidUlhc0tqaHU4UkdhOEwwbXdkREIyQSIsImkiOiI1NzcyMjU5NjExIn0.2jByHmPkhmf6JXdao6JbhZIAXgN4_vyyhBUC-39il5k,"{'display_name': 'Homburg, Saarpfalz-Kreis', '__CLASS__': 'Adzuna::API::Response::Location', 'area': ['Deutschland', 'Saarland', 'Saarpfalz-Kreis', 'Homburg']}",7.3341,"{'__CLASS__': 'Adzuna::API::Response::Category', 'label': 'Beraterstellen', 'tag': 'consultancy-jobs'}",49.31944,0,Adzuna::API::Response::Job,https://www.adzuna.de/land/ad/5772259611?se=uIasKjhu8RGa8L0mwdDB2A&utm_medium=api&utm_source=a4bcf954&v=C12896ECFD8931857EC84C0F99BD837D38DD5757,5772259611,,,,
2026-05-28T20:00:57Z,"Life is always about becoming… Im Leben geht es darum, sich auf eine Reise zu begeben, um die beste Version unseres zukünftigen Selbst zu werden. Während wir Neues entdecken, stellen wir uns Herausforderungen, meistern sie und wachsen über uns hinaus. Bewerben Sie sich bei Mercedes-Benz und finden Sie den Aufgabenbereich, in dem Sie Ihre Talente individuell entfalten können. Dabei werden Sie von visionären Kolleginnen und Kollegen unterstützt, die Ihren Pioniergeist teilen. Bei uns einzusteigen…",Senior Consultant - Machine Learning Engineering (m/w/d),"{'__CLASS__': 'Adzuna::API::Response::Company', 'display_name': 'Mercedes-Benz Consulting GmbH'}",eyJhbGciOiJIUzI1NiJ9.eyJpIjoiNTc0MzY3NzE0NSIsInMiOiJ1SWFzS2podThSR2E4TDBtd2REQjJBIn0.ymnTCGKGbDxAMr7pQl5sn8H_CNgkWOQfa4B9YzA0oRg,"{'__CLASS__': 'Adzuna::API::Response::Location', 'display_name': 'Leinfelden-Echterdingen, Esslingen (Kreis)', 'area': ['Deutschland', 'Baden-Württemberg', 'Esslingen (Kreis)', 'Leinfelden-Echterdingen']}",9.14057,"{'label': 'Technikerstellen', '__CLASS__': 'Adzuna::API::Response::Category', 'tag': 'engineering-jobs'}",48.69447,0,Adzuna::API::Response::Job,https://www.adzuna.de/land/ad/5743677145?se=uIasKjhu8RGa8L0mwdDB2A&utm_medium=api&utm_source=a4bcf954&v=F2203BCB285D043EF5B68F81604E5B331BF2DD2B,5743677145,,,,
2026-06-17T16:21:04Z,"Life is always about becoming… Im Leben geht es darum, sich auf eine Reise zu begeben, um die beste Version unseres zukünftigen Selbst zu werden. Während wir Neues entdecken, stellen wir uns Herausforderungen, meistern sie und wachsen über uns hinaus. Bewerben Sie sich bei Mercedes-Benz und finden Sie den Aufgabenbereich, in dem Sie Ihre Talente individuell entfalten können. Dabei werden Sie von visionären Kolleginnen und Kollegen unterstützt, die Ihren Pioniergeist teilen. Bei uns einzusteigen…",Praktikant*in Automatisierung der Exterieur Prüfung,"{'display_name': 'Mercedes-Benz AG', '__CLASS__': 'Adzuna::API::Response::Company'}",eyJhbGciOiJIUzI1NiJ9.eyJzIjoidUlhc0tqaHU4UkdhOEwwbXdkREIyQSIsImkiOiI1NzY2ODgwMzIyIn0.SQq3sKmG5nBe_wdclrHqT8fwziBQsxZ3xHO9atB5XJY,"{'area': ['Deutschland', 'Baden-Württemberg', 'Böblingen (Kreis)', 'Sindelfingen'], 'display_name': 'Sindelfingen, Böblingen (Kreis)', '__CLASS__': 'Adzuna::API::Response::Location'}",9.026231,"{'label': 'Unknown', '__CLASS__': 'Adzuna::API::Response::Category', 'tag': 'unknown'}",48.720071,0,Adzuna::API::Response::Job,https://www.adzuna.de/land/ad/5766880322?se=uIasKjhu8RGa8L0mwdDB2A&utm_medium=api&utm_source=a4bcf954&v=920496682A48D39BD15AD2681F8F3EB18B725AE6,5766880322,,,,
2026-06-07T12:59:11Z,"Möchten Sie Ihre Ideen in nutzbringende und sinnvolle Technologien verwandeln? Ob im Bereich Mobility Solutions, Consumer Goods, Industrial Technology oder Energy and Building Technology - mit uns verbessern Sie die Lebensqualität der Menschen auf der ganzen Welt. Willkommen bei Bosch. Die Robert Bosch GmbH freut sich auf Ihre Bewerbung! Anstellungsart: Befristet Arbeitszeit: Vollzeit Arbeitsort: Reutlingen Aufgaben • Als PreMaster Student unterstützt du uns dabei, umfangreiche Power-BI-Reports…",PreMaster Programm im Bereich Data Analysis (w/m/div.),"{'__CLASS__': 'Adzuna::API::Response::Company', 'display_name': 'Bosch Gruppe'}",eyJhbGciOiJIUzI1NiJ9.eyJpIjoiNTc1NTQwNTg0MyIsInMiOiJ1SWFzS2podThSR2E4TDBtd2REQjJBIn0.flD6MsRLYL-9wzxMlma_5Hyuq_gGieXXIWAKGmNywpg,"{'area': ['Deutschland', 'Baden-Württemberg', 'Reutlingen (Kreis)', 'Reutlingen'], '__CLASS__': 'Adzuna::API::Response::Location', 'display_name': 'Reutlingen, Reutlingen (Kreis)'}",9.202888,"{'label': 'Unknown', '__CLASS__': 'Adzuna::API::Response::Category', 'tag': 'unknown'}",48.506053,0,Adzuna::API::Response::Job,https://www.adzuna.de/land/ad/5755405843?se=uIasKjhu8RGa8L0mwdDB2A&utm_medium=api&utm_source=a4bcf954&v=4325384ACBE6F034899D904972F671B211FE546C,5755405843,,,,
2026-06-12T05:05:28Z,"Die börsennotierte Rheinmetall AG mit Sitz in Düsseldorf steht als integrierter Technologiekonzern für ein ebenso substanzstarkes wie international erfolgreiches Unternehmen, das mit einem innovativen Produkt- und Leistungsspektrum auf unterschiedlichen Märkten aktiv ist. Rheinmetall ist ein führendes internationales Systemhaus der Verteidigungsindustrie. Die Ausrichtung auf Nachhaltigkeit ist integraler Bestandteil der Rheinmetall-Strategie. Bis 2035 will das Unternehmen CO2-Neutralität erreic…",Praktikant / Masterarbeit Deep Learning zur Bildverbesserung (m/w/d),"{'__CLASS__': 'Adzuna::API::Response::Company', 'display_name': 'Rheinmetall'}",eyJhbGciOiJIUzI1NiJ9.eyJzIjoidUlhc0tqaHU4UkdhOEwwbXdkREIyQSIsImkiOiI1NzYwODY4MjA5In0.vTaWmp2eUA4WcXswFDhncS3DJ0Nd8E9lMo-prprXtyI,"{'__CLASS__': 'Adzuna::API::Response::Location', 'display_name': 'Bremen, Deutschland', 'area': ['Deutschland', 'Bremen']}",8.786477,"{'__CLASS__': 'Adzuna::API::Response::Category', 'label': 'Unknown', 'tag': 'unknown'}",53.10403,0,Adzuna::API::Response::Job,https://www.adzuna.de/land/ad/5760868209?se=uIasKjhu8RGa8L0mwdDB2A&utm_medium=api&utm_source=a4bcf954&v=A0E2AD9ED7D4A8D52510179F4A1E543487ED92A0,5760868209,,,,
2026-01-02T19:15:43Z,"Dein Team Du hast Freude an Innovationen, spannenden Inhalten und kollegialem Teamspirit? Mit unseren Berater:innen wächst du mit deinen Aufgaben und lernst von unseren Expert:innen. Gemeinsam beraten wir unsere deutsch- und englischsprachigen Kunden bei ihren Herausforderungen im Umfeld von Business Intelligence, Planung, Advanced Analytics & Data Science. Wir verbinden höchste Beratungskompetenz mit technischer Expertise. Dabei konzipieren und implementieren wir maßgeschneiderte Lösungen auf …",Junior Berater Business Intelligence SAP / Data Science Cloud (m/w/d),"{'__CLASS__': 'Adzuna::API::Response::Company', 'display_name': 'ISR Information Products AG'}",eyJhbGciOiJIUzI1NiJ9.eyJpIjoiNTU2NDcyMDM5MCIsInMiOiJ1SWFzS2podThSR2E4TDBtd2REQjJBIn0.r7B2BDzT6mD4MHPxozlR2AxfN05jHStNT2kg40gaPmY,"{'__CLASS__': 'Adzuna::API::Response::Location', 'display_name': 'Münster, Nordrhein-Westfalen', 'area': ['Deutschland', 'Nordrhein-Westfalen', 'Münster']}",7.621504,"{'label': 'Unknown', '__CLASS__': 'Adzuna::API::Response::Category', 'tag': 'unknown'}",51.955292,0,Adzuna::API::Response::Job,https://www.adzuna.de/land/ad/5564720390?se=uIasKjhu8RGa8L0mwdDB2A&utm_medium=api&utm_source=a4bcf954&v=9F6F5D0800271CE5F45C530724AB89A3F7F36B40,5564720390,full_time,,,
2026-01-02T19:15:43Z,"Dein Team Du hast Freude an Innovationen, spannenden Inhalten und kollegialem Teamspirit? Mit unseren Berater:innen wächst du mit deinen Aufgaben und lernst von unseren Expert:innen. Gemeinsam beraten wir unsere deutsch- und englischsprachigen Kunden bei ihren Herausforderungen im Umfeld von Business Intelligence, Planung, Advanced Analytics & Data Science. Wir verbinden höchste Beratungskompetenz mit technischer Expertise. Dabei konzipieren und implementieren wir maßgeschneiderte Lösungen auf …",Junior Berater Business Intelligence SAP / Data Science Cloud (m/w/d),"{'display_name': 'ISR Information Products AG', '__CLASS__': 'Adzuna::API::Response::Company'}",eyJhbGciOiJIUzI1NiJ9.eyJpIjoiNTU2NDcyMDM5NSIsInMiOiJ1SWFzS2podThSR2E4TDBtd2REQjJBIn0.xovxzUiKkgBnbNVjsMJ9zyNIWypHFj_kHxsf9OgTxTc,"{'__CLASS__': 'Adzuna::API::Response::Location', 'display_name': 'Braunschweig, Niedersachsen', 'area': ['Deutschland', 'Niedersachsen', 'Braunschweig']}",10.517347,"{'__CLASS__': 'Adzuna::API::Response::Category', 'label': 'Unknown', 'tag': 'unknown'}",52.263026,0,Adzuna::API::Response::Job,https://www.adzuna.de/land/ad/5564720395?se=uIasKjhu8RGa8L0mwdDB2A&utm_medium=api&utm_source=a4bcf954&v=1F36DF3ACFF6EC33C76FC9EE528C6EAB5DE85890,5564720395,full_time,,,
2026-01-02T19:15:43Z,"Dein Team Du hast Freude an Innovationen, spannenden Inhalten und kollegialem Teamspirit? Mit unseren Berater:innen wächst du mit deinen Aufgaben und lernst von unseren Expert:innen. Gemeinsam beraten wir unsere deutsch- und englischsprachigen Kunden bei ihren Herausforderungen im Umfeld von Business Intelligence, Planung, Advanced Analytics & Data Science. Wir verbinden höchste Beratungskompetenz mit technischer Expertise. Dabei konzipieren und implementieren wir maßgeschneiderte Lösungen auf …",Junior Berater Business Intelligence SAP / Data Science Cloud (m/w/d),"{'__CLASS__': 'Adzuna::API::Response::Company', 'display_name': 'ISR Information Products AG'}",eyJhbGciOiJIUzI1NiJ9.eyJzIjoidUlhc0tqaHU4UkdhOEwwbXdkREIyQSIsImkiOiI1NTY0NzIwMzg0In0.6G4AsIOwwHD50AJ-IHVgDWL7DciclPu5I-L-5VdErrI,"{'area': ['Deutschland', 'Nordrhein-Westfalen', 'Köln'], '__CLASS__': 'Adzuna::API::Response::Location', 'display_name': 'Köln, Nordrhein-Westfalen'}",6.969972,"{'__CLASS__': 'Adzuna::API::Response::Category', 'label': 'Unknown', 'tag': 'unknown'}",50.940164,0,Adzuna::API::Response::Job,https://www.adzuna.de/land/ad/5564720384?se=uIasKjhu8RGa8L0mwdDB2A&utm_medium=api&utm_source=a4bcf954&v=695BD257D4F6703209705D5E02E57AC16CF38013,5564720384,full_time,,,
2026-06-22T00:17:29Z,"Warum die grenke als Möglichmacher einfacher Finanzierungslösungen für kleine und mittelständische Unternehmen bekannt ist? Klar: Das haben wir vor allem unseren über 2.300 Mitarbeiter:innen in mehr als 30 Ländern zu verdanken! Gemeinsam unterstützen wir unsere Kund:innen Tag für Tag dabei, ihre Geschäftsideen in die Tat umzusetzen – mit wachsendem Erfolg. Schreibe mit uns Erfolgsgeschichte und unterstütze uns zum nächstmöglichen Zeitpunkt als Senior Referent (m/w/d) Risikocontrolling 10006 | g…",Senior Referent (m/w/d) Risikocontrolling,"{'display_name': 'grenke Bank AG', '__CLASS__': 'Adzuna::API::Response::Company'}",eyJhbGciOiJIUzI1NiJ9.eyJzIjoidUlhc0tqaHU4UkdhOEwwbXdkREIyQSIsImkiOiI1NzcyMDE1NDgwIn0.6U2ybc-rkj-xA4kh77cCKPOw11_d3A8hLNbgGkjFb00,"{'area': ['Deutschland', 'Baden-Württemberg', 'Baden-Baden'], '__CLASS__': 'Adzuna::API::Response::Location', 'display_name': 'Baden-Baden, Baden-Württemberg'}",8.235274,"{'__CLASS__': 'Adzuna::API::Response::Category', 'label': 'Unknown', 'tag': 'unknown'}",48.754667,0,Adzuna::API::Response::Job,https://www.adzuna.de/land/ad/5772015480?se=uIasKjhu8RGa8L0mwdDB2A&utm_medium=api&utm_source=a4bcf954&v=548C0AC628FE8E61C57635E86A607632F5DDA6B9,5772015480,,,,
2026-06-09T17:07:33Z,"Als primärer Digitalisierungspartner der Bundeswehr erbringen wir stabile, sichere und effiziente IT-Services im In- und Ausland, vom Grundbetrieb bis in den einsatznahen Bereich und tragen so zur kontinuierlichen Erhöhung der Führungs- und Einsatzfähigkeit der Bundeswehr bei. Mit über 8.000 Kolleg*innen betreiben und modernisieren wir eine der größten und komplexesten IT-Infrastrukturen in Deutschland. Wir suchen verantwortungsvolle IT-Spezialist*innen, die die Bundeswehr-IT aus Überzeugung in…",Senior IT Expert Plattform Automation - Crossplane (m/w/d),"{'__CLASS__': 'Adzuna::API::Response::Company', 'display_name': 'BWI GmbH'}",eyJhbGciOiJIUzI1NiJ9.eyJzIjoidUlhc0tqaHU4UkdhOEwwbXdkREIyQSIsImkiOiI1NzU3Mzg4ODY4In0.A9Flxo7cLoiL3xn_AeMMZnAAJKroluH8zZKCQic2OoE,"{'__CLASS__': 'Adzuna::API::Response::Location', 'display_name': 'Berlin, Deutschland', 'area': ['Deutschland', 'Berlin']}",13.420806,"{'__CLASS__': 'Adzuna::API::Response::Category', 'label': 'IT-Stellen', 'tag': 'it-jobs'}",52.507706,0,Adzuna::API::Response::Job,https://www.adzuna.de/land/ad/5757388868?se=uIasKjhu8RGa8L0mwdDB2A&utm_medium=api&utm_source=a4bcf954&v=B0A6D5DE9E416375BD1FD8FB758816009130BE16,5757388868,,,,
2026-06-03T11:42:39Z,"Einleitung Eine gute Idee war der Ursprung, ein erfolgreiches Konzept ist das Ergebnis. Qualität zum guten Preis möglichst vielen Menschen anbieten zu können treibt uns an - mittlerweile weltweit, denn wir sind Lidl. Hier ist das berufliche Zuhause vielfältiger Talente. Ob im Einkauf, in der Logistik, im Warengeschäft oder in der IT; ob als Impulsgeber, Gestalter oder Dienstleister der Länder. Wir suchen Anpacker, Durchstarter, Möglichmacher und bieten spannende Aufgaben und Projekte in einem d…",Duales Studium Wirtschaftsinformatik - Data Science 2027,"{'display_name': 'Lidl', '__CLASS__': 'Adzuna::API::Response::Company'}",eyJhbGciOiJIUzI1NiJ9.eyJpIjoiNTc1MDM5NzE2NSIsInMiOiJ1SWFzS2podThSR2E4TDBtd2REQjJBIn0.8SylV50lACk_4NaRzBGhG8U8zmKIQfmwQTFutIDMAPI,"{'area': ['Deutschland', 'Baden-Württemberg', 'Heilbronn (Kreis)', 'Neckarsulm'], 'display_name': 'Neckarsulm, Heilbronn (Kreis)', '__CLASS__': 'Adzuna::API::Response::Location'}",9.2274,"{'label': 'Teilzeitstellen', '__CLASS__': 'Adzuna::API::Response::Category', 'tag': 'part-time-jobs'}",49.18975,0,Adzuna::API::Response::Job,https://www.adzuna.de/land/ad/5750397165?se=uIasKjhu8RGa8L0mwdDB2A&utm_medium=api&utm_source=a4bcf954&v=C914835A5535ED1A2EDA46F1E53ECAC2CB81E252,5750397165,,,,
2026-06-20T18:16:38Z,"Die Landeskrankenhilfe (LKH) zählt zu den größeren privaten Krankenversicherungen in Deutschland. Mehr als 570 Mitarbeiter*innen sind für unsere rund 320.000 Kunden da. Im Rahmen des Wandels zu einem modernen Gesundheitsdienstleister stehen wir für innovative Arbeitsweisen und eine kulturelle Neuausrichtung der LKH. Diesen spannenden Weg gehen wir gemeinsam mit unseren Mitarbeiter*innen und mit weiteren Expert*innen, wie Ihnen. Aufgaben Aufbau eines zentralen Data Warehouse für sämtliche Untern…",Experte Datenmanagement und Reporting (m/w/d),"{'__CLASS__': 'Adzuna::API::Response::Company', 'display_name': 'Landeskrankenhilfe V.V.a.G.'}",eyJhbGciOiJIUzI1NiJ9.eyJpIjoiNTc3MDgyODQyNCIsInMiOiJ1SWFzS2podThSR2E4TDBtd2REQjJBIn0.FBG4jzel52yxMGGO_RT-Y2jllDo_3EKv0_PuaFh-814,"{'display_name': 'Lüneburg, Lüneburg (Kreis)', '__CLASS__': 'Adzuna::API::Response::Location', 'area': ['Deutschland', 'Niedersachsen', 'Lüneburg (Kreis)', 'Lüneburg']}",10.406345,"{'tag': 'accounting-finance-jobs', 'label': 'Stellen aus Buchhaltung & Finanzwesen', '__CLASS__': 'Adzuna::API::Response::Category'}",53.24252,0,Adzuna::API::Response::Job,https://www.adzuna.de/land/ad/5770828424?se=uIasKjhu8RGa8L0mwdDB2A&utm_medium=api&utm_source=a4bcf954&v=8DB6E996581703118610F9718F7ECA697857435C,5770828424,,,,
2026-06-17T16:14:45Z,"Sich etwas Neues trauen, über sich hinauswachsen und dabei die Grenzen des Machbaren neu definieren. Genau das ist es, was unsere Mitarbeitenden täglich leben dürfen und sollen. Um mit unseren Innovationen ein Zeichen zu setzen und Großartiges zu ermöglichen. Denn hinter jedem erfolgreichen Unternehmen stehen eine ganze Menge faszinierende Menschen. In einem offenen und modernen Umfeld mit zahlreichen Entwicklungs- und Weiterbildungsmöglichkeiten, arbeiten die Mitarbeitenden bei ZEISS in einer …","Duales Studium – Angewandte Informatik und Künstliche Intelligenz (m/w/x), Beginn Sommer 2026","{'__CLASS__': 'Adzuna::API::Response::Company', 'display_name': 'ZEISS'}",eyJhbGciOiJIUzI1NiJ9.eyJpIjoiNTc2NjgzMzQyMSIsInMiOiJ1SWFzS2podThSR2E4TDBtd2REQjJBIn0.X1saocepJzju02_c4U4Yc2U6SFgo6J4-ICr_RbyW1jQ,"{'area': ['Deutschland', 'Thüringen', 'Jena'], 'display_name': 'Jena, Thüringen', '__CLASS__': 'Adzuna::API::Response::Location'}",11.589469,"{'tag': 'it-jobs', 'label': 'IT-Stellen', '__CLASS__': 'Adzuna::API::Response::Category'}",50.923007,0,Adzuna::API::Response::Job,https://www.adzuna.de/land/ad/5766833421?se=uIasKjhu8RGa8L0mwdDB2A&utm_medium=api&utm_source=a4bcf954&v=1B1F163913E09DA64F8AFD0F92EDCFB39B35B7FE,5766833421,,,,
2026-06-11T09:07:20Z,"ERGO ist eine der größten Versicherungsgruppen in Deutschland und Europa. Wir bieten ein dynamisches Umfeld und herausfordernde Aufgaben in vielfältigen Projekten - an denen Sie weiter wachsen können. Gehen Sie mit uns neue Wege! Unser gemeinsames Ziel: unseren Kunden genau das zu bieten, was sie brauchen. Gruppenleiter Pricing & Market Analytics (m/w/d) Standort Düsseldorf, Deutschland Job ID ERGO02775 Jobtyp Vollzeit oder Teilzeit Unternehmen ERGO Deutschland Arbeitsmodus Hybrid Beschäftigung…",Gruppenleiter Pricing & Market Analytics (m/w/d),"{'__CLASS__': 'Adzuna::API::Response::Company', 'display_name': 'ERGO Group AG'}",eyJhbGciOiJIUzI1NiJ9.eyJzIjoidUlhc0tqaHU4UkdhOEwwbXdkREIyQSIsImkiOiI1NzU5NjQ4OTc2In0.Y8xHNx7Hp5Y2mAB-OUdwNzyYQBDyXhR0rLlJHhg9ftg,"{'display_name': 'Düsseldorf, Nordrhein-Westfalen', '__CLASS__': 'Adzuna::API::Response::Location', 'area': ['Deutschland', 'Nordrhein-Westfalen', 'Düsseldorf']}",6.808387,"{'tag': 'unknown', 'label': 'Unknown', '__CLASS__': 'Adzuna::API::Response::Category'}",51.226802,0,Adzuna::API::Response::Job,https://www.adzuna.de/land/ad/5759648976?se=uIasKjhu8RGa8L0mwdDB2A&utm_medium=api&utm_source=a4bcf954&v=33212A0D222E7E4896C5A784743E5575E7D70FB8,5759648976,,,,
2026-05-24T02:03:39Z,"Die börsennotierte Rheinmetall AG mit Sitz in Düsseldorf steht als integrierter Technologiekonzern für ein ebenso substanzstarkes wie international erfolgreiches Unternehmen, das mit einem innovativen Produkt- und Leistungsspektrum auf unterschiedlichen Märkten aktiv ist. Rheinmetall ist ein führendes internationales Systemhaus der Verteidigungsindustrie. Die Ausrichtung auf Nachhaltigkeit ist integraler Bestandteil der Rheinmetall-Strategie. Bis 2035 will das Unternehmen CO2-Neutralität erreic…",Expert IT License Management (m/w/d),"{'display_name': 'Rheinmetall IT Solutions GmbH', '__CLASS__': 'Adzuna::API::Response::Company'}",eyJhbGciOiJIUzI1NiJ9.eyJpIjoiNTczOTI0NzkzMSIsInMiOiJ1SWFzS2podThSR2E4TDBtd2REQjJBIn0.qc9QFJOttdaUk8IfhTqUJKm1SNvgvTD8K5XtTLRoNPw,"{'display_name': 'Düsseldorf, Nordrhein-Westfalen', '__CLASS__': 'Adzuna::API::Response::Location', 'area': ['Deutschland', 'Nordrhein-Westfalen', 'Düsseldorf']}",6.808387,"{'label': 'Unknown', '__CLASS__': 'Adzuna::API::Response::Category', 'tag': 'unknown'}",51.226802,0,Adzuna::API::Response::Job,https://www.adzuna.de/land/ad/5739247931?se=uIasKjhu8RGa8L0mwdDB2A&utm_medium=api&utm_source=a4bcf954&v=A1E9E1F995ABBE1C6F279503E0EB9DD1B53984C6,5739247931,,,,
2026-05-28T02:04:13Z,"Dein (Master)Studium in Energiewirtschaft, Data Science, Wirtschaftsingenieurwesen oder einem vergleichbaren Studiengang ist deine Basis – dein Wissensdurst ist dein Antrieb! Du kennst die Energiewelt und fühlst dich im Bilanzkreis-Management oder im Energiehandel zu Hause. Du weißt, wie wichtig präzise Verbrauchsprognosen für den Markterfolg sind. Du liebst es, tief in große Datenmengen einzutauchen, Strukturen in Datenbanken zu erkennen und daraus wertvolle Schlüsse für den energiewirtschaftl…",Projektleiter Energiemarktprognosen (m/w/d),"{'__CLASS__': 'Adzuna::API::Response::Company', 'display_name': 'Schwarz Corporate Solutions'}",eyJhbGciOiJIUzI1NiJ9.eyJzIjoidUlhc0tqaHU4UkdhOEwwbXdkREIyQSIsImkiOiI1NzQyNzg1ODcyIn0.k_a0eTq5M3Vf6SteCDRvrGpFwo-x8bE_fGwKye-uXYM,"{'area': ['Deutschland', 'Baden-Württemberg', 'Heilbronn (Kreis)', 'Neckarsulm'], '__CLASS__': 'Adzuna::API::Response::Location', 'display_name': 'Neckarsulm, Heilbronn (Kreis)'}",9.2274,"{'tag': 'consultancy-jobs', '__CLASS__': 'Adzuna::API::Response::Category', 'label': 'Beraterstellen'}",49.18975,0,Adzuna::API::Response::Job,https://www.adzuna.de/land/ad/5742785872?se=uIasKjhu8RGa8L0mwdDB2A&utm_medium=api&utm_source=a4bcf954&v=E7170B9BCB3B324C6E8B65741C857494B42F81EA,5742785872,,,,
2026-06-17T17:46:33Z,"Die Salzgitter AG gehört mit rund 9 Mrd. Euro Außenumsatz und mehr als 22.000 Mitarbeitenden zu den führenden Stahl- und Technologiekonzernen in Europa und hat sich zum Ziel gemacht, die Dekarbonisierung der Stahlindustrie voranzutreiben. Als leistungsstarkes Tochterunternehmen des internationalen Industriekonzerns konnte die Salzgitter Mannesmann Stahlhandel GmbH ihre herausgehobene Position als Vollsortimenter im Stahlhandel in den letzten Jahren bundesweit und international erfolgreich ausba…",Spezialist Vertriebssteuerung Data Analytics & EDI (m/w/d),"{'display_name': 'Salzgitter Mannesmann Handel GmbH', '__CLASS__': 'Adzuna::API::Response::Company'}",eyJhbGciOiJIUzI1NiJ9.eyJpIjoiNTc2NjkwNTk5MyIsInMiOiJ1SWFzS2podThSR2E4TDBtd2REQjJBIn0.Q8LYXpFa71-MGsddASuv0I6-209iCem4JQCogkorcdY,"{'display_name': 'Mülheim an der Ruhr, Nordrhein-Westfalen', '__CLASS__': 'Adzuna::API::Response::Location', 'area': ['Deutschland', 'Nordrhein-Westfalen', 'Mülheim an der Ruhr']}",6.947305,"{'tag': 'sales-jobs', '__CLASS__': 'Adzuna::API::Response::Category', 'label': 'Vertriebsstellen'}",51.432764,0,Adzuna::API::Response::Job,https://www.adzuna.de/land/ad/5766905993?se=uIasKjhu8RGa8L0mwdDB2A&utm_medium=api&utm_source=a4bcf954&v=1DB2FDDB366CE479F04F5233972C3459DD2D14B5,5766905993,,,,
2026-06-18T01:08:56Z,"Dein Berufsbild: Du möchtest irgendwas mit Mathe und Programmieren machen und findest Technologien der Zukunft spannend? Dann entscheide dich für den Studiengang Data Science und Künstliche Intelligenz und hol alles aus den Daten heraus. In deinem Beruf bist du die Schnittstelle zwischen IT und Business. Du beherrschst die verschiedenen Technologien, bewertest deren Potenziale und weißt, wie man sie technisch umsetzt. In deinem dualen Studium erlernst du die Grundlagen, Konzepte und Methoden de…",Data Science und Künstliche Intelligenz (B.Sc.) 2027,"{'display_name': 'Siemens AG', '__CLASS__': 'Adzuna::API::Response::Company'}",eyJhbGciOiJIUzI1NiJ9.eyJpIjoiNTc2NzMyODg5NyIsInMiOiJ1SWFzS2podThSR2E4TDBtd2REQjJBIn0.qm5QCmxhV-CdbGKlJYDIazCW5WSIjkXbiRD3YQSQJ2w,"{'area': ['Deutschland', 'Baden-Württemberg', 'Karlsruhe (Kreis)', 'Karlsruhe'], '__CLASS__': 'Adzuna::API::Response::Location', 'display_name': 'Karlsruhe, Karlsruhe (Kreis)'}",8.412378,"{'__CLASS__': 'Adzuna::API::Response::Category', 'label': 'Teilzeitstellen', 'tag': 'part-time-jobs'}",49.001249,0,Adzuna::API::Response::Job,https://www.adzuna.de/land/ad/5767328897?se=uIasKjhu8RGa8L0mwdDB2A&utm_medium=api&utm_source=a4bcf954&v=035D23A311258786BF2486F5AFEF4CF66CBAE58C,5767328897,,,,
2026-06-03T11:38:37Z,"Dieser Studiengang bereitet Dich darauf vor, den digitalen Wandel in Unternehmen voranzutreiben und aktiv mitzugestalten. Dazu werden Grundlagen der Informatik und der Wirtschaftsinformatik mit Kerninhalten der Data Science kombiniert. Themen wie Cloud Computing, Big Data, Visual Analytics und AI spielen hier eine große Rolle. Du lernst den Umgang und die Interpretation von großen Datenmengen, deren Darstellung, und das Training von AI-Modellen. Deine Ideen und Projekte kannst du dabei direkt i…",Duales Studium (DHBW) Data Science und Knstliche Intelligenz,"{'display_name': 'EBZ SE', '__CLASS__': 'Adzuna::API::Response::Company'}",eyJhbGciOiJIUzI1NiJ9.eyJpIjoiNTc1MDM4OTA3NyIsInMiOiJ1SWFzS2podThSR2E4TDBtd2REQjJBIn0.UxM2PQNNmpaOAgC13ZWZbZxwXoKOU_Dwd_oaevrmrnI,"{'area': ['Deutschland', 'Baden-Württemberg', 'Ravensburg (Kreis)', 'Ravensburg'], 'display_name': 'Ravensburg, Ravensburg (Kreis)', '__CLASS__': 'Adzuna::API::Response::Location'}",9.560146,"{'tag': 'part-time-jobs', '__CLASS__': 'Adzuna::API::Response::Category', 'label': 'Teilzeitstellen'}",47.759752,0,Adzuna::API::Response::Job,https://www.adzuna.de/land/ad/5750389077?se=uIasKjhu8RGa8L0mwdDB2A&utm_medium=api&utm_source=a4bcf954&v=C2F733F5B538318C566AD45709740826A47D541E,5750389077,,,,
2026-06-20T12:53:08Z,"Duales Studium– unser Erfolgsrezept: Theorie und Praxis verbinden! Werde bei Transgourmet zur KI-Koryphäe: Duübernimmst Initiative in schmackhaften Projekten, bei denen du marktfrische, innovative Ansätze direkt aus deinem Studium einbringst. Du erhältst Einblicke in die Geheimnisse der kulinarischen Datenwelt eines modernen Lebensmittelgroßhändlers: Prozessveredelungá la IT: Optimiere mit uns die digitalen Kochprozesse in unserem Unternehmen, automatisiere Abläufe und würze die Systeme mit Kün…",Duales Studium Data Science&Künstliche Intelligenz 2027,"{'display_name': 'Transgourmet Deutschland GmbH&Co. OHG', '__CLASS__': 'Adzuna::API::Response::Company'}",eyJhbGciOiJIUzI1NiJ9.eyJpIjoiNTc3MDU4OTAzOSIsInMiOiJ1SWFzS2podThSR2E4TDBtd2REQjJBIn0.-YNKfTxLfQ6ek_9dNEOXiyle5WPJfErl0OqyTw67h1w,"{'display_name': 'Riedstadt, Groß-Gerau (Kreis)', '__CLASS__': 'Adzuna::API::Response::Location', 'area': ['Deutschland', 'Hessen', 'Groß-Gerau (Kreis)', 'Riedstadt']}",8.53563,"{'label': 'Teilzeitstellen', '__CLASS__': 'Adzuna::API::Response::Category', 'tag': 'part-time-jobs'}",49.80341,0,Adzuna::API::Response::Job,https://www.adzuna.de/land/ad/5770589039?se=uIasKjhu8RGa8L0mwdDB2A&utm_medium=api&utm_source=a4bcf954&v=681BE7A3D03AC6F297C387CC551FF08EF9980009,5770589039,,,,
2026-05-28T18:25:27Z,"Willkommen bei der KfW! Als eine der führenden Förderbanken der Welt stehen wir für die nachhaltige Transformation von Umwelt, Gesellschaft und Unternehmen. Als Impulsgeber wirken wir aktiv an den Themen mit, die die Welt von morgen prägen. Wir fördern Windparks, Infrastruktur-Projekte, Schulen und Krankenhäuser und gestalten damit die Zukunft. Bei uns finden Sie ein vertrauensvolles Arbeitsumfeld, in dem Teamspirit, Vielfalt und Inklusion gelebt werden. Wir fördern Sie, Ihre Ideen und Ihr Enga…",Senior Referent Data Science (w/m/d),"{'__CLASS__': 'Adzuna::API::Response::Company', 'display_name': 'KFW Konzern'}",eyJhbGciOiJIUzI1NiJ9.eyJpIjoiNTc0MzYxNTI0NiIsInMiOiJ1SWFzS2podThSR2E4TDBtd2REQjJBIn0.xxP4KNJeeuLOR6JQbeVjp5rE0cvKbXGCAs5b1SKKQBA,"{'area': ['Deutschland', 'Hessen', 'Frankfurt am Main'], 'display_name': 'Frankfurt am Main, Hessen', '__CLASS__': 'Adzuna::API::Response::Location'}",8.650578,"{'__CLASS__': 'Adzuna::API::Response::Category', 'label': 'Unknown', 'tag': 'unknown'}",50.129683,0,Adzuna::API::Response::Job,https://www.adzuna.de/land/ad/5743615246?se=uIasKjhu8RGa8L0mwdDB2A&utm_medium=api&utm_source=a4bcf954&v=BFA729FC5B4FF5C721F17385ADD95DA13775C9A4,5743615246,,,,
2026-05-31T05:07:32Z,"Life is always about becoming… Im Leben geht es darum, sich auf eine Reise zu begeben, um die beste Version unseres zukünftigen Selbst zu werden. Während wir Neues entdecken, stellen wir uns Herausforderungen, meistern sie und wachsen über uns hinaus. Bewerben Sie sich bei Mercedes-Benz und finden Sie den Aufgabenbereich, in dem Sie Ihre Talente individuell entfalten können. Dabei werden Sie von visionären Kolleginnen und Kollegen unterstützt, die Ihren Pioniergeist teilen. Bei uns einzusteigen…","Praktikant*in Quality & Governance, Purchase-to-Pay Operations (Pflicht-Praktikum)","{'__CLASS__': 'Adzuna::API::Response::Company', 'display_name': 'Mercedes-Benz Group AG'}",eyJhbGciOiJIUzI1NiJ9.eyJpIjoiNTc0NjE0ODUzMCIsInMiOiJ1SWFzS2podThSR2E4TDBtd2REQjJBIn0.a0z7Fs3m070p2VLbFSUqguKTdLwsrbf3Au-L2Q1L5cc,"{'__CLASS__': 'Adzuna::API::Response::Location', 'display_name': 'Stuttgart, Baden-Württemberg', 'area': ['Deutschland', 'Baden-Württemberg', 'Stuttgart']}",9.187224,"{'tag': 'manufacturing-jobs', 'label': 'Stellen aus Fertigung', '__CLASS__': 'Adzuna::API::Response::Category'}",48.776198,0,Adzuna::API::Response::Job,https://www.adzuna.de/land/ad/5746148530?se=uIasKjhu8RGa8L0mwdDB2A&utm_medium=api&utm_source=a4bcf954&v=E2747B6E763A373C11DFEDB87E2DC3295AF06F2A,5746148530,,,,
2026-04-19T16:49:36Z,"Wir sind nicht irgendein Unternehmen. Felix Schoeller ist ein echtes Familienunternehmen. Und wir verstehen uns auch als Familie – seit 1895. Unseren Weg begleiten engagierte Mitarbeitende und herausfordernde Aufgaben in einem internationalen Umfeld. Dabei setzen wir auf Flexibilität, Verantwortung und Vertrauen und geben den Raum zu wachsen. Denn wie in einer Familie heißt es bei uns: Dein Weg ist unser Weg. Dabei sind wir weltweit an 14 Standorten in 9 Ländern über 2.500 begeisterte Fachleute…",Data/System Architekt Finance & Controlling (m/w/d),"{'display_name': 'Felix Schoeller GmbH & Co. KG', '__CLASS__': 'Adzuna::API::Response::Company'}",eyJhbGciOiJIUzI1NiJ9.eyJzIjoidUlhc0tqaHU4UkdhOEwwbXdkREIyQSIsImkiOiI1NzA0NTQzMTgxIn0.heqgOUB-9b1jolt2UW8A7AFeqxH2qG-DBZiWtbJvySg,"{'area': ['Deutschland', 'Niedersachsen', 'Osnabrück (Kreis)', 'Osnabrück'], '__CLASS__': 'Adzuna::API::Response::Location', 'display_name': 'Osnabrück, Osnabrück (Kreis)'}",8.055137,"{'__CLASS__': 'Adzuna::API::Response::Category', 'label': 'Unknown', 'tag': 'unknown'}",52.274227,0,Adzuna::API::Response::Job,https://www.adzuna.de/land/ad/5704543181?se=uIasKjhu8RGa8L0mwdDB2A&utm_medium=api&utm_source=a4bcf954&v=0D377D3CB875ED53C03ADFD24FF980351DE670DB,5704543181,,,,
2026-06-03T11:33:19Z,"Du liebst IT? Dann gestalte die KI-gestützte digitale Zukunft mit uns! Du möchtest Lösungen für die dringendsten und komplexesten Herausforderungen der digitalen Welt finden und dabei die digitale Transformation mitgestalten? Du möchtest ein Teil eines Weltklasse-Teams sein und bei einem ""next generation Tech Leader"" arbeiten? Dann starte bei uns als Nachwuchstalent in einem der zahlreichen dualen Studiengänge! Entdecke eine offene, multikulturelle Unternehmenskultur mit vielfältigen Entwicklun…",B.Sc. Data Science & KI (w/m/d),"{'__CLASS__': 'Adzuna::API::Response::Company', 'display_name': 'Atos Information Technology'}",eyJhbGciOiJIUzI1NiJ9.eyJpIjoiNTc1MDM1NjQxNSIsInMiOiJ1SWFzS2podThSR2E4TDBtd2REQjJBIn0.cwFC3cOspOr3onYzjQ2Y3OKUA2UwK7KqColx5pniPcg,"{'area': ['Deutschland', 'Bayern', 'München (Kreis)', 'München'], '__CLASS__': 'Adzuna::API::Response::Location', 'display_name': 'München, München (Kreis)'}",11.555737,"{'label': 'Teilzeitstellen', '__CLASS__': 'Adzuna::API::Response::Category', 'tag': 'part-time-jobs'}",48.137418,0,Adzuna::API::Response::Job,https://www.adzuna.de/land/ad/5750356415?se=uIasKjhu8RGa8L0mwdDB2A&utm_medium=api&utm_source=a4bcf954&v=C71B76E76EFDB00FF969BA2BE5FCC984410EC0CD,5750356415,,,,
2026-06-10T13:50:57Z,"Vernetze mit uns die Welt von morgen. Du begeisterst dich für Informatik und möchtest die Energiewende aktiv mitgestalten? Bei der Netze BW, einem Tochterunternehmen der EnBW, kombinierst du dein duales Studium mit praxisnaher Arbeit an Lösungen, die Klimaschutz, erneuerbare Energien und intelligente Energienetze unterstützen. Gemeinsam treiben wir die digitale Transformation des Energiesystems voran– innovativ, verantwortungsvoll und zukunftsorientiert. Du@NetzeBW Du denkst gerne analytisch un…",Duales Studium Data Science und Künstliche Intelligenz (B. Sc.),"{'display_name': 'Netze BW GmbH', '__CLASS__': 'Adzuna::API::Response::Company'}",eyJhbGciOiJIUzI1NiJ9.eyJpIjoiNTc1ODQyMDExMiIsInMiOiJ1SWFzS2podThSR2E4TDBtd2REQjJBIn0.gD150_Sb9Tg7R9kVazCci3Bkpbf9JBldOsFwdBlVl1E,"{'display_name': 'Biberach an der Riß, Biberach (Kreis)', '__CLASS__': 'Adzuna::API::Response::Location', 'area': ['Deutschland', 'Baden-Württemberg', 'Biberach (Kreis)', 'Biberach an der Riß']}",9.78975,"{'tag': 'part-time-jobs', '__CLASS__': 'Adzuna::API::Response::Category', 'label': 'Teilzeitstellen'}",48.0962,0,Adzuna::API::Response::Job,https://www.adzuna.de/land/ad/5758420112?se=uIasKjhu8RGa8L0mwdDB2A&utm_medium=api&utm_source=a4bcf954&v=EC786C602C709F94FEC8535E45299C5D8A1EA21A,5758420112,,,,
2026-06-10T06:37:26Z,"Wir sind über 13.000. An 20 Standorten weltweit. Jedes dritte Flugzeug fliegt mit unserer Technologie. Immer effizienter, leiser, nachhaltiger. Wir gestalten die Zukunft der Luftfahrt. Was wir noch brauchen? Dich. Bei der Instandhaltung von Flugzeugtriebwerken entstehen eine Vielzahl verschiedenster Daten. Erst wenn diese Informationen aufbereitet, geprüft und zusammengeführt sind, können Erkenntnisse und Entscheidungen daraus abgeleitet werden. Unser Team ist integraler Bestandteil der Digital…",Praktikum Data Engineering / Data Science OSS (all genders),{'__CLASS__': 'Adzuna::API::Response::Company'},eyJhbGciOiJIUzI1NiJ9.eyJzIjoidUlhc0tqaHU4UkdhOEwwbXdkREIyQSIsImkiOiI1NzU4MDU2NTk1In0.0XnqBk4osUm8W-rFvSnPxQcHYCX3XglRLaqR4WThx9E,"{'area': ['Deutschland', 'Brandenburg', 'Teltow-Fläming (Kreis)', 'Ludwigsfelde'], 'display_name': 'Ludwigsfelde, Teltow-Fläming (Kreis)', '__CLASS__': 'Adzuna::API::Response::Location'}",13.26016,"{'tag': 'it-jobs', '__CLASS__': 'Adzuna::API::Response::Category', 'label': 'IT-Stellen'}",52.30118,0,Adzuna::API::Response::Job,https://www.adzuna.de/land/ad/5758056595?se=uIasKjhu8RGa8L0mwdDB2A&utm_medium=api&utm_source=a4bcf954&v=07CFE74A8F1AF6E4D02E3A7683760B447E234BA8,5758056595,,,,
2026-06-02T18:35:06Z,"Dein Berufsbild: Du magst Mathe und möchtest später etwas mit Daten machen? Dich faszinieren datengestützte Tools, wie ChatGPT, und du kennst deren große Chance für die Zukunft? Dann bewirb dich für das duale Studium B. Sc. Softwaretechnologie - Data Science und entdecke mit uns, wie wir die Welt der Labordiagnostik durch datenbasierte Entscheidungen verändern können. Daten sind eines der Fundamente, damit Unternehmen bestmögliche Entscheidungen treffen können. Im Studiengang B. Sc. Softwaretec…",Duales Bachelorstudium Softwaretechnologie Data Science (B.Sc.) - Marburg,{'__CLASS__': 'Adzuna::API::Response::Company'},eyJhbGciOiJIUzI1NiJ9.eyJzIjoidUlhc0tqaHU4UkdhOEwwbXdkREIyQSIsImkiOiI1NzQ5MzE1NTA1In0.3ebOhlpm4R4hFMgmIbVFeSun1uIotRhwE-UvAQPCtbY,"{'display_name': 'Marburg, Marburg-Biedenkopf (Kreis)', '__CLASS__': 'Adzuna::API::Response::Location', 'area': ['Deutschland', 'Hessen', 'Marburg-Biedenkopf (Kreis)', 'Marburg']}",8.78967,"{'label': 'IT-Stellen', '__CLASS__': 'Adzuna::API::Response::Category', 'tag': 'it-jobs'}",50.804953,0,Adzuna::API::Response::Job,https://www.adzuna.de/land/ad/5749315505?se=uIasKjhu8RGa8L0mwdDB2A&utm_medium=api&utm_source=a4bcf954&v=7283B59574B23DE133BA638AC488FB1E11078FD9,5749315505,,,,
2026-05-28T18:09:56Z,"Basics: Abgeschlossenes Studium der (Wirtschafts-)Informatik, Data Science oder einer vergleichbaren Fachrichtung. Alternativ mehrjährige relevante Berufserfahrung, idealerweise mit Führungserfahrung. Wissen: Gutes Verständnis datenbasierter Entscheidungsprozesse sowie Erfahrung im Umfeld moderner Datenplattformen, Datenpipelines und datengetriebener Produkte. Leidenschaft: Interesse daran, Teams in einem technologischen Umfeld weiterzuentwickeln und datengetriebene Lösungen mit klarem Nutzen f…",Teamlead Applied Data Engineering & Science (m/w/d),"{'__CLASS__': 'Adzuna::API::Response::Company', 'display_name': 'Würth Elektronik eiSos GmbH & Co. KG'}",eyJhbGciOiJIUzI1NiJ9.eyJzIjoidUlhc0tqaHU4UkdhOEwwbXdkREIyQSIsImkiOiI1NzQzNTk5NDQ3In0.CVl_XezCzOBdzAooS4lITa8MStmjO3fkXkU-NXmhnNs,"{'display_name': 'München, München (Kreis)', '__CLASS__': 'Adzuna::API::Response::Location', 'area': ['Deutschland', 'Bayern', 'München (Kreis)', 'München']}",11.555737,"{'__CLASS__': 'Adzuna::API::Response::Category', 'label': 'Sonstige/Allgemeine Stellen', 'tag': 'other-general-jobs'}",48.137418,0,Adzuna::API::Response::Job,https://www.adzuna.de/land/ad/5743599447?se=uIasKjhu8RGa8L0mwdDB2A&utm_medium=api&utm_source=a4bcf954&v=14DE11410B06760D4672062FCC21B9FCD864B1FE,5743599447,,,,
2026-06-10T06:37:26Z,"Wir sind über 13.000. An 20 Standorten weltweit. Jedes dritte Flugzeug fliegt mit unserer Technologie. Immer effizienter, leiser, nachhaltiger. Wir gestalten die Zukunft der Luftfahrt. Was wir noch brauchen? Dich. Du hast Lust mit Daten, Algorithmen und im komplexen Feld der Luftfahrt zu arbeiten? Du willst dich bei der Entwicklung digitaler Produkte für die Triebwerkswartung einbringen? Starke Aufgaben Unterstützung des Fachbereichs bei der Vorbereitung, Strukturierung und Umsetzung von Projek…",Werkstudent Data Science / Digital Maintenance Solutions (all genders),{'__CLASS__': 'Adzuna::API::Response::Company'},eyJhbGciOiJIUzI1NiJ9.eyJpIjoiNTc1ODA1NjU2MyIsInMiOiJ1SWFzS2podThSR2E4TDBtd2REQjJBIn0.GP3KynUwe--lthUbfEzy9f90wYihDRGpQ3YVVl8Ep2s,"{'__CLASS__': 'Adzuna::API::Response::Location', 'display_name': 'Langenhagen, Region Hannover (Kreis)', 'area': ['Deutschland', 'Niedersachsen', 'Region Hannover (Kreis)', 'Langenhagen']}",9.73965,"{'label': 'Unknown', '__CLASS__': 'Adzuna::API::Response::Category', 'tag': 'unknown'}",52.44731,0,Adzuna::API::Response::Job,https://www.adzuna.de/land/ad/5758056563?se=uIasKjhu8RGa8L0mwdDB2A&utm_medium=api&utm_source=a4bcf954&v=C4AD0267E85CD172EFA01FE9AD09C771E6BB75BA,5758056563,,,,
2026-06-14T19:07:53Z,"Job ID : 3532 | Arbeitszeitmodell : Vollzeit | Vertragsart : Unbefristet | Jobkategorie : IT ""Logistics is People Business"" - dieser Leitsatz macht deutlich, dass die Mitarbeitenden für DACHSER der Schlüsselfaktor für den Unternehmenserfolg sind. Gemeinsam verfolgen wir die Mission, die weltweit intelligenteste Kombination und Integration logistischer Netzkompetenzen zu schaffen und so die Logistikbilanz unserer Kunden zu optimieren. Gestalten Sie mit uns die Logistik von morgen. Im Bereich Cor…",Consultant (m/w/d) Data Science & Machine Learning,"{'display_name': 'Dachser SE', '__CLASS__': 'Adzuna::API::Response::Company'}",eyJhbGciOiJIUzI1NiJ9.eyJzIjoidUlhc0tqaHU4UkdhOEwwbXdkREIyQSIsImkiOiI1NzYzNjgyNDM4In0.En9c7AvR-UkB_32KHCUrmXPEOGDYLO7a4KPK_Lef6R4,"{'area': ['Deutschland', 'Bayern', 'Kempten (Allgäu)'], '__CLASS__': 'Adzuna::API::Response::Location', 'display_name': 'Kempten (Allgäu), Bayern'}",10.307105,"{'label': 'IT-Stellen', '__CLASS__': 'Adzuna::API::Response::Category', 'tag': 'it-jobs'}",47.73273,0,Adzuna::API::Response::Job,https://www.adzuna.de/land/ad/5763682438?se=uIasKjhu8RGa8L0mwdDB2A&utm_medium=api&utm_source=a4bcf954&v=F4BDABEE2F31C67EBBA79554F4A740FFB738F3EE,5763682438,,,,
2026-06-21T18:17:37Z,"HRblue ist seit über 25 Jahren spezialisiert auf die Besetzung von HR Fach- und Führungspositionen. In allen Branchen und in ganz Deutschland. Aktuell besetzen wir folgendes Mandat: Unser Mandant ist ein führender europäischer Akteur in seiner Branche. Nach einer Phase der massiven Systemstabilisierung (SAP SuccessFactors, Payroll) befindet sich das Unternehmen nun in der nächsten Stufe der Automatisierung und Datenintegration. Aufgaben Vom Datenverwalter zum strategischen Sparringspartner: Ges…",Personalcontroller/in (m/w/d) – Fokus Data & Systems,"{'display_name': 'HRblue AG', '__CLASS__': 'Adzuna::API::Response::Company'}",eyJhbGciOiJIUzI1NiJ9.eyJpIjoiNTc3MTgwODYyNCIsInMiOiJ1SWFzS2podThSR2E4TDBtd2REQjJBIn0.vzIEVr2SDbw3VjSGdylTZZ2bKBn_6pKFmHLpj-iY3CM,"{'__CLASS__': 'Adzuna::API::Response::Location', 'display_name': 'Hessen, Deutschland', 'area': ['Deutschland', 'Hessen']}",8.870952,"{'tag': 'unknown', '__CLASS__': 'Adzuna::API::Response::Category', 'label': 'Unknown'}",50.387657,0,Adzuna::API::Response::Job,https://www.adzuna.de/land/ad/5771808624?se=uIasKjhu8RGa8L0mwdDB2A&utm_medium=api&utm_source=a4bcf954&v=81E6C62CD126E9B79F888187C33065EEAB49BD92,5771808624,,,,
2024-05-22T08:24:33Z,"Über nerou Die Datenanalyse-Software von nerou unterstützt Betreiber von Kläranlagen bei täglichen Entscheidungen in der Anlagensteuerung. In Kläranlagen müssen komplexe Entscheidungen getroffen werden, um die Anlage auf sich täglich ändernde Einflüsse einzustellen. Alle relevanten Daten werden von Machine Learning Algorithmen analysiert und ausgewertet. Die gewonnen Erkenntnisse werden in Form von Entscheidungshilfen an den Kunden weitergeleitet. Dies reduziert nicht nur Kosten für die Betreib…",Werkstudent:in Data Science,"{'__CLASS__': 'Adzuna::API::Response::Company', 'display_name': 'nerou GmbH'}",eyJhbGciOiJIUzI1NiJ9.eyJzIjoidUlhc0tqaHU4UkdhOEwwbXdkREIyQSIsImkiOiI0NzAzMDQ3NDAwIn0.5_0feb4azLdvKhkBcSSPyQxRqd770qM1qkuf9wwNVfw,"{'area': ['Deutschland', 'Berlin'], 'display_name': 'Berlin, Deutschland', '__CLASS__': 'Adzuna::API::Response::Location'}",13.420806,"{'label': 'Unknown', '__CLASS__': 'Adzuna::API::Response::Category', 'tag': 'unknown'}",52.507706,0,Adzuna::API::Response::Job,https://www.adzuna.de/details/4703047400?utm_medium=api&utm_source=a4bcf954,4703047400,,,,
2026-06-07T13:23:33Z,"Deine Aufgaben Werde Teil unseres Daten & KI Teams, unterstütze datenbasierte Analysen und entwickle innovative Automatisierungslösungen. Ab sofort für 4 bis 6 Monate. … konkret heißt das: Erhalte Einblicke in Big Data und Machine Learning Technologien Mitarbeit bei Datenerhebung, -aufbereitung und explorativer Analyse Entwicklung, Validierung und Pilotierung KI- und Statistik-basierte Lösungen für automatisierte Entscheidungen in Fachabteilungen Einbringen in die strategische Definition von Da…",Praktikum Data Science,"{'display_name': 'Lidl Stiftung', '__CLASS__': 'Adzuna::API::Response::Company'}",eyJhbGciOiJIUzI1NiJ9.eyJpIjoiNTc1NTQ0MTE1NCIsInMiOiJ1SWFzS2podThSR2E4TDBtd2REQjJBIn0.yPEgaWa5qz_rgneinglwO4xlyXjSrn51OwUO50xQEJ8,"{'area': ['Deutschland', 'Baden-Württemberg', 'Heilbronn (Kreis)', 'Neckarsulm'], '__CLASS__': 'Adzuna::API::Response::Location', 'display_name': 'Neckarsulm, Heilbronn (Kreis)'}",9.2274,"{'tag': 'unknown', '__CLASS__': 'Adzuna::API::Response::Category', 'label': 'Unknown'}",49.18975,0,Adzuna::API::Response::Job,https://www.adzuna.de/details/5755441154?utm_medium=api&utm_source=a4bcf954,5755441154,full_time,,,
2026-06-17T16:14:38Z,"AXA Deutschland ist Teil der AXA Gruppe, einem der weltweit führenden Versicherungsunternehmen. Als einer der größten Erstversicherer in Deutschland betreuen wir rund 8 Millionen Kund:innen im Bereich Vorsorge und Versicherung. Was uns bei AXA antreibt? Unsere Neugier und unser Mut zur Innovation! Gemeinsam mit über 8.000 Kolleg:innen in ganz Deutschland gestalten wir die Zukunft der Versicherung aktiv mit. Wir sind auf der Suche nach kreativen und analytischen Köpfen, die sich auch von Herausf…",Senior Aktuar Finance & Reserving P&C (m/w/d),"{'display_name': 'AXA Konzern AG', '__CLASS__': 'Adzuna::API::Response::Company'}",eyJhbGciOiJIUzI1NiJ9.eyJpIjoiNTc2NjgzMjMzMyIsInMiOiJ1SWFzS2podThSR2E4TDBtd2REQjJBIn0.ZoDlWn3AyHUKrNTh-lIQMc_TVsqJlZrtNwdJ9SJDgKY,"{'area': ['Deutschland', 'Nordrhein-Westfalen', 'Köln'], '__CLASS__': 'Adzuna::API::Response::Location', 'display_name': 'Köln, Nordrhein-Westfalen'}",6.969972,"{'label': 'Unknown', '__CLASS__': 'Adzuna::API::Response::Category', 'tag': 'unknown'}",50.940164,0,Adzuna::API::Response::Job,https://www.adzuna.de/land/ad/5766832333?se=uIasKjhu8RGa8L0mwdDB2A&utm_medium=api&utm_source=a4bcf954&v=11689F2D371C62E3ABF1092D27730944C38168FB,5766832333,,,,
2026-05-03T04:42:13Z,"Die Duale Hochschule Schleswig-Holstein (DHSH) bietet als staatlich anerkannte Hochschule für angewandte Wissenschaften an den Studienstandorten Kiel, Lübeck und Flensburg duale Studiengänge und praxisverbundene Forschung. Vor über 50 Jahren als Berufsakademie Schleswig-Holstein gegründet, bietet die DHSH Studierenden die Chance, von jahrzehntelanger Erfahrung im dualen Studium zu profitieren. Angeboten werden in Zusammenarbeit mit über 400 Partnerunternehmen die dualen Bachelorstudiengänge Bet…",Duales Studium Wirtschaftsinformatik an der DHSH in Kiel,"{'display_name': 'Duale Hochschule Schleswig-Holstein ', '__CLASS__': 'Adzuna::API::Response::Company'}",eyJhbGciOiJIUzI1NiJ9.eyJzIjoidUlhc0tqaHU4UkdhOEwwbXdkREIyQSIsImkiOiI1NzE3NTQ1OTU3In0.LalaBzskQeHIe983BtNIt76qlpRuMI3XIJ8jcKJ2cu0,"{'area': ['Deutschland', 'Schleswig-Holstein', 'Kiel'], '__CLASS__': 'Adzuna::API::Response::Location', 'display_name': 'Kiel, Schleswig-Holstein'}",10.137982,"{'tag': 'unknown', 'label': 'Unknown', '__CLASS__': 'Adzuna::API::Response::Category'}",54.319658,0,Adzuna::API::Response::Job,https://www.adzuna.de/land/ad/5717545957?se=uIasKjhu8RGa8L0mwdDB2A&utm_medium=api&utm_source=a4bcf954&v=A7FFE094B541C00CD0002CD06B7CBBC3DBA148F7,5717545957,,,,
2026-06-22T08:31:49Z,"Life is always about becoming… Im Leben geht es darum, sich auf eine Reise zu begeben, um die beste Version unseres zukünftigen Selbst zu werden. Während wir Neues entdecken, stellen wir uns Herausforderungen, meistern sie und wachsen über uns hinaus. Bewerben Sie sich bei Mercedes-Benz und finden Sie den Aufgabenbereich, in dem Sie Ihre Talente individuell entfalten können. Dabei werden Sie von visionären Kolleginnen und Kollegen unterstützt, die Ihren Pioniergeist teilen. Bei uns einzusteigen…",Studentin*in für Masterarbeit im Bereich KI-gestützte Softwareentwicklung und Multi-Agenten-Systeme,"{'__CLASS__': 'Adzuna::API::Response::Company', 'display_name': 'Mercedes-Benz AG'}",eyJhbGciOiJIUzI1NiJ9.eyJzIjoidUlhc0tqaHU4UkdhOEwwbXdkREIyQSIsImkiOiI1NzcyMzMzMTM4In0.x0-hORqyO6iwhd3r6IxyeGsD6TxC1sv1vO-JrUGWd1o,"{'display_name': 'Böblingen, Böblingen (Kreis)', '__CLASS__': 'Adzuna::API::Response::Location', 'area': ['Deutschland', 'Baden-Württemberg', 'Böblingen (Kreis)', 'Böblingen']}",8.98349,"{'tag': 'unknown', 'label': 'Unknown', '__CLASS__': 'Adzuna::API::Response::Category'}",48.68872,0,Adzuna::API::Response::Job,https://www.adzuna.de/land/ad/5772333138?se=uIasKjhu8RGa8L0mwdDB2A&utm_medium=api&utm_source=a4bcf954&v=24A0C0F4C7C707193B27A824D56D9D6B47ED701C,5772333138,,,,
2026-06-03T11:39:06Z,Auf einen Blick Studiengang: Data Science&KI Studienort: Duale Hochschule Baden-Württemberg Mannheim Studienbeginn: 1. Oktober 2027 (Wintersemester) Studiendauer: 3 Jahre Abschluss: Bachelor of Science (B.Sc.) Informationen unter: DHBW Data Science&KI Inhalte des dualen Studiums Du wolltest schon immer neues Wissen aus Daten gewinnen und innovative Anwendungen und Geschäftsmodelle kreieren? Dann ist dieses duale Studium genau das richtige für dich. In dem Studiengang Data Science&Künstliche Int…,"Duales Studium Data Science&KI, Bachelor of Science, 2027","{'__CLASS__': 'Adzuna::API::Response::Company', 'display_name': 'dx.one GmbH - A Volkswagen Group Company'}",eyJhbGciOiJIUzI1NiJ9.eyJpIjoiNTc1MDM5MTg0NCIsInMiOiJYSW5yS3podThSR3c2b3JNZDZXMmd3In0.X5_OLWoZ62qR66jfRywHChHGNKqk99fTKFI2Rfh_Olo,"{'area': ['Deutschland', 'Niedersachsen', 'Wolfsburg'], 'display_name': 'Wolfsburg, Niedersachsen', '__CLASS__': 'Adzuna::API::Response::Location'}",10.786696,"{'__CLASS__': 'Adzuna::API::Response::Category', 'label': 'Teilzeitstellen', 'tag': 'part-time-jobs'}",52.41453,0,Adzuna::API::Response::Job,https://www.adzuna.de/land/ad/5750391844?se=XInrKzhu8RGw6orMd6W2gw&utm_medium=api&utm_source=a4bcf954&v=14922F225E74ED6DCC20A0AAA1A211B5D2C6A077,5750391844,,,,
2026-06-03T11:42:41Z,"Einleitung Eine gute Idee war der Ursprung, ein erfolgreiches Konzept ist das Ergebnis. Qualität zum guten Preis möglichst vielen Menschen anbieten zu können treibt uns an - mittlerweile weltweit, denn wir sind Lidl. Hier ist das berufliche Zuhause vielfältiger Talente. Ob im Einkauf, in der Logistik, im Warengeschäft oder in der IT; ob als Impulsgeber, Gestalter oder Dienstleister der Länder. Wir suchen Anpacker, Durchstarter, Möglichmacher und bieten spannende Aufgaben und Projekte in einem d…",Duales Studium Data Science und KI - Smart Operations Management 2027,"{'display_name': 'Lidl', '__CLASS__': 'Adzuna::API::Response::Company'}",eyJhbGciOiJIUzI1NiJ9.eyJpIjoiNTc1MDM5NzI4NyIsInMiOiJYSW5yS3podThSR3c2b3JNZDZXMmd3In0.Xa8gh_5E-DwaK1odc3W7tZaYLAR4gCLwPXvH0dFkgt4,"{'display_name': 'Neckarsulm, Heilbronn (Kreis)', '__CLASS__': 'Adzuna::API::Response::Location', 'area': ['Deutschland', 'Baden-Württemberg', 'Heilbronn (Kreis)', 'Neckarsulm']}",9.2274,"{'tag': 'part-time-jobs', 'label': 'Teilzeitstellen', '__CLASS__': 'Adzuna::API::Response::Category'}",49.18975,0,Adzuna::API::Response::Job,https://www.adzuna.de/land/ad/5750397287?se=XInrKzhu8RGw6orMd6W2gw&utm_medium=api&utm_source=a4bcf954&v=110DE8E37ED6B5E4544BEA7DC1D7B85CAA63F56A,5750397287,,,,
2026-06-18T01:08:56Z,"Bei dm und dmTECH sind wir der Überzeugung, dass die Digitalisierung unsere Welt und unser Kaufverhalten verändert. Dabei spielt künstliche Intelligenz eine wichtige Rolle. Schon heute setzen wir auf modernste Technologien, um intelligente Lösungen zu entwickeln. Hierfür suchen wir lösungsorientierte Persönlichkeiten mit analytischem und mathematischem Denkvermögen sowie Leidenschaft für innovative Technologien. Das klingt nach Dir? Dann lass uns gemeinsam handeln – mit Deinem dualen Studium Da…",Duales Studium Data Science und Künstliche Intelligenz (B. Sc.) 2027,"{'display_name': 'dm-drogerie markt GmbH + Co. KG', '__CLASS__': 'Adzuna::API::Response::Company'}",eyJhbGciOiJIUzI1NiJ9.eyJpIjoiNTc2NzMyODk1NCIsInMiOiJYSW5yS3podThSR3c2b3JNZDZXMmd3In0.cSytXWFsXMysYi8G3tSwE0YdjNimAh9kTELOoLtN6wM,"{'area': ['Deutschland', 'Baden-Württemberg', 'Karlsruhe (Kreis)', 'Karlsruhe'], '__CLASS__': 'Adzuna::API::Response::Location', 'display_name': 'Karlsruhe, Karlsruhe (Kreis)'}",8.412378,"{'tag': 'part-time-jobs', 'label': 'Teilzeitstellen', '__CLASS__': 'Adzuna::API::Response::Category'}",49.001249,0,Adzuna::API::Response::Job,https://www.adzuna.de/land/ad/5767328954?se=XInrKzhu8RGw6orMd6W2gw&utm_medium=api&utm_source=a4bcf954&v=D34C0F62A465DBD30DF42A788AD7309BCF9FF65B,5767328954,,,,
2026-06-03T11:34:56Z,Die GELITA-Unternehmensgruppe ist einer der führenden Hersteller von Kollagenproteinen weltweit und mit mehr als 2.900 Mitarbeitenden und 20 Standorten auf allen Kontinenten vertreten. Wir sind mit unserer globalen Präsenz im Markt für Gesundheit und Nahrungsergänzung genauso zu Hause wie in den Bereichen Pharmazie und Medizin. Darüber hinaus bieten wir mit unseren Produkten eine große Bandbreite an äußerst spannenden technologischen Anwendungen. Wir leben Innovation und folgen dabei konsequent…,Duales Studium Bachelor of Science - Data Science & Künstliche Intelligenz,"{'__CLASS__': 'Adzuna::API::Response::Company', 'display_name': 'GELITA AG'}",eyJhbGciOiJIUzI1NiJ9.eyJzIjoiWEluckt6aHU4Ukd3Nm9yTWQ2VzJndyIsImkiOiI1NzUwMzY3MTQ0In0.tSBbUQ_bFUGvGHuPzY9ba7Y0l7GJmjJq-Rkrbg240lM,"{'__CLASS__': 'Adzuna::API::Response::Location', 'display_name': 'Hirschhorn (Neckar), Bergstraße (Kreis)', 'area': ['Deutschland', 'Hessen', 'Bergstraße (Kreis)', 'Hirschhorn (Neckar)']}",8.89711,"{'tag': 'part-time-jobs', 'label': 'Teilzeitstellen', '__CLASS__': 'Adzuna::API::Response::Category'}",49.44669,0,Adzuna::API::Response::Job,https://www.adzuna.de/land/ad/5750367144?se=XInrKzhu8RGw6orMd6W2gw&utm_medium=api&utm_source=a4bcf954&v=8CB174EA36FDBA800FC8F99266489F22C802FFD6,5750367144,,,,
2026-06-10T06:37:26Z,"Wir sind über 13.000. An 20 Standorten weltweit. Jedes dritte Flugzeug fliegt mit unserer Technologie. Immer effizienter, leiser, nachhaltiger. Wir gestalten die Zukunft der Luftfahrt. Was wir noch brauchen? Dich. Unser Team in GER | München sucht Dich: Starke Aufgaben Einarbeitung in das bei der MTU verwendete Vorgehen für Engine Trend Monitoring (ETM) Im Rahmen des Praktikums beschäftigen Sie sich mit Themen aus den fol-genden Bereichen: Weiterentwicklung bestehender Machine-Learning Modelle …",Praktikant Data Science im Bereich Engine Health Monitoring (all genders),{'__CLASS__': 'Adzuna::API::Response::Company'},eyJhbGciOiJIUzI1NiJ9.eyJpIjoiNTc1ODA1NjU4OSIsInMiOiJYSW5yS3podThSR3c2b3JNZDZXMmd3In0.FJTz8FBje6UfjejJYNAqKjspwjiqk9f-Sn4UFYfkNSc,"{'area': ['Deutschland', 'Bayern', 'München (Kreis)', 'München'], 'display_name': 'München, München (Kreis)', '__CLASS__': 'Adzuna::API::Response::Location'}",11.555737,"{'__CLASS__': 'Adzuna::API::Response::Category', 'label': 'IT-Stellen', 'tag': 'it-jobs'}",48.137418,0,Adzuna::API::Response::Job,https://www.adzuna.de/land/ad/5758056589?se=XInrKzhu8RGw6orMd6W2gw&utm_medium=api&utm_source=a4bcf954&v=EA9D680FD07D72D4CBA7598F570E438AC0AB335E,5758056589,,,,
2026-06-11T01:03:45Z,"Stellenbeschreibung Du möchtest einen Blick hinter die Kulissen eines führenden Unternehmens im Bereich erneuerbare Energien werfen? Bei ENERTRAG bieten wir Schülern und Studenten die einzigartige Gelegenheit, in die Welt der erneuerbaren Energien einzutauchen und wertvolle Praxiserfahrung zu sammeln. Unsere Praktika bieten: Spannende Einblicke: Tauche ein in die faszinierende Welt der erneuerbaren Energien und erfahre, wie wir die Zukunft gestalten. Praxisnahe Erfahrung: Arbeite an realen Proj…",Initativbewerbung Praktikum Data Science,"{'__CLASS__': 'Adzuna::API::Response::Company', 'display_name': 'ENERTRAG SE'}",eyJhbGciOiJIUzI1NiJ9.eyJzIjoiWEluckt6aHU4Ukd3Nm9yTWQ2VzJndyIsImkiOiI1NzU5MjE2MzIyIn0.S_VZhpDatqASQa_NGXv9ge3q2SFdxGh_vqA4hQUd3CE,"{'area': ['Deutschland', 'Berlin'], '__CLASS__': 'Adzuna::API::Response::Location', 'display_name': 'Berlin, Deutschland'}",13.420806,"{'label': 'IT-Stellen', '__CLASS__': 'Adzuna::API::Response::Category', 'tag': 'it-jobs'}",52.507706,0,Adzuna::API::Response::Job,https://www.adzuna.de/details/5759216322?utm_medium=api&utm_source=a4bcf954,5759216322,,,,
2026-05-12T23:14:56Z,"Das sind wir Daten sind für uns nicht gleich Daten. Du teilst unsere Mission ""Mehr aus Daten rausholen""? Dann bist Du als Newbie oder erfahrenes Data Science Talent bei uns mehr als willkommen! Bei SKOPOS ELEMENTS unterstützen talentierte Data Scientists zukunftsorientierte Unternehmen und Menschen bei ihrem Weg zur Data Driven Company. Als Teil der SKOPOS GROUP sind wir seit 1995 führender Anbieter in der Marktforschung und beschäftigen aktuell über 140 Mitarbeitende. Begleite unser Wachstum u…",Initiativbewerbung Data Science / BI,"{'__CLASS__': 'Adzuna::API::Response::Company', 'display_name': 'Skopos Group'}",eyJhbGciOiJIUzI1NiJ9.eyJzIjoiWEluckt6aHU4Ukd3Nm9yTWQ2VzJndyIsImkiOiI1NzI3MzMzMjM0In0.S-PsryLJwibHZ9u5lC1YClsjCBlt-EQ_ObTwQ0w-5PA,"{'area': ['Deutschland', 'Nordrhein-Westfalen', 'Rhein-Erft-Kreis', 'Hürth'], 'display_name': 'Hürth, Rhein-Erft-Kreis', '__CLASS__': 'Adzuna::API::Response::Location'}",6.86811,"{'label': 'Unknown', '__CLASS__': 'Adzuna::API::Response::Category', 'tag': 'unknown'}",50.87096,0,Adzuna::API::Response::Job,https://www.adzuna.de/details/5727333234?utm_medium=api&utm_source=a4bcf954,5727333234,full_time,,,
2026-06-17T19:30:56Z,"Pflichtpraktikum Data Science im Qualitätsmanagement Wernerstraße 51, 70469 Stuttgart, Deutschland Vollzeit Robert Bosch GmbH Unternehmensbeschreibung Bei Bosch gestalten wir Zukunft mit hochwertigen Technologien und Dienstleistungen, die Begeisterung wecken und das Leben der Menschen verbessern. Unser Versprechen an unsere Mitarbeiterinnen und Mitarbeiter steht dabei felsenfest: Wir wachsen gemeinsam, haben Freude an unserer Arbeit und inspirieren uns gegenseitig. Willkommen bei Bosch. Die Rob…",Pflichtpraktikum Data Science im Qualitätsmanagement,"{'__CLASS__': 'Adzuna::API::Response::Company', 'display_name': 'Robert Bosch GmbH'}",eyJhbGciOiJIUzI1NiJ9.eyJpIjoiNTc2Njk1NTM2MSIsInMiOiJYSW5yS3podThSR3c2b3JNZDZXMmd3In0.ZfpLa7otL-qWq2W06pphYGz8WrJed6nOB3hpz5LAUgY,"{'area': ['Deutschland', 'Baden-Württemberg', 'Stuttgart', 'Feuerbach'], '__CLASS__': 'Adzuna::API::Response::Location', 'display_name': 'Feuerbach, Stuttgart'}",9.1557,"{'label': 'Unknown', '__CLASS__': 'Adzuna::API::Response::Category', 'tag': 'unknown'}",48.81065,0,Adzuna::API::Response::Job,https://www.adzuna.de/details/5766955361?utm_medium=api&utm_source=a4bcf954,5766955361,full_time,,,
2026-05-12T23:22:25Z,"Short Facts Join us on our journey to build Europe's energy backbone : We at Flexa are building Europe's largest virtual power plant with currently above 100k assets signed up, aiming to breach the million in the near future. To optimize the value creation from both trading algorithms across markets and dispatching to the assets, we are looking for a forward-thinking and experienced Head of Data Science (d/f/m) who shares our vision and values. A pioneering Head of Data Science to lead and grow…",Head of Data Science,"{'__CLASS__': 'Adzuna::API::Response::Company', 'display_name': 'Flexa'}",eyJhbGciOiJIUzI1NiJ9.eyJpIjoiNTcyNzM0MDExNCIsInMiOiJYSW5yS3podThSR3c2b3JNZDZXMmd3In0._6xllKoY8gpMeen32V20VbH09PMalTUXTq-RMKQ4OwU,"{'area': ['Deutschland', 'Bayern', 'München (Kreis)', 'München', 'Maxvorstadt'], '__CLASS__': 'Adzuna::API::Response::Location', 'display_name': 'Maxvorstadt, München'}",11.56803,"{'__CLASS__': 'Adzuna::API::Response::Category', 'label': 'Unknown', 'tag': 'unknown'}",48.1476,0,Adzuna::API::Response::Job,https://www.adzuna.de/details/5727340114?utm_medium=api&utm_source=a4bcf954,5727340114,full_time,200000.0,140000.0,
2026-01-31T07:21:56Z,"Short Facts Join us on our journey to build Europe's energy backbone : We at Flexa are building Europe's largest virtual power plant with currently above 100k assets signed up, aiming to breach the million in the near future. To optimize the value creation from both trading algorithms across markets and dispatching to the assets, we are looking for a forward-thinking and experienced Head of Data Science (d/f/m) who shares our vision and values. A pioneering Head of Data Science to lead and grow…",Head of Data Science,"{'display_name': 'Flexa', '__CLASS__': 'Adzuna::API::Response::Company'}",eyJhbGciOiJIUzI1NiJ9.eyJpIjoiNTYwNzIzNzk5NCIsInMiOiJYSW5yS3podThSR3c2b3JNZDZXMmd3In0.P09onM4u86bH0t6plEiVs1wx-clMNPcp42BNuqV6yY4,"{'__CLASS__': 'Adzuna::API::Response::Location', 'display_name': 'Maxvorstadt, München', 'area': ['Deutschland', 'Bayern', 'München (Kreis)', 'München', 'Maxvorstadt']}",11.56803,"{'tag': 'unknown', 'label': 'Unknown', '__CLASS__': 'Adzuna::API::Response::Category'}",48.1476,0,Adzuna::API::Response::Job,https://www.adzuna.de/details/5607237994?utm_medium=api&utm_source=a4bcf954,5607237994,full_time,200000.0,140000.0,
2026-01-15T20:46:25Z,"What you’ll do Build, mentor, and lead an elite data science team as a trusted, empathetic player-coach, while clearly communicating complex technical ideas to executives, customers, and partners Personally design, train, deploy, and own the models that power Peec AI’s AI Search recommendations, taking hands-on responsibility for our most business-critical ML systems Develop and ship novel algorithms that reverse-engineer AI search and LLM behavior, turning deep technical insight into durable, …",Engineering Manager (Data Science),"{'__CLASS__': 'Adzuna::API::Response::Company', 'display_name': 'Peec AI'}",eyJhbGciOiJIUzI1NiJ9.eyJpIjoiNTU4Njc5MzIzOSIsInMiOiJYSW5yS3podThSR3c2b3JNZDZXMmd3In0.epVTlu-irwpK2ab1i5pRIGPrl5FC3hPKXyA7DpiCCzg,"{'__CLASS__': 'Adzuna::API::Response::Location', 'display_name': 'Berlin, Deutschland', 'area': ['Deutschland', 'Berlin']}",13.420806,"{'label': 'IT-Stellen', '__CLASS__': 'Adzuna::API::Response::Category', 'tag': 'it-jobs'}",52.507706,0,Adzuna::API::Response::Job,https://www.adzuna.de/details/5586793239?utm_medium=api&utm_source=a4bcf954,5586793239,full_time,160000.0,120000.0,
2026-05-19T23:10:02Z,"Ready for a challenge? That’s good, because at Just Eat Takeaway.com (JET) we have abundant opportunity, or, as we say, everything is on the table. We are a leading global online food delivery marketplace. Our tech ecosystem connects millions of active customers with hundreds of thousands of connected partners in countries across the globe. Our mission? To empower every food moment around the world, whether it’s through customer service, coding or couriers. About this role As the Senior Team Le…",Data Science Team Leader,"{'__CLASS__': 'Adzuna::API::Response::Company', 'display_name': 'Just Eat'}",eyJhbGciOiJIUzI1NiJ9.eyJzIjoiWEluckt6aHU4Ukd3Nm9yTWQ2VzJndyIsImkiOiI1NzM0NDYzNzgzIn0.bHdkWCFDkePcM9TylHeNXvHoLXYU7QkqQY1eyQCK6Do,"{'area': ['Deutschland'], '__CLASS__': 'Adzuna::API::Response::Location', 'display_name': 'Deutschland'}",,"{'label': 'Unknown', '__CLASS__': 'Adzuna::API::Response::Category', 'tag': 'unknown'}",,0,Adzuna::API::Response::Job,https://www.adzuna.de/details/5734463783?utm_medium=api&utm_source=a4bcf954,5734463783,full_time,,,
2025-11-18T19:20:38Z,"Who we are Melotech is revolutionizing media and entertainment. We create art through technology for humans to enjoy. In just 24 months, our work has been heard, watched and loved for over 3 billion minutes worldwide. Founded by entrepreneur and investor Soheil Mirpour, we are backed by top VCs Cherry Ventures, Speedinvest and GFC, alongside world-class angels from firms such as Spotify, Blackstone and KKR. What you will do Join us as our first dedicated Data Scientist to bring order to the cha…","Data Science, Music & Audio","{'__CLASS__': 'Adzuna::API::Response::Company', 'display_name': 'Melotech'}",eyJhbGciOiJIUzI1NiJ9.eyJpIjoiNTUwMjI1NzkzMCIsInMiOiJYSW5yS3podThSR3c2b3JNZDZXMmd3In0.zFpMUoWZsfvw-D4uActX-4Q_JCRaps-PJ009ZQhzfXM,"{'area': ['Deutschland', 'Berlin'], 'display_name': 'Berlin, Deutschland', '__CLASS__': 'Adzuna::API::Response::Location'}",13.420806,"{'tag': 'unknown', 'label': 'Unknown', '__CLASS__': 'Adzuna::API::Response::Category'}",52.507706,0,Adzuna::API::Response::Job,https://www.adzuna.de/details/5502257930?utm_medium=api&utm_source=a4bcf954,5502257930,full_time,,,
2026-05-15T22:54:05Z,"Ready for a challenge? Then Just Eat Takeaway.com might be the place for you. We’re a leading global online delivery platform, and our vision is to empower everyday convenience. Whether it’s a Friday-night feast, a post-gym poke bowl, or grabbing some groceries, our tech platform connects tens of millions of customers with hundreds of thousands of restaurant, grocery and convenience partners across the globe. About this role As the Senior Team Lead for Data Science – Courier Pay & Incentives, y…",Data Science Team Leader,"{'__CLASS__': 'Adzuna::API::Response::Company', 'display_name': 'Just Eat'}",eyJhbGciOiJIUzI1NiJ9.eyJpIjoiNTczMDc2NDM3MyIsInMiOiJYSW5yS3podThSR3c2b3JNZDZXMmd3In0.Sd_gQQeFyuyEAhcJu8a8aIv97YkM8jscv2FHOEkGulU,"{'__CLASS__': 'Adzuna::API::Response::Location', 'display_name': 'Deutschland', 'area': ['Deutschland']}",,"{'label': 'Unknown', '__CLASS__': 'Adzuna::API::Response::Category', 'tag': 'unknown'}",,0,Adzuna::API::Response::Job,https://www.adzuna.de/details/5730764373?utm_medium=api&utm_source=a4bcf954,5730764373,full_time,,,
2026-03-19T22:33:09Z,"Make your mark for patients To strengthen our Global Advanced Analytics team, we are looking for an adaptable, collaborative individual with an intrapreneurial mindset for our Analytics Lead opening . This hybrid role is based in our headquarters in Monheim, Germany requiring 40% onsite presence and 5-10% international/ domestic travel. About the role You will help to inform on the commercial viability of various assets in development. You will be responsible for making exceptional business imp…",Data Science Lead 1,"{'__CLASS__': 'Adzuna::API::Response::Company', 'display_name': 'UCB'}",eyJhbGciOiJIUzI1NiJ9.eyJpIjoiNTY3MjQ3Nzk1MCIsInMiOiJYSW5yS3podThSR3c2b3JNZDZXMmd3In0.mKxnvFaoMizgYuNqPOA3mwlJnB014eaBkoDpNa_V9Qk,"{'area': ['Deutschland', 'Bayern', 'Donau-Ries (Kreis)', 'Monheim'], 'display_name': 'Monheim, Donau-Ries (Kreis)', '__CLASS__': 'Adzuna::API::Response::Location'}",10.85789,"{'__CLASS__': 'Adzuna::API::Response::Category', 'label': 'Unknown', 'tag': 'unknown'}",48.84099,0,Adzuna::API::Response::Job,https://www.adzuna.de/details/5672477950?utm_medium=api&utm_source=a4bcf954,5672477950,,,,
2024-09-20T13:48:26Z,"INTRODUCTION TO THE COMPANY Webtrekk is one of Europe’s market leaders for Customer Intelligence and Marketing Analytics. Since 2019, we are part of the marketing technology service provider, Mapp, and support marketers and data analysts in understanding and analyzing the behavior of their website and app users across all channels and help to utilize this information specifically for marketing purposes. Our solution, which is based on first-party data, ensures maximum data depth for our custome…",Team Lead Data Science,"{'display_name': 'Mapp Digital Us Llc', '__CLASS__': 'Adzuna::API::Response::Company'}",eyJhbGciOiJIUzI1NiJ9.eyJpIjoiNDg3MDQ4OTA3NSIsInMiOiJYSW5yS3podThSR3c2b3JNZDZXMmd3In0.zspL6qdN3oalOZm6l7XhbhceF2YGbTysOY6kZMCtyrA,"{'area': ['Deutschland', 'Berlin'], '__CLASS__': 'Adzuna::API::Response::Location', 'display_name': 'Berlin, Deutschland'}",13.420806,"{'__CLASS__': 'Adzuna::API::Response::Category', 'label': 'Unknown', 'tag': 'unknown'}",52.507706,0,Adzuna::API::Response::Job,https://www.adzuna.de/details/4870489075?utm_medium=api&utm_source=a4bcf954,4870489075,full_time,,,
2026-04-23T10:57:19Z,"Deine Aufgaben Werde Teil unseres Daten & KI Teams, unterstütze datenbasierte Analysen und entwickle innovative Automatisierungslösungen. Ab sofort für 4 bis 6 Monate. … konkret heißt das: Erhalte Einblicke in Big Data und Machine Learning Technologien Mitarbeit bei Datenerhebung, -aufbereitung und explorativer Analyse Entwicklung, Validierung und Pilotierung KI- und Statistik-basierte Lösungen für automatisierte Entscheidungen in Fachabteilungen Einbringen in die strategische Definition von Da…",Praktikum Data Science in Neckarsulm,"{'__CLASS__': 'Adzuna::API::Response::Company', 'display_name': 'Lidl Stiftung'}",eyJhbGciOiJIUzI1NiJ9.eyJpIjoiNTcwODEwODQ0OSIsInMiOiJYSW5yS3podThSR3c2b3JNZDZXMmd3In0.ONDV7uUyb1SkDWc8q9QKeW4TVqyAoPUASfATje-BOnY,"{'area': ['Deutschland'], '__CLASS__': 'Adzuna::API::Response::Location', 'display_name': 'Deutschland'}",,"{'tag': 'unknown', 'label': 'Unknown', '__CLASS__': 'Adzuna::API::Response::Category'}",,0,Adzuna::API::Response::Job,https://www.adzuna.de/details/5708108449?utm_medium=api&utm_source=a4bcf954,5708108449,full_time,,,
2026-06-03T11:34:00Z,"Willkommen bei ASMPT. Hier bist du auf dem direkten Weg in das digitale Zeitalter. Mit 12.000 Mitarbeitenden weltweit sind wir technologischer Prozesspartner für die Elektronikindustrie und brennen für innovative Automatisierungsstrategien am Puls der Zeit. Mit unseren smarten Lösungen fordern unsere passionierten Teams den technischen Status quo immer wieder heraus und setzen so neue Maßstäbe für die Fertigung von Smartphones, Computern, Netzwerken, autonomen Fahrzeugen, intelligenten Maschine…",Dualer Student (m/w/d) - Data Science & Scientific Computing Bachelor,"{'__CLASS__': 'Adzuna::API::Response::Company', 'display_name': 'ASMPT GmbH & Co. KG'}",eyJhbGciOiJIUzI1NiJ9.eyJpIjoiNTc1MDM2MDM4NSIsInMiOiJYSW5yS3podThSR3c2b3JNZDZXMmd3In0.E3EIdSplX9XhioiQ5PU2tTHTQyLW2WMX3jjVkYHFjaA,"{'display_name': 'München, München (Kreis)', '__CLASS__': 'Adzuna::API::Response::Location', 'area': ['Deutschland', 'Bayern', 'München (Kreis)', 'München']}",11.555737,"{'__CLASS__': 'Adzuna::API::Response::Category', 'label': 'Teilzeitstellen', 'tag': 'part-time-jobs'}",48.137418,0,Adzuna::API::Response::Job,https://www.adzuna.de/land/ad/5750360385?se=XInrKzhu8RGw6orMd6W2gw&utm_medium=api&utm_source=a4bcf954&v=D0DF4373E4704CC85E24991C16B79454A4AE637D,5750360385,,,,
2026-06-03T11:34:21Z,"Bosch gehört zu den weltweit führenden Zulieferern der Automobilindustrie. Am Standort Karlsruhe ist die Zentrale des Bosch Geschäftsbereichs Mobility Aftermarket mit Vertriebszentrum. Unser Logistikzentrum besticht durch innovative Technologien und setzt Standards in der Arbeitsorganisation, im Transport und Umweltschutz. Zusammen mit unseren flexiblen Arbeitszeitmodellen sind wir der Maßstab in der Distributionslogistik im Mobility Aftermarket und wir stehen für Innovationen für Menschen, Ges…",Bachelor of Science (B.Sc.) Studiengang: Data Science und Künstliche Intelligenz,"{'display_name': 'Bosch Gruppe', '__CLASS__': 'Adzuna::API::Response::Company'}",eyJhbGciOiJIUzI1NiJ9.eyJzIjoiWEluckt6aHU4Ukd3Nm9yTWQ2VzJndyIsImkiOiI1NzUwMzYyOTIxIn0.oAvBxXpdoo83kGTxXD_Iyn1N6utrKqTTeKMdnnakq4o,"{'display_name': 'Karlsruhe, Karlsruhe (Kreis)', '__CLASS__': 'Adzuna::API::Response::Location', 'area': ['Deutschland', 'Baden-Württemberg', 'Karlsruhe (Kreis)', 'Karlsruhe']}",8.412378,"{'__CLASS__': 'Adzuna::API::Response::Category', 'label': 'Teilzeitstellen', 'tag': 'part-time-jobs'}",49.001249,0,Adzuna::API::Response::Job,https://www.adzuna.de/land/ad/5750362921?se=XInrKzhu8RGw6orMd6W2gw&utm_medium=api&utm_source=a4bcf954&v=E84F6EEC0CB47ED775BAB73AC577FD0E99F85045,5750362921,,,,
2026-06-03T11:33:03Z,"Deine Aufgaben Du möchtest nicht nur Daten analysieren, sondern verstehen, wie aus Daten wertvolle Erkenntnisse entstehen, die die digitale Zukunft der HDI Group gestalten? Die 31-monatige IT-Ausbildung kombiniert praktische Arbeit im Bereich Data Science mit theoretischem Wissen, das Du im Studiengang ""Angewandte Künstliche Intelligenz"" an der FHDW in Mettmann erwirbst. Du arbeitest an spannenden Projekten rund um AI, GenAI, Machine Learning, und Cloud-Services. Du entwickelst Lösungen, die un…",Duales Studium Angewandte Künstliche Intelligenz (M.Sc.) - Einstieg Data Science,"{'__CLASS__': 'Adzuna::API::Response::Company', 'display_name': 'HDI AG'}",eyJhbGciOiJIUzI1NiJ9.eyJzIjoiWEluckt6aHU4Ukd3Nm9yTWQ2VzJndyIsImkiOiI1NzUwMzU0ODc2In0.VNYRutP6UppDV5OpZEkbM4w4HkJ2xhckNQYmGl-GnNY,"{'__CLASS__': 'Adzuna::API::Response::Location', 'display_name': 'Hilden, Düsseldorf', 'area': ['Deutschland', 'Nordrhein-Westfalen', 'Düsseldorf', 'Hilden']}",6.93125,"{'tag': 'part-time-jobs', 'label': 'Teilzeitstellen', '__CLASS__': 'Adzuna::API::Response::Category'}",51.16672,0,Adzuna::API::Response::Job,https://www.adzuna.de/land/ad/5750354876?se=XInrKzhu8RGw6orMd6W2gw&utm_medium=api&utm_source=a4bcf954&v=B7897960DB0F3C04E51F5168E57D68399BCD72F2,5750354876,,,,
2026-06-03T11:34:02Z,"Du bist technikbegeistert und voller Ideen, mit denen Du die Welt bewegen willst? Dann ist eine Ausbildung oder ein duales Studium bei Schaeffler genau das Richtige für Dich. Ohne unsere Produkte könnten Autos nicht fahren, Maschinen nicht laufen und Flugzeuge nicht fliegen. Als führender Anbieter von Wälzlagern für sämtliche Industrien und wichtiger Partner im internationalen Automobilbau bietet Dir Schaeffler ein hervorragendes Umfeld für Deinen Start in die Berufswelt. Im Überblick Studienab…",Duales Studium 2026 - Data Science und Künstliche Intelligenz (m/w/d),"{'display_name': 'Vitesco Technologies', '__CLASS__': 'Adzuna::API::Response::Company'}",eyJhbGciOiJIUzI1NiJ9.eyJpIjoiNTc1MDM2MDU2NSIsInMiOiJYSW5yS3podThSR3c2b3JNZDZXMmd3In0.GjI6Fu_3-b3D-WCIwnUSQwq_gCon22IZco_DHSBWha0,"{'__CLASS__': 'Adzuna::API::Response::Location', 'display_name': 'Bebra, Hersfeld-Rotenburg (Kreis)', 'area': ['Deutschland', 'Hessen', 'Hersfeld-Rotenburg (Kreis)', 'Bebra']}",9.78956,"{'__CLASS__': 'Adzuna::API::Response::Category', 'label': 'Teilzeitstellen', 'tag': 'part-time-jobs'}",50.9737,0,Adzuna::API::Response::Job,https://www.adzuna.de/land/ad/5750360565?se=XInrKzhu8RGw6orMd6W2gw&utm_medium=api&utm_source=a4bcf954&v=7117ECF903BEE6CEB9EFB5A1BF0B68BECBFC4911,5750360565,,,,
2026-06-03T11:35:23Z,"Inhalte und Aufgaben Ein praxisorientiertes Studium in Verbindung mit der Duale Hochschule Baden-Württemberg in Stuttgart, bei dem Sie die theoretischen Studieninhalte direkt on the job anwenden können Softwareentwicklung mit Open Source/Java, Pega, SAP oder SAS: Wir machen Sie fit für die digitalen Anforderungen der Zukunft Server, Netze und Datenbanken sind Ihre neuen Tools, die Sie verstehen und einzusetzen lernen Agile Arbeitsmethoden, Business-Analyse. Data Science, UI/UX-Design bis hin zu…",Bachelor of Science (m/w/d) - Wirtschaftsinformatik - Studiengang Data Science,"{'display_name': 'Wüstenrot & Württembergische-Gruppe', '__CLASS__': 'Adzuna::API::Response::Company'}",eyJhbGciOiJIUzI1NiJ9.eyJpIjoiNTc1MDM3MDY4OCIsInMiOiJYSW5yS3podThSR3c2b3JNZDZXMmd3In0.0gAIgocznuYWJfMbNZGnAn4B4a81k6FK-lNb1sMAFoM,"{'area': ['Deutschland', 'Baden-Württemberg', 'Ludwigsburg (Kreis)', 'Kornwestheim'], '__CLASS__': 'Adzuna::API::Response::Location', 'display_name': 'Kornwestheim, Ludwigsburg (Kreis)'}",9.18451,"{'__CLASS__': 'Adzuna::API::Response::Category', 'label': 'Teilzeitstellen', 'tag': 'part-time-jobs'}",48.86157,0,Adzuna::API::Response::Job,https://www.adzuna.de/land/ad/5750370688?se=XInrKzhu8RGw6orMd6W2gw&utm_medium=api&utm_source=a4bcf954&v=123EC30EB07740DE1D7B8FC6C6CCA29F5A58DB25,5750370688,,,,
2026-06-03T11:34:37Z,"Das bieten wir: - Mitverantwortung im Tagessgeschäft und eigenverantwortliche Umsetzung von Studenten-Projekten - Work-Life-Balance dank flexiblem Arbeitszeitenmodell - Mitwirkung auf unseren Social-Media-Kanälen (Instagram, Facebook, TikTok, Youtube, ) - Kollegialer Umgang und offene Kommunikation mit Kollegen - Kaffeeecke, Tischtennis, Tischkicker, Lese-Ecke, Cafeteria, Terrasse, … wenn du mal eine Pause brauchst - Finanzielle Unterstützung beim Auslandspraktikum - betriebliche Zusatzkrankenv…",Duales Studium Bachelor of Science - Informatik / Wirtschaftsinformatik / Data Science & KI,"{'display_name': 'allsafe GmbH & Co. KG', '__CLASS__': 'Adzuna::API::Response::Company'}",eyJhbGciOiJIUzI1NiJ9.eyJpIjoiNTc1MDM2NDYyNiIsInMiOiJYSW5yS3podThSR3c2b3JNZDZXMmd3In0.ZuZaa1nrKxCUBG5wKer__CEPolyhc7nyUpA6eHY-6-w,"{'display_name': 'Engen, Konstanz (Kreis)', '__CLASS__': 'Adzuna::API::Response::Location', 'area': ['Deutschland', 'Baden-Württemberg', 'Konstanz (Kreis)', 'Engen']}",8.77577,"{'tag': 'part-time-jobs', 'label': 'Teilzeitstellen', '__CLASS__': 'Adzuna::API::Response::Category'}",47.85762,0,Adzuna::API::Response::Job,https://www.adzuna.de/land/ad/5750364626?se=XInrKzhu8RGw6orMd6W2gw&utm_medium=api&utm_source=a4bcf954&v=39C2F48BE2EC7A686C8B82BDE22216F2972413C1,5750364626,,,,
2026-06-02T18:35:06Z,"Dein Berufsbild: Du magst Mathe und möchtest später etwas mit Daten machen? Dich faszinieren datengestützte Tools, wie ChatGPT, und du kennst deren große Chance für die Zukunft? Dann bewirb dich für das duale Studium B.Eng. Data Science in Technik und Wirtschaft und entdecke mit uns, wie wir die Welt der Medizintechnik durch datenbasierte Entscheidungen verändern können. Daten sind eines der Fundamente, damit Unternehmen bestmögliche Entscheidungen treffen können. Im Studiengang B.Eng. Data Sci…",Duales Bachelorstudium Data Science in Technik und Wirtschaft (B.Eng.) - Erlangen/Forchheim,{'__CLASS__': 'Adzuna::API::Response::Company'},eyJhbGciOiJIUzI1NiJ9.eyJpIjoiNTc0OTMxNTUxMCIsInMiOiJYSW5yS3podThSR3c2b3JNZDZXMmd3In0.xARVxfTs4ufQJ8mBzUJGe1qycfeWfIT3pDd6UJpTroM,"{'area': ['Deutschland', 'Bayern', 'Erlangen'], 'display_name': 'Erlangen, Bayern', '__CLASS__': 'Adzuna::API::Response::Location'}",10.984506,"{'tag': 'it-jobs', 'label': 'IT-Stellen', '__CLASS__': 'Adzuna::API::Response::Category'}",49.577521,0,Adzuna::API::Response::Job,https://www.adzuna.de/land/ad/5749315510?se=XInrKzhu8RGw6orMd6W2gw&utm_medium=api&utm_source=a4bcf954&v=B755D6DE45F5AA9DEE2EB6EB0723205643094CCD,5749315510,,,,
2026-06-16T19:26:58Z,"Die Stelle Bewirb Dich jetzt für den Start im September 2027! Du findest Informatik in Kombination mit Künstlicher Intelligenz spannend und interessierst dich für Machine Learning? Du interessierst Dich für Datenmengen - Verarbeitung und Entwicklung von Verfahren der Künstlichen Intelligenz? Dann sind diese guten Voraussetzungen für ein Duales Studium in Data Science und Künstliche Intelligenz. Bei uns hast du die Möglichkeit dein Wissen, das du an der Dualen Hochschule Mannheim erwirbst, in ve…",Duales Studium B. Sc. Data Science und Künstliche Intelligenz in Ingelheim 2027,"{'display_name': 'Boehringer Ingelheim GmbH', '__CLASS__': 'Adzuna::API::Response::Company'}",eyJhbGciOiJIUzI1NiJ9.eyJzIjoiWEluckt6aHU4Ukd3Nm9yTWQ2VzJndyIsImkiOiI1NzY1NzMwOTE3In0.BE7k3-MOdabPV6SHrMSLeziPj3crJj97iiOsKibd8Gs,"{'area': ['Deutschland', 'Rheinland-Pfalz', 'Mainz-Bingen (Kreis)', 'Ingelheim am Rhein'], '__CLASS__': 'Adzuna::API::Response::Location', 'display_name': 'Ingelheim am Rhein, Mainz-Bingen (Kreis)'}",8.06555,"{'tag': 'unknown', 'label': 'Unknown', '__CLASS__': 'Adzuna::API::Response::Category'}",49.97586,0,Adzuna::API::Response::Job,https://www.adzuna.de/land/ad/5765730917?se=XInrKzhu8RGw6orMd6W2gw&utm_medium=api&utm_source=a4bcf954&v=4C3B6D84227B8AD7595C149BD8B97DDEDE2A4B24,5765730917,,,,
2026-06-20T18:17:10Z,"Willkommen bei der MSR Consulting Group. Als führende Unternehmensberatung begleiten wir unsere Klienten aus den Bereichen Automotive & Mobility, Financial Services und Industrial Goods auf ihrem Weg zum Best-in-Class-Unternehmen. Unser Ziel: Die Welt für Kunden besser machen. Dich erwarten echter Teamgeist, viel Eigenverantwortung und Raum für persönliche wie fachliche Entwicklung. Unsere kununu-Bewertung von 4,4 von 5 bestätigt, was uns wichtig ist: eine offene Unternehmenskultur und zufriede…",(Senior) CX & Insights Analyst (w/m/d),"{'display_name': 'MSR Consulting Group GmbH', '__CLASS__': 'Adzuna::API::Response::Company'}",eyJhbGciOiJIUzI1NiJ9.eyJzIjoiWEluckt6aHU4Ukd3Nm9yTWQ2VzJndyIsImkiOiI1NzcwODMwMDU1In0.qDix6Izn-x1VLU-16GBUAFUxyPBR8sOTTE5xiY3EoYg,"{'__CLASS__': 'Adzuna::API::Response::Location', 'display_name': 'Köln, Nordrhein-Westfalen', 'area': ['Deutschland', 'Nordrhein-Westfalen', 'Köln']}",6.969972,"{'tag': 'unknown', 'label': 'Unknown', '__CLASS__': 'Adzuna::API::Response::Category'}",50.940164,0,Adzuna::API::Response::Job,https://www.adzuna.de/land/ad/5770830055?se=XInrKzhu8RGw6orMd6W2gw&utm_medium=api&utm_source=a4bcf954&v=C76B48F68DAEC09FBEA3479D870A818B61418577,5770830055,,,,
2026-06-18T17:53:56Z,"Unsere Mitarbeitenden – motivierte Menschen, die zu uns passen. Denn wir geben ihnen Raum, damit sie ihre individuellen Stärken einsetzen und Verantwortung übernehmen können. Bereichern Sie unser Team, wachsen Sie über sich hinaus und gestalten Sie gemeinsam mit uns die Zukunft der Continentale, EUROPA und Mannheimer – drei starke Marken, ein Verbund. Aufgaben Die Organisationseinheit Betrugsmanagement ist für die Überwachung verbundweiter Betrugs- und Verdachtsfälle sowie die allgemeine Betrug…",Spezialist (m/w/d) Betrugsprävention/Fraud Prevention,"{'display_name': 'Continentale Krankenversicherung a.G.', '__CLASS__': 'Adzuna::API::Response::Company'}",eyJhbGciOiJIUzI1NiJ9.eyJpIjoiNTc2ODIxMTAyOSIsInMiOiJYSW5yS3podThSR3c2b3JNZDZXMmd3In0.FgvwrhAL9EsU2xQmG9fj0e9xvndlnEsGMwvMYJr1crg,"{'area': ['Deutschland', 'Nordrhein-Westfalen', 'Dortmund'], 'display_name': 'Dortmund, Nordrhein-Westfalen', '__CLASS__': 'Adzuna::API::Response::Location'}",7.464954,"{'tag': 'unknown', '__CLASS__': 'Adzuna::API::Response::Category', 'label': 'Unknown'}",51.504967,0,Adzuna::API::Response::Job,https://www.adzuna.de/land/ad/5768211029?se=XInrKzhu8RGw6orMd6W2gw&utm_medium=api&utm_source=a4bcf954&v=548DC847AFEB28682D618D365F08981AFDC99D42,5768211029,,,,
2026-06-12T10:18:27Z,"About the job Mercor connects elite creative and technical talent with leading AI research labs. Headquartered in San Francisco, our investors include Benchmark , General Catalyst , Peter Thiel , Adam D'Angelo , Larry Summers , and Jack Dorsey . Position: Software & Data Science Expert Type: Contract Compensation: $90–$110/hour Location: Remote Commitment: 15–20 hours/week Role Responsibilities Author tasks to test AI reasoning over technical documentation. Evaluate AI models on professional do…",Data Science Expert - Fully Remote,"{'__CLASS__': 'Adzuna::API::Response::Company', 'display_name': 'Mercor'}",eyJhbGciOiJIUzI1NiJ9.eyJzIjoiWEluckt6aHU4Ukd3Nm9yTWQ2VzJndyIsImkiOiI1NzYxMTI1MjI4In0.Oxclkjwlbbwg50omEaOkIDtLG29fG5D59hdmWQNiN04,"{'__CLASS__': 'Adzuna::API::Response::Location', 'display_name': 'Berlin, Deutschland', 'area': ['Deutschland', 'Berlin']}",13.420806,"{'__CLASS__': 'Adzuna::API::Response::Category', 'label': 'Unknown', 'tag': 'unknown'}",52.507706,0,Adzuna::API::Response::Job,https://www.adzuna.de/details/5761125228?utm_medium=api&utm_source=a4bcf954,5761125228,,,,
2026-06-18T01:08:56Z,"Das kannst Du von uns erwarten: Technik und Wirtschaft gehören für Dich zusammen? Du begeisterst Dich für Informationstechnologien ebenso wie fürökonomische Zusammenhänge und möchtest Theorie direkt in der Praxis anwenden? Dann ist das Duale Studium Wirtschaftsinformatik mit Schwerpunkt Data Science– in Kooperation mit der Dualen Hochschule Baden-Württemberg (DHBW) in Stuttgart– genau das Richtige für Dich. Kennenlernen innovativer IT-Systeme, moderner Datenanalyseverfahren sowie deren Einsatz …",Duales Studium - Wirtschaftsinformatik Data Science (B. Sc. m/w/d) 2027,"{'display_name': 'Festool Group', '__CLASS__': 'Adzuna::API::Response::Company'}",eyJhbGciOiJIUzI1NiJ9.eyJzIjoiWEluckt6aHU4Ukd3Nm9yTWQ2VzJndyIsImkiOiI1NzY3MzI4OTUzIn0.WrunYnGBVnB6H5_VIptIqvpt9KMjffnZxIFFxlOpYw0,"{'area': ['Deutschland', 'Baden-Württemberg', 'Esslingen (Kreis)', 'Wendlingen am Neckar'], '__CLASS__': 'Adzuna::API::Response::Location', 'display_name': 'Wendlingen am Neckar, Esslingen (Kreis)'}",9.37738,"{'label': 'Teilzeitstellen', '__CLASS__': 'Adzuna::API::Response::Category', 'tag': 'part-time-jobs'}",48.67129,0,Adzuna::API::Response::Job,https://www.adzuna.de/land/ad/5767328953?se=XInrKzhu8RGw6orMd6W2gw&utm_medium=api&utm_source=a4bcf954&v=958EB314919057C73F9E1CF6996FB866EE6E6089,5767328953,,,,
2026-06-01T12:51:26Z,"INFOMOTION ist die Data Performance Company – mit über 600 Datenenthusiastinnen und -enthusiasten an neun Standorten und mehr als 20 Jahren Erfahrung. Bei uns bringst Du Deine Expertise gezielt ein – und entwickelst sie weiter, gemeinsam mit einem Team, das Wissen teilt, Verantwortung lebt und Zukunft gestaltet. Du möchtest Deine Erfahrung nicht nur vertiefen, sondern auch weitergeben – und mit anderen gemeinsam echte Datenwirkung erzielen? Dann gestalte mit uns die nächste Etappe – persönlich,…",Senior Datenarchitekt (m/w/d) Data & AI Strategie,"{'display_name': 'INFOMOTION GmbH', '__CLASS__': 'Adzuna::API::Response::Company'}",eyJhbGciOiJIUzI1NiJ9.eyJpIjoiNTc0NzQ4MTMxMSIsInMiOiJYSW5yS3podThSR3c2b3JNZDZXMmd3In0.YTzE1rMutMX2ZYWaCfI97ibQCKP32Y4SEga9jQIuOFw,"{'area': ['Deutschland', 'Hessen', 'Frankfurt am Main'], 'display_name': 'Frankfurt am Main, Hessen', '__CLASS__': 'Adzuna::API::Response::Location'}",,"{'__CLASS__': 'Adzuna::API::Response::Category', 'label': 'IT-Stellen', 'tag': 'it-jobs'}",,0,Adzuna::API::Response::Job,https://www.adzuna.de/land/ad/5747481311?se=XInrKzhu8RGw6orMd6W2gw&utm_medium=api&utm_source=a4bcf954&v=E913B18DAB0A1B18A96CFC6C52C2725A31D9E45A,5747481311,,,,
2026-06-01T12:50:09Z,"INFOMOTION ist die Data Performance Company – mit über 600 Datenenthusiastinnen und -enthusiasten an neun Standorten und mehr als 20 Jahren Erfahrung. Bei uns bringst Du Deine Expertise gezielt ein – und entwickelst sie weiter, gemeinsam mit einem Team, das Wissen teilt, Verantwortung lebt und Zukunft gestaltet. Du möchtest Deine Erfahrung nicht nur vertiefen, sondern auch weitergeben – und mit anderen gemeinsam echte Datenwirkung erzielen? Dann gestalte mit uns die nächste Etappe – persönlich,…",Senior Datenarchitekt (m/w/d) Data & AI Strategie,"{'__CLASS__': 'Adzuna::API::Response::Company', 'display_name': 'INFOMOTION GmbH'}",eyJhbGciOiJIUzI1NiJ9.eyJpIjoiNTc0NzQ3OTMxNSIsInMiOiJYSW5yS3podThSR3c2b3JNZDZXMmd3In0.MnqcH6gRvkC9EVbWxtS6tRlN8kephXlwaIepkmue0Nw,"{'area': ['Deutschland', 'Nordrhein-Westfalen', 'Köln'], '__CLASS__': 'Adzuna::API::Response::Location', 'display_name': 'Köln, Nordrhein-Westfalen'}",6.969972,"{'tag': 'it-jobs', 'label': 'IT-Stellen', '__CLASS__': 'Adzuna::API::Response::Category'}",50.940164,0,Adzuna::API::Response::Job,https://www.adzuna.de/land/ad/5747479315?se=XInrKzhu8RGw6orMd6W2gw&utm_medium=api&utm_source=a4bcf954&v=22F409D57B11560FDF443C3B3883B3BC2DDEFF7B,5747479315,,,,
2026-06-03T11:39:11Z,"ÜBER UNS Wir bei BASF Digital Solutions machen die Digitalisierung der BASF möglich. Als deutsche Gruppengesellschaft der BASF mit Sitz in Ludwigshafen und Standorten wie Madrid, Schwarzheide beschäftigt die BASF Digital Solutions GmbH rund 1.700 Mitarbeiter. Digitalisierung ist einer der Schwerpunkte der neuen Unternehmensstrategie von BASF. In agilen Teams wollen wir neue digitale Lösungen einführen, die für unseren Kunden einen klaren Mehrwert darstellen. Alle relevanten Informationen zu dei…",Duales Studium (B.Sc.) - Data Science und Künstliche Intelligenz (m/w/d),"{'__CLASS__': 'Adzuna::API::Response::Company', 'display_name': 'BASF'}",eyJhbGciOiJIUzI1NiJ9.eyJzIjoiWEluckt6aHU4Ukd3Nm9yTWQ2VzJndyIsImkiOiI1NzUwMzkyMzQ1In0.GhKPVAWZuHOaE46FP8POwthVyh7V-vYe-NlplpxyPVA,"{'area': ['Deutschland', 'Rheinland-Pfalz', 'Ludwigshafen am Rhein'], '__CLASS__': 'Adzuna::API::Response::Location', 'display_name': 'Ludwigshafen am Rhein, Rheinland-Pfalz'}",8.393718,"{'label': 'Teilzeitstellen', '__CLASS__': 'Adzuna::API::Response::Category', 'tag': 'part-time-jobs'}",49.486443,0,Adzuna::API::Response::Job,https://www.adzuna.de/land/ad/5750392345?se=XInrKzhu8RGw6orMd6W2gw&utm_medium=api&utm_source=a4bcf954&v=BB24CAAFBE97C01E8B71480D53D62C30FA0721EC,5750392345,,,,
2026-06-03T11:33:42Z,"Wir alle haben als Kinder davon geträumt, Großes zu bewirken – ob als gute Feen, Stars im Rampenlicht oder Weltraumreisende im All. Höchste Zeit, dass diese Träume wahr werden! Dein Traumschiff? Die BayernLB! Bei uns steuern wir einer blühenden Zukunft entgegen und kämpfen als Fortschrittsfinanzierer für die Welt von morgen. Unsere Feenflügel und Raumanzüge haben wir abgelegt. Nicht aber unsere Ziele. Denen sind wir näher denn je. Als Spezialbank fokussieren wir uns auf ausgesuchte Zukunftssekt…",Hochschule München: Duales Studium Data Science und Scientific Computing (B.Sc.) 2027,"{'__CLASS__': 'Adzuna::API::Response::Company', 'display_name': 'Bayerische Landesbank '}",eyJhbGciOiJIUzI1NiJ9.eyJpIjoiNTc1MDM1ODQ4MyIsInMiOiJYSW5yS3podThSR3c2b3JNZDZXMmd3In0.LU5iBZsfbJzTBFow5M2Hn6dk7-8DA08a8ldYoqPeApo,"{'__CLASS__': 'Adzuna::API::Response::Location', 'display_name': 'München, München (Kreis)', 'area': ['Deutschland', 'Bayern', 'München (Kreis)', 'München']}",11.555737,"{'tag': 'part-time-jobs', '__CLASS__': 'Adzuna::API::Response::Category', 'label': 'Teilzeitstellen'}",48.137418,0,Adzuna::API::Response::Job,https://www.adzuna.de/land/ad/5750358483?se=XInrKzhu8RGw6orMd6W2gw&utm_medium=api&utm_source=a4bcf954&v=E7D6BD682D593476A95C23C277F782F8D43EB095,5750358483,,,,
2025-07-12T22:07:55Z,"Unterstützen Sie uns im Rahmen eines Praktikums/einer Abschlussarbeit im Bereich Data Science. Studium/Fachrichtung | Mathematik, Statistik, Data Science, Informatik, Physik oder vglb. Studiengänge Einsatzbereich | Praktikum/Abschlussarbeit im Bereich Data Science Dauer | 3-6 Monate Bestens gefordert | Wir suchen motivierte Studierende, die sich unserem Data Science Team für ein Pflichtpraktikum und/oder eine Bachelor-/Masterarbeit (3-6 Monate) anschließen möchten. Bei uns können Sie praktische…",Praktikum/Abschlussarbeit im Bereich Data Science,"{'display_name': 'KSB', '__CLASS__': 'Adzuna::API::Response::Company'}",eyJhbGciOiJIUzI1NiJ9.eyJzIjoiWEluckt6aHU4Ukd3Nm9yTWQ2VzJndyIsImkiOiI1Mjk5ODY2NzQ2In0._-wNrQVdtJzZTjmuBffhqsFVRURiZz6aG0txI306elo,"{'display_name': 'Frankenthal, Bautzen (Kreis)', '__CLASS__': 'Adzuna::API::Response::Location', 'area': ['Deutschland', 'Sachsen', 'Bautzen (Kreis)', 'Frankenthal']}",14.10731,"{'__CLASS__': 'Adzuna::API::Response::Category', 'label': 'Unknown', 'tag': 'unknown'}",51.13209,0,Adzuna::API::Response::Job,https://www.adzuna.de/details/5299866746?utm_medium=api&utm_source=a4bcf954,5299866746,,,,
2026-06-20T00:34:54Z,"Ready for a challenge? Then Just Eat Takeaway.com might be the place for you. We’re a leading global online delivery platform, and our vision is to empower everyday convenience. Whether it’s a Friday-night feast, a post-gym poke bowl, or grabbing some groceries, our tech platform connects tens of millions of customers with hundreds of thousands of restaurant, grocery and convenience partners across the globe. About this role Logistics is the engine room of that platform. Every order depends on …","Data Science Manager, Network Orchestration","{'display_name': 'Just Eat', '__CLASS__': 'Adzuna::API::Response::Company'}",eyJhbGciOiJIUzI1NiJ9.eyJzIjoiWEluckt6aHU4Ukd3Nm9yTWQ2VzJndyIsImkiOiI1NzY5ODU4NDk3In0.eCsao_YcSXWdvkwM2inccohpz6fPsSJ98JM_viE8PsI,"{'area': ['Deutschland', 'Berlin'], '__CLASS__': 'Adzuna::API::Response::Location', 'display_name': 'Berlin, Deutschland'}",13.420806,"{'label': 'Stellen aus Kreation & Design', '__CLASS__': 'Adzuna::API::Response::Category', 'tag': 'creative-design-jobs'}",52.507706,0,Adzuna::API::Response::Job,https://www.adzuna.de/details/5769858497?utm_medium=api&utm_source=a4bcf954,5769858497,full_time,,,
2026-05-09T23:09:24Z,"About WPP Media WPP is the trusted growth partner for the world’s leading brands. With exceptional talent, trusted data and intelligence, and world-class partnerships – all united by our pioneering agentic marketing platform, WPP Open – we help clients navigate change, capture opportunity, and deliver transformational growth. WPP Media is WPP's AI-driven media operating unit, bringing together media, data, and partnerships to deliver creative personalisation at scale. Connected through WPP Open…",Associate Director Data Science (Mensch),"{'__CLASS__': 'Adzuna::API::Response::Company', 'display_name': 'WPP Media WPP'}",eyJhbGciOiJIUzI1NiJ9.eyJzIjoiWEluckt6aHU4Ukd3Nm9yTWQ2VzJndyIsImkiOiI1NzI0NTk5MjkwIn0.RzZguC5vhC_HcdNJAkJgRFZ3E1T__xH3uPFmaCn1_20,"{'display_name': 'Düsseldorf, Nordrhein-Westfalen', '__CLASS__': 'Adzuna::API::Response::Location', 'area': ['Deutschland', 'Nordrhein-Westfalen', 'Düsseldorf']}",6.808387,"{'label': 'IT-Stellen', '__CLASS__': 'Adzuna::API::Response::Category', 'tag': 'it-jobs'}",51.226802,0,Adzuna::API::Response::Job,https://www.adzuna.de/details/5724599290?utm_medium=api&utm_source=a4bcf954,5724599290,,,,
2026-06-16T06:44:53Z,"Company description Publicis Sapient is a digital transformation partner helping established organizations get to their future, digitally enabled state, both in the way they work and the way they serve their customers. We help unlock value through a start-up mindset and modern methods, fusing strategy, consulting, and customer experience with agile engineering and problem-solving creativity. United by our core values and our purpose of helping people thrive in the brave pursuit of next, our 20,…",Data Science - Manager - Consumer Products,"{'__CLASS__': 'Adzuna::API::Response::Company', 'display_name': 'Publicis Groupe'}",eyJhbGciOiJIUzI1NiJ9.eyJzIjoiWEluckt6aHU4Ukd3Nm9yTWQ2VzJndyIsImkiOiI1NzY1MDY0MjU3In0.4iSR-t8zinv6vjoKvtzODcNNvs7IzMYHMMObf_fK0wg,"{'display_name': 'Berlin, Deutschland', '__CLASS__': 'Adzuna::API::Response::Location', 'area': ['Deutschland', 'Berlin']}",13.420806,"{'__CLASS__': 'Adzuna::API::Response::Category', 'label': 'Unknown', 'tag': 'unknown'}",52.507706,0,Adzuna::API::Response::Job,https://www.adzuna.de/details/5765064257?utm_medium=api&utm_source=a4bcf954,5765064257,,,,
2025-11-18T18:47:23Z,"Who we are Melotech is revolutionizing media and entertainment. We create art through technology for humans to enjoy. In just 24 months, our work has been heard, watched and loved for over 3 billion minutes worldwide. Founded by entrepreneur and investor Soheil Mirpour, we are backed by top VCs Cherry Ventures, Speedinvest and GFC, alongside world-class angels from firms such as Spotify, Blackstone and KKR. What you will do Join us as Data Scientist Intern to bring order to the chaos of culture…","Data Science Intern, Music & Audio","{'display_name': 'Melotech', '__CLASS__': 'Adzuna::API::Response::Company'}",eyJhbGciOiJIUzI1NiJ9.eyJpIjoiNTUwMjI0MDk4MiIsInMiOiJYSW5yS3podThSR3c2b3JNZDZXMmd3In0.26bamnASzhdR9t7D5Op-G8CBIbJXkZOCBAJ6gs48fmQ,"{'__CLASS__': 'Adzuna::API::Response::Location', 'display_name': 'Berlin, Deutschland', 'area': ['Deutschland', 'Berlin']}",13.420806,"{'__CLASS__': 'Adzuna::API::Response::Category', 'label': 'Unknown', 'tag': 'unknown'}",52.507706,0,Adzuna::API::Response::Job,https://www.adzuna.de/details/5502240982?utm_medium=api&utm_source=a4bcf954,5502240982,full_time,,,
2026-05-31T05:07:32Z,"Life is always about becoming… Im Leben geht es darum, sich auf eine Reise zu begeben, um die beste Version unseres zukünftigen Selbst zu werden. Während wir Neues entdecken, stellen wir uns Herausforderungen, meistern sie und wachsen über uns hinaus. Bewerben Sie sich bei Mercedes-Benz und finden Sie den Aufgabenbereich, in dem Sie Ihre Talente individuell entfalten können. Dabei werden Sie von visionären Kolleginnen und Kollegen unterstützt, die Ihren Pioniergeist teilen. Bei uns einzusteigen…","Praktikant*in Toolentwicklung & Testing , Pre-Integration Telematik","{'display_name': 'Mercedes-Benz AG', '__CLASS__': 'Adzuna::API::Response::Company'}",eyJhbGciOiJIUzI1NiJ9.eyJzIjoiWEluckt6aHU4Ukd3Nm9yTWQ2VzJndyIsImkiOiI1NzQ2MTQ4NTE3In0.rEAIppdWtAHeBueofvvIU4sEg_KP96D3oeMF5iH4Ets,"{'area': ['Deutschland', 'Baden-Württemberg', 'Böblingen (Kreis)', 'Sindelfingen'], '__CLASS__': 'Adzuna::API::Response::Location', 'display_name': 'Sindelfingen, Böblingen (Kreis)'}",9.026231,"{'tag': 'unknown', '__CLASS__': 'Adzuna::API::Response::Category', 'label': 'Unknown'}",48.720071,0,Adzuna::API::Response::Job,https://www.adzuna.de/land/ad/5746148517?se=XInrKzhu8RGw6orMd6W2gw&utm_medium=api&utm_source=a4bcf954&v=5B28E490892D514E6F93123DB48C086DF913CDE8,5746148517,,,,
2026-06-06T14:47:11Z,"Life is always about becoming… Im Leben geht es darum, sich auf eine Reise zu begeben, um die beste Version unseres zukünftigen Selbst zu werden. Während wir Neues entdecken, stellen wir uns Herausforderungen, meistern sie und wachsen über uns hinaus. Bewerben Sie sich bei Mercedes-Benz und finden Sie den Aufgabenbereich, in dem Sie Ihre Talente individuell entfalten können. Dabei werden Sie von visionären Kolleginnen und Kollegen unterstützt, die Ihren Pioniergeist teilen. Bei uns einzusteigen…","Praktikant*in ""Projektleitung Qualität E/E - Customer Readiness""","{'display_name': 'Mercedes-Benz AG', '__CLASS__': 'Adzuna::API::Response::Company'}",eyJhbGciOiJIUzI1NiJ9.eyJpIjoiNTc1NDUwNTEzOCIsInMiOiJYSW5yS3podThSR3c2b3JNZDZXMmd3In0.kjfeRYfVvTVM-JAex77Pl3KDf2SQ-Ldd7U3VSdNcqpc,"{'area': ['Deutschland', 'Baden-Württemberg', 'Böblingen (Kreis)', 'Sindelfingen'], '__CLASS__': 'Adzuna::API::Response::Location', 'display_name': 'Sindelfingen, Böblingen (Kreis)'}",9.026231,"{'tag': 'manufacturing-jobs', '__CLASS__': 'Adzuna::API::Response::Category', 'label': 'Stellen aus Fertigung'}",48.720071,0,Adzuna::API::Response::Job,https://www.adzuna.de/land/ad/5754505138?se=XInrKzhu8RGw6orMd6W2gw&utm_medium=api&utm_source=a4bcf954&v=06783A0D3C18E9DB09BF9B3D30B3BE11FB181EB8,5754505138,,,,
2026-06-03T11:33:01Z,"Deine Aufgaben Du möchtest nicht nur Daten analysieren, sondern verstehen, wie aus Daten wertvolle Erkenntnisse entstehen, die die digitale Zukunft der HDI Group gestalten? Die 21-monatige IT-Ausbildung kombiniert praktische Arbeit im Bereich Data Science mit theoretischem Wissen, das Du im Studiengang Business Data Analytics mit Schwerpunkt KI an der FHDW in Hannover erwirbst. Du arbeitest an spannenden Projekten rund um AI, GenAI, Machine Learning, und Cloud-Services. Du entwickelst Lösungen,…",Duales Studium Business Data Analytics (M.Sc.) mit Schwerpunkt KI - Einstieg Data Science,"{'__CLASS__': 'Adzuna::API::Response::Company', 'display_name': 'HDI AG'}",eyJhbGciOiJIUzI1NiJ9.eyJzIjoiWEluckt6aHU4Ukd3Nm9yTWQ2VzJndyIsImkiOiI1NzUwMzU0Njg1In0.KZv_YiTRRaDsnIPcpXe-AfmlLGfRysWmLQzWxCw0JvU,"{'area': ['Deutschland', 'Niedersachsen', 'Region Hannover (Kreis)', 'Hannover'], '__CLASS__': 'Adzuna::API::Response::Location', 'display_name': 'Hannover, Region Hannover (Kreis)'}",9.742751,"{'tag': 'part-time-jobs', 'label': 'Teilzeitstellen', '__CLASS__': 'Adzuna::API::Response::Category'}",52.378818,0,Adzuna::API::Response::Job,https://www.adzuna.de/land/ad/5750354685?se=XInrKzhu8RGw6orMd6W2gw&utm_medium=api&utm_source=a4bcf954&v=39F93B861DD047CB54862321D0BC487CCA6F0BA4,5750354685,,,,
2026-06-03T11:33:59Z,"Während des Dualen Studiums im Studiengang Data Science und Künstliche Intelligenz analysierst und interpretierst du große Datenmengen, um daraus wertvolles Wissen zu gewinnen. Du entwickelst intelligente, KI-basierte Anwendungen und optimierst damit Prozesse. Diese Kompetenzen machen dich zu einer gefragten Expertin oder einem gefragten Experten an der Schnittstelle von Technologie und Wirtschaft. Was du lernst Entwicklung von KI-Modellen und intelligenten Anwendungen (z.B. Machine Learning, N…",Duales Studium Data Science und Künstliche Inteligenzen B.Sc. 2026 (m/w/d),"{'display_name': 'Viessmann Climate Solutions', '__CLASS__': 'Adzuna::API::Response::Company'}",eyJhbGciOiJIUzI1NiJ9.eyJzIjoiWEluckt6aHU4Ukd3Nm9yTWQ2VzJndyIsImkiOiI1NzUwMzYwMjQwIn0.dn1T3ulPTllXPBpRypCzNeYqeKOs9vH7KqCHBtY28zY,"{'area': ['Deutschland'], 'display_name': 'Deutschland', '__CLASS__': 'Adzuna::API::Response::Location'}",,"{'label': 'Teilzeitstellen', '__CLASS__': 'Adzuna::API::Response::Category', 'tag': 'part-time-jobs'}",,0,Adzuna::API::Response::Job,https://www.adzuna.de/land/ad/5750360240?se=XInrKzhu8RGw6orMd6W2gw&utm_medium=api&utm_source=a4bcf954&v=9DB27E2D58369ACC293BD1DA88B0C04594D004D7,5750360240,,,,
2026-06-03T11:37:34Z,"Darauf kannst du dich freuen: Wechsel zwischen Theoriephasen an der DHBW Karlsruhe und Praxiseinsätzen bei uns im Unternehmen Mitarbeit in spannenden Projekten mit direktem Bezug zur Praxis Einblicke in verschiedene Unternehmensbereiche und interdisziplinäre Zusammenarbeit Moderne Arbeitsumgebung, offene Unternehmenskultur und individuelle Betreuung Sehr gute Entwicklungschancen nach deinem Studium Einführungsmonat/Vorpraktikum bereits vor dem 1.10. Rotationsplan mit Wunsch-Stationen (deine per…",Bachelor of Science (m/w/d) â Data Science und Künstliche Intelligenz 2026,"{'__CLASS__': 'Adzuna::API::Response::Company', 'display_name': 'BGV-Versicherung AG'}",eyJhbGciOiJIUzI1NiJ9.eyJzIjoiWEluckt6aHU4Ukd3Nm9yTWQ2VzJndyIsImkiOiI1NzUwMzgzMDA2In0.vjxGZJkOKi1We9tXkEG79nKXnvDjZqSshD1KK3ckhl0,"{'__CLASS__': 'Adzuna::API::Response::Location', 'display_name': 'Karlsruhe, Karlsruhe (Kreis)', 'area': ['Deutschland', 'Baden-Württemberg', 'Karlsruhe (Kreis)', 'Karlsruhe']}",8.412378,"{'tag': 'part-time-jobs', '__CLASS__': 'Adzuna::API::Response::Category', 'label': 'Teilzeitstellen'}",49.001249,0,Adzuna::API::Response::Job,https://www.adzuna.de/land/ad/5750383006?se=XInrKzhu8RGw6orMd6W2gw&utm_medium=api&utm_source=a4bcf954&v=7E7AD6C30237192E5985785B15D37062E1183FCF,5750383006,,,,
2026-06-19T01:49:17Z,"Job Description We are seeking a Director of Data Science, Deep Learning to lead our deep learning team within the AdTech space, specifically within the Vendor Data team, to shape the future of AI-driven ads and deals at Delivery Hero. In this pivotal role, you will jointly architect state-of-the-art deep learning models, influence AI strategy, and develop cutting-edge methodologies to significantly enhance the success of thousands of vendors - restaurants, shops, and local businesses - across …","Director, Data Science - Deep Learning & AI","{'__CLASS__': 'Adzuna::API::Response::Company', 'display_name': 'Delivery Hero'}",eyJhbGciOiJIUzI1NiJ9.eyJzIjoiWEluckt6aHU4Ukd3Nm9yTWQ2VzJndyIsImkiOiI1NzY4NzIzMzMyIn0.lGGPxmBQQBXdYxUO8QJBHC_BFQ1sNDyqoFvewHlbLkA,"{'display_name': 'Berlin, Deutschland', '__CLASS__': 'Adzuna::API::Response::Location', 'area': ['Deutschland', 'Berlin']}",13.420806,"{'tag': 'it-jobs', '__CLASS__': 'Adzuna::API::Response::Category', 'label': 'IT-Stellen'}",52.507706,0,Adzuna::API::Response::Job,https://www.adzuna.de/details/5768723332?utm_medium=api&utm_source=a4bcf954,5768723332,,,,
2026-06-19T05:50:15Z,"Life is always about becoming… Im Leben geht es darum, sich auf eine Reise zu begeben, um die beste Version unseres zukünftigen Selbst zu werden. Während wir Neues entdecken, stellen wir uns Herausforderungen, meistern sie und wachsen über uns hinaus. Bewerben Sie sich bei Mercedes-Benz und finden Sie den Aufgabenbereich, in dem Sie Ihre Talente individuell entfalten können. Dabei werden Sie von visionären Kolleginnen und Kollegen unterstützt, die Ihren Pioniergeist teilen. Bei uns einzusteigen…","Werkstudent*in MO360 Product Owner Team - Fokus KI, Daten & Kommunikation (Digitalisierung Produktion)","{'__CLASS__': 'Adzuna::API::Response::Company', 'display_name': 'Mercedes-Benz AG'}",eyJhbGciOiJIUzI1NiJ9.eyJpIjoiNTc2ODg5ODYzMiIsInMiOiJYSW5yS3podThSR3c2b3JNZDZXMmd3In0.M1sGS1D330LZGlCKsyYCjWcC8dgC-qjHQbqYWrymMoE,"{'__CLASS__': 'Adzuna::API::Response::Location', 'display_name': 'Sindelfingen, Böblingen (Kreis)', 'area': ['Deutschland', 'Baden-Württemberg', 'Böblingen (Kreis)', 'Sindelfingen']}",9.026231,"{'tag': 'unknown', '__CLASS__': 'Adzuna::API::Response::Category', 'label': 'Unknown'}",48.720071,0,Adzuna::API::Response::Job,https://www.adzuna.de/land/ad/5768898632?se=XInrKzhu8RGw6orMd6W2gw&utm_medium=api&utm_source=a4bcf954&v=BFDE1F074BC56B44FA8C946C7FD41BFFEEF740FB,5768898632,,,,
2026-06-19T05:50:17Z,"Life is always about becoming… Im Leben geht es darum, sich auf eine Reise zu begeben, um die beste Version unseres zukünftigen Selbst zu werden. Während wir Neues entdecken, stellen wir uns Herausforderungen, meistern sie und wachsen über uns hinaus. Bewerben Sie sich bei Mercedes-Benz und finden Sie den Aufgabenbereich, in dem Sie Ihre Talente individuell entfalten können. Dabei werden Sie von visionären Kolleginnen und Kollegen unterstützt, die Ihren Pioniergeist teilen. Bei uns einzusteigen…","Praktikant*in MO360 Product Owner Team - Fokus KI, Daten & Kommunikation (Digitalisierung Produktion)","{'__CLASS__': 'Adzuna::API::Response::Company', 'display_name': 'Mercedes-Benz AG'}",eyJhbGciOiJIUzI1NiJ9.eyJpIjoiNTc2ODg5ODcwNyIsInMiOiJYSW5yS3podThSR3c2b3JNZDZXMmd3In0.Q3XdCfjdyrp9vMyvXLZTIIovM65Y4YUnWIPKSQpLImA,"{'__CLASS__': 'Adzuna::API::Response::Location', 'display_name': 'Sindelfingen, Böblingen (Kreis)', 'area': ['Deutschland', 'Baden-Württemberg', 'Böblingen (Kreis)', 'Sindelfingen']}",9.026231,"{'label': 'Unknown', '__CLASS__': 'Adzuna::API::Response::Category', 'tag': 'unknown'}",48.720071,0,Adzuna::API::Response::Job,https://www.adzuna.de/land/ad/5768898707?se=XInrKzhu8RGw6orMd6W2gw&utm_medium=api&utm_source=a4bcf954&v=19112DA5CA668C26F3F3DCEE7FCC41BFA17AA534,5768898707,,,,
2026-06-21T06:16:53Z,"Life is always about becoming… Im Leben geht es darum, sich auf eine Reise zu begeben, um die beste Version unseres zukünftigen Selbst zu werden. Während wir Neues entdecken, stellen wir uns Herausforderungen, meistern sie und wachsen über uns hinaus. Bewerben Sie sich bei Mercedes-Benz und finden Sie den Aufgabenbereich, in dem Sie Ihre Talente individuell entfalten können. Dabei werden Sie von visionären Kolleginnen und Kollegen unterstützt, die Ihren Pioniergeist teilen. Bei uns einzusteigen…",Werkstudent*in Prozessoptimierung und Einsatz von KI im Beschaffungsmanagement,"{'__CLASS__': 'Adzuna::API::Response::Company', 'display_name': 'Mercedes-Benz AG'}",eyJhbGciOiJIUzI1NiJ9.eyJpIjoiNTc3MTM2NDg0NCIsInMiOiJYSW5yS3podThSR3c2b3JNZDZXMmd3In0.sEprldH2290AlcuSUZnkOr7Z6iYtC9dHnBETg5Bt16o,"{'display_name': 'Sindelfingen, Böblingen (Kreis)', '__CLASS__': 'Adzuna::API::Response::Location', 'area': ['Deutschland', 'Baden-Württemberg', 'Böblingen (Kreis)', 'Sindelfingen']}",9.026231,"{'__CLASS__': 'Adzuna::API::Response::Category', 'label': 'Sonstige/Allgemeine Stellen', 'tag': 'other-general-jobs'}",48.720071,0,Adzuna::API::Response::Job,https://www.adzuna.de/land/ad/5771364844?se=XInrKzhu8RGw6orMd6W2gw&utm_medium=api&utm_source=a4bcf954&v=74D1A25D6CD7B3E60DD37F6F63F85F986EE0B5EA,5771364844,,,,
2026-04-26T00:03:52Z,Specialist Data Science (m/w/d) für unsere Zentrale in Telgte (bei Münster) Aus Westfalen in die Welt - mit rund 18.000 Kolleginnen und Kollegen und fast 2.000 Stores in 17 Ländern sind wir einer der größten Fashion Discounter in Europa. Unsere internationalen Geschäfte steuern wir aus unserer Zentrale im westfälischen Telgte bei Münster. Takko Fashion steht für aktuelle Trends sowie gute Qualität aus sozial verantwortungsbewusster Produktion – und das zu einem erschwinglichen Preis. Durch unse…,Specialist Data Science (m/w/d),"{'__CLASS__': 'Adzuna::API::Response::Company', 'display_name': 'Takko Fashion'}",eyJhbGciOiJIUzI1NiJ9.eyJzIjoiWEluckt6aHU4Ukd3Nm9yTWQ2VzJndyIsImkiOiI1NzEwNjU5MjkyIn0.x3PRQCl7-bU6mRWUzTD0VTJW_6BI5uVvIFfr52O8GK8,"{'area': ['Deutschland', 'Nordrhein-Westfalen', 'Warendorf (Kreis)', 'Telgte'], 'display_name': 'Telgte, Warendorf (Kreis)', '__CLASS__': 'Adzuna::API::Response::Location'}",7.7853,"{'tag': 'unknown', '__CLASS__': 'Adzuna::API::Response::Category', 'label': 'Unknown'}",51.98437,0,Adzuna::API::Response::Job,https://www.adzuna.de/details/5710659292?utm_medium=api&utm_source=a4bcf954,5710659292,full_time,,,permanent
2025-02-28T14:07:24Z,"Wir bieten dir Flexibles Arbeiten: Mobiles Arbeiten mit vier gemeinsamen Präsenztagen im Monat. Und wenn du magst, bist du natürlich jederzeit öfter im Büro willkommen. So schaffen wir die perfekte Balance aus Freiheit und persönlichem Austausch. Individuelle Arbeitszeitmodelle , die sich an dein Leben anpassen. Gestaltungsfreiraum für deine Ideen und Projekte, mit der Möglichkeit, wirklich etwas zu bewegen. Gezielte Weiterbildungsmöglichkeiten , die wir aktiv fördern. Ein starkes Miteinander i…",Data Science Specialist (m/w/d),"{'__CLASS__': 'Adzuna::API::Response::Company', 'display_name': 'IT-P GmbH'}",eyJhbGciOiJIUzI1NiJ9.eyJzIjoiWEluckt6aHU4Ukd3Nm9yTWQ2VzJndyIsImkiOiI1MDY3MDIwNzk4In0.IUdwftoyfjGbcqPKi2O7ecg5hvM5-1QbBQal8LJJjGY,"{'display_name': 'Bult, Hannover', '__CLASS__': 'Adzuna::API::Response::Location', 'area': ['Deutschland', 'Niedersachsen', 'Region Hannover (Kreis)', 'Hannover', 'Bult']}",9.77223,"{'tag': 'unknown', 'label': 'Unknown', '__CLASS__': 'Adzuna::API::Response::Category'}",52.36489,0,Adzuna::API::Response::Job,https://www.adzuna.de/details/5067020798?utm_medium=api&utm_source=a4bcf954,5067020798,part_time,,,
2026-05-12T23:01:22Z,"Wir bieten dir Flexibles Arbeiten: Mobiles Arbeiten mit vier gemeinsamen Präsenztagen im Monat. Und wenn du magst, bist du natürlich jederzeit öfter im Büro willkommen. So schaffen wir die perfekte Balance aus Freiheit und persönlichem Austausch. Individuelle Arbeitszeitmodelle , die sich an dein Leben anpassen. Gestaltungsfreiraum für deine Ideen und Projekte, mit der Möglichkeit, wirklich etwas zu bewegen. Gezielte Weiterbildungsmöglichkeiten , die wir aktiv fördern. Ein starkes Miteinander i…",Data Science Specialist (m/w/d),"{'display_name': 'IT-P', '__CLASS__': 'Adzuna::API::Response::Company'}",eyJhbGciOiJIUzI1NiJ9.eyJzIjoiWEluckt6aHU4Ukd3Nm9yTWQ2VzJndyIsImkiOiI1NzI3MzA5MjcxIn0.MY2rmAoL14Gb6flu04Z5y1yVzMujubVgI1XjlIWtwHM,"{'__CLASS__': 'Adzuna::API::Response::Location', 'display_name': 'Deutschland', 'area': ['Deutschland']}",,"{'tag': 'unknown', 'label': 'Unknown', '__CLASS__': 'Adzuna::API::Response::Category'}",,0,Adzuna::API::Response::Job,https://www.adzuna.de/details/5727309271?utm_medium=api&utm_source=a4bcf954,5727309271,full_time,,,
2026-05-12T22:59:27Z,"Dein Studium Du möchtest Theorie und Praxis miteinander verknüpfen und begeisterst dich für Daten, Analysen und Künstliche Intelligenz? Dann ist das duale Studium im Bereich Data Science & Künstliche Intelligenz in Kombination mit MWAY genau das Richtige für dich. Studiendauer: 3 Jahre Studienverlauf: Wechsel von Theorie- und Praxisphasen im 3-Monats-Rhythmus Praxisort: Stuttgart-Bad Cannstatt Studienstart: 01.10.2027 Studienort: DHBW Stuttgart Abschluss: Bachelor of Science Weitere Information…",DHBW Data Science & Künstliche Intelligenz – 2027,"{'display_name': 'MWAY DIGITAL', '__CLASS__': 'Adzuna::API::Response::Company'}",eyJhbGciOiJIUzI1NiJ9.eyJpIjoiNTcyNzMwMTMyMiIsInMiOiJRSk00TFRodThSR3c2b3JNZDZXMmd3In0.VU_-FtP3vXJoZYE7dBfB16ekPZEx8r7A4JDowKc8UIc,"{'display_name': 'Stuttgart, Baden-Württemberg', '__CLASS__': 'Adzuna::API::Response::Location', 'area': ['Deutschland', 'Baden-Württemberg', 'Stuttgart']}",9.187224,"{'tag': 'it-jobs', '__CLASS__': 'Adzuna::API::Response::Category', 'label': 'IT-Stellen'}",48.776198,0,Adzuna::API::Response::Job,https://www.adzuna.de/details/5727301322?utm_medium=api&utm_source=a4bcf954,5727301322,full_time,,,
2026-01-21T06:59:03Z,"Dein Studium Du möchtest Theorie und Praxis miteinander verknüpfen und begeisterst dich für Daten, Analysen und Künstliche Intelligenz? Dann ist das duale Studium im Bereich Data Science & Künstliche Intelligenz in Kombination mit MWAY genau das Richtige für dich. Studiendauer: 3 Jahre Studienverlauf: Wechsel von Theorie- und Praxisphasen im 3-Monats-Rhythmus Praxisort: Stuttgart-Bad Cannstatt Studienstart: 01.10.2027 Studienort: DHBW Stuttgart Abschluss: Bachelor of Science Weitere Information…",DHBW Data Science & Künstliche Intelligenz – 2027,"{'__CLASS__': 'Adzuna::API::Response::Company', 'display_name': 'MWAY DIGITAL GmbH'}",eyJhbGciOiJIUzI1NiJ9.eyJpIjoiNTU5MzY1NTQwMiIsInMiOiJRSk00TFRodThSR3c2b3JNZDZXMmd3In0.jyJIJ1Pve4CZdJlJb4wO_fXOpti4-Z7qst6NT2hgUZ8,"{'__CLASS__': 'Adzuna::API::Response::Location', 'display_name': 'Bad Cannstatt, Stuttgart', 'area': ['Deutschland', 'Baden-Württemberg', 'Stuttgart', 'Bad Cannstatt']}",9.21546,"{'label': 'Unknown', '__CLASS__': 'Adzuna::API::Response::Category', 'tag': 'unknown'}",48.80499,0,Adzuna::API::Response::Job,https://www.adzuna.de/details/5593655402?utm_medium=api&utm_source=a4bcf954,5593655402,full_time,,,
2026-05-12T23:27:34Z,"Deine Aufgaben Praktikum bei HIGHBERG in Hamburg: Bei uns heißt es im Praktikum nicht Kaffeekochen, sondern echte Kundenprojekte von Beginn an, gepaart mit Verantwortung und steiler Lernkurve. Neben einem intensiven Einblick in die Medienbranche erwartet Dich aktive Mitarbeit. Unser Umgang im Team lässt Raum für Deine persönliche Entwicklung. Gerne übernehmen wir Dich nach guter Arbeit auch nach dem Praktikum als Data Scientist und bieten Dir weitere spannende Aufgaben und Aufstiegschancen. Zu …",Praktikum: Data Science (w/m/d),"{'__CLASS__': 'Adzuna::API::Response::Company', 'display_name': 'Highberg'}",eyJhbGciOiJIUzI1NiJ9.eyJpIjoiNTcyNzM0NTQwNCIsInMiOiJRSk00TFRodThSR3c2b3JNZDZXMmd3In0.B5pataB90Ip_a8XuD_uK_PlMiRoMSX4VlVjskANP5d4,"{'area': ['Deutschland', 'Hamburg', 'HafenCity'], 'display_name': 'HafenCity, Hamburg', '__CLASS__': 'Adzuna::API::Response::Location'}",9.99333,"{'__CLASS__': 'Adzuna::API::Response::Category', 'label': 'Beraterstellen', 'tag': 'consultancy-jobs'}",53.54167,0,Adzuna::API::Response::Job,https://www.adzuna.de/details/5727345404?utm_medium=api&utm_source=a4bcf954,5727345404,full_time,,,
2026-06-09T12:32:22Z,"Stellenangebot [ ](https://www.pfalzwerke.de/privatkunden) Experte Data Science (m/w/d) Warum wir? *Wir sind mehr als ein Energieversorger Nachhaltig, nah am Kunden und innovativ. Seit über 100 Jahren geben wir unser Bestes und garantieren eine sichere und umweltverträgliche Energieversorgung. Wir investieren regional und international in zukunftsweisende Versorgungskonzepte aus Kraft-Wärme-Kopplung, Windkraft oder Photovoltaik, in innovative Technologien und Infrastrukturlösungen, wie Wasserst…",Experte Data Science (m/w/d),"{'__CLASS__': 'Adzuna::API::Response::Company', 'display_name': 'PFALZWERKE AKTIENGESELLSCHAFT'}",eyJhbGciOiJIUzI1NiJ9.eyJpIjoiNTc1NzA2NDg5MCIsInMiOiJRSk00TFRodThSR3c2b3JNZDZXMmd3In0.5mNuieDM9MODQsCiT7UiFjKX72C5rtf8fjFm5zdcqsQ,"{'area': ['Deutschland', 'Baden-Württemberg', 'Konstanz (Kreis)', 'Bodman-Ludwigshafen'], '__CLASS__': 'Adzuna::API::Response::Location', 'display_name': 'Bodman-Ludwigshafen, Konstanz (Kreis)'}",9.02709,"{'tag': 'consultancy-jobs', 'label': 'Beraterstellen', '__CLASS__': 'Adzuna::API::Response::Category'}",47.80254,0,Adzuna::API::Response::Job,https://www.adzuna.de/details/5757064890?utm_medium=api&utm_source=a4bcf954,5757064890,,,,
2023-10-05T13:37:27Z,"Wer wir sind Als eine der führenden Beratungen der Medienbranche treibt Highberg DACH (ehemals SCHICKLER) den digitalen Wandel in Medienunternehmen in Deutschland, Österreich und der Schweiz aktiv voran. In der Medienwelt von heute entscheidet Datenkompetenz über Sichtbarkeit, Reichweite und Erfolg. Wer relevant bleiben will, muss Wandel aktiv gestalten – genau deshalb suchen wir dich. Unser Tech Stack: Programmiersprachen: Python, R, JavaScript, SQL ETL / Data-Modeling: dbt, Google Dataflow, P…",Praktikum: Data Science (w/m/d),"{'display_name': 'Highberg DACH', '__CLASS__': 'Adzuna::API::Response::Company'}",eyJhbGciOiJIUzI1NiJ9.eyJzIjoiUUpNNExUaHU4Ukd3Nm9yTWQ2VzJndyIsImkiOiI0MzUyNTkxOTMyIn0.lKCWYVJydRDjUlJ4KQONMWJ6qt794kMWMkgEriJWkFo,"{'display_name': 'HafenCity, Hamburg', '__CLASS__': 'Adzuna::API::Response::Location', 'area': ['Deutschland', 'Hamburg', 'HafenCity']}",9.99333,"{'label': 'Unknown', '__CLASS__': 'Adzuna::API::Response::Category', 'tag': 'unknown'}",53.54167,0,Adzuna::API::Response::Job,https://www.adzuna.de/details/4352591932?utm_medium=api&utm_source=a4bcf954,4352591932,full_time,,,
2026-06-12T23:21:34Z,"Im AI & Data Team bei Accenture vereinen wir einzigartige Persönlichkeiten und zukunftsgerichtetes Know-How, um gemeinsam mit unseren Kunden datengetriebene Transformation voranzutreiben und die Zukunft durch KI (Künstliche Intelligenz) zu gestalten. Wir begleiten unsere Kunden Ende-zu-Ende – von der strategischen, KI-nativen Neuausrichtung & Zieldefinition der Organisation über die Konzeption & Entwicklung von cutting-edge KI-Lösungen bis hin zum technischen Design & der Implementierung von KI…",AI & Data Science Consultant (all genders),"{'display_name': 'Accenture', '__CLASS__': 'Adzuna::API::Response::Company'}",eyJhbGciOiJIUzI1NiJ9.eyJpIjoiNTc2MTgxMjkzMCIsInMiOiJRSk00TFRodThSR3c2b3JNZDZXMmd3In0.LRI-wCYz2-SI7XsV28iODYUPQdYDrEMSNkU8b5ApBlU,"{'area': ['Deutschland'], '__CLASS__': 'Adzuna::API::Response::Location', 'display_name': 'Deutschland'}",,"{'label': 'Beraterstellen', '__CLASS__': 'Adzuna::API::Response::Category', 'tag': 'consultancy-jobs'}",,0,Adzuna::API::Response::Job,https://www.adzuna.de/details/5761812930?utm_medium=api&utm_source=a4bcf954,5761812930,full_time,,,
2026-05-01T22:59:27Z,"Auf was wir bei ENCAVIS setzen? Die Sonne. Den Wind. Und auf dich. Willkommen in der Welt von Encavis! Bei uns dreht sich alles um die Kraft der Sonne, des Windes und der konzernweit über 400 Menschen, die gemeinsam das Energiesystem der Zukunft gestalten, um eine nachhaltige Energieversorgung für zukünftige Generationen sicherzustellen. Die ENCAVIS Management GmbH & Co. KG ist die Holding der ENCAVIS GmbH, einem der führenden Stromerzeuger aus Erneuerbaren Energien in Europa. Wir betreiben ein…",Berufsbegleitendes Studium - Data Science & Artificial Intelligence,"{'display_name': 'ENCAVIS', '__CLASS__': 'Adzuna::API::Response::Company'}",eyJhbGciOiJIUzI1NiJ9.eyJpIjoiNTcxNjIyNDAyMCIsInMiOiJRSk00TFRodThSR3c2b3JNZDZXMmd3In0.CY6_F6z_ZJOOmk_B5sIyRQaTR9Txh-qFf5teqt7Qp4k,"{'__CLASS__': 'Adzuna::API::Response::Location', 'display_name': 'Altona-Altstadt, Hamburg', 'area': ['Deutschland', 'Hamburg', 'Altona-Altstadt']}",9.9477,"{'label': 'IT-Stellen', '__CLASS__': 'Adzuna::API::Response::Category', 'tag': 'it-jobs'}",53.54883,0,Adzuna::API::Response::Job,https://www.adzuna.de/details/5716224020?utm_medium=api&utm_source=a4bcf954,5716224020,part_time,,,
2026-05-12T23:10:06Z,"Das sind wir Daten sind für Dich nicht gleich Daten? Du liebst es, Daten zu analysieren und interaktiv aufzubereiten. Bei SKOPOS ELEMENTS unterstützen talentierte Data Scientists zukunftsorientierte Unternehmen und Menschen bei ihrem Weg zur Data Driven Company - immer erfolgsorientiert. Als Teil der SKOPOS GROUP sind wir seit 1995 führender Anbieter in der Marktforschung und beschäftigen aktuell über 140 Mitarbeitende. Begleite unser Wachstum und verstärke ab sofort unser Team in Hürth. Das si…",Praktikant (m/w/d) Data Science,"{'__CLASS__': 'Adzuna::API::Response::Company', 'display_name': 'Skopos Group'}",eyJhbGciOiJIUzI1NiJ9.eyJpIjoiNTcyNzMyNTA0NSIsInMiOiJRSk00TFRodThSR3c2b3JNZDZXMmd3In0.GDpiDgy_-35hoqpFBVfjgPS2y8LBs5p9ukc3V6idjbM,"{'__CLASS__': 'Adzuna::API::Response::Location', 'display_name': 'Hürth, Rhein-Erft-Kreis', 'area': ['Deutschland', 'Nordrhein-Westfalen', 'Rhein-Erft-Kreis', 'Hürth']}",6.86811,"{'tag': 'unknown', 'label': 'Unknown', '__CLASS__': 'Adzuna::API::Response::Category'}",50.87096,0,Adzuna::API::Response::Job,https://www.adzuna.de/details/5727325045?utm_medium=api&utm_source=a4bcf954,5727325045,full_time,,,
2026-05-24T22:35:10Z,"About the opportunity We are seeking an inspirational and strategic Head of Data Science to lead our Generative AI team. This is a critical leadership role where you will define and drive the strategy for developing production-ready generative AI applications, transforming how N26 operates and serves its millions of customers across Europe. Your team develops cutting-edge generative AI workflows, agents, and agentic systems for internal automation and to enable innovative, high-impact customer-…",Head of Data Science - Generative AI,"{'__CLASS__': 'Adzuna::API::Response::Company', 'display_name': 'N26'}",eyJhbGciOiJIUzI1NiJ9.eyJpIjoiNTczOTk1MjMyMiIsInMiOiJRSk00TFRodThSR3c2b3JNZDZXMmd3In0.d4n09pgw6Lri5K5yao3WuPz3OJQZuWQh7vm3dRaZlFc,"{'display_name': 'Berlin, Deutschland', '__CLASS__': 'Adzuna::API::Response::Location', 'area': ['Deutschland', 'Berlin']}",13.420806,"{'tag': 'it-jobs', 'label': 'IT-Stellen', '__CLASS__': 'Adzuna::API::Response::Category'}",52.507706,0,Adzuna::API::Response::Job,https://www.adzuna.de/details/5739952322?utm_medium=api&utm_source=a4bcf954,5739952322,,,,
2026-06-18T14:13:20Z,"Praktikum Künstliche Intelligenz / Data Science – Medizintechnik Drägerwerk AG & Co. KGaA - Job-ID V000011147 Einsatzort: Lübeck Fachbereich: R&D Art der Anstellung: Vollzeit Dafür suchen wir Dich Studieren macht Spaß – noch mehr, wenn du die Theorie auch in der Praxis erleben kannst. Bei Dräger bringst du vom ersten Tag an deine Ideen ein und übernimmst Verantwortung für ›Technik für das Leben‹. Im Bereich Workplace Infrastructure dreht sich alles um die Gestaltung moderner Arbeits- und Klinik…",Praktikum Künstliche Intelligenz / Data Science – Medizintechnik,"{'__CLASS__': 'Adzuna::API::Response::Company', 'display_name': 'Drägerwerk AG & Co. KGaA'}",eyJhbGciOiJIUzI1NiJ9.eyJpIjoiNTc2ODA2MDYzOCIsInMiOiJRSk00TFRodThSR3c2b3JNZDZXMmd3In0.DygVxaO9Oe0sDck2WpP2k1CRIcHlxWXpvlMM_O87cM8,"{'display_name': 'Buntekuh, Lübeck', '__CLASS__': 'Adzuna::API::Response::Location', 'area': ['Deutschland', 'Schleswig-Holstein', 'Lübeck', 'Buntekuh']}",10.64904,"{'__CLASS__': 'Adzuna::API::Response::Category', 'label': 'Unknown', 'tag': 'unknown'}",53.86126,0,Adzuna::API::Response::Job,https://www.adzuna.de/details/5768060638?utm_medium=api&utm_source=a4bcf954,5768060638,,,,
2026-06-21T23:36:37Z,"This position is listed on behalf of a partner company, who manages all applications and next steps. Our partner is looking for a Head of Data Science & Credit Risk based in Germany. This is a high-impact leadership role at the intersection of machine learning, credit risk, and financial inclusion, where you will define and scale the core decisioning systems that power lending across multiple Southeast Asian markets. You will own the end-to-end credit intelligence strategy, from model developme…",Head Of Data Science & Credit Risk,"{'__CLASS__': 'Adzuna::API::Response::Company', 'display_name': 'Jobgether'}",eyJhbGciOiJIUzI1NiJ9.eyJpIjoiNTc3MjAwMjY5NiIsInMiOiJRSk00TFRodThSR3c2b3JNZDZXMmd3In0.tcvVsCvsEycnBh8_ZyLBx-aXvdK-WXqu0XnJwZj2QS8,"{'area': ['Deutschland'], '__CLASS__': 'Adzuna::API::Response::Location', 'display_name': 'Deutschland'}",,"{'label': 'Unknown', '__CLASS__': 'Adzuna::API::Response::Category', 'tag': 'unknown'}",,0,Adzuna::API::Response::Job,https://www.adzuna.de/details/5772002696?utm_medium=api&utm_source=a4bcf954,5772002696,full_time,,,
2026-05-12T23:08:36Z,Darauf kannst Du dich freuen Du übernimmst eigenverantwortlich verschiedene Modellierungs- und Analyseprojekte und nutzt dabei unsere Marktplatzdaten sowie deine fundierten Methodenkenntnisse. Du bereitest Daten aus unterschiedlichen Systemen auf und setzt deine Fähigkeiten im Feature Engineering effektiv ein. Bei der Umsetzung von statistischen Modellen und Modell-Prototypen legst du großen Wert auf deren praktische Anwendbarkeit. Du führst statistisch fundierte Analysen und Simulationen durch…,Werkstudent Data Science (m/w/d),"{'__CLASS__': 'Adzuna::API::Response::Company', 'display_name': 'Chrono24'}",eyJhbGciOiJIUzI1NiJ9.eyJzIjoiUUpNNExUaHU4Ukd3Nm9yTWQ2VzJndyIsImkiOiI1NzI3MzIyOTE1In0.CauyZdNRjEMMpeTTISeSPXrYs53IuyfPOva8L3yiBro,"{'area': ['Deutschland', 'Baden-Württemberg', 'Karlsruhe (Kreis)', 'Karlsruhe', 'Hagsfeld'], 'display_name': 'Hagsfeld, Karlsruhe', '__CLASS__': 'Adzuna::API::Response::Location'}",8.45882,"{'__CLASS__': 'Adzuna::API::Response::Category', 'label': 'Stellen aus Logistik & Lagerhaltung', 'tag': 'logistics-warehouse-jobs'}",49.03084,0,Adzuna::API::Response::Job,https://www.adzuna.de/details/5727322915?utm_medium=api&utm_source=a4bcf954,5727322915,part_time,,,
2026-04-13T10:33:26Z,"Das sind wir Daten sind für Dich nicht gleich Daten? Du liebst es, Daten zu analysieren und interaktiv aufzubereiten. Bei SKOPOS ELEMENTS unterstützen talentierte Data Scientists zukunftsorientierte Unternehmen und Menschen bei ihrem Weg zur Data Driven Company - immer erfolgsorientiert. Als Teil der SKOPOS GROUP sind wir seit 1995 führender Anbieter in der Marktforschung und beschäftigen aktuell über 140 Mitarbeitende. Begleite unser Wachstum und verstärke ab sofort unser Team in Hürth. Das si…",Praktikant (m/w/d) Data Science,"{'__CLASS__': 'Adzuna::API::Response::Company', 'display_name': 'SKOPOS GROUP'}",eyJhbGciOiJIUzI1NiJ9.eyJpIjoiNTY5ODAxMzM2MCIsInMiOiJRSk00TFRodThSR3c2b3JNZDZXMmd3In0.-bXmmUJpvV1Hk98w0sCCvuQTCVm4VaimFiOonawm2xI,"{'area': ['Deutschland', 'Nordrhein-Westfalen', 'Rhein-Erft-Kreis', 'Hürth'], '__CLASS__': 'Adzuna::API::Response::Location', 'display_name': 'Hürth, Rhein-Erft-Kreis'}",6.86811,"{'tag': 'unknown', 'label': 'Unknown', '__CLASS__': 'Adzuna::API::Response::Category'}",50.87096,0,Adzuna::API::Response::Job,https://www.adzuna.de/details/5698013360?utm_medium=api&utm_source=a4bcf954,5698013360,full_time,,,
2026-05-12T23:07:57Z,"Dafür brauchen wir Dich Für ein neues Digital-Projekt in der MICE-Branche suchen wir Dich: eine Persönlichkeit, die Lust hat, mit uns Dinge neu zu denken, Ideen Realität werden zu lassen und die Zukunft unserer Branche aktiv mitzugestalten. Dateninfrastruktur & Skalierung: Du entwickelst und verantwortest unsere Dateninfrastruktur. Du baust robuste Pipelines, die Daten aus verschiedenen Quellen in ein sauberes, zuverlässiges Data Warehouse überführen und stellst Qualität, Konsistenz und Verfügb…",Data Science Engineer (m/w/d),"{'display_name': 'smartvillage', '__CLASS__': 'Adzuna::API::Response::Company'}",eyJhbGciOiJIUzI1NiJ9.eyJzIjoiUUpNNExUaHU4Ukd3Nm9yTWQ2VzJndyIsImkiOiI1NzI3MzIxODc2In0.5LvbYM59vyrNqYln6a3cHmv1iosYV0uLtnylRxOV7so,"{'area': ['Deutschland', 'Bayern', 'München (Kreis)', 'München', 'Bogenhausen'], '__CLASS__': 'Adzuna::API::Response::Location', 'display_name': 'Bogenhausen, München'}",11.62828,"{'tag': 'unknown', '__CLASS__': 'Adzuna::API::Response::Category', 'label': 'Unknown'}",48.1475,0,Adzuna::API::Response::Job,https://www.adzuna.de/details/5727321876?utm_medium=api&utm_source=a4bcf954,5727321876,full_time,,,
2026-01-09T20:35:59Z,"Siltronic ist einer der weltweit größten Hersteller für Wafer aus Reinstsilizium und Partner vieler führender Chip-Hersteller mit rund 4.300 Mitarbeitenden und Produktionsstätten in Europa, Asien und den USA. Wir entwickeln und fertigen Wafer mit einem Durchmesser von bis zu 300 mm. Diese sind die Grundlage der modernen Mikro- und Nanoelektronik. In einem 3-jährigen Dualen Studium werden Theorie und Praxis gekonnt verbunden. Das hoch qualifizierende Studium wird durch breit gefächerte Praxisein…",Duales Studium Data Science und Künstliche Intelligenz,"{'display_name': 'Siltronic AG', '__CLASS__': 'Adzuna::API::Response::Company'}",eyJhbGciOiJIUzI1NiJ9.eyJzIjoiUUpNNExUaHU4Ukd3Nm9yTWQ2VzJndyIsImkiOiI1NTc2NjkwMTIxIn0.pubZ2rFis_O45ZWnLz0d8i6SUvzNfTJcygatTyt0J5A,"{'display_name': 'Freiberg, Mittelsachsen (Kreis)', '__CLASS__': 'Adzuna::API::Response::Location', 'area': ['Deutschland', 'Sachsen', 'Mittelsachsen (Kreis)', 'Freiberg']}",13.33722,"{'__CLASS__': 'Adzuna::API::Response::Category', 'label': 'Unknown', 'tag': 'unknown'}",50.91404,0,Adzuna::API::Response::Job,https://www.adzuna.de/details/5576690121?utm_medium=api&utm_source=a4bcf954,5576690121,full_time,,,
2026-01-02T20:58:32Z,"Du willst mehr als Uni und möchtest erste Berufseinblicke und Kontakte knüpfen? Dann bist du hier richtig! Als Werkstudent oder Praktikant bei Kaufland gehörst du von Beginn an zu einem starken Team und kannst zeigen, was in dir steckt. Werde auch du Teil von teamkaufland! Das erwartet dich bei uns Wir zählen auf dich: Du unterstützt unser Team bei der Bearbeitung unserer Analytics Use Cases entlang der gesamten Wertschöpfungskette bei Kaufland. Vielfältige Aufgaben? Na klar: Lerne unsere Proje…",Praktikant Data Science (m/w/d),"{'__CLASS__': 'Adzuna::API::Response::Company', 'display_name': 'Kaufland'}",eyJhbGciOiJIUzI1NiJ9.eyJpIjoiNTU2NTIwODc3MSIsInMiOiJRSk00TFRodThSR3c2b3JNZDZXMmd3In0.xItMlgPnYB5OyabJfk8Tgz-Fdcsls1qXPTEKkh_K4P4,"{'__CLASS__': 'Adzuna::API::Response::Location', 'display_name': 'Böckingen, Heilbronn', 'area': ['Deutschland', 'Baden-Württemberg', 'Heilbronn (Kreis)', 'Heilbronn', 'Böckingen']}",9.22208,"{'tag': 'it-jobs', 'label': 'IT-Stellen', '__CLASS__': 'Adzuna::API::Response::Category'}",49.1416,0,Adzuna::API::Response::Job,https://www.adzuna.de/details/5565208771?utm_medium=api&utm_source=a4bcf954,5565208771,,,,
2026-06-03T11:42:34Z,Deine Aufga ben Als Bachelor of Science Wirtschaftsinformatik - Künstliche Intelligenz&Data Science (m/w/d) lernst du bei uns verschiedene Themengebiete kennen: Du analysierst Unternehmensdaten zielsicher und bereitest diese auf. Du sorgst für Datentransparenz im Unternehmen. Du arbeitest in Business Intelligence Projekten. Du setzt unsere Datenstrategie im Team um. Ausbildungsort: Paderborn Ausbildungsdauer: 6 Semester Partnerhochschule: Fachhochschule der Wirtschaft Fürstenallee 5 33102 Pader…,Duales Studium Bachelor of Science Wirtschaftsinformatik - KI&Data Science (m/w/d) 2026,"{'__CLASS__': 'Adzuna::API::Response::Company', 'display_name': 'Westfalen Weser Netz GmbH'}",eyJhbGciOiJIUzI1NiJ9.eyJzIjoiUUpNNExUaHU4Ukd3Nm9yTWQ2VzJndyIsImkiOiI1NzUwMzk2NjIwIn0.eHYShdYxgz_gaSRKbZg5TJ_ciNgjJq620io6y8hWWxw,"{'area': ['Deutschland', 'Nordrhein-Westfalen', 'Paderborn (Kreis)', 'Paderborn'], '__CLASS__': 'Adzuna::API::Response::Location', 'display_name': 'Paderborn, Paderborn (Kreis)'}",8.753842,"{'__CLASS__': 'Adzuna::API::Response::Category', 'label': 'Teilzeitstellen', 'tag': 'part-time-jobs'}",51.737096,0,Adzuna::API::Response::Job,https://www.adzuna.de/land/ad/5750396620?se=QJM4LThu8RGw6orMd6W2gw&utm_medium=api&utm_source=a4bcf954&v=D056E22E56F35755F5E799EB89C67A14F64D0834,5750396620,,,,
2025-11-20T17:58:31Z,"Praktikum Data Science / Data Analytics & BI (w/m/d) Job-ID: 11385 Standorte: Berlin Karrierelevel: Studierende Anstellungsart: Praktikum Begleite KPMG bei den zukünftigen Herausforderungen unserer Kund:innen. Begeistere auch Du Dich für die Vielfalt unserer Fragestellungen - und mach gemeinsam mit uns den Unterschied. Unterstütze Dein Team von Data-Expert:innen, die innovativen und datengesteuerten Lösungen für unsere Kund:innen zu entwickeln. Deine Aufgaben Du willst Big Data in Smart Data ve…",Praktikum Data Science / Data Analytics & BI (w/m/d),"{'__CLASS__': 'Adzuna::API::Response::Company', 'display_name': 'KPMG'}",eyJhbGciOiJIUzI1NiJ9.eyJpIjoiNTUwNTMzNjgzMyIsInMiOiJRSk00TFRodThSR3c2b3JNZDZXMmd3In0.AgJ9uuUy95M1_ojnWVDUCd8QX4DRo0blEQX8_fMgqEg,"{'area': ['Deutschland', 'Berlin', 'Moabit'], 'display_name': 'Moabit, Berlin', '__CLASS__': 'Adzuna::API::Response::Location'}",13.35662,"{'label': 'Unknown', '__CLASS__': 'Adzuna::API::Response::Category', 'tag': 'unknown'}",52.5259,0,Adzuna::API::Response::Job,https://www.adzuna.de/details/5505336833?utm_medium=api&utm_source=a4bcf954,5505336833,,,,contract
2025-11-20T17:58:31Z,"Praktikum Data Science / Data Analytics & BI (w/m/d) Job-ID: 11385 Standorte: Stuttgart Karrierelevel: Studierende Anstellungsart: Praktikum Begleite KPMG bei den zukünftigen Herausforderungen unserer Kund:innen. Begeistere auch Du Dich für die Vielfalt unserer Fragestellungen - und mach gemeinsam mit uns den Unterschied. Unterstütze Dein Team von Data-Expert:innen, die innovativen und datengesteuerten Lösungen für unsere Kund:innen zu entwickeln. Deine Aufgaben Du willst Big Data in Smart Data…",Praktikum Data Science / Data Analytics & BI (w/m/d),"{'__CLASS__': 'Adzuna::API::Response::Company', 'display_name': 'KPMG'}",eyJhbGciOiJIUzI1NiJ9.eyJzIjoiUUpNNExUaHU4Ukd3Nm9yTWQ2VzJndyIsImkiOiI1NTA1MzM2ODM3In0.QWSJnyvps9zk7yGUG53e742_lVJzh0l7U625Rd11XHM,"{'area': ['Deutschland', 'Baden-Württemberg', 'Stuttgart', 'Mitte'], 'display_name': 'Mitte, Stuttgart', '__CLASS__': 'Adzuna::API::Response::Location'}",9.18071,"{'tag': 'unknown', '__CLASS__': 'Adzuna::API::Response::Category', 'label': 'Unknown'}",48.77713,0,Adzuna::API::Response::Job,https://www.adzuna.de/details/5505336837?utm_medium=api&utm_source=a4bcf954,5505336837,,,,contract
2025-11-20T17:58:30Z,"Praktikum Data Science / Data Analytics & BI (w/m/d) Job-ID: 11385 Standorte: Frankfurt Karrierelevel: Studierende Anstellungsart: Praktikum Begleite KPMG bei den zukünftigen Herausforderungen unserer Kund:innen. Begeistere auch Du Dich für die Vielfalt unserer Fragestellungen - und mach gemeinsam mit uns den Unterschied. Unterstütze Dein Team von Data-Expert:innen, die innovativen und datengesteuerten Lösungen für unsere Kund:innen zu entwickeln. Deine Aufgaben Du willst Big Data in Smart Data…",Praktikum Data Science / Data Analytics & BI (w/m/d),"{'display_name': 'KPMG', '__CLASS__': 'Adzuna::API::Response::Company'}",eyJhbGciOiJIUzI1NiJ9.eyJzIjoiUUpNNExUaHU4Ukd3Nm9yTWQ2VzJndyIsImkiOiI1NTA1MzM2ODE4In0.jCRkbmIT7V2Yq5VrcKFonPkvrp-qZq11H5WBqIJ2Lt8,"{'area': ['Deutschland', 'Hessen', 'Frankfurt am Main', 'Flughafen'], 'display_name': 'Flughafen, Frankfurt am Main', '__CLASS__': 'Adzuna::API::Response::Location'}",8.56413,"{'tag': 'unknown', 'label': 'Unknown', '__CLASS__': 'Adzuna::API::Response::Category'}",50.05078,0,Adzuna::API::Response::Job,https://www.adzuna.de/details/5505336818?utm_medium=api&utm_source=a4bcf954,5505336818,,,,contract
2025-11-20T17:58:31Z,"Praktikum Data Science / Data Analytics & BI (w/m/d) Job-ID: 11385 Standorte: Karlsruhe Karrierelevel: Studierende Anstellungsart: Praktikum Begleite KPMG bei den zukünftigen Herausforderungen unserer Kund:innen. Begeistere auch Du Dich für die Vielfalt unserer Fragestellungen - und mach gemeinsam mit uns den Unterschied. Unterstütze Dein Team von Data-Expert:innen, die innovativen und datengesteuerten Lösungen für unsere Kund:innen zu entwickeln. Deine Aufgaben Du willst Big Data in Smart Data…",Praktikum Data Science / Data Analytics & BI (w/m/d),"{'__CLASS__': 'Adzuna::API::Response::Company', 'display_name': 'KPMG'}",eyJhbGciOiJIUzI1NiJ9.eyJzIjoiUUpNNExUaHU4Ukd3Nm9yTWQ2VzJndyIsImkiOiI1NTA1MzM2ODMxIn0.Lgj8I3g16ZO5LMtJ2VCe8sQ9fCYSQ8Hv2i_MdSZ1dgg,"{'area': ['Deutschland', 'Baden-Württemberg', 'Karlsruhe (Kreis)', 'Karlsruhe', 'Hagsfeld'], '__CLASS__': 'Adzuna::API::Response::Location', 'display_name': 'Hagsfeld, Karlsruhe'}",8.45882,"{'tag': 'unknown', '__CLASS__': 'Adzuna::API::Response::Category', 'label': 'Unknown'}",49.03084,0,Adzuna::API::Response::Job,https://www.adzuna.de/details/5505336831?utm_medium=api&utm_source=a4bcf954,5505336831,,,,contract
2025-11-20T17:58:31Z,"Praktikum Data Science / Data Analytics & BI (w/m/d) Job-ID: 11385 Standorte: Ulm Karrierelevel: Studierende Anstellungsart: Praktikum Begleite KPMG bei den zukünftigen Herausforderungen unserer Kund:innen. Begeistere auch Du Dich für die Vielfalt unserer Fragestellungen - und mach gemeinsam mit uns den Unterschied. Unterstütze Dein Team von Data-Expert:innen, die innovativen und datengesteuerten Lösungen für unsere Kund:innen zu entwickeln. Deine Aufgaben Du willst Big Data in Smart Data verwa…",Praktikum Data Science / Data Analytics & BI (w/m/d),"{'__CLASS__': 'Adzuna::API::Response::Company', 'display_name': 'KPMG'}",eyJhbGciOiJIUzI1NiJ9.eyJpIjoiNTUwNTMzNjgyNiIsInMiOiJRSk00TFRodThSR3c2b3JNZDZXMmd3In0.-Hw5p2iy7d5FYySTkyCmc1j3uWI5GmGGBMMi1LjdhGg,"{'area': ['Deutschland', 'Baden-Württemberg', 'Ulm', 'Mitte'], '__CLASS__': 'Adzuna::API::Response::Location', 'display_name': 'Mitte, Ulm'}",8.29909,"{'tag': 'unknown', 'label': 'Unknown', '__CLASS__': 'Adzuna::API::Response::Category'}",48.36497,0,Adzuna::API::Response::Job,https://www.adzuna.de/details/5505336826?utm_medium=api&utm_source=a4bcf954,5505336826,,,,contract
2025-11-20T17:58:30Z,"Praktikum Data Science / Data Analytics & BI (w/m/d) Job-ID: 11385 Standorte: Mannheim Karrierelevel: Studierende Anstellungsart: Praktikum Begleite KPMG bei den zukünftigen Herausforderungen unserer Kund:innen. Begeistere auch Du Dich für die Vielfalt unserer Fragestellungen - und mach gemeinsam mit uns den Unterschied. Unterstütze Dein Team von Data-Expert:innen, die innovativen und datengesteuerten Lösungen für unsere Kund:innen zu entwickeln. Deine Aufgaben Du willst Big Data in Smart Data …",Praktikum Data Science / Data Analytics & BI (w/m/d),"{'__CLASS__': 'Adzuna::API::Response::Company', 'display_name': 'KPMG'}",eyJhbGciOiJIUzI1NiJ9.eyJpIjoiNTUwNTMzNjgyMCIsInMiOiJRSk00TFRodThSR3c2b3JNZDZXMmd3In0.qoOCjotgN1GkmeT1fkDI3RnSFFOAxWBgwV13pf1q9tg,"{'area': ['Deutschland', 'Baden-Württemberg', 'Mannheim', 'Neuostheim'], 'display_name': 'Neuostheim, Mannheim', '__CLASS__': 'Adzuna::API::Response::Location'}",8.50014,"{'tag': 'unknown', '__CLASS__': 'Adzuna::API::Response::Category', 'label': 'Unknown'}",49.46856,0,Adzuna::API::Response::Job,https://www.adzuna.de/details/5505336820?utm_medium=api&utm_source=a4bcf954,5505336820,,,,contract
2025-11-20T17:58:31Z,"Praktikum Data Science / Data Analytics & BI (w/m/d) Job-ID: 11385 Standorte: Saarbrücken Karrierelevel: Studierende Anstellungsart: Praktikum Begleite KPMG bei den zukünftigen Herausforderungen unserer Kund:innen. Begeistere auch Du Dich für die Vielfalt unserer Fragestellungen - und mach gemeinsam mit uns den Unterschied. Unterstütze Dein Team von Data-Expert:innen, die innovativen und datengesteuerten Lösungen für unsere Kund:innen zu entwickeln. Deine Aufgaben Du willst Big Data in Smart Da…",Praktikum Data Science / Data Analytics & BI (w/m/d),"{'display_name': 'KPMG', '__CLASS__': 'Adzuna::API::Response::Company'}",eyJhbGciOiJIUzI1NiJ9.eyJzIjoiUUpNNExUaHU4Ukd3Nm9yTWQ2VzJndyIsImkiOiI1NTA1MzM2ODI5In0.gDO4EdlE5zd5HYElBreQ_OmyU4zxWAVGT39q_JvG6Fs,"{'area': ['Deutschland', 'Saarland', 'Regionalverband Saarbrücken (Kreis)', 'Saarbrücken', 'Malstatt'], 'display_name': 'Malstatt, Saarbrücken', '__CLASS__': 'Adzuna::API::Response::Location'}",6.96191,"{'tag': 'unknown', '__CLASS__': 'Adzuna::API::Response::Category', 'label': 'Unknown'}",49.253,0,Adzuna::API::Response::Job,https://www.adzuna.de/details/5505336829?utm_medium=api&utm_source=a4bcf954,5505336829,,,,contract
2025-11-20T17:58:37Z,"Praktikum Data Science / Data Analytics & BI (w/m/d) Job-ID: 11385 Standorte: Karrierelevel: Studierende Anstellungsart: Praktikum Begleite KPMG bei den zukünftigen Herausforderungen unserer Kund:innen. Begeistere auch Du Dich für die Vielfalt unserer Fragestellungen - und mach gemeinsam mit uns den Unterschied. Unterstütze Dein Team von Data-Expert:innen, die innovativen und datengesteuerten Lösungen für unsere Kund:innen zu entwickeln. Deine Aufgaben Du willst Big Data in Smart Data verwandel…",Praktikum Data Science / Data Analytics & BI (w/m/d),"{'display_name': 'KPMG', '__CLASS__': 'Adzuna::API::Response::Company'}",eyJhbGciOiJIUzI1NiJ9.eyJpIjoiNTUwNTMzODE3NCIsInMiOiJRSk00TFRodThSR3c2b3JNZDZXMmd3In0.rIFkV9Yd3p344WE9QTQY_vmposDA43ny53-hgilrFhA,"{'__CLASS__': 'Adzuna::API::Response::Location', 'display_name': 'Deutschland', 'area': ['Deutschland']}",,"{'label': 'Unknown', '__CLASS__': 'Adzuna::API::Response::Category', 'tag': 'unknown'}",,0,Adzuna::API::Response::Job,https://www.adzuna.de/details/5505338174?utm_medium=api&utm_source=a4bcf954,5505338174,,,,contract
2026-06-12T03:26:02Z,"Du hast deine ersten Semester geschafft und möchtest Dein theoretisches Wissen nun gern in spannenden Praxisprojekten anwenden? Bei uns wirst Du direkt in die Mandats- und Projektarbeit mit eingebunden und schnupperst so echte Praxisluft in einem interessanten Aufgabengebiet. Knüpfe schon jetzt wertvolle Kontakte, die deinen späteren Einstieg in die Berufswelt deutlich erleichtern können. Für einen Zeitraum von 6 Monaten suchen wir Praktikant (W/M/D) Data Science & Artificial Intelligence in Be…",Praktikant Data Science / Data Engineering im Bereich Risk Advisory Services,"{'__CLASS__': 'Adzuna::API::Response::Company', 'display_name': 'BRL Risk Consulting GmbH & Co. KG'}",eyJhbGciOiJIUzI1NiJ9.eyJpIjoiNTc2MDc1NDUxNiIsInMiOiJRSk00TFRodThSR3c2b3JNZDZXMmd3In0.VLfV4M2IQTapWIuS9pajYNEjQZYxGrgIhIRgEzLb8Sc,"{'display_name': 'Altendorf, Essen', '__CLASS__': 'Adzuna::API::Response::Location', 'area': ['Deutschland', 'Nordrhein-Westfalen', 'Essen', 'Altendorf']}",6.96735,"{'tag': 'consultancy-jobs', '__CLASS__': 'Adzuna::API::Response::Category', 'label': 'Beraterstellen'}",51.46121,0,Adzuna::API::Response::Job,https://www.adzuna.de/details/5760754516?utm_medium=api&utm_source=a4bcf954,5760754516,,,,
2026-06-12T03:26:02Z,"Du hast deine ersten Semester geschafft und möchtest Dein theoretisches Wissen nun gern in spannenden Praxisprojekten anwenden? Bei uns wirst Du direkt in die Mandats- und Projektarbeit mit eingebunden und schnupperst so echte Praxisluft in einem interessanten Aufgabengebiet. Knüpfe schon jetzt wertvolle Kontakte, die deinen späteren Einstieg in die Berufswelt deutlich erleichtern können. Für einen Zeitraum von 6 Monaten suchen wir Praktikant (W/M/D) Data Science & Artificial Intelligence in Be…",Praktikant Data Science / Data Engineering im Bereich Risk Advisory Services,"{'__CLASS__': 'Adzuna::API::Response::Company', 'display_name': 'BRL Risk Consulting GmbH & Co. KG'}",eyJhbGciOiJIUzI1NiJ9.eyJpIjoiNTc2MDc1NDUxMyIsInMiOiJRSk00TFRodThSR3c2b3JNZDZXMmd3In0.IFHqYJpcZBTu_bSyv-ScrHZKm6OxGLFlsfvP6DoN6nc,"{'__CLASS__': 'Adzuna::API::Response::Location', 'display_name': 'Mitte, Berlin', 'area': ['Deutschland', 'Berlin', 'Mitte']}",13.38475,"{'tag': 'consultancy-jobs', 'label': 'Beraterstellen', '__CLASS__': 'Adzuna::API::Response::Category'}",52.51551,0,Adzuna::API::Response::Job,https://www.adzuna.de/details/5760754513?utm_medium=api&utm_source=a4bcf954,5760754513,,,,
2026-06-03T11:37:56Z,"Studienbeginn I Oktober 2026 Studiendauer I 3 Jahre Komm in unser Team und gestalte Deine Zukunft! Deine Vorteile Wir verbinden die Vorteile eines mittelständischen Unternehmens – wie persönliche Betreuung, ein starkes Teamgefühl und Gestaltungsspielräumen – mit den Möglichkeiten eines Großkonzerns: modernste Technologien und internationale Kundenin einem stetig wachsenden Umfeld. Interessantes, abwechslungsreiches und anspruchsvolles Studium mit besten Optionen zur Übernahme nach erfolgreichem…",Duales Studium (m/w/d) Data Science und Künstliche Intelligenz (B.Sc.) in Konstanz 2026,"{'__CLASS__': 'Adzuna::API::Response::Company', 'display_name': 'Körber Supply Chain Logistics GmbH'}",eyJhbGciOiJIUzI1NiJ9.eyJpIjoiNTc1MDM4NTAzNyIsInMiOiJRSk00TFRodThSR3c2b3JNZDZXMmd3In0.kd56aDOMVl6yOB1mjG02o-nosf0x6NuwMTjwZ8X9wZI,"{'display_name': 'Konstanz, Konstanz (Kreis)', '__CLASS__': 'Adzuna::API::Response::Location', 'area': ['Deutschland', 'Baden-Württemberg', 'Konstanz (Kreis)', 'Konstanz']}",9.137663,"{'tag': 'part-time-jobs', '__CLASS__': 'Adzuna::API::Response::Category', 'label': 'Teilzeitstellen'}",47.708999,0,Adzuna::API::Response::Job,https://www.adzuna.de/land/ad/5750385037?se=QJM4LThu8RGw6orMd6W2gw&utm_medium=api&utm_source=a4bcf954&v=A0312210CEA12F4040FACCDE224595DCC7E400FA,5750385037,,,,
2026-06-03T11:36:54Z,"Hast Du Deinen Weg schon gefunden? Für Deinen Weg bei uns bringst Du mit: 3 Jahre Zeit und allgemeine Hochschulreife oder Fachhochschulreife  Studierfähigkeitstest Hier baust Du Dein theoretisches Fundament: DHBW Karlsruhe Die Praxis lernst Du hier : HORNBACH Zentrale in Bornheim bei Landau i. d. Pfalz Startschuss für Deine Zukunft bei HORNBACH: 01.10.2026 Darauf kannst Du Dich freuen: Gehalt - logisch! 1. Jahr: 1.250 €, 2. Jahr: 1.500 €, 3. Jahr: 1.750 € Mehr – klar! Neben Deinem Gehalt sowie …",Duales Studium - Bachelor of Science - Informatik - Data Science und KI (gn) für 2026 - ID 150988,"{'__CLASS__': 'Adzuna::API::Response::Company', 'display_name': 'HORNBACH Baumarkt AG'}",eyJhbGciOiJIUzI1NiJ9.eyJzIjoiUUpNNExUaHU4Ukd3Nm9yTWQ2VzJndyIsImkiOiI1NzUwMzc4ODc0In0.Mq4S5ia2d37srDUgx9unPXfSOF427FR0wzN_U7pYMMk,"{'display_name': 'Bornheim, Frankfurt am Main', '__CLASS__': 'Adzuna::API::Response::Location', 'area': ['Deutschland', 'Hessen', 'Frankfurt am Main', 'Bornheim']}",8.71298,"{'tag': 'part-time-jobs', 'label': 'Teilzeitstellen', '__CLASS__': 'Adzuna::API::Response::Category'}",50.1246,0,Adzuna::API::Response::Job,https://www.adzuna.de/land/ad/5750378874?se=QJM4LThu8RGw6orMd6W2gw&utm_medium=api&utm_source=a4bcf954&v=EC512D21B01813800BFB53C16098E3BF51670B73,5750378874,,,,
2026-04-02T22:32:24Z,"As a family-run, high-tech company with nearly 19,000 employees at 71 locations worldwide, we are looking for forward thinkers with unconventional ideas and drive to join our team. Our company culture, which values collaboration and mutual trust, creates the ideal framework for boldly trying new things and questioning the status quo. Our technologies inspire people to develop and produce things that are currently unimaginable. Whether lasers, machine tools, EUV or electronics - TRUMPF is buildi…",Praktikum im Bereich Data Science/Data Engineering für Maschinendiagnose (WS26/27),"{'__CLASS__': 'Adzuna::API::Response::Company', 'display_name': 'TRUMPF Group'}",eyJhbGciOiJIUzI1NiJ9.eyJpIjoiNTY4Nzc3MjQ5MyIsInMiOiJRSk00TFRodThSR3c2b3JNZDZXMmd3In0.FKVDvJPh1Oj0eqb5_NNhZusOoaOM2H7Rn3YmLzjxhK8,"{'__CLASS__': 'Adzuna::API::Response::Location', 'display_name': 'Ditzingen, Ludwigsburg (Kreis)', 'area': ['Deutschland', 'Baden-Württemberg', 'Ludwigsburg (Kreis)', 'Ditzingen']}",9.06857,"{'tag': 'unknown', '__CLASS__': 'Adzuna::API::Response::Category', 'label': 'Unknown'}",48.82434,0,Adzuna::API::Response::Job,https://www.adzuna.de/details/5687772493?utm_medium=api&utm_source=a4bcf954,5687772493,full_time,,,
2026-05-29T18:21:58Z,"50933 Köln Hybrid Vollzeit Sofort Die Deutsche Sporthochschule Köln (DSHS) ist mit aktuell über 6.300 Studierenden aus rund 93 Ländern ein national wie international herausragender Hochschulstandort. Die DSHS steht für exzellente Forschung mit hohem Drittmittelvolumen und für forschungsbasierte sowie internationale Lehre in der Sportpraxis und allen sozial- und lebenswissenschaftlichen Teildisziplinen der Sportwissenschaft. Forschung, Lehre und Transfer werden von der Verwaltung und den zentral…",W1-Juniorprofessur Data Science (mit Tenure Track zu W2) (m/w/d) (2617-W1-Data Science),"{'__CLASS__': 'Adzuna::API::Response::Company', 'display_name': 'Deutsche Sporthochschule Köln'}",eyJhbGciOiJIUzI1NiJ9.eyJpIjoiNTc0NDY4ODAyOSIsInMiOiJRSk00TFRodThSR3c2b3JNZDZXMmd3In0.o4NyF_50jr2OlGxeLxGaI5BTlkFdU7s_2RgWFfbyg_g,"{'display_name': 'Köln, Nordrhein-Westfalen', '__CLASS__': 'Adzuna::API::Response::Location', 'area': ['Deutschland', 'Nordrhein-Westfalen', 'Köln']}",6.969972,"{'tag': 'it-jobs', '__CLASS__': 'Adzuna::API::Response::Category', 'label': 'IT-Stellen'}",50.940164,0,Adzuna::API::Response::Job,https://www.adzuna.de/land/ad/5744688029?se=QJM4LThu8RGw6orMd6W2gw&utm_medium=api&utm_source=a4bcf954&v=E83578B6772823E706F5096684533CDCAD19A39E,5744688029,,,,
2026-06-22T06:17:50Z,"Als Deutsche Zentrale Fachbibliothek für Technik und Naturwissenschaften sichern wir mit unseren zukunftsweisenden Dienstleistungen die infrastrukturellen Voraussetzungen einer qualitativ hochwertigen Informations- und Literaturversorgung für Forschung in Wissenschaft und Industrie. Mit dem Open Research Knowledge Graph (ORKG) arbeiten wir daran, den Austausch und die Nutzung wissenschaftlicher Erkenntnisse im digitalen Zeitalter zu revolutionieren. Die Technische Informationsbibliothek (TIB) ,…",Postdoc / Wissenschaftliche:r Mitarbeiter:in - KI für wissenschaftliche Kommunikation und Wissensgraphen (m/w/d),"{'__CLASS__': 'Adzuna::API::Response::Company', 'display_name': 'Technische Informationsbibliothek '}",eyJhbGciOiJIUzI1NiJ9.eyJzIjoiUUpNNExUaHU4Ukd3Nm9yTWQ2VzJndyIsImkiOiI1NzcyMjU4OTU5In0.GWk2eP4eCzL65NlJ5GGq-93bI7T2pAM1TN_rjAGNKLE,"{'area': ['Deutschland', 'Niedersachsen', 'Region Hannover (Kreis)', 'Hannover'], 'display_name': 'Hannover, Region Hannover (Kreis)', '__CLASS__': 'Adzuna::API::Response::Location'}",9.742751,"{'tag': 'scientific-qa-jobs', '__CLASS__': 'Adzuna::API::Response::Category', 'label': 'Stellen aus Wissenschaft & Qualitätssicherung'}",52.378818,0,Adzuna::API::Response::Job,https://www.adzuna.de/land/ad/5772258959?se=QJM4LThu8RGw6orMd6W2gw&utm_medium=api&utm_source=a4bcf954&v=CF864A282F246EC6DAB7DACBF4464BA9F147C5C6,5772258959,,,,
2026-06-01T12:49:35Z,"Rosenxt ist eine zukunftsorientierte Technologiegruppe - wir sind visionäre Architekten des Fortschritts mit Jahrzehnten an Ingenieurs-Exzellenz. Als ein privat geführter globaler Partner mit mehr als 650 Mitarbeitern schauen wir weit in die Zukunft, setzen auf Langfristigkeit und machen so aus Chancen erfolgreiche Geschäftsfelder. Wir sind technikbegeistert durch und durch, tauchen tief in die neuesten Technologien ein. Diese Expertise in verschiedensten Technologiebereichen wie Sensoren, auto…","Cloud-Native Architect (all genders welcome) – Kubernetes, CNCF, MLOps","{'__CLASS__': 'Adzuna::API::Response::Company', 'display_name': 'Rosenxt Group'}",eyJhbGciOiJIUzI1NiJ9.eyJpIjoiNTc0NzQ3NzU5OSIsInMiOiJRSk00TFRodThSR3c2b3JNZDZXMmd3In0.dmsi-IPHqq5vkoGTvEUfh4B0HJIfSBjnxVa_SIV6ibw,"{'area': ['Deutschland'], 'display_name': 'Deutschland', '__CLASS__': 'Adzuna::API::Response::Location'}",,"{'label': 'IT-Stellen', '__CLASS__': 'Adzuna::API::Response::Category', 'tag': 'it-jobs'}",,0,Adzuna::API::Response::Job,https://www.adzuna.de/land/ad/5747477599?se=QJM4LThu8RGw6orMd6W2gw&utm_medium=api&utm_source=a4bcf954&v=C0A47A17CE3B77A416E728FB917168CA7617CD45,5747477599,,,,
2026-06-09T01:00:12Z,"Stellenbeschreibung Du hast (bald) Dein Abitur in der Tasche und interessierst Dich für Daten, Analysen und Programmierung? Du willst direkt in die Praxis einsteigen und gleichzeitig ein Studium absolvieren? Dann starte Dein duales Studium Data Science bei SIXT in Kooperation mit der DHBW Stuttgart. Bei SIXT wirst Du vom ersten Tag an Teil unseres internationalen Unternehmens. Du erhältst Einblicke in alle zentralen Bereiche rund um das Thema Data Science und lernst praxisnah wie Du im Team dat…",Duales Studium Data Science – in Kooperation mit der DHBW Stuttgart,"{'__CLASS__': 'Adzuna::API::Response::Company', 'display_name': 'SIXT Germany'}",eyJhbGciOiJIUzI1NiJ9.eyJpIjoiNTc1NjY4MjQyOSIsInMiOiJRSk00TFRodThSR3c2b3JNZDZXMmd3In0.mtMYnd8zY_X8FWOLAw-mYnPDAWNEpsAQWin-kA4K3Tw,"{'area': ['Deutschland', 'Baden-Württemberg', 'Stuttgart'], '__CLASS__': 'Adzuna::API::Response::Location', 'display_name': 'Stuttgart, Baden-Württemberg'}",9.187224,"{'tag': 'consultancy-jobs', '__CLASS__': 'Adzuna::API::Response::Category', 'label': 'Beraterstellen'}",48.776198,0,Adzuna::API::Response::Job,https://www.adzuna.de/details/5756682429?utm_medium=api&utm_source=a4bcf954,5756682429,,,,
2026-05-31T17:01:54Z,"AXA Deutschland ist Teil der AXA Gruppe, einem der weltweit führenden Versicherungsunternehmen. Als einer der größten Erstversicherer in Deutschland betreuen wir rund 8 Millionen Kund:innen im Bereich Vorsorge und Versicherung. Was uns bei AXA antreibt? Unsere Neugier und unser Mut zur Innovation! Gemeinsam mit über 8.000 Kolleg:innen in ganz Deutschland gestalten wir die Zukunft der Versicherung aktiv mit. Wir sind auf der Suche nach kreativen und analytischen Köpfen, die sich auch von Herausf…",Cloud FinOps Analyst (m/w/d),"{'__CLASS__': 'Adzuna::API::Response::Company', 'display_name': 'AXA Konzern AG'}",eyJhbGciOiJIUzI1NiJ9.eyJpIjoiNTc0NjUzNzQ1MiIsInMiOiJRSk00TFRodThSR3c2b3JNZDZXMmd3In0.Mhkkeq16DpS4hU8CvU_4AwDtUaJOdQDTHhoRTOUlhjw,"{'__CLASS__': 'Adzuna::API::Response::Location', 'display_name': 'Köln, Nordrhein-Westfalen', 'area': ['Deutschland', 'Nordrhein-Westfalen', 'Köln']}",6.969972,"{'tag': 'unknown', '__CLASS__': 'Adzuna::API::Response::Category', 'label': 'Unknown'}",50.940164,0,Adzuna::API::Response::Job,https://www.adzuna.de/land/ad/5746537452?se=QJM4LThu8RGw6orMd6W2gw&utm_medium=api&utm_source=a4bcf954&v=3B6179BDC881D1B20EA2365683A52C613F9D3A14,5746537452,,,,
2026-06-21T18:17:36Z,"Unser Bereich Data Analytics begleitet alle Unternehmensbereiche mit datenbasierten Entscheidungsgrundlagen und bildet die Basis für unsere Business-Intelligence-Landschaft. Er umfasst unter anderem Reporting, Data Governance, Data Engineering und Analyse. Mit deiner Expertise als Business Intelligence Engineer (m/w/d) modellierst du konsistente Datenstrukturen und arbeitest aktiv an der Weiterentwicklung unseres Data Warehouses, sodass unsere Fachbereiche auf qualitativ hochwertige und perform…",SAP Data Engineer (m/w/d),"{'__CLASS__': 'Adzuna::API::Response::Company', 'display_name': 'technotrans SE'}",eyJhbGciOiJIUzI1NiJ9.eyJzIjoiUUpNNExUaHU4Ukd3Nm9yTWQ2VzJndyIsImkiOiI1NzcxODA4NDg2In0.X9Iz-klItM1X5-GKXFExL8YwgIUMN23obwDuY7vwm9M,"{'area': ['Deutschland', 'Nordrhein-Westfalen', 'Warendorf (Kreis)', 'Sassenberg'], '__CLASS__': 'Adzuna::API::Response::Location', 'display_name': 'Sassenberg, Warendorf (Kreis)'}",8.04117,"{'tag': 'unknown', 'label': 'Unknown', '__CLASS__': 'Adzuna::API::Response::Category'}",51.98821,0,Adzuna::API::Response::Job,https://www.adzuna.de/land/ad/5771808486?se=QJM4LThu8RGw6orMd6W2gw&utm_medium=api&utm_source=a4bcf954&v=587F18C82FA80595FF568DCA86B0B2EC5C874D3A,5771808486,,,,
2026-06-19T18:59:29Z,"Kärcher ist der weltweit führende Anbieter von Reinigungstechnik und steht für Qualität, Innovation und Nachhaltigkeit. Diesen Erfolg verdanken wir unseren über 3.700 Mitarbeitenden in Winnenden und in Bühlertal und dem einzigartigen Kärcher-WOW-Gefühl. Als Familienunternehmen mit gefestigten Unternehmensstrukturen überzeugen wir durch WOW-tastische Karriereperspektiven, ein vertrauensvolles Arbeitsklima und tolle Kolleg*innen. Deine Mission: Kärcher ins Zeitalter der „Agentic AI“ zu führen. Au…",Head of Enterprise Technology Enablement (m/w/d),"{'display_name': 'Alfred Kärcher SE & Co. KG', '__CLASS__': 'Adzuna::API::Response::Company'}",eyJhbGciOiJIUzI1NiJ9.eyJpIjoiNTc2OTQ4MzYzMSIsInMiOiJRSk00TFRodThSR3c2b3JNZDZXMmd3In0.hJzhkD1pv0L3Wyl94Shcew6HYbS9fhD2UFFjjeP0fic,"{'area': ['Deutschland'], 'display_name': 'Deutschland', '__CLASS__': 'Adzuna::API::Response::Location'}",,"{'label': 'Unknown', '__CLASS__': 'Adzuna::API::Response::Category', 'tag': 'unknown'}",,0,Adzuna::API::Response::Job,https://www.adzuna.de/land/ad/5769483631?se=QJM4LThu8RGw6orMd6W2gw&utm_medium=api&utm_source=a4bcf954&v=A49C4E9C70179721024DDFC59D1D7B0A1867377A,5769483631,,,,
2026-06-17T17:47:52Z,"Wir sind die Cybersicherheits­behörde des Bundes. Gemein­sam gestalten wir mit derzeit rund 1.800 Beschäftigten eine sichere digitale Zukunft für Deutschland. Durch die rasante Entwicklung der Digitalisierung wächst – neben unseren Aufgaben – auch unser Team stetig weiter. Hierfür suchen wir engagierte Fachkräfte, die mit uns eine sichere digitale Welt gestalten. Referentin / Referent (w/m/d) im Referat „Cybersicherheit in der zivilen Luftfahrt – Grundsatz“ (Entgelt­gruppe E 13 TVöD bzw. die ve…",Referentin / Referent (w/m/d) im Referat „Cybersicherheit in der zivilen Luftfahrt – Grundsatz“,"{'display_name': 'Bundesamt für Sicherheit in der Informationstechnik', '__CLASS__': 'Adzuna::API::Response::Company'}",eyJhbGciOiJIUzI1NiJ9.eyJpIjoiNTc2NjkwNzU3MCIsInMiOiJRSk00TFRodThSR3c2b3JNZDZXMmd3In0.m8cgOyTeVgRdLSt27dPUKAdYQxVdG9qMc4N_x8LIZMo,"{'area': ['Deutschland', 'Sachsen', 'Sächsische Schweiz-Osterzgebirge (Kreis)', 'Freital'], 'display_name': 'Freital, Sächsische Schweiz-Osterzgebirge (Kreis)', '__CLASS__': 'Adzuna::API::Response::Location'}",13.6502,"{'tag': 'other-general-jobs', 'label': 'Sonstige/Allgemeine Stellen', '__CLASS__': 'Adzuna::API::Response::Category'}",50.99977,0,Adzuna::API::Response::Job,https://www.adzuna.de/land/ad/5766907570?se=QJM4LThu8RGw6orMd6W2gw&utm_medium=api&utm_source=a4bcf954&v=E80953A2C24091CE25DD5C16CFFF3A23444BF670,5766907570,,,,
2026-06-17T17:47:45Z,"Life is always about becoming… Im Leben geht es darum, sich auf eine Reise zu begeben, um die beste Version unseres zukünftigen Selbst zu werden. Während wir Neues entdecken, stellen wir uns Herausforderungen, meistern sie und wachsen über uns hinaus. Bewerben Sie sich bei Mercedes-Benz und finden Sie den Aufgabenbereich, in dem Sie Ihre Talente individuell entfalten können. Dabei werden Sie von visionären Kolleginnen und Kollegen unterstützt, die Ihren Pioniergeist teilen. Bei uns einzusteigen…",Werkstudent*in Produktionsplanung Karosseriefertigung – Schwerpunkt Datenvernetzung & Automatisierung,"{'__CLASS__': 'Adzuna::API::Response::Company', 'display_name': 'Mercedes-Benz AG'}",eyJhbGciOiJIUzI1NiJ9.eyJzIjoiUUpNNExUaHU4Ukd3Nm9yTWQ2VzJndyIsImkiOiI1NzY2OTA3NDI5In0.5nqLDquzjwP4KwrtSYqlvTXO-cYEzYbn2K5dxmx6OFM,"{'area': ['Deutschland', 'Baden-Württemberg', 'Böblingen (Kreis)', 'Sindelfingen'], 'display_name': 'Sindelfingen, Böblingen (Kreis)', '__CLASS__': 'Adzuna::API::Response::Location'}",9.026231,"{'__CLASS__': 'Adzuna::API::Response::Category', 'label': 'Unknown', 'tag': 'unknown'}",48.720071,0,Adzuna::API::Response::Job,https://www.adzuna.de/land/ad/5766907429?se=QJM4LThu8RGw6orMd6W2gw&utm_medium=api&utm_source=a4bcf954&v=E16BEAC049E87937E3CC41E1AEAA9655D45EA59E,5766907429,,,,
2026-06-15T17:41:50Z,"SoftwareOne und Crayon haben sich zusammengeschlossen, um gemeinsam zu einem der weltweit führenden Anbieter für AI-gestützte Software- und Cloud-Lösungen zu werden. Mit mehr als 13.000 Mitarbeitenden in über 70 Ländern gestalten wir die technologische Zukunft unserer Kunden – innovativ, global vernetzt und mit klarer Vision. Bei uns stehen die Menschen im Mittelpunkt. Wir fördern mutige Ideen, echte Zusammenarbeit und kontinuierliches Wachstum – unterstützt durch exzellente Lern- und Entwicklu…",Senior AI Advisory Architect (gn),"{'display_name': 'SoftwareOne Deutschland GmbH', '__CLASS__': 'Adzuna::API::Response::Company'}",eyJhbGciOiJIUzI1NiJ9.eyJpIjoiNTc2NDQxNTg4MiIsInMiOiJRSk00TFRodThSR3c2b3JNZDZXMmd3In0.U6OnIabvZ-NuVHHZ9bOtpWiZmxcHass6jzlOCOn9aVI,"{'display_name': 'Deutschland', '__CLASS__': 'Adzuna::API::Response::Location', 'area': ['Deutschland']}",,"{'tag': 'it-jobs', 'label': 'IT-Stellen', '__CLASS__': 'Adzuna::API::Response::Category'}",,0,Adzuna::API::Response::Job,https://www.adzuna.de/land/ad/5764415882?se=QJM4LThu8RGw6orMd6W2gw&utm_medium=api&utm_source=a4bcf954&v=CE55D5A618DC589F5F8BC66612CC7DE3330111F1,5764415882,,,,
2026-06-20T17:52:22Z,"Die Hochschule Esslingen steht für exzellente, praxisorientierte Lehre und innovative Forschung in den Bereichen Technik, Wirtschaft und Soziales. Im Herzen der Region Stuttgart bieten wir ein großes Netzwerk an Partnern im In- und Ausland. Unsere Erfolge zeigen sich in zahlreichen Rankings der besten deutschen Hochschulen für angewandte Wissenschaften. Möchten Sie sich in innovativer Forschung und Lehre entfalten und mit Ihrem Wissen Studierende anleiten? Professur (W2): Angewandte KI im Ingen…",Professur (W2): Angewandte KI im Ingenieurwesen,"{'__CLASS__': 'Adzuna::API::Response::Company', 'display_name': 'Hochschule Esslingen'}",eyJhbGciOiJIUzI1NiJ9.eyJpIjoiNTc3MDgxMzk2NiIsInMiOiJRSk00TFRodThSR3c2b3JNZDZXMmd3In0.KS8hzX4aY2fRY6pUM1R3p-8P91gOVsAjAkDhDPthnl8,"{'display_name': 'Pliensauvorstadt, Esslingen am Neckar', '__CLASS__': 'Adzuna::API::Response::Location', 'area': ['Deutschland', 'Baden-Württemberg', 'Esslingen (Kreis)', 'Esslingen am Neckar', 'Pliensauvorstadt']}",9.30568,"{'tag': 'other-general-jobs', '__CLASS__': 'Adzuna::API::Response::Category', 'label': 'Sonstige/Allgemeine Stellen'}",48.73986,0,Adzuna::API::Response::Job,https://www.adzuna.de/land/ad/5770813966?se=QJM4LThu8RGw6orMd6W2gw&utm_medium=api&utm_source=a4bcf954&v=28D34F02A1A399E074E23C7EF58CEB2FE8EDDD24,5770813966,full_time,,,
2026-05-12T23:30:21Z,"Das ist die Herausforderung Im Studium mit vertiefter Praxis kombinierst Du ideal Theorie und Praxis . Deine im Hochschulstudium erworbenen Kenntnisse wendest Du in den betrieblichen Praxisphasen in konkreten Projekten an. So lernst Du nicht nur, warum etwas funktioniert, sondern auch, wie es funktioniert und wie es gemacht wird. In den 3,5 Jahren deines Bachelorstudiums absolvierst Du in den vorlesungsfreien Zeiten sowie im Praxissemester Deine Praxisphasen bei XITASO. Auch Deine Bachelorarbei…",Studium mit vertiefter Praxis: Data Science B.Sc.,"{'display_name': 'XITASO', '__CLASS__': 'Adzuna::API::Response::Company'}",eyJhbGciOiJIUzI1NiJ9.eyJpIjoiNTcyNzM0ODI4OCIsInMiOiJRSk00TFRodThSR3c2b3JNZDZXMmd3In0.tB2MdgKc1AqW_K2CHbxQLHH-W_i2fdR1jDm8xlbIYKI,"{'__CLASS__': 'Adzuna::API::Response::Location', 'display_name': 'Lechhausen, Augsburg', 'area': ['Deutschland', 'Bayern', 'Augsburg (Kreis)', 'Augsburg', 'Lechhausen']}",10.904,"{'__CLASS__': 'Adzuna::API::Response::Category', 'label': 'IT-Stellen', 'tag': 'it-jobs'}",48.38236,0,Adzuna::API::Response::Job,https://www.adzuna.de/details/5727348288?utm_medium=api&utm_source=a4bcf954,5727348288,part_time,,,
2026-06-07T04:28:46Z,"Dieser Studiengang bereitet Dich darauf vor, den digitalen Wandel in Unternehmen voranzutreiben und aktiv mitzugestalten. Dazu werden Grundlagen der Informatik und der Wirtschaftsinformatik mit Kerninhalten der Data Science kombiniert. Themen wie Cloud Computing, Big Data, Visual Analytics und AI spielen hier eine große Rolle. Du lernst den Umgang und die Interpretation von großen Datenmengen, deren Darstellung, und das Training von AI-Modellen. Deine Ideen und Projekte kannst du dabei direkt i…",Duales Studium (DHBW) Data Science und Knstliche Intelligenz,"{'display_name': 'EBZ SE', '__CLASS__': 'Adzuna::API::Response::Company'}",eyJhbGciOiJIUzI1NiJ9.eyJzIjoiUUpNNExUaHU4Ukd3Nm9yTWQ2VzJndyIsImkiOiI1NzU1MDIyNzM3In0.rapxR0qhybpMXTVKjKY67AjKaxldAIYV_p1tZI9iuRg,"{'display_name': 'Weingartshof, Ravensburg', '__CLASS__': 'Adzuna::API::Response::Location', 'area': ['Deutschland', 'Baden-Württemberg', 'Ravensburg (Kreis)', 'Ravensburg', 'Weingartshof']}",9.62186,"{'tag': 'unknown', '__CLASS__': 'Adzuna::API::Response::Category', 'label': 'Unknown'}",47.77567,0,Adzuna::API::Response::Job,https://www.adzuna.de/details/5755022737?utm_medium=api&utm_source=a4bcf954,5755022737,,,,
2025-11-16T17:40:51Z,"Senior Consultant Data Science (w/m/d) Job-ID: 12025 Standorte: Stuttgart Karrierelevel: Berufserfahrene Anstellungsart: Festanstellung in Vollzeit Als Senior Consultant Data Science (w/m/d) wirst du Teil eines dynamischen Teams von Data-Experts, die innovative und datengesteuerte Lösungen für unsere Kunden entwickeln. Dabei arbeitest du eng mit erfahrenen Data Scientists zusammen und hast die Möglichkeit, an verschiedenen Projekten und Herausforderungen mitzuwirken. Deine Aufgaben Du bereitest…",Senior Consultant Data Science (w/m/d),"{'display_name': 'KPMG', '__CLASS__': 'Adzuna::API::Response::Company'}",eyJhbGciOiJIUzI1NiJ9.eyJzIjoiUUpNNExUaHU4Ukd3Nm9yTWQ2VzJndyIsImkiOiI1NDk5MjkzODIzIn0.m7q2T8-Ktl2ysCgwNveiVtt1ZcsoVTufHub6mkqZT0k,"{'display_name': 'Mitte, Stuttgart', '__CLASS__': 'Adzuna::API::Response::Location', 'area': ['Deutschland', 'Baden-Württemberg', 'Stuttgart', 'Mitte']}",9.18071,"{'label': 'Unknown', '__CLASS__': 'Adzuna::API::Response::Category', 'tag': 'unknown'}",48.77713,0,Adzuna::API::Response::Job,https://www.adzuna.de/details/5499293823?utm_medium=api&utm_source=a4bcf954,5499293823,full_time,,,permanent
2026-01-09T20:36:10Z,"Senior Consultant Data Science (w/m/d) Job-ID: 12025 Standorte: Mainz Karrierelevel: Berufserfahrene Anstellungsart: Festanstellung in Vollzeit Als Senior Consultant Data Science (w/m/d) wirst du Teil eines dynamischen Teams von Data-Experts, die innovative und datengesteuerte Lösungen für unsere Kunden entwickeln. Dabei arbeitest du eng mit erfahrenen Data Scientists zusammen und hast die Möglichkeit, an verschiedenen Projekten und Herausforderungen mitzuwirken. Deine Aufgaben Du bereitest kom…",Senior Consultant Data Science (w/m/d),"{'__CLASS__': 'Adzuna::API::Response::Company', 'display_name': 'KPMG'}",eyJhbGciOiJIUzI1NiJ9.eyJzIjoiUUpNNExUaHU4Ukd3Nm9yTWQ2VzJndyIsImkiOiI1NTc2NjkxMTA0In0.gjWAKYrHy1pre_UyxoaecjX1vFvuFi-NfFheGXNbwDQ,"{'area': ['Deutschland', 'Rheinland-Pfalz', 'Mainz', 'Oberstadt'], 'display_name': 'Oberstadt, Mainz', '__CLASS__': 'Adzuna::API::Response::Location'}",8.26743,"{'tag': 'unknown', '__CLASS__': 'Adzuna::API::Response::Category', 'label': 'Unknown'}",49.99512,0,Adzuna::API::Response::Job,https://www.adzuna.de/details/5576691104?utm_medium=api&utm_source=a4bcf954,5576691104,full_time,,,permanent
2025-12-27T20:36:20Z,"Senior Consultant Data Science (w/m/d) Job-ID: 12025 Standorte: Ulm Karrierelevel: Berufserfahrene Anstellungsart: Festanstellung in Vollzeit Als Senior Consultant Data Science (w/m/d) wirst du Teil eines dynamischen Teams von Data-Experts, die innovative und datengesteuerte Lösungen für unsere Kunden entwickeln. Dabei arbeitest du eng mit erfahrenen Data Scientists zusammen und hast die Möglichkeit, an verschiedenen Projekten und Herausforderungen mitzuwirken. Deine Aufgaben Du bereitest kompl…",Senior Consultant Data Science (w/m/d),"{'display_name': 'KPMG', '__CLASS__': 'Adzuna::API::Response::Company'}",eyJhbGciOiJIUzI1NiJ9.eyJzIjoiUUpNNExUaHU4Ukd3Nm9yTWQ2VzJndyIsImkiOiI1NTU3NjE5MDM3In0.9vAQzUdu01I0qNTxG9POCMzxutN2sgWbVtZ8qOF4LoI,"{'area': ['Deutschland', 'Baden-Württemberg', 'Ulm', 'Mitte'], '__CLASS__': 'Adzuna::API::Response::Location', 'display_name': 'Mitte, Ulm'}",8.29909,"{'tag': 'unknown', '__CLASS__': 'Adzuna::API::Response::Category', 'label': 'Unknown'}",48.36497,0,Adzuna::API::Response::Job,https://www.adzuna.de/details/5557619037?utm_medium=api&utm_source=a4bcf954,5557619037,full_time,,,permanent
2025-12-27T20:36:20Z,"Senior Consultant Data Science (w/m/d) Job-ID: 12025 Standorte: Berlin Karrierelevel: Berufserfahrene Anstellungsart: Festanstellung in Vollzeit Als Senior Consultant Data Science (w/m/d) wirst du Teil eines dynamischen Teams von Data-Experts, die innovative und datengesteuerte Lösungen für unsere Kunden entwickeln. Dabei arbeitest du eng mit erfahrenen Data Scientists zusammen und hast die Möglichkeit, an verschiedenen Projekten und Herausforderungen mitzuwirken. Deine Aufgaben Du bereitest ko…",Senior Consultant Data Science (w/m/d),"{'display_name': 'KPMG', '__CLASS__': 'Adzuna::API::Response::Company'}",eyJhbGciOiJIUzI1NiJ9.eyJzIjoiUUpNNExUaHU4Ukd3Nm9yTWQ2VzJndyIsImkiOiI1NTU3NjE5MDQxIn0.Jkg4oFaYJqQ7oMefN10cQ_is_4rLYCGOzGI7ErbOcbE,"{'display_name': 'Moabit, Berlin', '__CLASS__': 'Adzuna::API::Response::Location', 'area': ['Deutschland', 'Berlin', 'Moabit']}",13.35662,"{'tag': 'unknown', '__CLASS__': 'Adzuna::API::Response::Category', 'label': 'Unknown'}",52.5259,0,Adzuna::API::Response::Job,https://www.adzuna.de/details/5557619041?utm_medium=api&utm_source=a4bcf954,5557619041,full_time,,,permanent
2025-12-27T20:36:20Z,"Senior Consultant Data Science (w/m/d) Job-ID: 12025 Standorte: Frankfurt Karrierelevel: Berufserfahrene Anstellungsart: Festanstellung in Vollzeit Als Senior Consultant Data Science (w/m/d) wirst du Teil eines dynamischen Teams von Data-Experts, die innovative und datengesteuerte Lösungen für unsere Kunden entwickeln. Dabei arbeitest du eng mit erfahrenen Data Scientists zusammen und hast die Möglichkeit, an verschiedenen Projekten und Herausforderungen mitzuwirken. Deine Aufgaben Du bereitest…",Senior Consultant Data Science (w/m/d),"{'__CLASS__': 'Adzuna::API::Response::Company', 'display_name': 'KPMG'}",eyJhbGciOiJIUzI1NiJ9.eyJzIjoiUUpNNExUaHU4Ukd3Nm9yTWQ2VzJndyIsImkiOiI1NTU3NjE5MDIyIn0.bn4gRvSUj90bkDIG8apmvy1d7y53t5lBBxP-MpRyYaw,"{'area': ['Deutschland', 'Hessen', 'Frankfurt am Main', 'Flughafen'], '__CLASS__': 'Adzuna::API::Response::Location', 'display_name': 'Flughafen, Frankfurt am Main'}",8.56413,"{'tag': 'unknown', '__CLASS__': 'Adzuna::API::Response::Category', 'label': 'Unknown'}",50.05078,0,Adzuna::API::Response::Job,https://www.adzuna.de/details/5557619022?utm_medium=api&utm_source=a4bcf954,5557619022,full_time,,,permanent
2025-11-15T17:50:12Z,"Senior Consultant Data Science (w/m/d) Job-ID: 12025 Standorte: Karlsruhe Karrierelevel: Berufserfahrene Anstellungsart: Festanstellung in Vollzeit Als Senior Consultant Data Science (w/m/d) wirst du Teil eines dynamischen Teams von Data-Experts, die innovative und datengesteuerte Lösungen für unsere Kunden entwickeln. Dabei arbeitest du eng mit erfahrenen Data Scientists zusammen und hast die Möglichkeit, an verschiedenen Projekten und Herausforderungen mitzuwirken. Deine Aufgaben Du bereitest…",Senior Consultant Data Science (w/m/d),"{'__CLASS__': 'Adzuna::API::Response::Company', 'display_name': 'KPMG'}",eyJhbGciOiJIUzI1NiJ9.eyJzIjoiUUpNNExUaHU4Ukd3Nm9yTWQ2VzJndyIsImkiOiI1NDk3NDEzMDYwIn0.lclaymh-Ewi_K5xkjUyNfiWiUwNlh9db3Hr40pUr6gE,"{'display_name': 'Hagsfeld, Karlsruhe', '__CLASS__': 'Adzuna::API::Response::Location', 'area': ['Deutschland', 'Baden-Württemberg', 'Karlsruhe (Kreis)', 'Karlsruhe', 'Hagsfeld']}",8.45882,"{'tag': 'unknown', 'label': 'Unknown', '__CLASS__': 'Adzuna::API::Response::Category'}",49.03084,0,Adzuna::API::Response::Job,https://www.adzuna.de/details/5497413060?utm_medium=api&utm_source=a4bcf954,5497413060,full_time,,,permanent
2026-02-28T22:07:27Z,"Senior Consultant Data Science (w/m/d) Job-ID: 12025 Standorte: Karrierelevel: Berufserfahrene Anstellungsart: Festanstellung in Vollzeit Als Senior Consultant Data Science (w/m/d) wirst du Teil eines dynamischen Teams von Data-Experts, die innovative und datengesteuerte Lösungen für unsere Kunden entwickeln. Dabei arbeitest du eng mit erfahrenen Data Scientists zusammen und hast die Möglichkeit, an verschiedenen Projekten und Herausforderungen mitzuwirken. Deine Aufgaben Du bereitest komplexe …",Senior Consultant Data Science (w/m/d),"{'__CLASS__': 'Adzuna::API::Response::Company', 'display_name': 'KPMG'}",eyJhbGciOiJIUzI1NiJ9.eyJzIjoiUUpNNExUaHU4Ukd3Nm9yTWQ2VzJndyIsImkiOiI1NjQ5MDY5OTgwIn0.5fUgiSVq58fqlYGL6ffCBFHxjxskh79VuvioXMirnY4,"{'area': ['Deutschland'], '__CLASS__': 'Adzuna::API::Response::Location', 'display_name': 'Deutschland'}",,"{'tag': 'unknown', 'label': 'Unknown', '__CLASS__': 'Adzuna::API::Response::Category'}",,0,Adzuna::API::Response::Job,https://www.adzuna.de/details/5649069980?utm_medium=api&utm_source=a4bcf954,5649069980,full_time,,,permanent
2025-12-26T20:20:06Z,"Senior Consultant Data Science (w/m/d) Job-ID: 12025 Standorte: Saarbrücken Karrierelevel: Berufserfahrene Anstellungsart: Festanstellung in Vollzeit Als Senior Consultant Data Science (w/m/d) wirst du Teil eines dynamischen Teams von Data-Experts, die innovative und datengesteuerte Lösungen für unsere Kunden entwickeln. Dabei arbeitest du eng mit erfahrenen Data Scientists zusammen und hast die Möglichkeit, an verschiedenen Projekten und Herausforderungen mitzuwirken. Deine Aufgaben Du bereite…",Senior Consultant Data Science (w/m/d),"{'__CLASS__': 'Adzuna::API::Response::Company', 'display_name': 'KPMG'}",eyJhbGciOiJIUzI1NiJ9.eyJpIjoiNTU1NjYzMTA2NSIsInMiOiJfSkNNTGpodThSR19Ndjl3TG9DMG5RIn0.UcBvMXxXQllCGLMtUz0C15T9s1UoTGhlBFBHc7IoXnA,"{'display_name': 'Malstatt, Saarbrücken', 'area': ['Deutschland', 'Saarland', 'Regionalverband Saarbrücken (Kreis)', 'Saarbrücken', 'Malstatt'], '__CLASS__': 'Adzuna::API::Response::Location'}",6.96191,"{'label': 'Unknown', 'tag': 'unknown', '__CLASS__': 'Adzuna::API::Response::Category'}",49.253,0,Adzuna::API::Response::Job,https://www.adzuna.de/details/5556631065?utm_medium=api&utm_source=a4bcf954,5556631065,full_time,,,permanent
2025-12-27T20:36:20Z,"Senior Consultant Data Science (w/m/d) Job-ID: 12025 Standorte: Mannheim Karrierelevel: Berufserfahrene Anstellungsart: Festanstellung in Vollzeit Als Senior Consultant Data Science (w/m/d) wirst du Teil eines dynamischen Teams von Data-Experts, die innovative und datengesteuerte Lösungen für unsere Kunden entwickeln. Dabei arbeitest du eng mit erfahrenen Data Scientists zusammen und hast die Möglichkeit, an verschiedenen Projekten und Herausforderungen mitzuwirken. Deine Aufgaben Du bereitest …",Senior Consultant Data Science (w/m/d),"{'__CLASS__': 'Adzuna::API::Response::Company', 'display_name': 'KPMG'}",eyJhbGciOiJIUzI1NiJ9.eyJzIjoiX0pDTUxqaHU4UkdfTXY5d0xvQzBuUSIsImkiOiI1NTU3NjE5MDMzIn0.pfHFoaxyjlMhq8EU2U26WulXH_Q3WHTY8MoQkS7xJ5U,"{'area': ['Deutschland', 'Baden-Württemberg', 'Mannheim', 'Neuostheim'], 'display_name': 'Neuostheim, Mannheim', '__CLASS__': 'Adzuna::API::Response::Location'}",8.50014,"{'label': 'Unknown', '__CLASS__': 'Adzuna::API::Response::Category', 'tag': 'unknown'}",49.46856,0,Adzuna::API::Response::Job,https://www.adzuna.de/details/5557619033?utm_medium=api&utm_source=a4bcf954,5557619033,full_time,,,permanent
2026-05-12T22:49:43Z,"Was Du bei uns machst: Forschung, Entwicklung, Anwendung und Implementierung Data Science, Big Data Entwicklung und Integration von Automatisierungslösungen auf Basis von REST-APIs Datenbankanbindung und -abfragen im Rahmen von Datenpipelines (SQL) AI, Machine Learning, Deep Learning, Computer vision Full-Stack Programming Worum geht's Für unseren Bereich Forschung & Entwicklung suchen wir derzeit Unterstützung durch Studierende. In sowohl kundenspezifischen Projekten als auch Inhouse Forschung…",Werkstudent/in - Data Science und Softwareentwicklung (m/w/d),"{'__CLASS__': 'Adzuna::API::Response::Company', 'display_name': 'Enforto'}",eyJhbGciOiJIUzI1NiJ9.eyJpIjoiNTcyNzI4NDEwMiIsInMiOiJfSkNNTGpodThSR19Ndjl3TG9DMG5RIn0.GUhGHqyxWeOZPOu5OX9UGfmylNIahU8g6hs8lCseOyI,"{'area': ['Deutschland', 'Bayern', 'München (Kreis)', 'München', 'Milbertshofen-Am Hart'], 'display_name': 'Milbertshofen-Am Hart, München', '__CLASS__': 'Adzuna::API::Response::Location'}",11.57287,"{'tag': 'it-jobs', '__CLASS__': 'Adzuna::API::Response::Category', 'label': 'IT-Stellen'}",48.18446,0,Adzuna::API::Response::Job,https://www.adzuna.de/details/5727284102?utm_medium=api&utm_source=a4bcf954,5727284102,part_time,,,
2026-05-12T23:26:28Z,"Are you ready to change the market? As the innovation leader in the receivables management industry, we at PAIR Finance are proud of our unique technology. Our algorithm, based on artificial intelligence, sensitizes defaulting consumers to pay outstanding debts without straining the customer relationship. Our fully automated, individually tailored approach enables us to assess each debtor's situation and achieve higher repayment rates. Our Data and Behavioral Science teams utilize purpose-built…",Team Lead (f/m/d) Data Science,"{'__CLASS__': 'Adzuna::API::Response::Company', 'display_name': 'PAIR Finance'}",eyJhbGciOiJIUzI1NiJ9.eyJpIjoiNTcyNzM0NDA4MiIsInMiOiJfSkNNTGpodThSR19Ndjl3TG9DMG5RIn0.z1DaZZjRPGfUuCtS80jn3qUzk5691ik3v5Wvb3joWoQ,"{'__CLASS__': 'Adzuna::API::Response::Location', 'display_name': 'Charlottenburg, Berlin', 'area': ['Deutschland', 'Berlin', 'Charlottenburg']}",13.30147,"{'label': 'Stellen aus Buchhaltung & Finanzwesen', 'tag': 'accounting-finance-jobs', '__CLASS__': 'Adzuna::API::Response::Category'}",52.51115,0,Adzuna::API::Response::Job,https://www.adzuna.de/details/5727344082?utm_medium=api&utm_source=a4bcf954,5727344082,full_time,,,
2026-06-05T11:27:06Z,"Are you ready to change the market? As the innovation leader in the receivables management industry, we at PAIR Finance are proud of our unique technology. Our algorithm, based on artificial intelligence, sensitizes defaulting consumers to pay outstanding debts without straining the customer relationship. Our fully automated, individually tailored approach enables us to assess each debtor's situation and achieve higher repayment rates. Our Data and Behavioral Science teams utilize purpose-built…",Team Lead (f/m/d) Data Science,"{'__CLASS__': 'Adzuna::API::Response::Company', 'display_name': 'PAIR Finance GmbH'}",eyJhbGciOiJIUzI1NiJ9.eyJpIjoiNTc1Mjk2OTIxOCIsInMiOiJfSkNNTGpodThSR19Ndjl3TG9DMG5RIn0.50PPhpm4GXJ-X55cByTWyL__n0sAB-TDq2pLvcCJmG4,"{'display_name': 'Charlottenburg, Berlin', 'area': ['Deutschland', 'Berlin', 'Charlottenburg'], '__CLASS__': 'Adzuna::API::Response::Location'}",13.30147,"{'label': 'Unknown', 'tag': 'unknown', '__CLASS__': 'Adzuna::API::Response::Category'}",52.51115,0,Adzuna::API::Response::Job,https://www.adzuna.de/details/5752969218?utm_medium=api&utm_source=a4bcf954,5752969218,full_time,117000.0,97000.0,
2026-05-13T22:56:09Z,"We’re on a mission to empower individuals to launch successful careers in tech. As our Lead Instructor, you will play a pivotal role in for the learning success of our international students. NOTE: Position open to the residents of Germany , Austria and Spain only. Join WBS CODING SCHOOL, one of Germany's leading tech schools, and help shape the future of tech talent. As Lead Instructor (m/f/d), you are the primary contact person for our students in Data Science an Data Analytics programs at WB…",Lead Instructor: Data Science (m/f/d),"{'__CLASS__': 'Adzuna::API::Response::Company', 'display_name': 'Wbs Coding School'}",eyJhbGciOiJIUzI1NiJ9.eyJzIjoiX0pDTUxqaHU4UkdfTXY5d0xvQzBuUSIsImkiOiI1NzI4NDI0MTQzIn0.xEAXlyVAdgzugiCndjLf3RBJ8tc400r9jXnS2i7cWzs,"{'__CLASS__': 'Adzuna::API::Response::Location', 'display_name': 'Deutschland', 'area': ['Deutschland']}",,"{'__CLASS__': 'Adzuna::API::Response::Category', 'tag': 'teaching-jobs', 'label': 'Lehrberufe'}",,0,Adzuna::API::Response::Job,https://www.adzuna.de/details/5728424143?utm_medium=api&utm_source=a4bcf954,5728424143,part_time,,,
2026-01-17T21:24:39Z,"Enabler für kleinere, leistungsfähigere und energieeffizientere Mikrochips Arbeiten, wo das Morgen entsteht. Rund 80 Prozent aller Mikrochips weltweit werden mit ZEISS Technologien gefertigt. Als Herzstück eines jeden elektronisch gesteuerten Systems sind sie aus unserem Alltag nicht mehr wegzudenken – egal ob im Smartphone, im Smart Home oder in Smart Factories. ZEISS ist Technologieführer im Bereich Halbleiterfertigungs-Equipment. Mit hochpräzisen Lithographie-Optiken, Photomasken-Systemen un…",Abschlussarbeit Data Science / Mechanikdesign (m/w/x),"{'display_name': 'ZEISS', '__CLASS__': 'Adzuna::API::Response::Company'}",eyJhbGciOiJIUzI1NiJ9.eyJpIjoiNTU4OTY5ODAxNyIsInMiOiJfSkNNTGpodThSR19Ndjl3TG9DMG5RIn0.UWS6c_vheLSi1TkQMUOU6vzysdnngeeGHEqkPZYCT5g,"{'area': ['Deutschland', 'Baden-Württemberg', 'Ostalbkreis', 'Oberkochen'], 'display_name': 'Oberkochen, Ostalbkreis', '__CLASS__': 'Adzuna::API::Response::Location'}",10.10558,"{'__CLASS__': 'Adzuna::API::Response::Category', 'tag': 'creative-design-jobs', 'label': 'Stellen aus Kreation & Design'}",48.78408,0,Adzuna::API::Response::Job,https://www.adzuna.de/details/5589698017?utm_medium=api&utm_source=a4bcf954,5589698017,full_time,,,
2026-06-09T02:41:09Z,"Die Sparkassen Rating und Risikosysteme (SR) ist der zentrale Dienstleister für Verfahren des Risiko­manage­ments in der Sparkassen-Finanzgruppe. Wir unterstützen die Institute mit Standardlösungen in den Bereichen der Risiko­messung und-steuerung, der regulatorischen Banksteuerung sowie im Vertrieb mit Data-Analytics-Lösungen. Gemeinsam mit unseren Partnern bieten wir den Instituten, von der Konzeption der Verfahren, über deren Weiterentwicklung, IT-Umsetzung und Umsetzungsunterstützung, zentr…",Werkstudent (m/w/d) Risikomanagement / Data Science,"{'display_name': 'S Rating und Risikosysteme GmbH', '__CLASS__': 'Adzuna::API::Response::Company'}",eyJhbGciOiJIUzI1NiJ9.eyJzIjoiX0pDTUxqaHU4UkdfTXY5d0xvQzBuUSIsImkiOiI1NzU2NzMzNDEyIn0.bwj8aShy7T2osmLcBmKcinXk3zVYCnnDAzmLzgE_w8M,"{'__CLASS__': 'Adzuna::API::Response::Location', 'display_name': 'Mitte, Berlin', 'area': ['Deutschland', 'Berlin', 'Mitte']}",13.40933,"{'label': 'Unknown', '__CLASS__': 'Adzuna::API::Response::Category', 'tag': 'unknown'}",52.52219,0,Adzuna::API::Response::Job,https://www.adzuna.de/details/5756733412?utm_medium=api&utm_source=a4bcf954,5756733412,,,,
2026-05-14T23:21:24Z,"Deine Aufgaben Datengetriebene Transformation. Prozessintelligenz. Zukunft gestalten. Du willst nicht nur analysieren, sondern mitgestalten? Dann komm in unser Team und unterstütze uns bei der datenbasierten Transformation etablierter Unternehmen im Mittelstand und Konzernumfeld. Wir entwickeln intelligente Lösungen auf Basis von Process Mining, Business Process Management und AI – und setzen diese gemeinsam mit unseren Kund:innen um. Du führst strukturierte Recherchen und Analysen zu aktuellen…",Werkstudent Process & Data Science (w/m/d),"{'display_name': 'PMMG Group', '__CLASS__': 'Adzuna::API::Response::Company'}",eyJhbGciOiJIUzI1NiJ9.eyJzIjoiX0pDTUxqaHU4UkdfTXY5d0xvQzBuUSIsImkiOiI1NzI5NzczMTk1In0.0Qe0odh_vfzn8C2BzEiOzeLHdhE0XNX-h8IE5fTk3mM,"{'__CLASS__': 'Adzuna::API::Response::Location', 'area': ['Deutschland', 'Bayern', 'München (Kreis)', 'München', 'Schwabing-Freimann'], 'display_name': 'Schwabing-Freimann, München'}",11.59038,"{'__CLASS__': 'Adzuna::API::Response::Category', 'tag': 'consultancy-jobs', 'label': 'Beraterstellen'}",48.16652,0,Adzuna::API::Response::Job,https://www.adzuna.de/details/5729773195?utm_medium=api&utm_source=a4bcf954,5729773195,part_time,,,
2026-05-12T23:28:53Z,"Was Dich erwartet Du hast ein Gespür für Daten und willst sehen, wie Deine Analysen echten Mehrwert schaffen? Dann bist Du bei uns genau richtig! Deine Mission: Hilf uns dabei, unsere Kunden datenbasiert besser zu verstehen und daraus konkrete Mehrwerte abzuleiten. Als Werkstudent im Beriech BI & Data Science entwickelst Du mit uns intelligente Analysen, optimierst Prozesse und schaffst die Grundlage für bessere Entscheidungen in Marketing, Beratung und Reporting. Du hast viel zu tun Kundendate…",Werkstudent (m/w/d) BI & Data Science,"{'__CLASS__': 'Adzuna::API::Response::Company', 'display_name': 'nimax'}",eyJhbGciOiJIUzI1NiJ9.eyJpIjoiNTcyNzM0NjM2OCIsInMiOiJfSkNNTGpodThSR19Ndjl3TG9DMG5RIn0.17tUP78M1B0eHvwkqgjj817LidWLXXA3Eg06ewVXI0s,"{'__CLASS__': 'Adzuna::API::Response::Location', 'area': ['Deutschland', 'Bayern', 'Landsberg am Lech (Kreis)', 'Landsberg am Lech'], 'display_name': 'Landsberg am Lech, Landsberg am Lech (Kreis)'}",10.88248,"{'label': 'Unknown', '__CLASS__': 'Adzuna::API::Response::Category', 'tag': 'unknown'}",48.04792,0,Adzuna::API::Response::Job,https://www.adzuna.de/details/5727346368?utm_medium=api&utm_source=a4bcf954,5727346368,part_time,,,
2026-06-21T11:29:12Z,"Als Student arbeitest Du mit Deinen Kolleginnen und Kollegen auf Augenhöhe und schaffst ideale Voraussetzungen für Deine spätere Karriere. Sich etwas Neues trauen, über sich hinauswachsen und dabei die Grenzen des Machbaren neu deﬁnieren. Genau das ist es, was unsere Mitarbeitenden täglich leben dürfen und sollen. Um mit unseren Innovationen das Tempo vorzugeben und Großartiges zu ermöglichen. Denn hinter jedem erfolgreichen Unternehmen stehen eine ganze Menge faszinierender Menschen. Die Mitar…",Abschlussarbeit Data Science / Mechanikdesign (m/w/x),"{'__CLASS__': 'Adzuna::API::Response::Company', 'display_name': 'ZEISS'}",eyJhbGciOiJIUzI1NiJ9.eyJpIjoiNTc3MTYzMTAwOSIsInMiOiJfSkNNTGpodThSR19Ndjl3TG9DMG5RIn0.xsXBGHZyEXc9IdWRPb1v8qvs3cmwN7Cwy8c9O-mmTEc,"{'area': ['Deutschland', 'Baden-Württemberg', 'Ostalbkreis', 'Oberkochen'], 'display_name': 'Oberkochen, Ostalbkreis', '__CLASS__': 'Adzuna::API::Response::Location'}",10.10558,"{'label': 'Unknown', 'tag': 'unknown', '__CLASS__': 'Adzuna::API::Response::Category'}",48.78408,0,Adzuna::API::Response::Job,https://www.adzuna.de/details/5771631009?utm_medium=api&utm_source=a4bcf954,5771631009,,,,
2026-05-26T22:48:00Z,"Deine Aufgaben Datengetriebene Transformation. Prozessintelligenz. Zukunft gestalten. Du willst nicht nur analysieren, sondern mitgestalten? Dann komm in unser Team und unterstütze uns bei der datenbasierten Transformation etablierter Unternehmen im Mittelstand und Konzernumfeld. Wir entwickeln intelligente Lösungen auf Basis von Process Mining, Business Process Management und AI – und setzen diese gemeinsam mit unseren Kund:innen um. Du führst strukturierte Recherchen und Analysen zu aktuellen…",Werkstudent Process & Data Science (w/m/d),"{'display_name': 'Process Solutions', '__CLASS__': 'Adzuna::API::Response::Company'}",eyJhbGciOiJIUzI1NiJ9.eyJzIjoiX0pDTUxqaHU4UkdfTXY5d0xvQzBuUSIsImkiOiI1NzQxNDk3NDg5In0.oGTK60EkxBl4ag0sU_RjuxC_d3XfeMXvP-tNl1h_DYA,"{'area': ['Deutschland', 'Bayern', 'München (Kreis)', 'München', 'Schwabing-Freimann'], 'display_name': 'Schwabing-Freimann, München', '__CLASS__': 'Adzuna::API::Response::Location'}",11.59038,"{'__CLASS__': 'Adzuna::API::Response::Category', 'tag': 'unknown', 'label': 'Unknown'}",48.16652,0,Adzuna::API::Response::Job,https://www.adzuna.de/details/5741497489?utm_medium=api&utm_source=a4bcf954,5741497489,part_time,,,
2025-12-19T04:23:46Z,"We help the world run better At SAP, we keep it simple: you bring your best to us, and we'll bring out the best in you. We're builders touching over 20 industries and 80% of global commerce, and we need your unique talents to help shape what's next. The work is challenging - but it matters. You'll find a place where you can be yourself, prioritize your wellbeing, and truly belong. What's in it for you? Constant learning, skill growth, great benefits, and a team that wants you to grow and succee…",Data Science Manager (f/m/d): ABAP Foundation Model,"{'display_name': 'SAP', '__CLASS__': 'Adzuna::API::Response::Company'}",eyJhbGciOiJIUzI1NiJ9.eyJzIjoiX0pDTUxqaHU4UkdfTXY5d0xvQzBuUSIsImkiOiI1NTQ4MTI1MDc1In0.YXsUgcHas0iD2jKhc-JjoCHa3jK9fuSs7dqknGirZn0,"{'__CLASS__': 'Adzuna::API::Response::Location', 'area': ['Deutschland', 'Berlin'], 'display_name': 'Berlin, Deutschland'}",13.420806,"{'label': 'Unknown', '__CLASS__': 'Adzuna::API::Response::Category', 'tag': 'unknown'}",52.507706,0,Adzuna::API::Response::Job,https://www.adzuna.de/details/5548125075?utm_medium=api&utm_source=a4bcf954,5548125075,,,,
2025-02-24T18:13:01Z,"WILLKOMMEN IM TEAM Am BASF-Standort in Schwarzheide produzieren wir nicht nur Polyurethangrundprodukte, Schaumstoffe und Lacke, sondern auch technische Kunststoffe, Veredlungschemikalien und Fungizide. So vielseitig wie unsere Produktpalette sind auch die Tätigkeiten, die es braucht, damit die Produkte hergestellt werden - unsere Mitarbeiterinnen und Mitarbeiter arbeiten bei uns am Standort in den unterschiedlichsten Fachdisziplinen zusammen: vom Ingenieurwesen bis hin zur Digitalisierung, von …",Praktikum Data Science in der Digitalisierung (m/w/d),"{'__CLASS__': 'Adzuna::API::Response::Company', 'display_name': 'Basf France'}",eyJhbGciOiJIUzI1NiJ9.eyJpIjoiNTA2MjI0OTMyNyIsInMiOiJfSkNNTGpodThSR19Ndjl3TG9DMG5RIn0.iMyUWIOD7-52ctFixV_Jg6WjcBi8I_DH50q88H-7qCs,"{'__CLASS__': 'Adzuna::API::Response::Location', 'area': ['Deutschland', 'Brandenburg', 'Oberspreewald-Lausitz (Kreis)', 'Schwarzheide'], 'display_name': 'Schwarzheide, Oberspreewald-Lausitz (Kreis)'}",13.86232,"{'tag': 'graduate-jobs', '__CLASS__': 'Adzuna::API::Response::Category', 'label': 'Stellen für Hochschulabsolventen'}",51.47465,0,Adzuna::API::Response::Job,https://www.adzuna.de/details/5062249327?utm_medium=api&utm_source=a4bcf954,5062249327,,,,contract
2025-10-30T13:54:30Z,"At Statista , we’re all about facts and data, for we are the world's leading business data platform. By providing reliable and easy-to-use data as well as various data analytics products and services, we empower people worldwide to make fact-based decisions. Founded in Hamburg in 2007, we have quickly grown into a global company with offices in major cities such as London, New York, Berlin and Tokyo. And we still have a lot of plans. Our constant growth does not only prove our success, but also…",Data Science Consultant - Healthcare (m/f/d),"{'__CLASS__': 'Adzuna::API::Response::Company', 'display_name': 'Statista'}",eyJhbGciOiJIUzI1NiJ9.eyJpIjoiNTQ3MDk2MjY4NiIsInMiOiJfSkNNTGpodThSR19Ndjl3TG9DMG5RIn0.zrJ6Ecv-1bLbL9SXVht_XEud2BY6dqqaNI3Op7007aU,"{'__CLASS__': 'Adzuna::API::Response::Location', 'display_name': 'Berlin, Deutschland', 'area': ['Deutschland', 'Berlin']}",13.420806,"{'__CLASS__': 'Adzuna::API::Response::Category', 'tag': 'consultancy-jobs', 'label': 'Beraterstellen'}",52.507706,0,Adzuna::API::Response::Job,https://www.adzuna.de/details/5470962686?utm_medium=api&utm_source=a4bcf954,5470962686,full_time,,,
2026-04-16T22:46:20Z,"Team description The Risk AI Engineering Squad is a cross-functional team within the Risk & Compliance tribe, responsible for developing cutting-edge data products and ML solutions that power Transaction Monitoring and protect our merchant base from Money Laundering and Financial Crime. We combine automation, AI, and engineering excellence to build innovative products that empower Risk and AML teams to work smarter, faster, and more efficiently. The Senior Data Scientist role is critical to adv…",Senior Data Science/ML Engineer - Financial Crime,"{'__CLASS__': 'Adzuna::API::Response::Company', 'display_name': 'SumUp'}",eyJhbGciOiJIUzI1NiJ9.eyJzIjoiX0pDTUxqaHU4UkdfTXY5d0xvQzBuUSIsImkiOiI1NzAxODU1NTIzIn0.NOt50q15Imak-P2iQNuHcA5rkKbaTYiEfB4owWf4tGo,"{'area': ['Deutschland', 'Berlin'], 'display_name': 'Berlin, Deutschland', '__CLASS__': 'Adzuna::API::Response::Location'}",13.420806,"{'tag': 'accounting-finance-jobs', '__CLASS__': 'Adzuna::API::Response::Category', 'label': 'Stellen aus Buchhaltung & Finanzwesen'}",52.507706,0,Adzuna::API::Response::Job,https://www.adzuna.de/details/5701855523?utm_medium=api&utm_source=a4bcf954,5701855523,,,,
2026-05-12T23:34:14Z,"SO SIEHT DEIN AUFGABENBEREICH AUS: Gestalte die Zukunft: Entwickle und implementiere innovative Lösungen zum Beispiel mit Retrieval-Augmented Generation (RAG) und Large Language Models (LLMs) für die Steuerwelt. Dabei wählst du für jeden Anwendungsfall die passende Modellarchitektur und kümmerst dich um Training, Evaluation und Optimierung für den praktischen Einsatz. Verbinde Daten mit Intelligenz: Entwickle Pipelines zur Datenaufbereitung, -extraktion, -transformation und -integration und opt…",Senior AI / Data Science Engineer (m/w),"{'display_name': 'Buhl Data Service', '__CLASS__': 'Adzuna::API::Response::Company'}",eyJhbGciOiJIUzI1NiJ9.eyJpIjoiNTcyNzM1MTk0NiIsInMiOiJfSkNNTGpodThSR19Ndjl3TG9DMG5RIn0.mcdfw7FALopBx-BifEZ8ylR_eoK04Iag_UsgLYXPLxg,"{'area': ['Deutschland', 'Baden-Württemberg', 'Mannheim', 'Neuostheim'], 'display_name': 'Neuostheim, Mannheim', '__CLASS__': 'Adzuna::API::Response::Location'}",8.50014,"{'__CLASS__': 'Adzuna::API::Response::Category', 'tag': 'it-jobs', 'label': 'IT-Stellen'}",49.46856,0,Adzuna::API::Response::Job,https://www.adzuna.de/details/5727351946?utm_medium=api&utm_source=a4bcf954,5727351946,full_time,,,
2026-06-06T23:02:19Z,"Du hast viel zu tun Du analysierst über 2,5 Millionen Bestelldaten aus 25 Jahren Onlinehandel Mit Hilfe von Machine Learning bildest Du Kundenkohorten und gewinnst daraus wertvolle Insights Du entwickelst Modelle, um aus dem Kaufverhalten der Vergangenheit zukünftige Kaufentscheidungen zu prognostizieren Deine Ergebnisse bilden die Grundlage für zukünftige Marketing-Kampagnen, z. B. um die richtigen Produkte zur richtigen Zeit zu bewerben Du hast einiges drauf Du stehst kurz vor dem Ende Deines…",Abschlussarbeit Data Science – Machine Learning im E-Commerce,"{'__CLASS__': 'Adzuna::API::Response::Company', 'display_name': 'nimax'}",eyJhbGciOiJIUzI1NiJ9.eyJzIjoiX0pDTUxqaHU4UkdfTXY5d0xvQzBuUSIsImkiOiI1NzU0ODQ5ODUwIn0.kQe93zx3DDffZ3DzqRyMUtCPWObI58Uw6XYTDdW-vTg,"{'area': ['Deutschland', 'Bayern', 'Landsberg am Lech (Kreis)', 'Landsberg am Lech'], 'display_name': 'Landsberg am Lech, Landsberg am Lech (Kreis)', '__CLASS__': 'Adzuna::API::Response::Location'}",10.88248,"{'__CLASS__': 'Adzuna::API::Response::Category', 'tag': 'it-jobs', 'label': 'IT-Stellen'}",48.04792,0,Adzuna::API::Response::Job,https://www.adzuna.de/details/5754849850?utm_medium=api&utm_source=a4bcf954,5754849850,part_time,,,
2026-06-10T01:03:14Z,"Deine Aufgaben Duale Power für die digitale Zukunft: Entfalte dein Potential, indem du dir wirtschaftsinformatisches Fachwissen aneignest und gestalte aktiv den Bereich Einkauf mit. … konkret heißt das: Dreijähriges duales Studium ab Herbst 2027 mit Wechsel zwischen der dreimonatigen Theoriephase an der DHBW Heilbronn und der Praxisphase bei der Lidl Stiftung Vermittlung von Methoden und Technologien der Informatik sowie Data Analysis, Big Data und Machine Learning an der DHBW im Vordergrund Pr…",Duales Studium Wirtschaftsinformatik - Data Science 2027 in Neckarsulm,"{'__CLASS__': 'Adzuna::API::Response::Company', 'display_name': 'Lidl Stiftung'}",eyJhbGciOiJIUzI1NiJ9.eyJpIjoiNTc1Nzc5ODQ4NCIsInMiOiJfSkNNTGpodThSR19Ndjl3TG9DMG5RIn0.E2eyJPs_ji-EYPb42j3wHA7ueO-Cqr-6gnXnaaTtfuc,"{'__CLASS__': 'Adzuna::API::Response::Location', 'area': ['Deutschland'], 'display_name': 'Deutschland'}",,"{'__CLASS__': 'Adzuna::API::Response::Category', 'tag': 'retail-jobs', 'label': 'Stellen aus Einzelhandel'}",,0,Adzuna::API::Response::Job,https://www.adzuna.de/details/5757798484?utm_medium=api&utm_source=a4bcf954,5757798484,full_time,23400.0,19800.0,
2026-06-19T05:50:58Z,"Life is always about becoming… Im Leben geht es darum, sich auf eine Reise zu begeben, um die beste Version unseres zukünftigen Selbst zu werden. Während wir Neues entdecken, stellen wir uns Herausforderungen, meistern sie und wachsen über uns hinaus. Bewerben Sie sich bei Mercedes-Benz und finden Sie den Aufgabenbereich, in dem Sie Ihre Talente individuell entfalten können. Dabei werden Sie von visionären Kolleginnen und Kollegen unterstützt, die Ihren Pioniergeist teilen. Bei uns einzusteigen…",Praktikant*in External Affairs – Market Intelligence & Geoeconomics (Pflicht- oder Kombinationspraktikum),"{'display_name': 'Mercedes-Benz Group AG', '__CLASS__': 'Adzuna::API::Response::Company'}",eyJhbGciOiJIUzI1NiJ9.eyJzIjoiX0pDTUxqaHU4UkdfTXY5d0xvQzBuUSIsImkiOiI1NzY4OTAwMDczIn0.B2GXAc6xGOuIWSdxvnrQK-3TMrnkDLdDlpUXgyE8b5U,"{'area': ['Deutschland', 'Baden-Württemberg', 'Stuttgart'], 'display_name': 'Stuttgart, Baden-Württemberg', '__CLASS__': 'Adzuna::API::Response::Location'}",9.187224,"{'tag': 'pr-advertising-marketing-jobs', '__CLASS__': 'Adzuna::API::Response::Category', 'label': 'Stellen aus PR, Werbung & Marketing'}",48.776198,0,Adzuna::API::Response::Job,https://www.adzuna.de/land/ad/5768900073?se=_JCMLjhu8RG_Mv9wLoC0nQ&utm_medium=api&utm_source=a4bcf954&v=D18BFBBC9A3CDA422D17737171D305E32C67690B,5768900073,,,,
2026-05-29T18:21:58Z,"W1 Junior Professorship Data Science (with tenure track to W2) (female/male/diverse) (2617-W1-Data Science) 2617-W1-Data Science 50933 Cologne Hybrid Fulltime Immediately With more than 6.300 students from 93 countries, the German Sport University Cologne (GSU) is an outstanding university location both nationally and internationally. The GSU stands for proven research with a high volume of third-party funding and research-based as well as international teaching in sports practice and in all so…",W1 Junior Professorship Data Science (with tenure track to W2) (female/male/diverse) (2617-W1-Data Science),"{'display_name': 'Deutsche Sporthochschule Köln', '__CLASS__': 'Adzuna::API::Response::Company'}",eyJhbGciOiJIUzI1NiJ9.eyJzIjoiX0pDTUxqaHU4UkdfTXY5d0xvQzBuUSIsImkiOiI1NzQ0Njg4MDMzIn0._IMVx2W7zWPb7TNwtcRcEpyDfc39x6FvLkRhBL_2VTc,"{'display_name': 'Köln, Nordrhein-Westfalen', 'area': ['Deutschland', 'Nordrhein-Westfalen', 'Köln'], '__CLASS__': 'Adzuna::API::Response::Location'}",6.969972,"{'label': 'IT-Stellen', '__CLASS__': 'Adzuna::API::Response::Category', 'tag': 'it-jobs'}",50.940164,0,Adzuna::API::Response::Job,https://www.adzuna.de/land/ad/5744688033?se=_JCMLjhu8RG_Mv9wLoC0nQ&utm_medium=api&utm_source=a4bcf954&v=D2C547A201C8087219BC1082F787457831F1A4D9,5744688033,,,,
2026-06-03T11:35:27Z,"Als primärer Digitalisierungspartner der Bundeswehr erbringen wir stabile, sichere und effiziente IT-Services im In- und Ausland, vom Grundbetrieb bis in den einsatznahen Bereich und tragen so zur kontinuierlichen Erhöhung der Führungs- und Einsatzfähigkeit der Bundeswehr bei. Mit über 7.700 Kolleg*innen betreiben und modernisieren wir eine der größten und komplexesten IT-Infrastrukturen in Deutschland. Wir suchen verantwortungsvolle IT-Spezialist*innen, die die Bundeswehr-IT aus Überzeugung in…",Duales Studium zum Bachelor of Science in Wirtschaftsinformatik KI & Data Science inkl. Ausbildung zum Fachinformatiker Anwend,"{'__CLASS__': 'Adzuna::API::Response::Company', 'display_name': 'BWI GmbH'}",eyJhbGciOiJIUzI1NiJ9.eyJpIjoiNTc1MDM3MTA3OSIsInMiOiJfSkNNTGpodThSR19Ndjl3TG9DMG5RIn0.KdK0QlsOPbtNN8iNMwjA0g7a2PmpKocOH-ichUWMl1I,"{'display_name': 'Wilhelmshaven, Niedersachsen', 'area': ['Deutschland', 'Niedersachsen', 'Wilhelmshaven'], '__CLASS__': 'Adzuna::API::Response::Location'}",8.087806,"{'label': 'Teilzeitstellen', 'tag': 'part-time-jobs', '__CLASS__': 'Adzuna::API::Response::Category'}",53.550256,0,Adzuna::API::Response::Job,https://www.adzuna.de/land/ad/5750371079?se=_JCMLjhu8RG_Mv9wLoC0nQ&utm_medium=api&utm_source=a4bcf954&v=AC6146C57702988E005756988412B0811478F014,5750371079,,,,
2026-05-22T23:15:05Z,"Position: Data Scientists, Data Engineers & Analytics Professionals – Talent Pool (Ongoing Search) Remote working policy: 100% remote possible, full-time Employment type: Freelancer/ Contract or Employee Duration: 12 months About us: We are a specialist technical recruitment agency constantly looking for strong strong Data talent for exciting opportunities. We partner with global enterprise companies, USA-based organisations, and EU clients that frequently offer remote, hybrid, and onsite roles…","Data Science, Analytics & Data Engineer (Remote, Ongoing Search, Talent Pool)","{'display_name': 'FullStack Talents', '__CLASS__': 'Adzuna::API::Response::Company'}",eyJhbGciOiJIUzI1NiJ9.eyJzIjoiX0pDTUxqaHU4UkdfTXY5d0xvQzBuUSIsImkiOiI1NzM4MDcyODI0In0.1Ohg9dWNw_grOsoS5LOOwQ8luk5KfygVI6PF0HzHgI0,"{'__CLASS__': 'Adzuna::API::Response::Location', 'area': ['Deutschland'], 'display_name': 'Deutschland'}",,"{'label': 'Stellen aus PR, Werbung & Marketing', 'tag': 'pr-advertising-marketing-jobs', '__CLASS__': 'Adzuna::API::Response::Category'}",,0,Adzuna::API::Response::Job,https://www.adzuna.de/details/5738072824?utm_medium=api&utm_source=a4bcf954,5738072824,,,,contract
2026-06-03T11:33:23Z,"BBBank eG - Better Banking Wir sind die größte genossenschaftliche Privatkundenbank in Deutschland. Als Digitalbank mit bundesweitem Filialnetz an über 100 Standorten vereinen wir Erfahrung und Innovation mit der über 100-jährigen Kompetenz eines erfolgreichen Bankhauses – kundenorientiert, wirtschaftlich, nachhaltig und sympathisch. Wir leben, lieben und liefern Better Banking und setzen Maßstäbe, die nachhaltig sind. Für Wachstum mit Substanz. Für beständige Weiterentwicklung, die Kundenerleb…",Duales Studium Bachelor of Science (B.Sc.) Data Science und künstliche Intelligenz (m/w/d) 2026,"{'display_name': 'BBBank eG', '__CLASS__': 'Adzuna::API::Response::Company'}",eyJhbGciOiJIUzI1NiJ9.eyJpIjoiNTc1MDM1Njc2MCIsInMiOiJfSkNNTGpodThSR19Ndjl3TG9DMG5RIn0.uPNmET981GGCvUmgHjEQ8-j0jb42e8WElSBopZG8sdU,"{'__CLASS__': 'Adzuna::API::Response::Location', 'area': ['Deutschland', 'Baden-Württemberg', 'Karlsruhe (Kreis)', 'Karlsruhe'], 'display_name': 'Karlsruhe, Karlsruhe (Kreis)'}",8.412378,"{'label': 'Teilzeitstellen', '__CLASS__': 'Adzuna::API::Response::Category', 'tag': 'part-time-jobs'}",49.001249,0,Adzuna::API::Response::Job,https://www.adzuna.de/land/ad/5750356760?se=_JCMLjhu8RG_Mv9wLoC0nQ&utm_medium=api&utm_source=a4bcf954&v=0D5A5CFF41B02A00A5E387A3F01FBA50BFE56BC4,5750356760,,,,
2026-06-03T11:38:38Z,"BBBank eG - Better Banking Wir sind die größte genossenschaftliche Privatkundenbank in Deutschland. Als Digitalbank mit bundesweitem Filialnetz anüber 100 Standorten vereinen wir Erfahrung und Innovation mit derüber 100-jährigen Kompetenz eines erfolgreichen Bankhauses– kundenorientiert, wirtschaftlich, nachhaltig und sympathisch. Wir leben, lieben und liefern Better Banking und setzen Maßstäbe, die nachhaltig sind. Für Wachstum mit Substanz. Für beständige Weiterentwicklung, die Kundenerlebnis…",Duales Studium Bachelor of Science (B.Sc.) Data Science und knstliche Intelligenz (m/w/d) 2027,"{'__CLASS__': 'Adzuna::API::Response::Company', 'display_name': 'BBBank eG'}",eyJhbGciOiJIUzI1NiJ9.eyJzIjoiX0pDTUxqaHU4UkdfTXY5d0xvQzBuUSIsImkiOiI1NzUwMzg5MDg2In0.dVtGgXEzAjY2PfJLLHlrYOP8AsyFsY99vur7mRkuhlA,"{'__CLASS__': 'Adzuna::API::Response::Location', 'area': ['Deutschland', 'Baden-Württemberg', 'Karlsruhe (Kreis)', 'Karlsruhe'], 'display_name': 'Karlsruhe, Karlsruhe (Kreis)'}",8.412378,"{'__CLASS__': 'Adzuna::API::Response::Category', 'tag': 'part-time-jobs', 'label': 'Teilzeitstellen'}",49.001249,0,Adzuna::API::Response::Job,https://www.adzuna.de/land/ad/5750389086?se=_JCMLjhu8RG_Mv9wLoC0nQ&utm_medium=api&utm_source=a4bcf954&v=2A546E6A4CD6C05D1693DE36D50BCB026400255D,5750389086,,,,
2026-06-19T01:16:16Z,"Als primärer Digitalisierungspartner der Bundeswehr erbringen wir stabile, sichere und effiziente IT-Services im In- und Ausland, vom Grundbetrieb bis in den einsatznahen Bereich und tragen so zur kontinuierlichen Erhöhung der Führungs- und Einsatzfähigkeit der Bundeswehr bei. Mit über 8.000 Kolleg*innen betreiben und modernisieren wir eine der größten und komplexesten IT-Infrastrukturen in Deutschland. Wir suchen verantwortungsvolle IT-Spezialist*innen, die die Bundeswehr-IT aus Überzeugung in…",Duales Studium zum Bachelor of Science in Wirtschaftsinformatik KI&Data Science inkl. Ausbildung zum Fachinformatiker Systemi,"{'__CLASS__': 'Adzuna::API::Response::Company', 'display_name': 'BWI GmbH'}",eyJhbGciOiJIUzI1NiJ9.eyJzIjoiX0pDTUxqaHU4UkdfTXY5d0xvQzBuUSIsImkiOiI1NzY4NzAzNzMxIn0.AOCK2l_plJ6Jg-uYhXwE1L7eoZbidQkX9P3weWbXR34,"{'__CLASS__': 'Adzuna::API::Response::Location', 'display_name': 'Leipzig, Leipzig (Kreis)', 'area': ['Deutschland', 'Sachsen', 'Leipzig (Kreis)', 'Leipzig']}",12.373598,"{'__CLASS__': 'Adzuna::API::Response::Category', 'tag': 'part-time-jobs', 'label': 'Teilzeitstellen'}",51.339254,0,Adzuna::API::Response::Job,https://www.adzuna.de/land/ad/5768703731?se=_JCMLjhu8RG_Mv9wLoC0nQ&utm_medium=api&utm_source=a4bcf954&v=57585F1B53173E142BBF2536C6E90FACA81D7CDC,5768703731,,,,
2026-06-21T14:29:45Z,"Arbeit anders leben Das Team Marktforschung vereint Spezialisten aus den Bereichen qualitativer und quantitativer Forschung, Social Listening und Trendanalysen sowie Data Science. Wir kümmern uns um maßgeschneiderte Analysen für Fragestellungen rund um die dm Eigenmarken, unser Sortiment und die Kommunikation. Auf der Grundlage methodischer Exzellenz und thematischer Expertise unterstützen wir unsere internen Kunden durch einen holistischen Beratungsansatz bei der Umsetzung unserer Empfehlungen…",Data Scientist - Marktforschung (w/m/d),"{'__CLASS__': 'Adzuna::API::Response::Company', 'display_name': 'dm-drogerie markt GmbH + Co. KG'}",eyJhbGciOiJIUzI1NiJ9.eyJpIjoiNTc3MTcwNjcyMSIsInMiOiJfSkNNTGpodThSR19Ndjl3TG9DMG5RIn0.IEjV_2467Pw0K3rGVTgWj-54Aoljep8NGIFFVacZE08,"{'display_name': 'Innenstadt, Karlsruhe', 'area': ['Deutschland', 'Baden-Württemberg', 'Karlsruhe (Kreis)', 'Karlsruhe', 'Innenstadt'], '__CLASS__': 'Adzuna::API::Response::Location'}",8.38979,"{'tag': 'other-general-jobs', '__CLASS__': 'Adzuna::API::Response::Category', 'label': 'Sonstige/Allgemeine Stellen'}",49.01336,0,Adzuna::API::Response::Job,https://www.adzuna.de/land/ad/5771706721?se=_JCMLjhu8RG_Mv9wLoC0nQ&utm_medium=api&utm_source=a4bcf954&v=8A673AEAFA9146878CD4D7A47240D964E205DE66,5771706721,full_time,,,
2026-06-03T11:34:33Z,Das ist dein Arbeitsumfeld: Gemeinsam mit rund 200 Auszubildenden und dual Studierenden meisterst du die abwechslungsreichen und anspruchsvollen Aufgaben und bist von Beginn an in ein Team eingebunden. Kompetente Ausbilderinnen und Ausbilder stehen dir mit Rat und Tat zur Seite und unterstützen dich bei deiner fachlichen und persönlichen Entwicklung. Nach erfolgreichem Abschluss darfst du dich auf eine Übernahme von mind. einem Jahr freuen. Zum 01.09. starten wir in einen gemeinsamen Orientieru…,"Duales Studium Bachelor of Science in Data Science und Künstlicher Intelligenz (m/w/d), ab 09/2026","{'display_name': 'DATEV eG', '__CLASS__': 'Adzuna::API::Response::Company'}",eyJhbGciOiJIUzI1NiJ9.eyJzIjoiX0pDTUxqaHU4UkdfTXY5d0xvQzBuUSIsImkiOiI1NzUwMzY0MjIwIn0.GSIgDBL8auKV4e7HcJOIpFQf0C24UG8_OS4slp19pSA,"{'__CLASS__': 'Adzuna::API::Response::Location', 'area': ['Deutschland', 'Bayern', 'Nürnberg'], 'display_name': 'Nürnberg, Bayern'}",11.083642,"{'__CLASS__': 'Adzuna::API::Response::Category', 'tag': 'part-time-jobs', 'label': 'Teilzeitstellen'}",49.443967,0,Adzuna::API::Response::Job,https://www.adzuna.de/land/ad/5750364220?se=_JCMLjhu8RG_Mv9wLoC0nQ&utm_medium=api&utm_source=a4bcf954&v=E05F89B7ACE9D61510025572C80A1540C20C947F,5750364220,,,,
2026-06-19T21:03:05Z,"Job Description: Dein Duales Studium B.Sc. (d/m/w) Data Science & Künstliche Intelligenz zum 01.09.2027 Starte deine Karriere bei Airbus! Bist du fasziniert davon, wie riesige Datenmengen und Künstliche Intelligenz die Geschäftswelt und unser Leben verändern, und möchtest aktiv die Zukunft mitgestalten? Dann ist ein Duales Studium bei Airbus genau das Richtige für dich! B.Sc. Data Science und Künstliche Intelligenz: Dieser Studiengang konzentriert sich stark auf die Analyse großer Datenmengen ,…",Duales Studium B.Sc. Data Science und Künstliche Intelligenz (d/m/w) zum 01.09.2027,"{'display_name': 'E Airbus Defence and Space GmbH', '__CLASS__': 'Adzuna::API::Response::Company'}",eyJhbGciOiJIUzI1NiJ9.eyJpIjoiNTc2OTU1MDE5MyIsInMiOiJfSkNNTGpodThSR19Ndjl3TG9DMG5RIn0.bNDRMlyPceyksluBl5caC26aSnEb1hSoMEdGp_cg5Mw,"{'__CLASS__': 'Adzuna::API::Response::Location', 'display_name': 'München, München (Kreis)', 'area': ['Deutschland', 'Bayern', 'München (Kreis)', 'München']}",11.555737,"{'tag': 'unknown', '__CLASS__': 'Adzuna::API::Response::Category', 'label': 'Unknown'}",48.137418,0,Adzuna::API::Response::Job,https://www.adzuna.de/land/ad/5769550193?se=_JCMLjhu8RG_Mv9wLoC0nQ&utm_medium=api&utm_source=a4bcf954&v=2B795DD5507610ECAA394CEAFB4904F7433789FF,5769550193,,,,
2024-02-16T11:00:56Z,"WILLKOMMEN IM TEAM Wir sind die globale Inhouse Managementberatung der BASF. Unser Schwerpunkt liegt auf strategischen Projekten, mit denen wir wirkungsvoll Veränderungsprozesse vorantreiben. Dabei reicht unser Themenspektrum von Wachstums-, Organisationsentwicklungs- und Effizienzprojekten bis hin zu Akquisitionen und Devestitionen. Wir leben einen starken Teamspirit und fördern aktiv die Karriereentwicklung innerhalb der BASF. AUFGABEN Zum nächstmöglichen Zeitpunkt sind Sie für einen Zeitraum…",Praktikum Management Consulting im Bereich Data Science / Data Analytics (m/w/d),"{'__CLASS__': 'Adzuna::API::Response::Company', 'display_name': 'Basf France'}",eyJhbGciOiJIUzI1NiJ9.eyJpIjoiNDU3MTE3Mzg5MiIsInMiOiJfSkNNTGpodThSR19Ndjl3TG9DMG5RIn0.mV-FPjpnCNFaEHD1_LX9FOi5y47Sksg_cM76Z47v_Po,"{'area': ['Deutschland', 'Rheinland-Pfalz', 'Ludwigshafen am Rhein', 'Mitte'], 'display_name': 'Mitte, Ludwigshafen am Rhein', '__CLASS__': 'Adzuna::API::Response::Location'}",8.43196,"{'label': 'Stellen für Hochschulabsolventen', 'tag': 'graduate-jobs', '__CLASS__': 'Adzuna::API::Response::Category'}",49.47766,0,Adzuna::API::Response::Job,https://www.adzuna.de/details/4571173892?utm_medium=api&utm_source=a4bcf954,4571173892,,,,contract
2026-06-02T18:14:04Z,"Die EKATO GROUP ist weltweit führend in der Rühr- und Mischtechnik und expandiert erfolgreich mit Tochterunternehmen. Seit über 90 Jahren entwickelt und produziert EKATO Rührwerke, Komplettanlagen und Dichtungssysteme mit mehr als 900 Mitarbeitenden in Deutschland, Europa, Afrika, Asien, Australien, Südamerika und den USA. Werden Sie Teil unseres Teams bei: EKATO Rühr- und Mischtechnik GmbH als Solution Architekt KI & Digitalisierung (m⁠/⁠w⁠/⁠d) ÜBER DIE ROLLE Künstliche Intelligenz ist für EKA…",Solution Architekt KI & Digitalisierung (m/w/d),"{'__CLASS__': 'Adzuna::API::Response::Company', 'display_name': 'EKATO Rühr- und Mischtechnik GmbH'}",eyJhbGciOiJIUzI1NiJ9.eyJpIjoiNTc0OTMxMzcwNSIsInMiOiJfSkNNTGpodThSR19Ndjl3TG9DMG5RIn0.Krfn995-h796ycUlkX1UMfMkR19IpMbnYavx1CKFRw0,"{'display_name': 'Schopfheim, Lörrach (Kreis)', 'area': ['Deutschland', 'Baden-Württemberg', 'Lörrach (Kreis)', 'Schopfheim'], '__CLASS__': 'Adzuna::API::Response::Location'}",7.82279,"{'label': 'Sonstige/Allgemeine Stellen', '__CLASS__': 'Adzuna::API::Response::Category', 'tag': 'other-general-jobs'}",47.65015,0,Adzuna::API::Response::Job,https://www.adzuna.de/land/ad/5749313705?se=_JCMLjhu8RG_Mv9wLoC0nQ&utm_medium=api&utm_source=a4bcf954&v=E5C0D9795F660B907569630914048B8080854D48,5749313705,full_time,,,
2026-05-31T10:59:15Z,"Bringen Sie Ihre Karriere ins Rollen! Erfolg braucht Partnerschaft. Das ist unsere Überzeugung und unser Motto: engineering based on partnership. Als Partner beraten wir Sie vom Eingang Ihrer Bewerbung über die Auswahl geeigneter Einstiegsmöglichkeiten bis zur gezielten Karriereplanung – immer im Fokus unsere gemeinsamen Ziele: Weiterentwicklung, Wachstum und Spaß bei der Arbeit. Als Dienstleister für Mobilitätslösungen arbeiten wir mit vielen namhaften Unternehmen in ganz Deutschland zusammen,…",Projektmanager – Data Analytics / Data Science (m/w/d),"{'__CLASS__': 'Adzuna::API::Response::Company', 'display_name': 'Driven Solution GmbH'}",eyJhbGciOiJIUzI1NiJ9.eyJzIjoiX0pDTUxqaHU4UkdfTXY5d0xvQzBuUSIsImkiOiI1NzQ2MzQ5MjYyIn0.GF2VE2KHlkXrd9qNclXTub7el8BKzqqykMPbTD0pSjw,"{'display_name': 'Allach-Untermenzing, München', 'area': ['Deutschland', 'Bayern', 'München (Kreis)', 'München', 'Allach-Untermenzing'], '__CLASS__': 'Adzuna::API::Response::Location'}",11.44811,"{'tag': 'other-general-jobs', '__CLASS__': 'Adzuna::API::Response::Category', 'label': 'Sonstige/Allgemeine Stellen'}",48.18449,0,Adzuna::API::Response::Job,https://www.adzuna.de/details/5746349262?utm_medium=api&utm_source=a4bcf954,5746349262,full_time,,,
2026-06-06T23:18:27Z,"Senior AI / Data Science Engineer (m/w/d) Aufgabenbereiche Gestaltung und Entwicklung KI-gesteuerter Datenlösungen unter Gewährleistung einer effektiven Datenaufbereitung und -integration. Erstellung und Pflege robuster Datenpipelines sowie Überwachungsmechanismen zur Sicherstellung einer hohen Datenqualität. Implementierung von Backend-Integrationen in Cloud-Umgebungen, insbesondere AWS und GCP. Umsetzung von Software-Engineering-Best-Practices zur Verbesserung der Wartbarkeit von Projekten. E…",Senior AI / Data Science Engineer (m/w/d),"{'display_name': 'WeMatch.', '__CLASS__': 'Adzuna::API::Response::Company'}",eyJhbGciOiJIUzI1NiJ9.eyJpIjoiNTc1NDg1NjY3OCIsInMiOiJfSkNNTGpodThSR19Ndjl3TG9DMG5RIn0.Co7qo5fn9xwT5nOOwTwqYOs1JswJOqQOtCLIKjes97Q,"{'display_name': 'Bochum, Nordrhein-Westfalen', 'area': ['Deutschland', 'Nordrhein-Westfalen', 'Bochum'], '__CLASS__': 'Adzuna::API::Response::Location'}",7.211571,"{'__CLASS__': 'Adzuna::API::Response::Category', 'tag': 'it-jobs', 'label': 'IT-Stellen'}",51.476986,0,Adzuna::API::Response::Job,https://www.adzuna.de/details/5754856678?utm_medium=api&utm_source=a4bcf954,5754856678,,,,
2026-05-28T03:08:47Z,"Dein neuer Job im Bereich Engineering, IT & Office Werde jetzt Teil eines starken Teams! Wir suchen ab sofort in München eine/n Projektmanager – Data Analytics / Data Science (m/w/d). € 55.000 - € 63.000 p.a. bei 35h pro Woche Profil - Mehrjährige Berufserfahrung im Projektmanagement, idealerweise im Data-/Analytics-Umfeld - Fundiertes Verständnis von Data-Science-Methoden (konzeptionell) - Erfahrung mit interdisziplinären, datengetriebenen Projekten - Kenntnisse agiler und klassischer Projektm…",Projektmanager – Data Analytics / Data Science (m/w/d),"{'__CLASS__': 'Adzuna::API::Response::Company', 'display_name': 'ALPHA-ENGINEERING KG'}",eyJhbGciOiJIUzI1NiJ9.eyJpIjoiNTc0MjgyODYwNyIsInMiOiJfSkNNTGpodThSR19Ndjl3TG9DMG5RIn0.nvnzaYTQR8Vqr4kZ6z_ZbwwmXNAwgSklXwfAJvgiyzM,"{'display_name': 'München, München (Kreis)', 'area': ['Deutschland', 'Bayern', 'München (Kreis)', 'München'], '__CLASS__': 'Adzuna::API::Response::Location'}",11.555737,"{'label': 'Unknown', 'tag': 'unknown', '__CLASS__': 'Adzuna::API::Response::Category'}",48.137418,0,Adzuna::API::Response::Job,https://www.adzuna.de/details/5742828607?utm_medium=api&utm_source=a4bcf954,5742828607,,,,
2026-05-06T08:48:38Z,"Unternehmensbeschreibung Wir sind als eine der führenden europäischen Management- und Technologieberatungen ein echter Tech-Player. Wir sehen uns als Vordenker*innen, handeln und denken strategisch, entwickeln mit unseren Kunden maßgeschneiderte Lösungen, sowie präzise Prozesse und implementieren innovative Technologien. Weltweit sind wir über 50.000 tech-affine und kluge Köpfe – gemeinsam gestalten wir die Zukunft unserer Kunden und die der Gesellschaft. Bist du bereit, das digitale Europa mit…",Data Science Engineer/Analyst Aerospace (m/w/d),"{'__CLASS__': 'Adzuna::API::Response::Company', 'display_name': 'Sopra-Steria'}",eyJhbGciOiJIUzI1NiJ9.eyJzIjoiX0pDTUxqaHU4UkdfTXY5d0xvQzBuUSIsImkiOiI1NzIwMTk1MTY4In0.fUgvlz9B60Q-mYFmfAjWJvsCJNkYg6mTlw3KH1-3w5c,"{'__CLASS__': 'Adzuna::API::Response::Location', 'area': ['Deutschland'], 'display_name': 'Deutschland'}",,"{'label': 'Stellen für Hochschulabsolventen', 'tag': 'graduate-jobs', '__CLASS__': 'Adzuna::API::Response::Category'}",,0,Adzuna::API::Response::Job,https://www.adzuna.de/details/5720195168?utm_medium=api&utm_source=a4bcf954,5720195168,,,,
2026-06-22T04:44:50Z,"Data Science & KI (m/w/d) – Duales Studium Wieland-Werke AG | Ulm, Vöhringen | Studienbeginn 1. Oktober 2027 Kennziffer 2026-0078 Potenziale freisetzen. Kupfer verbindet die Welt - in Technologien wie der E-Mobilität, der Energie- und Datenübertragung, der Kälte- und Klimatechnik, der Digitalisierung, dem Internet of Things. Überrasche uns durch dein frisches Denken, mit neuen Impulsen und gestalte die Welt von morgen. Entdecke dabei zahlreiche Möglichkeiten, deine Potenziale freizusetzen. Data…",Data Science & KI (m/w/d) - Duales Studium,"{'__CLASS__': 'Adzuna::API::Response::Company', 'display_name': 'Wieland-Gruppe'}",eyJhbGciOiJIUzI1NiJ9.eyJzIjoiX0pDTUxqaHU4UkdfTXY5d0xvQzBuUSIsImkiOiI1NzcyMjAxMzI4In0.F95L8kpSuXNAnrwJZlFoInK5tBq4HOMHlj1V5V-G28Q,"{'area': ['Deutschland', 'Baden-Württemberg', 'Ulm', 'Donaustetten'], 'display_name': 'Donaustetten, Ulm', '__CLASS__': 'Adzuna::API::Response::Location'}",9.93259,"{'__CLASS__': 'Adzuna::API::Response::Category', 'tag': 'unknown', 'label': 'Unknown'}",48.32854,0,Adzuna::API::Response::Job,https://www.adzuna.de/details/5772201328?utm_medium=api&utm_source=a4bcf954,5772201328,full_time,,,
2026-06-22T04:44:50Z,"Data Science & KI (m/w/d) – Duales Studium Wieland-Werke AG | Ulm, Vöhringen | Studienbeginn 1. Oktober 2027 Kennziffer 2026-0078 Potenziale freisetzen. Kupfer verbindet die Welt - in Technologien wie der E-Mobilität, der Energie- und Datenübertragung, der Kälte- und Klimatechnik, der Digitalisierung, dem Internet of Things. Überrasche uns durch dein frisches Denken, mit neuen Impulsen und gestalte die Welt von morgen. Entdecke dabei zahlreiche Möglichkeiten, deine Potenziale freizusetzen. Data…",Data Science & KI (m/w/d) - Duales Studium,"{'display_name': 'Wieland-Gruppe', '__CLASS__': 'Adzuna::API::Response::Company'}",eyJhbGciOiJIUzI1NiJ9.eyJzIjoiX0pDTUxqaHU4UkdfTXY5d0xvQzBuUSIsImkiOiI1NzcyMjAxMzEyIn0.F2Mdjj7igDuEo5uLSC5SfVoFyPCu2Oe1sjQErYzZrJk,"{'area': ['Deutschland', 'Bayern', 'Neu-Ulm (Kreis)', 'Vöhringen'], 'display_name': 'Vöhringen, Neu-Ulm (Kreis)', '__CLASS__': 'Adzuna::API::Response::Location'}",10.09165,"{'label': 'Unknown', 'tag': 'unknown', '__CLASS__': 'Adzuna::API::Response::Category'}",48.27891,0,Adzuna::API::Response::Job,https://www.adzuna.de/details/5772201312?utm_medium=api&utm_source=a4bcf954,5772201312,full_time,,,
2026-05-27T23:42:46Z,"Wir suchen Verstärkung innerhalb unseres Teams Service Business Development. Du bringst bereits erste Erfahrung in den Bereichen wie z.B. Data Science, BWL oder VWL mit und hast Freude an Datenanalyse sowie Ableitung von Ergebnissen. Du arbeitest mit uns am Standort in Wallau oder von zu Hause aus. Responsibilities / Tasks Datenanalyse & Reporting Benchmarking von Marktpreisen und Wettbewerbsangeboten Trends, Ausreißer und Muster in großen Datensätzen erkennen und in prägnanten Reports oder Das…",Werkstudent (m/w/d) - Data Analyst / Data Science,"{'__CLASS__': 'Adzuna::API::Response::Company', 'display_name': 'GEA'}",eyJhbGciOiJIUzI1NiJ9.eyJzIjoiX0pDTUxqaHU4UkdfTXY5d0xvQzBuUSIsImkiOiI1NzQyNzI5NDcxIn0.nLWEE5SWUZpAkq_2F_wrBEHBxyBO9MNKzfiR-xWnl2o,"{'__CLASS__': 'Adzuna::API::Response::Location', 'area': ['Deutschland'], 'display_name': 'Deutschland'}",,"{'tag': 'unknown', '__CLASS__': 'Adzuna::API::Response::Category', 'label': 'Unknown'}",,0,Adzuna::API::Response::Job,https://www.adzuna.de/details/5742729471?utm_medium=api&utm_source=a4bcf954,5742729471,part_time,,,
2026-05-20T18:48:38Z,"Werkstudent Data Science mit Schwerpunkt Bildverarbeitung (w/m/div.) Robert-Bosch-Straße 40, 96050 Bamberg, Deutschland Teilzeit Robert Bosch GmbH Unternehmensbeschreibung Bei Bosch gestalten wir Zukunft mit hochwertigen Technologien und Dienstleistungen, die Begeisterung wecken und das Leben der Menschen verbessern. Unser Versprechen an unsere Mitarbeiterinnen und Mitarbeiter steht dabei felsenfest: Wir wachsen gemeinsam, haben Freude an unserer Arbeit und inspirieren uns gegenseitig. Willkomm…",Werkstudent Data Science mit Schwerpunkt Bildverarbeitung (w/m/div.),"{'__CLASS__': 'Adzuna::API::Response::Company', 'display_name': 'Robert Bosch GmbH'}",eyJhbGciOiJIUzI1NiJ9.eyJzIjoiX0pDTUxqaHU4UkdfTXY5d0xvQzBuUSIsImkiOiI1NzM1MjcyMjIxIn0.F9A1fNZrpi_XVyjWsvZyg9rRFwWkkQldE7EZPfu5xWw,"{'__CLASS__': 'Adzuna::API::Response::Location', 'area': ['Deutschland', 'Bayern', 'Bamberg (Kreis)', 'Bamberg', 'Wildensorg'], 'display_name': 'Wildensorg, Bamberg'}",10.88553,"{'tag': 'unknown', '__CLASS__': 'Adzuna::API::Response::Category', 'label': 'Unknown'}",49.89422,0,Adzuna::API::Response::Job,https://www.adzuna.de/details/5735272221?utm_medium=api&utm_source=a4bcf954,5735272221,part_time,,,
2026-03-25T06:58:05Z,"Position Description: Duales Masterstudium Applied Data Science (m/f/d) Stellenbeschreibung Du willst Dich dem analytischen Umgang mit Daten stellen und hast dabei gleichzeitig „das große Ganze“ im Unternehmen im Blick? Künstliche Intelligenz, Data Mining, Predictive Analytics und Projektmanagement findest Du spannend? Kein Problem bei CGI! • Breite Karrieremöglichkeiten • Steile Lernkurve in kleinen Teams • Freistellungstage für Präsenzphasen und individuelles Lernen • Attraktives Gehalt sowie…",Duales Masterstudium Applied Data Science (m/f/d),"{'__CLASS__': 'Adzuna::API::Response::Company', 'display_name': 'CGI'}",eyJhbGciOiJIUzI1NiJ9.eyJzIjoiX0pDTUxqaHU4UkdfTXY5d0xvQzBuUSIsImkiOiI1Njc3NzgyMTI0In0.YOTjt1kRvVbXZhxmKB_xbVmchi_goN9M7failRnFJCM,"{'area': ['Deutschland', 'Hamburg', 'Hamburg-Altstadt'], 'display_name': 'Hamburg-Altstadt, Hamburg', '__CLASS__': 'Adzuna::API::Response::Location'}",9.99417,"{'__CLASS__': 'Adzuna::API::Response::Category', 'tag': 'graduate-jobs', 'label': 'Stellen für Hochschulabsolventen'}",53.5504,0,Adzuna::API::Response::Job,https://www.adzuna.de/details/5677782124?utm_medium=api&utm_source=a4bcf954,5677782124,,,,contract
2026-06-08T23:11:39Z,"Position Description: Duales Masterstudium Applied Data Science (m/f/d) Stellenbeschreibung Du willst Dich dem analytischen Umgang mit Daten stellen und hast dabei gleichzeitig „das große Ganze“ im Unternehmen im Blick? Künstliche Intelligenz, Data Mining, Predictive Analytics und Projektmanagement findest Du spannend? Kein Problem bei CGI! • Breite Karrieremöglichkeiten • Steile Lernkurve in kleinen Teams • Freistellungstage für Präsenzphasen und individuelles Lernen • Attraktives Gehalt sowie…",Duales Masterstudium Applied Data Science (m/f/d),"{'__CLASS__': 'Adzuna::API::Response::Company', 'display_name': 'CGI'}",eyJhbGciOiJIUzI1NiJ9.eyJzIjoiX0pDTUxqaHU4UkdfTXY5d0xvQzBuUSIsImkiOiI1NzU2NjI1MzA3In0.yscW7ZbKjYCWyRSKpxtjGEvSI7sEVZZoMcg9S_sitfQ,"{'__CLASS__': 'Adzuna::API::Response::Location', 'display_name': 'Hamburg, Deutschland', 'area': ['Deutschland', 'Hamburg']}",9.987297,"{'tag': 'creative-design-jobs', '__CLASS__': 'Adzuna::API::Response::Category', 'label': 'Stellen aus Kreation & Design'}",53.557429,0,Adzuna::API::Response::Job,https://www.adzuna.de/details/5756625307?utm_medium=api&utm_source=a4bcf954,5756625307,,,,
2025-09-11T02:53:14Z,"Requistion ID : 67844 Dentsply Sirona ist der weltweit gru00f6u00dfte Anbieter von Dentalprodukten- und technologien und unterstu00fctzt Zahnu00e4rzte und Zahntechniker dabei, eine bessere, schnellere und sicherere Versorgung in allen zahnmedizinischen Bereichen anzubieten. Wir sind stolz darauf, bevorzugter Partner fu00fcr Zahnarztpraxen, Kliniken, Dentallabore und autorisierte Vertriebshu00e4ndler weltweit zu sein. Der Hauptfirmensitz von Dentsply Sirona befindet sich in Charlotte, North Caro…",Bachelor of Science (B. Sc.) Data Science und KI,"{'__CLASS__': 'Adzuna::API::Response::Company', 'display_name': 'Dentsply Sirona'}",eyJhbGciOiJIUzI1NiJ9.eyJzIjoiX0pDTUxqaHU4UkdfTXY5d0xvQzBuUSIsImkiOiI1MzkzNTM0NjY1In0.3vOxJA6aX_1a4tD025-5YVC8oW5xhyuEUzndq5ykV2k,"{'__CLASS__': 'Adzuna::API::Response::Location', 'area': ['Deutschland', 'Hessen', 'Bergstraße (Kreis)', 'Bensheim'], 'display_name': 'Bensheim, Bergstraße (Kreis)'}",8.60289,"{'tag': 'unknown', '__CLASS__': 'Adzuna::API::Response::Category', 'label': 'Unknown'}",49.67828,0,Adzuna::API::Response::Job,https://www.adzuna.de/details/5393534665?utm_medium=api&utm_source=a4bcf954,5393534665,,,,
2024-01-03T20:47:04Z,"Requistion ID : 67844 Dentsply Sirona ist der weltweit größte Anbieter von Dentalprodukten- und technologien und unterstützt Zahnärzte und Zahntechniker dabei, eine bessere, schnellere und sicherere Versorgung in allen zahnmedizinischen Bereichen anzubieten. Wir sind stolz darauf, bevorzugter Partner für Zahnarztpraxen, Kliniken, Dentallabore und autorisierte Vertriebshändler weltweit zu sein. Der Hauptfirmensitz von Dentsply Sirona befindet sich in Charlotte, North Carolina. So fortschrittlich…",Bachelor of Science (B. Sc.) Data Science und KI,"{'display_name': 'Dentsply Sirona', '__CLASS__': 'Adzuna::API::Response::Company'}",eyJhbGciOiJIUzI1NiJ9.eyJpIjoiNDUwODg1NDY3MSIsInMiOiJfSkNNTGpodThSR19Ndjl3TG9DMG5RIn0.e_NYN8o84Wus8fxGx8mRqxAkYZyEU9C7q7SvAesRlYY,"{'__CLASS__': 'Adzuna::API::Response::Location', 'area': ['Deutschland', 'Hessen', 'Bergstraße (Kreis)', 'Bensheim'], 'display_name': 'Bensheim, Bergstraße (Kreis)'}",8.60289,"{'tag': 'unknown', '__CLASS__': 'Adzuna::API::Response::Category', 'label': 'Unknown'}",49.67828,0,Adzuna::API::Response::Job,https://www.adzuna.de/details/4508854671?utm_medium=api&utm_source=a4bcf954,4508854671,,,,
2026-06-13T17:45:55Z,"Mit unseren Marken BMW, MINI, Rolls-Royce und BMW Motorrad sind wir einer der weltweit führenden Premium-Hersteller von Automobilen sowie Motorrädern und darüber hinaus Anbieter von Premium-Finanz- und Mobilitätsdienstleistungen. Am Standort München suchen wir Sie als Senior Applied AI Architect - Automated Driving (f/m/d) Aufgaben INNOVATION IS IMAGINING WHAT NO ONE ELSE CAN. At the BMW Group, everything starts with passion. It turns a profession into a vocation. It drives us to keep reinventi…",Senior Applied AI Architect - Automated Driving (f/m/d),"{'display_name': 'BMW Group', '__CLASS__': 'Adzuna::API::Response::Company'}",eyJhbGciOiJIUzI1NiJ9.eyJzIjoiX0pDTUxqaHU4UkdfTXY5d0xvQzBuUSIsImkiOiI1NzYyNjQzMTQzIn0.-7Q3vHLBP2SilDgYMMgFjlhhs7Us0GjkKdQx686xqJY,"{'__CLASS__': 'Adzuna::API::Response::Location', 'area': ['Deutschland', 'Bayern', 'München (Kreis)', 'München'], 'display_name': 'München, München (Kreis)'}",11.555737,"{'__CLASS__': 'Adzuna::API::Response::Category', 'tag': 'it-jobs', 'label': 'IT-Stellen'}",48.137418,0,Adzuna::API::Response::Job,https://www.adzuna.de/land/ad/5762643143?se=_JCMLjhu8RG_Mv9wLoC0nQ&utm_medium=api&utm_source=a4bcf954&v=FD2AAAE49B8E2B522EE1C96576600700F05E0326,5762643143,,,,
2026-05-24T23:34:05Z,"1KOMMA5° At 1KOMMA5° , we pursue a clear vision: Living on wind and sunlight forever for free . To make this a reality, we are building the energy system of the future with Heartbeat AI. Want to be part of it?We bring together regional craftsmanship and scalable software: We don't think of solar, batteries, heat pumps, and e-mobility as isolated components, but control them as an intelligent, integrated overall system in our virtual power plant. Directly connected to the electricity market – in…",Working Student Data Science Forecasting (m/f/d),"{'display_name': '1Komma5°', '__CLASS__': 'Adzuna::API::Response::Company'}",eyJhbGciOiJIUzI1NiJ9.eyJzIjoiX0pDTUxqaHU4UkdfTXY5d0xvQzBuUSIsImkiOiI1NzQwMDU2MjIwIn0.Rl9xNzF33ALaNH91-P7t2W8kgonLwFVlkm7XFHWWY3k,"{'display_name': 'Neustadt, Hamburg', 'area': ['Deutschland', 'Hamburg', 'Neustadt'], '__CLASS__': 'Adzuna::API::Response::Location'}",9.98553,"{'label': 'Stellen aus Logistik & Lagerhaltung', 'tag': 'logistics-warehouse-jobs', '__CLASS__': 'Adzuna::API::Response::Category'}",53.55197,0,Adzuna::API::Response::Job,https://www.adzuna.de/details/5740056220?utm_medium=api&utm_source=a4bcf954,5740056220,part_time,,,
2026-04-27T23:30:51Z,Praktikum Associate Consultant Data Science (m/w/d) InDeutschland - Berlin| Bonn | Köln Du willst Praxiserfahrung in einer internationalen Unternehmensberatung sammeln? Bei uns kannst du dein Interesse an Wirtschaftsthemen mit deinen analytischen Fähigkeiten verbinden! Werde für mindestens 10 Wochen Teil eines außergewöhnlichen Teams. Was uns besonders macht: ein starker Unternehmergeist und jede Menge Gestaltungsfreiheit. Der Advanced Analytics Bereich bei Simon-Kucher konzentriert sich auf di…,Praktikum Associate Consultant Data Science (m/w/d),"{'display_name': 'Simon-Kucher & Partners', '__CLASS__': 'Adzuna::API::Response::Company'}",eyJhbGciOiJIUzI1NiJ9.eyJzIjoiX0pDTUxqaHU4UkdfTXY5d0xvQzBuUSIsImkiOiI1NzEyMDEyNTM1In0.LjA32EeIvFwJenzOZSUgFn1DkAfjE-RhqzCTQjE8MEs,"{'__CLASS__': 'Adzuna::API::Response::Location', 'area': ['Deutschland', 'Nordrhein-Westfalen', 'Köln'], 'display_name': 'Köln, Nordrhein-Westfalen'}",,"{'label': 'Unknown', '__CLASS__': 'Adzuna::API::Response::Category', 'tag': 'unknown'}",,0,Adzuna::API::Response::Job,https://www.adzuna.de/details/5712012535?utm_medium=api&utm_source=a4bcf954,5712012535,,,,
2026-04-27T23:30:51Z,Praktikum Associate Consultant Data Science (m/w/d) InDeutschland - Berlin| Bonn | Köln Du willst Praxiserfahrung in einer internationalen Unternehmensberatung sammeln? Bei uns kannst du dein Interesse an Wirtschaftsthemen mit deinen analytischen Fähigkeiten verbinden! Werde für mindestens 10 Wochen Teil eines außergewöhnlichen Teams. Was uns besonders macht: ein starker Unternehmergeist und jede Menge Gestaltungsfreiheit. Der Advanced Analytics Bereich bei Simon-Kucher konzentriert sich auf di…,Praktikum Associate Consultant Data Science (m/w/d),"{'__CLASS__': 'Adzuna::API::Response::Company', 'display_name': 'Simon-Kucher & Partners'}",eyJhbGciOiJIUzI1NiJ9.eyJpIjoiNTcxMjAxMjUzNCIsInMiOiJfSkNNTGpodThSR19Ndjl3TG9DMG5RIn0.6lSejpf8AYMLsb1rQzkFsNsRnu-F2LeQYGCEKPxIvDA,"{'__CLASS__': 'Adzuna::API::Response::Location', 'display_name': 'Berlin, Deutschland', 'area': ['Deutschland', 'Berlin']}",13.420806,"{'label': 'Unknown', '__CLASS__': 'Adzuna::API::Response::Category', 'tag': 'unknown'}",52.507706,0,Adzuna::API::Response::Job,https://www.adzuna.de/details/5712012534?utm_medium=api&utm_source=a4bcf954,5712012534,,,,
2026-04-27T23:30:51Z,Praktikum Associate Consultant Data Science (m/w/d) InDeutschland - Berlin| Bonn | Köln Du willst Praxiserfahrung in einer internationalen Unternehmensberatung sammeln? Bei uns kannst du dein Interesse an Wirtschaftsthemen mit deinen analytischen Fähigkeiten verbinden! Werde für mindestens 10 Wochen Teil eines außergewöhnlichen Teams. Was uns besonders macht: ein starker Unternehmergeist und jede Menge Gestaltungsfreiheit. Der Advanced Analytics Bereich bei Simon-Kucher konzentriert sich auf di…,Praktikum Associate Consultant Data Science (m/w/d),"{'__CLASS__': 'Adzuna::API::Response::Company', 'display_name': 'Simon-Kucher & Partners'}",eyJhbGciOiJIUzI1NiJ9.eyJzIjoiX0pDTUxqaHU4UkdfTXY5d0xvQzBuUSIsImkiOiI1NzEyMDEyNTI4In0.HCA66irioBFgWP96L2Nfjp0camxVVM_w2--PDxRBWyI,"{'display_name': 'Bonn, Nordrhein-Westfalen', 'area': ['Deutschland', 'Nordrhein-Westfalen', 'Bonn'], '__CLASS__': 'Adzuna::API::Response::Location'}",7.112412,"{'label': 'Unknown', '__CLASS__': 'Adzuna::API::Response::Category', 'tag': 'unknown'}",50.71942,0,Adzuna::API::Response::Job,https://www.adzuna.de/details/5712012528?utm_medium=api&utm_source=a4bcf954,5712012528,,,,
2026-06-03T22:44:34Z,"Für das Medizinische Datenintegrationszentrum (MeDIZ) und das Institut für Digitale Medizin (IDM) suchen wir zum nächstmöglichen Zeitpunkt in Vollzeit, zunächst bis zum 31.12.2027 befristet, einen wissenschaftlichen Mitarbeiter (m/w/d) für den Bereich Date Science. Datenintegration & Schnittstellenkompetenz: Sie übernehmen die Extraktion von Daten aus klinischen Quellsystemen und sorgen für deren nahtlose Integration in Forschungsdatenbanken Datenqualität im Fokus: Sie stellen sicher, dass unse…",Wissenschaftlicher Mitarbeiter (m/w/d) Bereich Data Science,"{'display_name': 'Universitätsklinikum Augsburg', '__CLASS__': 'Adzuna::API::Response::Company'}",eyJhbGciOiJIUzI1NiJ9.eyJzIjoiX0pDTUxqaHU4UkdfTXY5d0xvQzBuUSIsImkiOiI1NzUwOTQxNzUwIn0.eTX8RIX0zum4jcbe-FcMNS_uZPM8WWaNcmQtiJxWMYI,"{'display_name': 'Bärenkeller, Augsburg', 'area': ['Deutschland', 'Bayern', 'Augsburg (Kreis)', 'Augsburg', 'Bärenkeller'], '__CLASS__': 'Adzuna::API::Response::Location'}",10.85702,"{'label': 'Unknown', 'tag': 'unknown', '__CLASS__': 'Adzuna::API::Response::Category'}",48.39467,0,Adzuna::API::Response::Job,https://www.adzuna.de/details/5750941750?utm_medium=api&utm_source=a4bcf954,5750941750,full_time,,,
2026-05-13T09:27:36Z,"Über das Unternehmen Als international operierender Spezialist produziert wir leistungsstarke Präzisionsanlagen. Das bedeutet moderne bestehende und vielfach erprobte Standards zu nutzen, um mit Kunden gemeinsam ein tragendes als auch individuelles Gesamtkonzept zu entwickeln. Wir sind Partner von der ersten Idee, Konzeption, Planung, Projektierung und Abwicklung bis zur Endfertigung, Montage und einem umfangreichen After-Sales-Service. Was bieten wir Ihnen? Spannende Aufgaben im Bereich innova…",Senior Softwareentwickler für Data Science und Datenmanagement (m/w/d),{'__CLASS__': 'Adzuna::API::Response::Company'},eyJhbGciOiJIUzI1NiJ9.eyJzIjoiX0pDTUxqaHU4UkdfTXY5d0xvQzBuUSIsImkiOiI1NzI3ODE4NTgwIn0.zSXqA-mETBxufw26cCr5tFHyS2DKKxwFhtu_tGApK5w,"{'__CLASS__': 'Adzuna::API::Response::Location', 'display_name': 'Schmallenberg, Hochsauerlandkreis', 'area': ['Deutschland', 'Nordrhein-Westfalen', 'Hochsauerlandkreis', 'Schmallenberg']}",8.28561,"{'label': 'IT-Stellen', 'tag': 'it-jobs', '__CLASS__': 'Adzuna::API::Response::Category'}",51.14779,0,Adzuna::API::Response::Job,https://www.adzuna.de/details/5727818580?utm_medium=api&utm_source=a4bcf954,5727818580,,,,
2026-04-17T08:09:47Z,"Unternehmensbeschreibung Wir sind als eine der führenden europäischen Management- und Technologieberatungen ein echter Tech-Player. Wir sehen uns als Vordenker*innen, handeln und denken strategisch, entwickeln mit unseren Kunden maßgeschneiderte Lösungen, sowie präzise Prozesse und implementieren innovative Technologien. Weltweit sind wir über 50.000 tech-affine und kluge Köpfe – gemeinsam gestalten wir die Zukunft unserer Kunden und die der Gesellschaft. Bist du bereit, das digitale Europa mit…",Junior Consultant Data Science & AI (m/w/d),"{'__CLASS__': 'Adzuna::API::Response::Company', 'display_name': 'Sopra-Steria'}",eyJhbGciOiJIUzI1NiJ9.eyJzIjoiTHZFTU1EaHU4Ukd3Nm9yTWQ2VzJndyIsImkiOiI1NzAyMjgyODU3In0.81yggfKmwVJFLpjcWFzpOVlffF2Pcj8koeu8GGrYasI,"{'display_name': 'Deutschland', '__CLASS__': 'Adzuna::API::Response::Location', 'area': ['Deutschland']}",,"{'label': 'Stellen für Hochschulabsolventen', '__CLASS__': 'Adzuna::API::Response::Category', 'tag': 'graduate-jobs'}",,0,Adzuna::API::Response::Job,https://www.adzuna.de/details/5702282857?utm_medium=api&utm_source=a4bcf954,5702282857,,,,
2026-05-28T09:14:48Z,"Unternehmensbeschreibung Wir sind als eine der führenden europäischen Management- und Technologieberatungen ein echter Tech-Player. Wir sehen uns als Vordenker*innen, handeln und denken strategisch, entwickeln mit unseren Kunden maßgeschneiderte Lösungen, sowie präzise Prozesse und implementieren innovative Technologien. Weltweit sind wir über 50.000 tech-affine und kluge Köpfe – gemeinsam gestalten wir die Zukunft unserer Kunden und die der Gesellschaft. Bist du bereit, das digitale Europa mit…",(Associate) Manager Data Science & AI (m/w/d),"{'__CLASS__': 'Adzuna::API::Response::Company', 'display_name': 'Sopra-Steria'}",eyJhbGciOiJIUzI1NiJ9.eyJpIjoiNTc0MzIwMTEzNyIsInMiOiJMdkVNTURodThSR3c2b3JNZDZXMmd3In0.JxOK3qOmviKlD0iaw4tdUcq5tijryrScJigaprr2U7A,"{'display_name': 'Deutschland', '__CLASS__': 'Adzuna::API::Response::Location', 'area': ['Deutschland']}",,"{'__CLASS__': 'Adzuna::API::Response::Category', 'label': 'Stellen für Hochschulabsolventen', 'tag': 'graduate-jobs'}",,0,Adzuna::API::Response::Job,https://www.adzuna.de/details/5743201137?utm_medium=api&utm_source=a4bcf954,5743201137,,,,
2026-03-12T14:04:10Z,"AI Specialist - Engineering und Data Science (w/m/d) Job-ID: 12652 Standorte: Frankfurt Karrierelevel: Berufserfahrene, Absolvent:innen Anstellungsart: Festanstellung in Vollzeit Begleite KPMG und unsere Kund:innen bei der KI-Transformation. In Deiner Position bist Du verantwortlich für die operative Exzellenz bei der Entwicklung und Implementierung von KI-Lösungen in Beratungsprojekten durch das AI Center of Excellence (CoE). Deine Rolle ist entscheidend, um unsere KI-Strategie im Unternehmen …",AI Specialist - Engineering und Data Science (w/m/d),"{'display_name': 'KPMG', '__CLASS__': 'Adzuna::API::Response::Company'}",eyJhbGciOiJIUzI1NiJ9.eyJpIjoiNTY2MjM0ODI0NiIsInMiOiJMdkVNTURodThSR3c2b3JNZDZXMmd3In0.UXmsMkzw-hl25Aka4vz2fkFtYNpRhiD_Kd4fV9mZtVI,"{'area': ['Deutschland', 'Hessen', 'Frankfurt am Main', 'Flughafen'], '__CLASS__': 'Adzuna::API::Response::Location', 'display_name': 'Flughafen, Frankfurt am Main'}",8.56413,"{'label': 'Unknown', '__CLASS__': 'Adzuna::API::Response::Category', 'tag': 'unknown'}",50.05078,0,Adzuna::API::Response::Job,https://www.adzuna.de/details/5662348246?utm_medium=api&utm_source=a4bcf954,5662348246,full_time,,,permanent
2026-06-09T00:56:17Z,"AI Specialist - Engineering und Data Science (w/m/d) Job-ID: 12652 Standorte: Karrierelevel: Berufserfahrene, Absolvent:innen Anstellungsart: Festanstellung in Vollzeit Begleite KPMG und unsere Kund:innen bei der KI-Transformation. In Deiner Position bist Du verantwortlich für die operative Exzellenz bei der Entwicklung und Implementierung von KI-Lösungen in Beratungsprojekten durch das AI Center of Excellence (CoE). Deine Rolle ist entscheidend, um unsere KI-Strategie im Unternehmen und in Pro…",AI Specialist - Engineering und Data Science (w/m/d),"{'display_name': 'KPMG', '__CLASS__': 'Adzuna::API::Response::Company'}",eyJhbGciOiJIUzI1NiJ9.eyJpIjoiNTc1NjY3NzQ5MiIsInMiOiJMdkVNTURodThSR3c2b3JNZDZXMmd3In0.pHCm-3AK2ITYyLmJVum_64bRuWcut-nWvhIs7KAoQJ8,"{'area': ['Deutschland'], '__CLASS__': 'Adzuna::API::Response::Location', 'display_name': 'Deutschland'}",,"{'__CLASS__': 'Adzuna::API::Response::Category', 'label': 'Unknown', 'tag': 'unknown'}",,0,Adzuna::API::Response::Job,https://www.adzuna.de/details/5756677492?utm_medium=api&utm_source=a4bcf954,5756677492,full_time,,,permanent
2026-06-06T13:00:55Z,"AI Specialist - Engineering und Data Science (w/m/d) Job-ID: 12652 Standorte: Berlin Karrierelevel: Berufserfahrene, Absolvent:innen Anstellungsart: Festanstellung in Vollzeit Begleite KPMG und unsere Kund:innen bei der KI-Transformation. In Deiner Position bist Du verantwortlich für die operative Exzellenz bei der Entwicklung und Implementierung von KI-Lösungen in Beratungsprojekten durch das AI Center of Excellence (CoE). Deine Rolle ist entscheidend, um unsere KI-Strategie im Unternehmen und…",AI Specialist - Engineering und Data Science (w/m/d),"{'display_name': 'KPMG', '__CLASS__': 'Adzuna::API::Response::Company'}",eyJhbGciOiJIUzI1NiJ9.eyJpIjoiNTc1NDM0NTMxMSIsInMiOiJMdkVNTURodThSR3c2b3JNZDZXMmd3In0.pmbby1xE9se_qHus4DWv3cRqEHnFHbwX7EKAyiAyLfM,"{'display_name': 'Moabit, Berlin', '__CLASS__': 'Adzuna::API::Response::Location', 'area': ['Deutschland', 'Berlin', 'Moabit']}",13.35662,"{'tag': 'unknown', 'label': 'Unknown', '__CLASS__': 'Adzuna::API::Response::Category'}",52.5259,0,Adzuna::API::Response::Job,https://www.adzuna.de/details/5754345311?utm_medium=api&utm_source=a4bcf954,5754345311,full_time,,,permanent
2026-06-02T13:13:10Z,"Werkstudent im Bereich Programmierung und Data Science (w/m/div.) Schockenriedstraße 17, 70565 Stuttgart, Deutschland Teilzeit Robert Bosch Smart Home GmbH Unternehmensbeschreibung Die Robert Bosch Smart Home GmbH wurde im Jahr 2016 als 100-prozentige Tochtergesellschaft der Robert Bosch GmbH gegründet. In agilen Teams mit offener Arbeitskultur, flachen Hierarchien und inspirierender Arbeitsumgebung entwickeln und vermarkten wir intelligent vernetzte Geräte, Features und Services für den Privat…",Werkstudent im Bereich Programmierung und Data Science (w/m/div.),"{'__CLASS__': 'Adzuna::API::Response::Company', 'display_name': 'Robert Bosch Smart Home GmbH'}",eyJhbGciOiJIUzI1NiJ9.eyJzIjoiTHZFTU1EaHU4Ukd3Nm9yTWQ2VzJndyIsImkiOiI1NzQ5MDUwNjM4In0.hzTB8c1wy7nxZYuj80vQ_iyCYXIU9aAIECHC9KUIf_8,"{'__CLASS__': 'Adzuna::API::Response::Location', 'display_name': 'Dürrlewang, Stuttgart', 'area': ['Deutschland', 'Baden-Württemberg', 'Stuttgart', 'Dürrlewang']}",9.11792,"{'__CLASS__': 'Adzuna::API::Response::Category', 'label': 'Unknown', 'tag': 'unknown'}",48.71937,0,Adzuna::API::Response::Job,https://www.adzuna.de/details/5749050638?utm_medium=api&utm_source=a4bcf954,5749050638,part_time,,,
2026-03-25T11:30:54Z,"Dein Team Du hast Freude an Innovationen, spannenden Inhalten und kollegialem Teamspirit? Mit unseren Berater:innen wächst du mit deinen Aufgaben und lernst von unseren Expert:innen. Gemeinsam beraten wir unsere deutsch- und englischsprachigen Kunden bei ihren Herausforderungen im Umfeld von Business Intelligence, Planung, Advanced Analytics & Data Science. Wir verbinden höchste Beratungskompetenz mit technischer Expertise. Dabei konzipieren und implementieren wir maßgeschneiderte Lösungen auf …",Consultant Data Engineering Analytics (m/w/d),"{'__CLASS__': 'Adzuna::API::Response::Company', 'display_name': 'ISR Information Products AG'}",eyJhbGciOiJIUzI1NiJ9.eyJpIjoiNTY3Nzk2MzcyNSIsInMiOiJMdkVNTURodThSR3c2b3JNZDZXMmd3In0.6spPdM1sXzE9d9Us6dXa6sg5q63rPiEZu4oxIfTRAaY,"{'__CLASS__': 'Adzuna::API::Response::Location', 'display_name': 'Hamburg, Deutschland', 'area': ['Deutschland', 'Hamburg']}",9.987297,"{'label': 'Unknown', '__CLASS__': 'Adzuna::API::Response::Category', 'tag': 'unknown'}",53.557429,0,Adzuna::API::Response::Job,https://www.adzuna.de/land/ad/5677963725?se=LvEMMDhu8RGw6orMd6W2gw&utm_medium=api&utm_source=a4bcf954&v=118271C0A7C595C4B94D9CA34222777546E0E52B,5677963725,full_time,,,
2026-01-15T03:23:06Z,"Dein Team Du hast Freude an Innovationen, spannenden Inhalten und kollegialem Teamspirit? Mit unseren Berater:innen wächst du mit deinen Aufgaben und lernst von unseren Expert:innen. Gemeinsam beraten wir unsere deutsch- und englischsprachigen Kunden bei ihren Herausforderungen im Umfeld von Business Intelligence, Planung, Advanced Analytics & Data Science. Wir verbinden höchste Beratungskompetenz mit technischer Expertise. Dabei konzipieren und implementieren wir maßgeschneiderte Lösungen auf …",Wirtschaftsinformatiker als IT Berater - Data Engineering - SAP Analytics Cloud (m/w/d),"{'display_name': 'ISR Information Products AG', '__CLASS__': 'Adzuna::API::Response::Company'}",eyJhbGciOiJIUzI1NiJ9.eyJpIjoiNTU4NTQ3NzM4NyIsInMiOiJMdkVNTURodThSR3c2b3JNZDZXMmd3In0.twPtoRXkZ6aKqzW8_qhRa4rTER7ziNp3aZsTStqwGN4,"{'area': ['Deutschland', 'Hamburg'], '__CLASS__': 'Adzuna::API::Response::Location', 'display_name': 'Hamburg, Deutschland'}",9.987297,"{'tag': 'unknown', 'label': 'Unknown', '__CLASS__': 'Adzuna::API::Response::Category'}",53.557429,0,Adzuna::API::Response::Job,https://www.adzuna.de/land/ad/5585477387?se=LvEMMDhu8RGw6orMd6W2gw&utm_medium=api&utm_source=a4bcf954&v=B0B01910D2891B8B2409F7FC92DDCEE696EB4E39,5585477387,full_time,,,
2026-01-15T03:23:06Z,"Dein Team Du hast Freude an Innovationen, spannenden Inhalten und kollegialem Teamspirit? Mit unseren Berater:innen wächst du mit deinen Aufgaben und lernst von unseren Expert:innen. Gemeinsam beraten wir unsere deutsch- und englischsprachigen Kunden bei ihren Herausforderungen im Umfeld von Business Intelligence, Planung, Advanced Analytics & Data Science. Wir verbinden höchste Beratungskompetenz mit technischer Expertise. Dabei konzipieren und implementieren wir maßgeschneiderte Lösungen auf …",Informatiker als Junior IT Berater - Solution Design / SAP Azure Cloud (m/w/d),"{'__CLASS__': 'Adzuna::API::Response::Company', 'display_name': 'ISR Information Products AG'}",eyJhbGciOiJIUzI1NiJ9.eyJzIjoiTHZFTU1EaHU4Ukd3Nm9yTWQ2VzJndyIsImkiOiI1NTg1NDc3Mzg5In0._13-wp1Y2SzwyWNRJgtk9jkWjfvimXv_laIiKxKI8Sg,"{'__CLASS__': 'Adzuna::API::Response::Location', 'display_name': 'Hamburg, Deutschland', 'area': ['Deutschland', 'Hamburg']}",9.987297,"{'tag': 'unknown', 'label': 'Unknown', '__CLASS__': 'Adzuna::API::Response::Category'}",53.557429,0,Adzuna::API::Response::Job,https://www.adzuna.de/land/ad/5585477389?se=LvEMMDhu8RGw6orMd6W2gw&utm_medium=api&utm_source=a4bcf954&v=8D91CD7EA478C83E173A3DE1DC3B724442A916A3,5585477389,full_time,,,
2026-01-15T03:23:06Z,"Dein Team Du hast Freude an Innovationen, spannenden Inhalten und kollegialem Teamspirit? Mit unseren Berater:innen wächst du mit deinen Aufgaben und lernst von unseren Expert:innen. Gemeinsam beraten wir unsere deutsch- und englischsprachigen Kunden bei ihren Herausforderungen im Umfeld von Business Intelligence, Planung, Advanced Analytics & Data Science. Wir verbinden höchste Beratungskompetenz mit technischer Expertise. Dabei konzipieren und implementieren wir maßgeschneiderte Lösungen auf …",Informatiker als Junior Berater Data Engineering - Konzeption & Realisierung (m/w/d),"{'display_name': 'ISR Information Products AG', '__CLASS__': 'Adzuna::API::Response::Company'}",eyJhbGciOiJIUzI1NiJ9.eyJpIjoiNTU4NTQ3NzM5MSIsInMiOiJMdkVNTURodThSR3c2b3JNZDZXMmd3In0.GZdEcg4-pKca8t_8viFDs71yqLYBn4BrvJhrrFX1P_o,"{'area': ['Deutschland', 'Hamburg'], '__CLASS__': 'Adzuna::API::Response::Location', 'display_name': 'Hamburg, Deutschland'}",9.987297,"{'label': 'Unknown', '__CLASS__': 'Adzuna::API::Response::Category', 'tag': 'unknown'}",53.557429,0,Adzuna::API::Response::Job,https://www.adzuna.de/land/ad/5585477391?se=LvEMMDhu8RGw6orMd6W2gw&utm_medium=api&utm_source=a4bcf954&v=91E07C4D5D73F6D60BB2654F4AA0109A13726490,5585477391,full_time,,,
2026-04-08T12:40:42Z,"Dein Team Du hast Freude an Innovationen, spannenden Inhalten und kollegialem Teamspirit? Mit unseren Berater:innen wächst du mit deinen Aufgaben und lernst von unseren Expert:innen. Gemeinsam beraten wir unsere deutsch- und englischsprachigen Kunden bei ihren Herausforderungen im Umfeld von Business Intelligence, Planung, Advanced Analytics & Data Science. Wir verbinden höchste Beratungskompetenz mit technischer Expertise. Dabei konzipieren und implementieren wir maßgeschneiderte Lösungen auf …",Junior Berater Data Engineering BI (m/w/d),"{'display_name': 'ISR Information Products AG', '__CLASS__': 'Adzuna::API::Response::Company'}",eyJhbGciOiJIUzI1NiJ9.eyJzIjoiTHZFTU1EaHU4Ukd3Nm9yTWQ2VzJndyIsImkiOiI1NjkzMDQ3NDYxIn0.PSuvgjJQx4BaxdscjRj_BffZQ3mrmyQPOY23s1gHIbU,"{'area': ['Deutschland', 'Hamburg'], '__CLASS__': 'Adzuna::API::Response::Location', 'display_name': 'Hamburg, Deutschland'}",9.987297,"{'__CLASS__': 'Adzuna::API::Response::Category', 'label': 'Unknown', 'tag': 'unknown'}",53.557429,0,Adzuna::API::Response::Job,https://www.adzuna.de/land/ad/5693047461?se=LvEMMDhu8RGw6orMd6W2gw&utm_medium=api&utm_source=a4bcf954&v=BD4EE2C5F5BF3AFAA0C7A25B059877FDCD58D86E,5693047461,full_time,,,
2026-04-08T12:40:42Z,"Dein Team Du hast Freude an Innovationen, spannenden Inhalten und kollegialem Teamspirit? Mit unseren Berater:innen wächst du mit deinen Aufgaben und lernst von unseren Expert:innen. Gemeinsam beraten wir unsere deutsch- und englischsprachigen Kunden bei ihren Herausforderungen im Umfeld von Business Intelligence, Planung, Advanced Analytics & Data Science. Wir verbinden höchste Beratungskompetenz mit technischer Expertise. Dabei konzipieren und implementieren wir maßgeschneiderte Lösungen auf …",Business Intelligence Consultant Junior (m/w/d),"{'__CLASS__': 'Adzuna::API::Response::Company', 'display_name': 'ISR Information Products AG'}",eyJhbGciOiJIUzI1NiJ9.eyJpIjoiNTY5MzA0NzQ1OCIsInMiOiJMdkVNTURodThSR3c2b3JNZDZXMmd3In0.Z6lRJ4NgtvBRfjImlQcUEsJvtgqEkoiC7XYE2Q7uvb0,"{'display_name': 'Hamburg, Deutschland', '__CLASS__': 'Adzuna::API::Response::Location', 'area': ['Deutschland', 'Hamburg']}",9.987297,"{'label': 'Unknown', '__CLASS__': 'Adzuna::API::Response::Category', 'tag': 'unknown'}",53.557429,0,Adzuna::API::Response::Job,https://www.adzuna.de/land/ad/5693047458?se=LvEMMDhu8RGw6orMd6W2gw&utm_medium=api&utm_source=a4bcf954&v=D884B919617DD4EF57FC81EF1F76841A82AE8A56,5693047458,full_time,,,
2026-01-15T03:23:05Z,"Dein Team Du hast Freude an Innovationen, spannenden Inhalten und kollegialem Teamspirit? Mit unseren Berater:innen wächst du mit deinen Aufgaben und lernst von unseren Expert:innen. Gemeinsam beraten wir unsere deutsch- und englischsprachigen Kunden bei ihren Herausforderungen im Umfeld von Business Intelligence, Planung, Advanced Analytics & Data Science. Wir verbinden höchste Beratungskompetenz mit technischer Expertise. Dabei konzipieren und implementieren wir maßgeschneiderte Lösungen auf …",Junior Consultant Business Intelligence / Power BI - Data-Lake-Lösungen (m/w/d),"{'__CLASS__': 'Adzuna::API::Response::Company', 'display_name': 'ISR Information Products AG'}",eyJhbGciOiJIUzI1NiJ9.eyJzIjoiTHZFTU1EaHU4Ukd3Nm9yTWQ2VzJndyIsImkiOiI1NTg1NDc3Mzg1In0.LsIpEFBHT_tYlVT1cqY_AQZZoqpXgO8fEEQV1EofvY4,"{'area': ['Deutschland', 'Hamburg'], 'display_name': 'Hamburg, Deutschland', '__CLASS__': 'Adzuna::API::Response::Location'}",9.987297,"{'label': 'Unknown', '__CLASS__': 'Adzuna::API::Response::Category', 'tag': 'unknown'}",53.557429,0,Adzuna::API::Response::Job,https://www.adzuna.de/land/ad/5585477385?se=LvEMMDhu8RGw6orMd6W2gw&utm_medium=api&utm_source=a4bcf954&v=AB3F17E91905C5D9EE6E3F54329A9E86C35038ED,5585477385,full_time,,,
2026-05-12T22:34:19Z,"Was Dich erwartet Du willst schon während Deines Studiums in die Praxis eintauchen – mit Verantwortung, spannenden Aufgaben und eigenen Projekten? Dann bist Du bei uns genau richtig! Im Rahmen des THA-Programms Work & Study Data Science (B.Sc.) arbeitest Du parallel zu Deinem Studium in unserem Unternehmen und verknüpfst theoretisches Wissen direkt mit realen Anwendungen. Deine Mission: Hilf uns dabei, unsere Kunden datenbasiert besser zu verstehen und daraus konkrete Mehrwerte abzuleiten. Als …",Work and Study Data Science (m/w/d),"{'__CLASS__': 'Adzuna::API::Response::Company', 'display_name': 'nimax'}",eyJhbGciOiJIUzI1NiJ9.eyJpIjoiNTcyNzEzODQzOCIsInMiOiJMdkVNTURodThSR3c2b3JNZDZXMmd3In0.lroOASyYZhGQdPvpc_0hQdm3U3Pwgm1VZX9taW9tFos,"{'__CLASS__': 'Adzuna::API::Response::Location', 'display_name': 'Landsberg am Lech, Landsberg am Lech (Kreis)', 'area': ['Deutschland', 'Bayern', 'Landsberg am Lech (Kreis)', 'Landsberg am Lech']}",10.88248,"{'__CLASS__': 'Adzuna::API::Response::Category', 'label': 'Unknown', 'tag': 'unknown'}",48.04792,0,Adzuna::API::Response::Job,https://www.adzuna.de/details/5727138438?utm_medium=api&utm_source=a4bcf954,5727138438,full_time,,,
2026-02-26T22:15:57Z,"Einleitung CHECK24 ist das Vergleichsportal: Wir sind Marktführer und dynamisches Startup in einem. In agilen Teams treffen wir schnelle Entscheidungen und leben flache Hierarchien. Durch den gezielten Einsatz modernster Tools und Technologien sowie State‑of‑the‑Art‑Methoden der KI treiben wir datengetriebene Innovationen voran – immer mit Blick auf den Mehrwert für unsere Kunden. So arbeiten wir täglich in mehr als 50 Produkten daran, die User Experience unserer über 20 Millionen Kunden kontin…",Werkstudent / Praktikant (m/w/d) Data Science Fußball,"{'__CLASS__': 'Adzuna::API::Response::Company', 'display_name': 'CHECK24'}",eyJhbGciOiJIUzI1NiJ9.eyJzIjoiTHZFTU1EaHU4Ukd3Nm9yTWQ2VzJndyIsImkiOiI1NjQ2NjQwMjUyIn0.8vl-sIvPukXzdW4ru65IIiQx2l4jzqLskx2YmjWPdJE,"{'area': ['Deutschland', 'Bayern', 'München (Kreis)', 'München'], 'display_name': 'München, München (Kreis)', '__CLASS__': 'Adzuna::API::Response::Location'}",11.555737,"{'tag': 'unknown', '__CLASS__': 'Adzuna::API::Response::Category', 'label': 'Unknown'}",48.137418,0,Adzuna::API::Response::Job,https://www.adzuna.de/details/5646640252?utm_medium=api&utm_source=a4bcf954,5646640252,,,,
2026-05-14T18:06:52Z,"Job ID : 3532 | Arbeitszeitmodell : Vollzeit | Vertragsart : Unbefristet | Jobkategorie : IT „Logistics is People Business“ – dieser Leitsatz macht deutlich, dass die Mitarbeitenden für DACHSER der Schlüsselfaktor für den Unternehmenserfolg sind. Gemeinsam verfolgen wir die Mission, die weltweit intelligenteste Kombination und Integration logistischer Netzkompetenzen zu schaffen und so die Logistikbilanz unserer Kunden zu optimieren. Gestalten Sie mit uns die Logistik von morgen. Im Bereich Cor…",Consultant (m/w/d) Data Science & Machine Learning,"{'display_name': 'DACHSER SE', '__CLASS__': 'Adzuna::API::Response::Company'}",eyJhbGciOiJIUzI1NiJ9.eyJpIjoiNTcyOTM3Njc0MCIsInMiOiJMdkVNTURodThSR3c2b3JNZDZXMmd3In0.zff7KyEiRmeXCaTZr2bkdGnmklvez_bpPV13faTaGHQ,"{'display_name': 'Bühl, Kempten (Allgäu)', '__CLASS__': 'Adzuna::API::Response::Location', 'area': ['Deutschland', 'Bayern', 'Kempten (Allgäu)', 'Bühl']}",10.30998,"{'__CLASS__': 'Adzuna::API::Response::Category', 'label': 'Unknown', 'tag': 'unknown'}",47.73843,0,Adzuna::API::Response::Job,https://www.adzuna.de/details/5729376740?utm_medium=api&utm_source=a4bcf954,5729376740,,,,
2026-04-02T22:53:01Z,"As a family-run, high-tech company with nearly 19,000 employees at 71 locations worldwide, we are looking for forward thinkers with unconventional ideas and drive to join our team. Our company culture, which values collaboration and mutual trust, creates the ideal framework for boldly trying new things and questioning the status quo. Our technologies inspire people to develop and produce things that are currently unimaginable. Whether lasers, machine tools, EUV or electronics - TRUMPF is buildi…",Praktikum im Bereich Data Engineering und Data Science (WS26/27),"{'__CLASS__': 'Adzuna::API::Response::Company', 'display_name': 'TRUMPF Group'}",eyJhbGciOiJIUzI1NiJ9.eyJzIjoiTHZFTU1EaHU4Ukd3Nm9yTWQ2VzJndyIsImkiOiI1Njg3OTAxNTM0In0.7RJY3Alv0wVnCL3JEpVro7jr96BgiV-03gpo-_RqirM,"{'area': ['Deutschland', 'Baden-Württemberg', 'Ludwigsburg (Kreis)', 'Ditzingen'], '__CLASS__': 'Adzuna::API::Response::Location', 'display_name': 'Ditzingen, Ludwigsburg (Kreis)'}",9.06857,"{'tag': 'manufacturing-jobs', '__CLASS__': 'Adzuna::API::Response::Category', 'label': 'Stellen aus Fertigung'}",48.82434,0,Adzuna::API::Response::Job,https://www.adzuna.de/details/5687901534?utm_medium=api&utm_source=a4bcf954,5687901534,full_time,,,
2026-06-03T23:20:29Z,"Die FERI Gruppe ist ein führendes, bankenunabhängiges Multi Asset-Investmenthaus im deutschsprachigen Raum. Mit einem engagierten Team von über 280 Beschäftigten sowie rund 50 dualen und Werkstudierenden entwickeln wir maßgeschneiderte Investmentlösungen für Institutionelle Investoren, Familienvermögen und Stiftungen. Aktuell betreuen unsere Investmentspezialisten ein Vermögen von ca. 64 Mrd. Euro, davon rund 18,5 Mrd. Euro in alternativen Investments. Das Vertriebsmanagement ist eine vertriebs…",Duales Master-Studium „Artificial Intelligence & Data Science“ im Vertriebsmanagement,"{'display_name': 'Feri Ag', '__CLASS__': 'Adzuna::API::Response::Company'}",eyJhbGciOiJIUzI1NiJ9.eyJzIjoiTHZFTU1EaHU4Ukd3Nm9yTWQ2VzJndyIsImkiOiI1NzUxMTI1MjM5In0.Ly4gzFibj-d4Ly19ROWj4j3BpacvpWOEgW4Ilpe0WqQ,"{'area': ['Deutschland', 'Hessen', 'Hochtaunuskreis', 'Bad Homburg', 'Kirdorf'], '__CLASS__': 'Adzuna::API::Response::Location', 'display_name': 'Kirdorf, Bad Homburg'}",8.60812,"{'tag': 'it-jobs', '__CLASS__': 'Adzuna::API::Response::Category', 'label': 'IT-Stellen'}",50.24068,0,Adzuna::API::Response::Job,https://www.adzuna.de/details/5751125239?utm_medium=api&utm_source=a4bcf954,5751125239,,1950.0,1800.0,
2025-07-13T22:14:52Z,"Wir bei Capgemini Invent glauben, dass unterschiedliche Perspektiven den Wandel vorantreiben. Als innovative Transformationsberater vereinen wir unsere strategischen, kreativen und wissenschaftlichen Fähigkeiten und arbeiten eng mit unseren Kunden zusammen, um zukunftsweisende Lösungen zu entwickeln. Hilf uns dabei, den Wandel voranzutreiben, der auf die Herausforderungen unserer Kunden von heute und morgen zugeschnitten ist. Informiert und validiert durch Wissenschaft und Daten. Verstärkt durc…",(Associate) Consultant Data Science & AI (m/w/d),"{'display_name': 'Capgemini Invent', '__CLASS__': 'Adzuna::API::Response::Company'}",eyJhbGciOiJIUzI1NiJ9.eyJzIjoiTHZFTU1EaHU4Ukd3Nm9yTWQ2VzJndyIsImkiOiI1MzAxMDc4MTY1In0.GIiGN8ui0-Cy3cts1onv1YxQ_GtUi2J-Efra-oCXhRE,"{'display_name': 'Deutschland', '__CLASS__': 'Adzuna::API::Response::Location', 'area': ['Deutschland']}",,"{'tag': 'it-jobs', 'label': 'IT-Stellen', '__CLASS__': 'Adzuna::API::Response::Category'}",,0,Adzuna::API::Response::Job,https://www.adzuna.de/details/5301078165?utm_medium=api&utm_source=a4bcf954,5301078165,,,,contract
2026-06-09T19:03:52Z,"IU INTERNATIONAL UNIVERSITY – Because teaching is not just a job, it's a statement. You don't just want to teach, you want to make a difference? Then start at Germany's largest university and shape the future of teaching with us - in an environment that focuses on your professional and personal needs. Contribute to our academic world at our campus in Berlin as a freelance lecturer with 48 teaching units starting on 01.10.2026 . Your tasks You teach fundamental knowledge with high practical rele…",Lecturer Data Science Model Engineering (m/f/d),"{'__CLASS__': 'Adzuna::API::Response::Company', 'display_name': 'IU Internationale Hochschule'}",eyJhbGciOiJIUzI1NiJ9.eyJzIjoiTHZFTU1EaHU4Ukd3Nm9yTWQ2VzJndyIsImkiOiI1NzU3NDI4NjU0In0.uzdTWkiTVk5zHBKJ_dfCnGk38GVZ2NNpvZP6hVny8wY,"{'area': ['Deutschland', 'Berlin'], 'display_name': 'Berlin, Deutschland', '__CLASS__': 'Adzuna::API::Response::Location'}",13.420806,"{'tag': 'unknown', 'label': 'Unknown', '__CLASS__': 'Adzuna::API::Response::Category'}",52.507706,0,Adzuna::API::Response::Job,https://www.adzuna.de/details/5757428654?utm_medium=api&utm_source=a4bcf954,5757428654,,,,
2026-06-09T10:57:54Z,"Deine Aufgaben Wir bei nextbike glauben fest daran, dass nachhaltige Mobilität die Zukunft ist und wir möchten mit unseren Bike-Sharing-Lösungen aktiv zur Mobilitätswende beitragen. Stell dir vor, du treibst diese Verkehrswende nicht nur auf der Straße, sondern direkt im Code voran! Wenn du Zahlen liebst , gerne tief in Datensätze abtauchst und neben dem Studium echte Praxiserfahrung sammeln willst, bist du bei uns in Leipzig-Plagwitz genau richtig. Das erwartet dich in der Rolle: Gemeinsam mit…",Werkstudent (w/d/m) Data Engineering & Data Science,"{'__CLASS__': 'Adzuna::API::Response::Company', 'display_name': 'nextbike GmbH'}",eyJhbGciOiJIUzI1NiJ9.eyJpIjoiNTc1NzAyNTA5NyIsInMiOiJMdkVNTURodThSR3c2b3JNZDZXMmd3In0.iDGdNSUXLXRbpeH6oN3l2_fpSNOrqQqjpk1AzYLn_Oo,"{'area': ['Deutschland', 'Sachsen', 'Leipzig (Kreis)', 'Leipzig', 'Kleinzschocher'], 'display_name': 'Kleinzschocher, Leipzig', '__CLASS__': 'Adzuna::API::Response::Location'}",12.32569,"{'tag': 'unknown', '__CLASS__': 'Adzuna::API::Response::Category', 'label': 'Unknown'}",51.3122,0,Adzuna::API::Response::Job,https://www.adzuna.de/details/5757025097?utm_medium=api&utm_source=a4bcf954,5757025097,full_time,,,
2026-06-20T18:16:32Z,"Die Hochschule Esslingen steht für exzellente, praxisorientierte Lehre und innovative Forschung in den Bereichen Technik, Wirtschaft und Soziales. Im Herzen der Region Stuttgart bieten wir ein großes Netzwerk an Partnern im In- und Ausland. Unsere Erfolge zeigen sich in zahlreichen Rankings der besten deutschen Hochschulen für angewandte Wissenschaften. Möchten Sie sich in innovativer Forschung und Lehre entfalten und mit Ihrem Wissen Studierende anleiten? Professur (W2): Angewandte KI im Ingen…",Professur (W2): Angewandte KI im Ingenieurwesen,"{'display_name': 'Hochschule Esslingen', '__CLASS__': 'Adzuna::API::Response::Company'}",eyJhbGciOiJIUzI1NiJ9.eyJzIjoiTHZFTU1EaHU4Ukd3Nm9yTWQ2VzJndyIsImkiOiI1NzcwODI4MDc0In0.JcgQbt0JZ6sf5pf4DOUSs1hy1f7R2QnryW3CctZMuxA,"{'area': ['Deutschland', 'Baden-Württemberg', 'Esslingen (Kreis)'], '__CLASS__': 'Adzuna::API::Response::Location', 'display_name': 'Esslingen (Kreis), Baden-Württemberg'}",9.369233,"{'tag': 'unknown', '__CLASS__': 'Adzuna::API::Response::Category', 'label': 'Unknown'}",48.646054,0,Adzuna::API::Response::Job,https://www.adzuna.de/land/ad/5770828074?se=LvEMMDhu8RGw6orMd6W2gw&utm_medium=api&utm_source=a4bcf954&v=28C2D72BE85FB527522745F307D2100417C79E22,5770828074,,,,
2026-05-19T18:23:18Z,"Einleitung Ihr Job in der Medizintechnik - beim Weltmarktführer, Start-Up und Familienunternehmen in einem. PAJUNK® ist ein inhabergeführtes Familienunternehmen mit rund 700 Mitarbeitenden weltweit und hat seinen Hauptsitz in Geisingen, Süddeutschland. Wir entwickeln bedürfnisorientierte Medizinprodukte mit dem Ziel, dass sich medizinisches Fachpersonal weltweit auf das konzentrieren kann, was wirklich zählt: die Patientinnen und Patienten. Wir verbinden die Stärke eines Marktführers mit der Ag…",Projektmanager mit Schwerpunkt Künstliche Intelligenz (m/w/d),"{'display_name': 'PAJUNK® GmbH Medizintechnologie', '__CLASS__': 'Adzuna::API::Response::Company'}",eyJhbGciOiJIUzI1NiJ9.eyJzIjoiTHZFTU1EaHU4Ukd3Nm9yTWQ2VzJndyIsImkiOiI1NzM0MTMzOTAwIn0.iuaH_z4CS0m2WYxX4sp_giFNJWdf2Blt5ALUn13TgDE,"{'area': ['Deutschland', 'Baden-Württemberg', 'Tuttlingen (Kreis)', 'Geisingen'], '__CLASS__': 'Adzuna::API::Response::Location', 'display_name': 'Geisingen, Tuttlingen (Kreis)'}",8.65077,"{'tag': 'other-general-jobs', '__CLASS__': 'Adzuna::API::Response::Category', 'label': 'Sonstige/Allgemeine Stellen'}",47.92408,0,Adzuna::API::Response::Job,https://www.adzuna.de/land/ad/5734133900?se=LvEMMDhu8RGw6orMd6W2gw&utm_medium=api&utm_source=a4bcf954&v=BCF833E2B1E8707939F32E866519B7C2271F8948,5734133900,full_time,,,
2026-06-20T18:16:43Z,"Aufgaben Profil Wir bieten Bei IONOS arbeitest Du bei dem führenden europäischen Anbieter von Cloud-Infrastruktur, Cloud-Services und Hosting-Dienstleistungen partnerschaftlich mit unterschiedlichen Teams zusammen. Wir bieten Dir eine Perspektive in einer der zukunftssichersten Branchen. Uns zeichnen offene Arbeitsstrukturen, Duz-Kultur und flache Hierarchien mit unvergleichlichem Team-Spirit aus. Wir sind fest davon überzeugt, dass Job und Spaß vereinbar sind und bieten Dir hierfür das entspre…",Leitung PPC (w/m/d) - Online Advertising,"{'__CLASS__': 'Adzuna::API::Response::Company', 'display_name': 'IONOS'}",eyJhbGciOiJIUzI1NiJ9.eyJzIjoiTHZFTU1EaHU4Ukd3Nm9yTWQ2VzJndyIsImkiOiI1NzcwODI4ODA5In0.Tt0V-Id9mDT-Ow5GKRK9PAYd-kdW7ggitHxYqjWsp7g,"{'area': ['Deutschland', 'Berlin'], 'display_name': 'Berlin, Deutschland', '__CLASS__': 'Adzuna::API::Response::Location'}",13.420806,"{'tag': 'unknown', 'label': 'Unknown', '__CLASS__': 'Adzuna::API::Response::Category'}",52.507706,0,Adzuna::API::Response::Job,https://www.adzuna.de/land/ad/5770828809?se=LvEMMDhu8RGw6orMd6W2gw&utm_medium=api&utm_source=a4bcf954&v=7B825E0EC299BBAD23A072A018D2D39115D762FD,5770828809,,,,
2026-04-18T07:17:54Z,"Introduction At IBM Global Sales, we bring together innovation, collaboration, and expertise to help clients solve their most complex business challenges. Working across industries and geographies, you'll partner with colleagues, clients, and partners to co-create solutions that drive digital transformation and create lasting impact. Success in Global Sales is built on curiosity, empathy, and collaboration. You'll connect technical understanding with strong people skills, building trusted relat…","Duales Studium 2027 Bachelor@IBM: Wirtschaftsinformatik - Data Science (f,m,x)","{'display_name': 'IBM', '__CLASS__': 'Adzuna::API::Response::Company'}",eyJhbGciOiJIUzI1NiJ9.eyJpIjoiNTcwMzMyMTQ4NSIsInMiOiJMdkVNTURodThSR3c2b3JNZDZXMmd3In0.9L-6mZbmR4B3pL1sYLjaVFladaZ2LaIb4OwyH3Xvq4M,"{'__CLASS__': 'Adzuna::API::Response::Location', 'display_name': 'Ehningen, Böblingen (Kreis)', 'area': ['Deutschland', 'Baden-Württemberg', 'Böblingen (Kreis)', 'Ehningen']}",8.94097,"{'tag': 'unknown', 'label': 'Unknown', '__CLASS__': 'Adzuna::API::Response::Category'}",48.65955,0,Adzuna::API::Response::Job,https://www.adzuna.de/details/5703321485?utm_medium=api&utm_source=a4bcf954,5703321485,,,,
2025-08-07T22:09:29Z,"STAT-UP ist eine spezialisierte Beratung für Statistik, Data Science und KI. Wir arbeiten branchenübergreifend — unter anderem im öffentlichen Sektor, in Versicherungen und weiteren datenintensiven Bereichen. Für diese Rolle suchen wir gezielt Verstärkung für unsere Projekte im öffentlichen Sektor. Dort entwickeln wir Lösungen, die nicht nur technisch anspruchsvoll sind, sondern spürbare positive gesellschaftliche Wirkung entfalten. Wir suchen dafür starke Senior Data Engineers, die komplexe Pr…",Senior Data Science and AI Consultant (m/w/d),"{'__CLASS__': 'Adzuna::API::Response::Company', 'display_name': 'STAT-UP Statistical Consulting & Data Science'}",eyJhbGciOiJIUzI1NiJ9.eyJzIjoiTHZFTU1EaHU4Ukd3Nm9yTWQ2VzJndyIsImkiOiI1MzQyMzM3OTUxIn0.eDoz4tcWo4TmtjQXGThckZoaKj4_xFRoNKoRhqkHU9c,"{'area': ['Deutschland', 'Bayern', 'München (Kreis)', 'München', 'Altstadt-Lehel'], 'display_name': 'Altstadt-Lehel, München', '__CLASS__': 'Adzuna::API::Response::Location'}",11.56907,"{'tag': 'consultancy-jobs', '__CLASS__': 'Adzuna::API::Response::Category', 'label': 'Beraterstellen'}",48.14093,0,Adzuna::API::Response::Job,https://www.adzuna.de/details/5342337951?utm_medium=api&utm_source=a4bcf954,5342337951,full_time,,,
2025-10-19T15:07:22Z,"STAT-UP ist eine spezialisierte Beratung für Statistik, Data Science und KI. Wir arbeiten branchenübergreifend — unter anderem im öffentlichen Sektor, in Versicherungen und weiteren datenintensiven Bereichen. Für diese Rolle suchen wir gezielt Verstärkung für unsere Projekte im öffentlichen Sektor. Dort entwickeln wir Lösungen, die nicht nur technisch anspruchsvoll sind, sondern spürbare positive gesellschaftliche Wirkung entfalten. Wir suchen dafür starke Senior Data Engineers, die komplexe Pr…",Praktikum Data Science and AI Consulting (m/w/d),"{'display_name': 'STAT-UP Statistical Consulting & Data Science', '__CLASS__': 'Adzuna::API::Response::Company'}",eyJhbGciOiJIUzI1NiJ9.eyJzIjoiTHZFTU1EaHU4Ukd3Nm9yTWQ2VzJndyIsImkiOiI1NDU1Mjk2MDkyIn0.s5Nog7rSA7ivMoUAjYMBAxQrJBZztg_rfjDB6soACLc,"{'area': ['Deutschland', 'Bayern', 'München (Kreis)', 'München', 'Altstadt-Lehel'], 'display_name': 'Altstadt-Lehel, München', '__CLASS__': 'Adzuna::API::Response::Location'}",11.56907,"{'tag': 'it-jobs', 'label': 'IT-Stellen', '__CLASS__': 'Adzuna::API::Response::Category'}",48.14093,0,Adzuna::API::Response::Job,https://www.adzuna.de/details/5455296092?utm_medium=api&utm_source=a4bcf954,5455296092,,,,contract
2026-05-14T22:27:09Z,"Bachelor of Science (m/w/d) - Wirtschaftsinformatik Data Science Für den dualen Studiengang Wirtschaftsinformatik Data Science (B.Sc.) mit Start im Oktober 2026 suchen wir einen Studenten! Überblick Wir bieten ein praxisorientiertes Duales Studium im Bereich Wirtschaftsinformatik mit Schwerpunkt Data Science, das IT- und Methodenwissen (z. B. Programmierung, Datenbanken, Analytik) mit der Anwendung in einem industriellen Umfeld verbindet. Während der dreijährigen Studienzeit wechseln sich Theor…",Bachelor of Science (m/w/d) - Wirtschaftsinformatik Data Science,"{'__CLASS__': 'Adzuna::API::Response::Company', 'display_name': 'Knipping Kunststofftechnik Gessmann'}",eyJhbGciOiJIUzI1NiJ9.eyJpIjoiNTcyOTUyMzczMCIsInMiOiJMdkVNTURodThSR3c2b3JNZDZXMmd3In0.q85FKWWNSu7A_SWg9IoHBh_M-YiDPCQh6dPqVEqS9Zc,"{'area': ['Deutschland', 'Baden-Württemberg', 'Heilbronn (Kreis)', 'Leingarten'], '__CLASS__': 'Adzuna::API::Response::Location', 'display_name': 'Leingarten, Heilbronn (Kreis)'}",9.12661,"{'tag': 'unknown', 'label': 'Unknown', '__CLASS__': 'Adzuna::API::Response::Category'}",49.14383,0,Adzuna::API::Response::Job,https://www.adzuna.de/details/5729523730?utm_medium=api&utm_source=a4bcf954,5729523730,full_time,,,
2025-10-15T22:46:24Z,"Data Science (M.Sc.) Unterrichtssprache : Englisch Immatrikulation : jeweils zum Sommer- und Wintersemester (zulassungsbeschränkt) Deine Zukunft mit einem Data-Science-Studium Social Media, Satellitenaufnahmen, mobile Anwendungen, Industrie 4.0 - die Welt erlebt eine Datenexplosion. Für Unternehmen aller Branchen wie auch für den öffentlichen Sektor wird die intelligente Nutzung von Daten unter Berücksichtigung des Datenschutzes und der Datenethik immer wichtiger. So Potenziale identifiziert un…",Duales Studium Data Science (M.Sc.) (m/w/d),"{'__CLASS__': 'Adzuna::API::Response::Company', 'display_name': 'HAW Kiel Hochschule für Angewandte Wissenschaften'}",eyJhbGciOiJIUzI1NiJ9.eyJzIjoiTHZFTU1EaHU4Ukd3Nm9yTWQ2VzJndyIsImkiOiI1NDQ5MDUxODM1In0.Hex7GyReaA-bGPa1Xd0rdKT-d3oZRsN9MgwBuktxmog,"{'display_name': 'Neumühlen-Dietrichsdorf, Kiel', '__CLASS__': 'Adzuna::API::Response::Location', 'area': ['Deutschland', 'Schleswig-Holstein', 'Kiel', 'Neumühlen-Dietrichsdorf']}",10.18241,"{'label': 'Unknown', '__CLASS__': 'Adzuna::API::Response::Category', 'tag': 'unknown'}",54.33209,0,Adzuna::API::Response::Job,https://www.adzuna.de/details/5449051835?utm_medium=api&utm_source=a4bcf954,5449051835,,,,
2026-05-01T22:54:36Z,"Projektmanager – Data Analytics / Data Science (m/w/d) in München für unseren Kunden, einem der führenden europäischen Nutzfahrzeughersteller und Anbieter von Transportlösungen, dessen Produktportfolio Transporter, Lkw, Busse, Diesel- und Gasmotoren sowie Dienstleistungen rund um Personenbeförderung und Gütertransport umfasst, gesucht! Dein Aufgabengebiet Data Analytics & AI / Engineering / Digitale Produkt- und Use-Case-Umsetzung Schnittstelle zwischen Business, IT und Data Science Planung, St…",Projektmanager – Data Analytics / Data Science (m/w/d) in München,"{'display_name': 'MCG Memmingen', '__CLASS__': 'Adzuna::API::Response::Company'}",eyJhbGciOiJIUzI1NiJ9.eyJzIjoiTHZFTU1EaHU4Ukd3Nm9yTWQ2VzJndyIsImkiOiI1NzE2MjE2NzA0In0.SiKBkbRuTSNuA1yO0hryQ6tdJOUU_TlS5aSOWGkdwI8,"{'display_name': 'Ludwigsvorstadt-Isarvorstadt, München', '__CLASS__': 'Adzuna::API::Response::Location', 'area': ['Deutschland', 'Bayern', 'München (Kreis)', 'München', 'Ludwigsvorstadt-Isarvorstadt']}",11.58399,"{'__CLASS__': 'Adzuna::API::Response::Category', 'label': 'Stellen aus PR, Werbung & Marketing', 'tag': 'pr-advertising-marketing-jobs'}",48.13344,0,Adzuna::API::Response::Job,https://www.adzuna.de/details/5716216704?utm_medium=api&utm_source=a4bcf954,5716216704,full_time,,,
2026-06-07T04:28:46Z,Auf einen Blick Studiengang: Data Science&KI Studienort: Duale Hochschule Baden-Württemberg Mannheim Studienbeginn: 1. Oktober 2027 (Wintersemester) Studiendauer: 3 Jahre Abschluss: Bachelor of Science (B.Sc.) Informationen unter: DHBW Data Science&KI Inhalte des dualen Studiums Du wolltest schon immer neues Wissen aus Daten gewinnen und innovative Anwendungen und Geschäftsmodelle kreieren? Dann ist dieses duale Studium genau das richtige für dich. In dem Studiengang Data Science&Künstliche Int…,"Duales Studium Data Science&KI, Bachelor of Science, 2027","{'__CLASS__': 'Adzuna::API::Response::Company', 'display_name': 'dx.one GmbH - A Volkswagen Group Company'}",eyJhbGciOiJIUzI1NiJ9.eyJpIjoiNTc1NTAyMjc1NCIsInMiOiJMdkVNTURodThSR3c2b3JNZDZXMmd3In0.5YWB778pkt6WtAtG8WFHaIvPnOm59Db2fsNK6bDYg_E,"{'area': ['Deutschland', 'Niedersachsen', 'Wolfsburg', 'Eichelkamp'], 'display_name': 'Eichelkamp, Wolfsburg', '__CLASS__': 'Adzuna::API::Response::Location'}",10.76094,"{'tag': 'unknown', 'label': 'Unknown', '__CLASS__': 'Adzuna::API::Response::Category'}",52.41001,0,Adzuna::API::Response::Job,https://www.adzuna.de/details/5755022754?utm_medium=api&utm_source=a4bcf954,5755022754,,,,
2025-10-20T22:53:15Z,"Data Science (Master of Science) (m/w/d) - dual Warum dual studieren? Studieren und trotzdem Geld verdienen? Ein reines Studium ist zu theoretisch? Die duale Variante des Master-Studiengangs Data Science bietet beides zugleich: ein wissenschaftliches Studium und praktische Erfahrungen im Unternehmen. Neben Vorlesungen und Seminaren besteht dadurch die Möglichkeit, das Gelernte in Praxisprojekten umzusetzen. Dabei werden die Studierenden von Fachbetreuern und Fachbetreuerinnen im Unternehmen sow…",Data Science (Master of Science) (m/w/d) - dual,"{'display_name': 'Hochschule Darmstadt', '__CLASS__': 'Adzuna::API::Response::Company'}",eyJhbGciOiJIUzI1NiJ9.eyJzIjoiTHZFTU1EaHU4Ukd3Nm9yTWQ2VzJndyIsImkiOiI1NDU2NjIyOTIzIn0.Dtwa8uHn-2ouRBwt8iHebLGHt5Sfjz2uRci1bquMA2Y,"{'area': ['Deutschland', 'Hessen', 'Darmstadt', 'Arheilgen'], 'display_name': 'Arheilgen, Darmstadt', '__CLASS__': 'Adzuna::API::Response::Location'}",8.65086,"{'__CLASS__': 'Adzuna::API::Response::Category', 'label': 'Unknown', 'tag': 'unknown'}",49.87242,0,Adzuna::API::Response::Job,https://www.adzuna.de/details/5456622923?utm_medium=api&utm_source=a4bcf954,5456622923,,,,
2026-06-18T11:34:48Z,Duales Studium 2027 - BA Science Softwaretechnologie FR: Data Science (m/w/d) - 35041 Marburg - Arbeitszeit: Vollzeit - Position: Duales Studium - Bildungsgrad Mindestvoraussetzung: Fachhochschulreife - Beschäftigungsbeginn: 01.08.2027,Duales Studium 2027 - BA Science Softwaretechnologie FR: Data Science,"{'display_name': 'GSK Vaccines GmbH', '__CLASS__': 'Adzuna::API::Response::Company'}",eyJhbGciOiJIUzI1NiJ9.eyJpIjoiNTc2Nzg3MzE5OSIsInMiOiJMdkVNTURodThSR3c2b3JNZDZXMmd3In0.wCUF20rFt7QWq8NJIrXyNEsELphKBD_KOPBagnYXE7E,"{'area': ['Deutschland', 'Hessen', 'Marburg-Biedenkopf (Kreis)', 'Marburg', 'Dagobertshausen'], '__CLASS__': 'Adzuna::API::Response::Location', 'display_name': 'Dagobertshausen, Marburg'}",8.70301,"{'tag': 'graduate-jobs', 'label': 'Stellen für Hochschulabsolventen', '__CLASS__': 'Adzuna::API::Response::Category'}",50.81987,0,Adzuna::API::Response::Job,https://www.adzuna.de/details/5767873199?utm_medium=api&utm_source=a4bcf954,5767873199,,,,
2025-07-31T22:18:51Z,"Wir sind Bikesale das e-Mobility Start-Up, das den Zugang zu E-Bikes und hochwertigen Fahrrädern einfach, erschwinglich und nachhaltig macht. Mit unserer reCommerce Plattform revolutionieren wir den Mobility-Markt, nutzen die Welle des Bike-Booms und schaffen dabei gleichzeitig einen Impact für unsere Umwelt - das ist es was uns antreibt und motiviert. Wir wachsen rasant und suchen aktuell nach begeisterten Menschen, die unsere Vision teilen und mit uns gemeinsam europaweit zum Branchen-Vorreit…",CTO / Team Lead IT & Data Science (m/w/d),"{'__CLASS__': 'Adzuna::API::Response::Company', 'display_name': 'bikesale solutions'}",eyJhbGciOiJIUzI1NiJ9.eyJzIjoiTHZFTU1EaHU4Ukd3Nm9yTWQ2VzJndyIsImkiOiI1MzMwMzAyNDA4In0.R-FKESOcBh6T2bEKjgSPanHgEbQ_P3sxRBQbMD60KJM,"{'area': ['Deutschland'], '__CLASS__': 'Adzuna::API::Response::Location', 'display_name': 'Deutschland'}",,"{'tag': 'it-jobs', '__CLASS__': 'Adzuna::API::Response::Category', 'label': 'IT-Stellen'}",,0,Adzuna::API::Response::Job,https://www.adzuna.de/details/5330302408?utm_medium=api&utm_source=a4bcf954,5330302408,full_time,,,
2025-10-16T22:45:56Z,"Duales Studium 2026 - Data Science und Künstliche Intelligenz (m/w/d) Du bist technikbegeistert und voller Ideen, mit denen Du die Welt bewegen willst? Dann ist eine Ausbildung oder ein duales Studium bei Schaeffler genau das Richtige für Dich. Ohne unsere Produkte könnten Autos nicht fahren, Maschinen nicht laufen und Flugzeuge nicht fliegen. Als führender Anbieter von Wälzlagern für sämtliche Industrien und wichtiger Partner im internationalen Automobilbau bietet Dir Schaeffler ein hervorrage…",Duales Studium - Data Science und Künstliche Intelligenz (m/w/d),"{'display_name': 'Schaeffler Technologies AG & Co. KG', '__CLASS__': 'Adzuna::API::Response::Company'}",eyJhbGciOiJIUzI1NiJ9.eyJzIjoiTHZFTU1EaHU4Ukd3Nm9yTWQ2VzJndyIsImkiOiI1NDUwODYxOTI4In0.6jRBHDv88u7aGuT4wuMaXAiPwAncA_KAjYmTNdrADco,"{'display_name': 'Bebra, Hersfeld-Rotenburg (Kreis)', '__CLASS__': 'Adzuna::API::Response::Location', 'area': ['Deutschland', 'Hessen', 'Hersfeld-Rotenburg (Kreis)', 'Bebra']}",9.78956,"{'tag': 'unknown', 'label': 'Unknown', '__CLASS__': 'Adzuna::API::Response::Category'}",50.9737,0,Adzuna::API::Response::Job,https://www.adzuna.de/details/5450861928?utm_medium=api&utm_source=a4bcf954,5450861928,,,,
2026-05-28T23:27:33Z,"Wir machen Wünsche machbar – unsere Mission ist es, das Leben unserer Kunden zu bereichern und mit unseren Finanzdienstleistungen Träume zu verwirklichen. Wir verstehen uns nicht als typische Bank, sondern als lebendige Gemeinschaft von Gestaltern, die keine Angst davor haben, neue Wege zu gehen . Dabei setzen wir uns alle auch noch für Themen mit Impact wie Nachhaltigkeit und Digitalisierung ein – ob in unserer Zentrale in Stuttgart, an unserem Standort in Offenbach oder deutschlandweit in uns…",Data Science Manager (m/w/d) Project & Operational Development,"{'__CLASS__': 'Adzuna::API::Response::Company', 'display_name': 'Creditplus Bank AG'}",eyJhbGciOiJIUzI1NiJ9.eyJzIjoiTHZFTU1EaHU4Ukd3Nm9yTWQ2VzJndyIsImkiOiI1NzQzOTUwODU1In0.MGldItfwjqBrAe7fqmpsZFkPA4HF7J8XhWPP6S0ytJs,"{'display_name': 'Mitte, Stuttgart', '__CLASS__': 'Adzuna::API::Response::Location', 'area': ['Deutschland', 'Baden-Württemberg', 'Stuttgart', 'Mitte']}",9.18071,"{'tag': 'unknown', 'label': 'Unknown', '__CLASS__': 'Adzuna::API::Response::Category'}",48.77713,0,Adzuna::API::Response::Job,https://www.adzuna.de/details/5743950855?utm_medium=api&utm_source=a4bcf954,5743950855,full_time,,,
2026-05-28T18:31:57Z,"Bachelor Data Science & KI (m/w/d) – Duales Studium Wieland-Werke AG | Ulm, Vöhringen | Studienbeginn 1. Oktober 2027 Kennziffer 2026-0078 Deine Zukunft Ablauf : Im dualen Studium Data Science & KI erwirbst du dein theoretisches Wissen an der Dualen Hochschule Baden‑Württemberg (DHBW) in Heidenheim. Theorie und Praxis wechseln sich dabei in dreimonatigen Intervallen ab. Während der Praxisphasen wirst du in spannende Aufgaben unserer globalen IT‑Abteilungen eingebunden und erhältst Einblicke in …",Bachelor Data Science & KI (m/w/d) – Duales Studium,"{'display_name': 'Wieland Group', '__CLASS__': 'Adzuna::API::Response::Company'}",eyJhbGciOiJIUzI1NiJ9.eyJpIjoiNTc0MzYxNzU5NCIsInMiOiJMdkVNTURodThSR3c2b3JNZDZXMmd3In0.5hMRm68864ZBnGwwJs-izxw3BuAeEY7Gn-TErjMLS7A,"{'area': ['Deutschland', 'Baden-Württemberg', 'Ulm'], '__CLASS__': 'Adzuna::API::Response::Location', 'display_name': 'Ulm, Baden-Württemberg'}",9.856945,"{'tag': 'unknown', '__CLASS__': 'Adzuna::API::Response::Category', 'label': 'Unknown'}",48.383137,0,Adzuna::API::Response::Job,https://www.adzuna.de/details/5743617594?utm_medium=api&utm_source=a4bcf954,5743617594,,,,
2026-01-16T21:16:55Z,"Mitarbeit bei der Analyse und Verarbeitung großer Datenmengen (z.B. Datenaufbereitung, Datenbankmanagement, Statistik, Data Mining) Entwicklung und Anwendung von Machine-Learning-/KI-Modellen (z. B. für Bild- oder Spracherkennung, Predictive Analytics, Automatisierung) Unterstützung bei Software- und Systementwicklung, ggf. Webtechnologien, Datenbanken und Cloud-Lösungen Mitarbeit in interdisziplinären Projekten, Dokumentation, Testen und Evaluierung von Prototypen oder Anwendungen Zusammenarbe…",Duales Studium im Bereich Künstliche Intelligenz und Data Science - Start 2026,"{'__CLASS__': 'Adzuna::API::Response::Company', 'display_name': 'MB Automation & Co. KG'}",eyJhbGciOiJIUzI1NiJ9.eyJzIjoiTHZFTU1EaHU4Ukd3Nm9yTWQ2VzJndyIsImkiOiI1NTg4NDAwMzY0In0.P7HBKjeb9HQhXrlhdRetQuLRtPdiZlqVsvN0aklj5hw,"{'area': ['Deutschland', 'Bayern', 'Cham (Kreis)', 'Roding'], '__CLASS__': 'Adzuna::API::Response::Location', 'display_name': 'Roding, Cham (Kreis)'}",12.51611,"{'tag': 'logistics-warehouse-jobs', '__CLASS__': 'Adzuna::API::Response::Category', 'label': 'Stellen aus Logistik & Lagerhaltung'}",49.1953,0,Adzuna::API::Response::Job,https://www.adzuna.de/details/5588400364?utm_medium=api&utm_source=a4bcf954,5588400364,full_time,,,
2026-05-12T22:45:24Z,"Du findest Dich hier wieder? Du bist motiviert, hast eine Leidenschaft für die Schnittstelle zwischen Business und Technologie und Lust auf ein Praktikum im Bereich KI-Beratung? Du willst nicht nur zuschauen, sondern aktiv dabei helfen, ein junges Geschäftsfeld weiterzuentwickeln und echte KI-Strategien für Kunden zu entwerfen? Dann werde Teil unseres Beratungsteams und arbeite in unseren Beratungsprojekten! Gemeinsam unterstützen wir Unternehmen dabei, ihr KI-Potenzial voll auszuschöpfen und z…",Praktikum KI & Data Science Strategie Beratung (m/w/d),"{'__CLASS__': 'Adzuna::API::Response::Company', 'display_name': 'eoda'}",eyJhbGciOiJIUzI1NiJ9.eyJzIjoiTHZFTU1EaHU4Ukd3Nm9yTWQ2VzJndyIsImkiOiI1NzI3MjYwNzg0In0.gCU2A3ED__pPTY-88QRqONQYtHcSRNv9SHvGZPFxx_g,"{'area': ['Deutschland', 'Hessen', 'Kassel (Kreis)', 'Am Sandkopf'], 'display_name': 'Am Sandkopf, Kassel (Kreis)', '__CLASS__': 'Adzuna::API::Response::Location'}",9.50202,"{'tag': 'unknown', 'label': 'Unknown', '__CLASS__': 'Adzuna::API::Response::Category'}",51.34653,0,Adzuna::API::Response::Job,https://www.adzuna.de/details/5727260784?utm_medium=api&utm_source=a4bcf954,5727260784,full_time,,,
2026-05-29T09:14:56Z,"Willkommen bei der Allianz Für unseren modernen und innovativen Standort Unterföhring suchen wir einen Werkstudenten (m/w/d). Die Allianz stellt den Kunden und seine Bedürfnisse in den Mittelpunkt. Um diesen Anspruch zu unterstreichen, hat sie die hochinnovative Rolle des Chief Customer Officers (CCO) geschaffen. Als CCO-Team nehmen wir unseren strategischen Auftrag sehr ernst und leisten mit unseren Ergebnissen einen essentiellen Beitrag zum Geschäftserfolg und Wachstumskurs der Allianz. Wir s…",Werkstudent im Bereich Customer Analytics - Data Science (m/w/d),"{'display_name': 'Allianz', '__CLASS__': 'Adzuna::API::Response::Company'}",eyJhbGciOiJIUzI1NiJ9.eyJpIjoiNTc0NDM2NzY1NCIsInMiOiJMdkVNTURodThSR3c2b3JNZDZXMmd3In0.UpJ2KaHWnGPdn4wJr3iK4zOO_xTuZ_6ql-25ATKDlmo,"{'display_name': 'Unterföhring, München (Kreis)', '__CLASS__': 'Adzuna::API::Response::Location', 'area': ['Deutschland', 'Bayern', 'München (Kreis)', 'Unterföhring']}",11.64041,"{'tag': 'graduate-jobs', '__CLASS__': 'Adzuna::API::Response::Category', 'label': 'Stellen für Hochschulabsolventen'}",48.19226,0,Adzuna::API::Response::Job,https://www.adzuna.de/details/5744367654?utm_medium=api&utm_source=a4bcf954,5744367654,,,,
2025-12-23T04:12:38Z,"We help the world run better At SAP, we keep it simple: you bring your best to us, and we'll bring out the best in you. We're builders touching over 20 industries and 80% of global commerce, and we need your unique talents to help shape what's next. The work is challenging u2013 but it matters. You'll find a place where you can be yourself, prioritize your wellbeing, and truly belong. What's in it for you? Constant learning, skill growth, great benefits, and a team that wants you to grow and su…",Data Science Manager (f/m/d): ABAP Foundation Model,"{'display_name': 'SAP', '__CLASS__': 'Adzuna::API::Response::Company'}",eyJhbGciOiJIUzI1NiJ9.eyJzIjoiTHZFTU1EaHU4Ukd3Nm9yTWQ2VzJndyIsImkiOiI1NTUyNTg1NzA3In0.mTmJFO1LDAQjXjYKjlCWedNlf5wniSl7iTFykki8e3M,"{'display_name': 'Berlin, Deutschland', '__CLASS__': 'Adzuna::API::Response::Location', 'area': ['Deutschland', 'Berlin']}",13.420806,"{'__CLASS__': 'Adzuna::API::Response::Category', 'label': 'Unknown', 'tag': 'unknown'}",52.507706,0,Adzuna::API::Response::Job,https://www.adzuna.de/details/5552585707?utm_medium=api&utm_source=a4bcf954,5552585707,,,,
2025-12-17T20:48:15Z,"We help the world run better At SAP, we keep it simple: you bring your best to us, and we'll bring out the best in you. We're builders touching over 20 industries and 80% of global commerce, and we need your unique talents to help shape what's next. The work is challenging – but it matters. You'll find a place where you can be yourself, prioritize your wellbeing, and truly belong. What's in it for you? Constant learning, skill growth, great benefits, and a team that wants you to grow and succee…",Data Science Manager (f/m/d): ABAP Foundation Model,"{'display_name': 'SAP', '__CLASS__': 'Adzuna::API::Response::Company'}",eyJhbGciOiJIUzI1NiJ9.eyJpIjoiNTU0NjIwNTY4MCIsInMiOiJMdkVNTURodThSR3c2b3JNZDZXMmd3In0.bf2bB8gyuUdRG-FugaGAB4QxTd0amSwCQawDJvawv94,"{'area': ['Deutschland', 'Berlin'], '__CLASS__': 'Adzuna::API::Response::Location', 'display_name': 'Berlin, Deutschland'}",13.420806,"{'tag': 'unknown', 'label': 'Unknown', '__CLASS__': 'Adzuna::API::Response::Category'}",52.507706,0,Adzuna::API::Response::Job,https://www.adzuna.de/details/5546205680?utm_medium=api&utm_source=a4bcf954,5546205680,,,,
2026-05-27T23:54:56Z,"Werkstudent im Bereich Customer Analytics - Data Science (m/w/d) Willkommen bei der Allianz Für unseren modernen und innovativen Standort Unterföhring suchen wir einen Werkstudenten (m/w/d). Die Allianz stellt den Kunden und seine Bedürfnisse in den Mittelpunkt. Um diesen Anspruch zu unterstreichen, hat sie die hochinnovative Rolle des Chief Customer Officers (CCO) geschaffen. Als CCO-Team nehmen wir unseren strategischen Auftrag sehr ernst und leisten mit unseren Ergebnissen einen essentiellen…",Werkstudent im Bereich Customer Analytics - Data Science (m/w/d),"{'display_name': 'Allianz Kunde und Markt GmbH', '__CLASS__': 'Adzuna::API::Response::Company'}",eyJhbGciOiJIUzI1NiJ9.eyJzIjoiTHZFTU1EaHU4Ukd3Nm9yTWQ2VzJndyIsImkiOiI1NzQyNzQ4MDAzIn0.-L60DfDAOQ3ilDo_41zjLDWDPHp4xo2FPMLMN4TOGgo,"{'display_name': 'Unterföhring, München (Kreis)', '__CLASS__': 'Adzuna::API::Response::Location', 'area': ['Deutschland', 'Bayern', 'München (Kreis)', 'Unterföhring']}",11.64041,"{'label': 'Unknown', '__CLASS__': 'Adzuna::API::Response::Category', 'tag': 'unknown'}",48.19226,0,Adzuna::API::Response::Job,https://www.adzuna.de/details/5742748003?utm_medium=api&utm_source=a4bcf954,5742748003,,,,
2025-08-13T03:06:43Z,"Starte mit uns durch und nimm heute deine Zukunft in die Hand! Lass uns gemeinsam dein Potential entdecken und entwickeln. Du gestaltest mit unserem Ausbildungsteam deine Zukunft aktiv mit. Und mehr noch: Sei dabei und erlebe, wie wir gemeinsam mit unseren Produkten für mehr Nachhaltigkeit und einen sparsamen Umgang mit Ressourcen sorgen. Steigt die Spannung? Dann ist jetzt die richtige Zeit für den Start in dein… DH-Studium Data Science & Künstliche Intelligenz (m/w/d) Mit uns lernst du: versc…",DH-Studium Data Science & Künstliche Intelligenz (m/w/d),"{'__CLASS__': 'Adzuna::API::Response::Company', 'display_name': 'Testo SE & Co. KGaA'}",eyJhbGciOiJIUzI1NiJ9.eyJpIjoiNTM0OTk4NjEyMiIsInMiOiJMdkVNTURodThSR3c2b3JNZDZXMmd3In0.uJs_GGaGcVFkorY1RdIY6NUJHCWGtqBFMlH7GvwZZKQ,"{'area': ['Deutschland', 'Baden-Württemberg', 'Breisgau-Hochschwarzwald (Kreis)', 'Titisee-Neustadt'], 'display_name': 'Titisee-Neustadt, Breisgau-Hochschwarzwald (Kreis)', '__CLASS__': 'Adzuna::API::Response::Location'}",8.20135,"{'tag': 'unknown', '__CLASS__': 'Adzuna::API::Response::Category', 'label': 'Unknown'}",47.86869,0,Adzuna::API::Response::Job,https://www.adzuna.de/details/5349986122?utm_medium=api&utm_source=a4bcf954,5349986122,full_time,,,
2026-02-28T22:20:04Z,"Die 1981 im Herzen Bayerns gegründete Mühlbauer Group ist zu einem führenden Weltunternehmen in den Bereichen Parts & Systems, Halbleiterprodukte, Dokumentenlösungen & Ausstattung für Sicherheitssysteme und innovative Technologien für Elektromobilität herangewachsen. Mit über 4.000 Mitarbeitern, Technologiezentren in Deutschland, Malaysia, der Slowakei, Bosnien & Herzegowina, den USA und Serbien, sowie 35 Vertriebs- und Servicestandorten weltweit verfügt Mühlbauer über ein starkes Kompetenznetz…",Duales Studium im Bereich Künstliche Intelligenz und Data Science - Start 2026,"{'__CLASS__': 'Adzuna::API::Response::Company', 'display_name': 'MB Automation GmbH & Co. KG'}",eyJhbGciOiJIUzI1NiJ9.eyJpIjoiNTY0OTA4NjM3NiIsInMiOiJMdkVNTURodThSR3c2b3JNZDZXMmd3In0.Da1oINPAfWrjwBcVm_NGfam1ghhOBIEV37G8Z1mndAU,"{'area': ['Deutschland', 'Bayern', 'Cham (Kreis)', 'Roding'], '__CLASS__': 'Adzuna::API::Response::Location', 'display_name': 'Roding, Cham (Kreis)'}",12.51611,"{'label': 'Unknown', '__CLASS__': 'Adzuna::API::Response::Category', 'tag': 'unknown'}",49.1953,0,Adzuna::API::Response::Job,https://www.adzuna.de/details/5649086376?utm_medium=api&utm_source=a4bcf954,5649086376,,,,
2026-05-20T07:23:27Z,"We help the world run better At SAP, we keep it simple: you bring your best to us, and we'll bring out the best in you. We're builders touching over 20 industries and 80% of global commerce, and we need your unique talents to help shape what's next. The work is challenging - but it matters. You'll find a place where you can be yourself, prioritize your wellbeing, and truly belong. What's in it for you? Constant learning, skill growth, great benefits, and a team that wants you to grow and succee…","Data Science Manager - Optimization, Quantum & AI (m/f/d)","{'__CLASS__': 'Adzuna::API::Response::Company', 'display_name': 'SAP'}",eyJhbGciOiJIUzI1NiJ9.eyJpIjoiNTczNDgzNTEyOSIsInMiOiJMdkVNTURodThSR3c2b3JNZDZXMmd3In0.PjbkR8rMd7A5ByRMFkiFdh3oxFX7X0kJWcMSUaVoL6A,"{'area': ['Deutschland', 'Baden-Württemberg', 'Rhein-Neckar-Kreis', 'Walldorf'], 'display_name': 'Walldorf, Rhein-Neckar-Kreis', '__CLASS__': 'Adzuna::API::Response::Location'}",8.64276,"{'tag': 'unknown', 'label': 'Unknown', '__CLASS__': 'Adzuna::API::Response::Category'}",49.30315,0,Adzuna::API::Response::Job,https://www.adzuna.de/details/5734835129?utm_medium=api&utm_source=a4bcf954,5734835129,,,,
2026-05-18T23:45:59Z,"We help the world run better At SAP, we keep it simple: you bring your best to us, and we'll bring out the best in you. We're builders touching over 20 industries and 80% of global commerce, and we need your unique talents to help shape what's next. The work is challenging – but it matters. You'll find a place where you can be yourself, prioritize your wellbeing, and truly belong. What's in it for you? Constant learning, skill growth, great benefits, and a team that wants you to grow and succee…","Data Science Manager - Optimization, Quantum & AI (m/f/d)","{'display_name': 'SAP', '__CLASS__': 'Adzuna::API::Response::Company'}",eyJhbGciOiJIUzI1NiJ9.eyJzIjoiTHZFTU1EaHU4Ukd3Nm9yTWQ2VzJndyIsImkiOiI1NzMzNDcxOTMxIn0.bVysGo5s1EgRev7bGx9tEamVioJlO_wqVhdnYZwdMhQ,"{'area': ['Deutschland', 'Baden-Württemberg', 'Rhein-Neckar-Kreis', 'Walldorf'], '__CLASS__': 'Adzuna::API::Response::Location', 'display_name': 'Walldorf, Rhein-Neckar-Kreis'}",8.64276,"{'__CLASS__': 'Adzuna::API::Response::Category', 'label': 'Unknown', 'tag': 'unknown'}",49.30315,0,Adzuna::API::Response::Job,https://www.adzuna.de/details/5733471931?utm_medium=api&utm_source=a4bcf954,5733471931,,,,
2026-06-18T06:46:11Z,"We help the world run better At SAP, we keep it simple: you bring your best to us, and we'll bring out the best in you. We're builders touching over 20 industries and 80% of global commerce, and we need your unique talents to help shape what's next. The work is challenging u2013 but it matters. You'll find a place where you can be yourself, prioritize your wellbeing, and truly belong. What's in it for you? Constant learning, skill growth, great benefits, and a team that wants you to grow and su…","Data Science Manager - Optimization, Quantum & AI (m/f/d)","{'__CLASS__': 'Adzuna::API::Response::Company', 'display_name': 'SAP'}",eyJhbGciOiJIUzI1NiJ9.eyJzIjoiTHZFTU1EaHU4Ukd3Nm9yTWQ2VzJndyIsImkiOiI1NzY3NTgyNTk1In0.UvtcAP8_XjMmhivqGXRnymAvP9arSW4_llTNTLa419M,"{'area': ['Deutschland', 'Baden-Württemberg', 'Rhein-Neckar-Kreis', 'Walldorf'], 'display_name': 'Walldorf, Rhein-Neckar-Kreis', '__CLASS__': 'Adzuna::API::Response::Location'}",8.64276,"{'label': 'Unknown', '__CLASS__': 'Adzuna::API::Response::Category', 'tag': 'unknown'}",49.30315,0,Adzuna::API::Response::Job,https://www.adzuna.de/details/5767582595?utm_medium=api&utm_source=a4bcf954,5767582595,,,,
2026-01-19T21:35:58Z,"AI Expert - Engineering and Data Science (w/m/d) Job-ID: 12488 Standorte: Karrierelevel: Berufserfahrene Anstellungsart: Festanstellung in Vollzeit Begleite KPMG und unsere Kund:innen bei der KI-Transformation. In Deiner Position bist Du verantwortlich für die operative Exzellenz bei der Entwicklung und Implementierung von KI-Lösungen in Beratungsprojekten durch das AI Center of Excellence (CoE). Deine Rolle ist entscheidend, um unsere KI-Strategie im Unternehmen und in Projekten zu verankern. …",AI Expert - Engineering and Data Science (w/m/d),"{'display_name': 'KPMG', '__CLASS__': 'Adzuna::API::Response::Company'}",eyJhbGciOiJIUzI1NiJ9.eyJzIjoiTHZFTU1EaHU4Ukd3Nm9yTWQ2VzJndyIsImkiOiI1NTkxNjIzOTIxIn0.d7-GkKL1z7Zc2UXMB682ZAgZKrHS3VPD3aO7NQ2BhaQ,"{'display_name': 'Deutschland', '__CLASS__': 'Adzuna::API::Response::Location', 'area': ['Deutschland']}",,"{'label': 'Unknown', '__CLASS__': 'Adzuna::API::Response::Category', 'tag': 'unknown'}",,0,Adzuna::API::Response::Job,https://www.adzuna.de/details/5591623921?utm_medium=api&utm_source=a4bcf954,5591623921,full_time,,,permanent
2026-04-10T23:24:47Z,"AI Expert - Engineering and Data Science (w/m/d) Job-ID: 12488 Standorte: Frankfurt Karrierelevel: Berufserfahrene Anstellungsart: Festanstellung in Vollzeit Begleite KPMG und unsere Kund:innen bei der KI-Transformation. In Deiner Position bist Du verantwortlich für die operative Exzellenz bei der Entwicklung und Implementierung von KI-Lösungen in Beratungsprojekten durch das AI Center of Excellence (CoE). Deine Rolle ist entscheidend, um unsere KI-Strategie im Unternehmen und in Projekten zu v…",AI Expert - Engineering and Data Science (w/m/d),"{'display_name': 'KPMG', '__CLASS__': 'Adzuna::API::Response::Company'}",eyJhbGciOiJIUzI1NiJ9.eyJzIjoiTHZFTU1EaHU4Ukd3Nm9yTWQ2VzJndyIsImkiOiI1Njk2MDc1MDAwIn0.ramS_231eaFainB9vmEzgvMb27cKuf5081VslT1zH_Q,"{'area': ['Deutschland', 'Hessen', 'Frankfurt am Main', 'Flughafen'], '__CLASS__': 'Adzuna::API::Response::Location', 'display_name': 'Flughafen, Frankfurt am Main'}",8.56413,"{'tag': 'unknown', '__CLASS__': 'Adzuna::API::Response::Category', 'label': 'Unknown'}",50.05078,0,Adzuna::API::Response::Job,https://www.adzuna.de/details/5696075000?utm_medium=api&utm_source=a4bcf954,5696075000,full_time,,,permanent
