longitude,category,adref,company,salary_is_predicted,location,redirect_url,latitude,id,created,description,title,__CLASS__,contract_time,salary_min,salary_max,contract_type
9.026231,"{'tag': 'unknown', 'label': 'Unknown', '__CLASS__': 'Adzuna::API::Response::Category'}",eyJhbGciOiJIUzI1NiJ9.eyJzIjoiS29WaUJTR0U4Ukc2NGJwbS02Qnc2dyIsImkiOiI1Nzk3NDIxMzcyIn0.UjYQ-VMiCM2DP95AeYYkIzaHu92yhLS6FrNv3C_LZlw,"{'__CLASS__': 'Adzuna::API::Response::Company', 'display_name': 'Mercedes-Benz AG'}",0,"{'__CLASS__': 'Adzuna::API::Response::Location', 'area': ['Deutschland', 'Baden-Württemberg', 'Böblingen (Kreis)', 'Sindelfingen'], 'display_name': 'Sindelfingen, Böblingen (Kreis)'}",https://www.adzuna.de/land/ad/5797421372?se=KoViBSGE8RG64bpm-6Bw6w&utm_medium=api&utm_source=a4bcf954&v=BF64957ED79E6CF279CE26BB88150CAFBB09DB51,48.720071,5797421372,2026-07-12T01:31:06Z,"Life is always about becoming… Im Leben geht es darum, sich auf eine Reise zu begeben, um die beste Version unseres zukünftigen Selbst zu werden. Während wir Neues entdecken, stellen wir uns Herausforderungen, meistern sie und wachsen über uns hinaus. Bewerben Sie sich bei Mercedes-Benz und finden Sie den Aufgabenbereich, in dem Sie Ihre Talente individuell entfalten können. Dabei werden Sie von visionären Kolleginnen und Kollegen unterstützt, die Ihren Pioniergeist teilen. Bei uns einzusteigen…",Werksstudent*in Data Science - Emissionsdaten,Adzuna::API::Response::Job,,,,
8.412378,"{'label': 'Unknown', 'tag': 'unknown', '__CLASS__': 'Adzuna::API::Response::Category'}",eyJhbGciOiJIUzI1NiJ9.eyJpIjoiNTgwMjY0ODQwNiIsInMiOiJLb1ZpQlNHRThSRzY0YnBtLTZCdzZ3In0.2vjdh__u34LkEMZmfz_i9RREkKV5UPgEwuzTgSwKPac,"{'__CLASS__': 'Adzuna::API::Response::Company', 'display_name': 'Atruvia AG'}",0,"{'display_name': 'Karlsruhe, Karlsruhe (Kreis)', 'area': ['Deutschland', 'Baden-Württemberg', 'Karlsruhe (Kreis)', 'Karlsruhe'], '__CLASS__': 'Adzuna::API::Response::Location'}",https://www.adzuna.de/land/ad/5802648406?se=KoViBSGE8RG64bpm-6Bw6w&utm_medium=api&utm_source=a4bcf954&v=978287067F98204CEF73B60A2279E1F8018596FB,49.001249,5802648406,2026-07-16T11:16:39Z,Wir sind der Digitalisierungspartner in der genossenschaftlichen FinanzGruppe und vereinen jahrzehntelanges Expertenwissen in Banking und Informationstechnologie. Die speziell auf Banken zugeschnittenen IT-Lösungen und Leistungen reichen vom Rechenzentrumsbetrieb über das Bankverfahren von Atruvia bis hin zur App-Entwicklung. Dabei nutzen wir zukunftsweisende Technologien wie Smart Data und schreiben Prozessoptimierung und Regulatorik groß. Gestalte die Zukunft mit KI – Starte dein Duales Studi…,Duales Studium Data Science & Künstliche Intelligenz B.Sc.,Adzuna::API::Response::Job,,,,
8.28354,"{'tag': 'unknown', 'label': 'Unknown', '__CLASS__': 'Adzuna::API::Response::Category'}",eyJhbGciOiJIUzI1NiJ9.eyJpIjoiNTc5ODk0MTYyNSIsInMiOiJLb1ZpQlNHRThSRzY0YnBtLTZCdzZ3In0.Gzk6eiK5K8mnlvH96sJLNjgyY92ZIYFAl7PafeIVUXk,"{'__CLASS__': 'Adzuna::API::Response::Company', 'display_name': 'Isabellenhütte Heusler GmbH & Co. KG'}",0,"{'display_name': 'Dillenburg, Lahn-Dill-Kreis', 'area': ['Deutschland', 'Hessen', 'Lahn-Dill-Kreis', 'Dillenburg'], '__CLASS__': 'Adzuna::API::Response::Location'}",https://www.adzuna.de/land/ad/5798941625?se=KoViBSGE8RG64bpm-6Bw6w&utm_medium=api&utm_source=a4bcf954&v=650AEE66A7914EE4CFFAE820B7417CB40B915E64,50.74053,5798941625,2026-07-13T18:50:16Z,"Die Isabellenhütte ist ein international agierendes, familiengeführtes Unternehmen mit einer einzigartigen Fertigungstiefe. Wir vereinen unsere Tradition mit dem unbedingten Willen, Zukunftsmärkte aktiv mitzugestalten. Dies macht uns zu einem 500 Jahre jungen Start Up. Bei uns ist jeder im Team willkommen, der die Leidenschaft für zukunftsweisende Technologien mit uns teilt. Wir sind nicht nur in fast jedem Fahrzeug weltweit vertreten, sondern unsere Produkte finden sich auch in der Luft- und R…",Duales Studium Softwaretechnologie - Data Science 2027 (m/w/d),Adzuna::API::Response::Job,,,,
9.37738,"{'tag': 'unknown', 'label': 'Unknown', '__CLASS__': 'Adzuna::API::Response::Category'}",eyJhbGciOiJIUzI1NiJ9.eyJpIjoiNTc5MTExNTgzNCIsInMiOiJLb1ZpQlNHRThSRzY0YnBtLTZCdzZ3In0.6i7LcPGI_UInwV3kwA-Y98d5xaSyti8Syy5bcwDECI8,"{'display_name': 'Festool Group', '__CLASS__': 'Adzuna::API::Response::Company'}",0,"{'area': ['Deutschland', 'Baden-Württemberg', 'Esslingen (Kreis)', 'Wendlingen am Neckar'], 'display_name': 'Wendlingen am Neckar, Esslingen (Kreis)', '__CLASS__': 'Adzuna::API::Response::Location'}",https://www.adzuna.de/land/ad/5791115834?se=KoViBSGE8RG64bpm-6Bw6w&utm_medium=api&utm_source=a4bcf954&v=0A88F3F744A75FD0A67FF949452551D1BC3B243B,48.67129,5791115834,2026-07-07T17:13:42Z,"Jedes Werkzeug kann immer nur so gut sein wie der Mensch, der dahintersteckt. Deshalb suchen wir bei der Festool Group Mitarbeitende, die gemeinsam mit ihren 3.000 Kolleginnen und Kollegen weltweit etwas bewegen wollen. Tauche ein in unsere Welt - und erlebe, wie stolz es macht, in einem Familienunternehmen die besten Elektrowerkzeuge der Welt zu bauen. Aufgaben Technik und Wirtschaft gehören für dich zusammen? Du begeisterst dich für Informationstechnologien ebenso wie für ökonomische Zusammen…",Duales Studium: Wirtschaftsinformatik - Data Science (m/w/d) 2027,Adzuna::API::Response::Job,,,,
10.96603,"{'__CLASS__': 'Adzuna::API::Response::Category', 'label': 'Unknown', 'tag': 'unknown'}",eyJhbGciOiJIUzI1NiJ9.eyJpIjoiNTgwNzA4ODk2NCIsInMiOiJLb1ZpQlNHRThSRzY0YnBtLTZCdzZ3In0.XnrBB2X-cnOsSGALMlTRt0YPMVt3dhbwuI99OgPJpD8,"{'__CLASS__': 'Adzuna::API::Response::Company', 'display_name': 'HUK-COBURG Versicherungsgruppe'}",0,"{'__CLASS__': 'Adzuna::API::Response::Location', 'area': ['Deutschland', 'Bayern', 'Coburg (Kreis)', 'Coburg'], 'display_name': 'Coburg, Coburg (Kreis)'}",https://www.adzuna.de/land/ad/5807088964?se=KoViBSGE8RG64bpm-6Bw6w&utm_medium=api&utm_source=a4bcf954&v=46BE1E14428D835DA75BA42B77F1FDC694F8140A,50.25777,5807088964,2026-07-19T12:17:08Z,"Hallo, lass uns WIR sagen! Wir - die HUK-COBURG Versicherungsgruppe - zählen zu den 10 größten in Deutschland. Vor über 90 Jahren gegründet sind wir mit über 13 Millionen Kund:innen heute der große Versicherer für Privathaushalte und der größte deutsche Autoversicherer. Dass wir oft preisgünstiger sind als andere Versicherungen, hat bei uns schon Tradition. Genau wie unser Ruf als Arbeitgeberin, mit der DU wachsen und deine persönlichen Ziele erreichen kannst. Bei uns kannst du eine spannende K…",Spezialist für Steuerungs- und Controllingsysteme - Schwerpunkt Data Science (w/m/d),Adzuna::API::Response::Job,,,,
9.21629,"{'__CLASS__': 'Adzuna::API::Response::Category', 'tag': 'unknown', 'label': 'Unknown'}",eyJhbGciOiJIUzI1NiJ9.eyJpIjoiNTc4NTY5MTU5NyIsInMiOiJLb1ZpQlNHRThSRzY0YnBtLTZCdzZ3In0.sxgdAL7zQKjwkHsHdUU0PPyi7Cpr2u3n_3jeSk0E1Tg,"{'__CLASS__': 'Adzuna::API::Response::Company', 'display_name': 'Schwarz Digits'}",0,"{'__CLASS__': 'Adzuna::API::Response::Location', 'display_name': 'Bad Friedrichshall, Heilbronn (Kreis)', 'area': ['Deutschland', 'Baden-Württemberg', 'Heilbronn (Kreis)', 'Bad Friedrichshall']}",https://www.adzuna.de/land/ad/5785691597?se=KoViBSGE8RG64bpm-6Bw6w&utm_medium=api&utm_source=a4bcf954&v=E7E6105B8657F51A8D4062F37021188A09433F72,49.2291,5785691597,2026-07-02T19:37:57Z,"Als weltweit agierendes Unternehmen benötigen wir eine IT-Landschaft, die jederzeit reibungslos funktioniert, sich stets auf dem neuesten Stand der Technik befindet und sich an den Bedürfnissen unserer Kunden innerhalb der Unternehmen der Schwarz Gruppe orientiert. An der Schnittstelle zwischen Daten und IT erarbeiten wir tragfähige Lösungen, die maßgeblich und sichtbar zu unserem Erfolg beitragen. {Studienbeginn:} 01.09.2027 mit dem Begrüßungsmonat {Studiendauer:} 3 Jahre {Studiendauer:} 01.10…",Duales Studium Data Science und Künstliche Intelligenz 2027 (m/w/d),Adzuna::API::Response::Job,,,,
8.696891,"{'tag': 'unknown', 'label': 'Unknown', '__CLASS__': 'Adzuna::API::Response::Category'}",eyJhbGciOiJIUzI1NiJ9.eyJzIjoiS29WaUJTR0U4Ukc2NGJwbS02Qnc2dyIsImkiOiI1ODAwODYyNTYwIn0.Xoad-Ha8VccMFZyRot6G3d4uVpcS7sIj2OsoXdfW3O8,"{'__CLASS__': 'Adzuna::API::Response::Company', 'display_name': 'Springer-Verlag GmbH'}",0,"{'__CLASS__': 'Adzuna::API::Response::Location', 'area': ['Deutschland', 'Baden-Württemberg', 'Heidelberg'], 'display_name': 'Heidelberg, Baden-Württemberg'}",https://www.adzuna.de/land/ad/5800862560?se=KoViBSGE8RG64bpm-6Bw6w&utm_medium=api&utm_source=a4bcf954&v=FC7E79CCCA46386DBDEECC43D948D5BCCE4A8CB2,49.403755,5800862560,2026-07-15T09:26:58Z,"Springer Nature öffnet Türen zu Entdeckungen. Seit mehr als 180 Jahren sind unsere Marken zuverlässige Wissensquellen für Wissenschaftler*innen, Lehrer*innen, Mediziner*innen und andere Fachkräfte. Mit unseren Büchern, wissenschaftlichen Zeitschriften, Plattformen und technologischen Lösungen erreichen wir jeden Tag weltweit Millionen von Menschen. Aufgaben Als Duale*r Student*in bei der Springer-Verlag GmbH am Standort Heidelberg wirst Du als Teil unseres HR Systems Teams an der Schnittstelle …",Duale*r Student*in Data Science & KI in Kooperation mit der DHBW Mannheim,Adzuna::API::Response::Job,,,,
7.211571,"{'__CLASS__': 'Adzuna::API::Response::Category', 'tag': 'unknown', 'label': 'Unknown'}",eyJhbGciOiJIUzI1NiJ9.eyJpIjoiNTc4MTExNDk2NSIsInMiOiJLb1ZpQlNHRThSRzY0YnBtLTZCdzZ3In0.haY0aZMY9iRFWp7-OJyJBekkEqXei-XW2FaW5Mu2My8,"{'__CLASS__': 'Adzuna::API::Response::Company', 'display_name': 'Ruhr-Universität Bochum'}",0,"{'area': ['Deutschland', 'Nordrhein-Westfalen', 'Bochum'], 'display_name': 'Bochum, Nordrhein-Westfalen', '__CLASS__': 'Adzuna::API::Response::Location'}",https://www.adzuna.de/land/ad/5781114965?se=KoViBSGE8RG64bpm-6Bw6w&utm_medium=api&utm_source=a4bcf954&v=93D04A331B1215855A8655E0390591686B2673A7,51.476986,5781114965,2026-06-29T13:25:36Z,Die Ruhr-Universität Bochum (RUB) ist eine der führenden Forschungs­universitäten in Deutschland. Als reform­orientierte Campus­universität vereint sie in einzig­artiger Weise die gesamte Spann­breite der großen Wissenschafts­bereiche an einem Ort. Das dynamische Mit­einander von Fächern und Fächer­kulturen bietet den Forschenden wie den Studierenden gleicher­maßen besondere Chancen zur inter­disziplinären Zusammen­arbeit. Medizinische Fakultät: Medical Research Services Medizinisches Dateninte…,Leitung Datenintegrationszentrum (DIZ) / Medical Data Science (m/w/d),Adzuna::API::Response::Job,,,,
10.10558,"{'label': 'Sonstige/Allgemeine Stellen', 'tag': 'other-general-jobs', '__CLASS__': 'Adzuna::API::Response::Category'}",eyJhbGciOiJIUzI1NiJ9.eyJpIjoiNTc4MjM4MDYyOSIsInMiOiJLb1ZpQlNHRThSRzY0YnBtLTZCdzZ3In0.pk9yhRAZMBmWdtlt_PMoBVYqNGKlRXWrI7vzLwxYEDw,"{'display_name': 'ZEISS', '__CLASS__': 'Adzuna::API::Response::Company'}",0,"{'area': ['Deutschland', 'Baden-Württemberg', 'Ostalbkreis', 'Oberkochen'], 'display_name': 'Oberkochen, Ostalbkreis', '__CLASS__': 'Adzuna::API::Response::Location'}",https://www.adzuna.de/land/ad/5782380629?se=KoViBSGE8RG64bpm-6Bw6w&utm_medium=api&utm_source=a4bcf954&v=F340A0D115EAF64737B8B630F823B3017AD3F9D9,48.78408,5782380629,2026-06-30T22:28:57Z,"Als Student arbeitest Du mit Deinen Kolleginnen und Kollegen auf Augenhöhe und schaffst ideale Voraussetzungen für Deine spätere Karriere. Sich etwas Neues trauen, über sich hinauswachsen und dabei die Grenzen des Machbaren neu deﬁnieren. Genau das ist es, was unsere Mitarbeitenden täglich leben dürfen und sollen. Um mit unseren Innovationen das Tempo vorzugeben und Großartiges zu ermöglichen. Denn hinter jedem erfolgreichen Unternehmen stehen eine ganze Menge faszinierender Menschen. Die Mitar…",Abschlussarbeit Data Science / Mechanikdesign (m/w/x),Adzuna::API::Response::Job,,,,
10.10558,"{'__CLASS__': 'Adzuna::API::Response::Category', 'label': 'Unknown', 'tag': 'unknown'}",eyJhbGciOiJIUzI1NiJ9.eyJzIjoiS29WaUJTR0U4Ukc2NGJwbS02Qnc2dyIsImkiOiI1NzkwOTgyMzU0In0.kc3ZwCpTWaIpHklYy7iM4KnET1Uy1YV2jEVE6b8IpsQ,"{'display_name': 'ZEISS', '__CLASS__': 'Adzuna::API::Response::Company'}",0,"{'__CLASS__': 'Adzuna::API::Response::Location', 'area': ['Deutschland', 'Baden-Württemberg', 'Ostalbkreis', 'Oberkochen'], 'display_name': 'Oberkochen, Ostalbkreis'}",https://www.adzuna.de/land/ad/5790982354?se=KoViBSGE8RG64bpm-6Bw6w&utm_medium=api&utm_source=a4bcf954&v=67FF04F7F2EE835A97EC22B52DAB8E0ADBC19DFF,48.78408,5790982354,2026-07-07T15:13:53Z,"Sich etwas Neues trauen, über sich hinauswachsen und dabei die Grenzen des Machbaren neu definieren. Genau das ist es, was unsere Mitarbeitenden täglich leben dürfen und sollen. Um mit unseren Innovationen ein Zeichen zu setzen und Großartiges zu ermöglichen. Denn hinter jedem erfolgreichen Unternehmen stehen eine ganze Menge faszinierende Menschen. In einem offenen und modernen Umfeld mit zahlreichen Entwicklungs- und Weiterbildungsmöglichkeiten, arbeiten die Mitarbeitenden bei ZEISS in einer …","Duales Studium – Data Science und Künstliche Intelligenz (m/w/x), Beginn Herbst 2027",Adzuna::API::Response::Job,,,,
9.856945,"{'__CLASS__': 'Adzuna::API::Response::Category', 'label': 'Unknown', 'tag': 'unknown'}",eyJhbGciOiJIUzI1NiJ9.eyJzIjoiS29WaUJTR0U4Ukc2NGJwbS02Qnc2dyIsImkiOiI1Nzg2OTQyOTUzIn0.PEc_Z8nVxv70GmKIry0xIoujiEnfN7ebCvEyBkNWIzE,"{'__CLASS__': 'Adzuna::API::Response::Company', 'display_name': 'HENSOLDT'}",0,"{'area': ['Deutschland', 'Baden-Württemberg', 'Ulm'], 'display_name': 'Ulm, Baden-Württemberg', '__CLASS__': 'Adzuna::API::Response::Location'}",https://www.adzuna.de/land/ad/5786942953?se=KoViBSGE8RG64bpm-6Bw6w&utm_medium=api&utm_source=a4bcf954&v=00666AD07F83A2F025A13851A4AD8EC6B56AE2A4,48.383137,5786942953,2026-07-03T16:50:57Z,"HENSOLDT ist ein führendes Unternehmen der europäischen Verteidigungsindustrie mit globaler Reichweite. Das Unternehmen mit Sitz in Taufkirchen bei München entwickelt Sensor-Komplettlösungen für Verteidigungs- und Sicherheitsanwendungen. Als Technologieführer treibt HENSOLDT die Entwicklung der Verteidigungselektronik und Optronik voran und baut sein Portfolio auf der Grundlage innovativer Ansätze für Datenmanagement, Robotik und Cybersicherheit kontinuierlich aus. Unsere Produkte sind einsetzb…","Duales Studium: ""Data Science & künstliche Intelligenz"" (w/m/d), Ulm, Start 2027",Adzuna::API::Response::Job,,,,
7.112412,"{'label': 'Vertriebsstellen', 'tag': 'sales-jobs', '__CLASS__': 'Adzuna::API::Response::Category'}",eyJhbGciOiJIUzI1NiJ9.eyJpIjoiNTgwMDg2NDIzOCIsInMiOiJLb1ZpQlNHRThSRzY0YnBtLTZCdzZ3In0.QVFJ4o-DUso5f0SLNqpG0q4ziL689aBLAUaivYcfKDc,"{'__CLASS__': 'Adzuna::API::Response::Company', 'display_name': 'Bundesinstitut für Bau-, Stadt- und Raumforschung '}",0,"{'display_name': 'Bonn, Nordrhein-Westfalen', 'area': ['Deutschland', 'Nordrhein-Westfalen', 'Bonn'], '__CLASS__': 'Adzuna::API::Response::Location'}",https://www.adzuna.de/land/ad/5800864238?se=KoViBSGE8RG64bpm-6Bw6w&utm_medium=api&utm_source=a4bcf954&v=00BA859B63636C2DA49982A7D4CA5F18E336D007,50.71942,5800864238,2026-07-15T09:28:11Z,"Das Bundesinstitut für Bau-, Stadt- und Raum­forschung (BBSR) sucht für das Referat RS 1 „Raumentwicklung“ in Bonn zum nächst­möglichen Zeitpunkt befristet auf drei Jahre eine / einen wissenschaftliche Mitarbeiterin / wissenschaftlichen Mitarbeiter (w/m/d) mit dem Ziel der Promotion im Bereich Spatial Data Science Knr. 188.1-25 Ver­gütung E 13 TVöD Beschäftigungs­art befristet auf drei Jahre Wochen­stunden 39h Arbeits­ort Bonn Bewerbungs­frist 26.07.2026 Das BBSR im Bundesamt für Bauwesen und R…",Wissenschaftliche Mitarbeiterin / wissenschaftlicher Mitarbeiter (w/m/d) mit dem Ziel der Promotion im Bereich Spatial Data Science,Adzuna::API::Response::Job,,,,
9.315933,"{'tag': 'unknown', 'label': 'Unknown', '__CLASS__': 'Adzuna::API::Response::Category'}",eyJhbGciOiJIUzI1NiJ9.eyJzIjoiS29WaUJTR0U4Ukc2NGJwbS02Qnc2dyIsImkiOiI1Nzc4NDYyNzgyIn0.y27ZssDPqg28oaorBxrKEJ0ZmWz-xWNRLYQ8RO1T5K0,"{'display_name': 'Mercedes-Benz Group AG', '__CLASS__': 'Adzuna::API::Response::Company'}",0,"{'area': ['Deutschland', 'Baden-Württemberg', 'Esslingen (Kreis)', 'Esslingen am Neckar'], 'display_name': 'Esslingen am Neckar, Esslingen (Kreis)', '__CLASS__': 'Adzuna::API::Response::Location'}",https://www.adzuna.de/land/ad/5778462782?se=KoViBSGE8RG64bpm-6Bw6w&utm_medium=api&utm_source=a4bcf954&v=2A0A571378B3B57A0A4EA3EE2727C2EF68B5DAE0,48.745846,5778462782,2026-06-27T04:07:44Z,"Life is always about becoming… Im Leben geht es darum, sich auf eine Reise zu begeben, um die beste Version unseres zukünftigen Selbst zu werden. Während wir Neues entdecken, stellen wir uns Herausforderungen, meistern sie und wachsen über uns hinaus. Bewerben Sie sich bei Mercedes-Benz und finden Sie den Aufgabenbereich, in dem Sie Ihre Talente individuell entfalten können. Dabei werden Sie von visionären Kolleginnen und Kollegen unterstützt, die Ihren Pioniergeist teilen. Bei uns einzusteigen…","Duales Studium Wirtschaftsinformatik/Data Science (B.Sc.), Mercedes-Benz Group AG, Stuttgart, 01.10.2027 (m/w/d)",Adzuna::API::Response::Job,,,,
7.112412,"{'__CLASS__': 'Adzuna::API::Response::Category', 'tag': 'scientific-qa-jobs', 'label': 'Stellen aus Wissenschaft & Qualitätssicherung'}",eyJhbGciOiJIUzI1NiJ9.eyJpIjoiNTc4NzA3MjUxNCIsInMiOiJLb1ZpQlNHRThSRzY0YnBtLTZCdzZ3In0.x3vTPTxarLqvd-ZSBjk4qYKhqKTVEzzlARfyeNPUCks,"{'__CLASS__': 'Adzuna::API::Response::Company', 'display_name': 'Bundesinstitut für Bau-, Stadt- und Raumforschung '}",0,"{'area': ['Deutschland', 'Nordrhein-Westfalen', 'Bonn'], 'display_name': 'Bonn, Nordrhein-Westfalen', '__CLASS__': 'Adzuna::API::Response::Location'}",https://www.adzuna.de/land/ad/5787072514?se=KoViBSGE8RG64bpm-6Bw6w&utm_medium=api&utm_source=a4bcf954&v=E9895359C5849A645D06AC7E1EFDFAE2E8F39D9C,50.71942,5787072514,2026-07-03T22:41:44Z,"Das Bundesinstitut für Bau-, Stadt- und Raumforschung (BBSR) sucht für das Referat RS 1 „Raumentwicklung“ in Bonn zum nächst­möglichen Zeit­punkt befristet auf drei Jahre eine / einen wissenschaftliche Mitarbeiterin / wissenschaftlichen Mitarbeiter (w/m/d) mit dem Ziel der Promotion im Bereich Spatial Data Science Knr. 054.3-25 Ver­gütung E 13 TVöD Beschäftigungs­art befristet auf drei Jahre Wochen­stunden 39h Arbeits­ort Bonn Bewerbungs­frist 26.07.2026 Das BBSR im Bundesamt für Bauwesen und R…",Wissenschaftliche Mitarbeiterin / Wissenschaftlicher Mitarbeiter (w/m/d) mit dem Ziel der Promotion im Bereich Spatial Data Science,Adzuna::API::Response::Job,,,,
9.187224,"{'tag': 'unknown', 'label': 'Unknown', '__CLASS__': 'Adzuna::API::Response::Category'}",eyJhbGciOiJIUzI1NiJ9.eyJpIjoiNTc3MzE4MDY1NyIsInMiOiJLb1ZpQlNHRThSRzY0YnBtLTZCdzZ3In0.1Cu6kN1qyWxqSU7iF1vGDtCyrzA5DIwbl9fsZ0U2PbA,"{'display_name': 'Mercedes-Benz Tech Innovation', '__CLASS__': 'Adzuna::API::Response::Company'}",0,"{'display_name': 'Stuttgart, Baden-Württemberg', 'area': ['Deutschland', 'Baden-Württemberg', 'Stuttgart'], '__CLASS__': 'Adzuna::API::Response::Location'}",https://www.adzuna.de/land/ad/5773180657?se=KoViBSGE8RG64bpm-6Bw6w&utm_medium=api&utm_source=a4bcf954&v=F7E4B02796FC3B42E86AF53B6F66CFD537092B41,48.776198,5773180657,2026-06-23T06:22:03Z,"Life is always about becoming… Im Leben geht es darum, sich auf eine Reise zu begeben, um die beste Version unseres zukünftigen Selbst zu werden. Während wir Neues entdecken, stellen wir uns Herausforderungen, meistern sie und wachsen über uns hinaus. Bewerben Sie sich bei Mercedes-Benz und finden Sie den Aufgabenbereich, in dem Sie Ihre Talente individuell entfalten können. Dabei werden Sie von visionären Kolleginnen und Kollegen unterstützt, die Ihren Pioniergeist teilen. Bei uns einzusteigen…",Duales Studium Data Science / Künstliche Intelligenz in Kooperation mit der Dualen Hochschule Baden-Württemberg 2027 (m/w/d/x),Adzuna::API::Response::Job,,,,
9.856945,"{'__CLASS__': 'Adzuna::API::Response::Category', 'tag': 'unknown', 'label': 'Unknown'}",eyJhbGciOiJIUzI1NiJ9.eyJzIjoiS29WaUJTR0U4Ukc2NGJwbS02Qnc2dyIsImkiOiI1NzYwODk5MzU1In0.99oKeHLqCXRtrYNilhJIAsQulgO1R-T9LsAoYXE4o7s,"{'display_name': 'Mercedes-Benz Tech Innovation', '__CLASS__': 'Adzuna::API::Response::Company'}",0,"{'__CLASS__': 'Adzuna::API::Response::Location', 'display_name': 'Ulm, Baden-Württemberg', 'area': ['Deutschland', 'Baden-Württemberg', 'Ulm']}",https://www.adzuna.de/land/ad/5760899355?se=KoViBSGE8RG64bpm-6Bw6w&utm_medium=api&utm_source=a4bcf954&v=675C9A449833ABAF64390DAA3205BDA808E916AC,48.383137,5760899355,2026-06-12T05:27:32Z,"Life is always about becoming… Im Leben geht es darum, sich auf eine Reise zu begeben, um die beste Version unseres zukünftigen Selbst zu werden. Während wir Neues entdecken, stellen wir uns Herausforderungen, meistern sie und wachsen über uns hinaus. Bewerben Sie sich bei Mercedes-Benz und finden Sie den Aufgabenbereich, in dem Sie Ihre Talente individuell entfalten können. Dabei werden Sie von visionären Kolleginnen und Kollegen unterstützt, die Ihren Pioniergeist teilen. Bei uns einzusteigen…",Duales Studium Data Science / Künstliche Intelligenz in Kooperation mit der Dualen Hochschule Baden-Württemberg 2027 (m/w/d/x),Adzuna::API::Response::Job,,,,
13.420806,"{'label': 'Stellen aus Gastronomie & Catering', 'tag': 'hospitality-catering-jobs', '__CLASS__': 'Adzuna::API::Response::Category'}",eyJhbGciOiJIUzI1NiJ9.eyJzIjoiS29WaUJTR0U4Ukc2NGJwbS02Qnc2dyIsImkiOiI1NzY5MjI0MDE2In0.OdNtVmxd3hPZzx02Db2-iQgqhz0QmqIWV7U6aqTVTuA,"{'display_name': 'Zenjob SE', '__CLASS__': 'Adzuna::API::Response::Company'}",0,"{'__CLASS__': 'Adzuna::API::Response::Location', 'area': ['Deutschland', 'Berlin'], 'display_name': 'Berlin, Deutschland'}",https://www.adzuna.de/land/ad/5769224016?se=KoViBSGE8RG64bpm-6Bw6w&utm_medium=api&utm_source=a4bcf954&v=0CBE58766F7271E596F1D0041EF7C0033C10DF28,52.507706,5769224016,2026-06-19T11:24:10Z,"About us Zenjob is an AI-powered flexible staffing platform that has efficiently connected companies and temporary workers since 2015. Companies use our platform to book ready-to-work staff in real time, while students use our app to find part-time jobs that conveniently fit around their studies. Over 40,000 students and 1,000 partner companies from logistics, retail, and hospitality in all major German cities share our belief that good work is not a coincidence. It is the result of innovative …",Head of Analytics and Data Science,Adzuna::API::Response::Job,full_time,,,
13.20942,"{'__CLASS__': 'Adzuna::API::Response::Category', 'label': 'IT-Stellen', 'tag': 'it-jobs'}",eyJhbGciOiJIUzI1NiJ9.eyJzIjoiS29WaUJTR0U4Ukc2NGJwbS02Qnc2dyIsImkiOiI1NzM3ODAyODkyIn0.6Y6gYpMh8u1AYIyjyk3o5-qFPVgrVGaZpnmg-ICCEbU,"{'__CLASS__': 'Adzuna::API::Response::Company', 'display_name': 'Lieferando'}",0,"{'__CLASS__': 'Adzuna::API::Response::Location', 'display_name': 'Hennigsdorf, Oberhavel (Kreis)', 'area': ['Deutschland', 'Brandenburg', 'Oberhavel (Kreis)', 'Hennigsdorf']}",https://www.adzuna.de/land/ad/5737802892?se=KoViBSGE8RG64bpm-6Bw6w&utm_medium=api&utm_source=a4bcf954&v=989E3C32315518121034C3569565D8605DB07B1F,52.63864,5737802892,2026-05-22T19:45:33Z,"Ready for a challenge? That’s good, because at Just Eat Takeaway.com (JET) we have abundant opportunity, or, as we say, everything is on the table. We are a leading global online food delivery marketplace. Our tech ecosystem connects millions of active customers with hundreds of thousands of connected partners in countries across the globe. Our mission? To empower every food moment around the world, whether it’s through customer service, coding or couriers. About this role As the Senior Team Le…",Data Science Team Leader,Adzuna::API::Response::Job,,,,
13.62781,"{'label': 'IT-Stellen', 'tag': 'it-jobs', '__CLASS__': 'Adzuna::API::Response::Category'}",eyJhbGciOiJIUzI1NiJ9.eyJzIjoiS29WaUJTR0U4Ukc2NGJwbS02Qnc2dyIsImkiOiI1NzM3ODAyODg5In0.oLMNKPcyhI7QHm-6yOrnmp5tzcazqQNOl-nK1CGYnn0,"{'__CLASS__': 'Adzuna::API::Response::Company', 'display_name': 'Lieferando'}",0,"{'__CLASS__': 'Adzuna::API::Response::Location', 'area': ['Deutschland', 'Brandenburg', 'Dahme-Spreewald (Kreis)', 'Königs Wusterhausen', 'Zeesen'], 'display_name': 'Zeesen, Königs Wusterhausen'}",https://www.adzuna.de/land/ad/5737802889?se=KoViBSGE8RG64bpm-6Bw6w&utm_medium=api&utm_source=a4bcf954&v=6E2C6774215F792130598211D7BD18FD9304D07F,52.29892,5737802889,2026-05-22T19:45:33Z,"Ready for a challenge? That’s good, because at Just Eat Takeaway.com (JET) we have abundant opportunity, or, as we say, everything is on the table. We are a leading global online food delivery marketplace. Our tech ecosystem connects millions of active customers with hundreds of thousands of connected partners in countries across the globe. Our mission? To empower every food moment around the world, whether it’s through customer service, coding or couriers. About this role As the Senior Team Le…",Data Science Team Leader,Adzuna::API::Response::Job,,,,
13.07075,"{'__CLASS__': 'Adzuna::API::Response::Category', 'tag': 'it-jobs', 'label': 'IT-Stellen'}",eyJhbGciOiJIUzI1NiJ9.eyJzIjoiS29WaUJTR0U4Ukc2NGJwbS02Qnc2dyIsImkiOiI1NzM3ODAyODgwIn0.XTTT0f2coB5puc_sPJ1QkNXhHkvO8TeMR_bnWBHxkQw,"{'display_name': 'Lieferando', '__CLASS__': 'Adzuna::API::Response::Company'}",0,"{'area': ['Deutschland', 'Brandenburg', 'Potsdam', 'Berliner Vorstadt'], 'display_name': 'Berliner Vorstadt, Potsdam', '__CLASS__': 'Adzuna::API::Response::Location'}",https://www.adzuna.de/land/ad/5737802880?se=KoViBSGE8RG64bpm-6Bw6w&utm_medium=api&utm_source=a4bcf954&v=EE0DB1D8B5DB2EA08D386BCFCCA9CB1ED5F4E5E3,52.403,5737802880,2026-05-22T19:45:33Z,"Ready for a challenge? That’s good, because at Just Eat Takeaway.com (JET) we have abundant opportunity, or, as we say, everything is on the table. We are a leading global online food delivery marketplace. Our tech ecosystem connects millions of active customers with hundreds of thousands of connected partners in countries across the globe. Our mission? To empower every food moment around the world, whether it’s through customer service, coding or couriers. About this role As the Senior Team Le…",Data Science Team Leader,Adzuna::API::Response::Job,,,,
13.5066,"{'label': 'IT-Stellen', 'tag': 'it-jobs', '__CLASS__': 'Adzuna::API::Response::Category'}",eyJhbGciOiJIUzI1NiJ9.eyJzIjoiS29WaUJTR0U4Ukc2NGJwbS02Qnc2dyIsImkiOiI1NzM3ODAyOTA2In0.OnvjUk9k1HvDNu7V6YpY1SPYDSHmAOOkMCAgHRgVlbY,"{'__CLASS__': 'Adzuna::API::Response::Company', 'display_name': 'Lieferando'}",0,"{'display_name': 'Siedl. An der Rudower Höhe, Berlin', 'area': ['Deutschland', 'Berlin', 'Siedl. An der Rudower Höhe'], '__CLASS__': 'Adzuna::API::Response::Location'}",https://www.adzuna.de/land/ad/5737802906?se=KoViBSGE8RG64bpm-6Bw6w&utm_medium=api&utm_source=a4bcf954&v=850844A0BB37AF7A1BBF6CB322C447CBE414737D,52.3876,5737802906,2026-05-22T19:45:34Z,"Ready for a challenge? That’s good, because at Just Eat Takeaway.com (JET) we have abundant opportunity, or, as we say, everything is on the table. We are a leading global online food delivery marketplace. Our tech ecosystem connects millions of active customers with hundreds of thousands of connected partners in countries across the globe. Our mission? To empower every food moment around the world, whether it’s through customer service, coding or couriers. About this role As the Senior Team Le…",Data Science Team Leader,Adzuna::API::Response::Job,,,,
13.26532,"{'label': 'IT-Stellen', 'tag': 'it-jobs', '__CLASS__': 'Adzuna::API::Response::Category'}",eyJhbGciOiJIUzI1NiJ9.eyJzIjoiS29WaUJTR0U4Ukc2NGJwbS02Qnc2dyIsImkiOiI1NzM3ODAyOTAwIn0.xsoolKUU3CuNA7TAGTaWVGjyiHSNBCCN7bfVzJ6ddwk,"{'__CLASS__': 'Adzuna::API::Response::Company', 'display_name': 'Lieferando'}",0,"{'display_name': 'Teltow, Potsdam-Mittelmark (Kreis)', 'area': ['Deutschland', 'Brandenburg', 'Potsdam-Mittelmark (Kreis)', 'Teltow'], '__CLASS__': 'Adzuna::API::Response::Location'}",https://www.adzuna.de/land/ad/5737802900?se=KoViBSGE8RG64bpm-6Bw6w&utm_medium=api&utm_source=a4bcf954&v=8A01682B4A6129D3517BADD9E9626DFA7514FB12,52.40101,5737802900,2026-05-22T19:45:34Z,"Ready for a challenge? That’s good, because at Just Eat Takeaway.com (JET) we have abundant opportunity, or, as we say, everything is on the table. We are a leading global online food delivery marketplace. Our tech ecosystem connects millions of active customers with hundreds of thousands of connected partners in countries across the globe. Our mission? To empower every food moment around the world, whether it’s through customer service, coding or couriers. About this role As the Senior Team Le…",Data Science Team Leader,Adzuna::API::Response::Job,,,,
13.396,"{'label': 'IT-Stellen', 'tag': 'it-jobs', '__CLASS__': 'Adzuna::API::Response::Category'}",eyJhbGciOiJIUzI1NiJ9.eyJzIjoiS29WaUJTR0U4Ukc2NGJwbS02Qnc2dyIsImkiOiI1NzM3ODAyODk2In0.nWImCZY0ENHraARTHJClbinOrvzqNqW7LQjYLrUl1uc,"{'display_name': 'Lieferando', '__CLASS__': 'Adzuna::API::Response::Company'}",0,"{'__CLASS__': 'Adzuna::API::Response::Location', 'display_name': 'Kreuzberg, Berlin', 'area': ['Deutschland', 'Berlin', 'Kreuzberg']}",https://www.adzuna.de/land/ad/5737802896?se=KoViBSGE8RG64bpm-6Bw6w&utm_medium=api&utm_source=a4bcf954&v=2E8EAD72D4DD1ADC2FEE9DC31D55C0F547A628C8,52.4984,5737802896,2026-05-22T19:45:33Z,"Ready for a challenge? That’s good, because at Just Eat Takeaway.com (JET) we have abundant opportunity, or, as we say, everything is on the table. We are a leading global online food delivery marketplace. Our tech ecosystem connects millions of active customers with hundreds of thousands of connected partners in countries across the globe. Our mission? To empower every food moment around the world, whether it’s through customer service, coding or couriers. About this role As the Senior Team Le…",Data Science Team Leader,Adzuna::API::Response::Job,,,,
13.88155,"{'__CLASS__': 'Adzuna::API::Response::Category', 'tag': 'it-jobs', 'label': 'IT-Stellen'}",eyJhbGciOiJIUzI1NiJ9.eyJzIjoiS29WaUJTR0U4Ukc2NGJwbS02Qnc2dyIsImkiOiI1NzM3ODAyODg1In0.oyOeUkiLPtla4PmZanTMl-nXuyklpVY5Kh0lZMHUfG4,"{'display_name': 'Lieferando', '__CLASS__': 'Adzuna::API::Response::Company'}",0,"{'area': ['Deutschland', 'Brandenburg', 'Märkisch-Oderland (Kreis)', 'Strausberg'], 'display_name': 'Strausberg, Märkisch-Oderland (Kreis)', '__CLASS__': 'Adzuna::API::Response::Location'}",https://www.adzuna.de/land/ad/5737802885?se=KoViBSGE8RG64bpm-6Bw6w&utm_medium=api&utm_source=a4bcf954&v=8C21934D266EE03340C4F003323BCB743D3770FE,52.58045,5737802885,2026-05-22T19:45:33Z,"Ready for a challenge? That’s good, because at Just Eat Takeaway.com (JET) we have abundant opportunity, or, as we say, everything is on the table. We are a leading global online food delivery marketplace. Our tech ecosystem connects millions of active customers with hundreds of thousands of connected partners in countries across the globe. Our mission? To empower every food moment around the world, whether it’s through customer service, coding or couriers. About this role As the Senior Team Le…",Data Science Team Leader,Adzuna::API::Response::Job,,,,
13.24101,"{'tag': 'it-jobs', 'label': 'IT-Stellen', '__CLASS__': 'Adzuna::API::Response::Category'}",eyJhbGciOiJIUzI1NiJ9.eyJpIjoiNTczNzgwMjg4NCIsInMiOiJLb1ZpQlNHRThSRzY0YnBtLTZCdzZ3In0.yGywZjp6TKt9AwqKwdK8irSDXTxoMifsUW2t5yVZb70,"{'__CLASS__': 'Adzuna::API::Response::Company', 'display_name': 'Lieferando'}",0,"{'display_name': 'Oranienburg, Oberhavel (Kreis)', 'area': ['Deutschland', 'Brandenburg', 'Oberhavel (Kreis)', 'Oranienburg'], '__CLASS__': 'Adzuna::API::Response::Location'}",https://www.adzuna.de/land/ad/5737802884?se=KoViBSGE8RG64bpm-6Bw6w&utm_medium=api&utm_source=a4bcf954&v=5FF1D445E5731059619B9BE2A538268E4A4D898C,52.75561,5737802884,2026-05-22T19:45:33Z,"Ready for a challenge? That’s good, because at Just Eat Takeaway.com (JET) we have abundant opportunity, or, as we say, everything is on the table. We are a leading global online food delivery marketplace. Our tech ecosystem connects millions of active customers with hundreds of thousands of connected partners in countries across the globe. Our mission? To empower every food moment around the world, whether it’s through customer service, coding or couriers. About this role As the Senior Team Le…",Data Science Team Leader,Adzuna::API::Response::Job,,,,
12.87537,"{'__CLASS__': 'Adzuna::API::Response::Category', 'label': 'IT-Stellen', 'tag': 'it-jobs'}",eyJhbGciOiJIUzI1NiJ9.eyJpIjoiNTczNzgwMjg4NiIsInMiOiJLb1ZpQlNHRThSRzY0YnBtLTZCdzZ3In0.jR25XUtXR3AcxzvbyWQ3XhZy7QaYZ4fP-ko_kxtbHyQ,"{'display_name': 'Lieferando', '__CLASS__': 'Adzuna::API::Response::Company'}",0,"{'__CLASS__': 'Adzuna::API::Response::Location', 'area': ['Deutschland', 'Brandenburg', 'Havelland (Kreis)', 'Nauen'], 'display_name': 'Nauen, Havelland (Kreis)'}",https://www.adzuna.de/land/ad/5737802886?se=KoViBSGE8RG64bpm-6Bw6w&utm_medium=api&utm_source=a4bcf954&v=01F1AD0421809F7A0D3B04BCCFD5B194C01123B0,52.60665,5737802886,2026-05-22T19:45:33Z,"Ready for a challenge? That’s good, because at Just Eat Takeaway.com (JET) we have abundant opportunity, or, as we say, everything is on the table. We are a leading global online food delivery marketplace. Our tech ecosystem connects millions of active customers with hundreds of thousands of connected partners in countries across the globe. Our mission? To empower every food moment around the world, whether it’s through customer service, coding or couriers. About this role As the Senior Team Le…",Data Science Team Leader,Adzuna::API::Response::Job,,,,
13.17251,"{'tag': 'it-jobs', 'label': 'IT-Stellen', '__CLASS__': 'Adzuna::API::Response::Category'}",eyJhbGciOiJIUzI1NiJ9.eyJzIjoiS29WaUJTR0U4Ukc2NGJwbS02Qnc2dyIsImkiOiI1NzM3ODAyODk1In0.WO7PEGEdXjsQ1i0wOU6JEErXXObw83EtDb-KmwZQqPw,"{'display_name': 'Lieferando', '__CLASS__': 'Adzuna::API::Response::Company'}",0,"{'area': ['Deutschland', 'Brandenburg', 'Oberhavel (Kreis)', 'Velten'], 'display_name': 'Velten, Oberhavel (Kreis)', '__CLASS__': 'Adzuna::API::Response::Location'}",https://www.adzuna.de/land/ad/5737802895?se=KoViBSGE8RG64bpm-6Bw6w&utm_medium=api&utm_source=a4bcf954&v=D4A5A560793C237EA3678872B7E6FA76808143F3,52.67995,5737802895,2026-05-22T19:45:33Z,"Ready for a challenge? That’s good, because at Just Eat Takeaway.com (JET) we have abundant opportunity, or, as we say, everything is on the table. We are a leading global online food delivery marketplace. Our tech ecosystem connects millions of active customers with hundreds of thousands of connected partners in countries across the globe. Our mission? To empower every food moment around the world, whether it’s through customer service, coding or couriers. About this role As the Senior Team Le…",Data Science Team Leader,Adzuna::API::Response::Job,,,,
6.743718,"{'__CLASS__': 'Adzuna::API::Response::Category', 'tag': 'unknown', 'label': 'Unknown'}",eyJhbGciOiJIUzI1NiJ9.eyJzIjoiS29WaUJTR0U4Ukc2NGJwbS02Qnc2dyIsImkiOiI1ODAyNDEyODg1In0.s8bKugrhNydixzcPgZJzA5__4LalwYZN2zhoSm4SioU,"{'__CLASS__': 'Adzuna::API::Response::Company', 'display_name': 'Universität Duisburg-Essen'}",0,"{'area': ['Deutschland', 'Nordrhein-Westfalen', 'Duisburg'], 'display_name': 'Duisburg, Nordrhein-Westfalen', '__CLASS__': 'Adzuna::API::Response::Location'}",https://www.adzuna.de/land/ad/5802412885?se=KoViBSGE8RG64bpm-6Bw6w&utm_medium=api&utm_source=a4bcf954&v=342D91CDDD5CC819F328950C3C3D5E2441060795,51.443356,5802412885,2026-07-16T09:31:47Z,"An der Universität Duisburg-Essen ist in der Fakultät für Ingenieurwissenschaften zum nächstmöglichen Zeitpunkt die Stelle zu besetzen: Universitätsprofessur für Data Science im Maschinenbau (Besoldungsgruppe W2 LBesO W - mit Tenure Track nach W3) Gesucht wird eine ausgewiesene Persönlichkeit für Data Science in den Ingenieurwissenschaften. Der Anwendungsfokus liegt auf der Entwicklung datenbasierter Methoden für die Automatisierungstechnik, autonome Systeme sowie die Mechatronik. Die zukünftig…",Universitätsprofessur für Data Science im Maschinenbau,Adzuna::API::Response::Job,,,,
13.5066,"{'__CLASS__': 'Adzuna::API::Response::Category', 'tag': 'it-jobs', 'label': 'IT-Stellen'}",eyJhbGciOiJIUzI1NiJ9.eyJzIjoiS29WaUJTR0U4Ukc2NGJwbS02Qnc2dyIsImkiOiI1Nzk4NTExMzY2In0.DgC6J0w_EAAUGsyvjEAgaMYvdwELdbKCpqbLKB19IHk,"{'__CLASS__': 'Adzuna::API::Response::Company', 'display_name': 'Lieferando'}",0,"{'__CLASS__': 'Adzuna::API::Response::Location', 'area': ['Deutschland', 'Berlin', 'Siedl. An der Rudower Höhe'], 'display_name': 'Siedl. An der Rudower Höhe, Berlin'}",https://www.adzuna.de/land/ad/5798511366?se=KoViBSGE8RG64bpm-6Bw6w&utm_medium=api&utm_source=a4bcf954&v=29560D5A7F152BF4AC2A67107D72DB7F5F9F8C23,52.3876,5798511366,2026-07-13T06:42:20Z,"Ready for a challenge? Then Just Eat Takeaway.com might be the place for you. We’re a leading global online delivery platform, and our vision is to empower everyday convenience. Whether it’s a Friday-night feast, a post-gym poke bowl, or grabbing some groceries, our tech platform connects tens of millions of customers with hundreds of thousands of restaurant, grocery and convenience partners across the globe. About this role Logistics is the engine room of that platform. Every order depends on …","Data Science Manager, Courier Pay",Adzuna::API::Response::Job,,,,
13.26532,"{'__CLASS__': 'Adzuna::API::Response::Category', 'label': 'IT-Stellen', 'tag': 'it-jobs'}",eyJhbGciOiJIUzI1NiJ9.eyJpIjoiNTc5ODUxMTI1OCIsInMiOiJLb1ZpQlNHRThSRzY0YnBtLTZCdzZ3In0.1EfEuvvOMpclZXZnqotyJ2xSrmOAcbwFdFdOTuzzO2k,"{'display_name': 'Lieferando', '__CLASS__': 'Adzuna::API::Response::Company'}",0,"{'__CLASS__': 'Adzuna::API::Response::Location', 'area': ['Deutschland', 'Brandenburg', 'Potsdam-Mittelmark (Kreis)', 'Teltow'], 'display_name': 'Teltow, Potsdam-Mittelmark (Kreis)'}",https://www.adzuna.de/land/ad/5798511258?se=KoViBSGE8RG64bpm-6Bw6w&utm_medium=api&utm_source=a4bcf954&v=57C93E963271423FF65742E3CA0D23C294606607,52.40101,5798511258,2026-07-13T06:42:19Z,"Ready for a challenge? Then Just Eat Takeaway.com might be the place for you. We’re a leading global online delivery platform, and our vision is to empower everyday convenience. Whether it’s a Friday-night feast, a post-gym poke bowl, or grabbing some groceries, our tech platform connects tens of millions of customers with hundreds of thousands of restaurant, grocery and convenience partners across the globe. About this role Logistics is the engine room of that platform. Every order depends on …","Data Science Manager, Courier Pay",Adzuna::API::Response::Job,,,,
13.62781,"{'__CLASS__': 'Adzuna::API::Response::Category', 'tag': 'it-jobs', 'label': 'IT-Stellen'}",eyJhbGciOiJIUzI1NiJ9.eyJpIjoiNTc5ODUxMTI4MiIsInMiOiJLb1ZpQlNHRThSRzY0YnBtLTZCdzZ3In0.ehBBmUtPoHZ95nT-yU1mVByMUIfXoWZslLHnUYbvHys,"{'__CLASS__': 'Adzuna::API::Response::Company', 'display_name': 'Lieferando'}",0,"{'__CLASS__': 'Adzuna::API::Response::Location', 'display_name': 'Zeesen, Königs Wusterhausen', 'area': ['Deutschland', 'Brandenburg', 'Dahme-Spreewald (Kreis)', 'Königs Wusterhausen', 'Zeesen']}",https://www.adzuna.de/land/ad/5798511282?se=KoViBSGE8RG64bpm-6Bw6w&utm_medium=api&utm_source=a4bcf954&v=CC74F0E186292AE34BB9B6FD0CC5E8FB67CC74FF,52.29892,5798511282,2026-07-13T06:42:20Z,"Ready for a challenge? Then Just Eat Takeaway.com might be the place for you. We’re a leading global online delivery platform, and our vision is to empower everyday convenience. Whether it’s a Friday-night feast, a post-gym poke bowl, or grabbing some groceries, our tech platform connects tens of millions of customers with hundreds of thousands of restaurant, grocery and convenience partners across the globe. About this role Logistics is the engine room of that platform. Every order depends on …","Data Science Manager, Courier Pay",Adzuna::API::Response::Job,,,,
13.17251,"{'__CLASS__': 'Adzuna::API::Response::Category', 'tag': 'it-jobs', 'label': 'IT-Stellen'}",eyJhbGciOiJIUzI1NiJ9.eyJzIjoiS29WaUJTR0U4Ukc2NGJwbS02Qnc2dyIsImkiOiI1Nzk4NTExNTIyIn0.lGzb71W09DISoSy7umVG9JgAKKREsTSqFJ4BpLCcOnY,"{'__CLASS__': 'Adzuna::API::Response::Company', 'display_name': 'Lieferando'}",0,"{'__CLASS__': 'Adzuna::API::Response::Location', 'area': ['Deutschland', 'Brandenburg', 'Oberhavel (Kreis)', 'Velten'], 'display_name': 'Velten, Oberhavel (Kreis)'}",https://www.adzuna.de/land/ad/5798511522?se=KoViBSGE8RG64bpm-6Bw6w&utm_medium=api&utm_source=a4bcf954&v=C1F96008E7B96F168086F688A03A4F49EC7B3FF9,52.67995,5798511522,2026-07-13T06:42:21Z,"Ready for a challenge? Then Just Eat Takeaway.com might be the place for you. We’re a leading global online delivery platform, and our vision is to empower everyday convenience. Whether it’s a Friday-night feast, a post-gym poke bowl, or grabbing some groceries, our tech platform connects tens of millions of customers with hundreds of thousands of restaurant, grocery and convenience partners across the globe. About this role Logistics is the engine room of that platform. Every order depends on …","Data Science Manager, Courier Pay",Adzuna::API::Response::Job,,,,
13.07075,"{'__CLASS__': 'Adzuna::API::Response::Category', 'label': 'IT-Stellen', 'tag': 'it-jobs'}",eyJhbGciOiJIUzI1NiJ9.eyJpIjoiNTc5ODUxMTM4NCIsInMiOiJLb1ZpQlNHRThSRzY0YnBtLTZCdzZ3In0.g5pVuV7ujjexrJyg1-Wpr-O-47Z9vLSWEm1lAFCQIa8,"{'display_name': 'Lieferando', '__CLASS__': 'Adzuna::API::Response::Company'}",0,"{'__CLASS__': 'Adzuna::API::Response::Location', 'area': ['Deutschland', 'Brandenburg', 'Potsdam', 'Berliner Vorstadt'], 'display_name': 'Berliner Vorstadt, Potsdam'}",https://www.adzuna.de/land/ad/5798511384?se=KoViBSGE8RG64bpm-6Bw6w&utm_medium=api&utm_source=a4bcf954&v=D11362F56039703DF3A198F6DE909128DB63FE29,52.403,5798511384,2026-07-13T06:42:20Z,"Ready for a challenge? Then Just Eat Takeaway.com might be the place for you. We’re a leading global online delivery platform, and our vision is to empower everyday convenience. Whether it’s a Friday-night feast, a post-gym poke bowl, or grabbing some groceries, our tech platform connects tens of millions of customers with hundreds of thousands of restaurant, grocery and convenience partners across the globe. About this role Logistics is the engine room of that platform. Every order depends on …","Data Science Manager, Courier Pay",Adzuna::API::Response::Job,,,,
13.24101,"{'__CLASS__': 'Adzuna::API::Response::Category', 'tag': 'it-jobs', 'label': 'IT-Stellen'}",eyJhbGciOiJIUzI1NiJ9.eyJpIjoiNTc5ODUxMTU0NSIsInMiOiJLb1ZpQlNHRThSRzY0YnBtLTZCdzZ3In0.lxyAn1YXoZudl58pMxrRDv3DGQdyw7tHaQPdKt1HzuQ,"{'__CLASS__': 'Adzuna::API::Response::Company', 'display_name': 'Lieferando'}",0,"{'__CLASS__': 'Adzuna::API::Response::Location', 'display_name': 'Oranienburg, Oberhavel (Kreis)', 'area': ['Deutschland', 'Brandenburg', 'Oberhavel (Kreis)', 'Oranienburg']}",https://www.adzuna.de/land/ad/5798511545?se=KoViBSGE8RG64bpm-6Bw6w&utm_medium=api&utm_source=a4bcf954&v=92CF24610E3D9D23FEBC922D0ECE93FC6DB5C531,52.75561,5798511545,2026-07-13T06:42:22Z,"Ready for a challenge? Then Just Eat Takeaway.com might be the place for you. We’re a leading global online delivery platform, and our vision is to empower everyday convenience. Whether it’s a Friday-night feast, a post-gym poke bowl, or grabbing some groceries, our tech platform connects tens of millions of customers with hundreds of thousands of restaurant, grocery and convenience partners across the globe. About this role Logistics is the engine room of that platform. Every order depends on …","Data Science Manager, Courier Pay",Adzuna::API::Response::Job,,,,
13.20942,"{'label': 'IT-Stellen', 'tag': 'it-jobs', '__CLASS__': 'Adzuna::API::Response::Category'}",eyJhbGciOiJIUzI1NiJ9.eyJpIjoiNTc5ODUxMTQzNSIsInMiOiJLb1ZpQlNHRThSRzY0YnBtLTZCdzZ3In0.7uyw0suhqGuCtz0pRYVf029d95kmvqJPrEcOSmYNFZc,"{'__CLASS__': 'Adzuna::API::Response::Company', 'display_name': 'Lieferando'}",0,"{'__CLASS__': 'Adzuna::API::Response::Location', 'display_name': 'Hennigsdorf, Oberhavel (Kreis)', 'area': ['Deutschland', 'Brandenburg', 'Oberhavel (Kreis)', 'Hennigsdorf']}",https://www.adzuna.de/land/ad/5798511435?se=KoViBSGE8RG64bpm-6Bw6w&utm_medium=api&utm_source=a4bcf954&v=B55AE5A7F19A9D4E3E27A47326E79A508D0CBB9C,52.63864,5798511435,2026-07-13T06:42:21Z,"Ready for a challenge? Then Just Eat Takeaway.com might be the place for you. We’re a leading global online delivery platform, and our vision is to empower everyday convenience. Whether it’s a Friday-night feast, a post-gym poke bowl, or grabbing some groceries, our tech platform connects tens of millions of customers with hundreds of thousands of restaurant, grocery and convenience partners across the globe. About this role Logistics is the engine room of that platform. Every order depends on …","Data Science Manager, Courier Pay",Adzuna::API::Response::Job,,,,
13.396,"{'tag': 'it-jobs', 'label': 'IT-Stellen', '__CLASS__': 'Adzuna::API::Response::Category'}",eyJhbGciOiJIUzI1NiJ9.eyJpIjoiNTc5ODUxMTM5NSIsInMiOiJLb1ZpQlNHRThSRzY0YnBtLTZCdzZ3In0.oDRSxPY81jUrdnGIAm2GTOyuMZHtP78fRLoKQAsRlRI,"{'display_name': 'Lieferando', '__CLASS__': 'Adzuna::API::Response::Company'}",0,"{'display_name': 'Kreuzberg, Berlin', 'area': ['Deutschland', 'Berlin', 'Kreuzberg'], '__CLASS__': 'Adzuna::API::Response::Location'}",https://www.adzuna.de/land/ad/5798511395?se=KoViBSGE8RG64bpm-6Bw6w&utm_medium=api&utm_source=a4bcf954&v=706100BC187A0DAD18E2667AF6CD26AA8FA5AA13,52.4984,5798511395,2026-07-13T06:42:20Z,"Ready for a challenge? Then Just Eat Takeaway.com might be the place for you. We’re a leading global online delivery platform, and our vision is to empower everyday convenience. Whether it’s a Friday-night feast, a post-gym poke bowl, or grabbing some groceries, our tech platform connects tens of millions of customers with hundreds of thousands of restaurant, grocery and convenience partners across the globe. About this role Logistics is the engine room of that platform. Every order depends on …","Data Science Manager, Courier Pay",Adzuna::API::Response::Job,,,,
12.87537,"{'__CLASS__': 'Adzuna::API::Response::Category', 'tag': 'it-jobs', 'label': 'IT-Stellen'}",eyJhbGciOiJIUzI1NiJ9.eyJzIjoiS29WaUJTR0U4Ukc2NGJwbS02Qnc2dyIsImkiOiI1Nzk4NTExNDA1In0.0Y4FqZwlkT-IrSrjY9KJPvlpsc9JxsvLdwVbsGdd7UY,"{'__CLASS__': 'Adzuna::API::Response::Company', 'display_name': 'Lieferando'}",0,"{'__CLASS__': 'Adzuna::API::Response::Location', 'area': ['Deutschland', 'Brandenburg', 'Havelland (Kreis)', 'Nauen'], 'display_name': 'Nauen, Havelland (Kreis)'}",https://www.adzuna.de/land/ad/5798511405?se=KoViBSGE8RG64bpm-6Bw6w&utm_medium=api&utm_source=a4bcf954&v=5515F6E7D60A6C3CA00587C82F6E6AA66F6D4292,52.60665,5798511405,2026-07-13T06:42:20Z,"Ready for a challenge? Then Just Eat Takeaway.com might be the place for you. We’re a leading global online delivery platform, and our vision is to empower everyday convenience. Whether it’s a Friday-night feast, a post-gym poke bowl, or grabbing some groceries, our tech platform connects tens of millions of customers with hundreds of thousands of restaurant, grocery and convenience partners across the globe. About this role Logistics is the engine room of that platform. Every order depends on …","Data Science Manager, Courier Pay",Adzuna::API::Response::Job,,,,
7.464954,"{'tag': 'scientific-qa-jobs', 'label': 'Stellen aus Wissenschaft & Qualitätssicherung', '__CLASS__': 'Adzuna::API::Response::Category'}",eyJhbGciOiJIUzI1NiJ9.eyJzIjoiS29WaUJTR0U4Ukc2NGJwbS02Qnc2dyIsImkiOiI1Nzk5NTE3NzIzIn0.HzPp-QEylyULh6nmAFK5eLbq9mdr43LBatQg41n6SXk,"{'__CLASS__': 'Adzuna::API::Response::Company', 'display_name': 'Dr. Ausbüttel GmbH & Co. KG'}",0,"{'area': ['Deutschland', 'Nordrhein-Westfalen', 'Dortmund'], 'display_name': 'Dortmund, Nordrhein-Westfalen', '__CLASS__': 'Adzuna::API::Response::Location'}",https://www.adzuna.de/land/ad/5799517723?se=KoViBSGE8RG64bpm-6Bw6w&utm_medium=api&utm_source=a4bcf954&v=16178527AE7223DCA4AF2BF1E7D49BF8DEC6371B,51.504967,5799517723,2026-07-14T07:00:01Z,"Head of AI & Data Science: Tragen Sie dazu bei, Wunden zu heilen, Innovationen zu fördern und Wachstum zu gestalten! Schwer heilende Wunden sind eine enorme Belastung für Patienten, Angehörige und Behandelnde. Machen Sie durch Ihr gestalterisches Mitwirken einen signifikanten Unterschied. Wir entwickeln Produkte und Services, um Wunden bezahlbar zu heilen. Als wachsendes, zukunftsorientiertes inhabergeführtes Familienunternehmen investieren und arbeiten wir mit langfristiger Perspektive statt m…",Head of AI & Data Science (m/w/d),Adzuna::API::Response::Job,,,,
9.187224,"{'__CLASS__': 'Adzuna::API::Response::Category', 'tag': 'scientific-qa-jobs', 'label': 'Stellen aus Wissenschaft & Qualitätssicherung'}",eyJhbGciOiJIUzI1NiJ9.eyJzIjoiS29WaUJTR0U4Ukc2NGJwbS02Qnc2dyIsImkiOiI1ODA1ODI1OTQzIn0.si2hjOPC2JgvWPSdZFYl2qrH9Lh69RcKiVSVm3CSoqY,"{'__CLASS__': 'Adzuna::API::Response::Company', 'display_name': 'Mercedes-Benz AG'}",0,"{'__CLASS__': 'Adzuna::API::Response::Location', 'area': ['Deutschland', 'Baden-Württemberg', 'Stuttgart'], 'display_name': 'Stuttgart, Baden-Württemberg'}",https://www.adzuna.de/land/ad/5805825943?se=KoViBSGE8RG64bpm-6Bw6w&utm_medium=api&utm_source=a4bcf954&v=B65D2E5C0679482CA7D31C3ECB7E33D72590F045,48.776198,5805825943,2026-07-18T07:05:40Z,"Life is always about becoming… Im Leben geht es darum, sich auf eine Reise zu begeben, um die beste Version unseres zukünftigen Selbst zu werden. Während wir Neues entdecken, stellen wir uns Herausforderungen, meistern sie und wachsen über uns hinaus. Bewerben Sie sich bei Mercedes-Benz und finden Sie den Aufgabenbereich, in dem Sie Ihre Talente individuell entfalten können. Dabei werden Sie von visionären Kolleginnen und Kollegen unterstützt, die Ihren Pioniergeist teilen. Bei uns einzusteigen…",Praktikant*in Data Science im Bereich BigData Antriebe (Pflicht-Praktikum),Adzuna::API::Response::Job,,,,
10.20977,"{'__CLASS__': 'Adzuna::API::Response::Category', 'tag': 'unknown', 'label': 'Unknown'}",eyJhbGciOiJIUzI1NiJ9.eyJpIjoiNTgwMDE0ODk2NSIsInMiOiJLb1ZpQlNHRThSRzY0YnBtLTZCdzZ3In0.QFyshgL1nRMk4uf8qP5mUrfNhh8_H0xm5go1Bv2ww94,"{'__CLASS__': 'Adzuna::API::Response::Company', 'display_name': 'Takko Fashion GmbH'}",0,"{'__CLASS__': 'Adzuna::API::Response::Location', 'area': ['Deutschland', 'Niedersachsen', 'Peine (Kreis)', 'Peine', 'Telgte'], 'display_name': 'Telgte, Peine'}",https://www.adzuna.de/land/ad/5800148965?se=KoViBSGE8RG64bpm-6Bw6w&utm_medium=api&utm_source=a4bcf954&v=50A72D7DC5943FAE6260E82CE1374E414832E6A5,52.32623,5800148965,2026-07-14T19:08:55Z,Specialist Data Science (m/w/d) für unsere Zentrale in Telgte (bei Münster) Aus Westfalen in die Welt - mit rund 18.000 Kolleginnen und Kollegen und fast 2.000 Stores in 17 Ländern sind wir einer der größten Fashion Discounter in Europa. Unsere internationalen Geschäfte steuern wir aus unserer Zentrale im westfälischen Telgte bei Münster. Takko Fashion steht für aktuelle Trends sowie gute Qualität aus sozial verantwortungsbewusster Produktion – und das zu einem erschwinglichen Preis. Durch unse…,Specialist Data Science (m/w/d),Adzuna::API::Response::Job,,,,
8.36958,"{'__CLASS__': 'Adzuna::API::Response::Category', 'label': 'Unknown', 'tag': 'unknown'}",eyJhbGciOiJIUzI1NiJ9.eyJzIjoiS29WaUJTR0U4Ukc2NGJwbS02Qnc2dyIsImkiOiI1NzY4MjEwNTc3In0.kVKJH4l0r9eb6zJOgJMGwacEoFLyYfFWuCRbqTJJMWI,"{'__CLASS__': 'Adzuna::API::Response::Company', 'display_name': 'Mercedes-Benz AG'}",0,"{'__CLASS__': 'Adzuna::API::Response::Location', 'area': ['Deutschland', 'Rheinland-Pfalz', 'Germersheim (Kreis)', 'Germersheim'], 'display_name': 'Germersheim, Germersheim (Kreis)'}",https://www.adzuna.de/land/ad/5768210577?se=KoViBSGE8RG64bpm-6Bw6w&utm_medium=api&utm_source=a4bcf954&v=568E96031D6A25DA0515A631763C8CA44A65417D,49.21886,5768210577,2026-06-18T17:52:46Z,"Life is always about becoming… Im Leben geht es darum, sich auf eine Reise zu begeben, um die beste Version unseres zukünftigen Selbst zu werden. Während wir Neues entdecken, stellen wir uns Herausforderungen, meistern sie und wachsen über uns hinaus. Bewerben Sie sich bei Mercedes-Benz und finden Sie den Aufgabenbereich, in dem Sie Ihre Talente individuell entfalten können. Dabei werden Sie von visionären Kolleginnen und Kollegen unterstützt, die Ihren Pioniergeist teilen. Bei uns einzusteigen…","Duales Studium Data Science und Künstliche Intelligenz, Bachelor of Science, Mercedes-Benz AG, Global Logistics Center Germersheim, Studienbeginn 1. Oktober 2027 (m/w/d)",Adzuna::API::Response::Job,,,,
9.987297,"{'tag': 'unknown', 'label': 'Unknown', '__CLASS__': 'Adzuna::API::Response::Category'}",eyJhbGciOiJIUzI1NiJ9.eyJpIjoiNTgwMTQzNTA3NCIsInMiOiJLb1ZpQlNHRThSRzY0YnBtLTZCdzZ3In0.Bt8AarG_5oPZIniWE4PnNGGX6xuM63A9YiUUmMuDbg8,"{'__CLASS__': 'Adzuna::API::Response::Company', 'display_name': 'ENCAVIS Management GmbH & Co. KG'}",0,"{'__CLASS__': 'Adzuna::API::Response::Location', 'display_name': 'Hamburg, Deutschland', 'area': ['Deutschland', 'Hamburg']}",https://www.adzuna.de/land/ad/5801435074?se=KoViBSGE8RG64bpm-6Bw6w&utm_medium=api&utm_source=a4bcf954&v=D85A73E25E6F38D7C6E5C564DBD077CD46031200,53.557429,5801435074,2026-07-15T19:07:07Z,"Auf was wir bei ENCAVIS setzen? Die Sonne. Den Wind. Und auf dich. Willkommen in der Welt von Encavis! Bei uns dreht sich alles um die Kraft der Sonne, des Windes und der konzernweit über 400 Menschen, die gemeinsam das Energiesystem der Zukunft gestalten, um eine nachhaltige Energieversorgung für zukünftige Generationen sicherzustellen. Die ENCAVIS Management GmbH & Co. KG ist die Holding der ENCAVIS GmbH, einem der führenden Stromerzeuger aus Erneuerbaren Energien in Europa. Wir betreiben ein…",Berufsbegleitendes Studium - Data Science & Artificial Intelligence (M.Sc.) / Master@Encavis,Adzuna::API::Response::Job,,,,
9.187224,"{'__CLASS__': 'Adzuna::API::Response::Category', 'label': 'Stellen aus PR, Werbung & Marketing', 'tag': 'pr-advertising-marketing-jobs'}",eyJhbGciOiJIUzI1NiJ9.eyJpIjoiNTgwNTA4NzE3NCIsInMiOiJLb1ZpQlNHRThSRzY0YnBtLTZCdzZ3In0.mOEPXq-_SWfzcNEfmrCmKUclDHeKT3IUY-dpNi8cpuo,"{'__CLASS__': 'Adzuna::API::Response::Company', 'display_name': 'Mercedes-Benz AG'}",0,"{'display_name': 'Stuttgart, Baden-Württemberg', 'area': ['Deutschland', 'Baden-Württemberg', 'Stuttgart'], '__CLASS__': 'Adzuna::API::Response::Location'}",https://www.adzuna.de/land/ad/5805087174?se=KoViBSGE8RG64bpm-6Bw6w&utm_medium=api&utm_source=a4bcf954&v=0C549F395347BAD58DBCAC870E2A1F45897A4096,48.776198,5805087174,2026-07-17T19:13:48Z,"Life is always about becoming… Im Leben geht es darum, sich auf eine Reise zu begeben, um die beste Version unseres zukünftigen Selbst zu werden. Während wir Neues entdecken, stellen wir uns Herausforderungen, meistern sie und wachsen über uns hinaus. Bewerben Sie sich bei Mercedes-Benz und finden Sie den Aufgabenbereich, in dem Sie Ihre Talente individuell entfalten können. Dabei werden Sie von visionären Kolleginnen und Kollegen unterstützt, die Ihren Pioniergeist teilen. Bei uns einzusteigen…",Praktikant*in Data Science und KI im digitalen Marketing (Pflicht-Praktikum),Adzuna::API::Response::Job,,,,
9.987297,"{'label': 'Unknown', 'tag': 'unknown', '__CLASS__': 'Adzuna::API::Response::Category'}",eyJhbGciOiJIUzI1NiJ9.eyJpIjoiNTc4NTY4Mzg4NyIsInMiOiJLb1ZpQlNHRThSRzY0YnBtLTZCdzZ3In0._IsTXJE9dFLOlbonvfr1AF5_Pbjy2mrMr9DhXXcpb5c,"{'__CLASS__': 'Adzuna::API::Response::Company', 'display_name': 'NRail GmbH'}",0,"{'display_name': 'Hamburg, Deutschland', 'area': ['Deutschland', 'Hamburg'], '__CLASS__': 'Adzuna::API::Response::Location'}",https://www.adzuna.de/land/ad/5785683887?se=KoViBSGE8RG64bpm-6Bw6w&utm_medium=api&utm_source=a4bcf954&v=458101168577EC3D10660F1B9F116DDFCB66FAFC,53.557429,5785683887,2026-07-02T18:43:55Z,"Gestalte die Zukunft der Eisenbahnbranche mit künstlicher Intelligenz! Du brennst für Künstliche Intelligenz und möchtest eine ganze Branche damit transformieren? Starte dein duales Master-Studium Data Science & Artificial Intelligence (M.Sc.) in Teilzeit bei der NRail GmbH und der FH Wedel. Werde Teil unseres neu gegründeten KI-Kompetenzzentrums und gestalte mit uns die Zukunft der Eisenbahn durch wegweisende KI-Lösungen. Bei uns arbeitest du in flachen Hierarchien, genießt ein hervorragendes …",Duales Master-Studium Artificial Intelligence & Data Science (M.Sc.),Adzuna::API::Response::Job,,,,
,"{'label': 'Unknown', 'tag': 'unknown', '__CLASS__': 'Adzuna::API::Response::Category'}",eyJhbGciOiJIUzI1NiJ9.eyJpIjoiNTgwMDE1NDE3OCIsInMiOiJLb1ZpQlNHRThSRzY0YnBtLTZCdzZ3In0.JEJQaHw89xx17RVYrfOEB43LQz0UM679J6QNaEA2yjY,"{'display_name': 'HKCM Engineering e. K.', '__CLASS__': 'Adzuna::API::Response::Company'}",0,"{'area': ['Deutschland'], 'display_name': 'Deutschland', '__CLASS__': 'Adzuna::API::Response::Location'}",https://www.adzuna.de/land/ad/5800154178?se=KoViBSGE8RG64bpm-6Bw6w&utm_medium=api&utm_source=a4bcf954&v=0BCEBFF179BFBF9E6393EA0281819DEEC18C5BB2,,5800154178,2026-07-14T19:09:40Z,"Wir sind ein Analysehaus aus Stuttgart mit der Mission, Anleger am Kapitalmarkt mit präzisen Analysen zu Erfolg zu helfen. Mit unseren täglichen Analysen, Einschätzungen und Prognosen zu über 203 Werten, bieten wir für jeden Anleger maximalen Mehrwert. Dabei steht der finanzielle Erfolg unserer Abonnenten immer im Vordergrund, weshalb wir auch finanzjournalistische Arbeit leisten, um ein vollumfängliches Paket anzubieten. Aufgaben Du führst und entwickelst ein interdisziplinäres KI-Team aus Dat…",Teamleiter Künstliche Intelligenz - Data Science / MLOps (m/w/d),Adzuna::API::Response::Job,,,,
11.555737,"{'label': 'Beraterstellen', 'tag': 'consultancy-jobs', '__CLASS__': 'Adzuna::API::Response::Category'}",eyJhbGciOiJIUzI1NiJ9.eyJpIjoiNTc5ODg5NzAyNSIsInMiOiJLb1ZpQlNHRThSRzY0YnBtLTZCdzZ3In0.MCJAKefAztiauijYbTEmAwiTqw-wpjee6MdKAAjCT0s,"{'display_name': 'International School of Management ', '__CLASS__': 'Adzuna::API::Response::Company'}",0,"{'area': ['Deutschland', 'Bayern', 'München (Kreis)', 'München'], 'display_name': 'München, München (Kreis)', '__CLASS__': 'Adzuna::API::Response::Location'}",https://www.adzuna.de/land/ad/5798897025?se=KoViBSGE8RG64bpm-6Bw6w&utm_medium=api&utm_source=a4bcf954&v=FDC1D443E0DDF18984104CC9F0C2C1445482CA42,48.137418,5798897025,2026-07-13T17:34:15Z,"Die International School of Management (ISM) ist eine staatlich anerkannte Hochschule und zählt zu den führenden privaten Hochschulen in Deutschland. An Standorten in Dortmund, Frankfurt/Main, München, Hamburg, Köln, Stuttgart und Berlin wird in kompakten und anwendungsbezogenen Studiengängen der Führungsnachwuchs für international orientierte Wirtschaftsunternehmen ausgebildet. Zum Studienangebot gehören Vollzeit-Programme, berufsbegleitende und duale Studiengänge sowie seit Herbst 2021 das Fe…","Professur für Data, AI & Transformation Management",Adzuna::API::Response::Job,,,,
11.555737,"{'__CLASS__': 'Adzuna::API::Response::Category', 'tag': 'it-jobs', 'label': 'IT-Stellen'}",eyJhbGciOiJIUzI1NiJ9.eyJpIjoiNTgwNzI5ODgyMSIsInMiOiJLb1ZpQlNHRThSRzY0YnBtLTZCdzZ3In0.YH7XitFDrP-5TB7qjw2-POAPmiqDlEiaZMi4M82f9fA,"{'display_name': 'KNDS', '__CLASS__': 'Adzuna::API::Response::Company'}",0,"{'area': ['Deutschland', 'Bayern', 'München (Kreis)', 'München'], 'display_name': 'München, München (Kreis)', '__CLASS__': 'Adzuna::API::Response::Location'}",https://www.adzuna.de/land/ad/5807298821?se=KoViBSGE8RG64bpm-6Bw6w&utm_medium=api&utm_source=a4bcf954&v=4EEA0B5E09414E48E6E252B42726AE17FAC33197,48.137418,5807298821,2026-07-19T19:20:58Z,"KNDS Deutschland entwickelt, fertigt und betreut als Systemhaus ein breit gestreutes Produktportfolio. Dazu zählen Kampfpanzer, hochgeschützte Radfahrzeuge, Artilleriesysteme, Militärbrücken, Kundenservice sowie Ausbildungslösungen. Als Teil der KNDS-Gruppe stehen wir für den Beginn der Konsolidierung der Industrie für militärische Landsysteme in Europa. Dabei bieten wir hochinteressante, komplexe und herausfordernde Tätigkeiten in einem kollegialen Umfeld. Das schätzen unsere Mitarbeiter, egal…",KI-Entwickler Geschäftsprozess Innovation (m/w/d),Adzuna::API::Response::Job,,,,
6.969972,"{'tag': 'unknown', 'label': 'Unknown', '__CLASS__': 'Adzuna::API::Response::Category'}",eyJhbGciOiJIUzI1NiJ9.eyJpIjoiNTc5ODU1NTY2NiIsInMiOiJLb1ZpQlNHRThSRzY0YnBtLTZCdzZ3In0.ijhZe4YXaJUrEwOJGVBRf2_WutB9yHz6tRBdFbp2BoI,"{'__CLASS__': 'Adzuna::API::Response::Company', 'display_name': 'RSM Ebner Stolz'}",0,"{'__CLASS__': 'Adzuna::API::Response::Location', 'display_name': 'Köln, Nordrhein-Westfalen', 'area': ['Deutschland', 'Nordrhein-Westfalen', 'Köln']}",https://www.adzuna.de/land/ad/5798555666?se=KoViBSGE8RG64bpm-6Bw6w&utm_medium=api&utm_source=a4bcf954&v=F213C1AFAE20E26EED1FD1B725354912AA8E73BE,50.940164,5798555666,2026-07-13T06:59:05Z,"Willst du wissen, was Unternehmen erfolgreich macht? Direkt mit Entscheidern am Tisch sitzen? Unmittelbar erleben, was dein Können bewirkt? Gemeinsam mit dir bringt RSM Ebner Stolz den Mittelstand voran – in Wirtschaftsprüfung, Steuer-, Rechts- und Unternehmensberatung. Mit über 2.900 Mitarbeitenden sind wir deutschlandweit präsent, weltweit an mehr als 500 Standorten unseres internationalen RSM-Netzwerks vertreten. Unser Erfolg lebt von starken Menschen mit Ecken und Kanten. Deshalb stehen wir…",Duales Studium Wirtschaftsinformatik Data Science & KI - Start Oktober 2026 (m/w/d),Adzuna::API::Response::Job,,,,
9.18071,"{'label': 'Sonstige/Allgemeine Stellen', 'tag': 'other-general-jobs', '__CLASS__': 'Adzuna::API::Response::Category'}",eyJhbGciOiJIUzI1NiJ9.eyJzIjoiS29WaUJTR0U4Ukc2NGJwbS02Qnc2dyIsImkiOiI1ODAyODg2NjE5In0.NdAV4dQfk3fa2lMXTKJjJ4m3rrC5wWSvkkqT_PDJUIw,"{'display_name': 'riparo gmbh', '__CLASS__': 'Adzuna::API::Response::Company'}",0,"{'display_name': 'Mitte, Stuttgart', 'area': ['Deutschland', 'Baden-Württemberg', 'Stuttgart', 'Mitte'], '__CLASS__': 'Adzuna::API::Response::Location'}",https://www.adzuna.de/land/ad/5802886619?se=KoViBSGE8RG64bpm-6Bw6w&utm_medium=api&utm_source=a4bcf954&v=A01BEB25AFF7DAEBF1A671BE8D97B70191083387,48.77713,5802886619,2026-07-16T15:32:44Z,"Duales Studium Wirtschaftsinformatik – Data Science (m/w/d) Deine Aufgaben Dreijähriges duales Studium ab dem 01.10.2026 mit Wechsel zwischen der dreimonatigen Theoriephase an der DHBW Stuttgart und der Praxisphase bei der riparo gmbh in Holzgerlingen Du unterstützt beim Aufbau und bei der Weiterentwicklung unserer Datenbasis für Auswertungen, Reporting und datenbasierte Entscheidungen Du lernst, wie Daten aus unterschiedlichen Systemen und Schnittstellen zusammengeführt, strukturiert und nutzb…",Duales Studium Wirtschaftsinformatik - Data Science (m/w/d),Adzuna::API::Response::Job,full_time,,,
7.3341,"{'tag': 'unknown', 'label': 'Unknown', '__CLASS__': 'Adzuna::API::Response::Category'}",eyJhbGciOiJIUzI1NiJ9.eyJzIjoiS29WaUJTR0U4Ukc2NGJwbS02Qnc2dyIsImkiOiI1Nzk3MTM3ODIzIn0.kliNStTscXyJI_eFYjd8YTWjIFGXsZ8L-rch63JWK5Y,"{'__CLASS__': 'Adzuna::API::Response::Company', 'display_name': 'Dr. Theiss Naturwaren GmbH'}",0,"{'area': ['Deutschland', 'Saarland', 'Saarpfalz-Kreis', 'Homburg'], 'display_name': 'Homburg, Saarpfalz-Kreis', '__CLASS__': 'Adzuna::API::Response::Location'}",https://www.adzuna.de/land/ad/5797137823?se=KoViBSGE8RG64bpm-6Bw6w&utm_medium=api&utm_source=a4bcf954&v=EB986F0F7CAFFBF69122F78DCAA0D9005A3274EE,49.31944,5797137823,2026-07-11T21:21:45Z,"Wir sind ein dynamisches und leistungsstarkes Unternehmen der kosmetischen und pharmazeutischen Industrie. Neben der nach GMP-Richtlinien zertifizierten eigenen Produktion für unsere Gesichts-, Körper-, Haarpflegeprodukte und dekorativen Kosmetik legen wir großen Wert auf unser Qualitätsmerkmal ""Made in Germany"". Jährlich werden unsere innovativen Apothekenprodukte mit Preisen wie ""Beste Neueinführung"" oder ""Top Marke"" ausgezeichnet. Zur Verstärkung unseres IT-Teams suchen wir zum nächstmöglich…",Solution Consultant KI-Plattformen (m/w/d),Adzuna::API::Response::Job,,,,
13.420806,"{'__CLASS__': 'Adzuna::API::Response::Category', 'tag': 'unknown', 'label': 'Unknown'}",eyJhbGciOiJIUzI1NiJ9.eyJpIjoiNTgwNTgyNDk0MCIsInMiOiJ6RXg2QmlHRThSR2FVZTBweTltNnVnIn0.X6NPKn98apWtxMFYtqFXZZAbgCU6merUiqdf8dYR-vM,"{'display_name': 'DataSmart Point GmbH', '__CLASS__': 'Adzuna::API::Response::Company'}",0,"{'__CLASS__': 'Adzuna::API::Response::Location', 'display_name': 'Berlin, Deutschland', 'area': ['Deutschland', 'Berlin']}",https://www.adzuna.de/land/ad/5805824940?se=zEx6BiGE8RGaUe0py9m6ug&utm_medium=api&utm_source=a4bcf954&v=4DFBE896E47F5FB7894C98450762E7858B4D263B,52.507706,5805824940,2026-07-18T07:05:00Z,"Werde Teil der digitalen Zukunft mit der DataSmart Point Academy Die DataSmart Point Academy (DSP Academy) ist ein AZAV-zertifizierter Bildungsträger, spezialisiert auf praxisnahe IT- und Data-Weiterbildungen mit klarer Zukunftsperspektive. Unsere Programme richten sich an motivierte Quereinsteiger:innen, die den Einstieg in datengetriebene Berufe suchen sowie an Fachkräfte mit IT-Erfahrung, die ihr Wissen vertiefen möchten, Unser erfahrenes Dozent:innen-Team aus Professor:innen, Fachexpert:inn…","Data Analytics, Data Science & AI Weiterbildung mit IHK-Abschluss | 100 % Remote",Adzuna::API::Response::Job,,,,
9.2274,"{'tag': 'part-time-jobs', '__CLASS__': 'Adzuna::API::Response::Category', 'label': 'Teilzeitstellen'}",eyJhbGciOiJIUzI1NiJ9.eyJzIjoiekV4NkJpR0U4UkdhVWUwcHk5bTZ1ZyIsImkiOiI1NzUwMzk3MTY1In0.---dBVua3KCNd0ZPSJH7c5DIMxZkmFfVVsaq1Fsjdm8,"{'__CLASS__': 'Adzuna::API::Response::Company', 'display_name': 'Lidl'}",0,"{'area': ['Deutschland', 'Baden-Württemberg', 'Heilbronn (Kreis)', 'Neckarsulm'], 'display_name': 'Neckarsulm, Heilbronn (Kreis)', '__CLASS__': 'Adzuna::API::Response::Location'}",https://www.adzuna.de/land/ad/5750397165?se=zEx6BiGE8RGaUe0py9m6ug&utm_medium=api&utm_source=a4bcf954&v=C914835A5535ED1A2EDA46F1E53ECAC2CB81E252,49.18975,5750397165,2026-06-03T11:42:39Z,"Einleitung Eine gute Idee war der Ursprung, ein erfolgreiches Konzept ist das Ergebnis. Qualität zum guten Preis möglichst vielen Menschen anbieten zu können treibt uns an - mittlerweile weltweit, denn wir sind Lidl. Hier ist das berufliche Zuhause vielfältiger Talente. Ob im Einkauf, in der Logistik, im Warengeschäft oder in der IT; ob als Impulsgeber, Gestalter oder Dienstleister der Länder. Wir suchen Anpacker, Durchstarter, Möglichmacher und bieten spannende Aufgaben und Projekte in einem d…",Duales Studium Wirtschaftsinformatik - Data Science 2027,Adzuna::API::Response::Job,,,,
11.65112,"{'tag': 'unknown', '__CLASS__': 'Adzuna::API::Response::Category', 'label': 'Unknown'}",eyJhbGciOiJIUzI1NiJ9.eyJzIjoiekV4NkJpR0U4UkdhVWUwcHk5bTZ1ZyIsImkiOiI1Nzk4OTQzMTU3In0.WGFXdU5v6_23pZnn5nUyzY2rZhnJEAxjO8pUIuL8deg,"{'display_name': 'in-tech', '__CLASS__': 'Adzuna::API::Response::Company'}",0,"{'area': ['Deutschland', 'Bayern', 'München (Kreis)', 'Garching bei München'], '__CLASS__': 'Adzuna::API::Response::Location', 'display_name': 'Garching bei München, München (Kreis)'}",https://www.adzuna.de/land/ad/5798943157?se=zEx6BiGE8RGaUe0py9m6ug&utm_medium=api&utm_source=a4bcf954&v=7279F46649DD7AEFA7C20BD9DAEE7DC2DDF8ABD4,48.24883,5798943157,2026-07-13T18:50:38Z,"in-tech ist ein digitaler Lösungsanbieter für Automotive, Rail und Smart Industry. Als strategischer Entwicklungspartner begleiten wir unsere Kunden durch den gesamten Entwicklungsprozess - von Einzelkomponenten bis hin zu Komplettlösungen aus Hard- u. Software. Wir sind Ingenieure, Softwareentwickler, Techniker und Quereinsteiger allgenders und arbeiten an der Mobilität der Zukunft. Wir sind orange! Du auch? Aufgaben In Zusammenarbeit mit unserem AI Team ergänzt du die Theoriephasen deines Stu…",Duales Studium B.Sc. Angewandte Künstliche Intelligenz - Schwerpunkt GenAI (m/w/d),Adzuna::API::Response::Job,,,,
7.007059,"{'label': 'Unknown', '__CLASS__': 'Adzuna::API::Response::Category', 'tag': 'unknown'}",eyJhbGciOiJIUzI1NiJ9.eyJpIjoiNTgwNzE3MTIwNiIsInMiOiJ6RXg2QmlHRThSR2FVZTBweTltNnVnIn0.7tWSsNwMfZ4XhEt7R6yL9N1v6NXaU0ti_AVvaGeQX1o,"{'__CLASS__': 'Adzuna::API::Response::Company', 'display_name': 'Generalzolldirektion'}",0,"{'area': ['Deutschland', 'Nordrhein-Westfalen', 'Leverkusen'], 'display_name': 'Leverkusen, Nordrhein-Westfalen', '__CLASS__': 'Adzuna::API::Response::Location'}",https://www.adzuna.de/land/ad/5807171206?se=zEx6BiGE8RGaUe0py9m6ug&utm_medium=api&utm_source=a4bcf954&v=FF95D8C0B268C321E8B1775019E4B950D0607B43,51.048715,5807171206,2026-07-19T14:46:09Z,"in Köln in Voll- oder Teilzeit Vergütung: E 12 (TVöD Bund) bzw. A 12 BBesO Referenzcode: P/2130/2026/211/72 Bewerbungsfrist: 06.08.2026 Das Zollkriminalamt (ZKA) ist mit seinen rund 800 Beschäftigten die Zentrale des deutschen Zollfahndungsdienstes, dessen Hauptaufgabe die Verfolgung und Verhütung der mittleren, schweren und organisierten Zollkriminalität ist. Es koordiniert und lenkt die Ermittlungen der angeschlossenen acht Zollfahndungsämter an bundesweiten Standorten. Für unser Team suchen …",Senior Spezialist/Senior Spezialistin (w/m/d) Telekommunikationsüberwachung,Adzuna::API::Response::Job,,,,
6.969972,"{'label': 'Unknown', '__CLASS__': 'Adzuna::API::Response::Category', 'tag': 'unknown'}",eyJhbGciOiJIUzI1NiJ9.eyJpIjoiNTgwMDE0NDA0NyIsInMiOiJ6RXg2QmlHRThSR2FVZTBweTltNnVnIn0.Tp1X2_62qjdHrB4remOC9xfhp8h24Td3vmg02AqeNx4,"{'__CLASS__': 'Adzuna::API::Response::Company', 'display_name': 'Meyerthole Siems Kohlruss Ges. für aktuarielle Beratung mbH'}",0,"{'display_name': 'Köln, Nordrhein-Westfalen', '__CLASS__': 'Adzuna::API::Response::Location', 'area': ['Deutschland', 'Nordrhein-Westfalen', 'Köln']}",https://www.adzuna.de/land/ad/5800144047?se=zEx6BiGE8RGaUe0py9m6ug&utm_medium=api&utm_source=a4bcf954&v=F44BB83164E80EA385FC010018FF41AFCA9F1CC1,50.940164,5800144047,2026-07-14T19:07:55Z,"Meyerthole Siems Kohlruss (MSK) ist eine aktuarielle Beratungsgesellschaft mit Sitz in Köln und seit 1998 im deutschsprachigen Raum für Schaden- und Unfallversicherer tätig. Unsere Schwerpunkte liegen auf abwechslungsreichen Aufgaben aus den Bereichen Data Science, Telematik, Pricing, Naturgefahren, Bilanzbewertung, Rückversicherung und Solvency II. Wir widmen uns Zukunftsthemen, entwickeln maßgeschneiderte Lösungen am Puls der Zeit. Zu unseren Mandanten zählen sowohl etablierte Versicherer als…",Mathematiker/Aktuar (d/m/w) Data Science/Pricing/Risikomanagement/Solvency II,Adzuna::API::Response::Job,,,,
9.187224,"{'label': 'Sonstige/Allgemeine Stellen', '__CLASS__': 'Adzuna::API::Response::Category', 'tag': 'other-general-jobs'}",eyJhbGciOiJIUzI1NiJ9.eyJpIjoiNTc5ODk4MDE3NyIsInMiOiJ6RXg2QmlHRThSR2FVZTBweTltNnVnIn0.JJsKSp5E_3sQCellIiEGcCgKI3PdX4rQUomQusjqsbw,"{'display_name': 'Alfred Kärcher SE & Co. KG', '__CLASS__': 'Adzuna::API::Response::Company'}",0,"{'area': ['Deutschland', 'Baden-Württemberg', 'Stuttgart'], '__CLASS__': 'Adzuna::API::Response::Location', 'display_name': 'Stuttgart, Baden-Württemberg'}",https://www.adzuna.de/land/ad/5798980177?se=zEx6BiGE8RGaUe0py9m6ug&utm_medium=api&utm_source=a4bcf954&v=B193242DE3477E8DE5BDF07FE88DC7720226A593,48.776198,5798980177,2026-07-13T19:07:01Z,"Kärcher ist der weltweit führende Anbieter von Reinigungstechnik und steht für Qualität, Innovation und Nachhaltigkeit. Diesen Erfolg verdanken wir unseren über 3.700 Mitarbeitenden in Winnenden und in Bühlertal und dem einzigartigen Kärcher-WOW-Gefühl. Als Familienunternehmen mit gefestigten Unternehmensstrukturen überzeugen wir durch WOW-tastische Karriereperspektiven, ein vertrauensvolles Arbeitsklima und tolle Kolleg*innen. Aufgaben Wir schaffen mit dir gemeinsam eine solide Basis für deine…",Bachelor of Science (DHBW) Data Science und Künstliche Intelligenz (m/w/d) Standort Winnenden 2026,Adzuna::API::Response::Job,,,,
8.650578,"{'tag': 'part-time-jobs', '__CLASS__': 'Adzuna::API::Response::Category', 'label': 'Teilzeitstellen'}",eyJhbGciOiJIUzI1NiJ9.eyJzIjoiekV4NkJpR0U4UkdhVWUwcHk5bTZ1ZyIsImkiOiI1Nzc2OTkxNTczIn0.gcZZPwleN20OLYLd3oZdULRfxKcmN0I7TxbLpnIZZRc,"{'__CLASS__': 'Adzuna::API::Response::Company', 'display_name': 'Siemens AG'}",0,"{'display_name': 'Frankfurt am Main, Hessen', '__CLASS__': 'Adzuna::API::Response::Location', 'area': ['Deutschland', 'Hessen', 'Frankfurt am Main']}",https://www.adzuna.de/land/ad/5776991573?se=zEx6BiGE8RGaUe0py9m6ug&utm_medium=api&utm_source=a4bcf954&v=333B251EC63C28872D35E9BBDEE132B1419089E5,50.129683,5776991573,2026-06-26T01:42:46Z,"Dein Berufsbild: Du möchtest irgendwas mit Mathe machen und findest die Wirtschaftswelt spannend? Dann entscheide dich für ein Studium in Data Science und Künstliche Intelligenz und hol alles aus den Daten heraus. Data Science und Künstliche Intelligenz Spezialisten (w/m/d) sind die Schnittstelle zwischen IT und Business. Sie beherrschen die verschiedenen Technologien, bewerten deren Potenziale und wissen, wie man sie technisch umsetzt. In deinem dualen Studium erlernst du die Grundlagen, Konze…",Data Science und Künstliche Intelligenz (B.Sc.) 2027,Adzuna::API::Response::Job,,,,
8.53563,"{'__CLASS__': 'Adzuna::API::Response::Category', 'tag': 'part-time-jobs', 'label': 'Teilzeitstellen'}",eyJhbGciOiJIUzI1NiJ9.eyJpIjoiNTc3MDU4OTAzOSIsInMiOiJ6RXg2QmlHRThSR2FVZTBweTltNnVnIn0.6zfx9_WagW6ornYIrBl2Crp3IP8vXq7uxMSzqa_84YU,"{'__CLASS__': 'Adzuna::API::Response::Company', 'display_name': 'Transgourmet Deutschland GmbH&Co. OHG'}",0,"{'display_name': 'Riedstadt, Groß-Gerau (Kreis)', '__CLASS__': 'Adzuna::API::Response::Location', 'area': ['Deutschland', 'Hessen', 'Groß-Gerau (Kreis)', 'Riedstadt']}",https://www.adzuna.de/land/ad/5770589039?se=zEx6BiGE8RGaUe0py9m6ug&utm_medium=api&utm_source=a4bcf954&v=681BE7A3D03AC6F297C387CC551FF08EF9980009,49.80341,5770589039,2026-06-20T12:53:08Z,"Duales Studium– unser Erfolgsrezept: Theorie und Praxis verbinden! Werde bei Transgourmet zur KI-Koryphäe: Duübernimmst Initiative in schmackhaften Projekten, bei denen du marktfrische, innovative Ansätze direkt aus deinem Studium einbringst. Du erhältst Einblicke in die Geheimnisse der kulinarischen Datenwelt eines modernen Lebensmittelgroßhändlers: Prozessveredelungá la IT: Optimiere mit uns die digitalen Kochprozesse in unserem Unternehmen, automatisiere Abläufe und würze die Systeme mit Kün…",Duales Studium Data Science&Künstliche Intelligenz 2027,Adzuna::API::Response::Job,,,,
9.2274,"{'__CLASS__': 'Adzuna::API::Response::Category', 'tag': 'other-general-jobs', 'label': 'Sonstige/Allgemeine Stellen'}",eyJhbGciOiJIUzI1NiJ9.eyJzIjoiekV4NkJpR0U4UkdhVWUwcHk5bTZ1ZyIsImkiOiI1NzY3NDI5MzcxIn0.BtgAQtnxTM8k066tu60vMW_CQl_lzwGX2iNIYpwrovQ,"{'__CLASS__': 'Adzuna::API::Response::Company', 'display_name': 'Schwarz Corporate Solutions'}",0,"{'area': ['Deutschland', 'Baden-Württemberg', 'Heilbronn (Kreis)', 'Neckarsulm'], '__CLASS__': 'Adzuna::API::Response::Location', 'display_name': 'Neckarsulm, Heilbronn (Kreis)'}",https://www.adzuna.de/land/ad/5767429371?se=zEx6BiGE8RGaUe0py9m6ug&utm_medium=api&utm_source=a4bcf954&v=10E31A5B1F215C364F1055DE06FE6272E1F74E8B,49.18975,5767429371,2026-06-18T03:49:11Z,"Du hast Lust auf innovative und nachhaltige Bau- & Immobilienprojekte? Dann bist du bei uns genau richtig. Von Büros, Konferenzräumen sowie Restaurants bis hin zu Wohnungen - Im TeamSCOS planen, bauen und betreuen wir ein großes Portfolio verschiedenster Immobilien – denn Vielfalt ist unsere Stärke! Bei uns kannst du spannende Projekte von Beginn bis zur Umsetzung begleiten und eigene Ideen einbringen. Vom Grundstückskauf über die Planung und dem Bau bis hin zum Facility Management - bei uns ha…",Experte Energiewirtschaft Marktprozesse (m/w/d),Adzuna::API::Response::Job,,,,
9.2274,"{'__CLASS__': 'Adzuna::API::Response::Category', 'tag': 'unknown', 'label': 'Unknown'}",eyJhbGciOiJIUzI1NiJ9.eyJpIjoiNTc4MjM3OTg3MiIsInMiOiJ6RXg2QmlHRThSR2FVZTBweTltNnVnIn0.zXGHc9r5Ik2XqgzFSgAHPZ_ZVkDTohQZ-ey_JYYY_yk,"{'__CLASS__': 'Adzuna::API::Response::Company', 'display_name': 'Schwarz Corporate Solutions'}",0,"{'area': ['Deutschland', 'Baden-Württemberg', 'Heilbronn (Kreis)', 'Neckarsulm'], 'display_name': 'Neckarsulm, Heilbronn (Kreis)', '__CLASS__': 'Adzuna::API::Response::Location'}",https://www.adzuna.de/land/ad/5782379872?se=zEx6BiGE8RGaUe0py9m6ug&utm_medium=api&utm_source=a4bcf954&v=467F505A2ED694B1C8F8AE9113C5A4ED159DDA61,49.18975,5782379872,2026-06-30T22:25:39Z,"Du hast Lust auf innovative und nachhaltige Bau- & Immobilienprojekte? Dann bist du bei uns genau richtig. Von Büros, Konferenzräumen sowie Restaurants bis hin zu Wohnungen - Im TeamSCOS planen, bauen und betreuen wir ein großes Portfolio verschiedenster Immobilien – denn Vielfalt ist unsere Stärke! Bei uns kannst du spannende Projekte von Beginn bis zur Umsetzung begleiten und eigene Ideen einbringen. Vom Grundstückskauf über die Planung und dem Bau bis hin zum Facility Management - bei uns ha…",Consultant Energiewirtschaft Datenqualität MaKo (m/w/d),Adzuna::API::Response::Job,,,,
11.555737,"{'label': 'Teilzeitstellen', 'tag': 'part-time-jobs', '__CLASS__': 'Adzuna::API::Response::Category'}",eyJhbGciOiJIUzI1NiJ9.eyJzIjoiekV4NkJpR0U4UkdhVWUwcHk5bTZ1ZyIsImkiOiI1NzUwMzU2NDE1In0.mNvSnSr3eTbRo-nOd6qGcrtXQW93KzqCtUiwaf7TkUs,"{'display_name': 'Atos Information Technology', '__CLASS__': 'Adzuna::API::Response::Company'}",0,"{'area': ['Deutschland', 'Bayern', 'München (Kreis)', 'München'], '__CLASS__': 'Adzuna::API::Response::Location', 'display_name': 'München, München (Kreis)'}",https://www.adzuna.de/land/ad/5750356415?se=zEx6BiGE8RGaUe0py9m6ug&utm_medium=api&utm_source=a4bcf954&v=C71B76E76EFDB00FF969BA2BE5FCC984410EC0CD,48.137418,5750356415,2026-06-03T11:33:19Z,"Du liebst IT? Dann gestalte die KI-gestützte digitale Zukunft mit uns! Du möchtest Lösungen für die dringendsten und komplexesten Herausforderungen der digitalen Welt finden und dabei die digitale Transformation mitgestalten? Du möchtest ein Teil eines Weltklasse-Teams sein und bei einem ""next generation Tech Leader"" arbeiten? Dann starte bei uns als Nachwuchstalent in einem der zahlreichen dualen Studiengänge! Entdecke eine offene, multikulturelle Unternehmenskultur mit vielfältigen Entwicklun…",B.Sc. Data Science & KI (w/m/d),Adzuna::API::Response::Job,,,,
9.78975,"{'tag': 'part-time-jobs', '__CLASS__': 'Adzuna::API::Response::Category', 'label': 'Teilzeitstellen'}",eyJhbGciOiJIUzI1NiJ9.eyJzIjoiekV4NkJpR0U4UkdhVWUwcHk5bTZ1ZyIsImkiOiI1NzU4NDIwMTEyIn0.wXYCtEdKw_OknJNSWvi6kTJ80ft4jf4d-O8wn9JPgN8,"{'__CLASS__': 'Adzuna::API::Response::Company', 'display_name': 'Netze BW GmbH'}",0,"{'area': ['Deutschland', 'Baden-Württemberg', 'Biberach (Kreis)', 'Biberach an der Riß'], '__CLASS__': 'Adzuna::API::Response::Location', 'display_name': 'Biberach an der Riß, Biberach (Kreis)'}",https://www.adzuna.de/land/ad/5758420112?se=zEx6BiGE8RGaUe0py9m6ug&utm_medium=api&utm_source=a4bcf954&v=EC786C602C709F94FEC8535E45299C5D8A1EA21A,48.0962,5758420112,2026-06-10T13:50:57Z,"Vernetze mit uns die Welt von morgen. Du begeisterst dich für Informatik und möchtest die Energiewende aktiv mitgestalten? Bei der Netze BW, einem Tochterunternehmen der EnBW, kombinierst du dein duales Studium mit praxisnaher Arbeit an Lösungen, die Klimaschutz, erneuerbare Energien und intelligente Energienetze unterstützen. Gemeinsam treiben wir die digitale Transformation des Energiesystems voran– innovativ, verantwortungsvoll und zukunftsorientiert. Du@NetzeBW Du denkst gerne analytisch un…",Duales Studium Data Science und Künstliche Intelligenz (B. Sc.),Adzuna::API::Response::Job,,,,
8.78967,"{'tag': 'part-time-jobs', '__CLASS__': 'Adzuna::API::Response::Category', 'label': 'Teilzeitstellen'}",eyJhbGciOiJIUzI1NiJ9.eyJzIjoiekV4NkJpR0U4UkdhVWUwcHk5bTZ1ZyIsImkiOiI1NzY2NzA2Mjk3In0.Xxxc9L5L-EQ1Pv0ws9Gz9v3cWk1OFmqZsbwkig5YsLc,"{'__CLASS__': 'Adzuna::API::Response::Company', 'display_name': 'Siemens Healthineers AG'}",0,"{'area': ['Deutschland', 'Hessen', 'Marburg-Biedenkopf (Kreis)', 'Marburg'], '__CLASS__': 'Adzuna::API::Response::Location', 'display_name': 'Marburg, Marburg-Biedenkopf (Kreis)'}",https://www.adzuna.de/land/ad/5766706297?se=zEx6BiGE8RGaUe0py9m6ug&utm_medium=api&utm_source=a4bcf954&v=65F8763346210AA5E6A022222F57416BDAB2FB5A,50.804953,5766706297,2026-06-17T13:17:48Z,"Dein Berufsbild: Du magst Mathe und möchtest später etwas mit Daten machen? Dich faszinieren datengestützte Tools, wie ChatGPT, und du kennst deren große Chance für die Zukunft? Dann bewirb dich für das duale Studium B. Sc. Softwaretechnologie - Data Science und entdecke mit uns, wie wir die Welt der Labordiagnostik durch datenbasierte Entscheidungen verändern können. Daten sind eines der Fundamente, damit Unternehmen bestmögliche Entscheidungen treffen können. Im Studiengang B. Sc. Softwaretec…",Duales Bachelorstudium Softwaretechnologie Data Science (B.Sc.) - Marburg,Adzuna::API::Response::Job,,,,
9.026231,"{'label': 'Unknown', '__CLASS__': 'Adzuna::API::Response::Category', 'tag': 'unknown'}",eyJhbGciOiJIUzI1NiJ9.eyJpIjoiNTc5NzEyNDYxOCIsInMiOiJ6RXg2QmlHRThSR2FVZTBweTltNnVnIn0.hAvu0ivlvOjDHTQtbhPvDtWFXYychQu7EW6NPx0TQ60,"{'__CLASS__': 'Adzuna::API::Response::Company', 'display_name': 'Mercedes-Benz AG'}",0,"{'area': ['Deutschland', 'Baden-Württemberg', 'Böblingen (Kreis)', 'Sindelfingen'], '__CLASS__': 'Adzuna::API::Response::Location', 'display_name': 'Sindelfingen, Böblingen (Kreis)'}",https://www.adzuna.de/land/ad/5797124618?se=zEx6BiGE8RGaUe0py9m6ug&utm_medium=api&utm_source=a4bcf954&v=0739C3910D830F249393F111835B3E86AAB9D0B3,48.720071,5797124618,2026-07-11T20:51:31Z,"Life is always about becoming… Im Leben geht es darum, sich auf eine Reise zu begeben, um die beste Version unseres zukünftigen Selbst zu werden. Während wir Neues entdecken, stellen wir uns Herausforderungen, meistern sie und wachsen über uns hinaus. Bewerben Sie sich bei Mercedes-Benz und finden Sie den Aufgabenbereich, in dem Sie Ihre Talente individuell entfalten können. Dabei werden Sie von visionären Kolleginnen und Kollegen unterstützt, die Ihren Pioniergeist teilen. Bei uns einzusteigen…",Werkstudent*in MB.OS Demand & Change Management,Adzuna::API::Response::Job,,,,
10.96603,"{'label': 'Stellen aus Fertigung', '__CLASS__': 'Adzuna::API::Response::Category', 'tag': 'manufacturing-jobs'}",eyJhbGciOiJIUzI1NiJ9.eyJpIjoiNTgwNzE1MTQ0NiIsInMiOiJ6RXg2QmlHRThSR2FVZTBweTltNnVnIn0.iRptG6B5WhJPNF9S6t0wxr4Mrvn1NKuM5xa7ZENYOEc,"{'__CLASS__': 'Adzuna::API::Response::Company', 'display_name': 'HUK-COBURG Versicherungsgruppe'}",0,"{'display_name': 'Coburg, Coburg (Kreis)', '__CLASS__': 'Adzuna::API::Response::Location', 'area': ['Deutschland', 'Bayern', 'Coburg (Kreis)', 'Coburg']}",https://www.adzuna.de/land/ad/5807151446?se=zEx6BiGE8RGaUe0py9m6ug&utm_medium=api&utm_source=a4bcf954&v=615BD3B90ECA6C3E59C6DFA862517E4471D018FC,50.25777,5807151446,2026-07-19T14:13:07Z,"Hallo, lass uns WIR sagen! Wir - die HUK-COBURG Versicherungsgruppe - zählen zu den 10 größten in Deutschland. Vor über 90 Jahren gegründet sind wir mit über 13 Millionen Kund:innen heute der große Versicherer für Privathaushalte und der größte deutsche Autoversicherer. Dass wir oft preisgünstiger sind als andere Versicherungen, hat bei uns schon Tradition . klicken sie bewerben, für die volle Stellenbeschreibung",Spezialist Für Steuerungs- Und Controllingsysteme - Schwerpunkt Data Science (w/m/d),Adzuna::API::Response::Job,,,,
10.786696,"{'label': 'Teilzeitstellen', '__CLASS__': 'Adzuna::API::Response::Category', 'tag': 'part-time-jobs'}",eyJhbGciOiJIUzI1NiJ9.eyJpIjoiNTc1MDM5MTg0NCIsInMiOiJ6RXg2QmlHRThSR2FVZTBweTltNnVnIn0.x6O5sE7zXVahNB1dhWMfoGPhsN05lycBaJy706bSm18,"{'display_name': 'dx.one GmbH - A Volkswagen Group Company', '__CLASS__': 'Adzuna::API::Response::Company'}",0,"{'area': ['Deutschland', 'Niedersachsen', 'Wolfsburg'], 'display_name': 'Wolfsburg, Niedersachsen', '__CLASS__': 'Adzuna::API::Response::Location'}",https://www.adzuna.de/land/ad/5750391844?se=zEx6BiGE8RGaUe0py9m6ug&utm_medium=api&utm_source=a4bcf954&v=14922F225E74ED6DCC20A0AAA1A211B5D2C6A077,52.41453,5750391844,2026-06-03T11:39:06Z,Auf einen Blick Studiengang: Data Science&KI Studienort: Duale Hochschule Baden-Württemberg Mannheim Studienbeginn: 1. Oktober 2027 (Wintersemester) Studiendauer: 3 Jahre Abschluss: Bachelor of Science (B.Sc.) Informationen unter: DHBW Data Science&KI Inhalte des dualen Studiums Du wolltest schon immer neues Wissen aus Daten gewinnen und innovative Anwendungen und Geschäftsmodelle kreieren? Dann ist dieses duale Studium genau das richtige für dich. In dem Studiengang Data Science&Künstliche Int…,"Duales Studium Data Science&KI, Bachelor of Science, 2027",Adzuna::API::Response::Job,,,,
9.14057,"{'label': 'Teilzeitstellen', 'tag': 'part-time-jobs', '__CLASS__': 'Adzuna::API::Response::Category'}",eyJhbGciOiJIUzI1NiJ9.eyJpIjoiNTc5NjkzODI2MSIsInMiOiJ6RXg2QmlHRThSR2FVZTBweTltNnVnIn0.Ady1mYuoxcvvIX6zdPu7uD0vPKzYp7CdFZXCdyxdl-s,"{'__CLASS__': 'Adzuna::API::Response::Company', 'display_name': 'Deutsche Telekom AG, Telekom Ausbildung'}",0,"{'__CLASS__': 'Adzuna::API::Response::Location', 'display_name': 'Leinfelden-Echterdingen, Esslingen (Kreis)', 'area': ['Deutschland', 'Baden-Württemberg', 'Esslingen (Kreis)', 'Leinfelden-Echterdingen']}",https://www.adzuna.de/land/ad/5796938261?se=zEx6BiGE8RGaUe0py9m6ug&utm_medium=api&utm_source=a4bcf954&v=089EA4546C4AF9A0E531A797F84B8055EF6B43A5,48.69447,5796938261,2026-07-11T14:28:10Z,"In unserem dualen Studiengang Bachelor of Science in Data Science und Künstliche Intelligenz lernst du fundierte Inhalte der Informatik und erhältst gleichzeitig Einblicke in die KI, das maschinelle Lernen und Big Data. In den 3 Jahren Studium bist du pro Semester ca. 12 Wochen an der Dualen Hochschule Baden-Württemberg in Stuttgart und die restliche Zeit in deiner Telekom-Abteilung eingesetzt. Während deiner Studien- und Praxisphasen erwarten dich u. a.: Mathematik und Statistik Informatik und…",Duales Studium Data Science und Künstliche Intelligenz (m/w/d),Adzuna::API::Response::Job,,,,
8.20531,"{'label': 'Teilzeitstellen', 'tag': 'part-time-jobs', '__CLASS__': 'Adzuna::API::Response::Category'}",eyJhbGciOiJIUzI1NiJ9.eyJpIjoiNTgwMTE1NzI3NyIsInMiOiJ6RXg2QmlHRThSR2FVZTBweTltNnVnIn0.dg0AjL39HWoXRQ4jozsBGiY1ht9-JGRXr0MJPL99Iag,"{'display_name': 'Loh Services GmbH&Co. KG', '__CLASS__': 'Adzuna::API::Response::Company'}",0,"{'__CLASS__': 'Adzuna::API::Response::Location', 'display_name': 'Haiger, Lahn-Dill-Kreis', 'area': ['Deutschland', 'Hessen', 'Lahn-Dill-Kreis', 'Haiger']}",https://www.adzuna.de/land/ad/5801157277?se=zEx6BiGE8RGaUe0py9m6ug&utm_medium=api&utm_source=a4bcf954&v=B44D2D5110E63AE4E03B7A1395CAD02844C36F87,50.74164,5801157277,2026-07-15T14:41:15Z,"Gemeinsam bewegen wir mehr. Nutze unsere vielfältigen Einsatzmöglichkeiten und beginne am 9. Juli 2027 Dein duales Studium in der Friedhelm Loh Group. Aufgaben Duales Bachelor Studium im Bereich Softwaretechnologie für die Fachrichtungen Data Science, Künstliche Intelligenz oder Softwareentwicklung Studiendauer 7 Semester in Kooperation mit der Technischen Hochschule Mittelhessen Reale Projekte und abwechslungsreiche Praxisphasen in verschiedenen Einsatzgebieten z. B. IT, Produktion, Forschung …","Duales Studium Softwaretechnologie – Fachrichtung Data Science, Künstliche Intelligenz oder Software",Adzuna::API::Response::Job,,,,
8.89711,"{'label': 'Teilzeitstellen', 'tag': 'part-time-jobs', '__CLASS__': 'Adzuna::API::Response::Category'}",eyJhbGciOiJIUzI1NiJ9.eyJpIjoiNTgwNDA1MDIxNSIsInMiOiJ6RXg2QmlHRThSR2FVZTBweTltNnVnIn0.3sQgjGDA_L6dBOy_pABC7Kkx3l5j28ozP5kaTUq6h2o,"{'display_name': 'GELITA AG', '__CLASS__': 'Adzuna::API::Response::Company'}",0,"{'display_name': 'Hirschhorn (Neckar), Bergstraße (Kreis)', '__CLASS__': 'Adzuna::API::Response::Location', 'area': ['Deutschland', 'Hessen', 'Bergstraße (Kreis)', 'Hirschhorn (Neckar)']}",https://www.adzuna.de/land/ad/5804050215?se=zEx6BiGE8RGaUe0py9m6ug&utm_medium=api&utm_source=a4bcf954&v=C423C9D6BC17D1F44060E07B5AE08547038C11E2,49.44669,5804050215,2026-07-17T03:01:41Z,Die GELITA-Unternehmensgruppe ist einer der führenden Hersteller von Kollagenproteinen weltweit und mit mehr als 2.900 Mitarbeitenden und 20 Standorten auf allen Kontinenten vertreten. Wir sind mit unserer globalen Präsenz im Markt für Gesundheit und Nahrungsergänzung genauso zu Hause wie in den Bereichen Pharmazie und Medizin. Darüber hinaus bieten wir mit unseren Produkten eine große Bandbreite anäußerst spannenden technologischen Anwendungen. Wir leben Innovation und folgen dabei konsequent …,Duales Studium Bachelor of Science - Data Science&Künstliche Intelligenz,Adzuna::API::Response::Job,,,,
9.2274,"{'label': 'Teilzeitstellen', 'tag': 'part-time-jobs', '__CLASS__': 'Adzuna::API::Response::Category'}",eyJhbGciOiJIUzI1NiJ9.eyJzIjoiekV4NkJpR0U4UkdhVWUwcHk5bTZ1ZyIsImkiOiI1NzUwMzk3Mjg3In0.lQsgeeS6ardUpCwsaU-U20WXBte-qHOqMosRm1C4Ct4,"{'display_name': 'Lidl', '__CLASS__': 'Adzuna::API::Response::Company'}",0,"{'__CLASS__': 'Adzuna::API::Response::Location', 'display_name': 'Neckarsulm, Heilbronn (Kreis)', 'area': ['Deutschland', 'Baden-Württemberg', 'Heilbronn (Kreis)', 'Neckarsulm']}",https://www.adzuna.de/land/ad/5750397287?se=zEx6BiGE8RGaUe0py9m6ug&utm_medium=api&utm_source=a4bcf954&v=110DE8E37ED6B5E4544BEA7DC1D7B85CAA63F56A,49.18975,5750397287,2026-06-03T11:42:41Z,"Einleitung Eine gute Idee war der Ursprung, ein erfolgreiches Konzept ist das Ergebnis. Qualität zum guten Preis möglichst vielen Menschen anbieten zu können treibt uns an - mittlerweile weltweit, denn wir sind Lidl. Hier ist das berufliche Zuhause vielfältiger Talente. Ob im Einkauf, in der Logistik, im Warengeschäft oder in der IT; ob als Impulsgeber, Gestalter oder Dienstleister der Länder. Wir suchen Anpacker, Durchstarter, Möglichmacher und bieten spannende Aufgaben und Projekte in einem d…",Duales Studium Data Science und KI - Smart Operations Management 2027,Adzuna::API::Response::Job,,,,
9.21629,"{'__CLASS__': 'Adzuna::API::Response::Category', 'tag': 'trade-construction-jobs', 'label': 'Stellen aus Handel & Bau'}",eyJhbGciOiJIUzI1NiJ9.eyJpIjoiNTgwMDE2OTY1MyIsInMiOiJ6RXg2QmlHRThSR2FVZTBweTltNnVnIn0.IneLVjsKG7rGVptKvr01VEv1QQsBrZ9qAvL3HVm6WWA,"{'__CLASS__': 'Adzuna::API::Response::Company', 'display_name': 'Schwarz Digits'}",0,"{'area': ['Deutschland', 'Baden-Württemberg', 'Heilbronn (Kreis)', 'Bad Friedrichshall'], 'display_name': 'Bad Friedrichshall, Heilbronn (Kreis)', '__CLASS__': 'Adzuna::API::Response::Location'}",https://www.adzuna.de/land/ad/5800169653?se=zEx6BiGE8RGaUe0py9m6ug&utm_medium=api&utm_source=a4bcf954&v=CA2EB85E086EF8F9FD2B63DD60D3B506D15CCC62,49.2291,5800169653,2026-07-14T19:48:30Z,"Als weltweit agierendes Unternehmen benötigen wir eine IT-Landschaft, die jederzeit reibungslos funktioniert, sich stets auf dem neuesten Stand der Technik befindet und sich an den Bedürfnissen unserer Kunden innerhalb der Unternehmen der Schwarz Gruppe orientiert. An der Schnittstelle zwischen Daten und IT erarbeiten wir tragfähige Lösungen, die maßgeblich und sichtbar zu unserem Erfolg . klicken sie bewerben, für die volle Stellenbeschreibung",Duales Studium Data Science Und Künstliche Intelligenz 2027 (m/w/d),Adzuna::API::Response::Job,,,,
8.66573,"{'tag': 'scientific-qa-jobs', '__CLASS__': 'Adzuna::API::Response::Category', 'label': 'Stellen aus Wissenschaft & Qualitätssicherung'}",eyJhbGciOiJIUzI1NiJ9.eyJzIjoiekV4NkJpR0U4UkdhVWUwcHk5bTZ1ZyIsImkiOiI1ODA3MTUxNzE4In0.0U3LpKk7a7qj9dDjjBk-nVz4LVg4NC6nVaQxO2POlzI,"{'display_name': 'Freudenberg Technology Innovation SE & Co. KG', '__CLASS__': 'Adzuna::API::Response::Company'}",0,"{'area': ['Deutschland', 'Baden-Württemberg', 'Rhein-Neckar-Kreis', 'Weinheim'], '__CLASS__': 'Adzuna::API::Response::Location', 'display_name': 'Weinheim, Rhein-Neckar-Kreis'}",https://www.adzuna.de/land/ad/5807151718?se=zEx6BiGE8RGaUe0py9m6ug&utm_medium=api&utm_source=a4bcf954&v=0247CA9ECDEE5DF24F249E773F6CF24BCE4C8801,49.55214,5807151718,2026-07-19T14:13:13Z,"""We will wow your world!"" Das ist unser Versprechen, wenn es um Arbeiten bei Freudenberg geht. Als globaler Technologiekonzern machen wir die Welt nicht nur sauberer, gesünder und komfortabler, sondern bieten unseren 52.000 Mitarbeitenden auch ein vernetztes und vielfältiges Arbeitsumfeld, in dem sich alle individuell entfalten können. Lassen Sie sich überraschen und erleben Sie Ihre eigenen . klicken sie bewerben, für die volle Stellenbeschreibung",Masterarbeit Im Bereich Data Science / Machine Learning Im Spritzguss (w/m/d),Adzuna::API::Response::Job,,,,
10.96603,"{'label': 'Stellen aus Wissenschaft & Qualitätssicherung', 'tag': 'scientific-qa-jobs', '__CLASS__': 'Adzuna::API::Response::Category'}",eyJhbGciOiJIUzI1NiJ9.eyJzIjoiekV4NkJpR0U4UkdhVWUwcHk5bTZ1ZyIsImkiOiI1Nzg4MDEyMzExIn0.bTsiChuSH_EGfqY1EEsBpxZDMVqkDsHder5xgSHlvmI,"{'display_name': 'HUK-COBURG Versicherungsgruppe', '__CLASS__': 'Adzuna::API::Response::Company'}",0,"{'area': ['Deutschland', 'Bayern', 'Coburg (Kreis)', 'Coburg'], 'display_name': 'Coburg, Coburg (Kreis)', '__CLASS__': 'Adzuna::API::Response::Location'}",https://www.adzuna.de/land/ad/5788012311?se=zEx6BiGE8RGaUe0py9m6ug&utm_medium=api&utm_source=a4bcf954&v=D12C9D847E0E3801C1995FD284E5515DB87EF1FC,50.25777,5788012311,2026-07-04T14:55:42Z,"Hallo, lass uns WIR sagen! Im Data Analytics Team der HUK-COBURG transformieren wir Daten in echte Mehrwerte für über 13 Mio. Kund:innen. Als Deutschlands führende Kfz-Versicherung sind wir ein traditionsreiches und stabiles Unternehmen, welches zielgerichtet in Innovation und seine datengetriebene Zukunft investiert. Unsere agilen Data Analytics Teams setzen modernste Machine Learning und KI-Methoden ein, um Prozesse zu optimieren, faire Preise zu berechnen, Schäden digital und intelligent zu …",(Senior) Applied Scientist (Machine Learning) (w/m/d),Adzuna::API::Response::Job,,,,
7.112412,"{'__CLASS__': 'Adzuna::API::Response::Category', 'tag': 'unknown', 'label': 'Unknown'}",eyJhbGciOiJIUzI1NiJ9.eyJpIjoiNTc4MjM0NzEwMyIsInMiOiJ6RXg2QmlHRThSR2FVZTBweTltNnVnIn0.NytFoDYA8uKtuOJCW6Tj_aFY67CMuMkjtwq0QvrKkhk,"{'__CLASS__': 'Adzuna::API::Response::Company', 'display_name': 'Bundesinstitut für Bau-, Stadt- und Raumforschung '}",0,"{'__CLASS__': 'Adzuna::API::Response::Location', 'display_name': 'Bonn, Nordrhein-Westfalen', 'area': ['Deutschland', 'Nordrhein-Westfalen', 'Bonn']}",https://www.adzuna.de/land/ad/5782347103?se=zEx6BiGE8RGaUe0py9m6ug&utm_medium=api&utm_source=a4bcf954&v=F6639F7205191E107E8407F376FE99EC04D52F6F,50.71942,5782347103,2026-06-30T20:44:08Z,"Das Bundesinstitut für Bau-, Stadt- und Raumforschung (BBSR) sucht für das Referat RS 1 „Raumentwicklung“ in Bonn zum nächst­möglichen Zeit­punkt befristet auf drei Jahre eine / einen wissenschaftliche Mitarbeiterin / wissenschaftlichen Mitarbeiter (w/m/d) mit dem Ziel der Promotion im Bereich Spatial Data Science Knr. 054.3-25 Ver­gütung E 13 TVöD Beschäftigungs­art befristet auf drei Jahre Wochen­stunden 39h Arbeits­ort Bonn Bewerbungs­frist 26.07.2026 Das BBSR im Bundesamt für Bauwesen und R…",Wissenschaftliche Mitarbeiterin / Wissenschaftlicher Mitarbeiter (w/m/d) mit dem Ziel der Promotion im Bereich Spatial Data Science,Adzuna::API::Response::Job,,,,
7.112412,"{'label': 'Unknown', '__CLASS__': 'Adzuna::API::Response::Category', 'tag': 'unknown'}",eyJhbGciOiJIUzI1NiJ9.eyJpIjoiNTc4MjM0NzEwMCIsInMiOiJ6RXg2QmlHRThSR2FVZTBweTltNnVnIn0.jk_ayxcHp4Dh6RUO_kHvx7Y7tzKDaLwUCCJvDWVh8cI,"{'display_name': 'Bundesinstitut für Bau-, Stadt- und Raumforschung ', '__CLASS__': 'Adzuna::API::Response::Company'}",0,"{'area': ['Deutschland', 'Nordrhein-Westfalen', 'Bonn'], '__CLASS__': 'Adzuna::API::Response::Location', 'display_name': 'Bonn, Nordrhein-Westfalen'}",https://www.adzuna.de/land/ad/5782347100?se=zEx6BiGE8RGaUe0py9m6ug&utm_medium=api&utm_source=a4bcf954&v=0CA511DB544B8EDA5E7C99E0B7BFEA3AEECAB136,50.71942,5782347100,2026-06-30T20:44:08Z,"Das Bundesinstitut für Bau-, Stadt- und Raum­forschung (BBSR) sucht für das Referat RS 1 „Raumentwicklung“ in Bonn zum nächst­möglichen Zeitpunkt befristet auf drei Jahre eine / einen wissenschaftliche Mitarbeiterin / wissenschaftlichen Mitarbeiter (w/m/d) mit dem Ziel der Promotion im Bereich Spatial Data Science Knr. 188.1-25 Ver­gütung E 13 TVöD Beschäftigungs­art befristet auf drei Jahre Wochen­stunden 39h Arbeits­ort Bonn Bewerbungs­frist 26.07.2026 Das BBSR im Bundesamt für Bauwesen und R…",Wissenschaftliche Mitarbeiterin / wissenschaftlicher Mitarbeiter (w/m/d) mit dem Ziel der Promotion im Bereich Spatial Data Science,Adzuna::API::Response::Job,,,,
13.420806,"{'label': 'Unknown', 'tag': 'unknown', '__CLASS__': 'Adzuna::API::Response::Category'}",eyJhbGciOiJIUzI1NiJ9.eyJpIjoiNTc5ODk0MTY1MiIsInMiOiJ6RXg2QmlHRThSR2FVZTBweTltNnVnIn0.kxm0-os6jAS3b7r4uVPXkWaMt896fQeTl5xXFl9SKOo,"{'display_name': 'DBU - University of Applied Sciences', '__CLASS__': 'Adzuna::API::Response::Company'}",0,"{'__CLASS__': 'Adzuna::API::Response::Location', 'display_name': 'Berlin, Deutschland', 'area': ['Deutschland', 'Berlin']}",https://www.adzuna.de/land/ad/5798941652?se=zEx6BiGE8RGaUe0py9m6ug&utm_medium=api&utm_source=a4bcf954&v=14FA500B4305AB21B82944BE0B1E7AE8F4130991,52.507706,5798941652,2026-07-13T18:50:17Z,"Als Teil der Kienbaum Gruppe ist die DBU Digital Business University of Applied Sciences die Wirtschaftshochschule für das digitale Zeitalter. Als private Hochschule und aufgrund ihrer einzigartigen Positionierung bietet die DBU eine Kombination aus praxisorientiertem und berufsbegleitendem Studium. Seit ihrer Gründung partizipiert sie am starken Wachstum des privaten und betrieblichen Weiterbildungsmarktes. Ziel ist es, zukunftsorientierte Studierende und Berufstätige auf die Chancen und Herau…",Präsident (w/m/d),Adzuna::API::Response::Job,,,,
9.14057,"{'label': 'Unknown', '__CLASS__': 'Adzuna::API::Response::Category', 'tag': 'unknown'}",eyJhbGciOiJIUzI1NiJ9.eyJzIjoiekV4NkJpR0U4UkdhVWUwcHk5bTZ1ZyIsImkiOiI1NzkxMjE2ODg2In0.Ggncq6cI-huge_lZncYWMXXyTpYB5M8tm7NOjQpr_bg,"{'display_name': 'Mercedes-Benz Consulting GmbH', '__CLASS__': 'Adzuna::API::Response::Company'}",0,"{'__CLASS__': 'Adzuna::API::Response::Location', 'display_name': 'Leinfelden-Echterdingen, Esslingen (Kreis)', 'area': ['Deutschland', 'Baden-Württemberg', 'Esslingen (Kreis)', 'Leinfelden-Echterdingen']}",https://www.adzuna.de/land/ad/5791216886?se=zEx6BiGE8RGaUe0py9m6ug&utm_medium=api&utm_source=a4bcf954&v=D7A6045B9326EB9EF4D5EDF9DA0FE58ED087604E,48.69447,5791216886,2026-07-07T21:07:44Z,"Life is always about becoming… Im Leben geht es darum, sich auf eine Reise zu begeben, um die beste Version unseres zukünftigen Selbst zu werden. Während wir Neues entdecken, stellen wir uns Herausforderungen, meistern sie und wachsen über uns hinaus. Bewerben Sie sich bei Mercedes-Benz und finden Sie den Aufgabenbereich, in dem Sie Ihre Talente individuell entfalten können. Dabei werden Sie von visionären Kolleginnen und Kollegen unterstützt, die Ihren Pioniergeist teilen. Bei uns einzusteigen…",Senior Consultant - Machine Learning Engineering (m/w/d),Adzuna::API::Response::Job,,,,
8.650578,"{'label': 'Teilzeitstellen', 'tag': 'part-time-jobs', '__CLASS__': 'Adzuna::API::Response::Category'}",eyJhbGciOiJIUzI1NiJ9.eyJzIjoiekV4NkJpR0U4UkdhVWUwcHk5bTZ1ZyIsImkiOiI1ODAxMTU3Mjg5In0.T6dTjPeei0u2vJQfC3Jb2JD_NrQsKkdHG7wdc_e7t9o,"{'display_name': 'Deutsche Bahn AG', '__CLASS__': 'Adzuna::API::Response::Company'}",0,"{'display_name': 'Frankfurt am Main, Hessen', '__CLASS__': 'Adzuna::API::Response::Location', 'area': ['Deutschland', 'Hessen', 'Frankfurt am Main']}",https://www.adzuna.de/land/ad/5801157289?se=zEx6BiGE8RGaUe0py9m6ug&utm_medium=api&utm_source=a4bcf954&v=AB65D418D9741FB4641CCD6A5D8614BDC910BDBA,50.129683,5801157289,2026-07-15T14:41:15Z,"Wir sind die Deutsche Bahn. Millionen Fahrgäste sind jeden Tag mit uns unterwegs und wir transportieren enorme Gütermengen – deutschlandweit sowie im angrenzenden Europa. Zu oft enttäuschen wir auch. Deshalb arbeiten wir mit Hochdruck an einer besseren Bahn. Dafür brauchen wir Power und dich! Wir sind eine der vielfältigsten Arbeitgeber:innen Deutschlands. Jedes Jahr suchen wir rund 500 Dual Studierende in 25 verschiedenen Studiengängen, die gemeinsam mit uns die Bahn Tag für Tag ein Stück bess…",Duales Studium Data Science und Künstliche Intelligenz 2027 (w/m/d),Adzuna::API::Response::Job,,,,
10.984506,"{'label': 'Teilzeitstellen', 'tag': 'part-time-jobs', '__CLASS__': 'Adzuna::API::Response::Category'}",eyJhbGciOiJIUzI1NiJ9.eyJzIjoiekV4NkJpR0U4UkdhVWUwcHk5bTZ1ZyIsImkiOiI1NzY2NzA2MjY1In0.O-_hL9oQ_GXnPtG9cTxLYkDgQQxIoQYOc7ds5-CtSSU,"{'__CLASS__': 'Adzuna::API::Response::Company', 'display_name': 'Siemens Healthineers AG'}",0,"{'__CLASS__': 'Adzuna::API::Response::Location', 'display_name': 'Erlangen, Bayern', 'area': ['Deutschland', 'Bayern', 'Erlangen']}",https://www.adzuna.de/land/ad/5766706265?se=zEx6BiGE8RGaUe0py9m6ug&utm_medium=api&utm_source=a4bcf954&v=66F0723CBAA37A63EAA8BB4C63A95584B42DD6A8,49.577521,5766706265,2026-06-17T13:17:48Z,"Dein Berufsbild: Du magst Mathe und möchtest später etwas mit Daten machen? Dich faszinieren datengestützte Tools, wie ChatGPT, und du kennst deren große Chance für die Zukunft? Dann bewirb dich für das duale Studium B.Eng. Data Science in Technik und Wirtschaft und entdecke mit uns, wie wir die Welt der Medizintechnik durch datenbasierte Entscheidungen verändern können. Daten sind eines der Fundamente, damit Unternehmen bestmögliche Entscheidungen treffen können. Im Studiengang B.Eng. Data Sci…",Duales Bachelorstudium Data Science in Technik und Wirtschaft (B.Eng.) - Erlangen/Forchheim,Adzuna::API::Response::Job,,,,
9.01646,"{'label': 'Teilzeitstellen', 'tag': 'part-time-jobs', '__CLASS__': 'Adzuna::API::Response::Category'}",eyJhbGciOiJIUzI1NiJ9.eyJpIjoiNTgwNDg4OTYxOCIsInMiOiJ6RXg2QmlHRThSR2FVZTBweTltNnVnIn0.WMh9tb_yB6x_CtEBJ2ytIy11bD4VsjbzSbUCdM4X_wE,"{'display_name': 'GEZE GmbH', '__CLASS__': 'Adzuna::API::Response::Company'}",0,"{'area': ['Deutschland', 'Baden-Württemberg', 'Böblingen (Kreis)', 'Leonberg'], 'display_name': 'Leonberg, Böblingen (Kreis)', '__CLASS__': 'Adzuna::API::Response::Location'}",https://www.adzuna.de/land/ad/5804889618?se=zEx6BiGE8RGaUe0py9m6ug&utm_medium=api&utm_source=a4bcf954&v=CF507F3C24FED4ECADFCECDA90803DB188687CAB,48.80225,5804889618,2026-07-17T14:53:24Z,"Duales Studium Data Science&KI (Bachelor of Science) ab 2027 Reinhold-Vöster-Straße 21-29 71229, Leonberg Baden-Württemberg GEZE Leonberg | DHBW Stuttgart | ab 01.10.2027 GEZE gehört zu den weltweit führenden Unternehmen für Produkte, Systemlösungen und umfassenden Service rund um Türen und Fenster. Der Spezialist für innovative und moderne Tür-, Fenster- und Sicherheitstechnik erzielt mit fundierter Branchen- und Fachkenntnis seitüber 160 Jahren herausragende Ergebnisse, die Gebäude lebenswert…",Duales Studium Data Science&KI (Bachelor of Science) ab 2027,Adzuna::API::Response::Job,,,,
8.491505,"{'tag': 'part-time-jobs', '__CLASS__': 'Adzuna::API::Response::Category', 'label': 'Teilzeitstellen'}",eyJhbGciOiJIUzI1NiJ9.eyJpIjoiNTgwNDA0OTgzNiIsInMiOiJ6RXg2QmlHRThSR2FVZTBweTltNnVnIn0.RLxWC7cx_iGpWagQGGY6GpqmARd1tgFPWPSAGRcWDvU,"{'__CLASS__': 'Adzuna::API::Response::Company', 'display_name': 'Stadt Mannheim'}",0,"{'area': ['Deutschland', 'Baden-Württemberg', 'Mannheim'], '__CLASS__': 'Adzuna::API::Response::Location', 'display_name': 'Mannheim, Baden-Württemberg'}",https://www.adzuna.de/land/ad/5804049836?se=zEx6BiGE8RGaUe0py9m6ug&utm_medium=api&utm_source=a4bcf954&v=CB1EABA806BBB7479F833A20044FF33E9385915D,49.496025,5804049836,2026-07-17T03:01:39Z,DAS ERWARTET DICH IM PRAXISTEIL DU möchtest gemeinsam mit uns Mannheim noch digitaler machen? Der Praxisteil deines Studiums findet im Fachbereich Informationstechnologie der Stadt Mannheim statt. Dort hast du die Möglichkeit fundierte Einblicke in die Bereiche Grundlagen der IT und Verwaltungswirtschaft zu bekommen. Außerdem lernst du alles rund um den intelligenten und verantwortungsvollen Umgang mit Daten und wirst zum Experten in Sachen zukunftsfähiger Technologien und deren Einsatzmöglichk…,Bachelor of Science Data Science&künstliche Intelligenz (m/w/d),Adzuna::API::Response::Job,,,,
7.94837,"{'label': 'Teilzeitstellen', '__CLASS__': 'Adzuna::API::Response::Category', 'tag': 'part-time-jobs'}",eyJhbGciOiJIUzI1NiJ9.eyJzIjoiekV4NkJpR0U4UkdhVWUwcHk5bTZ1ZyIsImkiOiI1Nzg0NjI0MDMwIn0.fiCRefvJ75lp6SU2M3lEZMhqg_zw8M0yh_pv_nuJeMk,"{'display_name': 'EDEKA Südwest Stiftung&Co. KG', '__CLASS__': 'Adzuna::API::Response::Company'}",0,"{'display_name': 'Offenburg, Ortenaukreis', '__CLASS__': 'Adzuna::API::Response::Location', 'area': ['Deutschland', 'Baden-Württemberg', 'Ortenaukreis', 'Offenburg']}",https://www.adzuna.de/land/ad/5784624030?se=zEx6BiGE8RGaUe0py9m6ug&utm_medium=api&utm_source=a4bcf954&v=CDF8A0C90450F82B412FB51139BC443F839DB477,48.42392,5784624030,2026-07-02T02:07:53Z,"Mit rund 46.000 Mitarbeitenden sowie rund 3.000 Auszubildenden in über 40 Ausbildungsberufen und dualen Studiengängen im Einzelhandel, Großhandel und in der Produktion sind wir einer der größten Arbeitgeber der Region. Rund 1.100 Märkte, sechs Logistikzentren und sechs Produktionsbetriebe in fünf Bundesländern gehören zu EDEKA Südwest. Was macht man da aus sich? Im Fokus steht der reibungslose Fluss von Informationen innerhalb des Unternehmens. Schon während des Studiums betreust du selbstständ…",Duales Studium: Data Science und Künstliche Intelligenz (m/w/d) - 2027,Adzuna::API::Response::Job,,,,
9.21629,"{'__CLASS__': 'Adzuna::API::Response::Category', 'tag': 'unknown', 'label': 'Unknown'}",eyJhbGciOiJIUzI1NiJ9.eyJpIjoiNTc4NTY5MTYxMSIsInMiOiJ6RXg2QmlHRThSR2FVZTBweTltNnVnIn0.5_7oWcSzt9ySIkmCOHKhLRk2qnkPRSX2MbKG7JgyY-k,"{'__CLASS__': 'Adzuna::API::Response::Company', 'display_name': 'Schwarz Digits'}",0,"{'area': ['Deutschland', 'Baden-Württemberg', 'Heilbronn (Kreis)', 'Bad Friedrichshall'], '__CLASS__': 'Adzuna::API::Response::Location', 'display_name': 'Bad Friedrichshall, Heilbronn (Kreis)'}",https://www.adzuna.de/land/ad/5785691611?se=zEx6BiGE8RGaUe0py9m6ug&utm_medium=api&utm_source=a4bcf954&v=F6D2D169808DF55DF594E349BED24D0130B66831,49.2291,5785691611,2026-07-02T19:37:57Z,"Als weltweit agierendes Unternehmen benötigen wir eine IT-Landschaft, die jederzeit reibungslos funktioniert, sich stets auf dem neuesten Stand der Technik befindet und sich an den Bedürfnissen unserer Kunden innerhalb den Unternehmen der Schwarz Gruppe orientiert. An der Schnittstelle zwischen BWL und IT erarbeiten wir tragfähige Lösungen, die maßgeblich und sichtbar zu unserem Erfolg beitragen. {Programmbeginn:} 01.09.2027 mit dem Begrüßungsmonat {Studienbeginn:} 01.10.2027 {Studiendauer:} 3 …",Duales Studium Wirtschaftsinformatik 2027 Neckarsulm (m/w/d),Adzuna::API::Response::Job,,,,
9.202888,"{'__CLASS__': 'Adzuna::API::Response::Category', 'tag': 'manufacturing-jobs', 'label': 'Stellen aus Fertigung'}",eyJhbGciOiJIUzI1NiJ9.eyJzIjoiekV4NkJpR0U4UkdhVWUwcHk5bTZ1ZyIsImkiOiI1NzkyODMyNTU0In0.B_Be9yGSUjgSKq_KFhe53NqFBLxC7h75aUmTb8zthFU,"{'__CLASS__': 'Adzuna::API::Response::Company', 'display_name': 'Bosch Gruppe'}",0,"{'display_name': 'Reutlingen, Reutlingen (Kreis)', '__CLASS__': 'Adzuna::API::Response::Location', 'area': ['Deutschland', 'Baden-Württemberg', 'Reutlingen (Kreis)', 'Reutlingen']}",https://www.adzuna.de/land/ad/5792832554?se=zEx6BiGE8RGaUe0py9m6ug&utm_medium=api&utm_source=a4bcf954&v=8691BA523FE0278A004B2658B83B2473B90C2E96,48.506053,5792832554,2026-07-08T18:25:55Z,"Möchten Sie Ihre Ideen in nutzbringende und sinnvolle Technologien verwandeln? Ob im Bereich Mobility Solutions, Consumer Goods, Industrial Technology oder Energy and Building Technology - mit uns verbessern Sie die Lebensqualität der Menschen auf der ganzen Welt. Willkommen bei Bosch. Die Robert Bosch GmbH freut sich auf Ihre Bewerbung! Anstellungsart: Befristet Arbeitszeit: Vollzeit Arbeitsort: Reutlingen Aufgaben Als PreMaster analysierst und optimierst du End-to-End-Einkaufsprozesse und ent…",PreMaster Programm in Digitalisierung und Prozessmanagement im Einkauf (w/m/div.),Adzuna::API::Response::Job,,,,
11.555737,"{'label': 'Stellen aus PR, Werbung & Marketing', 'tag': 'pr-advertising-marketing-jobs', '__CLASS__': 'Adzuna::API::Response::Category'}",eyJhbGciOiJIUzI1NiJ9.eyJpIjoiNTgwNjI1NTY3NiIsInMiOiJ6RXg2QmlHRThSR2FVZTBweTltNnVnIn0.U-2Fsg3bBpMhFLsesS5BFHI0uwab6wyKo_Xn6MDTkS0,"{'__CLASS__': 'Adzuna::API::Response::Company', 'display_name': 'ASAMBEAUTY GmbH'}",0,"{'area': ['Deutschland', 'Bayern', 'München (Kreis)', 'München'], 'display_name': 'München, München (Kreis)', '__CLASS__': 'Adzuna::API::Response::Location'}",https://www.adzuna.de/land/ad/5806255676?se=zEx6BiGE8RGaUe0py9m6ug&utm_medium=api&utm_source=a4bcf954&v=DE0BBCDB2CF6A4B267C04A3B3F81B8157E03EC91,48.137418,5806255676,2026-07-18T17:37:07Z,"Deine Mission: Du willst Marketing-Steuerung auf Basis von Daten und Modellen gestalten – nicht aus dem Bauch heraus, sondern mit Attribution, Marketing-Mix-Modeling und Geo-Lift als Standard? Und Du möchtest dieses analytische Fundament auch in unserer kommerziellen Planung und im Pricing verankern? Dann ist das Deine Rolle. Als Team Lead Marketing Analytics & MarTech verantwortest Du, wie wir Marketing-Wirkung messen, modellieren und in fundierte Entscheidungen übersetzen. Gleichzeitig entwic…",Team Lead Marketing Analytics & MarTech (m/w/d),Adzuna::API::Response::Job,,,,
8.393718,"{'__CLASS__': 'Adzuna::API::Response::Category', 'tag': 'part-time-jobs', 'label': 'Teilzeitstellen'}",eyJhbGciOiJIUzI1NiJ9.eyJzIjoiekV4NkJpR0U4UkdhVWUwcHk5bTZ1ZyIsImkiOiI1NzUwMzkyMzQ1In0.6aQkObN7o-RhQX0Lsb_OAlPKlbus5c6rXfA7ZYZomtc,"{'display_name': 'BASF', '__CLASS__': 'Adzuna::API::Response::Company'}",0,"{'__CLASS__': 'Adzuna::API::Response::Location', 'display_name': 'Ludwigshafen am Rhein, Rheinland-Pfalz', 'area': ['Deutschland', 'Rheinland-Pfalz', 'Ludwigshafen am Rhein']}",https://www.adzuna.de/land/ad/5750392345?se=zEx6BiGE8RGaUe0py9m6ug&utm_medium=api&utm_source=a4bcf954&v=BB24CAAFBE97C01E8B71480D53D62C30FA0721EC,49.486443,5750392345,2026-06-03T11:39:11Z,"ÜBER UNS Wir bei BASF Digital Solutions machen die Digitalisierung der BASF möglich. Als deutsche Gruppengesellschaft der BASF mit Sitz in Ludwigshafen und Standorten wie Madrid, Schwarzheide beschäftigt die BASF Digital Solutions GmbH rund 1.700 Mitarbeiter. Digitalisierung ist einer der Schwerpunkte der neuen Unternehmensstrategie von BASF. In agilen Teams wollen wir neue digitale Lösungen einführen, die für unseren Kunden einen klaren Mehrwert darstellen. Alle relevanten Informationen zu dei…",Duales Studium (B.Sc.) - Data Science und Künstliche Intelligenz (m/w/d),Adzuna::API::Response::Job,,,,
7.014478,"{'label': 'Unknown', '__CLASS__': 'Adzuna::API::Response::Category', 'tag': 'unknown'}",eyJhbGciOiJIUzI1NiJ9.eyJzIjoiekV4NkJpR0U4UkdhVWUwcHk5bTZ1ZyIsImkiOiI1ODAwODYzNzU5In0.KYu86XtSewjtRAlKD2LschKCqc2xaCgdM44ngY6oCdY,"{'display_name': 'Emschergenossenschaft/Lippeverband', '__CLASS__': 'Adzuna::API::Response::Company'}",0,"{'__CLASS__': 'Adzuna::API::Response::Location', 'display_name': 'Essen, Nordrhein-Westfalen', 'area': ['Deutschland', 'Nordrhein-Westfalen', 'Essen']}",https://www.adzuna.de/land/ad/5800863759?se=zEx6BiGE8RGaUe0py9m6ug&utm_medium=api&utm_source=a4bcf954&v=169FDC020221C70CA5108FCEA31CBFA1AD381B96,51.444823,5800863759,2026-07-15T09:28:01Z,"Emschergenossenschaft und Lippeverband sind gemeinsam der größte Abwasserentsorger und Betreiber von Kläranlagen in Deutschland und verlässlicher Partner unserer kommunalen und industriellen Mitglieder. Als öffentlich-rechtlicher Arbeitgeber mit rund 1.900 Mitarbeitenden realisieren wir die Abwasserreinigung, stellen den Hochwasserschutz sicher und bewirtschaften das Grund- und Regenwasser an Emscher und Lippe. Mit Ihrer Arbeit in einem innovativen Umfeld gestalten Sie die Region aktiv mit und …",Projektleiter*in (m/w/d) Datenmanagement,Adzuna::API::Response::Job,,,,
11.25536,"{'label': 'IT-Stellen', '__CLASS__': 'Adzuna::API::Response::Category', 'tag': 'it-jobs'}",eyJhbGciOiJIUzI1NiJ9.eyJzIjoiekV4NkJpR0U4UkdhVWUwcHk5bTZ1ZyIsImkiOiI1Nzg2OTQzMTc1In0.0L5F4dYkIMqEcIOgn86DfrfLubf1Z1IVlJI__-5XKks,"{'display_name': 'HENSOLDT', '__CLASS__': 'Adzuna::API::Response::Company'}",0,"{'area': ['Deutschland', 'Bayern', 'Fürstenfeldbruck (Kreis)', 'Fürstenfeldbruck'], '__CLASS__': 'Adzuna::API::Response::Location', 'display_name': 'Fürstenfeldbruck, Fürstenfeldbruck (Kreis)'}",https://www.adzuna.de/land/ad/5786943175?se=zEx6BiGE8RGaUe0py9m6ug&utm_medium=api&utm_source=a4bcf954&v=4EDFA419CE93703C1182394321CADE599E3CDA47,48.17776,5786943175,2026-07-03T16:51:02Z,"HENSOLDT ist ein führendes Unternehmen der europäischen Verteidigungsindustrie mit globaler Reichweite. Das Unternehmen entwickelt Sensor-Komplettlösungen für Verteidigungs- und Sicherheitsanwendungen. Als Systemintegrator bietet HENSOLDT plattformunabhängige, vernetzte Komplettlösungen an. Zugleich treibt das Unternehmen als Technologieführer die Entwicklung der Verteidigungselektronik und Optronik voran und baut sein Portfolio auf der Grundlage innovativer Ansätze für Datenfusion, Künstliche …","Duales Studium: ""Informatik"" (w/m/d), Fürstenfeldbruck, Start 2027",Adzuna::API::Response::Job,,,,
8.408252,"{'__CLASS__': 'Adzuna::API::Response::Category', 'tag': 'unknown', 'label': 'Unknown'}",eyJhbGciOiJIUzI1NiJ9.eyJpIjoiNTgwMDE1OTkyNiIsInMiOiJ6RXg2QmlHRThSR2FVZTBweTltNnVnIn0.JOw6J7dDKhTX0Q27D04alPsPrvvIPxYmIMqGlB2zizs,"{'display_name': 'Bertelsmann Stiftung', '__CLASS__': 'Adzuna::API::Response::Company'}",0,"{'area': ['Deutschland', 'Nordrhein-Westfalen', 'Gütersloh (Kreis)', 'Gütersloh'], '__CLASS__': 'Adzuna::API::Response::Location', 'display_name': 'Gütersloh, Gütersloh (Kreis)'}",https://www.adzuna.de/land/ad/5800159926?se=zEx6BiGE8RGaUe0py9m6ug&utm_medium=api&utm_source=a4bcf954&v=34C47651FDE55583F38B0D25197252E3C878145A,51.936827,5800159926,2026-07-14T19:14:57Z,Die Lösung gesellschaftspolitischer Aufgaben erfordert Mut und Kreativität. Überzeugen Sie uns von beidem. Wir über uns Die Bertelsmann Stiftung ist eine der größten operativen Stiftungen in Europa. Als gemeinnützige Organisation engagieren wir uns in der Tradition unseres Gründers Reinhard Mohn für eine zukunftsfähige Gesellschaft. Gesellschaftliche Herausforderungen sind komplex und bedürfen zur Lösung einer qualitativ hochwertigen Datenbasis. Die mangelnde Verfügbarkeit von (offenen) Daten f…,Praktikant:in (m/w/d) für unser Projekt Daten für die Gesellschaft,Adzuna::API::Response::Job,,,,
10.96603,"{'label': 'IT-Stellen', 'tag': 'it-jobs', '__CLASS__': 'Adzuna::API::Response::Category'}",eyJhbGciOiJIUzI1NiJ9.eyJzIjoiekV4NkJpR0U4UkdhVWUwcHk5bTZ1ZyIsImkiOiI1Nzc3OTM0NTI1In0.YIgmqW2UKg-x-qukkZm_1JYkkUFDKXcJbERm0QNgaA8,"{'__CLASS__': 'Adzuna::API::Response::Company', 'display_name': 'HUK-COBURG Versicherungsgruppe'}",0,"{'__CLASS__': 'Adzuna::API::Response::Location', 'display_name': 'Coburg, Coburg (Kreis)', 'area': ['Deutschland', 'Bayern', 'Coburg (Kreis)', 'Coburg']}",https://www.adzuna.de/land/ad/5777934525?se=zEx6BiGE8RGaUe0py9m6ug&utm_medium=api&utm_source=a4bcf954&v=719EBC7D88F3E5A5CF0A5CAEBDE25D1DF3C6F028,50.25777,5777934525,2026-06-26T18:22:34Z,"Hallo, lass uns WIR sagen! Im Data Analytics Team der HUK-COBURG transformieren wir Daten in echte Mehrwerte für über 13 Mio. Kund:innen. Als Deutschlands führende Kfz-Versicherung sind wir ein traditionsreiches und stabiles Unternehmen, welches zielgerichtet in Innovation und seine datengetriebene Zukunft investiert. Unsere agilen Data Analytics Teams setzen modernste Machine Learning und KI-Methoden ein, um Prozesse zu optimieren, faire Preise zu berechnen, Schäden digital und intelligent zu …",Senior Engineer Machine Learning / AI (w/m/d),Adzuna::API::Response::Job,,,,
,"{'label': 'IT-Stellen', '__CLASS__': 'Adzuna::API::Response::Category', 'tag': 'it-jobs'}",eyJhbGciOiJIUzI1NiJ9.eyJzIjoiekV4NkJpR0U4UkdhVWUwcHk5bTZ1ZyIsImkiOiI1ODAzOTkzMzkxIn0._3iLo38P414ORhgKbUEevsa-_3F5QwwHZg0ziiPBnrI,"{'display_name': 'SVA System Vertrieb Alexander GmbH', '__CLASS__': 'Adzuna::API::Response::Company'}",0,"{'area': ['Deutschland'], 'display_name': 'Deutschland', '__CLASS__': 'Adzuna::API::Response::Location'}",https://www.adzuna.de/land/ad/5803993391?se=zEx6BiGE8RGaUe0py9m6ug&utm_medium=api&utm_source=a4bcf954&v=D5E2BE48BCD6C7EF6377046AFFD5FC0EF2F5F344,,5803993391,2026-07-17T01:35:11Z,"Als eines der führenden Systemhäuser in Deutschland bieten wir Ihnen vielfältige Möglichkeiten in einem spannenden Berufsumfeld und einer wachsenden Branche Ihre berufliche Heimat zu finden. Bei uns haben Sie den Freiraum, innovative Lösungen zu entwickeln, die schon heute in die Zukunft reichen und sich langfristig bewähren. Verstärken Sie unser Team als Cyber Security Architect – AI Security an einem unserer Standorte deutschlandweit . Ob Architektur, Forensik oder Cloud – unser Cyber-Securit…",Cyber Security Architect – AI Security (m/w/d),Adzuna::API::Response::Job,,,,
8.870952,"{'tag': 'unknown', '__CLASS__': 'Adzuna::API::Response::Category', 'label': 'Unknown'}",eyJhbGciOiJIUzI1NiJ9.eyJzIjoiekV4NkJpR0U4UkdhVWUwcHk5bTZ1ZyIsImkiOiI1NzcxODA4NjI0In0.g2Z0sxEWyhyKLnVqxuSYZOZxwLG_B-OBrAnM-7B1uh0,"{'display_name': 'HRblue AG', '__CLASS__': 'Adzuna::API::Response::Company'}",0,"{'__CLASS__': 'Adzuna::API::Response::Location', 'display_name': 'Hessen, Deutschland', 'area': ['Deutschland', 'Hessen']}",https://www.adzuna.de/land/ad/5771808624?se=zEx6BiGE8RGaUe0py9m6ug&utm_medium=api&utm_source=a4bcf954&v=81E6C62CD126E9B79F888187C33065EEAB49BD92,50.387657,5771808624,2026-06-21T18:17:37Z,"HRblue ist seit über 25 Jahren spezialisiert auf die Besetzung von HR Fach- und Führungspositionen. In allen Branchen und in ganz Deutschland. Aktuell besetzen wir folgendes Mandat: Unser Mandant ist ein führender europäischer Akteur in seiner Branche. Nach einer Phase der massiven Systemstabilisierung (SAP SuccessFactors, Payroll) befindet sich das Unternehmen nun in der nächsten Stufe der Automatisierung und Datenintegration. Aufgaben Vom Datenverwalter zum strategischen Sparringspartner: Ges…",Personalcontroller/in (m/w/d) – Fokus Data & Systems,Adzuna::API::Response::Job,,,,
,"{'label': 'Unknown', 'tag': 'unknown', '__CLASS__': 'Adzuna::API::Response::Category'}",eyJhbGciOiJIUzI1NiJ9.eyJpIjoiNTgwNTQ3MjM3NiIsInMiOiJ6RXg2QmlHRThSR2FVZTBweTltNnVnIn0.vSCHgUmyiLUpfPlu_FM2GryfYeZP5RxQ92kbwW5TgWc,"{'display_name': 'KaVo Dental GmbH', '__CLASS__': 'Adzuna::API::Response::Company'}",0,"{'area': ['Deutschland'], '__CLASS__': 'Adzuna::API::Response::Location', 'display_name': 'Deutschland'}",https://www.adzuna.de/land/ad/5805472376?se=zEx6BiGE8RGaUe0py9m6ug&utm_medium=api&utm_source=a4bcf954&v=DFD90C764B65285AEEEFB1BCEF03EF48CD8B5EE5,,5805472376,2026-07-18T01:44:49Z,"Werkstudent (m/w/d) Service – Implementierung einer KI gestützten Bewertung von Reparaturteilen Warthausen | zum nächstmöglichen Zeitpunkt KaVo Dental mit Hauptsitz im schwäbischen Biberach an der Riß zählt seit mehr als 110 Jahren zu den führenden Unternehmen der internationalen Dentalbranche. Rund 1.600 Mitarbeiter*innen verbindet ein gemeinsames Ziel: innovative, hochwertige Behandlungseinheiten, Instrumente, bildgebende Geräte und produktbegleitende Services zu entwickeln, zu produzieren un…",Werkstudent (m/w/d) Service – Implementierung einer KI gestützten Bewertung von Reparaturteilen,Adzuna::API::Response::Job,,,,
9.742751,"{'label': 'Teilzeitstellen', '__CLASS__': 'Adzuna::API::Response::Category', 'tag': 'part-time-jobs'}",eyJhbGciOiJIUzI1NiJ9.eyJpIjoiNTc1MDM1NDY4NSIsInMiOiJ6RXg2QmlHRThSR2FVZTBweTltNnVnIn0.d8UuE8ycu5hmrrJ7er5xiKJPOut8oiU0pXuAaqJ7yjk,"{'__CLASS__': 'Adzuna::API::Response::Company', 'display_name': 'HDI AG'}",0,"{'area': ['Deutschland', 'Niedersachsen', 'Region Hannover (Kreis)', 'Hannover'], 'display_name': 'Hannover, Region Hannover (Kreis)', '__CLASS__': 'Adzuna::API::Response::Location'}",https://www.adzuna.de/land/ad/5750354685?se=zEx6BiGE8RGaUe0py9m6ug&utm_medium=api&utm_source=a4bcf954&v=39F93B861DD047CB54862321D0BC487CCA6F0BA4,52.378818,5750354685,2026-06-03T11:33:01Z,"Deine Aufgaben Du möchtest nicht nur Daten analysieren, sondern verstehen, wie aus Daten wertvolle Erkenntnisse entstehen, die die digitale Zukunft der HDI Group gestalten? Die 21-monatige IT-Ausbildung kombiniert praktische Arbeit im Bereich Data Science mit theoretischem Wissen, das Du im Studiengang Business Data Analytics mit Schwerpunkt KI an der FHDW in Hannover erwirbst. Du arbeitest an spannenden Projekten rund um AI, GenAI, Machine Learning, und Cloud-Services. Du entwickelst Lösungen,…",Duales Studium Business Data Analytics (M.Sc.) mit Schwerpunkt KI - Einstieg Data Science,Adzuna::API::Response::Job,,,,
,"{'tag': 'part-time-jobs', '__CLASS__': 'Adzuna::API::Response::Category', 'label': 'Teilzeitstellen'}",eyJhbGciOiJIUzI1NiJ9.eyJpIjoiNTc1MDM2MDI0MCIsInMiOiJ6RXg2QmlHRThSR2FVZTBweTltNnVnIn0.HDnbw9kbVnd1isxNO9syiEFPWRaG26_A2xKbdKCIaMw,"{'display_name': 'Viessmann Climate Solutions', '__CLASS__': 'Adzuna::API::Response::Company'}",0,"{'__CLASS__': 'Adzuna::API::Response::Location', 'display_name': 'Deutschland', 'area': ['Deutschland']}",https://www.adzuna.de/land/ad/5750360240?se=zEx6BiGE8RGaUe0py9m6ug&utm_medium=api&utm_source=a4bcf954&v=9DB27E2D58369ACC293BD1DA88B0C04594D004D7,,5750360240,2026-06-03T11:33:59Z,"Während des Dualen Studiums im Studiengang Data Science und Künstliche Intelligenz analysierst und interpretierst du große Datenmengen, um daraus wertvolles Wissen zu gewinnen. Du entwickelst intelligente, KI-basierte Anwendungen und optimierst damit Prozesse. Diese Kompetenzen machen dich zu einer gefragten Expertin oder einem gefragten Experten an der Schnittstelle von Technologie und Wirtschaft. Was du lernst Entwicklung von KI-Modellen und intelligenten Anwendungen (z.B. Machine Learning, N…",Duales Studium Data Science und Künstliche Inteligenzen B.Sc. 2026 (m/w/d),Adzuna::API::Response::Job,,,,
9.648316,"{'__CLASS__': 'Adzuna::API::Response::Category', 'tag': 'it-jobs', 'label': 'IT-Stellen'}",eyJhbGciOiJIUzI1NiJ9.eyJpIjoiNTc3OTIyNzc3NSIsInMiOiJ6RXg2QmlHRThSR2FVZTBweTltNnVnIn0.qaVaJLkirBT6GNMbnsidJHk25AHF0HfjJTJajEuQZLA,"{'display_name': 'Proemion GmbH', '__CLASS__': 'Adzuna::API::Response::Company'}",0,"{'__CLASS__': 'Adzuna::API::Response::Location', 'display_name': 'Fulda, Fulda (Kreis)', 'area': ['Deutschland', 'Hessen', 'Fulda (Kreis)', 'Fulda']}",https://www.adzuna.de/land/ad/5779227775?se=zEx6BiGE8RGaUe0py9m6ug&utm_medium=api&utm_source=a4bcf954&v=0CC736B3773E8F3EB178E77F37513720DB1DE55A,50.549976,5779227775,2026-06-27T18:26:43Z,"Proemion bietet eine vollständige, sichere Telematiklösung, die auf die realen Bedürfnisse von OEMs zugeschnitten ist. Direkt in die Maschine integriert und aus einer Hand geliefert, gibt Proemion Ihnen die volle Kontrolle über Ihre Daten und ermöglicht es Service, Engineering und Betrieb, die Leistung zu optimieren und Wachstum voranzutreiben. Wir machen Maschinendaten im gesamten Unternehmen nutzbar, zuverlässig und wertvoll. Wir suchen ab sofort einen Cloud Implementation Specialist (gn) , d…",Cloud Implementation Specialist (gn),Adzuna::API::Response::Job,,,,
7.112412,"{'label': 'IT-Stellen', '__CLASS__': 'Adzuna::API::Response::Category', 'tag': 'it-jobs'}",eyJhbGciOiJIUzI1NiJ9.eyJpIjoiNTgwNzA4OTA5MSIsInMiOiJ6RXg2QmlHRThSR2FVZTBweTltNnVnIn0.g2etXgY_6skojbbQri6hFIcn9Li0mo7TsrTwDdFxxs8,"{'display_name': 'Deutsches Zentrum für Neurodegenerative Erkrankungen e.V. ', '__CLASS__': 'Adzuna::API::Response::Company'}",0,"{'area': ['Deutschland', 'Nordrhein-Westfalen', 'Bonn'], 'display_name': 'Bonn, Nordrhein-Westfalen', '__CLASS__': 'Adzuna::API::Response::Location'}",https://www.adzuna.de/land/ad/5807089091?se=zEx6BiGE8RGaUe0py9m6ug&utm_medium=api&utm_source=a4bcf954&v=72838A46178A73315838B55940F58907F9D2EC39,50.71942,5807089091,2026-07-19T12:17:11Z,"Senior Specialist (m/w/d) Scientific IT Code: 1558/2026/7 in Vollzeit, auf zwei Jahre befristet, mit Option auf Entfristung Standort: Bonn Das Deutsche Zentrum für Neurodegenerative Erkrankungen (DZNE) ist ein weltweit führendes, international ausgerichtetes Forschungszentrum, das sich der Entdeckung neuer Ansätze zur Prävention und Behandlung neurodegenerativer Erkrankungen verschrieben hat. Aufgaben Sie unterstützen den Team Lead bei der Umsetzung der KI‑Strategie und übernehmen die operative…",Senior Specialist (m/w/d) Scientific IT,Adzuna::API::Response::Job,,,,
9.856945,"{'tag': 'unknown', '__CLASS__': 'Adzuna::API::Response::Category', 'label': 'Unknown'}",eyJhbGciOiJIUzI1NiJ9.eyJzIjoiekV4NkJpR0U4UkdhVWUwcHk5bTZ1ZyIsImkiOiI1NzkwOTgyNDUwIn0.ge9jG17NE6Z-lfaxczJcHfjwyD4BgUB3vQTBTcwtIu4,"{'__CLASS__': 'Adzuna::API::Response::Company', 'display_name': 'Wieland-Werke AG'}",0,"{'__CLASS__': 'Adzuna::API::Response::Location', 'display_name': 'Ulm, Baden-Württemberg', 'area': ['Deutschland', 'Baden-Württemberg', 'Ulm']}",https://www.adzuna.de/land/ad/5790982450?se=zEx6BiGE8RGaUe0py9m6ug&utm_medium=api&utm_source=a4bcf954&v=A5ECC4A9269AED8833E578A6033ACD3958D53F77,48.383137,5790982450,2026-07-07T15:14:13Z,"Potenziale freisetzen. Kupfer verbindet die Welt - in Technologien wie der E-Mobilität, der Energie- und Datenübertragung, der Kälte- und Klimatechnik, der Digitalisierung, dem Internet of Things. Überrasche uns durch dein frisches Denken mit neuen Impulsen und gestalte die Welt von morgen. Entdecke dabei zahlreiche Möglichkeiten, deine Potenziale freizusetzen. Wieland steht für Vielfalt und Chancengleichheit - aus diesem Grund freuen wir uns auf individuelle Bewerbungen unabhängig von Alter, G…",Prädiktive Sicherheit trifft Industrie: Masterarbeit in der Arbeitssicherheit der Zukunft (m/w/d),Adzuna::API::Response::Job,,,,
9.026231,"{'label': 'Unknown', 'tag': 'unknown', '__CLASS__': 'Adzuna::API::Response::Category'}",eyJhbGciOiJIUzI1NiJ9.eyJpIjoiNTgwNzI5OTA0MSIsInMiOiJ6RXg2QmlHRThSR2FVZTBweTltNnVnIn0.IbIHlDCIOmHJll3EeQeK-M2kVjxHV6CsArnPKiRBkxo,"{'display_name': 'Mercedes-Benz AG', '__CLASS__': 'Adzuna::API::Response::Company'}",0,"{'__CLASS__': 'Adzuna::API::Response::Location', 'display_name': 'Sindelfingen, Böblingen (Kreis)', 'area': ['Deutschland', 'Baden-Württemberg', 'Böblingen (Kreis)', 'Sindelfingen']}",https://www.adzuna.de/land/ad/5807299041?se=zEx6BiGE8RGaUe0py9m6ug&utm_medium=api&utm_source=a4bcf954&v=06A66CE101860D15A11CFA8EAEC58479E4FC5B38,48.720071,5807299041,2026-07-19T19:21:05Z,"Life is always about becoming… Im Leben geht es darum, sich auf eine Reise zu begeben, um die beste Version unseres zukünftigen Selbst zu werden. Während wir Neues entdecken, stellen wir uns Herausforderungen, meistern sie und wachsen über uns hinaus. Bewerben Sie sich bei Mercedes-Benz und finden Sie den Aufgabenbereich, in dem Sie Ihre Talente individuell entfalten können. Dabei werden Sie von visionären Kolleginnen und Kollegen unterstützt, die Ihren Pioniergeist teilen. Bei uns einzusteigen…",Werkstudent*in Prozessautomatisierung & Digitale Transformation Drive Systems - Softwarekoordination CDCC & Variantencodierung,Adzuna::API::Response::Job,,,,
9.038559,"{'tag': 'it-jobs', '__CLASS__': 'Adzuna::API::Response::Category', 'label': 'IT-Stellen'}",eyJhbGciOiJIUzI1NiJ9.eyJpIjoiNTgwNjk1NzE0NSIsInMiOiJ6RXg2QmlHRThSR2FVZTBweTltNnVnIn0.BM5KiausnIJm91IUDccsIIygOR9ob1fZ2uU5QO9R6CM,"{'__CLASS__': 'Adzuna::API::Response::Company', 'display_name': 'Stadtwerke Tübingen GmbH'}",0,"{'display_name': 'Tübingen, Tübingen (Kreis)', '__CLASS__': 'Adzuna::API::Response::Location', 'area': ['Deutschland', 'Baden-Württemberg', 'Tübingen (Kreis)', 'Tübingen']}",https://www.adzuna.de/land/ad/5806957145?se=zEx6BiGE8RGaUe0py9m6ug&utm_medium=api&utm_source=a4bcf954&v=37EA2AA0ACD3D043ED631280CDDA684B1B2E4107,48.516993,5806957145,2026-07-19T09:40:34Z,"Innovativ, nachhaltig, verantwortlich – das sind die Stadtwerke Tübingen. Als modernes und familienfreundliches Dienstleistungsunternehmen sind wir mit unseren 600 Mitarbeitenden in der Region aktiv und leisten einen wichtigen Beitrag zu den Klimazielen der Universitätsstadt Tübingen. Wir suchen für unsere Abteilung Beschaffung und Statistik Fachentwickler für energiewirtschaftliche IT-Prozesse (m/w/d) Aufgaben Sie übernehmen die fachliche und technische Weiterentwicklung energiewirtschaftliche…",Fachentwickler für energiewirtschaftliche IT-Prozesse (m/w/d),Adzuna::API::Response::Job,,,,
9.202888,"{'__CLASS__': 'Adzuna::API::Response::Category', 'label': 'IT-Stellen', 'tag': 'it-jobs'}",eyJhbGciOiJIUzI1NiJ9.eyJzIjoiSkZtckJ5R0U4UkdGNUxOYWxfazNnQSIsImkiOiI1Nzk4ODYwNDM4In0.Yar_QKA5-WX-hHyYz1zT7HnHQY__Rv0bhO9gIMawBzk,"{'__CLASS__': 'Adzuna::API::Response::Company', 'display_name': 'Almato AG'}",0,"{'area': ['Deutschland', 'Baden-Württemberg', 'Reutlingen (Kreis)', 'Reutlingen'], '__CLASS__': 'Adzuna::API::Response::Location', 'display_name': 'Reutlingen, Reutlingen (Kreis)'}",https://www.adzuna.de/land/ad/5798860438?se=JFmrByGE8RGF5LNal_k3gA&utm_medium=api&utm_source=a4bcf954&v=7C49E93B15F7C61F8DB355B7BC3E1E0C14003946,48.506053,5798860438,2026-07-13T15:27:25Z,"Die Almato mit Hauptsitz in Stuttgart ist der europäische Spezialist für KI-gestützte semantische Datenplattformen. Mit Bardioc, der AI-powered Semantic Data Platform, bietet Almato eine souveräne und leistungsstarke Lösung zur intelligenten Nutzung von Daten, verfügbar in verschiedenen Betriebsmodellen, darunter als Platform as a Service (PaaS). Rund 200 Mitarbeiter unterstützen Organisationen aus Wirtschaft, öffentlichem Sektor und Verteidigung gemeinsam mit führenden Partnern in den Bereiche…",Semantic Developer (all genders),Adzuna::API::Response::Job,,,,
8.055137,"{'__CLASS__': 'Adzuna::API::Response::Category', 'label': 'Beraterstellen', 'tag': 'consultancy-jobs'}",eyJhbGciOiJIUzI1NiJ9.eyJpIjoiNTc3MzE4MDkxMiIsInMiOiJKRm1yQnlHRThSR0Y1TE5hbF9rM2dBIn0.F8x3lXIBOQcG9EH0PNa_hYgUxRX05eyThiDOGXoC-h4,"{'__CLASS__': 'Adzuna::API::Response::Company', 'display_name': 'ADI Solutions GmbH'}",0,"{'area': ['Deutschland', 'Niedersachsen', 'Osnabrück (Kreis)', 'Osnabrück'], '__CLASS__': 'Adzuna::API::Response::Location', 'display_name': 'Osnabrück, Osnabrück (Kreis)'}",https://www.adzuna.de/land/ad/5773180912?se=JFmrByGE8RGF5LNal_k3gA&utm_medium=api&utm_source=a4bcf954&v=F900DE2D077FAD648EE377A9625F9BBF03F96C8E,52.274227,5773180912,2026-06-23T06:22:13Z,"Die ADI Solutions GmbH steht für moderne Softwareentwicklung – international ausgerichtet. An unseren Standorten in Osnabrück und Venlo sowie gemeinsam mit internationalen Kollegen entwickeln rund 50 Mitarbeitende Lösungen, die weltweit im Einsatz sind – bei über 100 Kunden in mehr als 25 Ländern. Was uns antreibt, ist die Verbindung von Menschen, Ideen und Technologien. Ob ERP mit Microsoft Dynamics 365 Business Central, Business Intelligence, Power Platform, Web-Apps oder KI – wir schaffen Lö…",Teamlead Artificial Intelligence - MLOps / Machine Learning (m/w/d),Adzuna::API::Response::Job,,,,
8.412378,"{'__CLASS__': 'Adzuna::API::Response::Category', 'label': 'Teilzeitstellen', 'tag': 'part-time-jobs'}",eyJhbGciOiJIUzI1NiJ9.eyJpIjoiNTc5MzQ5NDI4MiIsInMiOiJKRm1yQnlHRThSR0Y1TE5hbF9rM2dBIn0.FxhVmiwjvd-lAZmtqlyC67oOJ4XnTpIHkSTMKO-wsjk,"{'__CLASS__': 'Adzuna::API::Response::Company', 'display_name': 'Atruvia AG'}",0,"{'display_name': 'Karlsruhe, Karlsruhe (Kreis)', 'area': ['Deutschland', 'Baden-Württemberg', 'Karlsruhe (Kreis)', 'Karlsruhe'], '__CLASS__': 'Adzuna::API::Response::Location'}",https://www.adzuna.de/land/ad/5793494282?se=JFmrByGE8RGF5LNal_k3gA&utm_medium=api&utm_source=a4bcf954&v=55D0F7DC6645ECDA1D2B9247D973D80AD7DF0682,49.001249,5793494282,2026-07-09T02:54:13Z,"Gestalte die Zukunft mit KI– Starte dein Duales Studium im Bereich Data Science&Künstlicher Intelligenz! Du möchtest mit Daten arbeiten, smarte Lösungen entwickeln und herausfinden, wie KI den Alltag von Millionen Menschen erleichtern kann? Im dualen Studium Data Science&Künstliche Intelligenz bei Atruvia verbindest du Theorie und Praxis in einem der spannendsten IT-Bereicheüberhaupt. Deine Aufgaben: Entwickle KI-Lösungen: Du unterstützt bei der Entwicklung von Data-Science- und KI-Lösungen– vo…","Duales Studium Data Science&Künstliche Intelligenz B.Sc. (m/w/d), Karlsruhe 2027",Adzuna::API::Response::Job,,,,
12.112321,"{'label': 'Teilzeitstellen', 'tag': 'part-time-jobs', '__CLASS__': 'Adzuna::API::Response::Category'}",eyJhbGciOiJIUzI1NiJ9.eyJpIjoiNTc4NjEyNzYyOSIsInMiOiJKRm1yQnlHRThSR0Y1TE5hbF9rM2dBIn0.go_Dvpn5PS_a9oARQTOBO_DXebC7JqUM9p5dbzfb2Yw,"{'__CLASS__': 'Adzuna::API::Response::Company', 'display_name': 'Siemens AG'}",0,"{'display_name': 'Regensburg, Regensburg (Kreis)', '__CLASS__': 'Adzuna::API::Response::Location', 'area': ['Deutschland', 'Bayern', 'Regensburg (Kreis)', 'Regensburg']}",https://www.adzuna.de/land/ad/5786127629?se=JFmrByGE8RGF5LNal_k3gA&utm_medium=api&utm_source=a4bcf954&v=987EF2E6E89302F989CBC680D81CA74A1C09AA69,49.022981,5786127629,2026-07-03T01:17:13Z,"Dein Berufsbild: Du möchtest irgendwas mit Mathe machen und in deinen Zukunftsplänen ist Digitalisierung vorprogrammiert? Dann entscheide dich für den dualen Studiengang Künstliche Intelligenz und Data Science zur Befähigung zur Elektrofachkraft (w/m/d) und werde zum*zur Administrator*in deiner Karriere. Zur täglichen Arbeit von technischen Informatiker*innen gehören Daten, Cloud und Echtzeitkommunikation, dazu hardwarenahe Programmierung und Automatisierung. Projektlösungen für die Digitalisie…",Künstliche Intelligenz und Data Science (B.Sc.) mit Befähigung zur Elektrofachkraft (w/m/d) 2027,Adzuna::API::Response::Job,,,,
8.753842,"{'tag': 'part-time-jobs', 'label': 'Teilzeitstellen', '__CLASS__': 'Adzuna::API::Response::Category'}",eyJhbGciOiJIUzI1NiJ9.eyJpIjoiNTc1MDM5NjYyMCIsInMiOiJKRm1yQnlHRThSR0Y1TE5hbF9rM2dBIn0.rhr0lYDuIKAXqewR622HcHWQ6AqX-jDaZ1iAikJoQU0,"{'display_name': 'Westfalen Weser Netz GmbH', '__CLASS__': 'Adzuna::API::Response::Company'}",0,"{'display_name': 'Paderborn, Paderborn (Kreis)', '__CLASS__': 'Adzuna::API::Response::Location', 'area': ['Deutschland', 'Nordrhein-Westfalen', 'Paderborn (Kreis)', 'Paderborn']}",https://www.adzuna.de/land/ad/5750396620?se=JFmrByGE8RGF5LNal_k3gA&utm_medium=api&utm_source=a4bcf954&v=D056E22E56F35755F5E799EB89C67A14F64D0834,51.737096,5750396620,2026-06-03T11:42:34Z,Deine Aufga ben Als Bachelor of Science Wirtschaftsinformatik - Künstliche Intelligenz&Data Science (m/w/d) lernst du bei uns verschiedene Themengebiete kennen: Du analysierst Unternehmensdaten zielsicher und bereitest diese auf. Du sorgst für Datentransparenz im Unternehmen. Du arbeitest in Business Intelligence Projekten. Du setzt unsere Datenstrategie im Team um. Ausbildungsort: Paderborn Ausbildungsdauer: 6 Semester Partnerhochschule: Fachhochschule der Wirtschaft Fürstenallee 5 33102 Pader…,Duales Studium Bachelor of Science Wirtschaftsinformatik - KI&Data Science (m/w/d) 2026,Adzuna::API::Response::Job,,,,
8.71298,"{'tag': 'part-time-jobs', 'label': 'Teilzeitstellen', '__CLASS__': 'Adzuna::API::Response::Category'}",eyJhbGciOiJIUzI1NiJ9.eyJzIjoiSkZtckJ5R0U4UkdGNUxOYWxfazNnQSIsImkiOiI1NzUwMzc4ODc0In0.MkdERj1NwruGPzrd46CJ3L0iSuNjtiHJGo7OoVcKwBM,"{'display_name': 'HORNBACH Baumarkt AG', '__CLASS__': 'Adzuna::API::Response::Company'}",0,"{'display_name': 'Bornheim, Frankfurt am Main', '__CLASS__': 'Adzuna::API::Response::Location', 'area': ['Deutschland', 'Hessen', 'Frankfurt am Main', 'Bornheim']}",https://www.adzuna.de/land/ad/5750378874?se=JFmrByGE8RGF5LNal_k3gA&utm_medium=api&utm_source=a4bcf954&v=EC512D21B01813800BFB53C16098E3BF51670B73,50.1246,5750378874,2026-06-03T11:36:54Z,"Hast Du Deinen Weg schon gefunden? Für Deinen Weg bei uns bringst Du mit: 3 Jahre Zeit und allgemeine Hochschulreife oder Fachhochschulreife  Studierfähigkeitstest Hier baust Du Dein theoretisches Fundament: DHBW Karlsruhe Die Praxis lernst Du hier : HORNBACH Zentrale in Bornheim bei Landau i. d. Pfalz Startschuss für Deine Zukunft bei HORNBACH: 01.10.2026 Darauf kannst Du Dich freuen: Gehalt - logisch! 1. Jahr: 1.250 €, 2. Jahr: 1.500 €, 3. Jahr: 1.750 € Mehr – klar! Neben Deinem Gehalt sowie …",Duales Studium - Bachelor of Science - Informatik - Data Science und KI (gn) für 2026 - ID 150988,Adzuna::API::Response::Job,,,,
10.046201,"{'tag': 'pr-advertising-marketing-jobs', 'label': 'Stellen aus PR, Werbung & Marketing', '__CLASS__': 'Adzuna::API::Response::Category'}",eyJhbGciOiJIUzI1NiJ9.eyJpIjoiNTgwNDkxMDc2NiIsInMiOiJKRm1yQnlHRThSR0Y1TE5hbF9rM2dBIn0.NA7OhZdYDmpxkABLm18Rg9hRA28UCAO1THg3kIcuW-o,"{'display_name': 'Daimler Buses GmbH', '__CLASS__': 'Adzuna::API::Response::Company'}",0,"{'display_name': 'Neu-Ulm, Neu-Ulm (Kreis)', 'area': ['Deutschland', 'Bayern', 'Neu-Ulm (Kreis)', 'Neu-Ulm'], '__CLASS__': 'Adzuna::API::Response::Location'}",https://www.adzuna.de/land/ad/5804910766?se=JFmrByGE8RGF5LNal_k3gA&utm_medium=api&utm_source=a4bcf954&v=DE434EBBB018F9EAFF787C99AF21FBA79267B690,48.377667,5804910766,2026-07-17T15:29:08Z,"Bei Daimler Buses gestalten wir rund um den Globus die Zukunft der Mobilität und erzielen damit gemeinsam echte Wirkung. Als weltweit führender Bushersteller entwickeln und bauen wir nicht nur die besten Busse, sondern bringen den gesamten öffentlichen Personennah- und Reiseverkehr mit intelligenten und innovativen Services weiter voran. Wir übernehmen Verantwortung für lebenswerte Städte und arbeiten daran, unsere Vision nachhaltiger und zukunftsfähiger Mobilität Wirklichkeit werden zu lassen.…",Praktikum im Bereich Produktmanagement ab September 2026,Adzuna::API::Response::Job,,,,
6.808387,"{'tag': 'it-jobs', 'label': 'IT-Stellen', '__CLASS__': 'Adzuna::API::Response::Category'}",eyJhbGciOiJIUzI1NiJ9.eyJzIjoiSkZtckJ5R0U4UkdGNUxOYWxfazNnQSIsImkiOiI1Nzc4NjEzMzkxIn0.MTNf0WTTxbhIBfAdB6WZbU-urB5zcFBVlvcgvXD4Ezo,"{'__CLASS__': 'Adzuna::API::Response::Company', 'display_name': 'Rheinmetall IT Solutions GmbH'}",0,"{'area': ['Deutschland', 'Nordrhein-Westfalen', 'Düsseldorf'], '__CLASS__': 'Adzuna::API::Response::Location', 'display_name': 'Düsseldorf, Nordrhein-Westfalen'}",https://www.adzuna.de/land/ad/5778613391?se=JFmrByGE8RGF5LNal_k3gA&utm_medium=api&utm_source=a4bcf954&v=B15CEFDC6F71F8BDABEF7AAE8FA3F34576B6B996,51.226802,5778613391,2026-06-27T06:23:35Z,"Die börsennotierte Rheinmetall AG mit Sitz in Düsseldorf steht als integrierter Technologiekonzern für ein ebenso substanzstarkes wie international erfolgreiches Unternehmen. Als domänenübergreifendes Systemhaus der Sicherheits- und Verteidigungsindustrie bieten wir ein innovatives Produkt- und Leistungsspektrum für den Einsatz zu Lande, zu Wasser, in der Luft und im Weltraum. Durch unsere Arbeit auf unterschiedlichen Feldern übernehmen wir bei Rheinmetall Verantwortung in einer sich dramatisch…",Expert IT License Management (m/w/d),Adzuna::API::Response::Job,,,,
11.034353,"{'__CLASS__': 'Adzuna::API::Response::Category', 'label': 'Unknown', 'tag': 'unknown'}",eyJhbGciOiJIUzI1NiJ9.eyJpIjoiNTgwNjE2Mjk3OCIsInMiOiJKRm1yQnlHRThSR0Y1TE5hbF9rM2dBIn0.xsqw8o8FshY_vIEYr8HrckkFvZNGN6jy_UccqeepIhA,"{'__CLASS__': 'Adzuna::API::Response::Company', 'display_name': 'Thüringer Landesrechenzentrum'}",0,"{'area': ['Deutschland', 'Thüringen', 'Erfurt (Kreis)', 'Erfurt'], '__CLASS__': 'Adzuna::API::Response::Location', 'display_name': 'Erfurt, Erfurt (Kreis)'}",https://www.adzuna.de/land/ad/5806162978?se=JFmrByGE8RGF5LNal_k3gA&utm_medium=api&utm_source=a4bcf954&v=27CDAC9025B7A0372A818A1FFC0E9F03BCFB2EB1,50.977166,5806162978,2026-07-18T15:33:39Z,"Mit Ihrem Know-how und Ihren Ideen gestalten Sie die Digitalisierung des Freistaats Thüringen aktiv mit. Sie denken lösungsorientiert, arbeiten strukturiert und behalten auch in komplexen Situationen den Überblick? Dann sind Sie beim Thüringer Landesrechenzentrum genau richtig. Gemeinsam mit dem Thüringer Ministerium für Digitales und Infrastruktur treiben wir die Digitalisierung der Thüringer Landesverwaltung aktiv voran. Wir suchen Sie zum nächstmöglichen Zeitpunkt für das Thüringer Ministeri…",Application Manager (m/w/d) Künstliche Intelligenz,Adzuna::API::Response::Job,,,,
6.969972,"{'tag': 'unknown', 'label': 'Unknown', '__CLASS__': 'Adzuna::API::Response::Category'}",eyJhbGciOiJIUzI1NiJ9.eyJpIjoiNTgwMjM3Njg5NSIsInMiOiJKRm1yQnlHRThSR0Y1TE5hbF9rM2dBIn0.0T5kZ8gNg5Q6GGuOyR7KnZ7ljMIA247gTPH5mOnlXyw,"{'display_name': 'AXA Konzern AG', '__CLASS__': 'Adzuna::API::Response::Company'}",0,"{'display_name': 'Köln, Nordrhein-Westfalen', 'area': ['Deutschland', 'Nordrhein-Westfalen', 'Köln'], '__CLASS__': 'Adzuna::API::Response::Location'}",https://www.adzuna.de/land/ad/5802376895?se=JFmrByGE8RGF5LNal_k3gA&utm_medium=api&utm_source=a4bcf954&v=3F0416732159B009CFEE1FBD56D00F732CEEEE0C,50.940164,5802376895,2026-07-16T09:08:28Z,"AXA Deutschland ist Teil der AXA Gruppe, einem der weltweit führenden Versicherungsunternehmen. Als einer der größten Erstversicherer in Deutschland betreuen wir rund 8 Millionen Kund:innen im Bereich Vorsorge und Versicherung. Was uns bei AXA antreibt? Unsere Neugier und unser Mut zur Innovation! Gemeinsam mit über 8.000 Kolleg:innen in ganz Deutschland gestalten wir die Zukunft der Versicherung aktiv mit. Wir sind auf der Suche nach kreativen und analytischen Köpfen, die sich auch von Herausf…",Senior Aktuar Finance & Reserving P&C (m/w/d),Adzuna::API::Response::Job,,,,
8.650578,"{'__CLASS__': 'Adzuna::API::Response::Category', 'label': 'Unknown', 'tag': 'unknown'}",eyJhbGciOiJIUzI1NiJ9.eyJpIjoiNTc5MjQyNTI0NSIsInMiOiJKRm1yQnlHRThSR0Y1TE5hbF9rM2dBIn0.rArwxjSO7lX4XrQ-KiR78NZqJj8Seie0aT6NUt0RM7Q,"{'display_name': 'Föderale IT-Kooperation ', '__CLASS__': 'Adzuna::API::Response::Company'}",0,"{'__CLASS__': 'Adzuna::API::Response::Location', 'area': ['Deutschland', 'Hessen', 'Frankfurt am Main'], 'display_name': 'Frankfurt am Main, Hessen'}",https://www.adzuna.de/land/ad/5792425245?se=JFmrByGE8RGF5LNal_k3gA&utm_medium=api&utm_source=a4bcf954&v=122D0DD9E73D1B0FE39690D937556C3A2B64A835,50.129683,5792425245,2026-07-08T13:03:20Z,"Verwaltung und Innovation – passt das zusammen? Wir sagen: Ja! Mit rund 150 Mitarbeiter:innen treiben wir als agile Einheit die Digitalisierung der Verwaltung in Deutschland voran – schlank, spezialisiert und mit Gestaltungsspielraum. Als Umsetzungseinheit des IT-Planungsrats stärken wir die Handlungsfähigkeit, schaffen Synergien und vernetzen Akteure. Unsere Zusammenarbeit basiert auf Offenheit, Vertrauen und Wertschätzung – Vielfalt auf Augenhöhe prägt unser Miteinander. Was uns eint: die Mot…",Produktgruppenleitung Marktplätze (m/w/d),Adzuna::API::Response::Job,,,,
10.137982,"{'__CLASS__': 'Adzuna::API::Response::Category', 'tag': 'unknown', 'label': 'Unknown'}",eyJhbGciOiJIUzI1NiJ9.eyJzIjoiSkZtckJ5R0U4UkdGNUxOYWxfazNnQSIsImkiOiI1ODA1NTkwMzY2In0.0fecChxqz5qlIVE5GEEKTkCrB5K5_mmhnlme1I7csD0,"{'display_name': 'Duale Hochschule Schleswig-Holstein ', '__CLASS__': 'Adzuna::API::Response::Company'}",0,"{'display_name': 'Kiel, Schleswig-Holstein', '__CLASS__': 'Adzuna::API::Response::Location', 'area': ['Deutschland', 'Schleswig-Holstein', 'Kiel']}",https://www.adzuna.de/land/ad/5805590366?se=JFmrByGE8RGF5LNal_k3gA&utm_medium=api&utm_source=a4bcf954&v=256AFFCC0D85C7C08017E473C33B2EC573425D86,54.319658,5805590366,2026-07-18T03:18:54Z,"Die Duale Hochschule Schleswig-Holstein (DHSH) bietet als staatlich anerkannte Hochschule für angewandte Wissenschaften an den Studienstandorten Kiel, Lübeck und Flensburg duale Studiengänge und praxisverbundene Forschung. Vor über 50 Jahren als Berufsakademie Schleswig-Holstein gegründet, bietet die DHSH Studierenden die Chance, von jahrzehntelanger Erfahrung im dualen Studium zu profitieren. Angeboten werden in Zusammenarbeit mit über 400 Partnerunternehmen die dualen Bachelorstudiengänge Bet…",Duales Studium Wirtschaftsinformatik an der DHSH in Kiel,Adzuna::API::Response::Job,,,,
12.33728,"{'label': 'Stellen aus Buchhaltung & Finanzwesen', 'tag': 'accounting-finance-jobs', '__CLASS__': 'Adzuna::API::Response::Category'}",eyJhbGciOiJIUzI1NiJ9.eyJpIjoiNTc5ODk1ODg4NyIsInMiOiJKRm1yQnlHRThSR0Y1TE5hbF9rM2dBIn0.fIQcWTPYw2CsC918mQz9KENqF7DuBpa2dlGIQo6RYVw,"{'__CLASS__': 'Adzuna::API::Response::Company', 'display_name': 'CTC gGmbH – Center for the Transformation of Chemistry'}",0,"{'display_name': 'Delitzsch, Nordsachsen (Kreis)', 'area': ['Deutschland', 'Sachsen', 'Nordsachsen (Kreis)', 'Delitzsch'], '__CLASS__': 'Adzuna::API::Response::Location'}",https://www.adzuna.de/land/ad/5798958887?se=JFmrByGE8RGF5LNal_k3gA&utm_medium=api&utm_source=a4bcf954&v=75A034F5EE6774724B91C8F38953C1086EEFEFD9,51.52196,5798958887,2026-07-13T19:00:09Z,"Das Center for the Transformation of Chemistry (CTC) ist ein neu entstehendes Großforschungszentrum in Mitteldeutschland mit den Standorten Delitzsch in Sachsen und Merseburg in Sachsen-Anhalt. Das Zentrum wird in der Gesellschaftsform einer gGmbH vom Bund sowie den Ländern Sachsen und Sachsen-Anhalt betrieben und finanziert. Am CTC wollen wir Chemie neu denken und umsetzen – und zwar auf vielen Ebenen: neue Materialien, neue chemische Prozesse und Anlagen und eine neue Art chemisch zu forschen…",Leitung Stabsstelle Interne Revision (m/w/d),Adzuna::API::Response::Job,,,,
11.555737,"{'__CLASS__': 'Adzuna::API::Response::Category', 'tag': 'customer-services-jobs', 'label': 'Kundendienststellen'}",eyJhbGciOiJIUzI1NiJ9.eyJpIjoiNTgwNjI1NTc4NyIsInMiOiJKRm1yQnlHRThSR0Y1TE5hbF9rM2dBIn0.CFmfISgza72B3K7L9aG9T14kV2NarCR9XccEvEIcmJg,"{'__CLASS__': 'Adzuna::API::Response::Company', 'display_name': 'ASAMBEAUTY GmbH'}",0,"{'area': ['Deutschland', 'Bayern', 'München (Kreis)', 'München'], '__CLASS__': 'Adzuna::API::Response::Location', 'display_name': 'München, München (Kreis)'}",https://www.adzuna.de/land/ad/5806255787?se=JFmrByGE8RGF5LNal_k3gA&utm_medium=api&utm_source=a4bcf954&v=05A497B2B2343D96BB95ECCE8E10BFA3EA98127A,48.137418,5806255787,2026-07-18T17:37:08Z,"Deine Mission: Du denkst in Kundenbeziehungen statt in Kampagnen und weißt, dass der wahre Wert nicht im ersten Kauf liegt, sondern in allem, was danach kommt? Dann gestalte mit uns, wie aus Erstkäuferinnen echte Stammkundinnen werden. Als Head of Retention & Lifecycle Management verantwortest Du unsere CRM-Strategie und entwickelst unsere Lifecycle- und Retention-Programme kontinuierlich weiter. Als Business Owner für den Customer Lifetime Value machst Du nachhaltiges Kundenwachstum zu Deiner …",Head of Lifecycle & Retention (m/w/d),Adzuna::API::Response::Job,,,,
8.412378,"{'__CLASS__': 'Adzuna::API::Response::Category', 'label': 'Beraterstellen', 'tag': 'consultancy-jobs'}",eyJhbGciOiJIUzI1NiJ9.eyJpIjoiNTgwNTQyNTk0OCIsInMiOiJKRm1yQnlHRThSR0Y1TE5hbF9rM2dBIn0.BuXFVQJyRT8q1XXKlwIMP2JfHWash5vKItQD8ehNoi8,"{'__CLASS__': 'Adzuna::API::Response::Company', 'display_name': 'Blue Yonder'}",0,"{'display_name': 'Karlsruhe, Karlsruhe (Kreis)', 'area': ['Deutschland', 'Baden-Württemberg', 'Karlsruhe (Kreis)', 'Karlsruhe'], '__CLASS__': 'Adzuna::API::Response::Location'}",https://www.adzuna.de/details/5805425948?utm_medium=api&utm_source=a4bcf954,49.001249,5805425948,2026-07-18T00:48:17Z,"Overview The Data Science Consultant provides services that maximize the value of the customer’s business through data-driven insights and enhanced decision support. This role will be responsible for advising the customer and recommending software configuration alternatives and adapting the software that is configured to optimize the solution so that the customer may realize the maximum value from the software. Responsibilities: Perform data analysis to discover patterns, trends and anomalies i…",Data Science Consultant,Adzuna::API::Response::Job,full_time,,,
9.2274,"{'__CLASS__': 'Adzuna::API::Response::Category', 'label': 'Unknown', 'tag': 'unknown'}",eyJhbGciOiJIUzI1NiJ9.eyJpIjoiNTc4NjA4NjQzNiIsInMiOiJKRm1yQnlHRThSR0Y1TE5hbF9rM2dBIn0.rEpDiObMRDykBlKMZ6Gfa-K9_xXg_B2nN2K9-YHG_PI,"{'display_name': 'Lidl Stiftung', '__CLASS__': 'Adzuna::API::Response::Company'}",0,"{'display_name': 'Neckarsulm, Heilbronn (Kreis)', 'area': ['Deutschland', 'Baden-Württemberg', 'Heilbronn (Kreis)', 'Neckarsulm'], '__CLASS__': 'Adzuna::API::Response::Location'}",https://www.adzuna.de/details/5786086436?utm_medium=api&utm_source=a4bcf954,49.18975,5786086436,2026-07-03T00:47:24Z,"Deine Aufgaben Werde Teil unseres Daten & KI Teams, unterstütze datenbasierte Analysen und entwickle innovative Automatisierungslösungen. Ab sofort für 4 bis 6 Monate. … konkret heißt das: Erhalte Einblicke in Big Data und Machine Learning Technologien Mitarbeit bei Datenerhebung, -aufbereitung und explorativer Analyse Entwicklung, Validierung und Pilotierung KI- und Statistik-basierte Lösungen für automatisierte Entscheidungen in Fachabteilungen Einbringen in die strategische Definition von Da…",Praktikum Data Science,Adzuna::API::Response::Job,full_time,,,
13.420806,"{'__CLASS__': 'Adzuna::API::Response::Category', 'tag': 'unknown', 'label': 'Unknown'}",eyJhbGciOiJIUzI1NiJ9.eyJpIjoiNTgwMjg4NDYzMiIsInMiOiJKRm1yQnlHRThSR0Y1TE5hbF9rM2dBIn0.bgo4rTo1gpNSQHxUFjn8_NF8n2xpzVz8y_f236MrcuM,"{'display_name': 'Rebuy Recommerce GmbH', '__CLASS__': 'Adzuna::API::Response::Company'}",0,"{'__CLASS__': 'Adzuna::API::Response::Location', 'area': ['Deutschland', 'Berlin'], 'display_name': 'Berlin, Deutschland'}",https://www.adzuna.de/land/ad/5802884632?se=JFmrByGE8RGF5LNal_k3gA&utm_medium=api&utm_source=a4bcf954&v=10DDC44D28EC9F086F9C4AF44AA18B9C137EB6C1,52.507706,5802884632,2026-07-16T15:28:31Z,"We are looking for a Head of Pricing who will own the function with the most direct and immediate impact on our margin. In a two-sided marketplace where we set prices on both what we pay for supply and what we charge buyers, every pricing decision affects customer trust, working capital and inventory velocity, and is thus a primary commercial lever. This is a senior commercial role that will have a margin target, direct access to leadership (reporting to the Chief Commercial Officer), and the m…",Head of Pricing (m/f/x),Adzuna::API::Response::Job,,,,
9.14587,"{'tag': 'unknown', 'label': 'Unknown', '__CLASS__': 'Adzuna::API::Response::Category'}",eyJhbGciOiJIUzI1NiJ9.eyJpIjoiNTc5NjY0Mjg2NyIsInMiOiJKRm1yQnlHRThSR0Y1TE5hbF9rM2dBIn0.eSLyd6wXZuDxjSNOdPkOfOL7k2D-HyyUdi8l-MNwPfw,"{'__CLASS__': 'Adzuna::API::Response::Company', 'display_name': 'Gubesch GmbH'}",0,"{'display_name': 'Mosbach, Neckar-Odenwald-Kreis', '__CLASS__': 'Adzuna::API::Response::Location', 'area': ['Deutschland', 'Baden-Württemberg', 'Neckar-Odenwald-Kreis', 'Mosbach']}",https://www.adzuna.de/land/ad/5796642867?se=JFmrByGE8RGF5LNal_k3gA&utm_medium=api&utm_source=a4bcf954&v=5B087DEE5076BE1B392A204140501E85076D8B1C,49.35198,5796642867,2026-07-11T09:25:33Z,Bei uns gestaltest Du die Zukunft und bringst die digitale Transformation in unsere Fachbereiche. Hierzu erlernst Du grundlegende Kenntnisse zu den Schlüsseltechnologien des digitalen Wandels Data Science und KI im Rahmen eines Studiums an der Dualen Hochschule Baden-Württemberg Mosbach ( https://www.mosbach.dhbw.de/studium/studienangebot-bachelor/data-science-kuenstliche-intelligenz/studieninhalte-profil/ ) und erbringst Deine Praxiseinsätze an unserem Standort Wilhelmsdorf in Mittelfranken. D…,Dualer Student (m/w/d) - Studiengang: Data Science und Künstliche Intelligenz an der dualen Hochschule Mosbach,Adzuna::API::Response::Job,,,,
8.412378,"{'tag': 'other-general-jobs', 'label': 'Sonstige/Allgemeine Stellen', '__CLASS__': 'Adzuna::API::Response::Category'}",eyJhbGciOiJIUzI1NiJ9.eyJzIjoiSkZtckJ5R0U4UkdGNUxOYWxfazNnQSIsImkiOiI1Nzc5MjI4MDM2In0.TBSDtuFLkGxacLN6JOTARHkz2mb1geh0sLlHZ8i25LQ,"{'__CLASS__': 'Adzuna::API::Response::Company', 'display_name': '1&1'}",0,"{'area': ['Deutschland', 'Baden-Württemberg', 'Karlsruhe (Kreis)', 'Karlsruhe'], '__CLASS__': 'Adzuna::API::Response::Location', 'display_name': 'Karlsruhe, Karlsruhe (Kreis)'}",https://www.adzuna.de/land/ad/5779228036?se=JFmrByGE8RGF5LNal_k3gA&utm_medium=api&utm_source=a4bcf954&v=2D7FD09F08878DD67FD39375D9D67EDE6B891926,49.001249,5779228036,2026-06-27T18:26:56Z,"1&1 gehört mit über 3.100 Mitarbeitenden und fast 16 Millionen Kundenverträgen zu den führenden Telekommunikationsanbietern in Deutschland. Mit Pioniergeist, ungewöhnlichen Ideen und kreativen Teams haben wir eine führende Marktstellung im Mobilfunk und bei Breitband-Anschlüssen erobert. Durch die Kombination des über 67.000 km langen 1&1 Glasfasernetzes und regionalen Netzen schaffen wir das weitreichendste Glasfasernetz Deutschlands. Außerdem bauen wir das modernste 5G-Netz Europas, auf der B…",Werkstudent (w/m/d) - Shop Operations,Adzuna::API::Response::Job,,,,
,"{'tag': 'it-jobs', 'label': 'IT-Stellen', '__CLASS__': 'Adzuna::API::Response::Category'}",eyJhbGciOiJIUzI1NiJ9.eyJpIjoiNTc4OTYxNjYzNiIsInMiOiJKRm1yQnlHRThSR0Y1TE5hbF9rM2dBIn0._yuPqd4OAhhovAhbBNf0bfLjHTK6hH_Gw3LERg2Vf90,"{'__CLASS__': 'Adzuna::API::Response::Company', 'display_name': 'Fraport AG'}",0,"{'__CLASS__': 'Adzuna::API::Response::Location', 'area': ['Deutschland', 'Hessen', 'Frankfurt am Main'], 'display_name': 'Frankfurt am Main, Hessen'}",https://www.adzuna.de/land/ad/5789616636?se=JFmrByGE8RGF5LNal_k3gA&utm_medium=api&utm_source=a4bcf954&v=70014EE24C84DF78D302F9568F43E1147BBF08AA,,5789616636,2026-07-06T08:08:34Z,"Willkommen im Team der Fraport AG . Wir sind eines der führenden Unternehmen im Airport Business und betreiben mit dem Flughafen Frankfurt einen der größten Verkehrsflughäfen Europas. Tag für Tag verbinden wir bei Fraport Menschen und Kulturen aus aller Welt – auch als Arbeitgeber. Wir sind das berufliche Zuhause für Menschen aus über 100 Nationen, die an einem Strang ziehen, um unseren Flughafen 365 Tage im Jahr am Laufen zu halten. Du willst deinen eigenen Weg in der Fraport-Welt gehen? Dann …","Bachelor of Science, Angewandte Informatik (m/w/d) (2027)",Adzuna::API::Response::Job,,,,
10.96603,"{'tag': 'unknown', 'label': 'Unknown', '__CLASS__': 'Adzuna::API::Response::Category'}",eyJhbGciOiJIUzI1NiJ9.eyJzIjoiSkZtckJ5R0U4UkdGNUxOYWxfazNnQSIsImkiOiI1NzkyODkyNTk3In0.JkfDhPcPS83PICj9e1RUwEbaUnmhVtjuv59l3Z-Tgc8,"{'display_name': 'HUK-COBURG Versicherungsgruppe', '__CLASS__': 'Adzuna::API::Response::Company'}",0,"{'display_name': 'Coburg, Coburg (Kreis)', '__CLASS__': 'Adzuna::API::Response::Location', 'area': ['Deutschland', 'Bayern', 'Coburg (Kreis)', 'Coburg']}",https://www.adzuna.de/land/ad/5792892597?se=JFmrByGE8RGF5LNal_k3gA&utm_medium=api&utm_source=a4bcf954&v=71D872ADCB737B67197D2C15F5478E7E52A7E249,50.25777,5792892597,2026-07-08T18:49:51Z,"Hallo, lass uns WIR sagen! Im Data Analytics Team der HUK-COBURG transformieren wir Daten in echte Mehrwerte für über 13 Mio. Kund:innen. Als Deutschlands führende Kfz-Versicherung sind wir ein traditionsreiches und stabiles Unternehmen, welches zielgerichtet in Innovation und seine datengetriebene Zukunft investiert. Unsere agilen Data Analytics Teams setzen modernste Machine Learning und KI-Methoden ein, um Prozesse zu optimieren, faire Preise zu berechnen, Schäden digital und intelligent zu …",Senior AI Scientist (w/m/d),Adzuna::API::Response::Job,,,,
9.026231,"{'tag': 'manufacturing-jobs', 'label': 'Stellen aus Fertigung', '__CLASS__': 'Adzuna::API::Response::Category'}",eyJhbGciOiJIUzI1NiJ9.eyJzIjoiSkZtckJ5R0U4UkdGNUxOYWxfazNnQSIsImkiOiI1ODA1NTkwNDU1In0.CC6Sa65TlVS_uOruH_l2V8h8Ho2VW9wy_ICR16HhV30,"{'display_name': 'Mercedes-Benz AG', '__CLASS__': 'Adzuna::API::Response::Company'}",0,"{'display_name': 'Sindelfingen, Böblingen (Kreis)', '__CLASS__': 'Adzuna::API::Response::Location', 'area': ['Deutschland', 'Baden-Württemberg', 'Böblingen (Kreis)', 'Sindelfingen']}",https://www.adzuna.de/land/ad/5805590455?se=JFmrByGE8RGF5LNal_k3gA&utm_medium=api&utm_source=a4bcf954&v=80E63777044489B9A26B6632A895717D30DDD3F2,48.720071,5805590455,2026-07-18T03:19:04Z,"Life is always about becoming… Im Leben geht es darum, sich auf eine Reise zu begeben, um die beste Version unseres zukünftigen Selbst zu werden. Während wir Neues entdecken, stellen wir uns Herausforderungen, meistern sie und wachsen über uns hinaus. Bewerben Sie sich bei Mercedes-Benz und finden Sie den Aufgabenbereich, in dem Sie Ihre Talente individuell entfalten können. Dabei werden Sie von visionären Kolleginnen und Kollegen unterstützt, die Ihren Pioniergeist teilen. Bei uns einzusteigen…",Praktikant*in Digital Process Innovation,Adzuna::API::Response::Job,,,,
9.32281,"{'label': 'Unknown', 'tag': 'unknown', '__CLASS__': 'Adzuna::API::Response::Category'}",eyJhbGciOiJIUzI1NiJ9.eyJzIjoiSkZtckJ5R0U4UkdGNUxOYWxfazNnQSIsImkiOiI1ODA3MzI4MTA5In0.nKGga1gUjIjU-MEr_d25_y14IZ-cRah4ibKk6mADfcM,"{'display_name': 'Mercedes-Benz AG', '__CLASS__': 'Adzuna::API::Response::Company'}",0,"{'area': ['Deutschland', 'Baden-Württemberg', 'Ludwigsburg (Kreis)', 'Affalterbach'], '__CLASS__': 'Adzuna::API::Response::Location', 'display_name': 'Affalterbach, Ludwigsburg (Kreis)'}",https://www.adzuna.de/land/ad/5807328109?se=JFmrByGE8RGF5LNal_k3gA&utm_medium=api&utm_source=a4bcf954&v=D823CA7BA567122A99B12F996162301FC01C4D7A,48.92287,5807328109,2026-07-19T21:32:49Z,"Life is always about becoming… Im Leben geht es darum, sich auf eine Reise zu begeben, um die beste Version unseres zukünftigen Selbst zu werden. Während wir Neues entdecken, stellen wir uns Herausforderungen, meistern sie und wachsen über uns hinaus. Bewerben Sie sich bei Mercedes-Benz und finden Sie den Aufgabenbereich, in dem Sie Ihre Talente individuell entfalten können. Dabei werden Sie von visionären Kolleginnen und Kollegen unterstützt, die Ihren Pioniergeist teilen. Bei uns einzusteigen…",Werkstudent*in Prozessautomatisierung & Digitale Transformation Drive Systems - Softwareprojekte AMG,Adzuna::API::Response::Job,,,,
9.026231,"{'__CLASS__': 'Adzuna::API::Response::Category', 'tag': 'unknown', 'label': 'Unknown'}",eyJhbGciOiJIUzI1NiJ9.eyJzIjoiSkZtckJ5R0U4UkdGNUxOYWxfazNnQSIsImkiOiI1ODA3MzI4MDc4In0.tPXPbmqeWNi_BFviV6o9Hv7bzLinh-l019E5zB1OmRY,"{'display_name': 'Mercedes-Benz AG', '__CLASS__': 'Adzuna::API::Response::Company'}",0,"{'__CLASS__': 'Adzuna::API::Response::Location', 'area': ['Deutschland', 'Baden-Württemberg', 'Böblingen (Kreis)', 'Sindelfingen'], 'display_name': 'Sindelfingen, Böblingen (Kreis)'}",https://www.adzuna.de/land/ad/5807328078?se=JFmrByGE8RGF5LNal_k3gA&utm_medium=api&utm_source=a4bcf954&v=EC58AB38E3ACA1312FDAB3AB25A0491CAA46D938,48.720071,5807328078,2026-07-19T21:32:48Z,"Life is always about becoming… Im Leben geht es darum, sich auf eine Reise zu begeben, um die beste Version unseres zukünftigen Selbst zu werden. Während wir Neues entdecken, stellen wir uns Herausforderungen, meistern sie und wachsen über uns hinaus. Bewerben Sie sich bei Mercedes-Benz und finden Sie den Aufgabenbereich, in dem Sie Ihre Talente individuell entfalten können. Dabei werden Sie von visionären Kolleginnen und Kollegen unterstützt, die Ihren Pioniergeist teilen. Bei uns einzusteigen…",Werkstudent*in Prozessautomatisierung & Digitale Transformation,Adzuna::API::Response::Job,,,,
11.034353,"{'tag': 'unknown', 'label': 'Unknown', '__CLASS__': 'Adzuna::API::Response::Category'}",eyJhbGciOiJIUzI1NiJ9.eyJzIjoiSkZtckJ5R0U4UkdGNUxOYWxfazNnQSIsImkiOiI1ODA3MjAwOTcwIn0.WwYYL8FTHuuSOD6YC5cPNKVXciU58Pvo3bYcl0N2nsM,"{'__CLASS__': 'Adzuna::API::Response::Company', 'display_name': 'Thüringer Landesrechenzentrum'}",0,"{'__CLASS__': 'Adzuna::API::Response::Location', 'area': ['Deutschland', 'Thüringen', 'Erfurt (Kreis)', 'Erfurt'], 'display_name': 'Erfurt, Erfurt (Kreis)'}",https://www.adzuna.de/land/ad/5807200970?se=JFmrByGE8RGF5LNal_k3gA&utm_medium=api&utm_source=a4bcf954&v=C16945A34D1D6D2BF63A8E307FE13CAC66B79C9E,50.977166,5807200970,2026-07-19T15:32:38Z,"Mit Ihrem Know-how und Ihren Ideen gestalten Sie die Digitalisierung des Freistaats Thüringen aktiv mit. Sie denken lösungsorientiert, arbeiten strukturiert und behalten auch in komplexen Situationen den Überblick? Dann sind Sie beim Thüringer Landesrechenzentrum genau richtig. Gemeinsam mit dem Thüringer Ministerium für Digitales und Infrastruktur treiben wir die Digitalisierung der Thüringer Landesverwaltung aktiv voran. Wir suchen Sie zum nächstmöglichen Zeitpunkt für das Thüringer Ministeri…",Referent (m/w/d) Data Governance,Adzuna::API::Response::Job,,,,
9.856945,"{'__CLASS__': 'Adzuna::API::Response::Category', 'tag': 'engineering-jobs', 'label': 'Technikerstellen'}",eyJhbGciOiJIUzI1NiJ9.eyJpIjoiNTc5MjQ4Njg0OSIsInMiOiJKRm1yQnlHRThSR0Y1TE5hbF9rM2dBIn0.6gWE-9Sk3wt0D__tASn-UIHZ3zVWEhMwHZOxPjKb5SM,"{'display_name': 'Liebherr-Digital Development Center GmbH', '__CLASS__': 'Adzuna::API::Response::Company'}",0,"{'area': ['Deutschland', 'Baden-Württemberg', 'Ulm'], '__CLASS__': 'Adzuna::API::Response::Location', 'display_name': 'Ulm, Baden-Württemberg'}",https://www.adzuna.de/land/ad/5792486849?se=JFmrByGE8RGF5LNal_k3gA&utm_medium=api&utm_source=a4bcf954&v=0E6A3B0B465A2E9DAB668E027A459FBADCECFA3C,48.383137,5792486849,2026-07-08T16:31:21Z,"Liebherr-Digital Development Center GmbH in Ulm develops digital solutions for the entire Liebherr Group. Our passionate team from the areas of software development, engineering and data science works together on various projects from the whole Liebherr product world. Our mission: creating outstanding digital experiences! Senior Solution Architect - Federated Energy & Construction Ecosystems (m/f/d) Job-ID 82724 Aufgaben Your responsibilities Understand the business - Assess and support the bus…",Senior Solution Architect - Federated Energy & Construction Ecosystems (m/f/d),Adzuna::API::Response::Job,,,,
9.68571,"{'tag': 'other-general-jobs', 'label': 'Sonstige/Allgemeine Stellen', '__CLASS__': 'Adzuna::API::Response::Category'}",eyJhbGciOiJIUzI1NiJ9.eyJpIjoiNTgwNDk1MjM2MSIsInMiOiJKRm1yQnlHRThSR0Y1TE5hbF9rM2dBIn0.Vy2RzehiqpFdIMPmPnfOGAJwCPhzpWAzRBG3Ane-ROE,"{'__CLASS__': 'Adzuna::API::Response::Company', 'display_name': 'EDAG Group'}",0,"{'display_name': 'Ziehers-Nord, Fulda', 'area': ['Deutschland', 'Hessen', 'Fulda (Kreis)', 'Fulda', 'Ziehers-Nord'], '__CLASS__': 'Adzuna::API::Response::Location'}",https://www.adzuna.de/land/ad/5804952361?se=JFmrByGE8RGF5LNal_k3gA&utm_medium=api&utm_source=a4bcf954&v=35DE0E83E9F5A3A1676A8FA572A8910465242846,50.55781,5804952361,2026-07-17T17:16:32Z,"Über uns DIE MOBILITÄT, INDUSTRIE UND ÖFFENTLICHE LÖSUNGEN DER ZUKUNFT GESTALTEN Die EDAG Group ist ein global führender, unabhängiger Engineering-Dienstleister der Mobilitätsindustrie mit Experten in Mobility, Industry und Public Solutions und verbindet exzellente Ingenieurskunst mit neuesten Technologietrends. Hohe Kompetenz und die Leidenschaft für neue Herausforderungen machen unseren Bereich Electrics/Electronics zum Wegweiser in der automobilen Zukunft. Gehen auch Sie den nächsten Schritt…","Softwareentwickler - Backend, Data & AI (m/w/d)",Adzuna::API::Response::Job,full_time,,,
13.38475,"{'tag': 'other-general-jobs', 'label': 'Sonstige/Allgemeine Stellen', '__CLASS__': 'Adzuna::API::Response::Category'}",eyJhbGciOiJIUzI1NiJ9.eyJzIjoiSkZtckJ5R0U4UkdGNUxOYWxfazNnQSIsImkiOiI1ODA0OTUyNDIzIn0.aegRy9zy6mpNPFSpxmxlA5YIedepRcG_r0rHrG9J9Ig,"{'display_name': 'EDAG Group', '__CLASS__': 'Adzuna::API::Response::Company'}",0,"{'area': ['Deutschland', 'Berlin', 'Mitte'], '__CLASS__': 'Adzuna::API::Response::Location', 'display_name': 'Mitte, Berlin'}",https://www.adzuna.de/land/ad/5804952423?se=JFmrByGE8RGF5LNal_k3gA&utm_medium=api&utm_source=a4bcf954&v=8BB71A560DCB4C31194A8EC7B8CE096069A8CEB3,52.51551,5804952423,2026-07-17T17:16:34Z,"Über uns DIE MOBILITÄT, INDUSTRIE UND ÖFFENTLICHE LÖSUNGEN DER ZUKUNFT GESTALTEN Die EDAG Group ist ein global führender, unabhängiger Engineering-Dienstleister der Mobilitätsindustrie mit Experten in Mobility, Industry und Public Solutions und verbindet exzellente Ingenieurskunst mit neuesten Technologietrends. Hohe Kompetenz und die Leidenschaft für neue Herausforderungen machen unseren Bereich Electrics/Electronics zum Wegweiser in der automobilen Zukunft. Gehen auch Sie den nächsten Schritt…","Softwareentwickler - Backend, Data & AI (m/w/d)",Adzuna::API::Response::Job,full_time,,,
11.28507,"{'__CLASS__': 'Adzuna::API::Response::Category', 'label': 'Sonstige/Allgemeine Stellen', 'tag': 'other-general-jobs'}",eyJhbGciOiJIUzI1NiJ9.eyJpIjoiNTgwNDk1MjU1MSIsInMiOiJKRm1yQnlHRThSR0Y1TE5hbF9rM2dBIn0.kkREKg3UuqM6jFUwgOgebku_3gIOqLueJp46UIc6IUc,"{'display_name': 'EDAG Group', '__CLASS__': 'Adzuna::API::Response::Company'}",0,"{'area': ['Deutschland', 'Bayern', 'Ingolstadt', 'Pettenhofen'], '__CLASS__': 'Adzuna::API::Response::Location', 'display_name': 'Pettenhofen, Ingolstadt'}",https://www.adzuna.de/land/ad/5804952551?se=JFmrByGE8RGF5LNal_k3gA&utm_medium=api&utm_source=a4bcf954&v=1049FB1E45C90A8398E8679C186D88DE6C5F103D,48.77669,5804952551,2026-07-17T17:16:36Z,"Über uns DIE MOBILITÄT, INDUSTRIE UND ÖFFENTLICHE LÖSUNGEN DER ZUKUNFT GESTALTEN Die EDAG Group ist ein global führender, unabhängiger Engineering-Dienstleister der Mobilitätsindustrie mit Experten in Mobility, Industry und Public Solutions und verbindet exzellente Ingenieurskunst mit neuesten Technologietrends. Hohe Kompetenz und die Leidenschaft für neue Herausforderungen machen unseren Bereich Electrics/Electronics zum Wegweiser in der automobilen Zukunft. Gehen auch Sie den nächsten Schritt…","Softwareentwickler - Backend, Data & AI (m/w/d)",Adzuna::API::Response::Job,full_time,,,
12.20687,"{'__CLASS__': 'Adzuna::API::Response::Category', 'label': 'Sonstige/Allgemeine Stellen', 'tag': 'other-general-jobs'}",eyJhbGciOiJIUzI1NiJ9.eyJpIjoiNTgwNDk1MjU0MSIsInMiOiJKRm1yQnlHRThSR0Y1TE5hbF9rM2dBIn0.E0eA2Rv3pm4505WJAp07sUdGm--Di5DtI6U1hz3UcSc,"{'__CLASS__': 'Adzuna::API::Response::Company', 'display_name': 'EDAG Group'}",0,"{'area': ['Deutschland', 'Bayern', 'Regensburg (Kreis)', 'Wenzenbach'], '__CLASS__': 'Adzuna::API::Response::Location', 'display_name': 'Wenzenbach, Regensburg (Kreis)'}",https://www.adzuna.de/land/ad/5804952541?se=JFmrByGE8RGF5LNal_k3gA&utm_medium=api&utm_source=a4bcf954&v=D1DB3D20E10333CA83356046E20829CC313663E9,49.05856,5804952541,2026-07-17T17:16:36Z,"Über uns DIE MOBILITÄT, INDUSTRIE UND ÖFFENTLICHE LÖSUNGEN DER ZUKUNFT GESTALTEN Die EDAG Group ist ein global führender, unabhängiger Engineering-Dienstleister der Mobilitätsindustrie mit Experten in Mobility, Industry und Public Solutions und verbindet exzellente Ingenieurskunst mit neuesten Technologietrends. Hohe Kompetenz und die Leidenschaft für neue Herausforderungen machen unseren Bereich Electrics/Electronics zum Wegweiser in der automobilen Zukunft. Gehen auch Sie den nächsten Schritt…","Softwareentwickler - Backend, Data & AI (m/w/d)",Adzuna::API::Response::Job,full_time,,,
8.5086,"{'__CLASS__': 'Adzuna::API::Response::Category', 'label': 'Unknown', 'tag': 'unknown'}",eyJhbGciOiJIUzI1NiJ9.eyJpIjoiNTc4MTM1NzA5NyIsInMiOiJKRm1yQnlHRThSR0Y1TE5hbF9rM2dBIn0.2wZ-IawcQoHO5BCpgac4YxeYw_8ClHJX8mCqaimd96o,"{'display_name': 'Nagarro', '__CLASS__': 'Adzuna::API::Response::Company'}",0,"{'display_name': 'Kronberg im Taunus, Hochtaunuskreis', '__CLASS__': 'Adzuna::API::Response::Location', 'area': ['Deutschland', 'Hessen', 'Hochtaunuskreis', 'Kronberg im Taunus']}",https://www.adzuna.de/land/ad/5781357097?se=JFmrByGE8RGF5LNal_k3gA&utm_medium=api&utm_source=a4bcf954&v=A05432661683FAB7B52F911465C126E667CD0245,50.17968,5781357097,2026-06-29T22:27:32Z,Als globale SAP Business Unit der Nagarro Gruppe sind wir ein führender deutscher IT-Full-Service-Provider für kritische Unternehmensapplikationen und komplexe ERP-Landschaften in der digitalen Transformation. Mit mehr als 1.000 Mitarbeiter:innen ist Nagarro in Deutschland einer der leistungsfähigsten und innovativsten SAP-Partner für den deutschen Mittelstand und Großkunden mit internationaler Ausprägung. Aufgaben Wir bieten das duale Studium in Wirtschaftsinformatik an unserem Standort in Kro…,Duales Studium Wirtschaftsinformatik (m/f/d),Adzuna::API::Response::Job,,,,
8.98349,"{'label': 'IT-Stellen', 'tag': 'it-jobs', '__CLASS__': 'Adzuna::API::Response::Category'}",eyJhbGciOiJIUzI1NiJ9.eyJpIjoiNTgwNTEyODQyMCIsInMiOiJKRm1yQnlHRThSR0Y1TE5hbF9rM2dBIn0.N5lrCpVlKKjbmIzGJJ-dU-fhKM7MMY-plh25-Ai1pK0,"{'__CLASS__': 'Adzuna::API::Response::Company', 'display_name': 'Mercedes-Benz AG'}",0,"{'area': ['Deutschland', 'Baden-Württemberg', 'Böblingen (Kreis)', 'Böblingen'], '__CLASS__': 'Adzuna::API::Response::Location', 'display_name': 'Böblingen, Böblingen (Kreis)'}",https://www.adzuna.de/land/ad/5805128420?se=JFmrByGE8RGF5LNal_k3gA&utm_medium=api&utm_source=a4bcf954&v=054DE98A0E8A0868DC4709143CB138883BB97CF2,48.68872,5805128420,2026-07-17T21:13:23Z,"Life is always about becoming… Im Leben geht es darum, sich auf eine Reise zu begeben, um die beste Version unseres zukünftigen Selbst zu werden. Während wir Neues entdecken, stellen wir uns Herausforderungen, meistern sie und wachsen über uns hinaus. Bewerben Sie sich bei Mercedes-Benz und finden Sie den Aufgabenbereich, in dem Sie Ihre Talente individuell entfalten können. Dabei werden Sie von visionären Kolleginnen und Kollegen unterstützt, die Ihren Pioniergeist teilen. Bei uns einzusteigen…",Werkstudent*in Ladungsträgermanagement Schwerpunkt Digitalisierung,Adzuna::API::Response::Job,,,,
9.315933,"{'label': 'Unknown', 'tag': 'unknown', '__CLASS__': 'Adzuna::API::Response::Category'}",eyJhbGciOiJIUzI1NiJ9.eyJpIjoiNTgwNDk1Mjk4MiIsInMiOiJKRm1yQnlHRThSR0Y1TE5hbF9rM2dBIn0.Xo9ANJxXt70nHqAtibZCJsazsE9jpkAyuRhCyjiS76c,"{'__CLASS__': 'Adzuna::API::Response::Company', 'display_name': 'Mercedes-Benz AG'}",0,"{'__CLASS__': 'Adzuna::API::Response::Location', 'area': ['Deutschland', 'Baden-Württemberg', 'Esslingen (Kreis)', 'Esslingen am Neckar'], 'display_name': 'Esslingen am Neckar, Esslingen (Kreis)'}",https://www.adzuna.de/land/ad/5804952982?se=JFmrByGE8RGF5LNal_k3gA&utm_medium=api&utm_source=a4bcf954&v=2D0C2F77172E912414DBB61C1C7368CC37D15F1C,48.745846,5804952982,2026-07-17T17:18:27Z,"Life is always about becoming… Im Leben geht es darum, sich auf eine Reise zu begeben, um die beste Version unseres zukünftigen Selbst zu werden. Während wir Neues entdecken, stellen wir uns Herausforderungen, meistern sie und wachsen über uns hinaus. Bewerben Sie sich bei Mercedes-Benz und finden Sie den Aufgabenbereich, in dem Sie Ihre Talente individuell entfalten können. Dabei werden Sie von visionären Kolleginnen und Kollegen unterstützt, die Ihren Pioniergeist teilen. Bei uns einzusteigen…",Praktikant*in Entwicklung einer App zur Steuerung und Anwendung von Drohnen im Produktionsumfeld (Pflicht-Praktikum),Adzuna::API::Response::Job,,,,
6.86811,"{'__CLASS__': 'Adzuna::API::Response::Category', 'label': 'Unknown', 'tag': 'unknown'}",eyJhbGciOiJIUzI1NiJ9.eyJpIjoiNTcyNzMzMzIzNCIsInMiOiJKRm1yQnlHRThSR0Y1TE5hbF9rM2dBIn0.YuyC-YvFiUTBb6QFfCF4mZ1aULuzs5Ma0rJtBROvpKg,"{'display_name': 'Skopos Group', '__CLASS__': 'Adzuna::API::Response::Company'}",0,"{'display_name': 'Hürth, Rhein-Erft-Kreis', 'area': ['Deutschland', 'Nordrhein-Westfalen', 'Rhein-Erft-Kreis', 'Hürth'], '__CLASS__': 'Adzuna::API::Response::Location'}",https://www.adzuna.de/details/5727333234?utm_medium=api&utm_source=a4bcf954,50.87096,5727333234,2026-05-12T23:14:56Z,"Das sind wir Daten sind für uns nicht gleich Daten. Du teilst unsere Mission ""Mehr aus Daten rausholen""? Dann bist Du als Newbie oder erfahrenes Data Science Talent bei uns mehr als willkommen! Bei SKOPOS ELEMENTS unterstützen talentierte Data Scientists zukunftsorientierte Unternehmen und Menschen bei ihrem Weg zur Data Driven Company. Als Teil der SKOPOS GROUP sind wir seit 1995 führender Anbieter in der Marktforschung und beschäftigen aktuell über 140 Mitarbeitende. Begleite unser Wachstum u…",Initiativbewerbung Data Science / BI,Adzuna::API::Response::Job,full_time,,,
11.56803,"{'__CLASS__': 'Adzuna::API::Response::Category', 'label': 'Unknown', 'tag': 'unknown'}",eyJhbGciOiJIUzI1NiJ9.eyJzIjoiSkZtckJ5R0U4UkdGNUxOYWxfazNnQSIsImkiOiI1NjA3MjM3OTk0In0.zxbYdaP-dF_55qatg20vuAdqQcrVr1JkW5MoUC6W8dk,"{'display_name': 'Flexa', '__CLASS__': 'Adzuna::API::Response::Company'}",0,"{'display_name': 'Maxvorstadt, München', '__CLASS__': 'Adzuna::API::Response::Location', 'area': ['Deutschland', 'Bayern', 'München (Kreis)', 'München', 'Maxvorstadt']}",https://www.adzuna.de/details/5607237994?utm_medium=api&utm_source=a4bcf954,48.1476,5607237994,2026-01-31T07:21:56Z,"Short Facts Join us on our journey to build Europe's energy backbone : We at Flexa are building Europe's largest virtual power plant with currently above 100k assets signed up, aiming to breach the million in the near future. To optimize the value creation from both trading algorithms across markets and dispatching to the assets, we are looking for a forward-thinking and experienced Head of Data Science (d/f/m) who shares our vision and values. A pioneering Head of Data Science to lead and grow…",Head of Data Science,Adzuna::API::Response::Job,full_time,140000.0,200000.0,
9.1557,"{'__CLASS__': 'Adzuna::API::Response::Category', 'label': 'Unknown', 'tag': 'unknown'}",eyJhbGciOiJIUzI1NiJ9.eyJpIjoiNTc2Njk1NTM2MSIsInMiOiJKRm1yQnlHRThSR0Y1TE5hbF9rM2dBIn0.jN6tdE3Y9eZJ1DxLSU1k2VgzrJifPVRIp7oF8zNUdxw,"{'__CLASS__': 'Adzuna::API::Response::Company', 'display_name': 'Robert Bosch GmbH'}",0,"{'area': ['Deutschland', 'Baden-Württemberg', 'Stuttgart', 'Feuerbach'], '__CLASS__': 'Adzuna::API::Response::Location', 'display_name': 'Feuerbach, Stuttgart'}",https://www.adzuna.de/details/5766955361?utm_medium=api&utm_source=a4bcf954,48.81065,5766955361,2026-06-17T19:30:56Z,"Pflichtpraktikum Data Science im Qualitätsmanagement Wernerstraße 51, 70469 Stuttgart, Deutschland Vollzeit Robert Bosch GmbH Unternehmensbeschreibung Bei Bosch gestalten wir Zukunft mit hochwertigen Technologien und Dienstleistungen, die Begeisterung wecken und das Leben der Menschen verbessern. Unser Versprechen an unsere Mitarbeiterinnen und Mitarbeiter steht dabei felsenfest: Wir wachsen gemeinsam, haben Freude an unserer Arbeit und inspirieren uns gegenseitig. Willkommen bei Bosch. Die Rob…",Pflichtpraktikum Data Science im Qualitätsmanagement,Adzuna::API::Response::Job,full_time,,,
13.420806,"{'__CLASS__': 'Adzuna::API::Response::Category', 'tag': 'it-jobs', 'label': 'IT-Stellen'}",eyJhbGciOiJIUzI1NiJ9.eyJzIjoiSkZtckJ5R0U4UkdGNUxOYWxfazNnQSIsImkiOiI1Nzg0MjQ2NjExIn0.7pVmyawjBaXhvSrmrVF3hDnk-0TE4KSaJl4MVl2NHLo,"{'display_name': 'Peec AI', '__CLASS__': 'Adzuna::API::Response::Company'}",0,"{'__CLASS__': 'Adzuna::API::Response::Location', 'area': ['Deutschland', 'Berlin'], 'display_name': 'Berlin, Deutschland'}",https://www.adzuna.de/details/5784246611?utm_medium=api&utm_source=a4bcf954,52.507706,5784246611,2026-07-01T22:58:19Z,"What you’ll do Build, mentor, and lead an elite data science team as a trusted, empathetic player-coach, while clearly communicating complex technical ideas to executives, customers, and partners Personally design, train, deploy, and own the models that power Peec AI’s AI Search recommendations, taking hands-on responsibility for our most business-critical ML systems Develop and ship novel algorithms that reverse-engineer AI search and LLM behavior, turning deep technical insight into durable, …",Engineering Manager (Data Science),Adzuna::API::Response::Job,full_time,120000.0,160000.0,
,"{'label': 'Unknown', 'tag': 'unknown', '__CLASS__': 'Adzuna::API::Response::Category'}",eyJhbGciOiJIUzI1NiJ9.eyJzIjoiSkZtckJ5R0U4UkdGNUxOYWxfazNnQSIsImkiOiI1NzM0NDYzNzgzIn0.CVRaJcYevtK1WweLtdLK1bm05NhNOJOjA1N76ZoRLTU,"{'__CLASS__': 'Adzuna::API::Response::Company', 'display_name': 'Just Eat'}",0,"{'display_name': 'Deutschland', '__CLASS__': 'Adzuna::API::Response::Location', 'area': ['Deutschland']}",https://www.adzuna.de/details/5734463783?utm_medium=api&utm_source=a4bcf954,,5734463783,2026-05-19T23:10:02Z,"Ready for a challenge? That’s good, because at Just Eat Takeaway.com (JET) we have abundant opportunity, or, as we say, everything is on the table. We are a leading global online food delivery marketplace. Our tech ecosystem connects millions of active customers with hundreds of thousands of connected partners in countries across the globe. Our mission? To empower every food moment around the world, whether it’s through customer service, coding or couriers. About this role As the Senior Team Le…",Data Science Team Leader,Adzuna::API::Response::Job,full_time,,,
13.420806,"{'label': 'Unknown', 'tag': 'unknown', '__CLASS__': 'Adzuna::API::Response::Category'}",eyJhbGciOiJIUzI1NiJ9.eyJpIjoiNTUwMjI1NzkzMCIsInMiOiJKRm1yQnlHRThSR0Y1TE5hbF9rM2dBIn0.PQ2cBBf67_mBdRil_V8nj_ZAbxrAP1RUb_gz8UqxrLM,"{'display_name': 'Melotech', '__CLASS__': 'Adzuna::API::Response::Company'}",0,"{'display_name': 'Berlin, Deutschland', '__CLASS__': 'Adzuna::API::Response::Location', 'area': ['Deutschland', 'Berlin']}",https://www.adzuna.de/details/5502257930?utm_medium=api&utm_source=a4bcf954,52.507706,5502257930,2025-11-18T19:20:38Z,"Who we are Melotech is revolutionizing media and entertainment. We create art through technology for humans to enjoy. In just 24 months, our work has been heard, watched and loved for over 3 billion minutes worldwide. Founded by entrepreneur and investor Soheil Mirpour, we are backed by top VCs Cherry Ventures, Speedinvest and GFC, alongside world-class angels from firms such as Spotify, Blackstone and KKR. What you will do Join us as our first dedicated Data Scientist to bring order to the cha…","Data Science, Music & Audio",Adzuna::API::Response::Job,full_time,,,
10.85789,"{'__CLASS__': 'Adzuna::API::Response::Category', 'label': 'Unknown', 'tag': 'unknown'}",eyJhbGciOiJIUzI1NiJ9.eyJzIjoiSkZtckJ5R0U4UkdGNUxOYWxfazNnQSIsImkiOiI1NjcyNDc3OTUwIn0.pJNRUNP6kyE0x-fA21jfU_Cw8xJ3nABrCqg_o5NkZWM,"{'display_name': 'UCB', '__CLASS__': 'Adzuna::API::Response::Company'}",0,"{'area': ['Deutschland', 'Bayern', 'Donau-Ries (Kreis)', 'Monheim'], '__CLASS__': 'Adzuna::API::Response::Location', 'display_name': 'Monheim, Donau-Ries (Kreis)'}",https://www.adzuna.de/details/5672477950?utm_medium=api&utm_source=a4bcf954,48.84099,5672477950,2026-03-19T22:33:09Z,"Make your mark for patients To strengthen our Global Advanced Analytics team, we are looking for an adaptable, collaborative individual with an intrapreneurial mindset for our Analytics Lead opening . This hybrid role is based in our headquarters in Monheim, Germany requiring 40% onsite presence and 5-10% international/ domestic travel. About the role You will help to inform on the commercial viability of various assets in development. You will be responsible for making exceptional business imp…",Data Science Lead 1,Adzuna::API::Response::Job,,,,
13.420806,"{'tag': 'unknown', 'label': 'Unknown', '__CLASS__': 'Adzuna::API::Response::Category'}",eyJhbGciOiJIUzI1NiJ9.eyJzIjoiSkZtckJ5R0U4UkdGNUxOYWxfazNnQSIsImkiOiI0ODcwNDg5MDc1In0.DpVsFJzqroq1e2ar6PAoRogX6LeonlBcclubNXmDFLQ,"{'display_name': 'Mapp Digital Us Llc', '__CLASS__': 'Adzuna::API::Response::Company'}",0,"{'display_name': 'Berlin, Deutschland', 'area': ['Deutschland', 'Berlin'], '__CLASS__': 'Adzuna::API::Response::Location'}",https://www.adzuna.de/details/4870489075?utm_medium=api&utm_source=a4bcf954,52.507706,4870489075,2024-09-20T13:48:26Z,"INTRODUCTION TO THE COMPANY Webtrekk is one of Europe’s market leaders for Customer Intelligence and Marketing Analytics. Since 2019, we are part of the marketing technology service provider, Mapp, and support marketers and data analysts in understanding and analyzing the behavior of their website and app users across all channels and help to utilize this information specifically for marketing purposes. Our solution, which is based on first-party data, ensures maximum data depth for our custome…",Team Lead Data Science,Adzuna::API::Response::Job,full_time,,,
,"{'__CLASS__': 'Adzuna::API::Response::Category', 'tag': 'unknown', 'label': 'Unknown'}",eyJhbGciOiJIUzI1NiJ9.eyJpIjoiNTcwODEwODQ0OSIsInMiOiJKRm1yQnlHRThSR0Y1TE5hbF9rM2dBIn0.z44MLRg-MnUGB35ztkpRsbvKzDBHehx-l2zyZNHc_zs,"{'display_name': 'Lidl Stiftung', '__CLASS__': 'Adzuna::API::Response::Company'}",0,"{'area': ['Deutschland'], '__CLASS__': 'Adzuna::API::Response::Location', 'display_name': 'Deutschland'}",https://www.adzuna.de/details/5708108449?utm_medium=api&utm_source=a4bcf954,,5708108449,2026-04-23T10:57:19Z,"Deine Aufgaben Werde Teil unseres Daten & KI Teams, unterstütze datenbasierte Analysen und entwickle innovative Automatisierungslösungen. Ab sofort für 4 bis 6 Monate. … konkret heißt das: Erhalte Einblicke in Big Data und Machine Learning Technologien Mitarbeit bei Datenerhebung, -aufbereitung und explorativer Analyse Entwicklung, Validierung und Pilotierung KI- und Statistik-basierte Lösungen für automatisierte Entscheidungen in Fachabteilungen Einbringen in die strategische Definition von Da…",Praktikum Data Science in Neckarsulm,Adzuna::API::Response::Job,full_time,,,
6.089788,"{'label': 'Unknown', 'tag': 'unknown', '__CLASS__': 'Adzuna::API::Response::Category'}",eyJhbGciOiJIUzI1NiJ9.eyJpIjoiNTc3MzE4MTA0NyIsInMiOiJKRm1yQnlHRThSR0Y1TE5hbF9rM2dBIn0.ccXX488yrdCaOmyQARhQgdshiqndoYGhAdr7mQEa79w,"{'display_name': 'adesso SE', '__CLASS__': 'Adzuna::API::Response::Company'}",0,"{'display_name': 'Aachen, Aachen (Kreis)', '__CLASS__': 'Adzuna::API::Response::Location', 'area': ['Deutschland', 'Nordrhein-Westfalen', 'Aachen (Kreis)', 'Aachen']}",https://www.adzuna.de/land/ad/5773181047?se=JFmrByGE8RGF5LNal_k3gA&utm_medium=api&utm_source=a4bcf954&v=E5F32F42F1C428D39FF722C46C83603532888759,50.773914,5773181047,2026-06-23T06:22:14Z,"adesso steht für digitale Exzellenz – und damit auch für vielfältige Entwicklungsmöglichkeiten für alle adessi. Wir wachsen gemeinsam und lernen voneinander: in anspruchsvollen Projekten, interdisziplinären Teams und mit zielgerichteten Trainingsangeboten. Wir haben IT im Herzen und den Erfolg unserer Kunden im Fokus. Als Treiber der KI-Transformation verbinden wir Mut zur Veränderung mit technologischer Expertise und zukunftsfähigen Strategien. Was uns stark macht, sind unsere adessi, die etwa…",Senior ML Engineer (all genders),Adzuna::API::Response::Job,,,,
13.420806,"{'tag': 'it-jobs', 'label': 'IT-Stellen', '__CLASS__': 'Adzuna::API::Response::Category'}",eyJhbGciOiJIUzI1NiJ9.eyJzIjoiSkZtckJ5R0U4UkdGNUxOYWxfazNnQSIsImkiOiI1NzczMTgwOTM4In0.0385ex4SraTzhUnADGv-neBMxtKwKQlJ7VWvNQgv3KI,"{'__CLASS__': 'Adzuna::API::Response::Company', 'display_name': 'adesso SE'}",0,"{'display_name': 'Berlin, Deutschland', '__CLASS__': 'Adzuna::API::Response::Location', 'area': ['Deutschland', 'Berlin']}",https://www.adzuna.de/land/ad/5773180938?se=JFmrByGE8RGF5LNal_k3gA&utm_medium=api&utm_source=a4bcf954&v=A8FDE31EE176ACDFC5E80ED3FFE9E0CF9CDF1C84,52.507706,5773180938,2026-06-23T06:22:14Z,"adesso steht für digitale Exzellenz – und damit auch für vielfältige Entwicklungsmöglichkeiten für alle adessi. Wir wachsen gemeinsam und lernen voneinander: in anspruchsvollen Projekten, interdisziplinären Teams und mit zielgerichteten Trainingsangeboten. Wir haben IT im Herzen und den Erfolg unserer Kunden im Fokus. Als Treiber der KI-Transformation verbinden wir Mut zur Veränderung mit technologischer Expertise und zukunftsfähigen Strategien. Was uns stark macht, sind unsere adessi, die etwa…",Senior Agentic AI Engineer (all genders),Adzuna::API::Response::Job,,,,
6.089788,"{'label': 'Unknown', 'tag': 'unknown', '__CLASS__': 'Adzuna::API::Response::Category'}",eyJhbGciOiJIUzI1NiJ9.eyJzIjoiSkZtckJ5R0U4UkdGNUxOYWxfazNnQSIsImkiOiI1NzgwNzkxNTQ3In0.aZ9KB435uO7IKFCSkbAAvS5Ysu0NuPRdTZPEUGATb2I,"{'display_name': 'adesso SE', '__CLASS__': 'Adzuna::API::Response::Company'}",0,"{'display_name': 'Aachen, Aachen (Kreis)', 'area': ['Deutschland', 'Nordrhein-Westfalen', 'Aachen (Kreis)', 'Aachen'], '__CLASS__': 'Adzuna::API::Response::Location'}",https://www.adzuna.de/land/ad/5780791547?se=JFmrByGE8RGF5LNal_k3gA&utm_medium=api&utm_source=a4bcf954&v=60FE9A4D67D0B68DB572D577BE23B3ECCD2325F3,50.773914,5780791547,2026-06-29T06:24:23Z,"adesso steht für digitale Exzellenz – und damit auch für vielfältige Entwicklungsmöglichkeiten für alle adessi. Wir wachsen gemeinsam und lernen voneinander: in anspruchsvollen Projekten, interdisziplinären Teams und mit zielgerichteten Trainingsangeboten. Wir haben IT im Herzen und den Erfolg unserer Kunden im Fokus. Als Treiber der KI-Transformation verbinden wir Mut zur Veränderung mit technologischer Expertise und zukunftsfähigen Strategien. Was uns stark macht, sind unsere adessi, die etwa…",Senior GenAI Engineer (all genders),Adzuna::API::Response::Job,,,,
9.209895,"{'__CLASS__': 'Adzuna::API::Response::Category', 'label': 'Unknown', 'tag': 'unknown'}",eyJhbGciOiJIUzI1NiJ9.eyJzIjoiSkZtckJ5R0U4UkdGNUxOYWxfazNnQSIsImkiOiI1ODAyODc2MDE2In0.E_EATarRv0-YFdHV-o2gyfUq38iHnr6kqK4O69yPAs8,"{'display_name': 'Duale Hochschule Baden-Württemberg Heilbronn', '__CLASS__': 'Adzuna::API::Response::Company'}",0,"{'display_name': 'Heilbronn, Heilbronn (Kreis)', '__CLASS__': 'Adzuna::API::Response::Location', 'area': ['Deutschland', 'Baden-Württemberg', 'Heilbronn (Kreis)', 'Heilbronn']}",https://www.adzuna.de/land/ad/5802876016?se=JFmrByGE8RGF5LNal_k3gA&utm_medium=api&utm_source=a4bcf954&v=A446F79ED3FD6DCF995F9444E2EAB814B95DA6EC,49.142335,5802876016,2026-07-16T15:09:08Z,"DAS DUALE HOCHSCHULSTUDIUM MIT ZUKUNFT. Die Duale Hochschule Baden-Württemberg (DHBW) ist mit rund 33.000 Studierenden an neun Studienakademien und drei Campus sowie dem Center for Advanced Studies die größte Hochschule Baden-Württembergs. Gemeinsam mit 9.000 ausgewählten Unternehmen sowie sozialen und gesundheitsnahen Einrichtungen sorgt die DHBW für einen in Theorie und Praxis exzellent qualifizierten Fach- und Führungskräftenachwuchs in den Bereichen Wirtschaft, Technik, Sozialwesen und Gesu…",Professur (m/w/d) für Medizintechnische Wissenschaften,Adzuna::API::Response::Job,,,,
,"{'tag': 'consultancy-jobs', 'label': 'Beraterstellen', '__CLASS__': 'Adzuna::API::Response::Category'}",eyJhbGciOiJIUzI1NiJ9.eyJpIjoiNTgwNTE2MjgxNSIsInMiOiJKRm1yQnlHRThSR0Y1TE5hbF9rM2dBIn0.sBpjsmOcqPmx202HlPiwNBbLwOV7IOuiimSBK2u5vXs,"{'display_name': 'Union Investment', '__CLASS__': 'Adzuna::API::Response::Company'}",0,"{'display_name': 'Deutschland', '__CLASS__': 'Adzuna::API::Response::Location', 'area': ['Deutschland']}",https://www.adzuna.de/land/ad/5805162815?se=JFmrByGE8RGF5LNal_k3gA&utm_medium=api&utm_source=a4bcf954&v=32C15BF3617856D8272F7DA2E94D8A50E16DCCEF,,5805162815,2026-07-17T22:37:51Z,"Als eine der großen europäischen Plattformen für Investmentfonds ist die Attrax Financial Services S.A. ein zuverlässiger Partner der Genossenschaftlichen FinanzGruppe Volksbanken Raiffeisenbanken in Deutschland und weiterer professioneller Finanzdienstleister - wie Banken, Investmentgesellschaften und Versicherungen. Die Gesellschaft bietet ihren Institutionellen Kunden innovative Business-to-Business-Services für Fondsbrokerage und Fondsverwahrung, kundenorientierte Lösungen in den Bereichen …",Trainee FOKUS Luxemburg (m/w/d) - digitale Transformation & Prozessmanagement im Fondsbrokerage,Adzuna::API::Response::Job,,,,
6.969972,"{'__CLASS__': 'Adzuna::API::Response::Category', 'tag': 'it-jobs', 'label': 'IT-Stellen'}",eyJhbGciOiJIUzI1NiJ9.eyJzIjoiSkZtckJ5R0U4UkdGNUxOYWxfazNnQSIsImkiOiI1NzQ3NDc5MzE1In0.JQ9_0oF0kZDrn1osbeiOIbH1HUnTQwMafOObueE21ow,"{'display_name': 'INFOMOTION GmbH', '__CLASS__': 'Adzuna::API::Response::Company'}",0,"{'display_name': 'Köln, Nordrhein-Westfalen', '__CLASS__': 'Adzuna::API::Response::Location', 'area': ['Deutschland', 'Nordrhein-Westfalen', 'Köln']}",https://www.adzuna.de/land/ad/5747479315?se=JFmrByGE8RGF5LNal_k3gA&utm_medium=api&utm_source=a4bcf954&v=22F409D57B11560FDF443C3B3883B3BC2DDEFF7B,50.940164,5747479315,2026-06-01T12:50:09Z,"INFOMOTION ist die Data Performance Company – mit über 600 Datenenthusiastinnen und -enthusiasten an neun Standorten und mehr als 20 Jahren Erfahrung. Bei uns bringst Du Deine Expertise gezielt ein – und entwickelst sie weiter, gemeinsam mit einem Team, das Wissen teilt, Verantwortung lebt und Zukunft gestaltet. Du möchtest Deine Erfahrung nicht nur vertiefen, sondern auch weitergeben – und mit anderen gemeinsam echte Datenwirkung erzielen? Dann gestalte mit uns die nächste Etappe – persönlich,…",Senior Datenarchitekt (m/w/d) Data & AI Strategie,Adzuna::API::Response::Job,,,,
6.969972,"{'label': 'Unknown', 'tag': 'unknown', '__CLASS__': 'Adzuna::API::Response::Category'}",eyJhbGciOiJIUzI1NiJ9.eyJzIjoiSkZtckJ5R0U4UkdGNUxOYWxfazNnQSIsImkiOiI1Nzk4NDA0ODg4In0.RigmGQNpaYbZ0HhwJoP0slgjBaGr85yrBxLGBk6_zgI,"{'__CLASS__': 'Adzuna::API::Response::Company', 'display_name': 'adesso SE'}",0,"{'__CLASS__': 'Adzuna::API::Response::Location', 'area': ['Deutschland', 'Nordrhein-Westfalen', 'Köln'], 'display_name': 'Köln, Nordrhein-Westfalen'}",https://www.adzuna.de/land/ad/5798404888?se=JFmrByGE8RGF5LNal_k3gA&utm_medium=api&utm_source=a4bcf954&v=79596C0D06E2D052771FB6907D8BB0AA4F9380FF,50.940164,5798404888,2026-07-13T03:23:37Z,"adesso steht für digitale Exzellenz – und damit auch für vielfältige Entwicklungsmöglichkeiten für alle adessi. Wir wachsen gemeinsam und lernen voneinander: in anspruchsvollen Projekten, interdisziplinären Teams und mit zielgerichteten Trainingsangeboten. Wir haben IT im Herzen und den Erfolg unserer Kunden im Fokus. Als Treiber der KI-Transformation verbinden wir Mut zur Veränderung mit technologischer Expertise und zukunftsfähigen Strategien. Was uns stark macht, sind unsere adessi, die etwa…",Software Architect Azure AI (all genders),Adzuna::API::Response::Job,,,,
,"{'__CLASS__': 'Adzuna::API::Response::Category', 'tag': 'it-jobs', 'label': 'IT-Stellen'}",eyJhbGciOiJIUzI1NiJ9.eyJzIjoiSkZtckJ5R0U4UkdGNUxOYWxfazNnQSIsImkiOiI1Nzg3MDAzNzczIn0.OdALDtjzYMc7oT7KHqBamC9n_9bG9BQvKVCYkkLJ204,"{'display_name': 'SoftwareOne Deutschland GmbH', '__CLASS__': 'Adzuna::API::Response::Company'}",0,"{'display_name': 'Deutschland', 'area': ['Deutschland'], '__CLASS__': 'Adzuna::API::Response::Location'}",https://www.adzuna.de/land/ad/5787003773?se=JFmrByGE8RGF5LNal_k3gA&utm_medium=api&utm_source=a4bcf954&v=2655B08920AB74BC79F759336926A58FCDF22356,,5787003773,2026-07-03T19:38:27Z,"SoftwareOne ist ein globaler Anbieter für Software- und Cloud-Lösungen. Mit einer Präsenz in über 70 Ländern und mehr als 12.000 Mitarbeitenden unterstützen wir Unternehmen dabei, ihre Software-Investitionen zu optimieren, Anwendungen zu modernisieren und das volle Potenzial von Cloud, Data und AI zu erschließen. Was uns ausmacht, sind die Menschen bei SoftwareOne. Wir ermöglichen Zusammenarbeit über Ländergrenzen hinweg, fördern kontinuierliches Lernen und schaffen Raum für Entwicklung in eine…",Solutions Architect (gn) Data & AI,Adzuna::API::Response::Job,,,,
9.187224,"{'label': 'Unknown', 'tag': 'unknown', '__CLASS__': 'Adzuna::API::Response::Category'}",eyJhbGciOiJIUzI1NiJ9.eyJzIjoiY002N0NDR0U4UkdhVWUwcHk5bTZ1ZyIsImkiOiI1ODAxNTA5ODA5In0.lz2B5Bdnsf2MDI0uidYAR0I4GdYTKtWnZb7fN9zzPC8,"{'display_name': 'Mercedes-Benz AG', '__CLASS__': 'Adzuna::API::Response::Company'}",0,"{'area': ['Deutschland', 'Baden-Württemberg', 'Stuttgart'], 'display_name': 'Stuttgart, Baden-Württemberg', '__CLASS__': 'Adzuna::API::Response::Location'}",https://www.adzuna.de/land/ad/5801509809?se=cM67CCGE8RGaUe0py9m6ug&utm_medium=api&utm_source=a4bcf954&v=DF91203D9BAF6CC454190C91AFA8C79B6C08D0B2,48.776198,5801509809,2026-07-15T21:27:21Z,"Life is always about becoming… Im Leben geht es darum, sich auf eine Reise zu begeben, um die beste Version unseres zukünftigen Selbst zu werden. Während wir Neues entdecken, stellen wir uns Herausforderungen, meistern sie und wachsen über uns hinaus. Bewerben Sie sich bei Mercedes-Benz und finden Sie den Aufgabenbereich, in dem Sie Ihre Talente individuell entfalten können. Dabei werden Sie von visionären Kolleginnen und Kollegen unterstützt, die Ihren Pioniergeist teilen. Bei uns einzusteigen…",Praktikant*in Observability & Analytics (Pflicht-Praktikum),Adzuna::API::Response::Job,,,,
8.650578,"{'label': 'Stellen aus PR, Werbung & Marketing', '__CLASS__': 'Adzuna::API::Response::Category', 'tag': 'pr-advertising-marketing-jobs'}",eyJhbGciOiJIUzI1NiJ9.eyJzIjoiY002N0NDR0U4UkdhVWUwcHk5bTZ1ZyIsImkiOiI1ODA1OTA3OTcxIn0.etfraU-DklSnkmFyDOwkP1--OTg4ySp96IPZRWsZcug,"{'display_name': 'C24 Bank GmbH', '__CLASS__': 'Adzuna::API::Response::Company'}",0,"{'display_name': 'Frankfurt am Main, Hessen', '__CLASS__': 'Adzuna::API::Response::Location', 'area': ['Deutschland', 'Hessen', 'Frankfurt am Main']}",https://www.adzuna.de/land/ad/5805907971?se=cM67CCGE8RGaUe0py9m6ug&utm_medium=api&utm_source=a4bcf954&v=01D7D91C4ECF6A0841F57AC05067EFD9B1650177,50.129683,5805907971,2026-07-18T09:40:37Z,"Unser Anspruch ist es, eine neue Dimension im mobile Banking zu definieren . Du kannst hier ganz vorne mit dabei sein! Digitale Geschäftsmodelle und agiles Arbeiten begeistern Dich, Du bist neugierig und bringst Leidenschaft für Veränderungen mit? Dann bist Du bei uns genau richtig! Erlebe die Dynamik des FinTech Space mit agilen Prozessen, kurzen Entscheidungswegen und einer steilen Entwicklungskurve in einem großartigen Team. Wir freuen uns auf Deine Bewerbung als (Junior) Produktmanager (m/w…",(Junior) Produktmanager (m/w/d) Financial Insights & Optimization,Adzuna::API::Response::Job,,,,
7.112412,"{'tag': 'unknown', '__CLASS__': 'Adzuna::API::Response::Category', 'label': 'Unknown'}",eyJhbGciOiJIUzI1NiJ9.eyJpIjoiNTc4MTEyOTA3OCIsInMiOiJjTTY3Q0NHRThSR2FVZTBweTltNnVnIn0.C8g-lAA5Cw9UjNevh9Pa8vK_vgK_gNlBAo_9qk7dSNQ,"{'display_name': 'Fraunhofer-Institut für Kommunikation, Informationsver. und Ergonomie FKIE', '__CLASS__': 'Adzuna::API::Response::Company'}",0,"{'__CLASS__': 'Adzuna::API::Response::Location', 'display_name': 'Bonn, Nordrhein-Westfalen', 'area': ['Deutschland', 'Nordrhein-Westfalen', 'Bonn']}",https://www.adzuna.de/land/ad/5781129078?se=cM67CCGE8RGaUe0py9m6ug&utm_medium=api&utm_source=a4bcf954&v=553019C99E3F90C480D5124AA316236039224347,50.71942,5781129078,2026-06-29T14:24:17Z,"Die Fraunhofer-Gesellschaft ist eine der weltweit führenden Organisationen für anwendungsorientierte Forschung. 74 Institute entwickeln wegweisende Technologien für unsere Wirtschaft und Gesellschaft – genauer: 30 000 Menschen aus Technik, Wissenschaft, Verwaltung und IT. Sie wissen: Wer zu Fraunhofer kommt, will und kann etwas verändern. Für sich, für uns und die Märkte von heute und morgen. Das Fraunhofer-Institut für Kommunikation, Informationsverarbeitung und Ergonomie FKIE erforscht neue, …",Wissenschaftliche*r Mitarbeiter*in im Bereich Mobile Netzwerke & Netzwerksicherheit,Adzuna::API::Response::Job,,,,
7.621504,"{'__CLASS__': 'Adzuna::API::Response::Category', 'tag': 'it-jobs', 'label': 'IT-Stellen'}",eyJhbGciOiJIUzI1NiJ9.eyJpIjoiNTgwNjYyMTE3MiIsInMiOiJjTTY3Q0NHRThSR2FVZTBweTltNnVnIn0.nnDFNzUHN1t7GaIegq6nOuhwQuPlZjHPjLV70IKEWdE,"{'__CLASS__': 'Adzuna::API::Response::Company', 'display_name': 'Alexianer IT GmbH'}",0,"{'display_name': 'Münster, Nordrhein-Westfalen', '__CLASS__': 'Adzuna::API::Response::Location', 'area': ['Deutschland', 'Nordrhein-Westfalen', 'Münster']}",https://www.adzuna.de/land/ad/5806621172?se=cM67CCGE8RGaUe0py9m6ug&utm_medium=api&utm_source=a4bcf954&v=C6B75CF140EF3E2C13A856D70077E29D358E191C,51.955292,5806621172,2026-07-19T01:56:57Z,"Die Alexianer IT GmbH ist das Dienstleistungsunternehmen der Alexianer GmbH für die Informationstechnologie. Sie unterstützt bundesweit Alexianer-Einrichtungen im Verbund mit einer Vielzahl an Krankenhäusern, Senioren- und Pflegeeinrichtungen und darüber hinaus zahlreiche weitere Einrichtungen. 300 IT-Kolleg*innen an verschiedenen Standorten in Deutschland kümmern sich dabei um alle IT-Belange unserer >35.000 Mitarbeiter*innen an 20.000 Endgeräten und sorgen dabei kontinuierlich für eine zuverl…",KI-Lead (m/w/d) Alexianer,Adzuna::API::Response::Job,,,,
7.01065,"{'label': 'Vertriebsstellen', '__CLASS__': 'Adzuna::API::Response::Category', 'tag': 'sales-jobs'}",eyJhbGciOiJIUzI1NiJ9.eyJzIjoiY002N0NDR0U4UkdhVWUwcHk5bTZ1ZyIsImkiOiI1Nzc5MjI3Mjc5In0.cIwtIN8lXz1FawMLTrRCBUhyj0NcGFg7McEd3NDcgps,"{'display_name': 'Windhoff Group', '__CLASS__': 'Adzuna::API::Response::Company'}",0,"{'area': ['Deutschland', 'Nordrhein-Westfalen', 'Borken (Kreis)', 'Gescher'], 'display_name': 'Gescher, Borken (Kreis)', '__CLASS__': 'Adzuna::API::Response::Location'}",https://www.adzuna.de/land/ad/5779227279?se=cM67CCGE8RGaUe0py9m6ug&utm_medium=api&utm_source=a4bcf954&v=64B68F2966CEDD9D19C48A4762D96B5783097B40,51.95537,5779227279,2026-06-27T18:26:16Z,"Kunden. Gemeinsam. Entwickeln. Die Windhoff Group führt als IT-Dienstleister seit 1997 deutschlandweit Beratungsprojekte bei führenden Großunternehmen durch. Gewinne mit uns Neukunden im gehobenen Mittelstand und Konzernumfeld und werde Teil unseres wachsenden Unternehmens mit derzeit rund 300 Mitarbeitenden! Dich erwartet ein freundschaftliches Miteinander , ein jährliches Weiterbildungsbudget von über 2000 Euro , bis zu 40 Tage Urlaub im Jahr und vieles mehr! Aufgaben Du bringst ein Netzwerk …","Senior Sales Manager (m/w/d) Data & Analytics, Region Süddeutschland",Adzuna::API::Response::Job,,,,
14.10731,"{'label': 'Unknown', '__CLASS__': 'Adzuna::API::Response::Category', 'tag': 'unknown'}",eyJhbGciOiJIUzI1NiJ9.eyJpIjoiNTI5OTg2Njc0NiIsInMiOiJjTTY3Q0NHRThSR2FVZTBweTltNnVnIn0.G4lpecGEfAmVsS8rE78o7UMnOkGBRP4NrrnOG54dTtY,"{'display_name': 'KSB', '__CLASS__': 'Adzuna::API::Response::Company'}",0,"{'display_name': 'Frankenthal, Bautzen (Kreis)', '__CLASS__': 'Adzuna::API::Response::Location', 'area': ['Deutschland', 'Sachsen', 'Bautzen (Kreis)', 'Frankenthal']}",https://www.adzuna.de/details/5299866746?utm_medium=api&utm_source=a4bcf954,51.13209,5299866746,2025-07-12T22:07:55Z,"Unterstützen Sie uns im Rahmen eines Praktikums/einer Abschlussarbeit im Bereich Data Science. Studium/Fachrichtung | Mathematik, Statistik, Data Science, Informatik, Physik oder vglb. Studiengänge Einsatzbereich | Praktikum/Abschlussarbeit im Bereich Data Science Dauer | 3-6 Monate Bestens gefordert | Wir suchen motivierte Studierende, die sich unserem Data Science Team für ein Pflichtpraktikum und/oder eine Bachelor-/Masterarbeit (3-6 Monate) anschließen möchten. Bei uns können Sie praktische…",Praktikum/Abschlussarbeit im Bereich Data Science,Adzuna::API::Response::Job,,,,
9.26652,"{'label': 'Stellen aus Buchhaltung & Finanzwesen', 'tag': 'accounting-finance-jobs', '__CLASS__': 'Adzuna::API::Response::Category'}",eyJhbGciOiJIUzI1NiJ9.eyJpIjoiNTgwNTg5OTY1MCIsInMiOiJjTTY3Q0NHRThSR2FVZTBweTltNnVnIn0._citXrmUEH-dA7z4HVTpx-2_2thnTMuCQ3CMrW6J5M8,"{'display_name': 'ANDREAS STIHL AG & Co. KG', '__CLASS__': 'Adzuna::API::Response::Company'}",0,"{'display_name': 'Schmiden, Fellbach', '__CLASS__': 'Adzuna::API::Response::Location', 'area': ['Deutschland', 'Baden-Württemberg', 'Rems-Murr-Kreis', 'Fellbach', 'Schmiden']}",https://www.adzuna.de/details/5805899650?utm_medium=api&utm_source=a4bcf954,48.82807,5805899650,2026-07-18T09:31:27Z,"Praktikum Data Analytics / Data Science Datum: 12.11.2025 Standort: Fellbach, BW, DE, 70736 Unternehmen: STIHL Das ist die Aufgabe Mitwirken im innovativen Big Data Team: Unterstütze andere Fachbereiche durch Expertise in Data Analytics und erhalte Einblicke in Data Science und Data Visualization, um datengetriebene Entscheidungen voranzutreiben Beteiligen an Analytics Projekten: Arbeite interdisziplinär, um Produkte und interne Prozesse durch datengetriebene Insights zu optimieren, mit der Cha…",Praktikum Data Analytics / Data Science,Adzuna::API::Response::Job,,,,
13.420806,"{'tag': 'unknown', '__CLASS__': 'Adzuna::API::Response::Category', 'label': 'Unknown'}",eyJhbGciOiJIUzI1NiJ9.eyJpIjoiNTc5ODMwNzU2MiIsInMiOiJjTTY3Q0NHRThSR2FVZTBweTltNnVnIn0.7PeAVp6leLxU-l3r2rz1yHyKo5qrgfNkHrqLWvLTSN8,"{'display_name': 'Just Eat', '__CLASS__': 'Adzuna::API::Response::Company'}",0,"{'area': ['Deutschland', 'Berlin'], '__CLASS__': 'Adzuna::API::Response::Location', 'display_name': 'Berlin, Deutschland'}",https://www.adzuna.de/details/5798307562?utm_medium=api&utm_source=a4bcf954,52.507706,5798307562,2026-07-13T00:52:05Z,"Ready for a challenge? Then Just Eat Takeaway.com might be the place for you. We’re a leading global online delivery platform, and our vision is to empower everyday convenience. Whether it’s a Friday-night feast, a post-gym poke bowl, or grabbing some groceries, our tech platform connects tens of millions of customers with hundreds of thousands of restaurant, grocery and convenience partners across the globe. About this role Logistics is the engine room of that platform. Every order depends on …","Data Science Manager, Courier Pay",Adzuna::API::Response::Job,full_time,,,
11.44811,"{'label': 'Stellen aus PR, Werbung & Marketing', '__CLASS__': 'Adzuna::API::Response::Category', 'tag': 'pr-advertising-marketing-jobs'}",eyJhbGciOiJIUzI1NiJ9.eyJzIjoiY002N0NDR0U4UkdhVWUwcHk5bTZ1ZyIsImkiOiI1Nzc4MjY5MzM5In0.mjGKndfmbUKFY5ERbLPgxTSHl9svOW_aWdlljHBtnQc,"{'display_name': 'Guldberg', '__CLASS__': 'Adzuna::API::Response::Company'}",0,"{'area': ['Deutschland', 'Bayern', 'München (Kreis)', 'München', 'Allach-Untermenzing'], '__CLASS__': 'Adzuna::API::Response::Location', 'display_name': 'Allach-Untermenzing, München'}",https://www.adzuna.de/details/5778269339?utm_medium=api&utm_source=a4bcf954,48.18449,5778269339,2026-06-26T23:23:03Z,"Für den Standort München suchen wir: Projektmanager – Data Analytics / Data Science Ihre Aufgaben: Planung, Steuerung und Umsetzung datengetriebener Use Cases und Projekte über den gesamten Lifecycle Projektmanagement im Data-/Analytics-Umfeld (Termine, Budget, Risiken, Ressourcen) Zusammenarbeit mit Data Scientists, Data Analysts, Data Engineers, Product Ownern und Fachbereichen Übersetzung fachlicher Anforderungen in analytische Lösungsansätze Steuerung interner und externer Projektbeteiligte…",Projektmanager – Data Analytics / Data Science,Adzuna::API::Response::Job,full_time,,,
13.420806,"{'label': 'Unknown', 'tag': 'unknown', '__CLASS__': 'Adzuna::API::Response::Category'}",eyJhbGciOiJIUzI1NiJ9.eyJpIjoiNTc4ODUzOTQ1NSIsInMiOiJjTTY3Q0NHRThSR2FVZTBweTltNnVnIn0.3XsOew_xv6uE02E7L5-SYWKP_BWkETQDQ_eOghHwgGQ,"{'display_name': 'Prior Labs', '__CLASS__': 'Adzuna::API::Response::Company'}",0,"{'area': ['Deutschland', 'Berlin'], '__CLASS__': 'Adzuna::API::Response::Location', 'display_name': 'Berlin, Deutschland'}",https://www.adzuna.de/details/5788539455?utm_medium=api&utm_source=a4bcf954,52.507706,5788539455,2026-07-05T00:49:56Z,"Who we are Foundation models transformed text and images. Structured data - the largest and most consequential data format in the world - stayed untouched. Tables run every clinical trial, every financial model, every scientific experiment, every business decision, and no one had built a foundation model that truly understood them. Until now. What LLMs did for language, we're doing for tables. The next modality shift in AI is happening, and we're hiring the team that makes it. Momentum. We pion…","Research Scientist, Foundational Data Science",Adzuna::API::Response::Job,full_time,,,
,"{'tag': 'unknown', '__CLASS__': 'Adzuna::API::Response::Category', 'label': 'Unknown'}",eyJhbGciOiJIUzI1NiJ9.eyJzIjoiY002N0NDR0U4UkdhVWUwcHk5bTZ1ZyIsImkiOiI1NzQ1OTU5OTI2In0.knMaAj7FBBq8jaMqPowpTbvQo7klfVr778x19ed3h_w,"{'display_name': 'Finmid', '__CLASS__': 'Adzuna::API::Response::Company'}",0,"{'area': ['Deutschland'], '__CLASS__': 'Adzuna::API::Response::Location', 'display_name': 'Deutschland'}",https://www.adzuna.de/details/5745959926?utm_medium=api&utm_source=a4bcf954,,5745959926,2026-05-30T23:27:29Z,"About finmid finmid 's mission is to enable software companies to reimagine how their business customers access capital. By productizing the complexity of financial services, finmid empowers companies to offer financial services where FinTech isn't the mission but enables the mission. About the opportunity We are looking for a Data Science Intern to join our Data team. This is an exciting opportunity for someone early in their career who is hungry to learn and build. You’ll work closely with th…",Data Science Intern (FT Potential),Adzuna::API::Response::Job,full_time,,,
13.420806,"{'label': 'Unknown', '__CLASS__': 'Adzuna::API::Response::Category', 'tag': 'unknown'}",eyJhbGciOiJIUzI1NiJ9.eyJzIjoiY002N0NDR0U4UkdhVWUwcHk5bTZ1ZyIsImkiOiI1NTAyMjQwOTgyIn0.nm6G7GTctqVvc2-eduYXqjy8l8d46wN0NYukVDYM_hg,"{'__CLASS__': 'Adzuna::API::Response::Company', 'display_name': 'Melotech'}",0,"{'display_name': 'Berlin, Deutschland', '__CLASS__': 'Adzuna::API::Response::Location', 'area': ['Deutschland', 'Berlin']}",https://www.adzuna.de/details/5502240982?utm_medium=api&utm_source=a4bcf954,52.507706,5502240982,2025-11-18T18:47:23Z,"Who we are Melotech is revolutionizing media and entertainment. We create art through technology for humans to enjoy. In just 24 months, our work has been heard, watched and loved for over 3 billion minutes worldwide. Founded by entrepreneur and investor Soheil Mirpour, we are backed by top VCs Cherry Ventures, Speedinvest and GFC, alongside world-class angels from firms such as Spotify, Blackstone and KKR. What you will do Join us as Data Scientist Intern to bring order to the chaos of culture…","Data Science Intern, Music & Audio",Adzuna::API::Response::Job,full_time,,,
13.38475,"{'tag': 'unknown', '__CLASS__': 'Adzuna::API::Response::Category', 'label': 'Unknown'}",eyJhbGciOiJIUzI1NiJ9.eyJpIjoiNTc5ODI5NTY4OSIsInMiOiJjTTY3Q0NHRThSR2FVZTBweTltNnVnIn0.5eN3sk-mg1IxhHx7hyJV2T0mqLuT_lVwPDUL6WOjWuI,"{'display_name': 'Stark', '__CLASS__': 'Adzuna::API::Response::Company'}",0,"{'area': ['Deutschland', 'Berlin', 'Mitte'], 'display_name': 'Mitte, Berlin', '__CLASS__': 'Adzuna::API::Response::Location'}",https://www.adzuna.de/details/5798295689?utm_medium=api&utm_source=a4bcf954,52.51551,5798295689,2026-07-13T00:10:55Z,"About Us STARK is a new kind of defence technology company revolutionising the way autonomous systems are deployed across multiple domains. We design, develop and manufacture high-performance unmanned systems that are software-defined, mass-scalable and cost-effective. This provides our operators with a decisive edge in highly contested environments. We’re focused on delivering deployable, high-performance systems—not future promises. In a time of rising threats, STARK is bolstering the technol…",Data Science Intern (all genders),Adzuna::API::Response::Job,part_time,,,
11.555737,"{'tag': 'scientific-qa-jobs', '__CLASS__': 'Adzuna::API::Response::Category', 'label': 'Stellen aus Wissenschaft & Qualitätssicherung'}",eyJhbGciOiJIUzI1NiJ9.eyJzIjoiY002N0NDR0U4UkdhVWUwcHk5bTZ1ZyIsImkiOiI1ODAwMTQ1MTU1In0.j43FrPwf7u_NUqg-0R6yRhID-ZSdlMM1sdFaHflneBY,"{'__CLASS__': 'Adzuna::API::Response::Company', 'display_name': 'Ascent Digital Services DE GmbH'}",0,"{'area': ['Deutschland', 'Bayern', 'München (Kreis)', 'München'], '__CLASS__': 'Adzuna::API::Response::Location', 'display_name': 'München, München (Kreis)'}",https://www.adzuna.de/land/ad/5800145155?se=cM67CCGE8RGaUe0py9m6ug&utm_medium=api&utm_source=a4bcf954&v=634283AC511346B5F8F83F63CA47773A921D09E3,48.137418,5800145155,2026-07-14T19:08:09Z,"Acuity Analytics ist ein globales, Tech-first Unternehmen, das Finanzinstitute und Corporates dabei unterstützt, durch Research, Data, Analytics und AI-enabled Solutions bessere Entscheidungen zu treffen. Wir kombinieren tiefes Financial-Services-Know-how mit starken Engineering-, Digital- und AI-Capabilities, um komplexe Probleme zu lösen. Mit einem Team von 7.200 Analysts, Data Specialists und Technologists an 28 Standorten arbeiten wir mit über 800 Organisationen weltweit zusammen – um Effiz…",Senior Data Scientist (m/w/d),Adzuna::API::Response::Job,,,,
12.96065,"{'__CLASS__': 'Adzuna::API::Response::Category', 'tag': 'pr-advertising-marketing-jobs', 'label': 'Stellen aus PR, Werbung & Marketing'}",eyJhbGciOiJIUzI1NiJ9.eyJzIjoiY002N0NDR0U4UkdhVWUwcHk5bTZ1ZyIsImkiOiI1ODAxNTA4OTc4In0.ckHzh5rcxIA3pXmtFvo_5KiBUNXY7aYctm1TG_yoRwI,"{'__CLASS__': 'Adzuna::API::Response::Company', 'display_name': 'PartSpace GmbH'}",0,"{'__CLASS__': 'Adzuna::API::Response::Location', 'display_name': 'Deggendorf, Deggendorf (Kreis)', 'area': ['Deutschland', 'Bayern', 'Deggendorf (Kreis)', 'Deggendorf']}",https://www.adzuna.de/land/ad/5801508978?se=cM67CCGE8RGaUe0py9m6ug&utm_medium=api&utm_source=a4bcf954&v=680241CBC2CEEA053248E8208BBAE4699C233C1F,48.83367,5801508978,2026-07-15T21:26:45Z,"Wenn du schon mal eine CAD-Zeichnung gesehen hast und dachtest: „Da steckt doch mehr drin als nur Linien und Maße“, dann wirst du dich bei uns schnell zu Hause fühlen. Denn genau das glauben wir auch! Wir arbeiten jeden Tag daran, dieses „Mehr“ sichtbar zu machen. PartSpace ist die Plattform, die technischen Zeichnungen eine neue Bedeutung gibt: Unsere KI analysiert, versteht und rechnet aus, was früher Bauchgefühl war. Direkt aus der Konstruktion heraus. So helfen wir Industrieunternehmen, ihr…",IT Projektleiter - SaaS / KI / SAP / PLM (m/w/d),Adzuna::API::Response::Job,,,,
6.808387,"{'__CLASS__': 'Adzuna::API::Response::Category', 'tag': 'unknown', 'label': 'Unknown'}",eyJhbGciOiJIUzI1NiJ9.eyJpIjoiNTc3MzE4MDkyMyIsInMiOiJjTTY3Q0NHRThSR2FVZTBweTltNnVnIn0.gKIWsqNJpIym4_dDe7vVhf7HPgbFzVUyUEmAcs7tHks,"{'__CLASS__': 'Adzuna::API::Response::Company', 'display_name': 'adesso SE'}",0,"{'area': ['Deutschland', 'Nordrhein-Westfalen', 'Düsseldorf'], 'display_name': 'Düsseldorf, Nordrhein-Westfalen', '__CLASS__': 'Adzuna::API::Response::Location'}",https://www.adzuna.de/land/ad/5773180923?se=cM67CCGE8RGaUe0py9m6ug&utm_medium=api&utm_source=a4bcf954&v=9DBD8C099FEB8FF40F33D01C07A314BF26299758,51.226802,5773180923,2026-06-23T06:22:14Z,"adesso steht für digitale Exzellenz – und damit auch für vielfältige Entwicklungsmöglichkeiten für alle adessi. Wir wachsen gemeinsam und lernen voneinander: in anspruchsvollen Projekten, interdisziplinären Teams und mit zielgerichteten Trainingsangeboten. Wir haben IT im Herzen und den Erfolg unserer Kunden im Fokus. Als Treiber der KI-Transformation verbinden wir Mut zur Veränderung mit technologischer Expertise und zukunftsfähigen Strategien. Was uns stark macht, sind unsere adessi, die etwa…",Data Engineer Salesforce Data Cloud (all genders),Adzuna::API::Response::Job,,,,
11.155003,"{'label': 'IT-Stellen', '__CLASS__': 'Adzuna::API::Response::Category', 'tag': 'it-jobs'}",eyJhbGciOiJIUzI1NiJ9.eyJpIjoiNTc3OTIyNzI4MyIsInMiOiJjTTY3Q0NHRThSR2FVZTBweTltNnVnIn0.wHPOAO3Ebzm9T94-_gdxIBCwaLNqFAL80nwx8fnj_ZY,"{'__CLASS__': 'Adzuna::API::Response::Company', 'display_name': 'Karlsruher Institut für Technologie  Campus Nord'}",0,"{'display_name': 'Garmisch-Partenkirchen (Kreis), Bayern', '__CLASS__': 'Adzuna::API::Response::Location', 'area': ['Deutschland', 'Bayern', 'Garmisch-Partenkirchen (Kreis)']}",https://www.adzuna.de/land/ad/5779227283?se=cM67CCGE8RGaUe0py9m6ug&utm_medium=api&utm_source=a4bcf954&v=5730AB1747564371FCD811F12F0F7AB307031746,47.589089,5779227283,2026-06-27T18:26:16Z,"Das Karlsruher Institut für Technologie (KIT) – Die Universität in der Helmholtz-Gemeinschaft Im Dialog mit der Gesellschaft entwickelt das KIT Lösungen für große Herausforderungen – von Klimawandel, Energiewende und nachhaltigem Umgang mit natürlichen Ressourcen bis hin zu Künstlicher Intelligenz, technologischer Souveränität und demografischem Wandel. Als Die Universität in der Helmholtz-Gemeinschaft vereint das KIT wissenschaftliche Exzellenz vom Erkenntnisgewinn bis zur Anwendungsorientieru…",Softwarearchitektin oder Softwarearchitekt (w/m/d) für Forschungsdaten- und KI-Infrastrukturen,Adzuna::API::Response::Job,,,,
9.026231,"{'label': 'Unknown', '__CLASS__': 'Adzuna::API::Response::Category', 'tag': 'unknown'}",eyJhbGciOiJIUzI1NiJ9.eyJpIjoiNTgwNzMyODI4MiIsInMiOiJjTTY3Q0NHRThSR2FVZTBweTltNnVnIn0.hSpt8Y2Z8yQlj4KhqabJy-OpNL9gNdiRPgz4M6yH8kU,"{'__CLASS__': 'Adzuna::API::Response::Company', 'display_name': 'Mercedes-Benz AG'}",0,"{'__CLASS__': 'Adzuna::API::Response::Location', 'display_name': 'Sindelfingen, Böblingen (Kreis)', 'area': ['Deutschland', 'Baden-Württemberg', 'Böblingen (Kreis)', 'Sindelfingen']}",https://www.adzuna.de/land/ad/5807328282?se=cM67CCGE8RGaUe0py9m6ug&utm_medium=api&utm_source=a4bcf954&v=0E54568CB487660BB3F462259FC3B2B50990ED6A,48.720071,5807328282,2026-07-19T21:33:55Z,"Life is always about becoming… Im Leben geht es darum, sich auf eine Reise zu begeben, um die beste Version unseres zukünftigen Selbst zu werden. Während wir Neues entdecken, stellen wir uns Herausforderungen, meistern sie und wachsen über uns hinaus. Bewerben Sie sich bei Mercedes-Benz und finden Sie den Aufgabenbereich, in dem Sie Ihre Talente individuell entfalten können. Dabei werden Sie von visionären Kolleginnen und Kollegen unterstützt, die Ihren Pioniergeist teilen. Bei uns einzusteigen…",Student*in für Abschlussarbeit Reporting & Data Management Modulstrategie,Adzuna::API::Response::Job,,,,
6.808387,"{'label': 'Unknown', 'tag': 'unknown', '__CLASS__': 'Adzuna::API::Response::Category'}",eyJhbGciOiJIUzI1NiJ9.eyJpIjoiNTgwNjU2Mjg1NiIsInMiOiJjTTY3Q0NHRThSR2FVZTBweTltNnVnIn0.vmtro11TtAYgj84r8F6Icu8RNYD14UVezypQ6c05mKw,"{'__CLASS__': 'Adzuna::API::Response::Company', 'display_name': 'jobvector'}",0,"{'display_name': 'Düsseldorf, Nordrhein-Westfalen', '__CLASS__': 'Adzuna::API::Response::Location', 'area': ['Deutschland', 'Nordrhein-Westfalen', 'Düsseldorf']}",https://www.adzuna.de/details/5806562856?utm_medium=api&utm_source=a4bcf954,51.226802,5806562856,2026-07-19T00:14:27Z,"Du hast Lust auf diese Aufgaben Du unterstützt uns im Bereich Data Engineering bei der Erweiterung von Data Pipelines / ETL-Prozessen, z.B. mit Airflow, dbt und Kafka. Du arbeitest in unserer Google Cloud Umgebung und nutzt dabei Services wie BigQuery. Du kombinierst Daten aus internen und externen Quellen und bereitest sie zu einem analytischen Datensatz auf. Du visualisierst Analyseergebnisse mit Tools wie Looker Studio Wir freuen uns auf Deine Qualifikationen Du bist Student:in (m/w/d) oder …",Praktikum Data Science / Data Engineering (m/w/d),Adzuna::API::Response::Job,full_time,,,
11.88879,"{'label': 'Unknown', '__CLASS__': 'Adzuna::API::Response::Category', 'tag': 'unknown'}",eyJhbGciOiJIUzI1NiJ9.eyJpIjoiNTgwNzI0OTIyOSIsInMiOiJjTTY3Q0NHRThSR2FVZTBweTltNnVnIn0.5tqO3Z8lbrhfNoWUh3ZEPGarv7T3FqmTPaQgHRcGqkA,"{'display_name': 'HÖRMANN Kommunikation & Netze GmbH', '__CLASS__': 'Adzuna::API::Response::Company'}",0,"{'area': ['Deutschland', 'Bayern', 'Ebersberg (Kreis)', 'Kirchseeon'], 'display_name': 'Kirchseeon, Ebersberg (Kreis)', '__CLASS__': 'Adzuna::API::Response::Location'}",https://www.adzuna.de/land/ad/5807249229?se=cM67CCGE8RGaUe0py9m6ug&utm_medium=api&utm_source=a4bcf954&v=1A1726E48FC44C043BA514887E0462359516EABE,48.07134,5807249229,2026-07-19T17:37:43Z,"Wer sind wir? Als Teil der HÖRMANN Gruppe ist die HÖRMANN Kommunikation & Netze GmbH ein starker und verlässlicher Arbeitgeber in zukunftsweisenden Branchen wie Kommunikationstechnik, Leitungsbau und Energieinfrastruktur. Mit rund 275 Mitarbeitenden gestalten wir aktiv die Netze von morgen – innovativ, nachhaltig und mit hoher technischer Kompetenz. Was uns auszeichnet: ein kollegiales Miteinander, spannende Projekte mit gesellschaftlicher Relevanz und die Möglichkeit, Verantwortung zu übernehm…",KI Manager (m/w/d),Adzuna::API::Response::Job,,,,
9.987297,"{'label': 'Unknown', 'tag': 'unknown', '__CLASS__': 'Adzuna::API::Response::Category'}",eyJhbGciOiJIUzI1NiJ9.eyJzIjoiY002N0NDR0U4UkdhVWUwcHk5bTZ1ZyIsImkiOiI1ODA3MjQ5MDcwIn0.O5usYlT2hQQBMbF6YAizIASk2PYap29w42rh5jkyXW8,"{'__CLASS__': 'Adzuna::API::Response::Company', 'display_name': 'Hamburger Sparkasse'}",0,"{'area': ['Deutschland', 'Hamburg'], '__CLASS__': 'Adzuna::API::Response::Location', 'display_name': 'Hamburg, Deutschland'}",https://www.adzuna.de/land/ad/5807249070?se=cM67CCGE8RGaUe0py9m6ug&utm_medium=api&utm_source=a4bcf954&v=2737DDE49EDAEE1B663A5AE3E94FD6D3A062839A,53.557429,5807249070,2026-07-19T17:37:33Z,"Aufgaben Profil Wir bieten Wir suchen dich als Werkstudent HR-Datenmanagement (m/w/d) Überblick Stadt: Hamburg Erfahrung: Studierende befristet Teilzeit Wir in Personalservices sind mit der Vielfalt an spannenden Themen meist die erste Anlaufstelle für alle Fragen unserer Kolleg:innen von Arbeitsverträgen bei neuen Mitarbeitenden, über Fragen zur Entgeltabrechnung, Elternzeit, zu Sozialleistungen und Arbeitszeitveränderungen bis zum Eintritt in den Ruhestand. Neben der Digitalisierung unserer S…",Werkstudent HR-Datenmanagement (m/w/d),Adzuna::API::Response::Job,,,,
12.373598,"{'__CLASS__': 'Adzuna::API::Response::Category', 'tag': 'unknown', 'label': 'Unknown'}",eyJhbGciOiJIUzI1NiJ9.eyJzIjoiY002N0NDR0U4UkdhVWUwcHk5bTZ1ZyIsImkiOiI1NzgwMzUzMDU0In0.p66YtW3zGmab-xlvfAVdpPMbwQsaDGaOcjtpOD4IGYM,"{'__CLASS__': 'Adzuna::API::Response::Company', 'display_name': 'Energy2market GmbH'}",0,"{'area': ['Deutschland', 'Sachsen', 'Leipzig (Kreis)', 'Leipzig'], '__CLASS__': 'Adzuna::API::Response::Location', 'display_name': 'Leipzig, Leipzig (Kreis)'}",https://www.adzuna.de/land/ad/5780353054?se=cM67CCGE8RGaUe0py9m6ug&utm_medium=api&utm_source=a4bcf954&v=0F681EB41A945C54E9827EB468C08A555A89998C,51.339254,5780353054,2026-06-28T18:23:59Z,"Unser virtuelles Kraftwerk ist in der Lage, tausende dezentrale Energieerzeuger, Verbraucher und Speicher bestmöglich an allen relevanten Energie- und Flexibilitätsmärkten zu platzieren. 4.700 technische Einheiten vermarkten 4.568 MW Erzeugungsleistung und Flexibilität mit uns. Als Portfoliomanager (gn) übernimmst Du die Verantwortung für ein spannendes Energieportfolio und gestaltest aktiv Vermarktungs- und Handelsstrategien in einem hochdynamischen Marktumfeld. Dabei treibst Du datenbasierte …",Portfoliomanager (gn),Adzuna::API::Response::Job,,,,
9.187224,"{'label': 'IT-Stellen', '__CLASS__': 'Adzuna::API::Response::Category', 'tag': 'it-jobs'}",eyJhbGciOiJIUzI1NiJ9.eyJzIjoiY002N0NDR0U4UkdhVWUwcHk5bTZ1ZyIsImkiOiI1Nzc4MDQ5NTIxIn0.Y1WsiAJ11Bjr3BMyllj7tIHrCo2mk2YHOeYszPyVPi4,"{'__CLASS__': 'Adzuna::API::Response::Company', 'display_name': 'Mercedes-Benz AG'}",0,"{'area': ['Deutschland', 'Baden-Württemberg', 'Stuttgart'], '__CLASS__': 'Adzuna::API::Response::Location', 'display_name': 'Stuttgart, Baden-Württemberg'}",https://www.adzuna.de/land/ad/5778049521?se=cM67CCGE8RGaUe0py9m6ug&utm_medium=api&utm_source=a4bcf954&v=A317766B85A306B68EB0202D3E652C4FA0E2BEFC,48.776198,5778049521,2026-06-26T22:06:58Z,"Life is always about becoming… Im Leben geht es darum, sich auf eine Reise zu begeben, um die beste Version unseres zukünftigen Selbst zu werden. Während wir Neues entdecken, stellen wir uns Herausforderungen, meistern sie und wachsen über uns hinaus. Bewerben Sie sich bei Mercedes-Benz und finden Sie den Aufgabenbereich, in dem Sie Ihre Talente individuell entfalten können. Dabei werden Sie von visionären Kolleginnen und Kollegen unterstützt, die Ihren Pioniergeist teilen. Bei uns einzusteigen…",Praktikant*in Digital Transformation Office (Pflicht-Praktikum),Adzuna::API::Response::Job,,,,
,"{'label': 'IT-Stellen', 'tag': 'it-jobs', '__CLASS__': 'Adzuna::API::Response::Category'}",eyJhbGciOiJIUzI1NiJ9.eyJzIjoiY002N0NDR0U4UkdhVWUwcHk5bTZ1ZyIsImkiOiI1NzUyNzI5NzI1In0.8yoTThnV2k8LtXtPYB-wnkwwin0ajT0VvaOH50WU9mQ,"{'__CLASS__': 'Adzuna::API::Response::Company', 'display_name': 'INFOMOTION GmbH'}",0,"{'area': ['Deutschland', 'Hessen', 'Frankfurt am Main'], '__CLASS__': 'Adzuna::API::Response::Location', 'display_name': 'Frankfurt am Main, Hessen'}",https://www.adzuna.de/land/ad/5752729725?se=cM67CCGE8RGaUe0py9m6ug&utm_medium=api&utm_source=a4bcf954&v=BBC8CDC25BA676BE9110BA325FDF4A5A440E9079,,5752729725,2026-06-05T05:10:45Z,"INFOMOTION ist die Data Performance Company – mit über 600 Datenenthusiastinnen und -enthusiasten an neun Standorten und mehr als 20 Jahren Erfahrung. Bei uns bringst Du Deine Expertise gezielt ein – und entwickelst sie weiter, gemeinsam mit einem Team, das Wissen teilt, Verantwortung lebt und Zukunft gestaltet. Du möchtest Deine Erfahrung nicht nur vertiefen, sondern auch weitergeben – und mit anderen gemeinsam echte Datenwirkung erzielen? Dann gestalte mit uns die nächste Etappe – persönlich,…",Senior Datenarchitekt (m/w/d) Data & AI Strategie,Adzuna::API::Response::Job,,,,
6.808387,"{'label': 'Unknown', '__CLASS__': 'Adzuna::API::Response::Category', 'tag': 'unknown'}",eyJhbGciOiJIUzI1NiJ9.eyJpIjoiNTc5OTM1NTk1NCIsInMiOiJjTTY3Q0NHRThSR2FVZTBweTltNnVnIn0.MRQbxIXbJY8yOD6IKz_Ny3YqVg1_cUrhCo2kioEx0ks,"{'display_name': 'adesso SE', '__CLASS__': 'Adzuna::API::Response::Company'}",0,"{'__CLASS__': 'Adzuna::API::Response::Location', 'display_name': 'Düsseldorf, Nordrhein-Westfalen', 'area': ['Deutschland', 'Nordrhein-Westfalen', 'Düsseldorf']}",https://www.adzuna.de/land/ad/5799355954?se=cM67CCGE8RGaUe0py9m6ug&utm_medium=api&utm_source=a4bcf954&v=2E063C0508435A28B083D193760985D733813C03,51.226802,5799355954,2026-07-14T03:25:03Z,"adesso steht für digitale Exzellenz – und damit auch für vielfältige Entwicklungsmöglichkeiten für alle adessi. Wir wachsen gemeinsam und lernen voneinander: in anspruchsvollen Projekten, interdisziplinären Teams und mit zielgerichteten Trainingsangeboten. Wir haben IT im Herzen und den Erfolg unserer Kunden im Fokus. Als Treiber der KI-Transformation verbinden wir Mut zur Veränderung mit technologischer Expertise und zukunftsfähigen Strategien. Was uns stark macht, sind unsere adessi, die etwa…",Customer Data Platform Engineer - Salesforce Data Cloud (all genders),Adzuna::API::Response::Job,,,,
,"{'label': 'IT-Stellen', 'tag': 'it-jobs', '__CLASS__': 'Adzuna::API::Response::Category'}",eyJhbGciOiJIUzI1NiJ9.eyJpIjoiNTc5NzEzNzg5NyIsInMiOiJjTTY3Q0NHRThSR2FVZTBweTltNnVnIn0.efjgkqsFf6fRGT2i27CVPSVirCXdwNqnTT5kpNf0fqQ,"{'display_name': 'Union Investment', '__CLASS__': 'Adzuna::API::Response::Company'}",0,"{'display_name': 'Deutschland', '__CLASS__': 'Adzuna::API::Response::Location', 'area': ['Deutschland']}",https://www.adzuna.de/land/ad/5797137897?se=cM67CCGE8RGaUe0py9m6ug&utm_medium=api&utm_source=a4bcf954&v=AEED4D76EA0B2ED6667296D467D6A1D1FFD03154,,5797137897,2026-07-11T21:22:00Z,"Als eine der großen europäischen Plattformen für Investmentfonds ist die Attrax Financial Services S.A. ein zuverlässiger Partner der Genossenschaftlichen FinanzGruppe Volksbanken Raiffeisenbanken in Deutschland und weiterer professioneller Finanzdienstleister - wie Banken, Investmentgesellschaften und Versicherungen. Die Gesellschaft bietet ihren Institutionellen Kunden innovative Business-to-Business-Services für Fondsbrokerage und Fondsverwahrung, kundenorientierte Lösungen in den Bereichen …",Trainee FOKUS Luxemburg (m/w/d) - digitale Transformation & Prozessmanagement Schwerpunkt Change/Run in der Fondsadministration,Adzuna::API::Response::Job,,,,
13.420806,"{'label': 'IT-Stellen', '__CLASS__': 'Adzuna::API::Response::Category', 'tag': 'it-jobs'}",eyJhbGciOiJIUzI1NiJ9.eyJpIjoiNTc4MTgwOTg5MSIsInMiOiJjTTY3Q0NHRThSR2FVZTBweTltNnVnIn0.xn3xs6fXfhyeJNk1KMXuO8zuZUIhcvzPoTmHKFMd9rE,"{'__CLASS__': 'Adzuna::API::Response::Company', 'display_name': 'adesso business consulting AG'}",0,"{'__CLASS__': 'Adzuna::API::Response::Location', 'display_name': 'Berlin, Deutschland', 'area': ['Deutschland', 'Berlin']}",https://www.adzuna.de/land/ad/5781809891?se=cM67CCGE8RGaUe0py9m6ug&utm_medium=api&utm_source=a4bcf954&v=C0A7ADAE8F5E4E12553B21312ECD693686D00D5B,52.507706,5781809891,2026-06-30T07:22:22Z,"Wir sind adesso business consulting, das SAP-Powerhouse der adesso Group. Als führender IT-Dienstleister stehen wir für Kundenorientierung, Wachstum und starke Perspektiven. Unser größter Erfolgsfaktor? Das sind unsere Mitarbeitenden! Als SAP-Profis begleiten wir kundenspezifische Herausforderungen und unterstützen die Auswahl, Anpassung und Implementierung von SAP-Lösungen. Unsere langjährige Erfahrung kombiniert technisches und Branchen-Know-how mit strategischem Denken und kreativen Ideen. D…",AI & Automation Architect SAP (all genders),Adzuna::API::Response::Job,,,,
7.7853,"{'label': 'Unknown', '__CLASS__': 'Adzuna::API::Response::Category', 'tag': 'unknown'}",eyJhbGciOiJIUzI1NiJ9.eyJpIjoiNTcxMDY1OTI5MiIsInMiOiJjTTY3Q0NHRThSR2FVZTBweTltNnVnIn0.yNUsP8p50YRrFttK__TeHbnwKhhQ82vdJYjDqCz9rgA,"{'__CLASS__': 'Adzuna::API::Response::Company', 'display_name': 'Takko Fashion'}",0,"{'display_name': 'Telgte, Warendorf (Kreis)', '__CLASS__': 'Adzuna::API::Response::Location', 'area': ['Deutschland', 'Nordrhein-Westfalen', 'Warendorf (Kreis)', 'Telgte']}",https://www.adzuna.de/details/5710659292?utm_medium=api&utm_source=a4bcf954,51.98437,5710659292,2026-04-26T00:03:52Z,Specialist Data Science (m/w/d) für unsere Zentrale in Telgte (bei Münster) Aus Westfalen in die Welt - mit rund 18.000 Kolleginnen und Kollegen und fast 2.000 Stores in 17 Ländern sind wir einer der größten Fashion Discounter in Europa. Unsere internationalen Geschäfte steuern wir aus unserer Zentrale im westfälischen Telgte bei Münster. Takko Fashion steht für aktuelle Trends sowie gute Qualität aus sozial verantwortungsbewusster Produktion – und das zu einem erschwinglichen Preis. Durch unse…,Specialist Data Science (m/w/d),Adzuna::API::Response::Job,full_time,,,permanent
9.77223,"{'label': 'Unknown', 'tag': 'unknown', '__CLASS__': 'Adzuna::API::Response::Category'}",eyJhbGciOiJIUzI1NiJ9.eyJzIjoiY002N0NDR0U4UkdhVWUwcHk5bTZ1ZyIsImkiOiI1MDY3MDIwNzk4In0.AYDElF9wWbyYt9zao-krH9z_ARXssCuEJ4HNJrCV_Nk,"{'display_name': 'IT-P GmbH', '__CLASS__': 'Adzuna::API::Response::Company'}",0,"{'__CLASS__': 'Adzuna::API::Response::Location', 'display_name': 'Bult, Hannover', 'area': ['Deutschland', 'Niedersachsen', 'Region Hannover (Kreis)', 'Hannover', 'Bult']}",https://www.adzuna.de/details/5067020798?utm_medium=api&utm_source=a4bcf954,52.36489,5067020798,2025-02-28T14:07:24Z,"Wir bieten dir Flexibles Arbeiten: Mobiles Arbeiten mit vier gemeinsamen Präsenztagen im Monat. Und wenn du magst, bist du natürlich jederzeit öfter im Büro willkommen. So schaffen wir die perfekte Balance aus Freiheit und persönlichem Austausch. Individuelle Arbeitszeitmodelle , die sich an dein Leben anpassen. Gestaltungsfreiraum für deine Ideen und Projekte, mit der Möglichkeit, wirklich etwas zu bewegen. Gezielte Weiterbildungsmöglichkeiten , die wir aktiv fördern. Ein starkes Miteinander i…",Data Science Specialist (m/w/d),Adzuna::API::Response::Job,part_time,,,
,"{'tag': 'unknown', '__CLASS__': 'Adzuna::API::Response::Category', 'label': 'Unknown'}",eyJhbGciOiJIUzI1NiJ9.eyJpIjoiNTcyNzMwOTI3MSIsInMiOiJjTTY3Q0NHRThSR2FVZTBweTltNnVnIn0.42k3P7XSbGda9rLT_VLRV-5frkV6hjjn7khNQLI43vs,"{'display_name': 'IT-P', '__CLASS__': 'Adzuna::API::Response::Company'}",0,"{'area': ['Deutschland'], '__CLASS__': 'Adzuna::API::Response::Location', 'display_name': 'Deutschland'}",https://www.adzuna.de/details/5727309271?utm_medium=api&utm_source=a4bcf954,,5727309271,2026-05-12T23:01:22Z,"Wir bieten dir Flexibles Arbeiten: Mobiles Arbeiten mit vier gemeinsamen Präsenztagen im Monat. Und wenn du magst, bist du natürlich jederzeit öfter im Büro willkommen. So schaffen wir die perfekte Balance aus Freiheit und persönlichem Austausch. Individuelle Arbeitszeitmodelle , die sich an dein Leben anpassen. Gestaltungsfreiraum für deine Ideen und Projekte, mit der Möglichkeit, wirklich etwas zu bewegen. Gezielte Weiterbildungsmöglichkeiten , die wir aktiv fördern. Ein starkes Miteinander i…",Data Science Specialist (m/w/d),Adzuna::API::Response::Job,full_time,,,
9.21546,"{'__CLASS__': 'Adzuna::API::Response::Category', 'tag': 'unknown', 'label': 'Unknown'}",eyJhbGciOiJIUzI1NiJ9.eyJzIjoiY002N0NDR0U4UkdhVWUwcHk5bTZ1ZyIsImkiOiI1NTkzNjU1NDAyIn0.y7-BE91Xp1RULfwCPcvqD1fTJZJgUjONxIJ3mx5BXog,"{'__CLASS__': 'Adzuna::API::Response::Company', 'display_name': 'MWAY DIGITAL GmbH'}",0,"{'area': ['Deutschland', 'Baden-Württemberg', 'Stuttgart', 'Bad Cannstatt'], '__CLASS__': 'Adzuna::API::Response::Location', 'display_name': 'Bad Cannstatt, Stuttgart'}",https://www.adzuna.de/details/5593655402?utm_medium=api&utm_source=a4bcf954,48.80499,5593655402,2026-01-21T06:59:03Z,"Dein Studium Du möchtest Theorie und Praxis miteinander verknüpfen und begeisterst dich für Daten, Analysen und Künstliche Intelligenz? Dann ist das duale Studium im Bereich Data Science & Künstliche Intelligenz in Kombination mit MWAY genau das Richtige für dich. Studiendauer: 3 Jahre Studienverlauf: Wechsel von Theorie- und Praxisphasen im 3-Monats-Rhythmus Praxisort: Stuttgart-Bad Cannstatt Studienstart: 01.10.2027 Studienort: DHBW Stuttgart Abschluss: Bachelor of Science Weitere Information…",DHBW Data Science & Künstliche Intelligenz – 2027,Adzuna::API::Response::Job,full_time,,,
9.187224,"{'label': 'IT-Stellen', '__CLASS__': 'Adzuna::API::Response::Category', 'tag': 'it-jobs'}",eyJhbGciOiJIUzI1NiJ9.eyJpIjoiNTcyNzMwMTMyMiIsInMiOiJjTTY3Q0NHRThSR2FVZTBweTltNnVnIn0.5pBp6XJgraexrAEutHRyumVX-S7MSSaclR2YExRtRaA,"{'__CLASS__': 'Adzuna::API::Response::Company', 'display_name': 'MWAY DIGITAL'}",0,"{'display_name': 'Stuttgart, Baden-Württemberg', '__CLASS__': 'Adzuna::API::Response::Location', 'area': ['Deutschland', 'Baden-Württemberg', 'Stuttgart']}",https://www.adzuna.de/details/5727301322?utm_medium=api&utm_source=a4bcf954,48.776198,5727301322,2026-05-12T22:59:27Z,"Dein Studium Du möchtest Theorie und Praxis miteinander verknüpfen und begeisterst dich für Daten, Analysen und Künstliche Intelligenz? Dann ist das duale Studium im Bereich Data Science & Künstliche Intelligenz in Kombination mit MWAY genau das Richtige für dich. Studiendauer: 3 Jahre Studienverlauf: Wechsel von Theorie- und Praxisphasen im 3-Monats-Rhythmus Praxisort: Stuttgart-Bad Cannstatt Studienstart: 01.10.2027 Studienort: DHBW Stuttgart Abschluss: Bachelor of Science Weitere Information…",DHBW Data Science & Künstliche Intelligenz – 2027,Adzuna::API::Response::Job,full_time,,,
9.94976,"{'__CLASS__': 'Adzuna::API::Response::Category', 'tag': 'it-jobs', 'label': 'IT-Stellen'}",eyJhbGciOiJIUzI1NiJ9.eyJpIjoiNTc4NDQwOTQ4NiIsInMiOiJjTTY3Q0NHRThSR2FVZTBweTltNnVnIn0.rEEQni0o9JsnKUlo1DzCZAfxvX5PrQMratagBlb-nkA,"{'display_name': 'NewTec', '__CLASS__': 'Adzuna::API::Response::Company'}",0,"{'area': ['Deutschland', 'Baden-Württemberg', 'Ulm', 'Söflingen'], '__CLASS__': 'Adzuna::API::Response::Location', 'display_name': 'Söflingen, Ulm'}",https://www.adzuna.de/details/5784409486?utm_medium=api&utm_source=a4bcf954,48.39155,5784409486,2026-07-01T23:47:40Z,"Du studierst Informatik, Künstliche Intelligenz (KI), Data Science, Data Analytics oder einen vergleichbaren Studiengang mit Schwerpunkt Softwareentwicklung und möchtest dein theoretisches Wissen in einem praxisnahen Projekt anwenden, das langfristig einen echten Mehrwert schafft? Dann suchen wir genau dich für ein Praxissemester! Werde Teil unseres Teams am Standort Ulm und gestalte die Zukunft von NewTec aktiv mit! Was dich bei NewTec erwartet: Du entwickelst und optimierst Datenbankabfragen …",Praxissemester / Abschlussarbeit im Bereich KI und Data Science,Adzuna::API::Response::Job,full_time,,,
12.83048,"{'__CLASS__': 'Adzuna::API::Response::Category', 'tag': 'graduate-jobs', 'label': 'Stellen für Hochschulabsolventen'}",eyJhbGciOiJIUzI1NiJ9.eyJzIjoiY002N0NDR0U4UkdhVWUwcHk5bTZ1ZyIsImkiOiI1Nzg1MjMwMjc1In0.hhhs45n5Gw3Qba7_0ofLBRU7KCiO1InCYCC3SJZ_qvc,"{'__CLASS__': 'Adzuna::API::Response::Company', 'display_name': 'Wacker Chemie AG - Werk Burghausen'}",0,"{'display_name': 'Burghausen, Altötting (Kreis)', '__CLASS__': 'Adzuna::API::Response::Location', 'area': ['Deutschland', 'Bayern', 'Altötting (Kreis)', 'Burghausen']}",https://www.adzuna.de/details/5785230275?utm_medium=api&utm_source=a4bcf954,48.17244,5785230275,2026-07-02T11:24:40Z,Duales Studium - Data Science & Künstliche Intelligenz Standort Burghausen - 84489 Burghausen - Arbeitszeit: Vollzeit - Position: Duales Studium - Bildungsgrad Mindestvoraussetzung: Fachhochschulreife - Beschäftigungsbeginn: 01.09.2027,Duales Studium - Data Science & Künstliche Intelligenz,Adzuna::API::Response::Job,,,,
9.99333,"{'__CLASS__': 'Adzuna::API::Response::Category', 'tag': 'unknown', 'label': 'Unknown'}",eyJhbGciOiJIUzI1NiJ9.eyJpIjoiNDM1MjU5MTkzMiIsInMiOiJjTTY3Q0NHRThSR2FVZTBweTltNnVnIn0.pBlJmVnUvlaWUVeJ7Jm7Fk7bOLTPx9RFvrspbuEgU20,"{'display_name': 'Highberg DACH', '__CLASS__': 'Adzuna::API::Response::Company'}",0,"{'__CLASS__': 'Adzuna::API::Response::Location', 'display_name': 'HafenCity, Hamburg', 'area': ['Deutschland', 'Hamburg', 'HafenCity']}",https://www.adzuna.de/details/4352591932?utm_medium=api&utm_source=a4bcf954,53.54167,4352591932,2023-10-05T13:37:27Z,"Wer wir sind Als eine der führenden Beratungen der Medienbranche treibt Highberg DACH (ehemals SCHICKLER) den digitalen Wandel in Medienunternehmen in Deutschland, Österreich und der Schweiz aktiv voran. In der Medienwelt von heute entscheidet Datenkompetenz über Sichtbarkeit, Reichweite und Erfolg. Wer relevant bleiben will, muss Wandel aktiv gestalten – genau deshalb suchen wir dich. Unser Tech Stack: Programmiersprachen: Python, R, JavaScript, SQL ETL / Data-Modeling: dbt, Google Dataflow, P…",Praktikum: Data Science (w/m/d),Adzuna::API::Response::Job,full_time,,,
9.99333,"{'label': 'Beraterstellen', 'tag': 'consultancy-jobs', '__CLASS__': 'Adzuna::API::Response::Category'}",eyJhbGciOiJIUzI1NiJ9.eyJpIjoiNTcyNzM0NTQwNCIsInMiOiJjTTY3Q0NHRThSR2FVZTBweTltNnVnIn0.VD7A3dBQaVe5VbuYs4DxSoIe0cDejjGx_T1x7IdIeHs,"{'__CLASS__': 'Adzuna::API::Response::Company', 'display_name': 'Highberg'}",0,"{'display_name': 'HafenCity, Hamburg', '__CLASS__': 'Adzuna::API::Response::Location', 'area': ['Deutschland', 'Hamburg', 'HafenCity']}",https://www.adzuna.de/details/5727345404?utm_medium=api&utm_source=a4bcf954,53.54167,5727345404,2026-05-12T23:27:34Z,"Wer wir sind Als eine der führenden Beratungen der Medienbranche treibt Highberg DACH (ehemals SCHICKLER) den digitalen Wandel in Medienunternehmen in Deutschland, Österreich und der Schweiz aktiv voran. In der Medienwelt von heute entscheidet Datenkompetenz über Sichtbarkeit, Reichweite und Erfolg. Wer relevant bleiben will, muss Wandel aktiv gestalten – genau deshalb suchen wir dich. Unser Tech Stack: Programmiersprachen: Python, R, JavaScript, SQL ETL / Data-Modeling: dbt, Google Dataflow, P…",Praktikum: Data Science (w/m/d),Adzuna::API::Response::Job,full_time,,,
,"{'label': 'Unknown', 'tag': 'unknown', '__CLASS__': 'Adzuna::API::Response::Category'}",eyJhbGciOiJIUzI1NiJ9.eyJpIjoiNTc3NTQyNDA4MyIsInMiOiJjTTY3Q0NHRThSR2FVZTBweTltNnVnIn0.k2lZjjRTe9yg3mhfeFD0zZ4PJLtP3ecL6PI1WMV6OP0,"{'display_name': 'Accenture', '__CLASS__': 'Adzuna::API::Response::Company'}",0,"{'__CLASS__': 'Adzuna::API::Response::Location', 'display_name': 'Deutschland', 'area': ['Deutschland']}",https://www.adzuna.de/details/5775424083?utm_medium=api&utm_source=a4bcf954,,5775424083,2026-06-24T23:49:48Z,"m AI & Data Team bei Accenture vereinen wir einzigartige Persönlichkeiten und zukunftsgerichtetes Know-How, um gemeinsam mit unseren Kunden datengetriebene Transformation voranzutreiben und die Zukunft durch KI (Künstlichen Intelligenz) zu gestalten. Wir begleiten unsere Kunden Ende-zu-Ende – von der strategischen, KI-nativen Neuausrichtung & Zieldefinition der Organisation über die Konzeption & Entwicklung von cutting-edge KI-Lösungen bis hin zum technischen Design & der Implementierung von KI…",AI & Data Science Analyst (all genders),Adzuna::API::Response::Job,full_time,,,
9.9477,"{'__CLASS__': 'Adzuna::API::Response::Category', 'tag': 'it-jobs', 'label': 'IT-Stellen'}",eyJhbGciOiJIUzI1NiJ9.eyJzIjoiY002N0NDR0U4UkdhVWUwcHk5bTZ1ZyIsImkiOiI1NzE2MjI0MDIwIn0.s7-va7HPd91Sd-zerK_SnMjVQst4Y9fq9JTCqaZY0n0,"{'display_name': 'ENCAVIS', '__CLASS__': 'Adzuna::API::Response::Company'}",0,"{'area': ['Deutschland', 'Hamburg', 'Altona-Altstadt'], 'display_name': 'Altona-Altstadt, Hamburg', '__CLASS__': 'Adzuna::API::Response::Location'}",https://www.adzuna.de/details/5716224020?utm_medium=api&utm_source=a4bcf954,53.54883,5716224020,2026-05-01T22:59:27Z,"Auf was wir bei ENCAVIS setzen? Die Sonne. Den Wind. Und auf dich. Willkommen in der Welt von Encavis! Bei uns dreht sich alles um die Kraft der Sonne, des Windes und der konzernweit über 400 Menschen, die gemeinsam das Energiesystem der Zukunft gestalten, um eine nachhaltige Energieversorgung für zukünftige Generationen sicherzustellen. Die ENCAVIS Management GmbH & Co. KG ist die Holding der ENCAVIS GmbH, einem der führenden Stromerzeuger aus Erneuerbaren Energien in Europa. Wir betreiben ein…",Berufsbegleitendes Studium - Data Science & Artificial Intelligence,Adzuna::API::Response::Job,part_time,,,
10.64904,"{'label': 'Unknown', '__CLASS__': 'Adzuna::API::Response::Category', 'tag': 'unknown'}",eyJhbGciOiJIUzI1NiJ9.eyJzIjoiY002N0NDR0U4UkdhVWUwcHk5bTZ1ZyIsImkiOiI1NzY4MDYwNjM4In0.QtK-_qIJFpz4zrJnZ29DA8lw4LJXDDVS1hw6AtIJZAc,"{'display_name': 'Drägerwerk AG & Co. KGaA', '__CLASS__': 'Adzuna::API::Response::Company'}",0,"{'area': ['Deutschland', 'Schleswig-Holstein', 'Lübeck', 'Buntekuh'], '__CLASS__': 'Adzuna::API::Response::Location', 'display_name': 'Buntekuh, Lübeck'}",https://www.adzuna.de/details/5768060638?utm_medium=api&utm_source=a4bcf954,53.86126,5768060638,2026-06-18T14:13:20Z,"Praktikum Künstliche Intelligenz / Data Science – Medizintechnik Drägerwerk AG & Co. KGaA - Job-ID V000011147 Einsatzort: Lübeck Fachbereich: R&D Art der Anstellung: Vollzeit Dafür suchen wir Dich Studieren macht Spaß – noch mehr, wenn du die Theorie auch in der Praxis erleben kannst. Bei Dräger bringst du vom ersten Tag an deine Ideen ein und übernimmst Verantwortung für ›Technik für das Leben‹. Im Bereich Workplace Infrastructure dreht sich alles um die Gestaltung moderner Arbeits- und Klinik…",Praktikum Künstliche Intelligenz / Data Science – Medizintechnik,Adzuna::API::Response::Job,,,,
7.112412,"{'__CLASS__': 'Adzuna::API::Response::Category', 'tag': 'unknown', 'label': 'Unknown'}",eyJhbGciOiJIUzI1NiJ9.eyJpIjoiNTgwMzA2MTIzNiIsInMiOiJjTTY3Q0NHRThSR2FVZTBweTltNnVnIn0.Xbqf7LJienVL1kkkc0FfaDZH0RSwXLN3blBTW2U8b-8,"{'display_name': 'twomynds', '__CLASS__': 'Adzuna::API::Response::Company'}",0,"{'area': ['Deutschland', 'Nordrhein-Westfalen', 'Bonn'], '__CLASS__': 'Adzuna::API::Response::Location', 'display_name': 'Bonn, Nordrhein-Westfalen'}",https://www.adzuna.de/details/5803061236?utm_medium=api&utm_source=a4bcf954,50.71942,5803061236,2026-07-16T16:27:05Z,"Über uns Du willst technische Verantwortung übernehmen und sehen, wie deine Arbeit in echten Use Cases Mehrwert schafft – bei Unternehmen, die du aus dem Alltag kennst? Willkommen bei twomynds. Wir sind eine dedizierte Data-&-AI-Beratung sowie ein Service Provider mit End-to-End-Umsetzung und begleiten Unternehmen von der strategischen Zielsetzung bis zur operativen Realisierung – strategisch, umsetzungsstark und ergebnisorientiert. Unsere Mission: Ambitionierte Unternehmen befähigen, Data & AI…",Data Science Manager (m/w/d),Adzuna::API::Response::Job,full_time,,,
7.10344,"{'label': 'Unknown', '__CLASS__': 'Adzuna::API::Response::Category', 'tag': 'unknown'}",eyJhbGciOiJIUzI1NiJ9.eyJpIjoiNTgwNDU3Nzg4NCIsInMiOiJjTTY3Q0NHRThSR2FVZTBweTltNnVnIn0.VkFrrCYHJ6q23ljaKlQ-DwbV0xaZTtpLvpKPZI5955g,"{'display_name': 'twomynds', '__CLASS__': 'Adzuna::API::Response::Company'}",0,"{'area': ['Deutschland', 'Nordrhein-Westfalen', 'Bonn', 'Zentrum'], 'display_name': 'Zentrum, Bonn', '__CLASS__': 'Adzuna::API::Response::Location'}",https://www.adzuna.de/details/5804577884?utm_medium=api&utm_source=a4bcf954,50.73754,5804577884,2026-07-17T09:55:42Z,"Über uns Du willst technische Verantwortung übernehmen und sehen, wie deine Arbeit in echten Use Cases Mehrwert schafft – bei Unternehmen, die du aus dem Alltag kennst? Willkommen bei twomynds. Wir sind eine dedizierte Data-&-AI-Beratung sowie ein Service Provider mit End-to-End-Umsetzung und begleiten Unternehmen von der strategischen Zielsetzung bis zur operativen Realisierung – strategisch, umsetzungsstark und ergebnisorientiert. Unsere Mission: Ambitionierte Unternehmen befähigen, Data & AI…",Data Science Manager (m/w/d),Adzuna::API::Response::Job,,,,
8.45882,"{'tag': 'logistics-warehouse-jobs', '__CLASS__': 'Adzuna::API::Response::Category', 'label': 'Stellen aus Logistik & Lagerhaltung'}",eyJhbGciOiJIUzI1NiJ9.eyJpIjoiNTcyNzMyMjkxNSIsInMiOiJjTTY3Q0NHRThSR2FVZTBweTltNnVnIn0.rQAg2yYoyq4d39oGqJWcuRvYm0tDMHFRQ7Y1_GrWsSM,"{'__CLASS__': 'Adzuna::API::Response::Company', 'display_name': 'Chrono24'}",0,"{'__CLASS__': 'Adzuna::API::Response::Location', 'display_name': 'Hagsfeld, Karlsruhe', 'area': ['Deutschland', 'Baden-Württemberg', 'Karlsruhe (Kreis)', 'Karlsruhe', 'Hagsfeld']}",https://www.adzuna.de/details/5727322915?utm_medium=api&utm_source=a4bcf954,49.03084,5727322915,2026-05-12T23:08:36Z,Darauf kannst Du dich freuen Du übernimmst eigenverantwortlich verschiedene Modellierungs- und Analyseprojekte und nutzt dabei unsere Marktplatzdaten sowie deine fundierten Methodenkenntnisse. Du bereitest Daten aus unterschiedlichen Systemen auf und setzt deine Fähigkeiten im Feature Engineering effektiv ein. Bei der Umsetzung von statistischen Modellen und Modell-Prototypen legst du großen Wert auf deren praktische Anwendbarkeit. Du führst statistisch fundierte Analysen und Simulationen durch…,Werkstudent Data Science (m/w/d),Adzuna::API::Response::Job,part_time,,,
11.62828,"{'label': 'Unknown', '__CLASS__': 'Adzuna::API::Response::Category', 'tag': 'unknown'}",eyJhbGciOiJIUzI1NiJ9.eyJpIjoiNTcyNzMyMTg3NiIsInMiOiJjTTY3Q0NHRThSR2FVZTBweTltNnVnIn0.PvyYY5hOpUI1EC66KeENr0CqZuMaMYLc1okjZccbKs0,"{'display_name': 'smartvillage', '__CLASS__': 'Adzuna::API::Response::Company'}",0,"{'area': ['Deutschland', 'Bayern', 'München (Kreis)', 'München', 'Bogenhausen'], 'display_name': 'Bogenhausen, München', '__CLASS__': 'Adzuna::API::Response::Location'}",https://www.adzuna.de/details/5727321876?utm_medium=api&utm_source=a4bcf954,48.1475,5727321876,2026-05-12T23:07:57Z,"Dafür brauchen wir Dich Für ein neues Digital-Projekt in der MICE-Branche suchen wir Dich: eine Persönlichkeit, die Lust hat, mit uns Dinge neu zu denken, Ideen Realität werden zu lassen und die Zukunft unserer Branche aktiv mitzugestalten. Dateninfrastruktur & Skalierung: Du entwickelst und verantwortest unsere Dateninfrastruktur. Du baust robuste Pipelines, die Daten aus verschiedenen Quellen in ein sauberes, zuverlässiges Data Warehouse überführen und stellst Qualität, Konsistenz und Verfügb…",Data Science Engineer (m/w/d),Adzuna::API::Response::Job,full_time,,,
13.33722,"{'label': 'Unknown', '__CLASS__': 'Adzuna::API::Response::Category', 'tag': 'unknown'}",eyJhbGciOiJIUzI1NiJ9.eyJzIjoiY002N0NDR0U4UkdhVWUwcHk5bTZ1ZyIsImkiOiI1NTc2NjkwMTIxIn0.BeG_UyhV-miedh39yiGYgQyMCDKUnld1zOXL-hJ8cq8,"{'__CLASS__': 'Adzuna::API::Response::Company', 'display_name': 'Siltronic AG'}",0,"{'area': ['Deutschland', 'Sachsen', 'Mittelsachsen (Kreis)', 'Freiberg'], 'display_name': 'Freiberg, Mittelsachsen (Kreis)', '__CLASS__': 'Adzuna::API::Response::Location'}",https://www.adzuna.de/details/5576690121?utm_medium=api&utm_source=a4bcf954,50.91404,5576690121,2026-01-09T20:35:59Z,"Siltronic ist einer der weltweit größten Hersteller für Wafer aus Reinstsilizium und Partner vieler führender Chip-Hersteller mit rund 4.300 Mitarbeitenden und Produktionsstätten in Europa, Asien und den USA. Wir entwickeln und fertigen Wafer mit einem Durchmesser von bis zu 300 mm. Diese sind die Grundlage der modernen Mikro- und Nanoelektronik. In einem 3-jährigen Dualen Studium werden Theorie und Praxis gekonnt verbunden. Das hoch qualifizierende Studium wird durch breit gefächerte Praxisein…",Duales Studium Data Science und Künstliche Intelligenz,Adzuna::API::Response::Job,full_time,,,
9.22208,"{'label': 'IT-Stellen', 'tag': 'it-jobs', '__CLASS__': 'Adzuna::API::Response::Category'}",eyJhbGciOiJIUzI1NiJ9.eyJpIjoiNTU2NTIwODc3MSIsInMiOiJjTTY3Q0NHRThSR2FVZTBweTltNnVnIn0.Zm2Oid5NcABC-wMwUPthQh2KKdva37wzP2HDQpmn7Jk,"{'display_name': 'Kaufland', '__CLASS__': 'Adzuna::API::Response::Company'}",0,"{'display_name': 'Böckingen, Heilbronn', '__CLASS__': 'Adzuna::API::Response::Location', 'area': ['Deutschland', 'Baden-Württemberg', 'Heilbronn (Kreis)', 'Heilbronn', 'Böckingen']}",https://www.adzuna.de/details/5565208771?utm_medium=api&utm_source=a4bcf954,49.1416,5565208771,2026-01-02T20:58:32Z,"Du willst mehr als Uni und möchtest erste Berufseinblicke und Kontakte knüpfen? Dann bist du hier richtig! Als Werkstudent oder Praktikant bei Kaufland gehörst du von Beginn an zu einem starken Team und kannst zeigen, was in dir steckt. Werde auch du Teil von teamkaufland! Das erwartet dich bei uns Wir zählen auf dich: Du unterstützt unser Team bei der Bearbeitung unserer Analytics Use Cases entlang der gesamten Wertschöpfungskette bei Kaufland. Vielfältige Aufgaben? Na klar: Lerne unsere Proje…",Praktikant Data Science (m/w/d),Adzuna::API::Response::Job,,,,
8.50014,"{'tag': 'unknown', '__CLASS__': 'Adzuna::API::Response::Category', 'label': 'Unknown'}",eyJhbGciOiJIUzI1NiJ9.eyJzIjoiY002N0NDR0U4UkdhVWUwcHk5bTZ1ZyIsImkiOiI1NTA1MzM2ODIwIn0.J0kH330f5hAWrv1N9VFPU7cS02MAncJsvy_4C8LNEmI,"{'display_name': 'KPMG', '__CLASS__': 'Adzuna::API::Response::Company'}",0,"{'__CLASS__': 'Adzuna::API::Response::Location', 'display_name': 'Neuostheim, Mannheim', 'area': ['Deutschland', 'Baden-Württemberg', 'Mannheim', 'Neuostheim']}",https://www.adzuna.de/details/5505336820?utm_medium=api&utm_source=a4bcf954,49.46856,5505336820,2025-11-20T17:58:30Z,"Praktikum Data Science / Data Analytics & BI (w/m/d) Job-ID: 11385 Standorte: Mannheim Karrierelevel: Studierende Anstellungsart: Praktikum Begleite KPMG bei den zukünftigen Herausforderungen unserer Kund:innen. Begeistere auch Du Dich für die Vielfalt unserer Fragestellungen - und mach gemeinsam mit uns den Unterschied. Unterstütze Dein Team von Data-Expert:innen, die innovativen und datengesteuerten Lösungen für unsere Kund:innen zu entwickeln. Deine Aufgaben Du willst Big Data in Smart Data …",Praktikum Data Science / Data Analytics & BI (w/m/d),Adzuna::API::Response::Job,,,,contract
8.45882,"{'tag': 'unknown', '__CLASS__': 'Adzuna::API::Response::Category', 'label': 'Unknown'}",eyJhbGciOiJIUzI1NiJ9.eyJpIjoiNTUwNTMzNjgzMSIsInMiOiJjTTY3Q0NHRThSR2FVZTBweTltNnVnIn0.v1ocC0YIb-y0JqH3MdHqc5moTi8xKbO7AnaQS09iNAA,"{'__CLASS__': 'Adzuna::API::Response::Company', 'display_name': 'KPMG'}",0,"{'area': ['Deutschland', 'Baden-Württemberg', 'Karlsruhe (Kreis)', 'Karlsruhe', 'Hagsfeld'], 'display_name': 'Hagsfeld, Karlsruhe', '__CLASS__': 'Adzuna::API::Response::Location'}",https://www.adzuna.de/details/5505336831?utm_medium=api&utm_source=a4bcf954,49.03084,5505336831,2025-11-20T17:58:31Z,"Praktikum Data Science / Data Analytics & BI (w/m/d) Job-ID: 11385 Standorte: Karlsruhe Karrierelevel: Studierende Anstellungsart: Praktikum Begleite KPMG bei den zukünftigen Herausforderungen unserer Kund:innen. Begeistere auch Du Dich für die Vielfalt unserer Fragestellungen - und mach gemeinsam mit uns den Unterschied. Unterstütze Dein Team von Data-Expert:innen, die innovativen und datengesteuerten Lösungen für unsere Kund:innen zu entwickeln. Deine Aufgaben Du willst Big Data in Smart Data…",Praktikum Data Science / Data Analytics & BI (w/m/d),Adzuna::API::Response::Job,,,,contract
8.56413,"{'__CLASS__': 'Adzuna::API::Response::Category', 'tag': 'unknown', 'label': 'Unknown'}",eyJhbGciOiJIUzI1NiJ9.eyJzIjoiY002N0NDR0U4UkdhVWUwcHk5bTZ1ZyIsImkiOiI1NTA1MzM2ODE4In0.LRmzY7x6D2lyVvzzjQDZuRYcvL94-whr15K0nvMTyfE,"{'__CLASS__': 'Adzuna::API::Response::Company', 'display_name': 'KPMG'}",0,"{'area': ['Deutschland', 'Hessen', 'Frankfurt am Main', 'Flughafen'], '__CLASS__': 'Adzuna::API::Response::Location', 'display_name': 'Flughafen, Frankfurt am Main'}",https://www.adzuna.de/details/5505336818?utm_medium=api&utm_source=a4bcf954,50.05078,5505336818,2025-11-20T17:58:30Z,"Praktikum Data Science / Data Analytics & BI (w/m/d) Job-ID: 11385 Standorte: Frankfurt Karrierelevel: Studierende Anstellungsart: Praktikum Begleite KPMG bei den zukünftigen Herausforderungen unserer Kund:innen. Begeistere auch Du Dich für die Vielfalt unserer Fragestellungen - und mach gemeinsam mit uns den Unterschied. Unterstütze Dein Team von Data-Expert:innen, die innovativen und datengesteuerten Lösungen für unsere Kund:innen zu entwickeln. Deine Aufgaben Du willst Big Data in Smart Data…",Praktikum Data Science / Data Analytics & BI (w/m/d),Adzuna::API::Response::Job,,,,contract
6.96191,"{'label': 'Unknown', 'tag': 'unknown', '__CLASS__': 'Adzuna::API::Response::Category'}",eyJhbGciOiJIUzI1NiJ9.eyJpIjoiNTUwNTMzNjgyOSIsInMiOiJjTTY3Q0NHRThSR2FVZTBweTltNnVnIn0.nxEqlyY8BA8PfNlkgtqqeMD0Gjng-ahbczFXHcOH94U,"{'display_name': 'KPMG', '__CLASS__': 'Adzuna::API::Response::Company'}",0,"{'area': ['Deutschland', 'Saarland', 'Regionalverband Saarbrücken (Kreis)', 'Saarbrücken', 'Malstatt'], '__CLASS__': 'Adzuna::API::Response::Location', 'display_name': 'Malstatt, Saarbrücken'}",https://www.adzuna.de/details/5505336829?utm_medium=api&utm_source=a4bcf954,49.253,5505336829,2025-11-20T17:58:31Z,"Praktikum Data Science / Data Analytics & BI (w/m/d) Job-ID: 11385 Standorte: Saarbrücken Karrierelevel: Studierende Anstellungsart: Praktikum Begleite KPMG bei den zukünftigen Herausforderungen unserer Kund:innen. Begeistere auch Du Dich für die Vielfalt unserer Fragestellungen - und mach gemeinsam mit uns den Unterschied. Unterstütze Dein Team von Data-Expert:innen, die innovativen und datengesteuerten Lösungen für unsere Kund:innen zu entwickeln. Deine Aufgaben Du willst Big Data in Smart Da…",Praktikum Data Science / Data Analytics & BI (w/m/d),Adzuna::API::Response::Job,,,,contract
13.35662,"{'tag': 'unknown', '__CLASS__': 'Adzuna::API::Response::Category', 'label': 'Unknown'}",eyJhbGciOiJIUzI1NiJ9.eyJpIjoiNTUwNTMzNjgzMyIsInMiOiJjTTY3Q0NHRThSR2FVZTBweTltNnVnIn0.IEFzL2FVJ6uYQY-M6b6rwC-A-ty1W9v07kkpBZYA4OY,"{'display_name': 'KPMG', '__CLASS__': 'Adzuna::API::Response::Company'}",0,"{'display_name': 'Moabit, Berlin', '__CLASS__': 'Adzuna::API::Response::Location', 'area': ['Deutschland', 'Berlin', 'Moabit']}",https://www.adzuna.de/details/5505336833?utm_medium=api&utm_source=a4bcf954,52.5259,5505336833,2025-11-20T17:58:31Z,"Praktikum Data Science / Data Analytics & BI (w/m/d) Job-ID: 11385 Standorte: Berlin Karrierelevel: Studierende Anstellungsart: Praktikum Begleite KPMG bei den zukünftigen Herausforderungen unserer Kund:innen. Begeistere auch Du Dich für die Vielfalt unserer Fragestellungen - und mach gemeinsam mit uns den Unterschied. Unterstütze Dein Team von Data-Expert:innen, die innovativen und datengesteuerten Lösungen für unsere Kund:innen zu entwickeln. Deine Aufgaben Du willst Big Data in Smart Data ve…",Praktikum Data Science / Data Analytics & BI (w/m/d),Adzuna::API::Response::Job,,,,contract
,"{'tag': 'unknown', '__CLASS__': 'Adzuna::API::Response::Category', 'label': 'Unknown'}",eyJhbGciOiJIUzI1NiJ9.eyJpIjoiNTUwNTMzODE3NCIsInMiOiJISmpxQ1NHRThSR2RBT0xfQ1pSVTdBIn0.lMAUqF0pEfRNtiKAH664eW6iy6sKoxcMvnuL1Om7EBA,"{'__CLASS__': 'Adzuna::API::Response::Company', 'display_name': 'KPMG'}",0,"{'__CLASS__': 'Adzuna::API::Response::Location', 'display_name': 'Deutschland', 'area': ['Deutschland']}",https://www.adzuna.de/details/5505338174?utm_medium=api&utm_source=a4bcf954,,5505338174,2025-11-20T17:58:37Z,"Praktikum Data Science / Data Analytics & BI (w/m/d) Job-ID: 11385 Standorte: Karrierelevel: Studierende Anstellungsart: Praktikum Begleite KPMG bei den zukünftigen Herausforderungen unserer Kund:innen. Begeistere auch Du Dich für die Vielfalt unserer Fragestellungen - und mach gemeinsam mit uns den Unterschied. Unterstütze Dein Team von Data-Expert:innen, die innovativen und datengesteuerten Lösungen für unsere Kund:innen zu entwickeln. Deine Aufgaben Du willst Big Data in Smart Data verwandel…",Praktikum Data Science / Data Analytics & BI (w/m/d),Adzuna::API::Response::Job,,,,contract
9.18071,"{'__CLASS__': 'Adzuna::API::Response::Category', 'label': 'Unknown', 'tag': 'unknown'}",eyJhbGciOiJIUzI1NiJ9.eyJpIjoiNTUwNTMzNjgzNyIsInMiOiJISmpxQ1NHRThSR2RBT0xfQ1pSVTdBIn0.8drJwZvbj8YqR10a_PqERmlnYoFS5pdXjvvYv370NgQ,"{'display_name': 'KPMG', '__CLASS__': 'Adzuna::API::Response::Company'}",0,"{'display_name': 'Mitte, Stuttgart', '__CLASS__': 'Adzuna::API::Response::Location', 'area': ['Deutschland', 'Baden-Württemberg', 'Stuttgart', 'Mitte']}",https://www.adzuna.de/details/5505336837?utm_medium=api&utm_source=a4bcf954,48.77713,5505336837,2025-11-20T17:58:31Z,"Praktikum Data Science / Data Analytics & BI (w/m/d) Job-ID: 11385 Standorte: Stuttgart Karrierelevel: Studierende Anstellungsart: Praktikum Begleite KPMG bei den zukünftigen Herausforderungen unserer Kund:innen. Begeistere auch Du Dich für die Vielfalt unserer Fragestellungen - und mach gemeinsam mit uns den Unterschied. Unterstütze Dein Team von Data-Expert:innen, die innovativen und datengesteuerten Lösungen für unsere Kund:innen zu entwickeln. Deine Aufgaben Du willst Big Data in Smart Data…",Praktikum Data Science / Data Analytics & BI (w/m/d),Adzuna::API::Response::Job,,,,contract
8.29909,"{'label': 'Unknown', '__CLASS__': 'Adzuna::API::Response::Category', 'tag': 'unknown'}",eyJhbGciOiJIUzI1NiJ9.eyJzIjoiSEpqcUNTR0U4UkdkQU9MX0NaUlU3QSIsImkiOiI1NTA1MzM2ODI2In0.nXgostkcHPbdk3RVReZ7c_TpkJz7xLBcNCgO75P1yXk,"{'display_name': 'KPMG', '__CLASS__': 'Adzuna::API::Response::Company'}",0,"{'area': ['Deutschland', 'Baden-Württemberg', 'Ulm', 'Mitte'], 'display_name': 'Mitte, Ulm', '__CLASS__': 'Adzuna::API::Response::Location'}",https://www.adzuna.de/details/5505336826?utm_medium=api&utm_source=a4bcf954,48.36497,5505336826,2025-11-20T17:58:31Z,"Praktikum Data Science / Data Analytics & BI (w/m/d) Job-ID: 11385 Standorte: Ulm Karrierelevel: Studierende Anstellungsart: Praktikum Begleite KPMG bei den zukünftigen Herausforderungen unserer Kund:innen. Begeistere auch Du Dich für die Vielfalt unserer Fragestellungen - und mach gemeinsam mit uns den Unterschied. Unterstütze Dein Team von Data-Expert:innen, die innovativen und datengesteuerten Lösungen für unsere Kund:innen zu entwickeln. Deine Aufgaben Du willst Big Data in Smart Data verwa…",Praktikum Data Science / Data Analytics & BI (w/m/d),Adzuna::API::Response::Job,,,,contract
9.06857,"{'__CLASS__': 'Adzuna::API::Response::Category', 'label': 'Unknown', 'tag': 'unknown'}",eyJhbGciOiJIUzI1NiJ9.eyJpIjoiNTY4Nzc3MjQ5MyIsInMiOiJISmpxQ1NHRThSR2RBT0xfQ1pSVTdBIn0.1Pa89dtgaQdYSmajqsFNF8an4VFtYStyNmsVIlHBwpQ,"{'__CLASS__': 'Adzuna::API::Response::Company', 'display_name': 'TRUMPF Group'}",0,"{'display_name': 'Ditzingen, Ludwigsburg (Kreis)', '__CLASS__': 'Adzuna::API::Response::Location', 'area': ['Deutschland', 'Baden-Württemberg', 'Ludwigsburg (Kreis)', 'Ditzingen']}",https://www.adzuna.de/details/5687772493?utm_medium=api&utm_source=a4bcf954,48.82434,5687772493,2026-04-02T22:32:24Z,"As a family-run, high-tech company with nearly 19,000 employees at 71 locations worldwide, we are looking for forward thinkers with unconventional ideas and drive to join our team. Our company culture, which values collaboration and mutual trust, creates the ideal framework for boldly trying new things and questioning the status quo. Our technologies inspire people to develop and produce things that are currently unimaginable. Whether lasers, machine tools, EUV or electronics - TRUMPF is buildi…",Praktikum im Bereich Data Science/Data Engineering für Maschinendiagnose (WS26/27),Adzuna::API::Response::Job,full_time,,,
7.464954,"{'tag': 'engineering-jobs', '__CLASS__': 'Adzuna::API::Response::Category', 'label': 'Technikerstellen'}",eyJhbGciOiJIUzI1NiJ9.eyJpIjoiNTgwNjk1NzIyMiIsInMiOiJISmpxQ1NHRThSR2RBT0xfQ1pSVTdBIn0.2zLCEO74WhHeI4Nb4TJiV_GPr11GXVs5Huum_IigF24,"{'display_name': 'rumble GmbH & Co. KG', '__CLASS__': 'Adzuna::API::Response::Company'}",0,"{'display_name': 'Dortmund, Nordrhein-Westfalen', '__CLASS__': 'Adzuna::API::Response::Location', 'area': ['Deutschland', 'Nordrhein-Westfalen', 'Dortmund']}",https://www.adzuna.de/land/ad/5806957222?se=HJjqCSGE8RGdAOL_CZRU7A&utm_medium=api&utm_source=a4bcf954&v=6EFA795FF07342437129A98DC2D026B26FFE9DF1,51.504967,5806957222,2026-07-19T09:40:49Z,"Die rumble GmbH & Co. KG ist ein gemeinsames Tochterunternehmen von Lensing Media, Medienhaus Bauer, rubens und temmingmedia. Wir sind wesentlicher Bestandteil der vier Mutterhäuser. Wir bündeln unsere digitalen Kompetenzen aus Marketing, Sales, Product Development, Data und Tech und transformieren so unsere Mutterhäuser. Vor uns liegt eine spannende, von Wachstum geprägte Reise, die wir gemeinsam durchleben und deren Erfolge wir auch feiern werden. Dabei denken und arbeiten wir so agil wie ein…",KI Solutions Engineer (m/w/d),Adzuna::API::Response::Job,,,,
9.026231,"{'__CLASS__': 'Adzuna::API::Response::Category', 'label': 'Unknown', 'tag': 'unknown'}",eyJhbGciOiJIUzI1NiJ9.eyJzIjoiSEpqcUNTR0U4UkdkQU9MX0NaUlU3QSIsImkiOiI1Nzk2OTYwNzIzIn0.mF8-tEcCFi-ZWoSHKhySwArhNW-iuQEuf_Af2at14Zg,"{'display_name': 'Mercedes-Benz AG', '__CLASS__': 'Adzuna::API::Response::Company'}",0,"{'display_name': 'Sindelfingen, Böblingen (Kreis)', '__CLASS__': 'Adzuna::API::Response::Location', 'area': ['Deutschland', 'Baden-Württemberg', 'Böblingen (Kreis)', 'Sindelfingen']}",https://www.adzuna.de/land/ad/5796960723?se=HJjqCSGE8RGdAOL_CZRU7A&utm_medium=api&utm_source=a4bcf954&v=FAE9BB96C2622443916C19A55DF38D97286E2BC8,48.720071,5796960723,2026-07-11T15:21:09Z,"Life is always about becoming… Im Leben geht es darum, sich auf eine Reise zu begeben, um die beste Version unseres zukünftigen Selbst zu werden. Während wir Neues entdecken, stellen wir uns Herausforderungen, meistern sie und wachsen über uns hinaus. Bewerben Sie sich bei Mercedes-Benz und finden Sie den Aufgabenbereich, in dem Sie Ihre Talente individuell entfalten können. Dabei werden Sie von visionären Kolleginnen und Kollegen unterstützt, die Ihren Pioniergeist teilen. Bei uns einzusteigen…",Praktikant*in Entwicklung und Umsetzung einer intelligenten Cloud,Adzuna::API::Response::Job,,,,
9.187224,"{'tag': 'consultancy-jobs', '__CLASS__': 'Adzuna::API::Response::Category', 'label': 'Beraterstellen'}",eyJhbGciOiJIUzI1NiJ9.eyJpIjoiNTc5MzUyNjUxOCIsInMiOiJISmpxQ1NHRThSR2RBT0xfQ1pSVTdBIn0.4D9l88-fn8RsRkBJUTTDVAwca0_SenKwawngeu3Eptg,"{'display_name': 'SIXT Germany', '__CLASS__': 'Adzuna::API::Response::Company'}",0,"{'display_name': 'Stuttgart, Baden-Württemberg', '__CLASS__': 'Adzuna::API::Response::Location', 'area': ['Deutschland', 'Baden-Württemberg', 'Stuttgart']}",https://www.adzuna.de/details/5793526518?utm_medium=api&utm_source=a4bcf954,48.776198,5793526518,2026-07-09T03:17:48Z,"Stellenbeschreibung Du hast (bald) Dein Abitur in der Tasche und interessierst Dich für Daten, Analysen und Programmierung? Du willst direkt in die Praxis einsteigen und gleichzeitig ein Studium absolvieren? Dann starte Dein duales Studium Data Science bei SIXT in Kooperation mit der DHBW Stuttgart. Bei SIXT wirst Du vom ersten Tag an Teil unseres internationalen Unternehmens. Du erhältst Einblicke in alle zentralen Bereiche rund um das Thema Data Science und lernst praxisnah wie Du im Team dat…",Duales Studium Data Science – in Kooperation mit der DHBW Stuttgart,Adzuna::API::Response::Job,,,,
,"{'label': 'Beraterstellen', '__CLASS__': 'Adzuna::API::Response::Category', 'tag': 'consultancy-jobs'}",eyJhbGciOiJIUzI1NiJ9.eyJzIjoiSEpqcUNTR0U4UkdkQU9MX0NaUlU3QSIsImkiOiI1NzkzNTI2NTIyIn0.SQCIyOX7-Q3IFojOQjCvEFJyxm2NIf26rIOLNbQOY3Y,"{'display_name': 'SIXT Germany', '__CLASS__': 'Adzuna::API::Response::Company'}",0,"{'area': ['Deutschland', 'Bayern', 'München (Kreis)', 'München'], 'display_name': 'München, München (Kreis)', '__CLASS__': 'Adzuna::API::Response::Location'}",https://www.adzuna.de/details/5793526522?utm_medium=api&utm_source=a4bcf954,,5793526522,2026-07-09T03:17:48Z,"Stellenbeschreibung Du hast (bald) Dein Abitur in der Tasche und interessierst Dich für Daten, Analysen und Programmierung? Du willst direkt in die Praxis einsteigen und gleichzeitig ein Studium absolvieren? Dann starte Dein duales Studium Data Science bei SIXT in Kooperation mit der DHBW Stuttgart. Bei SIXT wirst Du vom ersten Tag an Teil unseres internationalen Unternehmens. Du erhältst Einblicke in alle zentralen Bereiche rund um das Thema Data Science und lernst praxisnah wie Du im Team dat…",Duales Studium Data Science – in Kooperation mit der DHBW Stuttgart,Adzuna::API::Response::Job,,,,
10.46624,"{'tag': 'other-general-jobs', '__CLASS__': 'Adzuna::API::Response::Category', 'label': 'Sonstige/Allgemeine Stellen'}",eyJhbGciOiJIUzI1NiJ9.eyJzIjoiSEpqcUNTR0U4UkdkQU9MX0NaUlU3QSIsImkiOiI1ODA0OTUyNTI5In0.aZXG7Wq11SVD42LFmsegEnAh_3eiuP3hOwsMPyBA50M,"{'__CLASS__': 'Adzuna::API::Response::Company', 'display_name': 'NEW YORKER'}",0,"{'__CLASS__': 'Adzuna::API::Response::Location', 'display_name': 'Watenbüttel, Braunschweig', 'area': ['Deutschland', 'Niedersachsen', 'Braunschweig', 'Watenbüttel']}",https://www.adzuna.de/land/ad/5804952529?se=HJjqCSGE8RGdAOL_CZRU7A&utm_medium=api&utm_source=a4bcf954&v=BDEEB63ED6F807DF2448E6795157EAB5B99EBA69,52.30542,5804952529,2026-07-17T17:16:35Z,"THIS IS US The Data Science department uses statistical modeling, machine learning and optimization techniques to continuously improve business processes at NEW YORKER. We work in agile project teams on a variety of use cases, including order optimization, pricing, distribution and logistics. We are a very ambitious and international team and are proud of our high standards. THAT'S THE JOB Combine curiosity, fast understanding of business processes, and strong analytical skills to identify and …",SENIOR DATA SCIENTIST*,Adzuna::API::Response::Job,full_time,,,
11.555737,"{'tag': 'unknown', 'label': 'Unknown', '__CLASS__': 'Adzuna::API::Response::Category'}",eyJhbGciOiJIUzI1NiJ9.eyJpIjoiNTgwMjk3NTgzOCIsInMiOiJISmpxQ1NHRThSR2RBT0xfQ1pSVTdBIn0.T7fUwyTTht1sAGa6USGTvZNsHhtokGfA1Nft4Nsl5EE,"{'display_name': 'Actana Consulting Services GmbH', '__CLASS__': 'Adzuna::API::Response::Company'}",0,"{'display_name': 'München, München (Kreis)', '__CLASS__': 'Adzuna::API::Response::Location', 'area': ['Deutschland', 'Bayern', 'München (Kreis)', 'München']}",https://www.adzuna.de/details/5802975838?utm_medium=api&utm_source=a4bcf954,48.137418,5802975838,2026-07-16T16:07:02Z,"Bist du bereit, als Projektmanager im Bereich Data Analytics und Data Science bei Actana Consulting Services GmbH durchzustarten? Unser Unternehmen ist bekannt für seine innovativen Lösungen und seinen Kunde-zentrierten Ansatz. In deiner Rolle wirst du die Möglichkeit haben, spannende Projekte zu leiten und mit modernsten Technologien zu arbeiten. Dabei unterstützt du unseren Kunden, datengetriebene Entscheidungen zu treffen und ihre Geschäftsprozesse zu optimieren. Wenn du ein Faible für Daten…",Projektmanager Data analytics / Data science (all gender),Adzuna::API::Response::Job,full_time,,,
11.56907,"{'tag': 'consultancy-jobs', '__CLASS__': 'Adzuna::API::Response::Category', 'label': 'Beraterstellen'}",eyJhbGciOiJIUzI1NiJ9.eyJzIjoiSEpqcUNTR0U4UkdkQU9MX0NaUlU3QSIsImkiOiI1ODA0NTY1MDE3In0.RdiJ8SGjkqqnYhMbS9Xh2BozZNN8yh2n-WsoJFuSYTk,"{'display_name': 'Actana Consulting Services GmbH', '__CLASS__': 'Adzuna::API::Response::Company'}",0,"{'__CLASS__': 'Adzuna::API::Response::Location', 'display_name': 'Altstadt-Lehel, München', 'area': ['Deutschland', 'Bayern', 'München (Kreis)', 'München', 'Altstadt-Lehel']}",https://www.adzuna.de/details/5804565017?utm_medium=api&utm_source=a4bcf954,48.14093,5804565017,2026-07-17T09:53:04Z,"Bist du bereit, als Projektmanager im Bereich Data Analytics und Data Science bei Actana Consulting Services GmbH durchzustarten? Unser Unternehmen ist bekannt für seine innovativen Lösungen und seinen Kunde-zentrierten Ansatz. In deiner Rolle wirst du die Möglichkeit haben, spannende Projekte zu leiten und mit modernsten Technologien zu arbeiten. Dabei unterstützt du unseren Kunden, datengetriebene Entscheidungen zu treffen und ihre Geschäftsprozesse zu optimieren. Wenn du ein Faible für Daten…",Projektmanager Data analytics / Data science (all gender),Adzuna::API::Response::Job,,70000.0,80000.0,
13.35917,"{'__CLASS__': 'Adzuna::API::Response::Category', 'label': 'Unknown', 'tag': 'unknown'}",eyJhbGciOiJIUzI1NiJ9.eyJpIjoiNTgwMjk2MzczNiIsInMiOiJISmpxQ1NHRThSR2RBT0xfQ1pSVTdBIn0.fEtVaxE12cScNScO5kOH7PjRh3Pgblb_DH3V6R5a-lU,"{'__CLASS__': 'Adzuna::API::Response::Company', 'display_name': 'Limebit GmbH'}",0,"{'area': ['Deutschland', 'Berlin', 'Wedding'], '__CLASS__': 'Adzuna::API::Response::Location', 'display_name': 'Wedding, Berlin'}",https://www.adzuna.de/details/5802963736?utm_medium=api&utm_source=a4bcf954,52.54629,5802963736,2026-07-16T16:04:43Z,"Limebit GmbH ist eine Data-Science- und Machine-Learning-Agentur mit Fokus auf den Life-Science-Sektor. Zu unseren Kunden zählen Krankenkassen, Krankenhäuser, Gesundheitsforschende Institute und Pharmaunternehmen. Gemeinsam entwickeln wir innovative Lösungen auf Basis von Medizindaten und leisten so einen nachhaltigen Beitrag zur Weiterentwicklung des Gesundheitswesens. Unser Team wächst weiter – und dafür suchen wir eine Person, die uns im Bereich Data Science und Machine Learning aktiv unters…",Data Science & Machine Learning for Life-Science,Adzuna::API::Response::Job,full_time,,,
10.89379,"{'tag': 'unknown', 'label': 'Unknown', '__CLASS__': 'Adzuna::API::Response::Category'}",eyJhbGciOiJIUzI1NiJ9.eyJpIjoiNTgwMjg5NjIwMCIsInMiOiJISmpxQ1NHRThSR2RBT0xfQ1pSVTdBIn0.oh_laYjGORN0Ll5dgonMvCD6reuzVBVke8n176WsbLg,"{'__CLASS__': 'Adzuna::API::Response::Company', 'display_name': 'XITASO GmbH'}",0,"{'__CLASS__': 'Adzuna::API::Response::Location', 'display_name': 'Augsburg, Augsburg (Kreis)', 'area': ['Deutschland', 'Bayern', 'Augsburg (Kreis)', 'Augsburg']}",https://www.adzuna.de/details/5802896200?utm_medium=api&utm_source=a4bcf954,48.357096,5802896200,2026-07-16T15:50:09Z,"Studium mit vertiefter Praxis: Data Science B.Sc. Das ist die Herausforderung Im Studium mit vertiefter Praxis kombinierst Du ideal Theorie und Praxis. Deine im Hochschulstudium erworbenen Kenntnisse wendest Du in den betrieblichen Praxisphasen in konkreten Projekten an. So lernst Du nicht nur, warum etwas funktioniert, sondern auch, wie es funktioniert und wie es gemacht wird. In den 3,5 Jahren deines Bachelorstudiums absolvierst Du in den vorlesungsfreien Zeiten sowie im Praxissemester Deine …",Studium mit vertiefter Praxis: Data Science B.Sc.,Adzuna::API::Response::Job,,,,
10.904,"{'tag': 'it-jobs', 'label': 'IT-Stellen', '__CLASS__': 'Adzuna::API::Response::Category'}",eyJhbGciOiJIUzI1NiJ9.eyJpIjoiNTcyNzM0ODI4OCIsInMiOiJISmpxQ1NHRThSR2RBT0xfQ1pSVTdBIn0.GZiD55FGE1gl7Ef-HjEuwk-rOuRlZy5V9UrkvdUZyW0,"{'display_name': 'XITASO', '__CLASS__': 'Adzuna::API::Response::Company'}",0,"{'__CLASS__': 'Adzuna::API::Response::Location', 'display_name': 'Lechhausen, Augsburg', 'area': ['Deutschland', 'Bayern', 'Augsburg (Kreis)', 'Augsburg', 'Lechhausen']}",https://www.adzuna.de/details/5727348288?utm_medium=api&utm_source=a4bcf954,48.38236,5727348288,2026-05-12T23:30:21Z,"Das ist die Herausforderung Im Studium mit vertiefter Praxis kombinierst Du ideal Theorie und Praxis . Deine im Hochschulstudium erworbenen Kenntnisse wendest Du in den betrieblichen Praxisphasen in konkreten Projekten an. So lernst Du nicht nur, warum etwas funktioniert, sondern auch, wie es funktioniert und wie es gemacht wird. In den 3,5 Jahren deines Bachelorstudiums absolvierst Du in den vorlesungsfreien Zeiten sowie im Praxissemester Deine Praxisphasen bei XITASO. Auch Deine Bachelorarbei…",Studium mit vertiefter Praxis: Data Science B.Sc.,Adzuna::API::Response::Job,part_time,,,
8.412378,"{'__CLASS__': 'Adzuna::API::Response::Category', 'label': 'Unknown', 'tag': 'unknown'}",eyJhbGciOiJIUzI1NiJ9.eyJpIjoiNTgwMzAwMDcwMCIsInMiOiJISmpxQ1NHRThSR2RBT0xfQ1pSVTdBIn0.KAsepXZ7ZVoqB_FIVI9rwuwmoPX9lfwBOCbYAoL7uLU,"{'__CLASS__': 'Adzuna::API::Response::Company', 'display_name': 'dm-drogerie markt GmbH + Co. KG'}",0,"{'__CLASS__': 'Adzuna::API::Response::Location', 'display_name': 'Karlsruhe, Karlsruhe (Kreis)', 'area': ['Deutschland', 'Baden-Württemberg', 'Karlsruhe (Kreis)', 'Karlsruhe']}",https://www.adzuna.de/details/5803000700?utm_medium=api&utm_source=a4bcf954,49.001249,5803000700,2026-07-16T16:11:05Z,"Arbeit anders leben Die Stelle ist befristet auf 12 Monate, mit Option auf Verlängerung, in Teilzeit (15-20 Std. / Woche) zu besetzen. Das Team Marktforschung vereint Spezialisten aus den Bereichen qualitativer und quantitativer Forschung, Social Listening und Trendanalysen sowie Data Science. Wir kümmern uns um maßgeschneiderte Analysen für Fragestellungen rund um die dm Eigenmarken, unser Sortiment und die Kommunikation. Auf der Grundlage methodischer Exzellenz und thematischer Expertise unte…",Werkstudent Data Science - Marktforschung (w/m/d),Adzuna::API::Response::Job,part_time,,,
8.650578,"{'tag': 'unknown', 'label': 'Unknown', '__CLASS__': 'Adzuna::API::Response::Category'}",eyJhbGciOiJIUzI1NiJ9.eyJzIjoiSEpqcUNTR0U4UkdkQU9MX0NaUlU3QSIsImkiOiI1NzQzNjE1MjQ2In0.sD5caaD84nMTtIWYShoCorQWVEV_27ARsoSfDCZfKrU,"{'display_name': 'KFW Konzern', '__CLASS__': 'Adzuna::API::Response::Company'}",0,"{'__CLASS__': 'Adzuna::API::Response::Location', 'display_name': 'Frankfurt am Main, Hessen', 'area': ['Deutschland', 'Hessen', 'Frankfurt am Main']}",https://www.adzuna.de/details/5743615246?utm_medium=api&utm_source=a4bcf954,50.129683,5743615246,2026-05-28T18:25:27Z,"Willkommen bei der KfW! Als eine der führenden Förderbanken der Welt stehen wir für die nachhaltige Transformation von Umwelt, Gesellschaft und Unternehmen. Als Impulsgeber wirken wir aktiv an den Themen mit, die die Welt von morgen prägen. Wir fördern Windparks, Infrastruktur-Projekte, Schulen und Krankenhäuser und gestalten damit die Zukunft. Bei uns finden Sie ein vertrauensvolles Arbeitsumfeld, in dem Teamspirit, Vielfalt und Inklusion gelebt werden. Wir fördern Sie, Ihre Ideen und Ihr Enga…",Senior Referent Data Science (w/m/d),Adzuna::API::Response::Job,,,,
7.67925,"{'tag': 'unknown', 'label': 'Unknown', '__CLASS__': 'Adzuna::API::Response::Category'}",eyJhbGciOiJIUzI1NiJ9.eyJpIjoiNTgwMzA1NzE2NiIsInMiOiJISmpxQ1NHRThSR2RBT0xfQ1pSVTdBIn0._Kyw7D_ax3bI3a8_FG9GEs60pCxi9sA4HCKbXb5aMkE,"{'__CLASS__': 'Adzuna::API::Response::Company', 'display_name': 'CHECK24 Vergleichsportal'}",0,"{'display_name': 'Gremmendorf, Münster', '__CLASS__': 'Adzuna::API::Response::Location', 'area': ['Deutschland', 'Nordrhein-Westfalen', 'Münster', 'Gremmendorf']}",https://www.adzuna.de/details/5803057166?utm_medium=api&utm_source=a4bcf954,51.95368,5803057166,2026-07-16T16:25:25Z,"Über diesen Job Speed, Agilität und steile Entwicklungskurven – das macht CHECK24 aus. Unsere Vision: unseren Kundinnen in allen Produkten das beste Erlebnis zu bieten. Beim CHECK24 Hotelvergleich finden unsere Kundinnen weltweit die besten Hotels zum günstigsten Preis. Seit 2014 schaffen wir mit unseren Partnern einen transparenten Marktvergleich und ermöglichen unvergleichliche Reiseerlebnisse. Um unseren Hotelvergleich noch kundenfreundlicher und effizienter zu machen, suchen wir Dich als We…",Werkstudent (m/w/d) Data Science - Hotel,Adzuna::API::Response::Job,part_time,,,
8.79958,"{'__CLASS__': 'Adzuna::API::Response::Category', 'label': 'Unknown', 'tag': 'unknown'}",eyJhbGciOiJIUzI1NiJ9.eyJzIjoiSEpqcUNTR0U4UkdkQU9MX0NaUlU3QSIsImkiOiI1ODAyOTM3MzUwIn0.i2IfqwL2p6kZ1JbqsNh8LFqBzULF_xRfqdFnm01zc_w,"{'__CLASS__': 'Adzuna::API::Response::Company', 'display_name': 'KLS Martin Group'}",0,"{'display_name': 'Tuttlingen, Tuttlingen (Kreis)', '__CLASS__': 'Adzuna::API::Response::Location', 'area': ['Deutschland', 'Baden-Württemberg', 'Tuttlingen (Kreis)', 'Tuttlingen']}",https://www.adzuna.de/details/5802937350?utm_medium=api&utm_source=a4bcf954,47.98941,5802937350,2026-07-16T15:57:34Z,"Du möchtest die digitale Welt aktiv mitgestalten und datengetriebene Lösungen für reale Herausforderungen entwickeln? Dann starte dein duales Studium im Studiengang Data Science & Künstliche Intelligenz an der DHBW Ravensburg und verbinde akademisches Wissen mit spannender Praxiserfahrung in der Medizintechnik. In deinen Theoriephasen eignest du dir fundierte Grundlagen in Programmierung, Mathematik und Statistik an Darüber hinaus baust du Kenntnisse in Data Science, Machine Learning und Künstl…",Duales Studium Data Science und Künstliche Intelligenz | 2027,Adzuna::API::Response::Job,,,,
8.412378,"{'label': 'Teilzeitstellen', '__CLASS__': 'Adzuna::API::Response::Category', 'tag': 'part-time-jobs'}",eyJhbGciOiJIUzI1NiJ9.eyJpIjoiNTc2NzMyODg5NyIsInMiOiJISmpxQ1NHRThSR2RBT0xfQ1pSVTdBIn0.hF7F87dLhNMdFjq8LEervz1bOCm1BZbSCoL6-S1Y42Y,"{'display_name': 'Siemens AG', '__CLASS__': 'Adzuna::API::Response::Company'}",0,"{'display_name': 'Karlsruhe, Karlsruhe (Kreis)', '__CLASS__': 'Adzuna::API::Response::Location', 'area': ['Deutschland', 'Baden-Württemberg', 'Karlsruhe (Kreis)', 'Karlsruhe']}",https://www.adzuna.de/land/ad/5767328897?se=HJjqCSGE8RGdAOL_CZRU7A&utm_medium=api&utm_source=a4bcf954&v=035D23A311258786BF2486F5AFEF4CF66CBAE58C,49.001249,5767328897,2026-06-18T01:08:56Z,"Dein Berufsbild: Du möchtest irgendwas mit Mathe und Programmieren machen und findest Technologien der Zukunft spannend? Dann entscheide dich für den Studiengang Data Science und Künstliche Intelligenz und hol alles aus den Daten heraus. In deinem Beruf bist du die Schnittstelle zwischen IT und Business. Du beherrschst die verschiedenen Technologien, bewertest deren Potenziale und weißt, wie man sie technisch umsetzt. In deinem dualen Studium erlernst du die Grundlagen, Konzepte und Methoden de…",Data Science und Künstliche Intelligenz (B.Sc.) 2027,Adzuna::API::Response::Job,,,,
6.969972,"{'tag': 'part-time-jobs', 'label': 'Teilzeitstellen', '__CLASS__': 'Adzuna::API::Response::Category'}",eyJhbGciOiJIUzI1NiJ9.eyJpIjoiNTc4NTQxMjE5MSIsInMiOiJISmpxQ1NHRThSR2RBT0xfQ1pSVTdBIn0.X5CeHhSes8r6H_fonc1JPJmXrhlvlTATQGDB0lWHHQQ,"{'display_name': 'Siemens AG', '__CLASS__': 'Adzuna::API::Response::Company'}",0,"{'__CLASS__': 'Adzuna::API::Response::Location', 'display_name': 'Köln, Nordrhein-Westfalen', 'area': ['Deutschland', 'Nordrhein-Westfalen', 'Köln']}",https://www.adzuna.de/land/ad/5785412191?se=HJjqCSGE8RGdAOL_CZRU7A&utm_medium=api&utm_source=a4bcf954&v=D0A77CD380C46F611C880989E79CBA2570403C30,50.940164,5785412191,2026-07-02T14:03:32Z,"Dein Berufsbild: Du möchtest irgendwas mit Mathe und Programmieren machen und findest Technologien der Zukunft spannend? Dann entscheide dich für den Studiengang Data Science und Künstliche Intelligenz und hol alles aus den Daten heraus. In deinem Beruf bist du die Schnittstelle zwischen IT und Business. Du beherrschst die verschiedenen Technologien, bewertest deren Potenziale und weißt, wie man sie technisch umsetzt. In deinem dualen Studium erlernst du die Grundlagen, Konzepte und Methoden de…",Data Science und Künstliche Intelligenz (B.Sc.) 2027,Adzuna::API::Response::Job,,,,
,"{'tag': 'unknown', 'label': 'Unknown', '__CLASS__': 'Adzuna::API::Response::Category'}",eyJhbGciOiJIUzI1NiJ9.eyJzIjoiSEpqcUNTR0U4UkdkQU9MX0NaUlU3QSIsImkiOiI1Nzg1OTk4NzAyIn0.V-bRm4e-ZZtJMMpJvTl4qxUrfxamLAktjD9fy06OzR4,"{'display_name': 'Danaher', '__CLASS__': 'Adzuna::API::Response::Company'}",0,"{'__CLASS__': 'Adzuna::API::Response::Location', 'display_name': 'Deutschland', 'area': ['Deutschland']}",https://www.adzuna.de/details/5785998702?utm_medium=api&utm_source=a4bcf954,,5785998702,2026-07-02T23:12:33Z,"Bring more to life. Are you ready to accelerate your potential and make a real difference within life sciences, diagnostics and biotechnology? At Leica Microsystems, one of Danaher’s 15 operating companies, our work saves lives—and we’re all united by a shared commitment to innovate for tangible impact. You’ll thrive in a culture of belonging where you and your unique viewpoint matter. And by harnessing Danaher’s system of continuous improvement, you help turn ideas into impact – innovating at …",Master Thesis Student Data Science Preventative Service,Adzuna::API::Response::Job,part_time,,,
7.112412,"{'label': 'Unknown', '__CLASS__': 'Adzuna::API::Response::Category', 'tag': 'unknown'}",eyJhbGciOiJIUzI1NiJ9.eyJzIjoiSEpqcUNTR0U4UkdkQU9MX0NaUlU3QSIsImkiOiI1ODAyOTYzMjY4In0.mEDqxzl4E8sUVOgZMFJDyMdaZYG6g6F8cMapCAwlsY0,"{'__CLASS__': 'Adzuna::API::Response::Company', 'display_name': 'twomynds'}",0,"{'area': ['Deutschland', 'Nordrhein-Westfalen', 'Bonn'], '__CLASS__': 'Adzuna::API::Response::Location', 'display_name': 'Bonn, Nordrhein-Westfalen'}",https://www.adzuna.de/details/5802963268?utm_medium=api&utm_source=a4bcf954,50.71942,5802963268,2026-07-16T16:04:38Z,"Du willst sehen, wie deine Arbeit in echten Use Cases Mehrwert schafft – bei Unternehmen, die du aus dem Alltag kennst? Willkommen bei twomynds. Wir sind eine dedizierte Data-&-AI-Beratung sowie ein Service Provider mit End-to-End-Umsetzung und begleiten Unternehmen von der strategischen Zielsetzung bis zur operativen Realisierung – strategisch, umsetzungsstark und ergebnisorientiert. Unsere Mission: Ambitionierte Unternehmen befähigen, Data & AI in geschäftskritischen Mehrwert zu verwandeln – …",AI & Data Science Consultant (m/w/d),Adzuna::API::Response::Job,full_time,,,
7.10344,"{'tag': 'unknown', 'label': 'Unknown', '__CLASS__': 'Adzuna::API::Response::Category'}",eyJhbGciOiJIUzI1NiJ9.eyJzIjoiSEpqcUNTR0U4UkdkQU9MX0NaUlU3QSIsImkiOiI1ODA0NTU0ODYxIn0.5pcYAZ7OE0SrU0NG5TV2bqx37UvKZTXBc8_m6sCgOfo,"{'__CLASS__': 'Adzuna::API::Response::Company', 'display_name': 'twomynds'}",0,"{'area': ['Deutschland', 'Nordrhein-Westfalen', 'Bonn', 'Zentrum'], 'display_name': 'Zentrum, Bonn', '__CLASS__': 'Adzuna::API::Response::Location'}",https://www.adzuna.de/details/5804554861?utm_medium=api&utm_source=a4bcf954,50.73754,5804554861,2026-07-17T09:51:02Z,"Du willst sehen, wie deine Arbeit in echten Use Cases Mehrwert schafft – bei Unternehmen, die du aus dem Alltag kennst? Willkommen bei twomynds. Wir sind eine dedizierte Data-&-AI-Beratung sowie ein Service Provider mit End-to-End-Umsetzung und begleiten Unternehmen von der strategischen Zielsetzung bis zur operativen Realisierung – strategisch, umsetzungsstark und ergebnisorientiert. Unsere Mission: Ambitionierte Unternehmen befähigen, Data & AI in geschäftskritischen Mehrwert zu verwandeln – …",AI & Data Science Consultant (m/w/d),Adzuna::API::Response::Job,,,,
8.491505,"{'tag': 'unknown', 'label': 'Unknown', '__CLASS__': 'Adzuna::API::Response::Category'}",eyJhbGciOiJIUzI1NiJ9.eyJzIjoiSEpqcUNTR0U4UkdkQU9MX0NaUlU3QSIsImkiOiI1NzgzMDAwNzQ1In0.jaBmAPe_5Yn-WKCreMuKa8FPcPGryoFT12iPCG2XJu0,"{'display_name': 'Danaher Corporation', '__CLASS__': 'Adzuna::API::Response::Company'}",0,"{'__CLASS__': 'Adzuna::API::Response::Location', 'display_name': 'Mannheim, Baden-Württemberg', 'area': ['Deutschland', 'Baden-Württemberg', 'Mannheim']}",https://www.adzuna.de/details/5783000745?utm_medium=api&utm_source=a4bcf954,49.496025,5783000745,2026-07-01T07:46:19Z,"Bring more to life. Are you ready to accelerate your potential and make a real difference within life sciences, diagnostics and biotechnology? At Leica Microsystems, one of Danaher's (https://danaher.com/our-businesses) 15 operating companies, our work saves lives-and we're all united by a shared commitment to innovate for tangible impact. You'll thrive in a culture of belonging where you and your unique viewpoint matter. And by harnessing Danaher's system of continuous improvement, you help tu…",Master Thesis Student Data Science Preventative Service,Adzuna::API::Response::Job,,,,
10.002853,"{'__CLASS__': 'Adzuna::API::Response::Category', 'label': 'Unknown', 'tag': 'unknown'}",eyJhbGciOiJIUzI1NiJ9.eyJzIjoiSEpqcUNTR0U4UkdkQU9MX0NaUlU3QSIsImkiOiI1Nzg5NjIyMjkzIn0.0zmioVV6aMVJ_5et3FVnEYKh7SR1fxcb4Vk7VW0GnJM,"{'display_name': 'J&J Family of Companies', '__CLASS__': 'Adzuna::API::Response::Company'}",0,"{'area': ['Deutschland', 'Schleswig-Holstein', 'Segeberg (Kreis)', 'Norderstedt'], 'display_name': 'Norderstedt, Segeberg (Kreis)', '__CLASS__': 'Adzuna::API::Response::Location'}",https://www.adzuna.de/details/5789622293?utm_medium=api&utm_source=a4bcf954,53.70663,5789622293,2026-07-06T09:02:15Z,"At Johnson & Johnson,?we believe health is everything. Our strength in healthcare innovation empowers us to build a?world where complex diseases are prevented, treated, and cured,?where treatments are smarter and less invasive, and?solutions are personal.?Through our expertise in Innovative Medicine and MedTech, we are uniquely positioned to innovate across the full spectrum of healthcare solutions today to deliver the breakthroughs of tomorrow, and profoundly impact health for humanity.?Learn …",Data Science Intern / Praktikant:in (m/w/d),Adzuna::API::Response::Job,,,,
7.10344,"{'__CLASS__': 'Adzuna::API::Response::Category', 'label': 'Unknown', 'tag': 'unknown'}",eyJhbGciOiJIUzI1NiJ9.eyJpIjoiNTgwNDU1MDU4OSIsInMiOiJISmpxQ1NHRThSR2RBT0xfQ1pSVTdBIn0.SnuDdc8KX55FBZNuVPInFlvBSsArRXWj5uO08mFNYx0,"{'__CLASS__': 'Adzuna::API::Response::Company', 'display_name': 'twomynds'}",0,"{'area': ['Deutschland', 'Nordrhein-Westfalen', 'Bonn', 'Zentrum'], '__CLASS__': 'Adzuna::API::Response::Location', 'display_name': 'Zentrum, Bonn'}",https://www.adzuna.de/details/5804550589?utm_medium=api&utm_source=a4bcf954,50.73754,5804550589,2026-07-17T09:50:27Z,"Du willst sehen, wie deine Lösungen direkt Management-Entscheidungen beeinflussen und in echten Use Cases Mehrwert schaffen – bei Unternehmen, die du aus dem Alltag kennst? Willkommen bei twomynds. Wir sind ein dedizierter End-to-End Data & AI Service Provider – strategisch, umsetzungsstark und ergebnisorientiert. Unsere Mission: Ambitionierte Unternehmen befähigen, Data & AI in geschäftskritischen Mehrwert zu verwandeln – mit strategischer Klarheit, technischer Exzellenz und unternehmerischer …",Data Science & Solutions Consultant (m/w/d),Adzuna::API::Response::Job,,,,
7.112412,"{'label': 'Unknown', '__CLASS__': 'Adzuna::API::Response::Category', 'tag': 'unknown'}",eyJhbGciOiJIUzI1NiJ9.eyJpIjoiNTgwMjk2MDYyOSIsInMiOiJISmpxQ1NHRThSR2RBT0xfQ1pSVTdBIn0.iwxlmQuisM-gOQYxTjRVAA_oDquXmF1lcSsUebJAh1I,"{'display_name': 'twomynds', '__CLASS__': 'Adzuna::API::Response::Company'}",0,"{'area': ['Deutschland', 'Nordrhein-Westfalen', 'Bonn'], 'display_name': 'Bonn, Nordrhein-Westfalen', '__CLASS__': 'Adzuna::API::Response::Location'}",https://www.adzuna.de/details/5802960629?utm_medium=api&utm_source=a4bcf954,50.71942,5802960629,2026-07-16T16:04:07Z,"Du willst sehen, wie deine Lösungen direkt Management-Entscheidungen beeinflussen und in echten Use Cases Mehrwert schaffen – bei Unternehmen, die du aus dem Alltag kennst? Willkommen bei twomynds. Wir sind ein dedizierter End-to-End Data & AI Service Provider – strategisch, umsetzungsstark und ergebnisorientiert. Unsere Mission: Ambitionierte Unternehmen befähigen, Data & AI in geschäftskritischen Mehrwert zu verwandeln – mit strategischer Klarheit, technischer Exzellenz und unternehmerischer …",Data Science & Solutions Consultant (m/w/d),Adzuna::API::Response::Job,full_time,,,
9.62186,"{'tag': 'unknown', '__CLASS__': 'Adzuna::API::Response::Category', 'label': 'Unknown'}",eyJhbGciOiJIUzI1NiJ9.eyJpIjoiNTc3ODU2NTYyMyIsInMiOiJISmpxQ1NHRThSR2RBT0xfQ1pSVTdBIn0.1rAeSkf6rdELuYgwix-xpFAOipdIVgUe99HOkZTNseg,"{'__CLASS__': 'Adzuna::API::Response::Company', 'display_name': 'EBZ SE'}",0,"{'display_name': 'Weingartshof, Ravensburg', '__CLASS__': 'Adzuna::API::Response::Location', 'area': ['Deutschland', 'Baden-Württemberg', 'Ravensburg (Kreis)', 'Ravensburg', 'Weingartshof']}",https://www.adzuna.de/details/5778565623?utm_medium=api&utm_source=a4bcf954,47.77567,5778565623,2026-06-27T04:49:42Z,"Dieser Studiengang bereitet Dich darauf vor, den digitalen Wandel in Unternehmen voranzutreiben und aktiv mitzugestalten. Dazu werden Grundlagen der Informatik und der Wirtschaftsinformatik mit Kerninhalten der Data Science kombiniert. Themen wie Cloud Computing, Big Data, Visual Analytics und AI spielen hier eine große Rolle. Du lernst den Umgang und die Interpretation von großen Datenmengen, deren Darstellung, und das Training von AI-Modellen. Deine Ideen und Projekte kannst du dabei direkt i…",Duales Studium (DHBW) Data Science und Künstliche Intelligenz,Adzuna::API::Response::Job,,,,
13.420806,"{'tag': 'unknown', 'label': 'Unknown', '__CLASS__': 'Adzuna::API::Response::Category'}",eyJhbGciOiJIUzI1NiJ9.eyJzIjoiSEpqcUNTR0U4UkdkQU9MX0NaUlU3QSIsImkiOiI1NzkxNDc4NTU2In0.QU4N_LSAXXTKMu7M7e07VV0VdDLlv9y21liVKi24how,"{'display_name': 'Enpal', '__CLASS__': 'Adzuna::API::Response::Company'}",0,"{'display_name': 'Berlin, Deutschland', '__CLASS__': 'Adzuna::API::Response::Location', 'area': ['Deutschland', 'Berlin']}",https://www.adzuna.de/details/5791478556?utm_medium=api&utm_source=a4bcf954,52.507706,5791478556,2026-07-08T00:41:07Z,"At Enpal, we are not just a company; we are a movement. As a recognized greentech unicorn and one of Europe’s fastest-growing energy companies, we’re dedicated to making solar energy accessible and effortless for homeowners across the continent. Our innovative business model for solar panels, heat pumps, home energy storage systems, and EV charging stations is redefining the residential energy market. With our mission to empower homeowners to embrace clean energy, we are paving the way for a su…",Team Lead Data Science (f/m/x),Adzuna::API::Response::Job,full_time,,,
,"{'tag': 'unknown', '__CLASS__': 'Adzuna::API::Response::Category', 'label': 'Unknown'}",eyJhbGciOiJIUzI1NiJ9.eyJzIjoiSEpqcUNTR0U4UkdkQU9MX0NaUlU3QSIsImkiOiI1NjQ5MDY5OTgwIn0.RHfdyTqxHZFVhEQNr5MRVmYLptmzqlg_lLq4wm8bvQU,"{'display_name': 'KPMG', '__CLASS__': 'Adzuna::API::Response::Company'}",0,"{'area': ['Deutschland'], 'display_name': 'Deutschland', '__CLASS__': 'Adzuna::API::Response::Location'}",https://www.adzuna.de/details/5649069980?utm_medium=api&utm_source=a4bcf954,,5649069980,2026-02-28T22:07:27Z,"Senior Consultant Data Science (w/m/d) Job-ID: 12025 Standorte: Karrierelevel: Berufserfahrene Anstellungsart: Festanstellung in Vollzeit Als Senior Consultant Data Science (w/m/d) wirst du Teil eines dynamischen Teams von Data-Experts, die innovative und datengesteuerte Lösungen für unsere Kunden entwickeln. Dabei arbeitest du eng mit erfahrenen Data Scientists zusammen und hast die Möglichkeit, an verschiedenen Projekten und Herausforderungen mitzuwirken. Deine Aufgaben Du bereitest komplexe …",Senior Consultant Data Science (w/m/d),Adzuna::API::Response::Job,full_time,,,permanent
8.45882,"{'tag': 'unknown', '__CLASS__': 'Adzuna::API::Response::Category', 'label': 'Unknown'}",eyJhbGciOiJIUzI1NiJ9.eyJpIjoiNTQ5NzQxMzA2MCIsInMiOiJISmpxQ1NHRThSR2RBT0xfQ1pSVTdBIn0.ajmQDrc_IAYQ9TSNBlnq7deN9nvV7PNXEFwhlH3XnXU,"{'display_name': 'KPMG', '__CLASS__': 'Adzuna::API::Response::Company'}",0,"{'area': ['Deutschland', 'Baden-Württemberg', 'Karlsruhe (Kreis)', 'Karlsruhe', 'Hagsfeld'], '__CLASS__': 'Adzuna::API::Response::Location', 'display_name': 'Hagsfeld, Karlsruhe'}",https://www.adzuna.de/details/5497413060?utm_medium=api&utm_source=a4bcf954,49.03084,5497413060,2025-11-15T17:50:12Z,"Senior Consultant Data Science (w/m/d) Job-ID: 12025 Standorte: Karlsruhe Karrierelevel: Berufserfahrene Anstellungsart: Festanstellung in Vollzeit Als Senior Consultant Data Science (w/m/d) wirst du Teil eines dynamischen Teams von Data-Experts, die innovative und datengesteuerte Lösungen für unsere Kunden entwickeln. Dabei arbeitest du eng mit erfahrenen Data Scientists zusammen und hast die Möglichkeit, an verschiedenen Projekten und Herausforderungen mitzuwirken. Deine Aufgaben Du bereitest…",Senior Consultant Data Science (w/m/d),Adzuna::API::Response::Job,full_time,,,permanent
8.50014,"{'__CLASS__': 'Adzuna::API::Response::Category', 'label': 'Unknown', 'tag': 'unknown'}",eyJhbGciOiJIUzI1NiJ9.eyJpIjoiNTU1NzYxOTAzMyIsInMiOiJISmpxQ1NHRThSR2RBT0xfQ1pSVTdBIn0.8NvL62TMGFeB-sqhuCCR1w5zZF-loXuhjovhekXx744,"{'display_name': 'KPMG', '__CLASS__': 'Adzuna::API::Response::Company'}",0,"{'display_name': 'Neuostheim, Mannheim', '__CLASS__': 'Adzuna::API::Response::Location', 'area': ['Deutschland', 'Baden-Württemberg', 'Mannheim', 'Neuostheim']}",https://www.adzuna.de/details/5557619033?utm_medium=api&utm_source=a4bcf954,49.46856,5557619033,2025-12-27T20:36:20Z,"Senior Consultant Data Science (w/m/d) Job-ID: 12025 Standorte: Mannheim Karrierelevel: Berufserfahrene Anstellungsart: Festanstellung in Vollzeit Als Senior Consultant Data Science (w/m/d) wirst du Teil eines dynamischen Teams von Data-Experts, die innovative und datengesteuerte Lösungen für unsere Kunden entwickeln. Dabei arbeitest du eng mit erfahrenen Data Scientists zusammen und hast die Möglichkeit, an verschiedenen Projekten und Herausforderungen mitzuwirken. Deine Aufgaben Du bereitest …",Senior Consultant Data Science (w/m/d),Adzuna::API::Response::Job,full_time,,,permanent
8.29909,"{'tag': 'unknown', '__CLASS__': 'Adzuna::API::Response::Category', 'label': 'Unknown'}",eyJhbGciOiJIUzI1NiJ9.eyJpIjoiNTU1NzYxOTAzNyIsInMiOiJISmpxQ1NHRThSR2RBT0xfQ1pSVTdBIn0.9Zi4UYwvFgDMFbwSqYDFysiDcFNQ5s-ERCZb1cV3gwc,"{'__CLASS__': 'Adzuna::API::Response::Company', 'display_name': 'KPMG'}",0,"{'display_name': 'Mitte, Ulm', '__CLASS__': 'Adzuna::API::Response::Location', 'area': ['Deutschland', 'Baden-Württemberg', 'Ulm', 'Mitte']}",https://www.adzuna.de/details/5557619037?utm_medium=api&utm_source=a4bcf954,48.36497,5557619037,2025-12-27T20:36:20Z,"Senior Consultant Data Science (w/m/d) Job-ID: 12025 Standorte: Ulm Karrierelevel: Berufserfahrene Anstellungsart: Festanstellung in Vollzeit Als Senior Consultant Data Science (w/m/d) wirst du Teil eines dynamischen Teams von Data-Experts, die innovative und datengesteuerte Lösungen für unsere Kunden entwickeln. Dabei arbeitest du eng mit erfahrenen Data Scientists zusammen und hast die Möglichkeit, an verschiedenen Projekten und Herausforderungen mitzuwirken. Deine Aufgaben Du bereitest kompl…",Senior Consultant Data Science (w/m/d),Adzuna::API::Response::Job,full_time,,,permanent
13.35662,"{'tag': 'unknown', 'label': 'Unknown', '__CLASS__': 'Adzuna::API::Response::Category'}",eyJhbGciOiJIUzI1NiJ9.eyJzIjoiSEpqcUNTR0U4UkdkQU9MX0NaUlU3QSIsImkiOiI1NTU3NjE5MDQxIn0.KCe79DAzlJZN4TB8kYOL229RD6Q_KBSG8qRJxeVQLWc,"{'__CLASS__': 'Adzuna::API::Response::Company', 'display_name': 'KPMG'}",0,"{'__CLASS__': 'Adzuna::API::Response::Location', 'display_name': 'Moabit, Berlin', 'area': ['Deutschland', 'Berlin', 'Moabit']}",https://www.adzuna.de/details/5557619041?utm_medium=api&utm_source=a4bcf954,52.5259,5557619041,2025-12-27T20:36:20Z,"Senior Consultant Data Science (w/m/d) Job-ID: 12025 Standorte: Berlin Karrierelevel: Berufserfahrene Anstellungsart: Festanstellung in Vollzeit Als Senior Consultant Data Science (w/m/d) wirst du Teil eines dynamischen Teams von Data-Experts, die innovative und datengesteuerte Lösungen für unsere Kunden entwickeln. Dabei arbeitest du eng mit erfahrenen Data Scientists zusammen und hast die Möglichkeit, an verschiedenen Projekten und Herausforderungen mitzuwirken. Deine Aufgaben Du bereitest ko…",Senior Consultant Data Science (w/m/d),Adzuna::API::Response::Job,full_time,,,permanent
6.96191,"{'__CLASS__': 'Adzuna::API::Response::Category', 'label': 'Unknown', 'tag': 'unknown'}",eyJhbGciOiJIUzI1NiJ9.eyJzIjoiSEpqcUNTR0U4UkdkQU9MX0NaUlU3QSIsImkiOiI1NTU2NjMxMDY1In0.xMqqMlgdZVTOGU7Brccl_M-AWI0c87GlR8MpKurFgoE,"{'display_name': 'KPMG', '__CLASS__': 'Adzuna::API::Response::Company'}",0,"{'area': ['Deutschland', 'Saarland', 'Regionalverband Saarbrücken (Kreis)', 'Saarbrücken', 'Malstatt'], '__CLASS__': 'Adzuna::API::Response::Location', 'display_name': 'Malstatt, Saarbrücken'}",https://www.adzuna.de/details/5556631065?utm_medium=api&utm_source=a4bcf954,49.253,5556631065,2025-12-26T20:20:06Z,"Senior Consultant Data Science (w/m/d) Job-ID: 12025 Standorte: Saarbrücken Karrierelevel: Berufserfahrene Anstellungsart: Festanstellung in Vollzeit Als Senior Consultant Data Science (w/m/d) wirst du Teil eines dynamischen Teams von Data-Experts, die innovative und datengesteuerte Lösungen für unsere Kunden entwickeln. Dabei arbeitest du eng mit erfahrenen Data Scientists zusammen und hast die Möglichkeit, an verschiedenen Projekten und Herausforderungen mitzuwirken. Deine Aufgaben Du bereite…",Senior Consultant Data Science (w/m/d),Adzuna::API::Response::Job,full_time,,,permanent
8.26743,"{'label': 'Unknown', '__CLASS__': 'Adzuna::API::Response::Category', 'tag': 'unknown'}",eyJhbGciOiJIUzI1NiJ9.eyJzIjoiSEpqcUNTR0U4UkdkQU9MX0NaUlU3QSIsImkiOiI1NTc2NjkxMTA0In0.DjthTzdSJDOUcs4lr6aPtfFhX3BtP7vGxm2dU7KHysA,"{'__CLASS__': 'Adzuna::API::Response::Company', 'display_name': 'KPMG'}",0,"{'__CLASS__': 'Adzuna::API::Response::Location', 'display_name': 'Oberstadt, Mainz', 'area': ['Deutschland', 'Rheinland-Pfalz', 'Mainz', 'Oberstadt']}",https://www.adzuna.de/details/5576691104?utm_medium=api&utm_source=a4bcf954,49.99512,5576691104,2026-01-09T20:36:10Z,"Senior Consultant Data Science (w/m/d) Job-ID: 12025 Standorte: Mainz Karrierelevel: Berufserfahrene Anstellungsart: Festanstellung in Vollzeit Als Senior Consultant Data Science (w/m/d) wirst du Teil eines dynamischen Teams von Data-Experts, die innovative und datengesteuerte Lösungen für unsere Kunden entwickeln. Dabei arbeitest du eng mit erfahrenen Data Scientists zusammen und hast die Möglichkeit, an verschiedenen Projekten und Herausforderungen mitzuwirken. Deine Aufgaben Du bereitest kom…",Senior Consultant Data Science (w/m/d),Adzuna::API::Response::Job,full_time,,,permanent
9.18071,"{'tag': 'unknown', 'label': 'Unknown', '__CLASS__': 'Adzuna::API::Response::Category'}",eyJhbGciOiJIUzI1NiJ9.eyJpIjoiNTQ5OTI5MzgyMyIsInMiOiJISmpxQ1NHRThSR2RBT0xfQ1pSVTdBIn0.kT-L5qfuWqSOjsu3i2XUxQsQBQqaw3OZmqIj9ccBFao,"{'__CLASS__': 'Adzuna::API::Response::Company', 'display_name': 'KPMG'}",0,"{'__CLASS__': 'Adzuna::API::Response::Location', 'display_name': 'Mitte, Stuttgart', 'area': ['Deutschland', 'Baden-Württemberg', 'Stuttgart', 'Mitte']}",https://www.adzuna.de/details/5499293823?utm_medium=api&utm_source=a4bcf954,48.77713,5499293823,2025-11-16T17:40:51Z,"Senior Consultant Data Science (w/m/d) Job-ID: 12025 Standorte: Stuttgart Karrierelevel: Berufserfahrene Anstellungsart: Festanstellung in Vollzeit Als Senior Consultant Data Science (w/m/d) wirst du Teil eines dynamischen Teams von Data-Experts, die innovative und datengesteuerte Lösungen für unsere Kunden entwickeln. Dabei arbeitest du eng mit erfahrenen Data Scientists zusammen und hast die Möglichkeit, an verschiedenen Projekten und Herausforderungen mitzuwirken. Deine Aufgaben Du bereitest…",Senior Consultant Data Science (w/m/d),Adzuna::API::Response::Job,full_time,,,permanent
8.56413,"{'__CLASS__': 'Adzuna::API::Response::Category', 'label': 'Unknown', 'tag': 'unknown'}",eyJhbGciOiJIUzI1NiJ9.eyJpIjoiNTU1NzYxOTAyMiIsInMiOiJISmpxQ1NHRThSR2RBT0xfQ1pSVTdBIn0.LMpWzjOFAcL7giWzNc9JzdJIgJhfHFxuGZf_hSptAYw,"{'__CLASS__': 'Adzuna::API::Response::Company', 'display_name': 'KPMG'}",0,"{'__CLASS__': 'Adzuna::API::Response::Location', 'display_name': 'Flughafen, Frankfurt am Main', 'area': ['Deutschland', 'Hessen', 'Frankfurt am Main', 'Flughafen']}",https://www.adzuna.de/details/5557619022?utm_medium=api&utm_source=a4bcf954,50.05078,5557619022,2025-12-27T20:36:20Z,"Senior Consultant Data Science (w/m/d) Job-ID: 12025 Standorte: Frankfurt Karrierelevel: Berufserfahrene Anstellungsart: Festanstellung in Vollzeit Als Senior Consultant Data Science (w/m/d) wirst du Teil eines dynamischen Teams von Data-Experts, die innovative und datengesteuerte Lösungen für unsere Kunden entwickeln. Dabei arbeitest du eng mit erfahrenen Data Scientists zusammen und hast die Möglichkeit, an verschiedenen Projekten und Herausforderungen mitzuwirken. Deine Aufgaben Du bereitest…",Senior Consultant Data Science (w/m/d),Adzuna::API::Response::Job,full_time,,,permanent
11.11021,"{'__CLASS__': 'Adzuna::API::Response::Category', 'label': 'Beraterstellen', 'tag': 'consultancy-jobs'}",eyJhbGciOiJIUzI1NiJ9.eyJpIjoiNTc3Njg2MDM5NiIsInMiOiJISmpxQ1NHRThSR2RBT0xfQ1pSVTdBIn0.VFLOYQEQKJgaNECHuOqzA-_8rOpVaXBBKciTlt_ZTOA,"{'display_name': 'Career @ Symanto', '__CLASS__': 'Adzuna::API::Response::Company'}",0,"{'area': ['Deutschland', 'Bayern', 'Nürnberg', 'Buchenbühl'], 'display_name': 'Buchenbühl, Nürnberg', '__CLASS__': 'Adzuna::API::Response::Location'}",https://www.adzuna.de/details/5776860396?utm_medium=api&utm_source=a4bcf954,49.50401,5776860396,2026-06-25T23:40:50Z,"At Symanto, we are looking for a Data Science Consultant based in Germany, UAE or Spain to join our team! In this client-facing role, you will work at the intersection of advanced analytics, AI, and business consulting, helping organizations uncover opportunities for growth, transformation, and value creation. You will collaborate with senior stakeholders, translate business challenges into analytical solutions, and contribute to the development of innovative methodologies powered by cutting-ed…",Data Science Consultant (m/f/x/d),Adzuna::API::Response::Job,full_time,,,
9.560146,"{'tag': 'part-time-jobs', 'label': 'Teilzeitstellen', '__CLASS__': 'Adzuna::API::Response::Category'}",eyJhbGciOiJIUzI1NiJ9.eyJzIjoiSEpqcUNTR0U4UkdkQU9MX0NaUlU3QSIsImkiOiI1Nzc2MjIxODA0In0.NJTptVRRStBSMKNyVA7pLyPDFvCVC8XLFmG1GdlwGgE,"{'display_name': 'EBZ SE', '__CLASS__': 'Adzuna::API::Response::Company'}",0,"{'__CLASS__': 'Adzuna::API::Response::Location', 'display_name': 'Ravensburg, Ravensburg (Kreis)', 'area': ['Deutschland', 'Baden-Württemberg', 'Ravensburg (Kreis)', 'Ravensburg']}",https://www.adzuna.de/land/ad/5776221804?se=HJjqCSGE8RGdAOL_CZRU7A&utm_medium=api&utm_source=a4bcf954&v=496F0D5CC95E9EA60CFB834C492F2FA74AC23E97,47.759752,5776221804,2026-06-25T13:38:21Z,"Dieser Studiengang bereitet Dich darauf vor, den digitalen Wandel in Unternehmen voranzutreiben und aktiv mitzugestalten. Dazu werden Grundlagen der Informatik und der Wirtschaftsinformatik mit Kerninhalten der Data Science kombiniert. Themen wie Cloud Computing, Big Data, Visual Analytics und AI spielen hier eine große Rolle. Du lernst den Umgang und die Interpretation von großen Datenmengen, deren Darstellung, und das Training von AI-Modellen. Deine Ideen und Projekte kannst du dabei direkt i…",Duales Studium (DHBW) Data Science und Künstliche Intelligenz,Adzuna::API::Response::Job,,,,
11.57287,"{'tag': 'it-jobs', 'label': 'IT-Stellen', '__CLASS__': 'Adzuna::API::Response::Category'}",eyJhbGciOiJIUzI1NiJ9.eyJpIjoiNTcyNzI4NDEwMiIsInMiOiJISmpxQ1NHRThSR2RBT0xfQ1pSVTdBIn0.ccy6WP0_TcGM3Z4gLmnAp9nPjeAVYtasP8EcpcxlQ0Y,"{'display_name': 'Enforto', '__CLASS__': 'Adzuna::API::Response::Company'}",0,"{'__CLASS__': 'Adzuna::API::Response::Location', 'display_name': 'Milbertshofen-Am Hart, München', 'area': ['Deutschland', 'Bayern', 'München (Kreis)', 'München', 'Milbertshofen-Am Hart']}",https://www.adzuna.de/details/5727284102?utm_medium=api&utm_source=a4bcf954,48.18446,5727284102,2026-05-12T22:49:43Z,"Was Du bei uns machst: Forschung, Entwicklung, Anwendung und Implementierung Data Science, Big Data Entwicklung und Integration von Automatisierungslösungen auf Basis von REST-APIs Datenbankanbindung und -abfragen im Rahmen von Datenpipelines (SQL) AI, Machine Learning, Deep Learning, Computer vision Full-Stack Programming Worum geht's Für unseren Bereich Forschung & Entwicklung suchen wir derzeit Unterstützung durch Studierende. In sowohl kundenspezifischen Projekten als auch Inhouse Forschung…",Werkstudent/in - Data Science und Softwareentwicklung (m/w/d),Adzuna::API::Response::Job,part_time,,,
13.30147,"{'tag': 'unknown', 'label': 'Unknown', '__CLASS__': 'Adzuna::API::Response::Category'}",eyJhbGciOiJIUzI1NiJ9.eyJzIjoiSEpqcUNTR0U4UkdkQU9MX0NaUlU3QSIsImkiOiI1Nzg3ODQ4Mzg2In0.m8wgIBbSkSYpJynTRupqd_WwRr_T_STezhkcsBslsb4,"{'__CLASS__': 'Adzuna::API::Response::Company', 'display_name': 'PAIR Finance GmbH'}",0,"{'area': ['Deutschland', 'Berlin', 'Charlottenburg'], '__CLASS__': 'Adzuna::API::Response::Location', 'display_name': 'Charlottenburg, Berlin'}",https://www.adzuna.de/details/5787848386?utm_medium=api&utm_source=a4bcf954,52.51115,5787848386,2026-07-04T11:43:20Z,"Are you ready to change the market? As the innovation leader in the receivables management industry, we at PAIR Finance are proud of our unique technology. Our algorithm, based on artificial intelligence, sensitizes defaulting consumers to pay outstanding debts without straining the customer relationship. Our fully automated, individually tailored approach enables us to assess each debtor's situation and achieve higher repayment rates. Our Data and Behavioral Science teams utilize purpose-built…",Team Lead (f/m/d) Data Science,Adzuna::API::Response::Job,full_time,,,
,"{'label': 'Lehrberufe', '__CLASS__': 'Adzuna::API::Response::Category', 'tag': 'teaching-jobs'}",eyJhbGciOiJIUzI1NiJ9.eyJzIjoiSEpqcUNTR0U4UkdkQU9MX0NaUlU3QSIsImkiOiI1NzI4NDI0MTQzIn0.mvUqRLuNs78pE-jJt-9d3Y5eVTS-94wKqFiWrW4v9Iw,"{'display_name': 'Wbs Coding School', '__CLASS__': 'Adzuna::API::Response::Company'}",0,"{'area': ['Deutschland'], 'display_name': 'Deutschland', '__CLASS__': 'Adzuna::API::Response::Location'}",https://www.adzuna.de/details/5728424143?utm_medium=api&utm_source=a4bcf954,,5728424143,2026-05-13T22:56:09Z,"We’re on a mission to empower individuals to launch successful careers in tech. As our Lead Instructor, you will play a pivotal role in for the learning success of our international students. NOTE: Position open to the residents of Germany , Austria and Spain only. Join WBS CODING SCHOOL, one of Germany's leading tech schools, and help shape the future of tech talent. As Lead Instructor (m/f/d), you are the primary contact person for our students in Data Science an Data Analytics programs at WB…",Lead Instructor: Data Science (m/f/d),Adzuna::API::Response::Job,part_time,,,
13.420806,"{'tag': 'pr-advertising-marketing-jobs', '__CLASS__': 'Adzuna::API::Response::Category', 'label': 'Stellen aus PR, Werbung & Marketing'}",eyJhbGciOiJIUzI1NiJ9.eyJzIjoiSEpqcUNTR0U4UkdkQU9MX0NaUlU3QSIsImkiOiI1Nzg1OTI4MDgyIn0.J7GvUj900M7S8zHqbjyiRiIk14qPEvGRk562Fz2E584,"{'display_name': 'JustWatch', '__CLASS__': 'Adzuna::API::Response::Company'}",0,"{'area': ['Deutschland', 'Berlin'], 'display_name': 'Berlin, Deutschland', '__CLASS__': 'Adzuna::API::Response::Location'}",https://www.adzuna.de/details/5785928082?utm_medium=api&utm_source=a4bcf954,52.507706,5785928082,2026-07-02T23:01:22Z,"Who we are JustWatch delivers data-driven digital marketing for the global entertainment business. From the biggest blockbusters to award-winning shows, major sporting events, and best-selling console games. We are not only entertainment obsessives, but we also own the world's largest streaming guide, which gives us unparalleled data and insights on audience behaviors and content tastes. From a small startup, we've evolved into a 200 strong team, based in Berlin, around the world, or working re…",Working Student - Data Science (Research & Predictive Analytics),Adzuna::API::Response::Job,,,,
10.10558,"{'__CLASS__': 'Adzuna::API::Response::Category', 'label': 'Stellen aus Kreation & Design', 'tag': 'creative-design-jobs'}",eyJhbGciOiJIUzI1NiJ9.eyJzIjoiSEpqcUNTR0U4UkdkQU9MX0NaUlU3QSIsImkiOiI1NTg5Njk4MDE3In0.YSMbRUgI-Rvo6TTCnllegtfQmMDh381B93S6ltWPGQ8,"{'__CLASS__': 'Adzuna::API::Response::Company', 'display_name': 'ZEISS'}",0,"{'area': ['Deutschland', 'Baden-Württemberg', 'Ostalbkreis', 'Oberkochen'], '__CLASS__': 'Adzuna::API::Response::Location', 'display_name': 'Oberkochen, Ostalbkreis'}",https://www.adzuna.de/details/5589698017?utm_medium=api&utm_source=a4bcf954,48.78408,5589698017,2026-01-17T21:24:39Z,"Enabler für kleinere, leistungsfähigere und energieeffizientere Mikrochips Arbeiten, wo das Morgen entsteht. Rund 80 Prozent aller Mikrochips weltweit werden mit ZEISS Technologien gefertigt. Als Herzstück eines jeden elektronisch gesteuerten Systems sind sie aus unserem Alltag nicht mehr wegzudenken – egal ob im Smartphone, im Smart Home oder in Smart Factories. ZEISS ist Technologieführer im Bereich Halbleiterfertigungs-Equipment. Mit hochpräzisen Lithographie-Optiken, Photomasken-Systemen un…",Abschlussarbeit Data Science / Mechanikdesign (m/w/x),Adzuna::API::Response::Job,full_time,,,
13.40933,"{'__CLASS__': 'Adzuna::API::Response::Category', 'label': 'Unknown', 'tag': 'unknown'}",eyJhbGciOiJIUzI1NiJ9.eyJpIjoiNTc4NjE5NTIxMCIsInMiOiJISmpxQ1NHRThSR2RBT0xfQ1pSVTdBIn0.WeVYEv2KgEoBq7AOMqUZqgcAZT_lxClHbZwFy0quA80,"{'__CLASS__': 'Adzuna::API::Response::Company', 'display_name': 'S Rating und Risikosysteme GmbH'}",0,"{'display_name': 'Mitte, Berlin', '__CLASS__': 'Adzuna::API::Response::Location', 'area': ['Deutschland', 'Berlin', 'Mitte']}",https://www.adzuna.de/details/5786195210?utm_medium=api&utm_source=a4bcf954,52.52219,5786195210,2026-07-03T02:54:18Z,"Die Sparkassen Rating und Risikosysteme (SR) ist der zentrale Dienstleister für Verfahren des Risiko­manage­ments in der Sparkassen-Finanzgruppe. Wir unterstützen die Institute mit Standardlösungen in den Bereichen der Risiko­messung und-steuerung, der regulatorischen Banksteuerung sowie im Vertrieb mit Data-Analytics-Lösungen. Gemeinsam mit unseren Partnern bieten wir den Instituten, von der Konzeption der Verfahren, über deren Weiterentwicklung, IT-Umsetzung und Umsetzungsunterstützung, zentr…",Werkstudent (m/w/d) – Risikomanagement | Data Science,Adzuna::API::Response::Job,,,,
11.59038,"{'label': 'Beraterstellen', '__CLASS__': 'Adzuna::API::Response::Category', 'tag': 'consultancy-jobs'}",eyJhbGciOiJIUzI1NiJ9.eyJzIjoiSEpqcUNTR0U4UkdkQU9MX0NaUlU3QSIsImkiOiI1NzI5NzczMTk1In0.n9mQDJ41SqrQ_vQJncimElh8BdewlgGFF3ANWDCRnbI,"{'__CLASS__': 'Adzuna::API::Response::Company', 'display_name': 'PMMG Group'}",0,"{'area': ['Deutschland', 'Bayern', 'München (Kreis)', 'München', 'Schwabing-Freimann'], 'display_name': 'Schwabing-Freimann, München', '__CLASS__': 'Adzuna::API::Response::Location'}",https://www.adzuna.de/details/5729773195?utm_medium=api&utm_source=a4bcf954,48.16652,5729773195,2026-05-14T23:21:24Z,"Deine Aufgaben Datengetriebene Transformation. Prozessintelligenz. Zukunft gestalten. Du willst nicht nur analysieren, sondern mitgestalten? Dann komm in unser Team und unterstütze uns bei der datenbasierten Transformation etablierter Unternehmen im Mittelstand und Konzernumfeld. Wir entwickeln intelligente Lösungen auf Basis von Process Mining, Business Process Management und AI – und setzen diese gemeinsam mit unseren Kund:innen um. Du führst strukturierte Recherchen und Analysen zu aktuellen…",Werkstudent Process & Data Science (w/m/d),Adzuna::API::Response::Job,part_time,,,
10.88248,"{'label': 'Unknown', '__CLASS__': 'Adzuna::API::Response::Category', 'tag': 'unknown'}",eyJhbGciOiJIUzI1NiJ9.eyJzIjoiSEpqcUNTR0U4UkdkQU9MX0NaUlU3QSIsImkiOiI1NzI3MzQ2MzY4In0.EdlCYttDaVI_k3bqNJWnkYGCvupQIMRYUe0fDanNrRE,"{'display_name': 'nimax', '__CLASS__': 'Adzuna::API::Response::Company'}",0,"{'area': ['Deutschland', 'Bayern', 'Landsberg am Lech (Kreis)', 'Landsberg am Lech'], 'display_name': 'Landsberg am Lech, Landsberg am Lech (Kreis)', '__CLASS__': 'Adzuna::API::Response::Location'}",https://www.adzuna.de/details/5727346368?utm_medium=api&utm_source=a4bcf954,48.04792,5727346368,2026-05-12T23:28:53Z,"Was Dich erwartet Du hast ein Gespür für Daten und willst sehen, wie Deine Analysen echten Mehrwert schaffen? Dann bist Du bei uns genau richtig! Deine Mission: Hilf uns dabei, unsere Kunden datenbasiert besser zu verstehen und daraus konkrete Mehrwerte abzuleiten. Als Werkstudent im Beriech BI & Data Science entwickelst Du mit uns intelligente Analysen, optimierst Prozesse und schaffst die Grundlage für bessere Entscheidungen in Marketing, Beratung und Reporting. Du hast viel zu tun Kundendate…",Werkstudent (m/w/d) BI & Data Science,Adzuna::API::Response::Job,part_time,,,
9.18021,"{'tag': 'unknown', '__CLASS__': 'Adzuna::API::Response::Category', 'label': 'Unknown'}",eyJhbGciOiJIUzI1NiJ9.eyJzIjoiSEpqcUNTR0U4UkdkQU9MX0NaUlU3QSIsImkiOiI1Nzc0NzgzMTMwIn0.JuZSqGVb6fk6gGvtQybWrP8ESsTaM5DIH3jSAgFRLj4,"{'display_name': 'Robert Bosch GmbH', '__CLASS__': 'Adzuna::API::Response::Company'}",0,"{'area': ['Deutschland', 'Baden-Württemberg', 'Reutlingen (Kreis)', 'Reutlingen', 'Betzingen'], 'display_name': 'Betzingen, Reutlingen', '__CLASS__': 'Adzuna::API::Response::Location'}",https://www.adzuna.de/details/5774783130?utm_medium=api&utm_source=a4bcf954,48.5042,5774783130,2026-06-24T14:49:11Z,"Praktikum im Bereich Data Science für Bosch eBike Systems Markwiesenstraße 58, 72770 Reutlingen, Deutschland Vollzeit Robert Bosch GmbH Unternehmensbeschreibung Bei Bosch gestalten wir Zukunft mit hochwertigen Technologien und Dienstleistungen, die Begeisterung wecken und das Leben der Menschen verbessern. Unser Versprechen an unsere Mitarbeiterinnen und Mitarbeiter steht dabei felsenfest: Wir wachsen gemeinsam, haben Freude an unserer Arbeit und inspirieren uns gegenseitig. Willkommen bei Bosc…",Praktikum im Bereich Data Science für Bosch eBike Systems,Adzuna::API::Response::Job,full_time,,,
13.420806,"{'label': 'Beraterstellen', '__CLASS__': 'Adzuna::API::Response::Category', 'tag': 'consultancy-jobs'}",eyJhbGciOiJIUzI1NiJ9.eyJpIjoiNTQ3MDk2MjY4NiIsInMiOiJISmpxQ1NHRThSR2RBT0xfQ1pSVTdBIn0.u5QH7o1hja4PCTa5nYMuO6ZZyfEtF-0ihkoab2n3N-M,"{'display_name': 'Statista', '__CLASS__': 'Adzuna::API::Response::Company'}",0,"{'area': ['Deutschland', 'Berlin'], 'display_name': 'Berlin, Deutschland', '__CLASS__': 'Adzuna::API::Response::Location'}",https://www.adzuna.de/details/5470962686?utm_medium=api&utm_source=a4bcf954,52.507706,5470962686,2025-10-30T13:54:30Z,"At Statista , we’re all about facts and data, for we are the world's leading business data platform. By providing reliable and easy-to-use data as well as various data analytics products and services, we empower people worldwide to make fact-based decisions. Founded in Hamburg in 2007, we have quickly grown into a global company with offices in major cities such as London, New York, Berlin and Tokyo. And we still have a lot of plans. Our constant growth does not only prove our success, but also…",Consultant Data Science - Healthcare (m/f/d),Adzuna::API::Response::Job,full_time,,,
