adref,id,redirect_url,location,description,company,created,salary_is_predicted,latitude,title,category,longitude,__CLASS__,contract_time,salary_min,salary_max,contract_type
eyJhbGciOiJIUzI1NiJ9.eyJzIjoiQ3F2V3RwU1U4Ukc3ZXU0V2ZGYlh3QSIsImkiOiI1NzMzMjg4NjYyIn0.AGVuB6U0eH-pUsmSW_DMdBqQxIRC8uOvb5YTCWDVs-k,5733288662,https://www.adzuna.de/land/ad/5733288662?se=CqvWtpSU8RG7eu4WfFbXwA&utm_medium=api&utm_source=a4bcf954&v=366DE9802B50CE4713055921F48A779825AE62E1,"{'display_name': 'Neckarsulm, Heilbronn (Kreis)', '__CLASS__': 'Adzuna::API::Response::Location', 'area': ['Deutschland', 'Baden-Württemberg', 'Heilbronn (Kreis)', 'Neckarsulm']}","Eine gute Idee war der Ursprung, ein erfolgreiches Konzept ist das Ergebnis. Qualität zum guten Preis möglichst vielen Menschen anbieten zu können treibt uns an - mittlerweile weltweit, denn wir sind Lidl. Hier ist das berufliche Zuhause vielfältiger Talente. Ob im Einkauf, in der Logistik, im Warengeschäft oder in der IT; ob als Impulsgeber, Gestalter oder Dienstleister der Länder. Wir suchen Anpacker, Durchstarter, Möglichmacher und bieten spannende Aufgaben und Projekte in einem dynamischen …","{'__CLASS__': 'Adzuna::API::Response::Company', 'display_name': 'Lidl Stiftung & Co. KG'}",2026-05-18T19:45:18Z,0,49.18975,Duales Studium Wirtschaftsinformatik - Data Science 2027,"{'tag': 'unknown', 'label': 'Unknown', '__CLASS__': 'Adzuna::API::Response::Category'}",9.2274,Adzuna::API::Response::Job,,,,
eyJhbGciOiJIUzI1NiJ9.eyJzIjoiQ3F2V3RwU1U4Ukc3ZXU0V2ZGYlh3QSIsImkiOiI1ODIzODgwMjIyIn0.wq3569GeniYE6WbUw5ZwNYmi4fAtmpDAIjNZZ9bqB5g,5823880222,https://www.adzuna.de/land/ad/5823880222?se=CqvWtpSU8RG7eu4WfFbXwA&utm_medium=api&utm_source=a4bcf954&v=0DA43476A6E2E2613DA11F87BA2429BC69BB4D78,"{'area': ['Deutschland', 'Bayern', 'München (Kreis)', 'München'], '__CLASS__': 'Adzuna::API::Response::Location', 'display_name': 'München, München (Kreis)'}","Aufgaben Profil Wir bieten Hinweis: Dieser Studiengang wird als Studium mit vertiefter Praxis angeboten. Du liebst es, Ursachen für Probleme zu entdecken und Lösungen zu finden und möchtest an Zukunftsthemen arbeiten? Du hast eine Leidenschaft für IT und Digitalisierung? Dann ist dieses Studium genau das Richtige für dich. Denn du bist Expert:in dafür, riesige Datenmengen zu bändigen und daraus Vorhersagen abzuleiten. Egal ob Entwicklungsdaten oder Daten unserer Kund:innen, du weißt wo du die r…","{'display_name': 'BMW Group', '__CLASS__': 'Adzuna::API::Response::Company'}",2026-08-01T13:07:12Z,0,48.137418,Dualer Student Data Science & Scientific Computing (w/m/x),"{'__CLASS__': 'Adzuna::API::Response::Category', 'tag': 'scientific-qa-jobs', 'label': 'Stellen aus Wissenschaft & Qualitätssicherung'}",11.555737,Adzuna::API::Response::Job,,,,
eyJhbGciOiJIUzI1NiJ9.eyJpIjoiNTczMzk3NDQ4MyIsInMiOiJDcXZXdHBTVThSRzdldTRXZkZiWHdBIn0.DVKKwt1YLHt17VHna9v2uspELtPPFosk_1RMI-29UwM,5733974483,https://www.adzuna.de/land/ad/5733974483?se=CqvWtpSU8RG7eu4WfFbXwA&utm_medium=api&utm_source=a4bcf954&v=C44063A8613D3152F32376D2CD101CAF5781FF26,"{'area': ['Deutschland', 'Baden-Württemberg', 'Heilbronn (Kreis)', 'Neckarsulm'], '__CLASS__': 'Adzuna::API::Response::Location', 'display_name': 'Neckarsulm, Heilbronn (Kreis)'}","Eine gute Idee war der Ursprung, ein erfolgreiches Konzept ist das Ergebnis. Qualität zum guten Preis möglichst vielen Menschen anbieten zu können treibt uns an - mittlerweile weltweit, denn wir sind Lidl. Hier ist das berufliche Zuhause vielfältiger Talente. Ob im Einkauf, in der Logistik, im Warengeschäft oder in der IT; ob als Impulsgeber, Gestalter oder Dienstleister der Länder. Wir suchen Anpacker, Durchstarter, Möglichmacher und bieten spannende Aufgaben und Projekte in einem dynamischen …","{'__CLASS__': 'Adzuna::API::Response::Company', 'display_name': 'Lidl Stiftung & Co. KG'}",2026-05-19T13:53:54Z,0,49.18975,Duales Studium Data Science und KI - Smart Operations Management 2027,"{'__CLASS__': 'Adzuna::API::Response::Category', 'tag': 'unknown', 'label': 'Unknown'}",9.2274,Adzuna::API::Response::Job,,,,
eyJhbGciOiJIUzI1NiJ9.eyJpIjoiNTgzMDc0ODgyNSIsInMiOiJDcXZXdHBTVThSRzdldTRXZkZiWHdBIn0.I8GneJ9VbEi_tyeTBds_HUDouzaMtfTJEMdpp3XaenA,5830748825,https://www.adzuna.de/land/ad/5830748825?se=CqvWtpSU8RG7eu4WfFbXwA&utm_medium=api&utm_source=a4bcf954&v=9A632DEE423B445C6A2596BA2EC989F1AD07F063,"{'area': ['Deutschland', 'Bayern', 'Coburg (Kreis)', 'Coburg'], '__CLASS__': 'Adzuna::API::Response::Location', 'display_name': 'Coburg, Coburg (Kreis)'}","Hallo, lass uns WIR sagen! Wir - die HUK-COBURG Versicherungsgruppe - zählen zu den 10 größten in Deutschland. Vor über 90 Jahren gegründet sind wir mit über 13 Millionen Kund:innen heute der große Versicherer für Privathaushalte und der größte deutsche Autoversicherer. Dass wir oft preisgünstiger sind als andere Versicherungen, hat bei uns schon Tradition. Genau wie unser Ruf als Arbeitgeberin, mit der DU wachsen und deine persönlichen Ziele erreichen kannst. Bei uns kannst du eine spannende K…","{'display_name': 'HUK-COBURG Versicherungsgruppe', '__CLASS__': 'Adzuna::API::Response::Company'}",2026-08-06T17:44:59Z,0,50.25777,Spezialist für Steuerungs- und Controllingsysteme - Schwerpunkt Data Science (w/m/d),"{'__CLASS__': 'Adzuna::API::Response::Category', 'label': 'Unknown', 'tag': 'unknown'}",10.96603,Adzuna::API::Response::Job,,,,
eyJhbGciOiJIUzI1NiJ9.eyJzIjoiQ3F2V3RwU1U4Ukc3ZXU0V2ZGYlh3QSIsImkiOiI1ODMzNzg2MTUyIn0.pTXCObeLO7aYYw_0h9nM1OglnDEg3zSORbL7fqYRSUA,5833786152,https://www.adzuna.de/land/ad/5833786152?se=CqvWtpSU8RG7eu4WfFbXwA&utm_medium=api&utm_source=a4bcf954&v=09CB4996991B9A92F1A2289FE7BC6285E9449926,"{'display_name': 'Ludwigsburg, Ludwigsburg (Kreis)', '__CLASS__': 'Adzuna::API::Response::Location', 'area': ['Deutschland', 'Baden-Württemberg', 'Ludwigsburg (Kreis)', 'Ludwigsburg']}","Seit über 180 Jahren unterstützen wir Unternehmen weltweit dabei, Arbeitsprozesse einfacher, effizienter und zukunftssicher zu gestalten. Mit Niederlassungen in über 40 Ländern und Kunden in mehr als 180 Märkten sind wir ein globaler Partner für Fachwissen und Technologie. Unsere Lösungen verbinden tiefgehendes Know-how mit innovativen Technologien – inklusive moderner KI-Funktionen – und helfen unseren Kunden, ihre größten Herausforderungen erfolgreich zu meistern. Mehr als 21.000 Kolleginnen …","{'__CLASS__': 'Adzuna::API::Response::Company', 'display_name': 'Wolters Kluwer Tax & Accounting Deutschland GmbH'}",2026-08-08T19:46:46Z,0,48.876425,Duales Studium Bachelor der Wirtschaftsinformatik - Data Science (m/w/d),"{'label': 'Unknown', 'tag': 'unknown', '__CLASS__': 'Adzuna::API::Response::Category'}",9.198334,Adzuna::API::Response::Job,,,,
eyJhbGciOiJIUzI1NiJ9.eyJpIjoiNTgzMDUxNTkwMyIsInMiOiJDcXZXdHBTVThSRzdldTRXZkZiWHdBIn0.keJei91xXAQoZ976bZFb47-ui1aNdC7igzKUwXUnWsY,5830515903,https://www.adzuna.de/land/ad/5830515903?se=CqvWtpSU8RG7eu4WfFbXwA&utm_medium=api&utm_source=a4bcf954&v=1461466B5BE98CD304C80FA6F29BDE7B8A89B838,"{'display_name': 'Ehingen, Ansbach (Kreis)', '__CLASS__': 'Adzuna::API::Response::Location', 'area': ['Deutschland', 'Bayern', 'Ansbach (Kreis)', 'Ehingen']}",Die Liebherr-Werk Ehingen GmbH zählt zu den weltweit führenden Herstellern von Fahrzeugkranen. Das Programm umfasst Teleskop- und Gittermastkrane auf Mobil- und Raupenfahrwerken. Seit der Gründung wurde die Produktionsstätte und ihre Kapazität kontinuierlich erweitert. Heute werden täglich sechs Fahrzeugkrane aus Ehingen in die ganze Welt geliefert. DHBW Studium - Data Science und Künstliche Intelligenz (B.Sc.) Job-ID 83588 Aufgaben Mitarbeit an innovativen Projekten im Bereich Data Science und…,"{'__CLASS__': 'Adzuna::API::Response::Company', 'display_name': 'Liebherr-Werk Ehingen GmbH'}",2026-08-06T15:53:57Z,0,49.08598,DHBW Studium - Data Science und Künstliche Intelligenz (B.Sc.),"{'__CLASS__': 'Adzuna::API::Response::Category', 'tag': 'unknown', 'label': 'Unknown'}",10.53811,Adzuna::API::Response::Job,,,,
eyJhbGciOiJIUzI1NiJ9.eyJpIjoiNTgyODE1NDk0OCIsInMiOiJDcXZXdHBTVThSRzdldTRXZkZiWHdBIn0.09E6NAyp_Ba5LwqrjLIQ5wO7f-u7AqxvTP5ig2gsrZc,5828154948,https://www.adzuna.de/land/ad/5828154948?se=CqvWtpSU8RG7eu4WfFbXwA&utm_medium=api&utm_source=a4bcf954&v=3861431C8C2A7523043FF94D1D880DA2A7A7C8AF,"{'area': ['Deutschland', 'Baden-Württemberg', 'Stuttgart'], 'display_name': 'Stuttgart, Baden-Württemberg', '__CLASS__': 'Adzuna::API::Response::Location'}",DHBW-Studium Bachelor of Science – Wirt­schafts­informatik Data Science Als starker Arbeitgeber und attrak­tives Aus­bildungs­unter­nehmen bieten wir viel­fältige und spannende Aus­bildungs- und Studien­plätze mit besten Über­nahme­chancen. Bereit für ein echt spannendes und abwechslungsreiches Studium? Wir machen dich fit für deine Zukunft in einer modernen Versicherung. Für den Studienstart am 01.09.2027 in Stuttgart suchen wir aufgeschlossene und motivierte Studierende. Aufgaben Drei Jahre b…,"{'__CLASS__': 'Adzuna::API::Response::Company', 'display_name': 'WGV - Württembergische Gemeinde-Versicherung a.G.'}",2026-08-04T21:53:15Z,0,48.776198,DHBW-Studium Bachelor of Science – Wirtschaftsinformatik Data Science,"{'__CLASS__': 'Adzuna::API::Response::Category', 'tag': 'it-jobs', 'label': 'IT-Stellen'}",9.187224,Adzuna::API::Response::Job,,,,
eyJhbGciOiJIUzI1NiJ9.eyJpIjoiNTc4NTY5MTU5NyIsInMiOiJDcXZXdHBTVThSRzdldTRXZkZiWHdBIn0.cPv3M49l8x2sfo-NQ0BpoiMq5Oi_LFUjZaQY8ImaJiM,5785691597,https://www.adzuna.de/land/ad/5785691597?se=CqvWtpSU8RG7eu4WfFbXwA&utm_medium=api&utm_source=a4bcf954&v=E7E6105B8657F51A8D4062F37021188A09433F72,"{'display_name': 'Bad Friedrichshall, Heilbronn (Kreis)', '__CLASS__': 'Adzuna::API::Response::Location', 'area': ['Deutschland', 'Baden-Württemberg', 'Heilbronn (Kreis)', 'Bad Friedrichshall']}","Als weltweit agierendes Unternehmen benötigen wir eine IT-Landschaft, die jederzeit reibungslos funktioniert, sich stets auf dem neuesten Stand der Technik befindet und sich an den Bedürfnissen unserer Kunden innerhalb der Unternehmen der Schwarz Gruppe orientiert. An der Schnittstelle zwischen Daten und IT erarbeiten wir tragfähige Lösungen, die maßgeblich und sichtbar zu unserem Erfolg beitragen. {Studienbeginn:} 01.09.2027 mit dem Begrüßungsmonat {Studiendauer:} 3 Jahre {Studiendauer:} 01.10…","{'display_name': 'Schwarz Digits', '__CLASS__': 'Adzuna::API::Response::Company'}",2026-07-02T19:37:57Z,0,49.2291,Duales Studium Data Science und Künstliche Intelligenz 2027 (m/w/d),"{'label': 'Unknown', 'tag': 'unknown', '__CLASS__': 'Adzuna::API::Response::Category'}",9.21629,Adzuna::API::Response::Job,,,,
eyJhbGciOiJIUzI1NiJ9.eyJpIjoiNTc4MjM4MDYyOSIsInMiOiJDcXZXdHBTVThSRzdldTRXZkZiWHdBIn0.gH9RQ3e6uKSTvwJ-lut_ORAuxwnTR-nseScQuXuWQvQ,5782380629,https://www.adzuna.de/land/ad/5782380629?se=CqvWtpSU8RG7eu4WfFbXwA&utm_medium=api&utm_source=a4bcf954&v=F340A0D115EAF64737B8B630F823B3017AD3F9D9,"{'display_name': 'Oberkochen, Ostalbkreis', '__CLASS__': 'Adzuna::API::Response::Location', 'area': ['Deutschland', 'Baden-Württemberg', 'Ostalbkreis', 'Oberkochen']}","Als Student arbeitest Du mit Deinen Kolleginnen und Kollegen auf Augenhöhe und schaffst ideale Voraussetzungen für Deine spätere Karriere. Sich etwas Neues trauen, über sich hinauswachsen und dabei die Grenzen des Machbaren neu deﬁnieren. Genau das ist es, was unsere Mitarbeitenden täglich leben dürfen und sollen. Um mit unseren Innovationen das Tempo vorzugeben und Großartiges zu ermöglichen. Denn hinter jedem erfolgreichen Unternehmen stehen eine ganze Menge faszinierender Menschen. Die Mitar…","{'display_name': 'ZEISS', '__CLASS__': 'Adzuna::API::Response::Company'}",2026-06-30T22:28:57Z,0,48.78408,Abschlussarbeit Data Science / Mechanikdesign (m/w/x),"{'__CLASS__': 'Adzuna::API::Response::Category', 'label': 'Sonstige/Allgemeine Stellen', 'tag': 'other-general-jobs'}",10.10558,Adzuna::API::Response::Job,,,,
eyJhbGciOiJIUzI1NiJ9.eyJpIjoiNTgzMzUyODAwMCIsInMiOiJDcXZXdHBTVThSRzdldTRXZkZiWHdBIn0.8bDr6vc3ffnTARN8S6oacWqWXfN_VHSEDK6_gUIdD4s,5833528000,https://www.adzuna.de/land/ad/5833528000?se=CqvWtpSU8RG7eu4WfFbXwA&utm_medium=api&utm_source=a4bcf954&v=236DB9F6EB458688EFC9AE6800E72FC822BA4FF7,"{'__CLASS__': 'Adzuna::API::Response::Location', 'display_name': 'Mannheim, Baden-Württemberg', 'area': ['Deutschland', 'Baden-Württemberg', 'Mannheim']}","FUCHS ist der weltweit größte unabhängige Anbieter von innovativen Schmierstofflösungen für nahezu alle Branchen und Anwendungsbereiche. Unsere Produkte und Lösungen halten die Welt in Bewegung, auch wenn diese nicht immer sichtbar sind. Entscheidend ist, dass jeder Einzelne unserer über 6.000 Mitarbeiter in mehr als 50 Ländern sichtbar ist - ihr Unternehmergeist, ihre Ideen und Fähigkeiten sind das Herzstück unseres globalen Geschäfts. Aufgaben Das sind Deine Aufgaben: Du kombinierst Informati…","{'display_name': 'FUCHS LUBRICANTS GERMANY GmbH', '__CLASS__': 'Adzuna::API::Response::Company'}",2026-08-08T16:24:13Z,0,49.496025,Duales Studium B.Sc. Data Science und Künstliche Intelligenz (m/w/d) 2027,"{'__CLASS__': 'Adzuna::API::Response::Category', 'label': 'Unknown', 'tag': 'unknown'}",8.491505,Adzuna::API::Response::Job,,,,
eyJhbGciOiJIUzI1NiJ9.eyJzIjoiQ3F2V3RwU1U4Ukc3ZXU0V2ZGYlh3QSIsImkiOiI1ODE1NDE2OTE1In0.3pb9HAHEzEwfGKQnwhuPoq3LGBRiGPyTBk3Yc2_pUw4,5815416915,https://www.adzuna.de/land/ad/5815416915?se=CqvWtpSU8RG7eu4WfFbXwA&utm_medium=api&utm_source=a4bcf954&v=C823BA2D06C15A075AC8941EC3F1183ED1792C7A,"{'display_name': 'Herzogenaurach, Erlangen-Höchstadt (Kreis)', '__CLASS__': 'Adzuna::API::Response::Location', 'area': ['Deutschland', 'Bayern', 'Erlangen-Höchstadt (Kreis)', 'Herzogenaurach']}","Du bist technikbegeistert und voller Ideen, mit denen Du die Welt bewegen willst? Dann ist eine Ausbildung oder ein duales Studium bei Schaeffler genau das Richtige für Dich. Ohne unsere Produkte könnten Autos nicht fahren, Maschinen nicht laufen und Flugzeuge nicht fliegen. Als führender Anbieter von Wälzlagern für sämtliche Industrien und wichtiger Partner im internationalen Automobilbau bietet Dir Schaeffler ein hervorragendes Umfeld für Deinen Start in die Berufswelt. Aufgaben Im Überblick …","{'display_name': 'Schaeffler Technologies AG & Co. KG', '__CLASS__': 'Adzuna::API::Response::Company'}",2026-07-25T15:40:32Z,0,49.56892,Duales Studium (DHBW) - Data Science und künstliche Intelligenz (d/m/w) 2027,"{'__CLASS__': 'Adzuna::API::Response::Category', 'label': 'Unknown', 'tag': 'unknown'}",10.88109,Adzuna::API::Response::Job,,,,
eyJhbGciOiJIUzI1NiJ9.eyJzIjoiQ3F2V3RwU1U4Ukc3ZXU0V2ZGYlh3QSIsImkiOiI1ODI2MTQxNTc2In0.fN35Vx5DjSDph-Z2sgtZnx8pChOsWqzqETVmUYTBzK8,5826141576,https://www.adzuna.de/land/ad/5826141576?se=CqvWtpSU8RG7eu4WfFbXwA&utm_medium=api&utm_source=a4bcf954&v=6879BD5AD00701858F06A89C7EC6AF08E4DE2529,"{'display_name': 'Stuttgart, Baden-Württemberg', '__CLASS__': 'Adzuna::API::Response::Location', 'area': ['Deutschland', 'Baden-Württemberg', 'Stuttgart']}","Life is always about becoming… Im Leben geht es darum, sich auf eine Reise zu begeben, um die beste Version unseres zukünftigen Selbst zu werden. Während wir Neues entdecken, stellen wir uns Herausforderungen, meistern sie und wachsen über uns hinaus. Bewerben Sie sich bei Mercedes-Benz und finden Sie den Aufgabenbereich, in dem Sie Ihre Talente individuell entfalten können. Dabei werden Sie von visionären Kolleginnen und Kollegen unterstützt, die Ihren Pioniergeist teilen. Bei uns einzusteigen…","{'__CLASS__': 'Adzuna::API::Response::Company', 'display_name': 'Mercedes-Benz AG'}",2026-08-03T01:49:44Z,0,48.776198,Praktikant*in Data Science & Analytics Global Market Intelligence (Pflicht-Praktikum),"{'__CLASS__': 'Adzuna::API::Response::Category', 'tag': 'pr-advertising-marketing-jobs', 'label': 'Stellen aus PR, Werbung & Marketing'}",9.187224,Adzuna::API::Response::Job,,,,
eyJhbGciOiJIUzI1NiJ9.eyJpIjoiNTgzMDc2MjUzNiIsInMiOiJDcXZXdHBTVThSRzdldTRXZkZiWHdBIn0.daHhPIdHEH3isWo8v1ziEOmVS8E9AByfQFjtXnFBgRo,5830762536,https://www.adzuna.de/land/ad/5830762536?se=CqvWtpSU8RG7eu4WfFbXwA&utm_medium=api&utm_source=a4bcf954&v=9FE52B8B67E98B59F408E3622C4DBD8F0844FE8F,"{'__CLASS__': 'Adzuna::API::Response::Location', 'display_name': 'Weinheim, Rhein-Neckar-Kreis', 'area': ['Deutschland', 'Baden-Württemberg', 'Rhein-Neckar-Kreis', 'Weinheim']}","„We will wow your world!” Das ist unser Versprechen, wenn es um Arbeiten bei Freudenberg geht. Als globaler Technologiekonzern machen wir die Welt nicht nur sauberer, gesünder und komfortabler, sondern bieten unseren 52.000 Mitarbeitenden auch ein vernetztes und vielfältiges Arbeitsumfeld, in dem sich alle individuell entfalten können. Lassen Sie sich überraschen und erleben Sie Ihre eigenen „Wow”-Momente. Gemeinsam mit Partnern, Kunden und der Wissenschaft entwickeln wir technisch führende Pro…","{'__CLASS__': 'Adzuna::API::Response::Company', 'display_name': 'Freudenberg Technology Innovation SE & Co. KG'}",2026-08-06T17:53:42Z,0,49.55214,Masterarbeit im Bereich Data Science / Machine Learning im Spritzguss (w/m/d),"{'label': 'Unknown', 'tag': 'unknown', '__CLASS__': 'Adzuna::API::Response::Category'}",8.66573,Adzuna::API::Response::Job,,,,
eyJhbGciOiJIUzI1NiJ9.eyJzIjoiQ3F2V3RwU1U4Ukc3ZXU0V2ZGYlh3QSIsImkiOiI1ODMzNzgwMDA5In0.63MLD37Bi_HW4pceFtl37KjRGrxtCWW18mfzMi_EiNk,5833780009,https://www.adzuna.de/land/ad/5833780009?se=CqvWtpSU8RG7eu4WfFbXwA&utm_medium=api&utm_source=a4bcf954&v=F487E51E9939EECDD4FE3C5CC8BEB48D79A86340,"{'area': ['Deutschland', 'Baden-Württemberg', 'Stuttgart'], 'display_name': 'Stuttgart, Baden-Württemberg', '__CLASS__': 'Adzuna::API::Response::Location'}","Wir machen Wünsche machbar – unsere Mission ist es, das Leben unserer Kunden zu bereichern und mit unseren Finanzdienstleistungen Träume zu verwirklichen. Wir verstehen uns nicht als typische Bank, sondern als lebendige Gemeinschaft von Gestaltern, die keine Angst davor haben, neue Wege zu gehen . Dabei setzen wir uns alle auch noch für Themen mit Impact wie Nachhaltigkeit und Digitalisierung ein – ob in unserer Zentrale in Stuttgart, an unserem Standort in Offenbach oder deutschlandweit in uns…","{'__CLASS__': 'Adzuna::API::Response::Company', 'display_name': 'Creditplus Bank AG'}",2026-08-08T19:36:33Z,0,48.776198,Data Science Manager (m/w/d) Project & Operational Development,"{'__CLASS__': 'Adzuna::API::Response::Category', 'tag': 'scientific-qa-jobs', 'label': 'Stellen aus Wissenschaft & Qualitätssicherung'}",9.187224,Adzuna::API::Response::Job,,,,
eyJhbGciOiJIUzI1NiJ9.eyJpIjoiNTgzNDg3NjQ1MiIsInMiOiJDcXZXdHBTVThSRzdldTRXZkZiWHdBIn0.kNrBSbXcAW-eD2I38EdGShb8H5_T4B19EifmP0rOQpk,5834876452,https://www.adzuna.de/land/ad/5834876452?se=CqvWtpSU8RG7eu4WfFbXwA&utm_medium=api&utm_source=a4bcf954&v=9FB33A733340DD9346BD36ED33C2B4402780F891,"{'__CLASS__': 'Adzuna::API::Response::Location', 'display_name': 'Deutschland', 'area': ['Deutschland']}","Wir sind ein Analysehaus aus Stuttgart mit der Mission, Anleger am Kapitalmarkt mit präzisen Analysen zu Erfolg zu helfen. Mit unseren täglichen Analysen, Einschätzungen und Prognosen zu über 203 Werten, bieten wir für jeden Anleger maximalen Mehrwert. Dabei steht der finanzielle Erfolg unserer Abonnenten immer im Vordergrund, weshalb wir auch finanzjournalistische Arbeit leisten, um ein vollumfängliches Paket anzubieten. Aufgaben Du führst und entwickelst ein interdisziplinäres KI-Team aus Dat…","{'display_name': 'HKCM Engineering e. K.', '__CLASS__': 'Adzuna::API::Response::Company'}",2026-08-09T19:37:00Z,0,,Teamleiter Künstliche Intelligenz - Data Science / MLOps (m/w/d),"{'__CLASS__': 'Adzuna::API::Response::Category', 'tag': 'unknown', 'label': 'Unknown'}",,Adzuna::API::Response::Job,,,,
eyJhbGciOiJIUzI1NiJ9.eyJpIjoiNTgyMjA2NTM2OSIsInMiOiJDcXZXdHBTVThSRzdldTRXZkZiWHdBIn0.ZZA0uFmsm_Bex_B_RrNpqU0clFjNX1yJ7GcpLaMdg9g,5822065369,https://www.adzuna.de/land/ad/5822065369?se=CqvWtpSU8RG7eu4WfFbXwA&utm_medium=api&utm_source=a4bcf954&v=C567DAF3E86EF2E1CD31A2E64BE6136A31717095,"{'__CLASS__': 'Adzuna::API::Response::Location', 'display_name': 'Lindenberg im Allgäu, Lindau (Kreis)', 'area': ['Deutschland', 'Bayern', 'Lindau (Kreis)', 'Lindenberg im Allgäu']}","Die Liebherr-Aerospace Lindenberg GmbH ist einer der führenden europäischen Hersteller von Flugzeugausrüstungen. Die Produkte sind an Bord vieler Großraumflugzeuge, Business-Jets und Hubschrauber im Einsatz. Das Programm umfasst neben Fahrwerken, Flugsteuerungs- und Betätigungssystemen auch Getriebe. Abschlussarbeit Masterarbeit im Bereich Data Science & Künstliche Intelligenz Job-ID 83881 Aufgaben Faszinierendes schaffen: Ihre Aufgaben Thema: Entwicklung intelligenter Such- und Analysesysteme …","{'display_name': 'Liebherr-Aerospace Lindenberg GmbH', '__CLASS__': 'Adzuna::API::Response::Company'}",2026-07-31T07:28:13Z,0,47.60228,Abschlussarbeit Masterarbeit im Bereich Data Science & Künstliche Intelligenz,"{'tag': 'other-general-jobs', 'label': 'Sonstige/Allgemeine Stellen', '__CLASS__': 'Adzuna::API::Response::Category'}",9.88495,Adzuna::API::Response::Job,,,,
eyJhbGciOiJIUzI1NiJ9.eyJpIjoiNTgzMDA3NjIwNyIsInMiOiJDcXZXdHBTVThSRzdldTRXZkZiWHdBIn0.TravY_Ld9l3ay0Ux_5MKZNvcTBJFHEftiucHECcKhUs,5830076207,https://www.adzuna.de/land/ad/5830076207?se=CqvWtpSU8RG7eu4WfFbXwA&utm_medium=api&utm_source=a4bcf954&v=0412ABA7A2033C8C900FE4386182E7F5E1AE3D12,"{'area': ['Deutschland', 'Baden-Württemberg', 'Esslingen (Kreis)', 'Esslingen am Neckar'], '__CLASS__': 'Adzuna::API::Response::Location', 'display_name': 'Esslingen am Neckar, Esslingen (Kreis)'}","Life is always about becoming… Im Leben geht es darum, sich auf eine Reise zu begeben, um die beste Version unseres zukünftigen Selbst zu werden. Während wir Neues entdecken, stellen wir uns Herausforderungen, meistern sie und wachsen über uns hinaus. Bewerben Sie sich bei Mercedes-Benz und finden Sie den Aufgabenbereich, in dem Sie Ihre Talente individuell entfalten können. Dabei werden Sie von visionären Kolleginnen und Kollegen unterstützt, die Ihren Pioniergeist teilen. Bei uns einzusteigen…","{'__CLASS__': 'Adzuna::API::Response::Company', 'display_name': 'Mercedes-Benz Group AG'}",2026-08-06T07:21:01Z,0,48.745846,"Duales Studium Wirtschaftsinformatik/Data Science (B.Sc.), Mercedes-Benz Group AG, Stuttgart, 01.10.2027 (m/w/d)","{'__CLASS__': 'Adzuna::API::Response::Category', 'label': 'Unknown', 'tag': 'unknown'}",9.315933,Adzuna::API::Response::Job,,,,
eyJhbGciOiJIUzI1NiJ9.eyJpIjoiNTgxOTAxNTYzMCIsInMiOiJDcXZXdHBTVThSRzdldTRXZkZiWHdBIn0.GOMHs9klypOjUpqwRgvlAhkmJZahJOFM9I4cPStBsBo,5819015630,https://www.adzuna.de/land/ad/5819015630?se=CqvWtpSU8RG7eu4WfFbXwA&utm_medium=api&utm_source=a4bcf954&v=C6E6F6AD3CF2DA0C24C145730BF35663BA739E5B,"{'display_name': 'Stuttgart, Baden-Württemberg', '__CLASS__': 'Adzuna::API::Response::Location', 'area': ['Deutschland', 'Baden-Württemberg', 'Stuttgart']}","Wir machen Wünsche machbar – unsere Mission ist es, das Leben unserer Kund:innen zu bereichern und mit unseren Finanzdienstleistungen Träume zu verwirklichen. Wir verstehen uns nicht als typische Bank, sondern als lebendige Gemeinschaft von Gestalter:innen, die keine Angst davor haben, neue Wege zu gehen. Dabei setzen wir uns alle auch noch für Themen mit Impact wie Nachhaltigkeit und Digitalisierung ein – ob in unserer Zentrale in Stuttgart, an unserem Standort in Offenbach oder deutschlandwei…","{'__CLASS__': 'Adzuna::API::Response::Company', 'display_name': 'Creditplus Bank AG'}",2026-07-29T01:46:40Z,0,48.776198,(Senior) Risk Manager (m/w/d) Modeling & Data Science - Fokus Retail Credit Risk,"{'label': 'Stellen aus Wissenschaft & Qualitätssicherung', 'tag': 'scientific-qa-jobs', '__CLASS__': 'Adzuna::API::Response::Category'}",9.187224,Adzuna::API::Response::Job,,,,
eyJhbGciOiJIUzI1NiJ9.eyJpIjoiNTgxNTQxNzE3MCIsInMiOiJDcXZXdHBTVThSRzdldTRXZkZiWHdBIn0.BELBR6gGc2_e4f21ESPxTNAP7YEwoGDwb97x2dpfciA,5815417170,https://www.adzuna.de/land/ad/5815417170?se=CqvWtpSU8RG7eu4WfFbXwA&utm_medium=api&utm_source=a4bcf954&v=7AD0AEC18A2FF6FDA330532B6B6566666D32693A,"{'area': ['Deutschland', 'Baden-Württemberg', 'Ulm'], 'display_name': 'Ulm, Baden-Württemberg', '__CLASS__': 'Adzuna::API::Response::Location'}","Life is always about becoming… Im Leben geht es darum, sich auf eine Reise zu begeben, um die beste Version unseres zukünftigen Selbst zu werden. Während wir Neues entdecken, stellen wir uns Herausforderungen, meistern sie und wachsen über uns hinaus. Bewerben Sie sich bei Mercedes-Benz und finden Sie den Aufgabenbereich, in dem Sie Ihre Talente individuell entfalten können. Dabei werden Sie von visionären Kolleginnen und Kollegen unterstützt, die Ihren Pioniergeist teilen. Bei uns einzusteigen…","{'__CLASS__': 'Adzuna::API::Response::Company', 'display_name': 'Mercedes-Benz Tech Innovation'}",2026-07-25T15:40:37Z,0,48.383137,Duales Studium Informatik Schwerpunkt Data Science / Künstliche Intelligenz in Kooperation mit der Dualen Hochschule Baden-Württemberg 2027 (m/w/d/x),"{'tag': 'it-jobs', 'label': 'IT-Stellen', '__CLASS__': 'Adzuna::API::Response::Category'}",9.856945,Adzuna::API::Response::Job,,,,
eyJhbGciOiJIUzI1NiJ9.eyJzIjoiQ3F2V3RwU1U4Ukc3ZXU0V2ZGYlh3QSIsImkiOiI1ODIwMTAxOTM1In0.edQr5tCzDUsbOkVnpya-AQF9mkLCXbIv0rDw6JWB5Vw,5820101935,https://www.adzuna.de/land/ad/5820101935?se=CqvWtpSU8RG7eu4WfFbXwA&utm_medium=api&utm_source=a4bcf954&v=D28EE6211EA66B257E850D16072AFCA7B3C6CB2A,"{'area': ['Deutschland', 'Nordrhein-Westfalen', 'Düsseldorf'], 'display_name': 'Düsseldorf, Nordrhein-Westfalen', '__CLASS__': 'Adzuna::API::Response::Location'}","Publicis Media ist das weltweit zweitgrößte Mediaagenturnetzwerk und Teil des französischen Kommunikationskonzerns Publicis Groupe. Als globale Holding lebt Publicis Media durch seine globalen Agenturmarken Zenith, Starcom und Spark, die das Kundengeschäft in der strategischen Kommunikationsberatung in über 100 Ländern steuern und ständig weiterentwickeln. Darüber hinaus unterstützen bei Publicis Media zentrale Spezialistenteams die Kunden der Agenturen in den Bereichen: Data und Technology, An…","{'display_name': 'Publicis Media GmbH', '__CLASS__': 'Adzuna::API::Response::Company'}",2026-07-29T19:36:18Z,0,51.226802,Duales BA-Studium Wirtschaftsinformatik Data Science & KI (m/w/d) - Düsseldorf & Ravensburg,"{'label': 'Unknown', 'tag': 'unknown', '__CLASS__': 'Adzuna::API::Response::Category'}",6.808387,Adzuna::API::Response::Job,,,,
eyJhbGciOiJIUzI1NiJ9.eyJpIjoiNTgzMzc4MDQ3NSIsInMiOiJDcXZXdHBTVThSRzdldTRXZkZiWHdBIn0.L6ZTpK7H1a_wHPiBhVt6IY8eiyTjLBWIemaOlwoj1-A,5833780475,https://www.adzuna.de/land/ad/5833780475?se=CqvWtpSU8RG7eu4WfFbXwA&utm_medium=api&utm_source=a4bcf954&v=35EE332DAD764F69B5517F0F0F3C0B9544BA10D9,"{'area': ['Deutschland', 'Hessen', 'Main-Taunus-Kreis', 'Eschborn'], '__CLASS__': 'Adzuna::API::Response::Location', 'display_name': 'Eschborn, Main-Taunus-Kreis'}","Are you ready to shape your future with confidence? Gemeinsam die Welt jeden Tag ein bisschen besser machen. Für diesen Anspruch setzen wir bei EY alles in Bewegung und gehen als Team „all in"". Schließlich haben wir ein klares Ziel vor Augen: nachhaltigen Wert und Wachstum zu schaffen - für unsere Mandant:innen, Mitarbeitenden und die gesamte Gesellschaft. Unser globales Netzwerk aus rund 400.000 Mitarbeitenden weltweit bietet dir alle Möglichkeiten zu wachsen, dich zu entwickeln, dich zu spezi…","{'display_name': 'EY Deutschland', '__CLASS__': 'Adzuna::API::Response::Company'}",2026-08-08T19:36:41Z,0,,Praktikant Data Science im Bereich prüfungsnahe Beratung / Quants (Financial Services) (w/m/d),"{'__CLASS__': 'Adzuna::API::Response::Category', 'label': 'Beraterstellen', 'tag': 'consultancy-jobs'}",,Adzuna::API::Response::Job,,,,
eyJhbGciOiJIUzI1NiJ9.eyJzIjoiQ3F2V3RwU1U4Ukc3ZXU0V2ZGYlh3QSIsImkiOiI1Nzk2OTYxOTc0In0.ISCH-vnFibKpYeHNmZS5i5HxGmlHvjaqGcVtyXqS1QI,5796961974,https://www.adzuna.de/land/ad/5796961974?se=CqvWtpSU8RG7eu4WfFbXwA&utm_medium=api&utm_source=a4bcf954&v=F2CBAFFCE7EEB757033CD8B80DF1FC94C3191C65,"{'area': ['Deutschland', 'Rheinland-Pfalz', 'Germersheim (Kreis)', 'Germersheim'], '__CLASS__': 'Adzuna::API::Response::Location', 'display_name': 'Germersheim, Germersheim (Kreis)'}","Life is always about becoming… Im Leben geht es darum, sich auf eine Reise zu begeben, um die beste Version unseres zukünftigen Selbst zu werden. Während wir Neues entdecken, stellen wir uns Herausforderungen, meistern sie und wachsen über uns hinaus. Bewerben Sie sich bei Mercedes-Benz und finden Sie den Aufgabenbereich, in dem Sie Ihre Talente individuell entfalten können. Dabei werden Sie von visionären Kolleginnen und Kollegen unterstützt, die Ihren Pioniergeist teilen. Bei uns einzusteigen…","{'display_name': 'Mercedes-Benz AG', '__CLASS__': 'Adzuna::API::Response::Company'}",2026-07-11T15:23:37Z,0,49.21886,"Duales Studium Data Science und Künstliche Intelligenz, Bachelor of Science, Mercedes-Benz AG, Global Logistics Center Germersheim, Studienbeginn 1. Oktober 2027 (m/w/d)","{'tag': 'unknown', 'label': 'Unknown', '__CLASS__': 'Adzuna::API::Response::Category'}",8.36958,Adzuna::API::Response::Job,,,,
eyJhbGciOiJIUzI1NiJ9.eyJzIjoiQ3F2V3RwU1U4Ukc3ZXU0V2ZGYlh3QSIsImkiOiI1ODIzODQxOTgxIn0.47_meE_Y2S86ED-uW_654Zct30PFkzhbeNXzkip47-0,5823841981,https://www.adzuna.de/land/ad/5823841981?se=CqvWtpSU8RG7eu4WfFbXwA&utm_medium=api&utm_source=a4bcf954&v=5D03A6010BAFF646FD6B6BF2ED3558F03DD37DB3,"{'area': ['Deutschland', 'Bayern', 'München (Kreis)', 'München', 'Milbertshofen-Am Hart'], 'display_name': 'Milbertshofen-Am Hart, München', '__CLASS__': 'Adzuna::API::Response::Location'}","Hinweis: Dieser Studiengang wird als Studium mit vertiefter Praxis angeboten. Du liebst es, Ursachen für Probleme zu entdecken und Lösungen zu finden und möchtest an Zukunftsthemen arbeiten? Du hast eine Leidenschaft für IT und Digitalisierung? Dann ist dieses Studium genau das Richtige für dich. Denn du bist Expert:in dafür, riesige Datenmengen zu bändigen und daraus Vorhersagen abzuleiten. Egal ob Entwicklungsdaten oder Daten unserer Kund:innen, du weißt wo du die richtigen Infos findest und …","{'__CLASS__': 'Adzuna::API::Response::Company', 'display_name': 'BMW Group'}",2026-08-01T12:33:53Z,0,48.18446,Dualer Student Data Science & Scientific Computing (w/m/x),"{'tag': 'unknown', 'label': 'Unknown', '__CLASS__': 'Adzuna::API::Response::Category'}",11.57287,Adzuna::API::Response::Job,,,,
eyJhbGciOiJIUzI1NiJ9.eyJpIjoiNTgyMTk5NjYzNyIsInMiOiJDcXZXdHBTVThSRzdldTRXZkZiWHdBIn0.Ls1_m6vcYDzHiQfPD_lbTBpSh4OHPc9T1lmNDrQTDls,5821996637,https://www.adzuna.de/land/ad/5821996637?se=CqvWtpSU8RG7eu4WfFbXwA&utm_medium=api&utm_source=a4bcf954&v=F38B62DB1237BCC40B33898297E889EF8875925A,"{'__CLASS__': 'Adzuna::API::Response::Location', 'display_name': 'Mitte, Stuttgart', 'area': ['Deutschland', 'Baden-Württemberg', 'Stuttgart', 'Mitte']}","Duales Studium Wirtschaftsinformatik – Data Science (m/w/d) Deine Aufgaben Dreijähriges duales Studium ab dem 01.10.2026 mit Wechsel zwischen der dreimonatigen Theoriephase an der DHBW Stuttgart und der Praxisphase bei der riparo gmbh in Holzgerlingen Du unterstützt beim Aufbau und bei der Weiterentwicklung unserer Datenbasis für Auswertungen, Reporting und datenbasierte Entscheidungen Du lernst, wie Daten aus unterschiedlichen Systemen und Schnittstellen zusammengeführt, strukturiert und nutzb…","{'__CLASS__': 'Adzuna::API::Response::Company', 'display_name': 'riparo gmbh'}",2026-07-31T06:06:48Z,0,48.77713,Duales Studium Wirtschaftsinformatik - Data Science (m/w/d),"{'label': 'IT-Stellen', 'tag': 'it-jobs', '__CLASS__': 'Adzuna::API::Response::Category'}",9.18071,Adzuna::API::Response::Job,full_time,,,
eyJhbGciOiJIUzI1NiJ9.eyJzIjoiQ3F2V3RwU1U4Ukc3ZXU0V2ZGYlh3QSIsImkiOiI1ODE1MzIwMzA0In0.rfgXvRPatJB-dxLZiE0MayBNMEwlwglH_ww96D4AGkg,5815320304,https://www.adzuna.de/land/ad/5815320304?se=CqvWtpSU8RG7eu4WfFbXwA&utm_medium=api&utm_source=a4bcf954&v=3E9F10A249340C3FE999C03E51C3037C689711BC,"{'area': ['Deutschland', 'Bayern', 'Bamberg (Kreis)', 'Hirschaid'], 'display_name': 'Hirschaid, Bamberg (Kreis)', '__CLASS__': 'Adzuna::API::Response::Location'}","Du bist technikbegeistert und voller Ideen, mit denen Du die Welt bewegen willst? Dann ist eine Ausbildung oder ein duales Studium bei Schaeffler genau das Richtige für Dich. Ohne unsere Produkte könnten Autos nicht fahren, Maschinen nicht laufen und Flugzeuge nicht fliegen. Als führender Anbieter von Wälzlagern für sämtliche Industrien und wichtiger Partner im internationalen Automobilbau bietet Dir Schaeffler ein hervorragendes Umfeld für Deinen Start in die Berufswelt. Aufgaben Im Überblick …","{'__CLASS__': 'Adzuna::API::Response::Company', 'display_name': 'Schaeffler Technologies AG & Co. KG'}",2026-07-25T12:47:49Z,0,49.8169,Duales Studium (DHBW) - Wirtschaftsinformatik Application Management (d/m/w) 2027,"{'label': 'Unknown', 'tag': 'unknown', '__CLASS__': 'Adzuna::API::Response::Category'}",10.98904,Adzuna::API::Response::Job,,,,
eyJhbGciOiJIUzI1NiJ9.eyJzIjoiQ3F2V3RwU1U4Ukc3ZXU0V2ZGYlh3QSIsImkiOiI1ODEyMDE0MTQ0In0.bMLxe3NY_Wj-6ua6UXhnucXY6yQMiYdEk39Lebhx-Pk,5812014144,https://www.adzuna.de/land/ad/5812014144?se=CqvWtpSU8RG7eu4WfFbXwA&utm_medium=api&utm_source=a4bcf954&v=FCD53AA1E9C9C63936EB7604A1CA582F15B9E1E2,"{'display_name': 'Herzogenaurach, Erlangen-Höchstadt (Kreis)', '__CLASS__': 'Adzuna::API::Response::Location', 'area': ['Deutschland', 'Bayern', 'Erlangen-Höchstadt (Kreis)', 'Herzogenaurach']}","Kopfzeile für externe Stellenbeschreibung: Du bist technikbegeistert und voller Ideen, mit denen Du die Welt bewegen willst? Dann ist eine Ausbildung oder ein duales Studium bei Schaeffler genau das Richtige für Dich. Ohne unsere Produkte könnten Autos nicht fahren, Maschinen nicht laufen und Flugzeuge nicht fliegen. Als führender Anbieter von Wälzlagern für sämtliche Industrien und wichtiger Partner im internationalen Automobilbau bietet Dir Schaeffler ein hervorragendes Umfeld für Deinen Star…","{'__CLASS__': 'Adzuna::API::Response::Company', 'display_name': 'Schaeffler Technologies AG & Co. KG'}",2026-07-23T09:43:37Z,0,49.56892,Duales Studium (DHBW) - Wirtschaftsinformatik Application Management (d/m/w) 2027,"{'label': 'Unknown', 'tag': 'unknown', '__CLASS__': 'Adzuna::API::Response::Category'}",10.88109,Adzuna::API::Response::Job,,,,
eyJhbGciOiJIUzI1NiJ9.eyJzIjoiQ3F2V3RwU1U4Ukc3ZXU0V2ZGYlh3QSIsImkiOiI1ODEwNTM0MTYxIn0.auEKpATeh2wtExeCUy6GyrniKLCPpJ_BjrMbMpX_x_c,5810534161,https://www.adzuna.de/land/ad/5810534161?se=CqvWtpSU8RG7eu4WfFbXwA&utm_medium=api&utm_source=a4bcf954&v=4B5233B92EE41BD2C1BFB3A8C2021001354D9B74,"{'area': ['Deutschland', 'Bayern', 'Coburg (Kreis)', 'Coburg'], '__CLASS__': 'Adzuna::API::Response::Location', 'display_name': 'Coburg, Coburg (Kreis)'}","Hallo, lass uns WIR sagen! Wir - die HUK-COBURG Versicherungsgruppe - zählen zu den 10 größten in Deutschland. Vor über 90 Jahren gegründet sind wir mit über 13 Millionen Kund:innen heute der große Versicherer für Privathaushalte und der größte deutsche Autoversicherer. Dass wir oft preisgünstiger sind als andere Versicherungen, hat bei uns schon Tradition. Genau wie unser Ruf als Arbeitgeberin, mit der DU wachsen und deine persönlichen Ziele erreichen kannst. Bei uns kannst du eine spannende K…","{'__CLASS__': 'Adzuna::API::Response::Company', 'display_name': 'HUK-COBURG Versicherungsgruppe'}",2026-07-22T10:23:06Z,0,50.25777,Spezialist für Steuerungs- und Controllingsysteme - Schwerpunkt Data Science (w/m/d),"{'label': 'Sonstige/Allgemeine Stellen', 'tag': 'other-general-jobs', '__CLASS__': 'Adzuna::API::Response::Category'}",10.96603,Adzuna::API::Response::Job,,,,
eyJhbGciOiJIUzI1NiJ9.eyJzIjoiQ3F2V3RwU1U4Ukc3ZXU0V2ZGYlh3QSIsImkiOiI1ODEwNTI5OTk2In0.p__9gdiIW7UrwyozV3EcSXkTadZQbpr-mkp9RPuMcKk,5810529996,https://www.adzuna.de/land/ad/5810529996?se=CqvWtpSU8RG7eu4WfFbXwA&utm_medium=api&utm_source=a4bcf954&v=FD2411C7DDC59034D7D0EF8C26A1DBCB82980F45,"{'display_name': 'Neckarsulm, Heilbronn (Kreis)', '__CLASS__': 'Adzuna::API::Response::Location', 'area': ['Deutschland', 'Baden-Württemberg', 'Heilbronn (Kreis)', 'Neckarsulm']}","Eine gute Idee war der Ursprung, ein erfolgreiches Konzept ist das Ergebnis. Qualität zum guten Preis möglichst vielen Menschen anbieten zu können treibt uns an - mittlerweile weltweit, denn wir sind Lidl. Hier ist das berufliche Zuhause vielfältiger Talente. Ob im Einkauf, in der Logistik, im Warengeschäft oder in der IT; ob als Impulsgeber, Gestalter oder Dienstleister der Länder. Wir suchen Anpacker, Durchstarter, Möglichmacher und bieten spannende Aufgaben und Projekte in einem dynamischen …","{'display_name': 'Lidl Stiftung & Co. KG', '__CLASS__': 'Adzuna::API::Response::Company'}",2026-07-22T10:22:26Z,0,49.18975,Duales Studium Data Science und KI - Smart Operations Management 2027,"{'__CLASS__': 'Adzuna::API::Response::Category', 'tag': 'graduate-jobs', 'label': 'Stellen für Hochschulabsolventen'}",9.2274,Adzuna::API::Response::Job,,,,
eyJhbGciOiJIUzI1NiJ9.eyJzIjoiQ3F2V3RwU1U4Ukc3ZXU0V2ZGYlh3QSIsImkiOiI1ODI4MzU4MTY4In0.AmjPYCKgTRxHq1nm2DFQA56Relsb94H6J5OPSqHBwTI,5828358168,https://www.adzuna.de/land/ad/5828358168?se=CqvWtpSU8RG7eu4WfFbXwA&utm_medium=api&utm_source=a4bcf954&v=8402E2578445895C3DE3C3C020C2ABFFD6844BDC,"{'area': ['Deutschland', 'Baden-Württemberg', 'Ludwigsburg (Kreis)', 'Ludwigsburg'], '__CLASS__': 'Adzuna::API::Response::Location', 'display_name': 'Ludwigsburg, Ludwigsburg (Kreis)'}","Seit über 180 Jahren unterstützen wir Unternehmen weltweit dabei, Arbeitsprozesse einfacher, effizienter und zukunftssicher zu gestalten. Mit Niederlassungen in über 40 Ländern und Kunden in mehr als 180 Märkten sind wir ein globaler Partner für Fachwissen und Technologie. Unsere Lösungen verbinden tiefgehendes Know-how mit innovativen Technologien – inklusive moderner KI-Funktionen – und helfen unseren Kunden, ihre größten Herausforderungen erfolgreich zu meistern. Mehr als 21.000 Kolleginnen …","{'__CLASS__': 'Adzuna::API::Response::Company', 'display_name': 'Wolters Kluwer Tax & Accounting Deutschland GmbH'}",2026-08-05T01:04:32Z,0,48.876425,Duales Studium Bachelor der Wirtschaftsinformatik - Data Science (m/w/d),"{'tag': 'graduate-jobs', 'label': 'Stellen für Hochschulabsolventen', '__CLASS__': 'Adzuna::API::Response::Category'}",9.198334,Adzuna::API::Response::Job,,,,
eyJhbGciOiJIUzI1NiJ9.eyJpIjoiNTgzMzQ0NDc2MCIsInMiOiJDcXZXdHBTVThSRzdldTRXZkZiWHdBIn0.e7-wOjJt3bigiES5-wFFJioTACPi_3ZKoQYIB4dSCrY,5833444760,https://www.adzuna.de/land/ad/5833444760?se=CqvWtpSU8RG7eu4WfFbXwA&utm_medium=api&utm_source=a4bcf954&v=82F1384162CDFDFBCA801DE113B1F0880609270D,"{'__CLASS__': 'Adzuna::API::Response::Location', 'display_name': 'Cottbus, Brandenburg', 'area': ['Deutschland', 'Brandenburg', 'Cottbus']}","Wir sind eine junge aufstrebende Technische Universität im Herzen der Lausitz, die mit wissenschaftlicher Expertise praxisrelevante Lösungen für die Gestaltung der großen Zukunftsthemen und Transformationsprozesse weltweit erarbeitet. Im Informations-, Kommunikations- und Medienzentrum (IKMZ) der Brandenburgischen Technischen Universität Cottbus–Senftenberg wird eine hochschulweite KI-Taskforce aufgebaut. Ziel ist es, innovative KI-Anwendungen und leistungsfähige KI-Infrastrukturen zu entwickel…","{'display_name': 'Brandenburgische Technische Universität Cottbus – Senftenberg', '__CLASS__': 'Adzuna::API::Response::Company'}",2026-08-08T15:09:20Z,0,51.761472,KI-Expert*innen (m/w/d),"{'__CLASS__': 'Adzuna::API::Response::Category', 'tag': 'unknown', 'label': 'Unknown'}",14.351768,Adzuna::API::Response::Job,,,,
eyJhbGciOiJIUzI1NiJ9.eyJzIjoiQ3F2V3RwU1U4Ukc3ZXU0V2ZGYlh3QSIsImkiOiI1ODEwNTM1NTY3In0.egoTwolhboKRxdvgs9EtwbM6vCVHRXjb7ZffhL2FUzo,5810535567,https://www.adzuna.de/land/ad/5810535567?se=CqvWtpSU8RG7eu4WfFbXwA&utm_medium=api&utm_source=a4bcf954&v=15E50F567E84648B678B5462035A8594EB048353,"{'display_name': 'Bad Friedrichshall, Heilbronn (Kreis)', '__CLASS__': 'Adzuna::API::Response::Location', 'area': ['Deutschland', 'Baden-Württemberg', 'Heilbronn (Kreis)', 'Bad Friedrichshall']}","Als weltweit agierendes Unternehmen benötigen wir eine IT-Landschaft, die jederzeit reibungslos funktioniert, sich stets auf dem neuesten Stand der Technik befindet und sich an den Bedürfnissen unserer Kunden innerhalb der Unternehmen der Schwarz Gruppe orientiert. An der Schnittstelle zwischen Daten und IT erarbeiten wir tragfähige Lösungen, die maßgeblich und sichtbar zu unserem Erfolg beitragen. {Studienbeginn:} 01.09.2027 mit dem Begrüßungsmonat {Studiendauer:} 3 Jahre {Studiendauer:} 01.10…","{'__CLASS__': 'Adzuna::API::Response::Company', 'display_name': 'Schwarz Digits'}",2026-07-22T10:23:20Z,0,49.2291,Duales Studium Data Science und Künstliche Intelligenz 2027 (m/w/d),"{'label': 'Stellen für Hochschulabsolventen', 'tag': 'graduate-jobs', '__CLASS__': 'Adzuna::API::Response::Category'}",9.21629,Adzuna::API::Response::Job,,,,
eyJhbGciOiJIUzI1NiJ9.eyJpIjoiNTgxMDUzMTc0MiIsInMiOiJDcXZXdHBTVThSRzdldTRXZkZiWHdBIn0.cKVLKxv4Zm-P1jlX4f5U25uQ1Qb-4c8zseM8-ZmzfO4,5810531742,https://www.adzuna.de/land/ad/5810531742?se=CqvWtpSU8RG7eu4WfFbXwA&utm_medium=api&utm_source=a4bcf954&v=0C439F9A8606839B5DD9EDB9D4B6C60EC3112F9B,"{'__CLASS__': 'Adzuna::API::Response::Location', 'display_name': 'Ehingen (Donau), Alb-Donau-Kreis', 'area': ['Deutschland', 'Baden-Württemberg', 'Alb-Donau-Kreis', 'Ehingen (Donau)']}",Die Liebherr-Werk Ehingen GmbH zählt zu den weltweit führenden Herstellern von Fahrzeugkranen. Das Programm umfasst Teleskop- und Gittermastkrane auf Mobil- und Raupenfahrwerken. Seit der Gründung wurde die Produktionsstätte und ihre Kapazität kontinuierlich erweitert. Heute werden täglich sechs Fahrzeugkrane aus Ehingen in die ganze Welt geliefert. DHBW Studium - Data Science und Künstliche Intelligenz (B.Sc.) Job-ID 83588 JLFT1_DE,"{'display_name': 'Liebherr-Werk Ehingen GmbH', '__CLASS__': 'Adzuna::API::Response::Company'}",2026-07-22T10:22:44Z,0,48.28207,DHBW Studium - Data Science und Künstliche Intelligenz (B.Sc.),"{'__CLASS__': 'Adzuna::API::Response::Category', 'label': 'Stellen für Hochschulabsolventen', 'tag': 'graduate-jobs'}",9.72719,Adzuna::API::Response::Job,,,,
eyJhbGciOiJIUzI1NiJ9.eyJpIjoiNTgyNzAzODQ1NSIsInMiOiJDcXZXdHBTVThSRzdldTRXZkZiWHdBIn0.TPZ0TdY6a-2u_7qSv3NP2RAgGAqts1eogJnjGFyEQ_0,5827038455,https://www.adzuna.de/land/ad/5827038455?se=CqvWtpSU8RG7eu4WfFbXwA&utm_medium=api&utm_source=a4bcf954&v=3AF8645B7EF161E752C573E858BE82C8BC972F37,"{'area': ['Deutschland', 'Baden-Württemberg', 'Stuttgart'], 'display_name': 'Stuttgart, Baden-Württemberg', '__CLASS__': 'Adzuna::API::Response::Location'}",DHBW-Studium Bachelor of Science – Wirt­schafts­informatik Data Science Als starker Arbeitgeber und attrak­tives Aus­bildungs­unter­nehmen bieten wir viel­fältige und spannende Aus­bildungs- und Studien­plätze mit besten Über­nahme­chancen. Bereit für ein echt spannendes und abwechslungsreiches Studium? Wir machen dich fit für deine Zukunft in einer modernen Versicherung. Für den Studienstart am 01.09.2027 in Stuttgart suchen wir aufgeschlossene und motivierte Studierende. JLFT1_DE,"{'__CLASS__': 'Adzuna::API::Response::Company', 'display_name': 'WGV - Württembergische Gemeinde-Versicherung a.G.'}",2026-08-04T00:54:22Z,0,48.776198,DHBW-Studium Bachelor of Science – Wirtschaftsinformatik Data Science,"{'label': 'Stellen für Hochschulabsolventen', 'tag': 'graduate-jobs', '__CLASS__': 'Adzuna::API::Response::Category'}",9.187224,Adzuna::API::Response::Job,,,,
eyJhbGciOiJIUzI1NiJ9.eyJzIjoiQ3F2V3RwU1U4Ukc3ZXU0V2ZGYlh3QSIsImkiOiI1ODI1NzIwMTA3In0.wG_r7MdFM_m4m_57SG4ZYbFUavDZoOuGDRbo6miyyQc,5825720107,https://www.adzuna.de/land/ad/5825720107?se=CqvWtpSU8RG7eu4WfFbXwA&utm_medium=api&utm_source=a4bcf954&v=0A697CC4AC436665D92F8A50BB768655D93488B0,"{'area': ['Deutschland', 'Baden-Württemberg', 'Stuttgart', 'Mitte'], '__CLASS__': 'Adzuna::API::Response::Location', 'display_name': 'Mitte, Stuttgart'}","Die Mercedes-Benz Group AG ist eines der erfolgreichsten Automobilunternehmen der Welt. Mit der Mercedes-Benz AG gehört der Fahrzeughersteller zu den größten Anbietern von Premium- und Luxus-Pkw und Vans. Wir bringen Data Science, Market Research und Competitive Analytics zusammen, um belastbare Insights für globale Strategie, Produktentwicklung und Marketing zu liefern. Im Umfeld eines internationalen Automobilkonzerns analysieren wir Märkte, Wettbewerber, Markenwahrnehmung und Konsumentenerwa…","{'display_name': 'Mercedes-Benz AG', '__CLASS__': 'Adzuna::API::Response::Company'}",2026-08-02T15:52:50Z,0,48.77713,Praktikum Data Science/Analytics Global Market Intelligence,"{'__CLASS__': 'Adzuna::API::Response::Category', 'tag': 'other-general-jobs', 'label': 'Sonstige/Allgemeine Stellen'}",9.18071,Adzuna::API::Response::Job,full_time,,,
eyJhbGciOiJIUzI1NiJ9.eyJpIjoiNTgzNDgwODE3MCIsInMiOiJDcXZXdHBTVThSRzdldTRXZkZiWHdBIn0.UmhngGjCP3XnoHpnystHDulNIIKWVuTniXVO-6xt9QI,5834808170,https://www.adzuna.de/land/ad/5834808170?se=CqvWtpSU8RG7eu4WfFbXwA&utm_medium=api&utm_source=a4bcf954&v=4552C60FA87D5F16637A026C6C8BCDA56CE78375,"{'__CLASS__': 'Adzuna::API::Response::Location', 'display_name': 'Hannover, Region Hannover (Kreis)', 'area': ['Deutschland', 'Niedersachsen', 'Region Hannover (Kreis)', 'Hannover']}","Starte durch bei HDI Global! Als einer der welt­weit führenden Industrie­versicherer haben wir in unserer 120-jährigen Unter­nehmens­geschichte mit Pionier­geist und Gemeinschafts­sinn viele Heraus­forderungen gemeistert und sind für die Zukunft sehr gut auf­gestellt. Wir bieten Dir die Mög­lich­keit, immer wieder neue Wege zu gehen und uns so gemein­sam weiter­zu­entwickeln. Aufgaben Fachliche Verantwortung für bestimmte Daten-Domains, Bündelung von Know-How über existierende Daten (-quellen) …","{'__CLASS__': 'Adzuna::API::Response::Company', 'display_name': 'HDI AG'}",2026-08-09T17:55:28Z,0,52.378818,Senior Data / Software Engineer,"{'__CLASS__': 'Adzuna::API::Response::Category', 'tag': 'unknown', 'label': 'Unknown'}",9.742751,Adzuna::API::Response::Job,,,,
eyJhbGciOiJIUzI1NiJ9.eyJzIjoiQ3F2V3RwU1U4Ukc3ZXU0V2ZGYlh3QSIsImkiOiI1NzUwMzk3MTY1In0.Tbn4Kf3gFuZuYuEO192AEukpeqits9gsyu-s3gTf9GU,5750397165,https://www.adzuna.de/land/ad/5750397165?se=CqvWtpSU8RG7eu4WfFbXwA&utm_medium=api&utm_source=a4bcf954&v=C914835A5535ED1A2EDA46F1E53ECAC2CB81E252,"{'display_name': 'Neckarsulm, Heilbronn (Kreis)', '__CLASS__': 'Adzuna::API::Response::Location', 'area': ['Deutschland', 'Baden-Württemberg', 'Heilbronn (Kreis)', 'Neckarsulm']}","Einleitung Eine gute Idee war der Ursprung, ein erfolgreiches Konzept ist das Ergebnis. Qualität zum guten Preis möglichst vielen Menschen anbieten zu können treibt uns an - mittlerweile weltweit, denn wir sind Lidl. Hier ist das berufliche Zuhause vielfältiger Talente. Ob im Einkauf, in der Logistik, im Warengeschäft oder in der IT; ob als Impulsgeber, Gestalter oder Dienstleister der Länder. Wir suchen Anpacker, Durchstarter, Möglichmacher und bieten spannende Aufgaben und Projekte in einem d…","{'__CLASS__': 'Adzuna::API::Response::Company', 'display_name': 'Lidl'}",2026-06-03T11:42:39Z,0,49.18975,Duales Studium Wirtschaftsinformatik - Data Science 2027,"{'__CLASS__': 'Adzuna::API::Response::Category', 'label': 'Teilzeitstellen', 'tag': 'part-time-jobs'}",9.2274,Adzuna::API::Response::Job,,,,
eyJhbGciOiJIUzI1NiJ9.eyJpIjoiNTgwNzE3MTIwNiIsInMiOiJDcXZXdHBTVThSRzdldTRXZkZiWHdBIn0.lKztYQijN4WAIfTjfH6OKM7m5fPOiLCaAxFs5v4Sv7w,5807171206,https://www.adzuna.de/land/ad/5807171206?se=CqvWtpSU8RG7eu4WfFbXwA&utm_medium=api&utm_source=a4bcf954&v=FF95D8C0B268C321E8B1775019E4B950D0607B43,"{'area': ['Deutschland', 'Nordrhein-Westfalen', 'Leverkusen'], 'display_name': 'Leverkusen, Nordrhein-Westfalen', '__CLASS__': 'Adzuna::API::Response::Location'}","in Köln in Voll- oder Teilzeit Vergütung: E 12 (TVöD Bund) bzw. A 12 BBesO Referenzcode: P/2130/2026/211/72 Bewerbungsfrist: 20.08.2026 Das Zollkriminalamt (ZKA) ist mit seinen rund 800 Beschäftigten die Zentrale des deutschen Zollfahndungsdienstes, dessen Hauptaufgabe die Verfolgung und Verhütung der mittleren, schweren und organisierten Zollkriminalität ist. Es koordiniert und lenkt die Ermittlungen der angeschlossenen acht Zollfahndungsämter an bundesweiten Standorten. Für unser Team suchen …","{'__CLASS__': 'Adzuna::API::Response::Company', 'display_name': 'Generalzolldirektion'}",2026-07-19T14:46:09Z,0,51.048715,Senior Spezialist/Senior Spezialistin (w/m/d) Telekommunikationsüberwachung,"{'label': 'Unknown', 'tag': 'unknown', '__CLASS__': 'Adzuna::API::Response::Category'}",7.007059,Adzuna::API::Response::Job,,,,
eyJhbGciOiJIUzI1NiJ9.eyJpIjoiNTgyMDg4NjgxMCIsInMiOiJDcXZXdHBTVThSRzdldTRXZkZiWHdBIn0.Dgkj9m4xKMM80r09NbCvp2obfQan049axKnEVNkGnJU,5820886810,https://www.adzuna.de/land/ad/5820886810?se=CqvWtpSU8RG7eu4WfFbXwA&utm_medium=api&utm_source=a4bcf954&v=7C2E561E58C28C1B91CF88FD8A09C46EFC173175,"{'__CLASS__': 'Adzuna::API::Response::Location', 'display_name': 'Frankfurt am Main, Hessen', 'area': ['Deutschland', 'Hessen', 'Frankfurt am Main']}","Die Herausforderung Sie arbeiten ab dem ersten Tag gemeinsam mit Kolleg*innen an aktuellen Forschungsfragen und gestalten diese mit Ihren Ideen aktiv mit. In den Projekten werden Sie Elektronische Finanzmärkte und Börsen sowie Digital Asset Markets primär empirisch über die Analyse von Finanzmarktdaten untersuchen und Gelegenheit haben, sich neue Analyse- und Forschungsmethoden anzueignen. Ein weiteres zentrales Thema sind neue Geschäfts- und Technologiekonzepte im Kontext Digital Finance (u.a.…","{'__CLASS__': 'Adzuna::API::Response::Company', 'display_name': 'efl - The Data Science Institute / Goethe Universität Frankfurt'}",2026-07-30T09:59:52Z,0,50.129683,Wissenschaftliche*r Mitarbeiter*in (m/w/d) e-Finance Data Science,"{'__CLASS__': 'Adzuna::API::Response::Category', 'label': 'Unknown', 'tag': 'unknown'}",8.650578,Adzuna::API::Response::Job,,,,
eyJhbGciOiJIUzI1NiJ9.eyJpIjoiNTgwODE1MjI1OCIsInMiOiJDcXZXdHBTVThSRzdldTRXZkZiWHdBIn0.dVK1D-l0MK9jyzBmg22t0A6LU0-sdXFR-6rRTxMMXjk,5808152258,https://www.adzuna.de/land/ad/5808152258?se=CqvWtpSU8RG7eu4WfFbXwA&utm_medium=api&utm_source=a4bcf954&v=C447217DB50B5434F730D1C35422A7B66A6C568F,"{'area': ['Deutschland'], 'display_name': 'Deutschland', '__CLASS__': 'Adzuna::API::Response::Location'}","Werkstudent (m/w/d) Service – Implementierung einer KI gestützten Bewertung von Reparaturteilen Warthausen | zum nächstmöglichen Zeitpunkt KaVo Dental mit Hauptsitz im schwäbischen Biberach an der Riß zählt seit mehr als 110 Jahren zu den führenden Unternehmen der internationalen Dentalbranche. Rund 1.600 Mitarbeiter*innen verbindet ein gemeinsames Ziel: innovative, hochwertige Behandlungseinheiten, Instrumente, bildgebende Geräte und produktbegleitende Services zu entwickeln, zu produzieren un…","{'__CLASS__': 'Adzuna::API::Response::Company', 'display_name': 'KaVo Dental GmbH'}",2026-07-20T15:32:57Z,0,,Werkstudent (m/w/d) Service – Implementierung einer KI gestützten Bewertung von Reparaturteilen,"{'label': 'Kundendienststellen', 'tag': 'customer-services-jobs', '__CLASS__': 'Adzuna::API::Response::Category'}",,Adzuna::API::Response::Job,,,,
eyJhbGciOiJIUzI1NiJ9.eyJpIjoiNTc2NzMyODg5NyIsInMiOiJDcXZXdHBTVThSRzdldTRXZkZiWHdBIn0.m1b3zJ5_hRBD9gDdGo7cgaXkoeqoJ0yLYAKN70dTZv8,5767328897,https://www.adzuna.de/land/ad/5767328897?se=CqvWtpSU8RG7eu4WfFbXwA&utm_medium=api&utm_source=a4bcf954&v=035D23A311258786BF2486F5AFEF4CF66CBAE58C,"{'__CLASS__': 'Adzuna::API::Response::Location', 'display_name': 'Karlsruhe, Karlsruhe (Kreis)', 'area': ['Deutschland', 'Baden-Württemberg', 'Karlsruhe (Kreis)', 'Karlsruhe']}","Dein Berufsbild: Du möchtest irgendwas mit Mathe und Programmieren machen und findest Technologien der Zukunft spannend? Dann entscheide dich für den Studiengang Data Science und Künstliche Intelligenz und hol alles aus den Daten heraus. In deinem Beruf bist du die Schnittstelle zwischen IT und Business. Du beherrschst die verschiedenen Technologien, bewertest deren Potenziale und weißt, wie man sie technisch umsetzt. In deinem dualen Studium erlernst du die Grundlagen, Konzepte und Methoden de…","{'__CLASS__': 'Adzuna::API::Response::Company', 'display_name': 'Siemens AG'}",2026-06-18T01:08:56Z,0,49.001249,Data Science und Künstliche Intelligenz (B.Sc.) 2027,"{'__CLASS__': 'Adzuna::API::Response::Category', 'tag': 'part-time-jobs', 'label': 'Teilzeitstellen'}",8.412378,Adzuna::API::Response::Job,,,,
eyJhbGciOiJIUzI1NiJ9.eyJpIjoiNTc4NTQxMjE5MSIsInMiOiJDcXZXdHBTVThSRzdldTRXZkZiWHdBIn0.2NfwwDUFp1fye-i6x4HyORMxyXyujKr91NJvA8313bw,5785412191,https://www.adzuna.de/land/ad/5785412191?se=CqvWtpSU8RG7eu4WfFbXwA&utm_medium=api&utm_source=a4bcf954&v=D0A77CD380C46F611C880989E79CBA2570403C30,"{'area': ['Deutschland', 'Nordrhein-Westfalen', 'Köln'], 'display_name': 'Köln, Nordrhein-Westfalen', '__CLASS__': 'Adzuna::API::Response::Location'}","Dein Berufsbild: Du möchtest irgendwas mit Mathe und Programmieren machen und findest Technologien der Zukunft spannend? Dann entscheide dich für den Studiengang Data Science und Künstliche Intelligenz und hol alles aus den Daten heraus. In deinem Beruf bist du die Schnittstelle zwischen IT und Business. Du beherrschst die verschiedenen Technologien, bewertest deren Potenziale und weißt, wie man sie technisch umsetzt. In deinem dualen Studium erlernst du die Grundlagen, Konzepte und Methoden de…","{'display_name': 'Siemens AG', '__CLASS__': 'Adzuna::API::Response::Company'}",2026-07-02T14:03:32Z,0,50.940164,Data Science und Künstliche Intelligenz (B.Sc.) 2027,"{'label': 'Teilzeitstellen', 'tag': 'part-time-jobs', '__CLASS__': 'Adzuna::API::Response::Category'}",6.969972,Adzuna::API::Response::Job,,,,
eyJhbGciOiJIUzI1NiJ9.eyJpIjoiNTgzNDgwMjY1MiIsInMiOiJDcXZXdHBTVThSRzdldTRXZkZiWHdBIn0.NxP-EVeR7dgaggi1SgcRnBGfp-W-RcVZZBv36jDh0-M,5834802652,https://www.adzuna.de/land/ad/5834802652?se=CqvWtpSU8RG7eu4WfFbXwA&utm_medium=api&utm_source=a4bcf954&v=259487687F55A7465A3AF995FE010D2A877DB0A5,"{'area': ['Deutschland', 'Baden-Württemberg', 'Heilbronn (Kreis)', 'Bad Friedrichshall'], '__CLASS__': 'Adzuna::API::Response::Location', 'display_name': 'Bad Friedrichshall, Heilbronn (Kreis)'}","Duales Studium Data Science und Künstliche Intelligenz 2027 Standort: Bad Friedrichshall Abteilung / Bereich: Ausbildung/Duales Studium/Abiturientenprogramm Level: Duales Studium Referenznummer: 3566 Als weltweit agierendes Unternehmen benötigen wir eine IT-Landschaft, die jederzeit reibungslos funktioniert, sich stets auf dem neuesten Stand der Technik befindet und sich an den Bedürfnissen unserer Kunden innerhalb der Unternehmen der Schwarz Gruppe orientiert. An der Schnittstelle zwischen Dat…",{'__CLASS__': 'Adzuna::API::Response::Company'},2026-08-09T17:42:11Z,0,49.2291,Duales Studium Data Science und Künstliche Intelligenz 2027 (m/w/d),"{'__CLASS__': 'Adzuna::API::Response::Category', 'label': 'IT-Stellen', 'tag': 'it-jobs'}",9.21629,Adzuna::API::Response::Job,,,,
eyJhbGciOiJIUzI1NiJ9.eyJpIjoiNTc3MDU4OTAzOSIsInMiOiJDcXZXdHBTVThSRzdldTRXZkZiWHdBIn0.aekdP_ztsUxRbUantDqNk2PDmdeHZi8S5XMrXkmH6uU,5770589039,https://www.adzuna.de/land/ad/5770589039?se=CqvWtpSU8RG7eu4WfFbXwA&utm_medium=api&utm_source=a4bcf954&v=681BE7A3D03AC6F297C387CC551FF08EF9980009,"{'display_name': 'Riedstadt, Groß-Gerau (Kreis)', '__CLASS__': 'Adzuna::API::Response::Location', 'area': ['Deutschland', 'Hessen', 'Groß-Gerau (Kreis)', 'Riedstadt']}","Duales Studium– unser Erfolgsrezept: Theorie und Praxis verbinden! Werde bei Transgourmet zur KI-Koryphäe: Duübernimmst Initiative in schmackhaften Projekten, bei denen du marktfrische, innovative Ansätze direkt aus deinem Studium einbringst. Du erhältst Einblicke in die Geheimnisse der kulinarischen Datenwelt eines modernen Lebensmittelgroßhändlers: Prozessveredelungá la IT: Optimiere mit uns die digitalen Kochprozesse in unserem Unternehmen, automatisiere Abläufe und würze die Systeme mit Kün…","{'__CLASS__': 'Adzuna::API::Response::Company', 'display_name': 'Transgourmet Deutschland GmbH&Co. OHG'}",2026-06-20T12:53:08Z,0,49.80341,Duales Studium Data Science&Künstliche Intelligenz 2027,"{'tag': 'part-time-jobs', 'label': 'Teilzeitstellen', '__CLASS__': 'Adzuna::API::Response::Category'}",8.53563,Adzuna::API::Response::Job,,,,
eyJhbGciOiJIUzI1NiJ9.eyJpIjoiNTgyMjY1MjIxMiIsInMiOiJDcXZXdHBTVThSRzdldTRXZkZiWHdBIn0.jt0GjMUbv3aKlUlckCG_y-dN85YUEqq8K87Qbvo1PhA,5822652212,https://www.adzuna.de/land/ad/5822652212?se=CqvWtpSU8RG7eu4WfFbXwA&utm_medium=api&utm_source=a4bcf954&v=94666D3E99A199DDCB2EE4F6D88F45A936DE5A9B,"{'area': ['Deutschland', 'Hessen', 'Gießen (Kreis)', 'Gießen'], '__CLASS__': 'Adzuna::API::Response::Location', 'display_name': 'Gießen, Gießen (Kreis)'}","Die 1607 gegründete Justus-Liebig-Universität Gießen (JLU) ist eine traditionsreiche Forschungsuniversität. Inspiriert von der Neugier auf das Unbekannte ermöglichen wir rund 25.000 Studierenden und 5.800 Beschäftigten, Wissenschaft für die Gesellschaft voranzutreiben. Gehen Sie zusammen mit uns neue Wege und schreiben Sie Erfolgsgeschichten – Ihre eigene und die der Universität. Unterstützen Sie uns ab dem nächstmöglichen Zeitpunkt in Vollzeit als Wissenschaftliche/r Mitarbeiter/in (m/w/d) Mac…","{'display_name': 'Justus-Liebig-Universität Gießen', '__CLASS__': 'Adzuna::API::Response::Company'}",2026-07-31T21:54:51Z,0,50.583286,Wissenschaftliche/r Mitarbeiter/in (m/w/d) Machine Learning / Medical Data Science,"{'__CLASS__': 'Adzuna::API::Response::Category', 'label': 'Stellen aus Gesundheitswesen & Pflege', 'tag': 'healthcare-nursing-jobs'}",8.679778,Adzuna::API::Response::Job,,,,
eyJhbGciOiJIUzI1NiJ9.eyJzIjoiQ3F2V3RwU1U4Ukc3ZXU0V2ZGYlh3QSIsImkiOiI1ODEwNTQ2NDg5In0.8CqzdPLgbPCkJMQ4-LtmXmy648knRpSSPDheDOnZ6p8,5810546489,https://www.adzuna.de/land/ad/5810546489?se=CqvWtpSU8RG7eu4WfFbXwA&utm_medium=api&utm_source=a4bcf954&v=CA922220D5632E8B74AA37483CFC33BFB4F0930A,"{'display_name': 'Weinheim, Rhein-Neckar-Kreis', '__CLASS__': 'Adzuna::API::Response::Location', 'area': ['Deutschland', 'Baden-Württemberg', 'Rhein-Neckar-Kreis', 'Weinheim']}","„We will wow your world!” Das ist unser Versprechen, wenn es um Arbeiten bei Freudenberg geht. Als globaler Technologiekonzern machen wir die Welt nicht nur sauberer, gesünder und komfortabler, sondern bieten unseren 52.000 Mitarbeitenden auch ein vernetztes und vielfältiges Arbeitsumfeld, in dem sich alle individuell entfalten können. Lassen Sie sich überraschen und erleben Sie Ihre eigenen „Wow”-Momente. Gemeinsam mit Partnern, Kunden und der Wissenschaft entwickeln wir technisch führende Pro…","{'display_name': 'Freudenberg Technology Innovation SE & Co. KG', '__CLASS__': 'Adzuna::API::Response::Company'}",2026-07-22T10:25:34Z,0,49.55214,Masterarbeit im Bereich Data Science / Machine Learning im Spritzguss (w/m/d),"{'label': 'Stellen für Hochschulabsolventen', 'tag': 'graduate-jobs', '__CLASS__': 'Adzuna::API::Response::Category'}",8.66573,Adzuna::API::Response::Job,,,,
eyJhbGciOiJIUzI1NiJ9.eyJpIjoiNTgxMjE5MTIwMCIsInMiOiJDcXZXdHBTVThSRzdldTRXZkZiWHdBIn0.gHgXF2_edNkKyoZbbtyMqXDbLiJATg1At5tJ8pd7H2w,5812191200,https://www.adzuna.de/land/ad/5812191200?se=CqvWtpSU8RG7eu4WfFbXwA&utm_medium=api&utm_source=a4bcf954&v=B64A7C8EB6E4E2752963701AA801C2BEB8356DFF,"{'display_name': 'Herzogenaurach, Erlangen-Höchstadt (Kreis)', '__CLASS__': 'Adzuna::API::Response::Location', 'area': ['Deutschland', 'Bayern', 'Erlangen-Höchstadt (Kreis)', 'Herzogenaurach']}","Du bist technikbegeistert und voller Ideen, mit denen Du die Welt bewegen willst? Dann ist eine Ausbildung oder ein duales Studium bei Schaeffler genau das Richtige für Dich. Ohne unsere Produkte könnten Autos nicht fahren, Maschinen nicht laufen und Flugzeuge nicht fliegen. Als führender Anbieter von Wälzlagern für sämtliche Industrien und wichtiger Partner im internationalen Automobilbau bietet Dir Schaeffler ein hervorragendes Umfeld für Deinen Start in die Berufswelt. JLFT1_DE","{'display_name': 'Schaeffler Technologies AG & Co. KG', '__CLASS__': 'Adzuna::API::Response::Company'}",2026-07-23T12:28:08Z,0,49.56892,Duales Studium (DHBW) - Data Science und künstliche Intelligenz (d/m/w) 2027,"{'__CLASS__': 'Adzuna::API::Response::Category', 'label': 'Stellen für Hochschulabsolventen', 'tag': 'graduate-jobs'}",10.88109,Adzuna::API::Response::Job,,,,
eyJhbGciOiJIUzI1NiJ9.eyJzIjoiQ3F2V3RwU1U4Ukc3ZXU0V2ZGYlh3QSIsImkiOiI1ODE3NDM2Njc5In0.O51-XYz9uBm2_ylpnf7Jli1gNuKLRybU7gOxarZBSeg,5817436679,https://www.adzuna.de/land/ad/5817436679?se=CqvWtpSU8RG7eu4WfFbXwA&utm_medium=api&utm_source=a4bcf954&v=4CB4A7B8A8A6B5A97F268DB2133B6E5DF0F2624E,"{'area': ['Deutschland', 'Sachsen', 'Dresden'], '__CLASS__': 'Adzuna::API::Response::Location', 'display_name': 'Dresden, Sachsen'}","in der Klinik und Poliklinik für Viszeral-, Thorax- und Gefäßchirurgie und dem Else Kröner Fresenius Zentrum für Digitale Gesundheit Die Stelle ist ab 1. Oktober 2026 in Voll- oder Teilzeitbeschäftigung zunächst für 24 Monate befristet zu besetzen. Die Vergütung erfolgt nach den Eingruppierungsvorschriften des Tarifvertrages für den öffentlichen Dienst (TV-L) und ist bei Vorliegen der persönlichen Voraussetzungen in die Entgeltgruppe E13 möglich. Diese Stelle ist Teil eines vom Bundesministeriu…","{'display_name': 'Universitätsklinikum Carl Gustav Carus Dresden', '__CLASS__': 'Adzuna::API::Response::Company'}",2026-07-27T15:54:07Z,0,51.052725,Postdoc (m/w/d) Chirurgische KI,"{'tag': 'unknown', 'label': 'Unknown', '__CLASS__': 'Adzuna::API::Response::Category'}",13.756452,Adzuna::API::Response::Job,,,,
eyJhbGciOiJIUzI1NiJ9.eyJpIjoiNTc2NzI3MTE2OSIsInMiOiJDcXZXdHBTVThSRzdldTRXZkZiWHdBIn0.vtcF-PrWafVYcDWvF6w7SSPYmiiIqDFIvYVf_lvRMLc,5767271169,https://www.adzuna.de/land/ad/5767271169?se=CqvWtpSU8RG7eu4WfFbXwA&utm_medium=api&utm_source=a4bcf954&v=CC2E25EBBAD96C8C01E6D5B8470BE5711652C754,"{'display_name': 'Neckarsulm, Heilbronn (Kreis)', '__CLASS__': 'Adzuna::API::Response::Location', 'area': ['Deutschland', 'Baden-Württemberg', 'Heilbronn (Kreis)', 'Neckarsulm']}","Du hast Lust auf innovative und nachhaltige Bau- & Immobilienprojekte? Dann bist du bei uns genau richtig. Von Büros, Konferenzräumen sowie Restaurants bis hin zu Wohnungen - Im TeamSCOS planen, bauen und betreuen wir ein großes Portfolio verschiedenster Immobilien – denn Vielfalt ist unsere Stärke! Bei uns kannst du spannende Projekte von Beginn bis zur Umsetzung begleiten und eigene Ideen einbringen. Vom Grundstückskauf über die Planung und dem Bau bis hin zum Facility Management - bei uns ha…","{'display_name': 'Schwarz Corporate Solutions', '__CLASS__': 'Adzuna::API::Response::Company'}",2026-06-18T00:21:30Z,0,49.18975,Consultant Energiewirtschaft Datenqualität MaKo (m/w/d),"{'__CLASS__': 'Adzuna::API::Response::Category', 'tag': 'unknown', 'label': 'Unknown'}",9.2274,Adzuna::API::Response::Job,,,,
eyJhbGciOiJIUzI1NiJ9.eyJzIjoiQ3F2V3RwU1U4Ukc3ZXU0V2ZGYlh3QSIsImkiOiI1NzY3NDI5MzcxIn0.zG9_Q7FJ3rdl05FBPmWNcIMvpFEfHz5OLO1_skFk3oM,5767429371,https://www.adzuna.de/land/ad/5767429371?se=CqvWtpSU8RG7eu4WfFbXwA&utm_medium=api&utm_source=a4bcf954&v=10E31A5B1F215C364F1055DE06FE6272E1F74E8B,"{'area': ['Deutschland', 'Baden-Württemberg', 'Heilbronn (Kreis)', 'Neckarsulm'], 'display_name': 'Neckarsulm, Heilbronn (Kreis)', '__CLASS__': 'Adzuna::API::Response::Location'}","Du hast Lust auf innovative und nachhaltige Bau- & Immobilienprojekte? Dann bist du bei uns genau richtig. Von Büros, Konferenzräumen sowie Restaurants bis hin zu Wohnungen - Im TeamSCOS planen, bauen und betreuen wir ein großes Portfolio verschiedenster Immobilien – denn Vielfalt ist unsere Stärke! Bei uns kannst du spannende Projekte von Beginn bis zur Umsetzung begleiten und eigene Ideen einbringen. Vom Grundstückskauf über die Planung und dem Bau bis hin zum Facility Management - bei uns ha…","{'__CLASS__': 'Adzuna::API::Response::Company', 'display_name': 'Schwarz Corporate Solutions'}",2026-06-18T03:49:11Z,0,49.18975,Experte Energiewirtschaft Marktprozesse (m/w/d),"{'__CLASS__': 'Adzuna::API::Response::Category', 'label': 'Unknown', 'tag': 'unknown'}",9.2274,Adzuna::API::Response::Job,,,,
eyJhbGciOiJIUzI1NiJ9.eyJpIjoiNTgwOTI3MjY1MSIsInMiOiJDcXZXdHBTVThSRzdldTRXZkZiWHdBIn0.9dnQ82Cn1GvUzf3nySO-rrQqtrDwPG_FOoH7UoAE7uQ,5809272651,https://www.adzuna.de/land/ad/5809272651?se=CqvWtpSU8RG7eu4WfFbXwA&utm_medium=api&utm_source=a4bcf954&v=7BC1FB78BB2F34EAA94A0093FBDCD00E4DE59E07,"{'display_name': 'Coburg, Coburg (Kreis)', '__CLASS__': 'Adzuna::API::Response::Location', 'area': ['Deutschland', 'Bayern', 'Coburg (Kreis)', 'Coburg']}","Hallo, lass uns WIR sagen! Wir - die HUK-COBURG Versicherungsgruppe - zählen zu den 10 größten in Deutschland. Vor über 90 Jahren gegründet sind wir mit über 13 Millionen Kund:innen heute der große Versicherer für Privathaushalte und der größte deutsche Autoversicherer. Dass wir oft preisgünstiger sind als andere Versicherungen, hat bei uns schon Tradition. Genau wie unser Ruf als Arbeitgeberin, mit der DU wachsen und deine persönlichen Ziele erreichen kannst. Bei uns kannst du eine spannende K…","{'display_name': 'HUK-COBURG Versicherungsgruppe', '__CLASS__': 'Adzuna::API::Response::Company'}",2026-07-21T13:02:40Z,0,50.25777,Spezialist für Steuerungs- und Controllingsysteme - Schwerpunkt Data Science (w/m/d),"{'label': 'Unknown', 'tag': 'unknown', '__CLASS__': 'Adzuna::API::Response::Category'}",10.96603,Adzuna::API::Response::Job,,,,
eyJhbGciOiJIUzI1NiJ9.eyJzIjoiMUpMN3Q1U1U4Ukc3ZXU0V2ZGYlh3QSIsImkiOiI1ODAwMTQ1MTU1In0.k71Y1hi7CWD4rTDqa7GGWbUOgkmv-HccWaYQ9o0gF2Y,5800145155,https://www.adzuna.de/land/ad/5800145155?se=1JL7t5SU8RG7eu4WfFbXwA&utm_medium=api&utm_source=a4bcf954&v=634283AC511346B5F8F83F63CA47773A921D09E3,"{'area': ['Deutschland', 'Bayern', 'München (Kreis)', 'München'], 'display_name': 'München, München (Kreis)', '__CLASS__': 'Adzuna::API::Response::Location'}","Acuity Analytics ist ein globales, Tech-first Unternehmen, das Finanzinstitute und Corporates dabei unterstützt, durch Research, Data, Analytics und AI-enabled Solutions bessere Entscheidungen zu treffen. Wir kombinieren tiefes Financial-Services-Know-how mit starken Engineering-, Digital- und AI-Capabilities, um komplexe Probleme zu lösen. Mit einem Team von 7.200 Analysts, Data Specialists und Technologists an 28 Standorten arbeiten wir mit über 800 Organisationen weltweit zusammen – um Effiz…","{'__CLASS__': 'Adzuna::API::Response::Company', 'display_name': 'Ascent Digital Services DE GmbH'}",2026-07-14T19:08:09Z,0,48.137418,Senior Data Scientist (m/w/d),"{'__CLASS__': 'Adzuna::API::Response::Category', 'tag': 'scientific-qa-jobs', 'label': 'Stellen aus Wissenschaft & Qualitätssicherung'}",11.555737,Adzuna::API::Response::Job,,,,
eyJhbGciOiJIUzI1NiJ9.eyJpIjoiNTgxODM3OTE5NiIsInMiOiIxSkw3dDVTVThSRzdldTRXZkZiWHdBIn0.gKRthS4RObwGVzGoUY1suMKN6B92GhU2L1uedbtGewc,5818379196,https://www.adzuna.de/land/ad/5818379196?se=1JL7t5SU8RG7eu4WfFbXwA&utm_medium=api&utm_source=a4bcf954&v=2A947A76F1FF7257F5DB81D9AD482AD9D3B5B452,"{'area': ['Deutschland'], '__CLASS__': 'Adzuna::API::Response::Location', 'display_name': 'Deutschland'}","Damit unsere produzierenden Lebensmittelunternehmen effizient arbeiten können, unterstützen wir mit Organisation und Verwaltung. Wir sind unter anderem Experten für Einkauf, Finanzen, Controlling, Personal, IT, Marketing und Vertrieb. Wir liefern Organisationstalenten eine berufliche Herausforderung in einem dynamischen Umfeld. Masterand HR Analytics (w/m/d) Einsatzbereich: HR Services / Entgelt Ort: Weißenfels Job-ID: 18861 Aufgaben Analyse der bestehenden HR-Systemlandschaft und vorhandenen D…","{'__CLASS__': 'Adzuna::API::Response::Company', 'display_name': 'Schwarz Produktion Stiftung & Co. KG'}",2026-07-28T15:44:45Z,0,,Masterand HR Analytics (w/m/d),"{'tag': 'unknown', 'label': 'Unknown', '__CLASS__': 'Adzuna::API::Response::Category'}",,Adzuna::API::Response::Job,,,,
eyJhbGciOiJIUzI1NiJ9.eyJzIjoiMUpMN3Q1U1U4Ukc3ZXU0V2ZGYlh3QSIsImkiOiI1ODA5NzEyMzcwIn0.t-9VnMHeY_UHSXhItClb5FrsUKSoOT7rPMXlgRCWqSc,5809712370,https://www.adzuna.de/details/5809712370?utm_medium=api&utm_source=a4bcf954,"{'display_name': 'Lövenich, Köln', '__CLASS__': 'Adzuna::API::Response::Location', 'area': ['Deutschland', 'Nordrhein-Westfalen', 'Köln', 'Lövenich']}","Dein Berufsbild: Du möchtest irgendwas mit Mathe und Programmieren machen und findest Technologien der Zukunft spannend? Dann entscheide dich für den Studiengang Data Science und Künstliche Intelligenz und hol alles aus den Daten heraus. In deinem Beruf bist du die Schnittstelle zwischen IT und Business. Du beherrschst die verschiedenen Technologien, bewertest deren Potenziale und weißt, wie man sie technisch umsetzt. In deinem dualen Studium erlernst du die Grundlagen, Konzepte und Methoden de…","{'__CLASS__': 'Adzuna::API::Response::Company', 'display_name': 'Siemens AG'}",2026-07-21T22:58:52Z,0,50.94691,Data Science und Künstliche Intelligenz (B.Sc.) 2027,"{'tag': 'part-time-jobs', 'label': 'Teilzeitstellen', '__CLASS__': 'Adzuna::API::Response::Category'}",6.82951,Adzuna::API::Response::Job,,,,
eyJhbGciOiJIUzI1NiJ9.eyJzIjoiMUpMN3Q1U1U4Ukc3ZXU0V2ZGYlh3QSIsImkiOiI1ODA5NjY1NjUwIn0.TAHm0MK6fFQG4a8W-KEwGcVC953bV5oZOo1jjmT0F_o,5809665650,https://www.adzuna.de/land/ad/5809665650?se=1JL7t5SU8RG7eu4WfFbXwA&utm_medium=api&utm_source=a4bcf954&v=450802E9EEC57874997B94245E66363CA9F9662D,"{'__CLASS__': 'Adzuna::API::Response::Location', 'display_name': 'St. Jürgen, Lübeck', 'area': ['Deutschland', 'Schleswig-Holstein', 'Lübeck', 'St. Jürgen']}","Stellenausschreibung, April 2026 Arzt/Ärztin mit ausschließlicher oder weit überwiegender Tätigkeit in der Wissenschaft mit Schwerpunkt Data Science / Routinedatenanalyse im Bereich der neurovaskulären Forschung, alternativ promovierte(r) Wissenschaftler/in mit Hintergrund Data Science - an der Klinik für Neurologie am Campus Lübeck (Direktor: Univ.-Prof. Dr. Jens Minnerup) Vollzeit oder Teilzeit | Befristung auf zunächst 3 Jahre | Perspektive auf langfristige Beschäftigung | Vergütung je nach …","{'__CLASS__': 'Adzuna::API::Response::Company', 'display_name': 'Universität zu Lübeck'}",2026-07-21T22:51:48Z,0,53.85554,Arzt/Ärztin Schwerpunkt Data Science / Routinedatenanalyse im Bereich der neurovaskulären Forschung (m/w/d),"{'__CLASS__': 'Adzuna::API::Response::Category', 'label': 'Unknown', 'tag': 'unknown'}",10.69693,Adzuna::API::Response::Job,,,,
eyJhbGciOiJIUzI1NiJ9.eyJpIjoiNTgxNzQ4NDMzMSIsInMiOiIxSkw3dDVTVThSRzdldTRXZkZiWHdBIn0.G8R0lzDdv7j52MxX0tyCo9ofP5iV09--ALJVq1xiHjk,5817484331,https://www.adzuna.de/land/ad/5817484331?se=1JL7t5SU8RG7eu4WfFbXwA&utm_medium=api&utm_source=a4bcf954&v=164D21A4A3762B17E6CFD08F1C08EC81AE6CA0BA,"{'area': ['Deutschland', 'Bayern', 'Erlangen-Höchstadt (Kreis)', 'Herzogenaurach'], '__CLASS__': 'Adzuna::API::Response::Location', 'display_name': 'Herzogenaurach, Erlangen-Höchstadt (Kreis)'}","Du bist technikbegeistert und voller Ideen, mit denen Du die Welt bewegen willst? Dann ist eine Ausbildung oder ein duales Studium bei Schaeffler genau das Richtige für Dich. Ohne unsere Produkte könnten Autos nicht fahren, Maschinen nicht laufen und Flugzeuge nicht fliegen. Als führender Anbieter von Wälzlagern für sämtliche Industrien und wichtiger Partner im internationalen Automobilbau bietet Dir Schaeffler ein hervorragendes Umfeld für Deinen Start in die Berufswelt. Aufgaben Im Überblick …","{'__CLASS__': 'Adzuna::API::Response::Company', 'display_name': 'Schaeffler Technologies AG & Co. KG'}",2026-07-27T17:31:58Z,0,49.56892,Duales Studium (DHBW) - Cyber Security (d/m/w) 2027,"{'label': 'Unknown', 'tag': 'unknown', '__CLASS__': 'Adzuna::API::Response::Category'}",10.88109,Adzuna::API::Response::Job,,,,
eyJhbGciOiJIUzI1NiJ9.eyJzIjoiMUpMN3Q1U1U4Ukc3ZXU0V2ZGYlh3QSIsImkiOiI1ODE3NDg0Mjg1In0.A2EKifCTctMpj0CUQm3FDXVPETDQKKnQ8FbnLsYJCns,5817484285,https://www.adzuna.de/land/ad/5817484285?se=1JL7t5SU8RG7eu4WfFbXwA&utm_medium=api&utm_source=a4bcf954&v=9E8BE8C87CA55E6FEDC43277B12D685BB4E93F19,"{'__CLASS__': 'Adzuna::API::Response::Location', 'display_name': 'Herzogenaurach, Erlangen-Höchstadt (Kreis)', 'area': ['Deutschland', 'Bayern', 'Erlangen-Höchstadt (Kreis)', 'Herzogenaurach']}","Du bist technikbegeistert und voller Ideen, mit denen Du die Welt bewegen willst? Dann ist eine Ausbildung oder ein duales Studium bei Schaeffler genau das Richtige für Dich. Ohne unsere Produkte könnten Autos nicht fahren, Maschinen nicht laufen und Flugzeuge nicht fliegen. Als führender Anbieter von Wälzlagern für sämtliche Industrien und wichtiger Partner im internationalen Automobilbau bietet Dir Schaeffler ein hervorragendes Umfeld für Deinen Start in die Berufswelt. Aufgaben Studienabschl…","{'__CLASS__': 'Adzuna::API::Response::Company', 'display_name': 'Schaeffler Technologies AG & Co. KG'}",2026-07-27T17:31:57Z,0,49.56892,Duales Studium (DHBW) - Informatik (d/m/w) 2027,"{'__CLASS__': 'Adzuna::API::Response::Category', 'label': 'Unknown', 'tag': 'unknown'}",10.88109,Adzuna::API::Response::Job,,,,
eyJhbGciOiJIUzI1NiJ9.eyJzIjoiMUpMN3Q1U1U4Ukc3ZXU0V2ZGYlh3QSIsImkiOiI1ODEyMDE0MTUxIn0.uY26ZVyeDOTfeGro5jVmNDz5Xr8_DQL88Ha6R34nzx0,5812014151,https://www.adzuna.de/land/ad/5812014151?se=1JL7t5SU8RG7eu4WfFbXwA&utm_medium=api&utm_source=a4bcf954&v=DBCBC7EF0204EC1D750E8C50967F93260DE84715,"{'area': ['Deutschland', 'Bayern', 'Erlangen-Höchstadt (Kreis)', 'Herzogenaurach'], '__CLASS__': 'Adzuna::API::Response::Location', 'display_name': 'Herzogenaurach, Erlangen-Höchstadt (Kreis)'}","Du bist technikbegeistert und voller Ideen, mit denen Du die Welt bewegen willst? Dann ist eine Ausbildung oder ein duales Studium bei Schaeffler genau das Richtige für Dich. Ohne unsere Produkte könnten Autos nicht fahren, Maschinen nicht laufen und Flugzeuge nicht fliegen. Als führender Anbieter von Wälzlagern für sämtliche Industrien und wichtiger Partner im internationalen Automobilbau bietet Dir Schaeffler ein hervorragendes Umfeld für Deinen Start in die Berufswelt. Aufgaben Im Überblick …","{'__CLASS__': 'Adzuna::API::Response::Company', 'display_name': 'Schaeffler Technologies AG & Co. KG'}",2026-07-23T09:43:37Z,0,49.56892,Duales Studium (DHBW) - Wirtschaftsinformatik Software Engineering (d/m/w) 2027,"{'tag': 'unknown', 'label': 'Unknown', '__CLASS__': 'Adzuna::API::Response::Category'}",10.88109,Adzuna::API::Response::Job,,,,
eyJhbGciOiJIUzI1NiJ9.eyJpIjoiNTc2NjcwNjI5NyIsInMiOiIxSkw3dDVTVThSRzdldTRXZkZiWHdBIn0.JRYX93pEmm7jviIVb5Q-vdN_cfV_aacJ_TfeKeFX-gA,5766706297,https://www.adzuna.de/land/ad/5766706297?se=1JL7t5SU8RG7eu4WfFbXwA&utm_medium=api&utm_source=a4bcf954&v=65F8763346210AA5E6A022222F57416BDAB2FB5A,"{'__CLASS__': 'Adzuna::API::Response::Location', 'display_name': 'Marburg, Marburg-Biedenkopf (Kreis)', 'area': ['Deutschland', 'Hessen', 'Marburg-Biedenkopf (Kreis)', 'Marburg']}","Dein Berufsbild: Du magst Mathe und möchtest später etwas mit Daten machen? Dich faszinieren datengestützte Tools, wie ChatGPT, und du kennst deren große Chance für die Zukunft? Dann bewirb dich für das duale Studium B. Sc. Softwaretechnologie - Data Science und entdecke mit uns, wie wir die Welt der Labordiagnostik durch datenbasierte Entscheidungen verändern können. Daten sind eines der Fundamente, damit Unternehmen bestmögliche Entscheidungen treffen können. Im Studiengang B. Sc. Softwaretec…","{'__CLASS__': 'Adzuna::API::Response::Company', 'display_name': 'Siemens Healthineers AG'}",2026-06-17T13:17:48Z,0,50.804953,Duales Bachelorstudium Softwaretechnologie Data Science (B.Sc.) - Marburg,"{'__CLASS__': 'Adzuna::API::Response::Category', 'label': 'Teilzeitstellen', 'tag': 'part-time-jobs'}",8.78967,Adzuna::API::Response::Job,,,,
eyJhbGciOiJIUzI1NiJ9.eyJpIjoiNTgzMzAzNzI5OSIsInMiOiIxSkw3dDVTVThSRzdldTRXZkZiWHdBIn0.EcAIBRTqyuXxTBkaJ_QG2y4ZatTx8Z6OmkszvuwKJhk,5833037299,https://www.adzuna.de/land/ad/5833037299?se=1JL7t5SU8RG7eu4WfFbXwA&utm_medium=api&utm_source=a4bcf954&v=3E984706F99430B68D67E0CEF8CF083A6CE9BEF7,"{'display_name': 'Hannover, Region Hannover (Kreis)', '__CLASS__': 'Adzuna::API::Response::Location', 'area': ['Deutschland', 'Niedersachsen', 'Region Hannover (Kreis)', 'Hannover']}","Als Deutsche Zentrale Fachbibliothek für Technik und Naturwissenschaften sichern wir mit unseren zukunftsweisenden Dienstleistungen die infrastrukturellen Voraussetzungen einer qualitativ hochwertigen Informations- und Literaturversorgung für Forschung in Wissenschaft und Industrie. Mit dem Open Research Knowledge Graph (ORKG) arbeiten wir daran, den Austausch und die Nutzung wissenschaftlicher Erkenntnisse im digitalen Zeitalter zu revolutionieren. Die Technische Informationsbibliothek (TIB) ,…","{'__CLASS__': 'Adzuna::API::Response::Company', 'display_name': 'Technische Informationsbibliothek '}",2026-08-08T07:32:12Z,0,52.378818,Postdoc / Wissenschaftliche:r Mitarbeiter:in - KI für wissenschaftliche Kommunikation und Wissensgraphen (m/w/d),"{'tag': 'scientific-qa-jobs', 'label': 'Stellen aus Wissenschaft & Qualitätssicherung', '__CLASS__': 'Adzuna::API::Response::Category'}",9.742751,Adzuna::API::Response::Job,,,,
eyJhbGciOiJIUzI1NiJ9.eyJzIjoiMUpMN3Q1U1U4Ukc3ZXU0V2ZGYlh3QSIsImkiOiI1ODIwODgxNjc3In0.G1ZbG6-6wImfE-naQ4tgARZo92N5U9civhka7QYPpy8,5820881677,https://www.adzuna.de/land/ad/5820881677?se=1JL7t5SU8RG7eu4WfFbXwA&utm_medium=api&utm_source=a4bcf954&v=87A74156C3AE5975A818CFD9976EA6EFD9C3789F,"{'area': ['Deutschland', 'Saarland', 'Saarpfalz-Kreis', 'Homburg'], 'display_name': 'Homburg, Saarpfalz-Kreis', '__CLASS__': 'Adzuna::API::Response::Location'}","Wir sind ein dynamisches und leistungsstarkes Unternehmen der kosmetischen und pharmazeutischen Industrie. Neben der nach GMP-Richtlinien zertifizierten eigenen Produktion für unsere Gesichts-, Körper-, Haarpflegeprodukte und dekorativen Kosmetik legen wir großen Wert auf unser Qualitätsmerkmal ""Made in Germany"". Jährlich werden unsere innovativen Apothekenprodukte mit Preisen wie ""Beste Neueinführung"" oder ""Top Marke"" ausgezeichnet. Zur Verstärkung unseres IT-Teams suchen wir zum nächstmöglich…","{'__CLASS__': 'Adzuna::API::Response::Company', 'display_name': 'Dr. Theiss Naturwaren GmbH'}",2026-07-30T09:52:14Z,0,49.31944,Solution Consultant KI-Plattformen (m/w/d),"{'__CLASS__': 'Adzuna::API::Response::Category', 'tag': 'unknown', 'label': 'Unknown'}",7.3341,Adzuna::API::Response::Job,,,,
eyJhbGciOiJIUzI1NiJ9.eyJpIjoiNTgwOTcxOTI4MCIsInMiOiIxSkw3dDVTVThSRzdldTRXZkZiWHdBIn0.d3YHhX7ObMFGlPUeg0gQZ-mUqj9KSzj0iOrH__BIsJc,5809719280,https://www.adzuna.de/details/5809719280?utm_medium=api&utm_source=a4bcf954,"{'display_name': 'Dagobertshausen, Marburg', '__CLASS__': 'Adzuna::API::Response::Location', 'area': ['Deutschland', 'Hessen', 'Marburg-Biedenkopf (Kreis)', 'Marburg', 'Dagobertshausen']}","Dein Berufsbild: Du magst Mathe und möchtest später etwas mit Daten machen? Dich faszinieren datengestützte Tools, wie ChatGPT, und du kennst deren große Chance für die Zukunft? Dann bewirb dich für das duale Studium B. Sc. Softwaretechnologie - Data Science und entdecke mit uns, wie wir die Welt der Labordiagnostik durch datenbasierte Entscheidungen verändern können. Daten sind eines der Fundamente, damit Unternehmen bestmögliche Entscheidungen treffen können. Im Studiengang B. Sc. Softwaretec…","{'__CLASS__': 'Adzuna::API::Response::Company', 'display_name': 'Siemens Healthineers AG'}",2026-07-21T22:59:51Z,0,50.81987,Duales Bachelorstudium Softwaretechnologie Data Science (B.Sc.) - Marburg,"{'__CLASS__': 'Adzuna::API::Response::Category', 'tag': 'part-time-jobs', 'label': 'Teilzeitstellen'}",8.70301,Adzuna::API::Response::Job,,,,
eyJhbGciOiJIUzI1NiJ9.eyJzIjoiMUpMN3Q1U1U4Ukc3ZXU0V2ZGYlh3QSIsImkiOiI1ODA0MDUwMjE1In0._IwCUnimuQhzGOpx0s2XSoc8BoJQqtjg6Tvmk_OGK2A,5804050215,https://www.adzuna.de/land/ad/5804050215?se=1JL7t5SU8RG7eu4WfFbXwA&utm_medium=api&utm_source=a4bcf954&v=C423C9D6BC17D1F44060E07B5AE08547038C11E2,"{'area': ['Deutschland', 'Hessen', 'Bergstraße (Kreis)', 'Hirschhorn (Neckar)'], 'display_name': 'Hirschhorn (Neckar), Bergstraße (Kreis)', '__CLASS__': 'Adzuna::API::Response::Location'}",Die GELITA-Unternehmensgruppe ist einer der führenden Hersteller von Kollagenproteinen weltweit und mit mehr als 2.900 Mitarbeitenden und 20 Standorten auf allen Kontinenten vertreten. Wir sind mit unserer globalen Präsenz im Markt für Gesundheit und Nahrungsergänzung genauso zu Hause wie in den Bereichen Pharmazie und Medizin. Darüber hinaus bieten wir mit unseren Produkten eine große Bandbreite anäußerst spannenden technologischen Anwendungen. Wir leben Innovation und folgen dabei konsequent …,"{'__CLASS__': 'Adzuna::API::Response::Company', 'display_name': 'GELITA AG'}",2026-07-17T03:01:41Z,0,49.44669,Duales Studium Bachelor of Science - Data Science&Künstliche Intelligenz,"{'__CLASS__': 'Adzuna::API::Response::Category', 'tag': 'part-time-jobs', 'label': 'Teilzeitstellen'}",8.89711,Adzuna::API::Response::Job,,,,
eyJhbGciOiJIUzI1NiJ9.eyJpIjoiNTc1MDM5NzI4NyIsInMiOiIxSkw3dDVTVThSRzdldTRXZkZiWHdBIn0.ibHOZaMJoK6rB8AV9QtDw8BMbOmVJx4f2MGe2liY_Cs,5750397287,https://www.adzuna.de/land/ad/5750397287?se=1JL7t5SU8RG7eu4WfFbXwA&utm_medium=api&utm_source=a4bcf954&v=110DE8E37ED6B5E4544BEA7DC1D7B85CAA63F56A,"{'area': ['Deutschland', 'Baden-Württemberg', 'Heilbronn (Kreis)', 'Neckarsulm'], '__CLASS__': 'Adzuna::API::Response::Location', 'display_name': 'Neckarsulm, Heilbronn (Kreis)'}","Einleitung Eine gute Idee war der Ursprung, ein erfolgreiches Konzept ist das Ergebnis. Qualität zum guten Preis möglichst vielen Menschen anbieten zu können treibt uns an - mittlerweile weltweit, denn wir sind Lidl. Hier ist das berufliche Zuhause vielfältiger Talente. Ob im Einkauf, in der Logistik, im Warengeschäft oder in der IT; ob als Impulsgeber, Gestalter oder Dienstleister der Länder. Wir suchen Anpacker, Durchstarter, Möglichmacher und bieten spannende Aufgaben und Projekte in einem d…","{'__CLASS__': 'Adzuna::API::Response::Company', 'display_name': 'Lidl'}",2026-06-03T11:42:41Z,0,49.18975,Duales Studium Data Science und KI - Smart Operations Management 2027,"{'label': 'Teilzeitstellen', 'tag': 'part-time-jobs', '__CLASS__': 'Adzuna::API::Response::Category'}",9.2274,Adzuna::API::Response::Job,,,,
eyJhbGciOiJIUzI1NiJ9.eyJpIjoiNTgzMDUxNTY0MyIsInMiOiIxSkw3dDVTVThSRzdldTRXZkZiWHdBIn0.X5zBMFQarnKQdciSR1jbQU3PQCV0ftSeWDJivKtVIBw,5830515643,https://www.adzuna.de/land/ad/5830515643?se=1JL7t5SU8RG7eu4WfFbXwA&utm_medium=api&utm_source=a4bcf954&v=BBA85AADF6E51FB0475B5FF2F624A5F16C6EA78F,"{'display_name': 'Lüneburg, Lüneburg (Kreis)', '__CLASS__': 'Adzuna::API::Response::Location', 'area': ['Deutschland', 'Niedersachsen', 'Lüneburg (Kreis)', 'Lüneburg']}","Die Landeskrankenhilfe (LKH) zählt zu den größeren privaten Krankenversicherungen in Deutschland. Mehr als 570 Mitarbeiter*innen sind für unsere rund 320.000 Kunden da. Im Rahmen des Wandels zu einem modernen Gesundheitsdienstleister stehen wir für innovative Arbeitsweisen und eine kulturelle Neuausrichtung der LKH. Diesen spannenden Weg gehen wir gemeinsam mit unseren Mitarbeiter*innen und mit weiteren Expert*innen, wie Ihnen. Aufgaben Aufbau eines zentralen Data Warehouse für sämtliche Untern…","{'display_name': 'Landeskrankenhilfe V.V.a.G.', '__CLASS__': 'Adzuna::API::Response::Company'}",2026-08-06T15:53:45Z,0,53.24252,Experte Datenmanagement und Reporting (m/w/d),"{'label': 'Stellen aus Buchhaltung & Finanzwesen', 'tag': 'accounting-finance-jobs', '__CLASS__': 'Adzuna::API::Response::Category'}",10.406345,Adzuna::API::Response::Job,,,,
eyJhbGciOiJIUzI1NiJ9.eyJzIjoiMUpMN3Q1U1U4Ukc3ZXU0V2ZGYlh3QSIsImkiOiI1ODMxMjM0OTg5In0.KlUcpQIhCGKEj4_Sk-fGU8OkA6ir5Owss7BFR4dcFWg,5831234989,https://www.adzuna.de/land/ad/5831234989?se=1JL7t5SU8RG7eu4WfFbXwA&utm_medium=api&utm_source=a4bcf954&v=8CBDEB552B6F189E30E7B0089C2FAE41AF76C19F,"{'display_name': 'Rhein-Sieg-Kreis, Nordrhein-Westfalen', '__CLASS__': 'Adzuna::API::Response::Location', 'area': ['Deutschland', 'Nordrhein-Westfalen', 'Rhein-Sieg-Kreis']}","Die Fraunhofer-Gesellschaft ist eine der weltweit führenden Organisationen für anwendungs­orientierte Forschung. 74 Institute entwickeln weg­weisende Technologien für unsere Wirt­schaft und Gesell­schaft – genauer: 30 000 Menschen aus Technik, Wissen­schaft, Ver­waltung und IT. Sie wissen: Wer zu Fraunhofer kommt, will und kann etwas verändern – für sich, für uns und die Märkte von heute und morgen. Am Fraunhofer IAIS erforschen und entwickeln 360 Mitarbeitende individuelle Lösungen zur Integra…","{'display_name': 'Fraunhofer-Institut für Intelligente Analyse- und Informationssysteme IAIS', '__CLASS__': 'Adzuna::API::Response::Company'}",2026-08-07T01:54:06Z,0,,Studentische Hilfskraft für KI-Workshops an Schulen (all genders),"{'tag': 'unknown', 'label': 'Unknown', '__CLASS__': 'Adzuna::API::Response::Category'}",,Adzuna::API::Response::Job,,,,
eyJhbGciOiJIUzI1NiJ9.eyJzIjoiMUpMN3Q1U1U4Ukc3ZXU0V2ZGYlh3QSIsImkiOiI1ODE1MzIwMzIzIn0.YwikfdzmKEw_ViIoR3P0MU9MVcgQifaRs71PXz_ywR4,5815320323,https://www.adzuna.de/land/ad/5815320323?se=1JL7t5SU8RG7eu4WfFbXwA&utm_medium=api&utm_source=a4bcf954&v=221BF6D4F1F012D310DCB2BDFFD4309BEA2F8210,"{'display_name': 'Herzogenaurach, Erlangen-Höchstadt (Kreis)', '__CLASS__': 'Adzuna::API::Response::Location', 'area': ['Deutschland', 'Bayern', 'Erlangen-Höchstadt (Kreis)', 'Herzogenaurach']}","Du bist technikbegeistert und voller Ideen, mit denen Du die Welt bewegen willst? Dann ist eine Ausbildung oder ein duales Studium bei Schaeffler genau das Richtige für Dich. Ohne unsere Produkte könnten Autos nicht fahren, Maschinen nicht laufen und Flugzeuge nicht fliegen. Als führender Anbieter von Wälzlagern für sämtliche Industrien und wichtiger Partner im internationalen Automobilbau bietet Dir Schaeffler ein hervorragendes Umfeld für Deinen Start in die Berufswelt. Aufgaben Im Überblick …","{'__CLASS__': 'Adzuna::API::Response::Company', 'display_name': 'Schaeffler Technologies AG & Co. KG'}",2026-07-25T12:47:50Z,0,49.56892,Duales Studium (TH) inkl. Ausbildung (IHK) - Informatik (d/m/w) 2027,"{'__CLASS__': 'Adzuna::API::Response::Category', 'label': 'IT-Stellen', 'tag': 'it-jobs'}",10.88109,Adzuna::API::Response::Job,,,,
eyJhbGciOiJIUzI1NiJ9.eyJzIjoiMUpMN3Q1U1U4Ukc3ZXU0V2ZGYlh3QSIsImkiOiI1ODM0NzA0MDI3In0.AWrgzjzuyfX0bxv5FF1e6-vPdJ6Z45J33_59KD93JOs,5834704027,https://www.adzuna.de/land/ad/5834704027?se=1JL7t5SU8RG7eu4WfFbXwA&utm_medium=api&utm_source=a4bcf954&v=4B9476CA28C5AF10BB1F57FEC19E588E3B389393,"{'__CLASS__': 'Adzuna::API::Response::Location', 'display_name': 'Würzburg, Würzburg (Kreis)', 'area': ['Deutschland', 'Bayern', 'Würzburg (Kreis)', 'Würzburg']}","Wir sind Bertrandt. Ein eigenständiger und internationaler Engineering Dienstleister mit langjähriger Expertise. Mit branchenübergreifendem Know-how und einem ganzheitlichen System- und Produktverständnis schaffen wir technologische Lösungen entlang der gesamten Wertschöpfungskette. Wir beschäftigen uns mit den Trendthemen Digitalisierung, E-Mobilität und Autonome Systeme hauptsächlich für die Branchen Automotive, Luftfahrt, Defence und Maschinenbau und ermöglichen hier konsequent die Entstehun…","{'__CLASS__': 'Adzuna::API::Response::Company', 'display_name': 'Bertrandt AG'}",2026-08-09T15:56:47Z,0,49.789787,Generative AI Consultant (m/w/d),"{'label': 'Unknown', 'tag': 'unknown', '__CLASS__': 'Adzuna::API::Response::Category'}",9.934747,Adzuna::API::Response::Job,,,,
eyJhbGciOiJIUzI1NiJ9.eyJzIjoiMUpMN3Q1U1U4Ukc3ZXU0V2ZGYlh3QSIsImkiOiI1ODIzNTE4NzEzIn0.Z413hd8AP0LJy0ZXlwyZAE2YzNuoPN97ROLmZ--KQPI,5823518713,https://www.adzuna.de/land/ad/5823518713?se=1JL7t5SU8RG7eu4WfFbXwA&utm_medium=api&utm_source=a4bcf954&v=7F2862C641606E729336CAEBF12DA2184A8E87D1,"{'area': ['Deutschland', 'Bayern', 'Erlangen-Höchstadt (Kreis)', 'Herzogenaurach'], '__CLASS__': 'Adzuna::API::Response::Location', 'display_name': 'Herzogenaurach, Erlangen-Höchstadt (Kreis)'}","Du bist technikbegeistert und voller Ideen, mit denen Du die Welt bewegen willst? Dann ist eine Ausbildung oder ein duales Studium bei Schaeffler genau das Richtige für Dich. Ohne unsere Produkte könnten Autos nicht fahren, Maschinen nicht laufen und Flugzeuge nicht fliegen. Als führender Anbieter von Wälzlagern für sämtliche Industrien und wichtiger Partner im internationalen Automobilbau bietet Dir Schaeffler ein hervorragendes Umfeld für Deinen Start in die Berufswelt. Aufgaben Im Überblick …","{'__CLASS__': 'Adzuna::API::Response::Company', 'display_name': 'Schaeffler Technologies AG & Co. KG'}",2026-08-01T09:53:21Z,0,49.56892,Duales Studium (DHBW) - Wirtschaftsinformatik Sales & Consulting (d/m/w) 2027,"{'__CLASS__': 'Adzuna::API::Response::Category', 'tag': 'unknown', 'label': 'Unknown'}",10.88109,Adzuna::API::Response::Job,,,,
eyJhbGciOiJIUzI1NiJ9.eyJzIjoiMUpMN3Q1U1U4Ukc3ZXU0V2ZGYlh3QSIsImkiOiI1ODExNDUzNDc3In0.DtOJDVEU_3akA-zRr3gCxxL2i4DV6YNxzkPpk_D93ck,5811453477,https://www.adzuna.de/land/ad/5811453477?se=1JL7t5SU8RG7eu4WfFbXwA&utm_medium=api&utm_source=a4bcf954&v=A941201519F735C9B8A3B22DA1F7FE671E964088,"{'display_name': 'Stuttgart, Baden-Württemberg', '__CLASS__': 'Adzuna::API::Response::Location', 'area': ['Deutschland', 'Baden-Württemberg', 'Stuttgart']}","Wir machen Wünsche machbar – unsere Mission ist es, das Leben unserer Kund:innen zu bereichern und mit unseren Finanzdienstleistungen Träume zu verwirklichen. Wir verstehen uns nicht als typische Bank, sondern als lebendige Gemeinschaft von Gestalter:innen, die keine Angst davor haben, neue Wege zu gehen. Dabei setzen wir uns alle auch noch für Themen mit Impact wie Nachhaltigkeit und Digitalisierung ein – ob in unserer Zentrale in Stuttgart, an unserem Standort in Offenbach oder deutschlandwei…","{'display_name': 'Creditplus Bank AG', '__CLASS__': 'Adzuna::API::Response::Company'}",2026-07-23T00:48:33Z,0,48.776198,(Senior) Risk Manager (m/w/d) Modeling & Data Science - Fokus Retail Credit Risk,"{'__CLASS__': 'Adzuna::API::Response::Category', 'label': 'Sonstige/Allgemeine Stellen', 'tag': 'other-general-jobs'}",9.187224,Adzuna::API::Response::Job,,,,
eyJhbGciOiJIUzI1NiJ9.eyJpIjoiNTgwOTcwMjgxMyIsInMiOiIxSkw3dDVTVThSRzdldTRXZkZiWHdBIn0.qUiu4w0wyQKIiQTBXTUHvJv4dAd6ntupCuxv8X2GYw0,5809702813,https://www.adzuna.de/details/5809702813?utm_medium=api&utm_source=a4bcf954,"{'area': ['Deutschland', 'Niedersachsen', 'Wolfsburg', 'Eichelkamp'], 'display_name': 'Eichelkamp, Wolfsburg', '__CLASS__': 'Adzuna::API::Response::Location'}",Auf einen Blick Studiengang: Data Science&KI Studienort: Duale Hochschule Baden-Württemberg Mannheim Studienbeginn: 1. Oktober 2027 (Wintersemester) Studiendauer: 3 Jahre Abschluss: Bachelor of Science (B.Sc.) Informationen unter: DHBW Data Science&KI Inhalte des dualen Studiums Du wolltest schon immer neues Wissen aus Daten gewinnen und innovative Anwendungen und Geschäftsmodelle kreieren? Dann ist dieses duale Studium genau das richtige für dich. In dem Studiengang Data Science&Künstliche Int…,"{'__CLASS__': 'Adzuna::API::Response::Company', 'display_name': 'dx.one GmbH - A Volkswagen Group Company'}",2026-07-21T22:57:25Z,0,52.41001,"Duales Studium Data Science&KI, Bachelor of Science, 2027","{'__CLASS__': 'Adzuna::API::Response::Category', 'tag': 'part-time-jobs', 'label': 'Teilzeitstellen'}",10.76094,Adzuna::API::Response::Job,,,,
eyJhbGciOiJIUzI1NiJ9.eyJpIjoiNTgwOTcwNTYwNiIsInMiOiIxSkw3dDVTVThSRzdldTRXZkZiWHdBIn0.OQJqiTFaCdy6ZKpJs_GrxgyDyivfpVMgn0M7wGeX8TA,5809705606,https://www.adzuna.de/details/5809705606?utm_medium=api&utm_source=a4bcf954,"{'area': ['Deutschland'], '__CLASS__': 'Adzuna::API::Response::Location', 'display_name': 'Deutschland'}","Einleitung Eine gute Idee war der Ursprung, ein erfolgreiches Konzept ist das Ergebnis. Qualität zum guten Preis möglichst vielen Menschen anbieten zu können treibt uns an - mittlerweile weltweit, denn wir sind Lidl. Hier ist das berufliche Zuhause vielfältiger Talente. Ob im Einkauf, in der Logistik, im Warengeschäft oder in der IT; ob als Impulsgeber, Gestalter oder Dienstleister der Länder. Wir suchen Anpacker, Durchstarter, Möglichmacher und bieten spannende Aufgaben und Projekte in einem d…","{'display_name': 'Lidl', '__CLASS__': 'Adzuna::API::Response::Company'}",2026-07-21T22:57:49Z,0,,Duales Studium Data Science und KI - Smart Operations Management 2027,"{'__CLASS__': 'Adzuna::API::Response::Category', 'label': 'Teilzeitstellen', 'tag': 'part-time-jobs'}",,Adzuna::API::Response::Job,,,,
eyJhbGciOiJIUzI1NiJ9.eyJzIjoiMUpMN3Q1U1U4Ukc3ZXU0V2ZGYlh3QSIsImkiOiI1NzUwMzYwMzg1In0.N67FsZEKahtvoLqKIFiLt0JdH8zXOFiXGsAuKYKC-2w,5750360385,https://www.adzuna.de/land/ad/5750360385?se=1JL7t5SU8RG7eu4WfFbXwA&utm_medium=api&utm_source=a4bcf954&v=D0DF4373E4704CC85E24991C16B79454A4AE637D,"{'__CLASS__': 'Adzuna::API::Response::Location', 'display_name': 'München, München (Kreis)', 'area': ['Deutschland', 'Bayern', 'München (Kreis)', 'München']}","Willkommen bei ASMPT. Hier bist du auf dem direkten Weg in das digitale Zeitalter. Mit 12.000 Mitarbeitenden weltweit sind wir technologischer Prozesspartner für die Elektronikindustrie und brennen für innovative Automatisierungsstrategien am Puls der Zeit. Mit unseren smarten Lösungen fordern unsere passionierten Teams den technischen Status quo immer wieder heraus und setzen so neue Maßstäbe für die Fertigung von Smartphones, Computern, Netzwerken, autonomen Fahrzeugen, intelligenten Maschine…","{'display_name': 'ASMPT GmbH & Co. KG', '__CLASS__': 'Adzuna::API::Response::Company'}",2026-06-03T11:34:00Z,0,48.137418,Dualer Student (m/w/d) - Data Science & Scientific Computing Bachelor,"{'__CLASS__': 'Adzuna::API::Response::Category', 'label': 'Teilzeitstellen', 'tag': 'part-time-jobs'}",11.555737,Adzuna::API::Response::Job,,,,
eyJhbGciOiJIUzI1NiJ9.eyJzIjoiMUpMN3Q1U1U4Ukc3ZXU0V2ZGYlh3QSIsImkiOiI1NzY2NzA2MjY1In0.J_9czcnKlCVXP0tpWJc4fvjshrKkTtVYQzzOhWvkddg,5766706265,https://www.adzuna.de/land/ad/5766706265?se=1JL7t5SU8RG7eu4WfFbXwA&utm_medium=api&utm_source=a4bcf954&v=66F0723CBAA37A63EAA8BB4C63A95584B42DD6A8,"{'__CLASS__': 'Adzuna::API::Response::Location', 'display_name': 'Erlangen, Bayern', 'area': ['Deutschland', 'Bayern', 'Erlangen']}","Dein Berufsbild: Du magst Mathe und möchtest später etwas mit Daten machen? Dich faszinieren datengestützte Tools, wie ChatGPT, und du kennst deren große Chance für die Zukunft? Dann bewirb dich für das duale Studium B.Eng. Data Science in Technik und Wirtschaft und entdecke mit uns, wie wir die Welt der Medizintechnik durch datenbasierte Entscheidungen verändern können. Daten sind eines der Fundamente, damit Unternehmen bestmögliche Entscheidungen treffen können. Im Studiengang B.Eng. Data Sci…","{'display_name': 'Siemens Healthineers AG', '__CLASS__': 'Adzuna::API::Response::Company'}",2026-06-17T13:17:48Z,0,49.577521,Duales Bachelorstudium Data Science in Technik und Wirtschaft (B.Eng.) - Erlangen/Forchheim,"{'tag': 'part-time-jobs', 'label': 'Teilzeitstellen', '__CLASS__': 'Adzuna::API::Response::Category'}",10.984506,Adzuna::API::Response::Job,,,,
eyJhbGciOiJIUzI1NiJ9.eyJpIjoiNTc1MDM1NDg3NiIsInMiOiIxSkw3dDVTVThSRzdldTRXZkZiWHdBIn0.oYOD_tEETTWWJGoJ8uBJrgCk8po2cL2ITMLrnFRLqF8,5750354876,https://www.adzuna.de/land/ad/5750354876?se=1JL7t5SU8RG7eu4WfFbXwA&utm_medium=api&utm_source=a4bcf954&v=B7897960DB0F3C04E51F5168E57D68399BCD72F2,"{'area': ['Deutschland', 'Nordrhein-Westfalen', 'Düsseldorf', 'Hilden'], '__CLASS__': 'Adzuna::API::Response::Location', 'display_name': 'Hilden, Düsseldorf'}","Deine Aufgaben Du möchtest nicht nur Daten analysieren, sondern verstehen, wie aus Daten wertvolle Erkenntnisse entstehen, die die digitale Zukunft der HDI Group gestalten? Die 31-monatige IT-Ausbildung kombiniert praktische Arbeit im Bereich Data Science mit theoretischem Wissen, das Du im Studiengang ""Angewandte Künstliche Intelligenz"" an der FHDW in Mettmann erwirbst. Du arbeitest an spannenden Projekten rund um AI, GenAI, Machine Learning, und Cloud-Services. Du entwickelst Lösungen, die un…","{'display_name': 'HDI AG', '__CLASS__': 'Adzuna::API::Response::Company'}",2026-06-03T11:33:03Z,0,51.16672,Duales Studium Angewandte Künstliche Intelligenz (M.Sc.) - Einstieg Data Science,"{'label': 'Teilzeitstellen', 'tag': 'part-time-jobs', '__CLASS__': 'Adzuna::API::Response::Category'}",6.93125,Adzuna::API::Response::Job,,,,
eyJhbGciOiJIUzI1NiJ9.eyJpIjoiNTgzMjc3NjY4NyIsInMiOiIxSkw3dDVTVThSRzdldTRXZkZiWHdBIn0.YzkEgtA1dVK7IiQK4eq2sWBvdV8I4aQ_Ikup6F_evWI,5832776687,https://www.adzuna.de/land/ad/5832776687?se=1JL7t5SU8RG7eu4WfFbXwA&utm_medium=api&utm_source=a4bcf954&v=B048BAB14F2B599EF6B19CE9D6FA57163346BE2E,"{'area': ['Deutschland', 'Baden-Württemberg', 'Ludwigsburg (Kreis)', 'Kornwestheim'], '__CLASS__': 'Adzuna::API::Response::Location', 'display_name': 'Kornwestheim, Ludwigsburg (Kreis)'}","Inhalte und Aufgaben Ein praxisorientiertes Studium in Verbindung mit der Duale Hochschule Baden-Württemberg in Stuttgart, bei dem Sie die theoretischen Studieninhalte direkt on the job anwenden können Softwareentwicklung mit Open Source/Java, Pega, SAP oder SAS: Wir machen Sie fit für die digitalen Anforderungen der Zukunft Server, Netze und Datenbanken sind Ihre neuen Tools, die Sie verstehen und einzusetzen lernen Agile Arbeitsmethoden, Business-Analyse. Data Science, UI/UX-Design bis hin zu…","{'display_name': 'Wüstenrot&Württembergische-Gruppe', '__CLASS__': 'Adzuna::API::Response::Company'}",2026-08-08T03:23:59Z,0,48.86157,Bachelor of Science (m/w/d) - Wirtschaftsinformatik - Studiengang Data Science,"{'label': 'Teilzeitstellen', 'tag': 'part-time-jobs', '__CLASS__': 'Adzuna::API::Response::Category'}",9.18451,Adzuna::API::Response::Job,,,,
eyJhbGciOiJIUzI1NiJ9.eyJpIjoiNTgwNDA0OTgzNiIsInMiOiIxSkw3dDVTVThSRzdldTRXZkZiWHdBIn0.muoh_p_pwyZIzadmBJTZnUS9BMouMYjawfz3XPth7fw,5804049836,https://www.adzuna.de/land/ad/5804049836?se=1JL7t5SU8RG7eu4WfFbXwA&utm_medium=api&utm_source=a4bcf954&v=CB1EABA806BBB7479F833A20044FF33E9385915D,"{'display_name': 'Mannheim, Baden-Württemberg', '__CLASS__': 'Adzuna::API::Response::Location', 'area': ['Deutschland', 'Baden-Württemberg', 'Mannheim']}",DAS ERWARTET DICH IM PRAXISTEIL DU möchtest gemeinsam mit uns Mannheim noch digitaler machen? Der Praxisteil deines Studiums findet im Fachbereich Informationstechnologie der Stadt Mannheim statt. Dort hast du die Möglichkeit fundierte Einblicke in die Bereiche Grundlagen der IT und Verwaltungswirtschaft zu bekommen. Außerdem lernst du alles rund um den intelligenten und verantwortungsvollen Umgang mit Daten und wirst zum Experten in Sachen zukunftsfähiger Technologien und deren Einsatzmöglichk…,"{'__CLASS__': 'Adzuna::API::Response::Company', 'display_name': 'Stadt Mannheim'}",2026-07-17T03:01:39Z,0,49.496025,Bachelor of Science Data Science&künstliche Intelligenz (m/w/d),"{'label': 'Teilzeitstellen', 'tag': 'part-time-jobs', '__CLASS__': 'Adzuna::API::Response::Category'}",8.491505,Adzuna::API::Response::Job,,,,
eyJhbGciOiJIUzI1NiJ9.eyJpIjoiNTgyOTA4ODk0MiIsInMiOiIxSkw3dDVTVThSRzdldTRXZkZiWHdBIn0.QouE_KNU0J-Uh7OrjKkRVcaHHaflpSrYBgeicdjOuQ8,5829088942,https://www.adzuna.de/land/ad/5829088942?se=1JL7t5SU8RG7eu4WfFbXwA&utm_medium=api&utm_source=a4bcf954&v=FCD429D2C7528585BF56FCAC9F7E98B8E6C756CB,"{'__CLASS__': 'Adzuna::API::Response::Location', 'display_name': 'Engen, Konstanz (Kreis)', 'area': ['Deutschland', 'Baden-Württemberg', 'Konstanz (Kreis)', 'Engen']}","Das bieten wir: - Mitverantwortung im Tagessgeschäft und eigenverantwortliche Umsetzung von Studenten-Projekten - Work-Life-Balance dank flexiblem Arbeitszeitenmodell der VERTRAUENSARBEITSZEIT - Mitwirkung auf unseren Social-Media-Kanälen (Instagram, Facebook, TikTok, Youtube, ) - Kollegialer Umgang und offene Kommunikation mit Kollegen - Arbeiten auf Augenhöhe durch flache Hierarchien im Unternehmen - Kostenloser Kaffee, Tischtennis, Tischkicker, Lese-Ecke, eigenes internes Restaurant, Terrass…","{'__CLASS__': 'Adzuna::API::Response::Company', 'display_name': 'allsafe GmbH&Co. KG'}",2026-08-05T15:16:14Z,0,47.85762,Duales Studium Bachelor of Science - Informatik / Wirtschaftsinformatik / Data Science&KI,"{'__CLASS__': 'Adzuna::API::Response::Category', 'label': 'Teilzeitstellen', 'tag': 'part-time-jobs'}",8.77577,Adzuna::API::Response::Job,,,,
eyJhbGciOiJIUzI1NiJ9.eyJzIjoiMUpMN3Q1U1U4Ukc3ZXU0V2ZGYlh3QSIsImkiOiI1ODI1NzI5MjU2In0.KwLROnClHpIe0N25nk4XeMcrCOGfbtyetWt-bo_I13c,5825729256,https://www.adzuna.de/land/ad/5825729256?se=1JL7t5SU8RG7eu4WfFbXwA&utm_medium=api&utm_source=a4bcf954&v=4FC8FF367AD56F8ACEB8BC219BDE84AEA0A18E5A,"{'__CLASS__': 'Adzuna::API::Response::Location', 'display_name': 'Siegsdorf, Traunstein (Kreis)', 'area': ['Deutschland', 'Bayern', 'Traunstein (Kreis)', 'Siegsdorf']}","Die Brückner Group ist Marktführerin im Engineering von Maschinen und Anlagen für Kunststoffe und alternative Materialien. Wir stehen für die zukunftsfähige Weiterentwicklung des gesamten Marktes. Als Herzstück unseres Erfolgs profitieren unsere Mitarbeitenden von einem internationalen, unterstützenden Arbeitsumfeld mit langfristigen Karrierechancen. Als Unternehmensgruppe bieten wir dir Langfristigkeit, während wir uns stetig weiterentwickeln. Du unterstützt uns dabei, die Zukunft der Kunststo…","{'__CLASS__': 'Adzuna::API::Response::Company', 'display_name': 'Brückner Group SE'}",2026-08-02T16:08:58Z,0,47.82315,SAP Consultant Business Solutions Finance,"{'tag': 'it-jobs', 'label': 'IT-Stellen', '__CLASS__': 'Adzuna::API::Response::Category'}",12.64672,Adzuna::API::Response::Job,,,,
eyJhbGciOiJIUzI1NiJ9.eyJpIjoiNTc4NTY5MTYxMSIsInMiOiIxSkw3dDVTVThSRzdldTRXZkZiWHdBIn0.ybqEw_2bFKBvoYNGO_w8U1NTobs4sf9QzXgSvfDpSUA,5785691611,https://www.adzuna.de/land/ad/5785691611?se=1JL7t5SU8RG7eu4WfFbXwA&utm_medium=api&utm_source=a4bcf954&v=F6D2D169808DF55DF594E349BED24D0130B66831,"{'__CLASS__': 'Adzuna::API::Response::Location', 'display_name': 'Bad Friedrichshall, Heilbronn (Kreis)', 'area': ['Deutschland', 'Baden-Württemberg', 'Heilbronn (Kreis)', 'Bad Friedrichshall']}","Als weltweit agierendes Unternehmen benötigen wir eine IT-Landschaft, die jederzeit reibungslos funktioniert, sich stets auf dem neuesten Stand der Technik befindet und sich an den Bedürfnissen unserer Kunden innerhalb den Unternehmen der Schwarz Gruppe orientiert. An der Schnittstelle zwischen BWL und IT erarbeiten wir tragfähige Lösungen, die maßgeblich und sichtbar zu unserem Erfolg beitragen. {Programmbeginn:} 01.09.2027 mit dem Begrüßungsmonat {Studienbeginn:} 01.10.2027 {Studiendauer:} 3 …","{'display_name': 'Schwarz Digits', '__CLASS__': 'Adzuna::API::Response::Company'}",2026-07-02T19:37:57Z,0,49.2291,Duales Studium Wirtschaftsinformatik 2027 Neckarsulm (m/w/d),"{'tag': 'unknown', 'label': 'Unknown', '__CLASS__': 'Adzuna::API::Response::Category'}",9.21629,Adzuna::API::Response::Job,,,,
eyJhbGciOiJIUzI1NiJ9.eyJpIjoiNTgwODMxMDIyNSIsInMiOiIxSkw3dDVTVThSRzdldTRXZkZiWHdBIn0.i1lUUrwXIOBmH6EyOSpb7VQDesxN86X849zmEkGpp1c,5808310225,https://www.adzuna.de/land/ad/5808310225?se=1JL7t5SU8RG7eu4WfFbXwA&utm_medium=api&utm_source=a4bcf954&v=71E3C15B0543D7FDAFF7376E5B4931733D1DABA1,"{'__CLASS__': 'Adzuna::API::Response::Location', 'display_name': 'Jena, Thüringen', 'area': ['Deutschland', 'Thüringen', 'Jena']}","Sich etwas Neues trauen, über sich hinauswachsen und dabei die Grenzen des Machbaren neu definieren. Genau das ist es, was unsere Mitarbeitenden täglich leben dürfen und sollen. Um mit unseren Innovationen ein Zeichen zu setzen und Großartiges zu ermöglichen. Denn hinter jedem erfolgreichen Unternehmen stehen eine ganze Menge faszinierende Menschen. In einem offenen und modernen Umfeld mit zahlreichen Entwicklungs- und Weiterbildungsmöglichkeiten, arbeiten die Mitarbeitenden bei ZEISS in einer …","{'__CLASS__': 'Adzuna::API::Response::Company', 'display_name': 'ZEISS'}",2026-07-20T19:15:40Z,0,50.923007,Senior Data Scientist (m/w/x) – Schwerpunkt Spektroskopie & Agronomie,"{'__CLASS__': 'Adzuna::API::Response::Category', 'label': 'Unknown', 'tag': 'unknown'}",11.589469,Adzuna::API::Response::Job,,,,
eyJhbGciOiJIUzI1NiJ9.eyJzIjoiMUpMN3Q1U1U4Ukc3ZXU0V2ZGYlh3QSIsImkiOiI1ODMwNTE1NzIxIn0.8k2gPLLlOsexCvAeEvxTlvii9AkGCOCovyKNPL128Do,5830515721,https://www.adzuna.de/land/ad/5830515721?se=1JL7t5SU8RG7eu4WfFbXwA&utm_medium=api&utm_source=a4bcf954&v=8BE1808DCA3259FA20E95936E06722A65B584D3E,"{'__CLASS__': 'Adzuna::API::Response::Location', 'display_name': 'Hamburg, Deutschland', 'area': ['Deutschland', 'Hamburg']}","Wir sind ein branchenübergreifendes IT-Beratungsunternehmen. Mit mehr als 250 Mitarbeitern entwickeln wir innovative Software, moderne IT-Konzepte und zeitgemäße Systemarchitekturen. Schwerpunkte unserer Dienstleistungen: Data Science von der Business Analyse bis zu Visualisierungen und SAP-Beratung vom Betrieb bis zur Applikationsentwicklung. Dabei gehören Cloud Technologien ebenso wie moderne DevOps Technologien zu unserem Alltag sowie Entwicklung mittels ABAP und Java. Aufgaben Du unterstütz…","{'__CLASS__': 'Adzuna::API::Response::Company', 'display_name': 'Cimt ag'}",2026-08-06T15:53:49Z,0,53.557429,IT Consultant - SAP Fiori / ABAP / User Experience / CDS Views (m/w/d),"{'tag': 'scientific-qa-jobs', 'label': 'Stellen aus Wissenschaft & Qualitätssicherung', '__CLASS__': 'Adzuna::API::Response::Category'}",9.987297,Adzuna::API::Response::Job,,,,
eyJhbGciOiJIUzI1NiJ9.eyJpIjoiNTgyODEzNDcwOCIsInMiOiIxSkw3dDVTVThSRzdldTRXZkZiWHdBIn0._cplbyarPiGXF3gDGUh4PpgPgB5pIcTA93sM3CiuqVA,5828134708,https://www.adzuna.de/land/ad/5828134708?se=1JL7t5SU8RG7eu4WfFbXwA&utm_medium=api&utm_source=a4bcf954&v=EEE78462256A43EB1B574B336A9B2F7B44326766,"{'area': ['Deutschland', 'Nordrhein-Westfalen', 'Dortmund'], '__CLASS__': 'Adzuna::API::Response::Location', 'display_name': 'Dortmund, Nordrhein-Westfalen'}","Die Technische Universität Dortmund ist eine dynamische forschungsorientierte Universität mit 17 Fakultäten in den Natur- und Ingenieurwissenschaften sowie Gesellschafts- und Kulturwissenschaften. Auf unserem internationalen Campus leisten rund 6.700 Beschäftigte täglich einen Beitrag, um drängende Fragen der Gegenwart und der Zukunft zu lösen. Offenheit und Vielfalt prägen nicht nur das Miteinander in Forschung und Lehre, sondern auch in Technik und Verwaltung. Wissenschaftlich Beschäftigte*r …","{'__CLASS__': 'Adzuna::API::Response::Company', 'display_name': 'Technische Universität Dortmund'}",2026-08-04T20:42:15Z,0,51.504967,Wissenschaftlich Beschäftigte*r Virtual Machining (VM) in der Produktionstechnik (Zerspanung),"{'__CLASS__': 'Adzuna::API::Response::Category', 'tag': 'other-general-jobs', 'label': 'Sonstige/Allgemeine Stellen'}",7.464954,Adzuna::API::Response::Job,,,,
eyJhbGciOiJIUzI1NiJ9.eyJzIjoiMUpMN3Q1U1U4Ukc3ZXU0V2ZGYlh3QSIsImkiOiI1ODA5NzExMTE1In0.mdCsFOguOURt3sLAIHIFA2Wx2G7BCZugqQiFEG7hD5k,5809711115,https://www.adzuna.de/details/5809711115?utm_medium=api&utm_source=a4bcf954,"{'display_name': 'Gonzenheim, Bad Homburg vor der Höhe', '__CLASS__': 'Adzuna::API::Response::Location', 'area': ['Deutschland', 'Hessen', 'Hochtaunuskreis', 'Bad Homburg vor der Höhe', 'Gonzenheim']}","Einleitung: Duales Studium – Data Science und Künstliche Intelligenz (m/w/d) 2027 Du bist fasziniert von der Welt der Daten und IT? Du möchtest aktiv dazu beitragen, komplexe Datensätze zu analysieren, um wertvolle Erkenntnisse zu gewinnen und innovative Lösungen zu entwickeln? Daten sind für dich nicht nur Rohmaterial, sondern das Fundament für die digitale Transformation – eine Quelle für relevante Erkenntnisse und die Basis für zukunftsweisende Entwicklungen in Wissenschaft, Wirtschaft und T…","{'__CLASS__': 'Adzuna::API::Response::Company', 'display_name': 'Fresenius SE&Co. KGaA'}",2026-07-21T22:58:40Z,0,50.21936,Duales Studium – Data Science und Künstliche Intelligenz (m/w/d) 2027,"{'tag': 'part-time-jobs', 'label': 'Teilzeitstellen', '__CLASS__': 'Adzuna::API::Response::Category'}",8.63966,Adzuna::API::Response::Job,,,,
eyJhbGciOiJIUzI1NiJ9.eyJpIjoiNTgwOTcxOTExNCIsInMiOiIxSkw3dDVTVThSRzdldTRXZkZiWHdBIn0.mCg6sTMH1rhUO-BFmYOqt3jbiClI4sW72BBPkKtIdfU,5809719114,https://www.adzuna.de/details/5809719114?utm_medium=api&utm_source=a4bcf954,"{'__CLASS__': 'Adzuna::API::Response::Location', 'display_name': 'Westend-Süd, Frankfurt am Main', 'area': ['Deutschland', 'Hessen', 'Frankfurt am Main', 'Westend-Süd']}","Wir sind die Deutsche Bahn. Millionen Fahrgäste sind jeden Tag mit uns unterwegs und wir transportieren enorme Gütermengen – deutschlandweit sowie im angrenzenden Europa. Zu oft enttäuschen wir auch. Deshalb arbeiten wir mit Hochdruck an einer besseren Bahn. Dafür brauchen wir Power und dich! Wir sind eine der vielfältigsten Arbeitgeber:innen Deutschlands. Jedes Jahr suchen wir rund 500 Dual Studierende in 25 verschiedenen Studiengängen, die gemeinsam mit uns die Bahn Tag für Tag ein Stück bess…","{'display_name': 'Deutsche Bahn AG', '__CLASS__': 'Adzuna::API::Response::Company'}",2026-07-21T22:59:50Z,0,50.1179,Duales Studium Data Science und Künstliche Intelligenz 2027 (w/m/d),"{'label': 'Teilzeitstellen', 'tag': 'part-time-jobs', '__CLASS__': 'Adzuna::API::Response::Category'}",8.66358,Adzuna::API::Response::Job,,,,
eyJhbGciOiJIUzI1NiJ9.eyJpIjoiNTgwOTY2NTIzMCIsInMiOiIxSkw3dDVTVThSRzdldTRXZkZiWHdBIn0.na5Pr0Eaq_JZ350sRMkX5DuESbxBOFRq5JOWKpvNfSk,5809665230,https://www.adzuna.de/details/5809665230?utm_medium=api&utm_source=a4bcf954,"{'display_name': 'Sendling, München', '__CLASS__': 'Adzuna::API::Response::Location', 'area': ['Deutschland', 'Bayern', 'München (Kreis)', 'München', 'Sendling']}","Willkommen bei ASMPT. Hier bist du auf dem direkten Weg in das digitale Zeitalter. Mit 12.000 Mitarbeitenden weltweit sind wir technologischer Prozesspartner für die Elektronikindustrie und brennen für innovative Automatisierungsstrategien am Puls der Zeit. Mit unseren smarten Lösungen fordern unsere passionierten Teams den technischen Status quo immer wieder heraus und setzen so neue Maßstäbe für die Fertigung von Smartphones, Computern, Netzwerken, autonomen Fahrzeugen, intelligenten Maschine…","{'display_name': 'ASMPT GmbH & Co. KG', '__CLASS__': 'Adzuna::API::Response::Company'}",2026-07-21T22:51:43Z,0,48.11989,Dualer Student (m/w/d) - Data Science & Scientific Computing Bachelor,"{'__CLASS__': 'Adzuna::API::Response::Category', 'tag': 'part-time-jobs', 'label': 'Teilzeitstellen'}",11.54065,Adzuna::API::Response::Job,,,,
eyJhbGciOiJIUzI1NiJ9.eyJzIjoiMUpMN3Q1U1U4Ukc3ZXU0V2ZGYlh3QSIsImkiOiI1ODE4NzQ0MjM3In0.eJsCJow9K8WbTvf_xU_Uy8grrC_5FP0EcL_nCcaNBF0,5818744237,https://www.adzuna.de/land/ad/5818744237?se=1JL7t5SU8RG7eu4WfFbXwA&utm_medium=api&utm_source=a4bcf954&v=266ECCF35A27656A7D8C5E99BAFACFCD0EBBAFF9,"{'display_name': 'Reutlingen, Reutlingen (Kreis)', '__CLASS__': 'Adzuna::API::Response::Location', 'area': ['Deutschland', 'Baden-Württemberg', 'Reutlingen (Kreis)', 'Reutlingen']}","Möchten Sie Ihre Ideen in nutzbringende und sinnvolle Technologien verwandeln? Ob im Bereich Mobility Solutions, Consumer Goods, Industrial Technology oder Energy and Building Technology - mit uns verbessern Sie die Lebensqualität der Menschen auf der ganzen Welt. Willkommen bei Bosch. Die Robert Bosch GmbH freut sich auf Ihre Bewerbung! Anstellungsart: Befristet Arbeitszeit: Vollzeit Arbeitsort: Reutlingen Aufgaben Als PreMaster arbeitest du in einem internationalen Innovationsteam, baust inte…","{'display_name': 'Bosch Gruppe', '__CLASS__': 'Adzuna::API::Response::Company'}",2026-07-28T21:44:46Z,0,48.506053,PreMaster im Bereich Hyperautomation & AI-Agenten bei ME/LOI2 (w/m/div.),"{'tag': 'other-general-jobs', 'label': 'Sonstige/Allgemeine Stellen', '__CLASS__': 'Adzuna::API::Response::Category'}",9.202888,Adzuna::API::Response::Job,,,,
eyJhbGciOiJIUzI1NiJ9.eyJpIjoiNTgwOTY1ODc2MCIsInMiOiIxSkw3dDVTVThSRzdldTRXZkZiWHdBIn0.D7iDhzHTe_HDzYcMAjQImZzPfYQZCBkfgyCE4J3BUw4,5809658760,https://www.adzuna.de/details/5809658760?utm_medium=api&utm_source=a4bcf954,"{'area': ['Deutschland', 'Nordrhein-Westfalen', 'Düsseldorf', 'Unterbach'], '__CLASS__': 'Adzuna::API::Response::Location', 'display_name': 'Unterbach, Düsseldorf'}","Deine Aufgaben Du möchtest nicht nur Daten analysieren, sondern verstehen, wie aus Daten wertvolle Erkenntnisse entstehen, die die digitale Zukunft der HDI Group gestalten? Die 31-monatige IT-Ausbildung kombiniert praktische Arbeit im Bereich Data Science mit theoretischem Wissen, das Du im Studiengang ""Angewandte Künstliche Intelligenz"" an der FHDW in Mettmann erwirbst. Du arbeitest an spannenden Projekten rund um AI, GenAI, Machine Learning, und Cloud-Services. Du entwickelst Lösungen, die un…","{'display_name': 'HDI AG', '__CLASS__': 'Adzuna::API::Response::Company'}",2026-07-21T22:49:23Z,0,51.20188,Duales Studium Angewandte Künstliche Intelligenz (M.Sc.) - Einstieg Data Science,"{'tag': 'part-time-jobs', 'label': 'Teilzeitstellen', '__CLASS__': 'Adzuna::API::Response::Category'}",6.89704,Adzuna::API::Response::Job,,,,
eyJhbGciOiJIUzI1NiJ9.eyJzIjoiMUpMN3Q1U1U4Ukc3ZXU0V2ZGYlh3QSIsImkiOiI1Nzk5MjQzNDE0In0.sMyCz-F5tfnL1HRP9bg_3rbpkqGSo6kskvxSFDzOOnw,5799243414,https://www.adzuna.de/land/ad/5799243414?se=1JL7t5SU8RG7eu4WfFbXwA&utm_medium=api&utm_source=a4bcf954&v=31FD5B2497C9352AD9EC7826D671B164F8108EE9,"{'area': ['Deutschland', 'Bayern', 'Erlangen-Höchstadt (Kreis)', 'Herzogenaurach'], 'display_name': 'Herzogenaurach, Erlangen-Höchstadt (Kreis)', '__CLASS__': 'Adzuna::API::Response::Location'}","Du bist technikbegeistert und voller Ideen, mit denen Du die Welt bewegen willst? Dann ist eine Ausbildung oder ein duales Studium bei Schaeffler genau das Richtige für Dich. Ohne unsere Produkte könnten Autos nicht fahren, Maschinen nicht laufen und Flugzeuge nicht fliegen. Als führender Anbieter von Wälzlagern für sämtliche Industrien und wichtiger Partner im internationalen Automobilbau bietet Dir Schaeffler ein hervorragendes Umfeld für Deinen Start in die Berufswelt. Ausbildungsschwerpunkt…","{'display_name': 'Schaeffler Technologies AG&Co. KG', '__CLASS__': 'Adzuna::API::Response::Company'}",2026-07-14T01:36:59Z,0,49.56892,Duales Studium (DHBW) - Data Science und künstliche Intelligenz (d/m/w) 2027,"{'__CLASS__': 'Adzuna::API::Response::Category', 'label': 'Teilzeitstellen', 'tag': 'part-time-jobs'}",10.88109,Adzuna::API::Response::Job,,,,
eyJhbGciOiJIUzI1NiJ9.eyJpIjoiNTgxNjM5Njc0NCIsInMiOiIxSkw3dDVTVThSRzdldTRXZkZiWHdBIn0.-mQ8CfNH1XTY44t8y0xi0wtG3-kuvgXeuNajGPXt1kE,5816396744,https://www.adzuna.de/land/ad/5816396744?se=1JL7t5SU8RG7eu4WfFbXwA&utm_medium=api&utm_source=a4bcf954&v=7D6482BBDF2DC04CF749EB4005112CE7186FBBA2,"{'__CLASS__': 'Adzuna::API::Response::Location', 'display_name': 'Münster, Nordrhein-Westfalen', 'area': ['Deutschland', 'Nordrhein-Westfalen', 'Münster']}","Wir sind FIEGE. Ein Familienunternehmen, das innovative Geschäftsmodelle in den Bereichen Logistik, Digital, Real Estate und Ventures vorantreibt - und das seit über 150 Jahren. Als Innovationsführer in der Branche beschäftigen wir bei FIEGE mehr als 22.000 Mitarbeitende an rund 136 Standorten in 14 Ländern. Unsere Unternehmenskultur und der FIEGE-Erfolgsspirit machen uns einzigartig und verbinden alle unsere Kolleginnen und Kollegen. Denn wir leben familiäre Werte und ein respektvolles Miteina…","{'display_name': 'FIEGE Logistik Stiftung & Co. KG', '__CLASS__': 'Adzuna::API::Response::Company'}",2026-07-26T11:33:32Z,0,51.955292,Fullstack Fabric Engineer (m/w/d),"{'tag': 'it-jobs', 'label': 'IT-Stellen', '__CLASS__': 'Adzuna::API::Response::Category'}",7.621504,Adzuna::API::Response::Job,,,,
eyJhbGciOiJIUzI1NiJ9.eyJzIjoiMUpMN3Q1U1U4Ukc3ZXU0V2ZGYlh3QSIsImkiOiI1ODAzMDIzNjEyIn0.d2kAOg7wT2r7EzO6yMNehSuqCzDYYeP3o6oB2Lk_ASc,5803023612,https://www.adzuna.de/land/ad/5803023612?se=1JL7t5SU8RG7eu4WfFbXwA&utm_medium=api&utm_source=a4bcf954&v=BC5228AA6441FB07DA5FB60EC3CB8F4FE4330791,"{'area': ['Deutschland', 'Thüringen', 'Erfurt (Kreis)', 'Erfurt'], '__CLASS__': 'Adzuna::API::Response::Location', 'display_name': 'Erfurt, Erfurt (Kreis)'}","Mit Ihrem Know-how und Ihren Ideen gestalten Sie die Digitalisierung des Freistaats Thüringen aktiv mit. Sie denken lösungsorientiert, arbeiten strukturiert und behalten auch in komplexen Situationen den Überblick? Dann sind Sie beim Thüringer Landesrechenzentrum genau richtig. Gemeinsam mit dem Thüringer Ministerium für Digitales und Infrastruktur treiben wir die Digitalisierung der Thüringer Landesverwaltung aktiv voran. Wir suchen Sie zum nächstmöglichen Zeitpunkt für das Thüringer Ministeri…","{'display_name': 'Thüringer Landesrechenzentrum', '__CLASS__': 'Adzuna::API::Response::Company'}",2026-07-16T16:15:42Z,0,50.977166,Application Manager (m/w/d) Künstliche Intelligenz,"{'label': 'Unknown', 'tag': 'unknown', '__CLASS__': 'Adzuna::API::Response::Category'}",11.034353,Adzuna::API::Response::Job,,,,
eyJhbGciOiJIUzI1NiJ9.eyJzIjoiMUpMN3Q1U1U4Ukc3ZXU0V2ZGYlh3QSIsImkiOiI1Nzc1NzMzNjYwIn0.xNT6Fgb1gtDF8paDZJFK9TU-_2xpKtIwfkE0wyzyxYE,5775733660,https://www.adzuna.de/land/ad/5775733660?se=1JL7t5SU8RG7eu4WfFbXwA&utm_medium=api&utm_source=a4bcf954&v=596481C6CE0B9E67623CCFDCCD84BBF590B259BF,"{'display_name': 'Hannover, Region Hannover (Kreis)', '__CLASS__': 'Adzuna::API::Response::Location', 'area': ['Deutschland', 'Niedersachsen', 'Region Hannover (Kreis)', 'Hannover']}","Als Deutsche Zentrale Fachbibliothek für Technik und Naturwissenschaften sichern wir mit unseren zukunftsweisenden Dienstleistungen die infrastrukturellen Voraussetzungen einer qualitativ hochwertigen Informations- und Literaturversorgung für Forschung in Wissenschaft und Industrie. Mit dem Open Research Knowledge Graph (ORKG) arbeiten wir daran, den Austausch und die Nutzung wissenschaftlicher Erkenntnisse im digitalen Zeitalter zu revolutionieren. Die Technische Informationsbibliothek (TIB), …","{'display_name': 'Technische Informationsbibliothek ', '__CLASS__': 'Adzuna::API::Response::Company'}",2026-06-25T06:23:32Z,0,52.378818,Semantic Data Architekt (m/w/d),"{'label': 'Unknown', 'tag': 'unknown', '__CLASS__': 'Adzuna::API::Response::Category'}",9.742751,Adzuna::API::Response::Job,,,,
eyJhbGciOiJIUzI1NiJ9.eyJzIjoiMUpMN3Q1U1U4Ukc3ZXU0V2ZGYlh3QSIsImkiOiI1ODAzOTkzMzkxIn0.E2jkkr_US7CnY7_i-CphwgWcb9i1Ile4c_kfAOAWWrs,5803993391,https://www.adzuna.de/land/ad/5803993391?se=1JL7t5SU8RG7eu4WfFbXwA&utm_medium=api&utm_source=a4bcf954&v=D5E2BE48BCD6C7EF6377046AFFD5FC0EF2F5F344,"{'display_name': 'Deutschland', '__CLASS__': 'Adzuna::API::Response::Location', 'area': ['Deutschland']}","Als eines der führenden Systemhäuser in Deutschland bieten wir Ihnen vielfältige Möglichkeiten in einem spannenden Berufsumfeld und einer wachsenden Branche Ihre berufliche Heimat zu finden. Bei uns haben Sie den Freiraum, innovative Lösungen zu entwickeln, die schon heute in die Zukunft reichen und sich langfristig bewähren. Verstärken Sie unser Team als Cyber Security Architect – AI Security an einem unserer Standorte deutschlandweit . Ob Architektur, Forensik oder Cloud – unser Cyber-Securit…","{'__CLASS__': 'Adzuna::API::Response::Company', 'display_name': 'SVA System Vertrieb Alexander GmbH'}",2026-07-17T01:35:11Z,0,,Cyber Security Architect – AI Security (m/w/d),"{'tag': 'it-jobs', 'label': 'IT-Stellen', '__CLASS__': 'Adzuna::API::Response::Category'}",,Adzuna::API::Response::Job,,,,
eyJhbGciOiJIUzI1NiJ9.eyJzIjoiMUpMN3Q1U1U4Ukc3ZXU0V2ZGYlh3QSIsImkiOiI1ODMzNTE0NzIwIn0.GDjulWItD63qDyNvlCjQ6PZvlYIsED-r-wU-_tXSp2o,5833514720,https://www.adzuna.de/land/ad/5833514720?se=1JL7t5SU8RG7eu4WfFbXwA&utm_medium=api&utm_source=a4bcf954&v=6C8AF3314028B6451009D38C906CFC312520D561,"{'display_name': 'Berlin, Deutschland', '__CLASS__': 'Adzuna::API::Response::Location', 'area': ['Deutschland', 'Berlin']}","Als Teil der Kienbaum Gruppe ist die DBU Digital Business University of Applied Sciences die Wirtschaftshochschule für das digitale Zeitalter. Als private Hochschule und aufgrund ihrer einzigartigen Positionierung bietet die DBU eine Kombination aus praxisorientiertem und berufsbegleitendem Studium. Seit ihrer Gründung partizipiert sie am starken Wachstum des privaten und betrieblichen Weiterbildungsmarktes. Ziel ist es, zukunftsorientierte Studierende und Berufstätige auf die Chancen und Herau…","{'display_name': 'DBU - University of Applied Sciences', '__CLASS__': 'Adzuna::API::Response::Company'}",2026-08-08T15:58:01Z,0,52.507706,Präsident (w/m/d),"{'label': 'Unknown', 'tag': 'unknown', '__CLASS__': 'Adzuna::API::Response::Category'}",13.420806,Adzuna::API::Response::Job,,,,
eyJhbGciOiJIUzI1NiJ9.eyJzIjoiMUpMN3Q1U1U4Ukc3ZXU0V2ZGYlh3QSIsImkiOiI1ODM0NzA0MzgyIn0.kMBrV_TUGNxWTYZ_vKJMClkei6xNo3VeQ6-K1gP9v8E,5834704382,https://www.adzuna.de/land/ad/5834704382?se=1JL7t5SU8RG7eu4WfFbXwA&utm_medium=api&utm_source=a4bcf954&v=6295F490098A8FC4522BB16149272BBC649E916B,"{'__CLASS__': 'Adzuna::API::Response::Location', 'display_name': 'Buchen, Siegen', 'area': ['Deutschland', 'Nordrhein-Westfalen', 'Siegen-Wittgenstein (Kreis)', 'Siegen', 'Buchen']}","GEA ist weltweit einer der größten Systemanbieter für die Nahrungsmittel-, Getränke[1]und Pharmaindustrie. Der 1881 gegründete und international tätige Technologiekonzern fokussiert sich dabei auf Maschinen und Anlagen sowie auf anspruchsvolle Prozesstechnik, Komponenten und umfassende Servicedienstleistungen. Mit mehr als 18.000 Beschäftigten erwirtschaftete GEA im Geschäftsjahr 2024 in über 150 Ländern einen Umsatz von rund 5,4 Mrd. EUR. Aufgaben Unterstützung des Teams beim Aufbau und der ko…","{'display_name': 'GEA Tuchenhagen GmbH', '__CLASS__': 'Adzuna::API::Response::Company'}",2026-08-09T15:56:57Z,0,50.9371,Werkstudent Controlling (m/w/d),"{'tag': 'consultancy-jobs', 'label': 'Beraterstellen', '__CLASS__': 'Adzuna::API::Response::Category'}",7.97904,Adzuna::API::Response::Job,,,,
eyJhbGciOiJIUzI1NiJ9.eyJpIjoiNTgyNjI1MzA4MCIsInMiOiIxSkw3dDVTVThSRzdldTRXZkZiWHdBIn0.FnRdfCNSMgQyftw7G0vWWnuHKC8cqcMcd2RkQe7WEd0,5826253080,https://www.adzuna.de/land/ad/5826253080?se=1JL7t5SU8RG7eu4WfFbXwA&utm_medium=api&utm_source=a4bcf954&v=C4633EA03F23F45C32D15852DE4750961FBFD43F,"{'__CLASS__': 'Adzuna::API::Response::Location', 'display_name': 'Stuttgart, Baden-Württemberg', 'area': ['Deutschland', 'Baden-Württemberg', 'Stuttgart']}","Wir stehen jeden Morgen dafür auf, eine lebenswerte Zukunft für nachfolgende Generationen zu schaffen. Je nach Projekt sind wir Berater, Umsetzer – oder beides – nachhaltiger, innovativer und wirtschaftlicher Lösungen für Immobilien, Industrie, Energie und Infrastruktur. In interdisziplinären Teams unterstützen unsere über 6.500 Mitarbeitenden an mehr als 80 Standorten weltweit unsere Kunden. Wir denken visionär und realistisch. Wir arbeiten eigenständig und im Team. Mit Leidenschaft und modern…","{'display_name': 'Drees & Sommer SE', '__CLASS__': 'Adzuna::API::Response::Company'}",2026-08-03T03:50:23Z,0,48.776198,Praktikant (w/m/d) Digitalisierung & IoT mit Fokus Immobilien,"{'__CLASS__': 'Adzuna::API::Response::Category', 'tag': 'it-jobs', 'label': 'IT-Stellen'}",9.187224,Adzuna::API::Response::Job,,,,
eyJhbGciOiJIUzI1NiJ9.eyJzIjoiMUpMN3Q1U1U4Ukc3ZXU0V2ZGYlh3QSIsImkiOiI1ODE2MjI3NzEyIn0.AVyMNpanPoA6ymRlbJWxth_JqFWz7oiFhFxJuqFh0sg,5816227712,https://www.adzuna.de/land/ad/5816227712?se=1JL7t5SU8RG7eu4WfFbXwA&utm_medium=api&utm_source=a4bcf954&v=26350A98594CD68B6CDCF50901963C66E977FE4A,"{'area': ['Deutschland', 'Niedersachsen', 'Region Hannover (Kreis)', 'Hannover'], 'display_name': 'Hannover, Region Hannover (Kreis)', '__CLASS__': 'Adzuna::API::Response::Location'}","Die TIB ist eine Stiftung öffentlichen Rechts des Landes Niedersachsen. Mit rund 600 Beschäftigten und einem Etat von circa 60 Millionen Euro ist sie eine der größten Informationsinfrastruktureinrichtungen in Deutschland. Die TIB sorgt für optimale Arbeitsbedingungen und baut Maßnahmen zur Vereinbarkeit von Beruf und Familie kontinuierlich aus. Sie will die Gleichberechtigung von Frauen und Männern besonders fördern und fordert deshalb besondere qualifizierte Frauen nachdrücklich auf, sich zu b…","{'__CLASS__': 'Adzuna::API::Response::Company', 'display_name': 'Technische Informationsbibliothek '}",2026-07-26T07:22:03Z,0,52.378818,Dev/MLOps Engineer (m/w/d),"{'label': 'Unknown', 'tag': 'unknown', '__CLASS__': 'Adzuna::API::Response::Category'}",9.742751,Adzuna::API::Response::Job,,,,
eyJhbGciOiJIUzI1NiJ9.eyJzIjoiMUpMN3Q1U1U4Ukc3ZXU0V2ZGYlh3QSIsImkiOiI1ODA5NzEyMzQ1In0.siiOHytsj3T5Gnh1p2XKUvsrCKuta1eJDFejOXRXWGY,5809712345,https://www.adzuna.de/details/5809712345?utm_medium=api&utm_source=a4bcf954,"{'__CLASS__': 'Adzuna::API::Response::Location', 'display_name': 'Friesenheim/Nord, Ludwigshafen am Rhein', 'area': ['Deutschland', 'Rheinland-Pfalz', 'Ludwigshafen am Rhein', 'Friesenheim/Nord']}","ÜBER UNS Wir bei BASF Digital Solutions machen die Digitalisierung der BASF möglich. Als deutsche Gruppengesellschaft der BASF mit Sitz in Ludwigshafen und Standorten wie Madrid, Schwarzheide beschäftigt die BASF Digital Solutions GmbH rund 1.700 Mitarbeiter. Digitalisierung ist einer der Schwerpunkte der neuen Unternehmensstrategie von BASF. In agilen Teams wollen wir neue digitale Lösungen einführen, die für unseren Kunden einen klaren Mehrwert darstellen. Alle relevanten Informationen zu dei…","{'__CLASS__': 'Adzuna::API::Response::Company', 'display_name': 'BASF'}",2026-07-21T22:58:51Z,0,49.50109,Duales Studium (B.Sc.) - Data Science und Künstliche Intelligenz (m/w/d),"{'label': 'Teilzeitstellen', 'tag': 'part-time-jobs', '__CLASS__': 'Adzuna::API::Response::Category'}",8.30861,Adzuna::API::Response::Job,,,,
eyJhbGciOiJIUzI1NiJ9.eyJzIjoiMUpMN3Q1U1U4Ukc3ZXU0V2ZGYlh3QSIsImkiOiI1NzUwMzU0Njg1In0.DnXV4m9G9onuLV0cFWYV_cOiyXDRRjMRGv2oByIyvug,5750354685,https://www.adzuna.de/land/ad/5750354685?se=1JL7t5SU8RG7eu4WfFbXwA&utm_medium=api&utm_source=a4bcf954&v=39F93B861DD047CB54862321D0BC487CCA6F0BA4,"{'area': ['Deutschland', 'Niedersachsen', 'Region Hannover (Kreis)', 'Hannover'], '__CLASS__': 'Adzuna::API::Response::Location', 'display_name': 'Hannover, Region Hannover (Kreis)'}","Deine Aufgaben Du möchtest nicht nur Daten analysieren, sondern verstehen, wie aus Daten wertvolle Erkenntnisse entstehen, die die digitale Zukunft der HDI Group gestalten? Die 21-monatige IT-Ausbildung kombiniert praktische Arbeit im Bereich Data Science mit theoretischem Wissen, das Du im Studiengang Business Data Analytics mit Schwerpunkt KI an der FHDW in Hannover erwirbst. Du arbeitest an spannenden Projekten rund um AI, GenAI, Machine Learning, und Cloud-Services. Du entwickelst Lösungen,…","{'display_name': 'HDI AG', '__CLASS__': 'Adzuna::API::Response::Company'}",2026-06-03T11:33:01Z,0,52.378818,Duales Studium Business Data Analytics (M.Sc.) mit Schwerpunkt KI - Einstieg Data Science,"{'__CLASS__': 'Adzuna::API::Response::Category', 'tag': 'part-time-jobs', 'label': 'Teilzeitstellen'}",9.742751,Adzuna::API::Response::Job,,,,
eyJhbGciOiJIUzI1NiJ9.eyJpIjoiNTgxNDMwMjg4NyIsInMiOiIxSkw3dDVTVThSRzdldTRXZkZiWHdBIn0._z5vPIjqt1tlpPuBCh5OZS6MWR3lqTilv7INEzVlDyk,5814302887,https://www.adzuna.de/details/5814302887?utm_medium=api&utm_source=a4bcf954,"{'display_name': 'Betzenhausen, Freiburg im Breisgau', '__CLASS__': 'Adzuna::API::Response::Location', 'area': ['Deutschland', 'Baden-Württemberg', 'Freiburg im Breisgau', 'Betzenhausen']}","Deine Aufgaben: Studierenden der Komm.ONE werden fundierte Kenntnisse im Bereich der Betriebswirtschaftslehre und Informatik vermittelt. Beispiele für die vielfältigen Einsatzgebiete von Wirtschaftsinformatikern sind die Entwicklung moderner Informationssysteme, die Optimierung komplexer Geschäftsprozesse oder die Leitung interner oder externer Projekte. Um die Komm.ONE kennen zu lernen und erste Kontakte zu knüpfen, beginnst du bei uns im Betrieb mit einem Vorpraktikum bereits zum 1. September…","{'__CLASS__': 'Adzuna::API::Response::Company', 'display_name': 'Komm.ONE AöR'}",2026-07-24T23:09:30Z,0,48.01513,Duales Studium Data Science und Künstliche Intelligenz (B.Sc.) (m/w/d),"{'__CLASS__': 'Adzuna::API::Response::Category', 'tag': 'part-time-jobs', 'label': 'Teilzeitstellen'}",7.82367,Adzuna::API::Response::Job,,,,
eyJhbGciOiJIUzI1NiJ9.eyJpIjoiNTgxNjU0NzE5NiIsInMiOiIxSkw3dDVTVThSRzdldTRXZkZiWHdBIn0.TAWdJ9KZlQMpZcwjx9zJ33eaMJVn4I4zh8bwVyHBUEE,5816547196,https://www.adzuna.de/land/ad/5816547196?se=1JL7t5SU8RG7eu4WfFbXwA&utm_medium=api&utm_source=a4bcf954&v=82C1706D05EA8F44874CD522119D20AACB7B45A4,"{'__CLASS__': 'Adzuna::API::Response::Location', 'display_name': 'Münster, Nordrhein-Westfalen', 'area': ['Deutschland', 'Nordrhein-Westfalen', 'Münster']}","Wir sind FIEGE. Ein Familienunternehmen, das innovative Geschäftsmodelle in den Bereichen Logistik, Digital, Real Estate und Ventures vorantreibt - und das seit über 150 Jahren. Als Innovationsführer in der Branche beschäftigen wir bei FIEGE mehr als 22.000 Mitarbeitende an rund 136 Standorten in 14 Ländern. Unsere Unternehmenskultur und der FIEGE-Erfolgsspirit machen uns einzigartig und verbinden alle unsere Kolleginnen und Kollegen. Denn wir leben familiäre Werte und ein respektvolles Miteina…","{'__CLASS__': 'Adzuna::API::Response::Company', 'display_name': 'FIEGE Logistik Stiftung & Co. KG'}",2026-07-26T15:42:05Z,0,51.955292,Junior Literacy Manager (m/w/d) DAI Foundations,"{'tag': 'unknown', 'label': 'Unknown', '__CLASS__': 'Adzuna::API::Response::Category'}",7.621504,Adzuna::API::Response::Job,,,,
eyJhbGciOiJIUzI1NiJ9.eyJzIjoiamk0ZHVaU1U4UkcyUUxoSEdxVXh1QSIsImkiOiI1ODMxMzk0MzI5In0.e16a8LPnBD1GCX1ydDmxzt5OWVdWK7o_gzrza7ABHKw,5831394329,https://www.adzuna.de/land/ad/5831394329?se=ji4duZSU8RG2QLhHGqUxuA&utm_medium=api&utm_source=a4bcf954&v=B4CF11413897AF4FF32BC4E2E880B7714E2DA809,"{'display_name': 'Reutlingen, Reutlingen (Kreis)', 'area': ['Deutschland', 'Baden-Württemberg', 'Reutlingen (Kreis)', 'Reutlingen'], '__CLASS__': 'Adzuna::API::Response::Location'}","Möchten Sie Ihre Ideen in nutzbringende und sinnvolle Technologien verwandeln? Ob im Bereich Mobility Solutions, Consumer Goods, Industrial Technology oder Energy and Building Technology - mit uns verbessern Sie die Lebensqualität der Menschen auf der ganzen Welt. Willkommen bei Bosch. Die Robert Bosch GmbH freut sich auf Ihre Bewerbung! Anstellungsart: Befristet Arbeitszeit: Vollzeit Arbeitsort: Reutlingen Aufgaben Als PreMaster analysierst und optimierst du End-to-End-Einkaufsprozesse und ent…","{'display_name': 'Bosch Gruppe', '__CLASS__': 'Adzuna::API::Response::Company'}",2026-08-07T03:54:44Z,0,48.506053,PreMaster Programm in Digitalisierung und Prozessmanagement im Einkauf (w/m/div.),"{'__CLASS__': 'Adzuna::API::Response::Category', 'label': 'Unknown', 'tag': 'unknown'}",9.202888,Adzuna::API::Response::Job,,,,
eyJhbGciOiJIUzI1NiJ9.eyJpIjoiNTgyMTE0MDgxMiIsInMiOiJqaTRkdVpTVThSRzJRTGhIR3FVeHVBIn0.HMOLJio181t5JKdhqRZLg1MZshQGV03HbcKL_pmKFx8,5821140812,https://www.adzuna.de/land/ad/5821140812?se=ji4duZSU8RG2QLhHGqUxuA&utm_medium=api&utm_source=a4bcf954&v=F7BC5713F1C2C1187D1E148CDB6C5AE84B6FF72A,"{'__CLASS__': 'Adzuna::API::Response::Location', 'area': ['Deutschland', 'Baden-Württemberg', 'Ortenaukreis', 'Offenburg'], 'display_name': 'Offenburg, Ortenaukreis'}","Gestalte die Zukunft der Automatisierung als Aufgaben Du begleitest den Aufbau eines Kompetenzzentrums (CoE) für die Microsoft Power Platform und gestaltest dessen technische Ausrichtung von Beginn an aktiv mit. Du konzipierst und realisierst erste Automatisierungslösungen und Apps mit Power Automate und Power Apps, um den Mehrwert der Plattform im Unternehmen aufzuzeigen. Du definierst und implementierst gemeinsam mit dem CoE-Core-Team Governance-Strukturen und Prozesse (z. B. Richtlinien, Ent…","{'display_name': 'Markant Gruppe', '__CLASS__': 'Adzuna::API::Response::Company'}",2026-07-30T15:46:34Z,0,48.42392,Power Platform Engineer (m/w/d),"{'tag': 'unknown', '__CLASS__': 'Adzuna::API::Response::Category', 'label': 'Unknown'}",7.94837,Adzuna::API::Response::Job,,,,
eyJhbGciOiJIUzI1NiJ9.eyJpIjoiNTgzNDA3MDA3MyIsInMiOiJqaTRkdVpTVThSRzJRTGhIR3FVeHVBIn0.UNObMaxnMxJaDwUz-nNF7DkS7Dr1ksAQ6RMoWOX41Y0,5834070073,https://www.adzuna.de/land/ad/5834070073?se=ji4duZSU8RG2QLhHGqUxuA&utm_medium=api&utm_source=a4bcf954&v=5A03A74B00B43F5A60E10F060DBAFE8C8185458C,"{'__CLASS__': 'Adzuna::API::Response::Location', 'area': ['Deutschland'], 'display_name': 'Deutschland'}","IQVIA – The Human Data Science Company – ist ein führender, globaler Anbieter von zukunftsweisender Analytik, Technologielösungen und klinischer Auftragsforschung. IQVIA unterstützt Life Science Unternehmen, Verbände, Institutionen, Kostenträger und weitere Akteure im Gesundheitswesen darin, bessere Ergebnisse in der Gesundheitsversorgung zu erzielen. Werden Sie Teil unserer Community von rund 88.000 Mitarbeiterinnen und Mitarbeitern in über 100 Ländern, die sich dafür einsetzen, das Potenzial …","{'__CLASS__': 'Adzuna::API::Response::Company', 'display_name': 'IQVIA CSMS GmbH'}",2026-08-09T01:54:52Z,0,,Anwendungsspezialisten (m/w/d) Bereich Wundversorgung,"{'label': 'IT-Stellen', '__CLASS__': 'Adzuna::API::Response::Category', 'tag': 'it-jobs'}",,Adzuna::API::Response::Job,,,,
eyJhbGciOiJIUzI1NiJ9.eyJzIjoiamk0ZHVaU1U4UkcyUUxoSEdxVXh1QSIsImkiOiI1ODEwODkzNDI3In0.-JZ4j9IpTXuRAEAXfsbWroL6hhmqZSQDkkdu8h97ifw,5810893427,https://www.adzuna.de/land/ad/5810893427?se=ji4duZSU8RG2QLhHGqUxuA&utm_medium=api&utm_source=a4bcf954&v=3A8CF232D4B6E5155291B7D14D78BBDEB290EBA1,"{'__CLASS__': 'Adzuna::API::Response::Location', 'area': ['Deutschland', 'Bayern', 'Regensburg (Kreis)', 'Regensburg'], 'display_name': 'Regensburg, Regensburg (Kreis)'}","WeAreIn to create tiny chips and big careers. Theorie allein reicht Dir nicht? Im Dualen Studium bei Infineon verbindest Du Theorie und Praxis. Du arbeitest an echten Projekten, lernst von Expert*innen und machst aus Deiner Leidenschaft eine Karriere mit Sinn. Are you in? Deine Rolle Haupttätigkeiten Praxis: Während Deines Studiums mit Start zum 01.09.2027 lernst Du praxisnah am Standort Regensburg Theorie: Den theoretischen Input erhältst Du an der der Ostbayerischen Technischen Hochschule Reg…","{'display_name': 'Infineon Technologies AG', '__CLASS__': 'Adzuna::API::Response::Company'}",2026-07-22T15:01:11Z,0,49.022981,Duales Studium - B. Sc. Künstliche Intelligenz / Data Science 2027 (w/m/d),"{'tag': 'part-time-jobs', '__CLASS__': 'Adzuna::API::Response::Category', 'label': 'Teilzeitstellen'}",12.112321,Adzuna::API::Response::Job,,,,
eyJhbGciOiJIUzI1NiJ9.eyJpIjoiNTc1MDM4MzAwNiIsInMiOiJqaTRkdVpTVThSRzJRTGhIR3FVeHVBIn0.6a3S4uW8m49n_FebNltsa6OsRrwUdWBCzWmbTyoNN2M,5750383006,https://www.adzuna.de/land/ad/5750383006?se=ji4duZSU8RG2QLhHGqUxuA&utm_medium=api&utm_source=a4bcf954&v=7E7AD6C30237192E5985785B15D37062E1183FCF,"{'area': ['Deutschland', 'Baden-Württemberg', 'Karlsruhe (Kreis)', 'Karlsruhe'], 'display_name': 'Karlsruhe, Karlsruhe (Kreis)', '__CLASS__': 'Adzuna::API::Response::Location'}","Darauf kannst du dich freuen: Wechsel zwischen Theoriephasen an der DHBW Karlsruhe und Praxiseinsätzen bei uns im Unternehmen Mitarbeit in spannenden Projekten mit direktem Bezug zur Praxis Einblicke in verschiedene Unternehmensbereiche und interdisziplinäre Zusammenarbeit Moderne Arbeitsumgebung, offene Unternehmenskultur und individuelle Betreuung Sehr gute Entwicklungschancen nach deinem Studium Einführungsmonat/Vorpraktikum bereits vor dem 1.10. Rotationsplan mit Wunsch-Stationen (deine per…","{'display_name': 'BGV-Versicherung AG', '__CLASS__': 'Adzuna::API::Response::Company'}",2026-06-03T11:37:34Z,0,49.001249,Bachelor of Science (m/w/d) â Data Science und Künstliche Intelligenz 2026,"{'label': 'Teilzeitstellen', '__CLASS__': 'Adzuna::API::Response::Category', 'tag': 'part-time-jobs'}",8.412378,Adzuna::API::Response::Job,,,,
eyJhbGciOiJIUzI1NiJ9.eyJzIjoiamk0ZHVaU1U4UkcyUUxoSEdxVXh1QSIsImkiOiI1ODMzNDU1OTY0In0.cV8DDmxlfd31BYanPnCcsd5W7PrpfCNLP0M1WDDOw0g,5833455964,https://www.adzuna.de/land/ad/5833455964?se=ji4duZSU8RG2QLhHGqUxuA&utm_medium=api&utm_source=a4bcf954&v=4A3AB5DF8A05261C1026B786594580B6943850FC,"{'__CLASS__': 'Adzuna::API::Response::Location', 'area': ['Deutschland', 'Baden-Württemberg', 'Ulm'], 'display_name': 'Ulm, Baden-Württemberg'}","Liebherr-Digital Development Center GmbH in Ulm develops digital solutions for the entire Liebherr Group. Our passionate team from the areas of software development, engineering and data science works together on various projects from the whole Liebherr product world. Our mission: creating outstanding digital experiences! Senior Solution Architect - Federated Energy & Construction Ecosystems (m/f/d) Job-ID 82724 Aufgaben Your responsibilities Understand the business - Assess and support the bus…","{'__CLASS__': 'Adzuna::API::Response::Company', 'display_name': 'Liebherr-Digital Development Center GmbH'}",2026-08-08T15:16:30Z,0,48.383137,Senior Solution Architect - Federated Energy & Construction Ecosystems (m/f/d),"{'tag': 'consultancy-jobs', 'label': 'Beraterstellen', '__CLASS__': 'Adzuna::API::Response::Category'}",9.856945,Adzuna::API::Response::Job,,,,
eyJhbGciOiJIUzI1NiJ9.eyJzIjoiamk0ZHVaU1U4UkcyUUxoSEdxVXh1QSIsImkiOiI1ODE4MzIwNjg5In0.Z0zz33i6ei3eYzq0E-8D01THN2YdCJd-uDDYRuCSNz4,5818320689,https://www.adzuna.de/land/ad/5818320689?se=ji4duZSU8RG2QLhHGqUxuA&utm_medium=api&utm_source=a4bcf954&v=3A786D26917A933415E37499B090FB9835F4B877,"{'__CLASS__': 'Adzuna::API::Response::Location', 'display_name': 'Erfurt, Erfurt (Kreis)', 'area': ['Deutschland', 'Thüringen', 'Erfurt (Kreis)', 'Erfurt']}","Mit Ihrem Know-how und Ihren Ideen gestalten Sie die Digitalisierung des Freistaats Thüringen aktiv mit. Sie denken lösungsorientiert, arbeiten strukturiert und behalten auch in komplexen Situationen den Überblick? Dann sind Sie beim Thüringer Landesrechenzentrum genau richtig. Gemeinsam mit dem Thüringer Ministerium für Digitales und Infrastruktur treiben wir die Digitalisierung der Thüringer Landesverwaltung aktiv voran. Wir suchen Sie zum nächstmöglichen Zeitpunkt für das Thüringer Ministeri…","{'__CLASS__': 'Adzuna::API::Response::Company', 'display_name': 'Thüringer Landesrechenzentrum'}",2026-07-28T13:34:19Z,0,50.977166,Referent (m/w/d) Data Governance,"{'__CLASS__': 'Adzuna::API::Response::Category', 'label': 'Sonstige/Allgemeine Stellen', 'tag': 'other-general-jobs'}",11.034353,Adzuna::API::Response::Job,,,,
eyJhbGciOiJIUzI1NiJ9.eyJzIjoiamk0ZHVaU1U4UkcyUUxoSEdxVXh1QSIsImkiOiI1ODMwOTAzMjQwIn0.RuszlMfCTF8-blVXn3BuskLsAclvV3FEus5BGq6g24c,5830903240,https://www.adzuna.de/land/ad/5830903240?se=ji4duZSU8RG2QLhHGqUxuA&utm_medium=api&utm_source=a4bcf954&v=AC8A0FDCF2ECFBEDF34BB0CCEBECC22B3D521CB6,"{'__CLASS__': 'Adzuna::API::Response::Location', 'display_name': 'Bochum, Nordrhein-Westfalen', 'area': ['Deutschland', 'Nordrhein-Westfalen', 'Bochum']}","Aufgaben Profil Wir bieten Unser Team BI & Datenmanagement ist die zentrale Anlaufstelle für datengetriebene Lösungen im Bauprojektmanagement und technischen Einkauf der Vonovia. Wir strukturieren und visualisieren Daten, um fundierte Entscheidungen zu ermöglichen und Prozesse effizienter zu gestalten. Dabei entwickeln wir leistungsfähige BI- und Reporting-Lösungen und treiben die kontinuierliche Weiterentwicklung unserer Systemlandschaft voran. Als Schnittstelle zwischen Fachabteilungen und IT…","{'__CLASS__': 'Adzuna::API::Response::Company', 'display_name': 'Vonovia'}",2026-08-06T23:10:33Z,0,51.476986,Referent Data- & BI-Engineer - Bochum (m/w/d),"{'label': 'Unknown', '__CLASS__': 'Adzuna::API::Response::Category', 'tag': 'unknown'}",7.211571,Adzuna::API::Response::Job,,,,
eyJhbGciOiJIUzI1NiJ9.eyJzIjoiamk0ZHVaU1U4UkcyUUxoSEdxVXh1QSIsImkiOiI1ODA3MDg5MDkxIn0.HQYrZ8MLvvezXumm5TfFWb707yqx5-X_H4i6vC3Mvg8,5807089091,https://www.adzuna.de/land/ad/5807089091?se=ji4duZSU8RG2QLhHGqUxuA&utm_medium=api&utm_source=a4bcf954&v=72838A46178A73315838B55940F58907F9D2EC39,"{'__CLASS__': 'Adzuna::API::Response::Location', 'display_name': 'Bonn, Nordrhein-Westfalen', 'area': ['Deutschland', 'Nordrhein-Westfalen', 'Bonn']}","Senior Specialist (m/w/d) Scientific IT Code: 1558/2026/7 in Vollzeit, auf zwei Jahre befristet, mit Option auf Entfristung Standort: Bonn Das Deutsche Zentrum für Neurodegenerative Erkrankungen (DZNE) ist ein weltweit führendes, international ausgerichtetes Forschungszentrum, das sich der Entdeckung neuer Ansätze zur Prävention und Behandlung neurodegenerativer Erkrankungen verschrieben hat. Aufgaben Sie unterstützen den Team Lead bei der Umsetzung der KI‑Strategie und übernehmen die operative…","{'__CLASS__': 'Adzuna::API::Response::Company', 'display_name': 'Deutsches Zentrum für Neurodegenerative Erkrankungen e.V. '}",2026-07-19T12:17:11Z,0,50.71942,Senior Specialist (m/w/d) Scientific IT,"{'label': 'Unknown', '__CLASS__': 'Adzuna::API::Response::Category', 'tag': 'unknown'}",7.112412,Adzuna::API::Response::Job,,,,
eyJhbGciOiJIUzI1NiJ9.eyJzIjoiamk0ZHVaU1U4UkcyUUxoSEdxVXh1QSIsImkiOiI1ODMxOTExMjY1In0.NFmjST2BV5X1XURLDBO-WvqhoyHHHS-B6bF6wVEZfZQ,5831911265,https://www.adzuna.de/land/ad/5831911265?se=ji4duZSU8RG2QLhHGqUxuA&utm_medium=api&utm_source=a4bcf954&v=0F381C861348B56FCD93A88365EFBA33B7043329,"{'__CLASS__': 'Adzuna::API::Response::Location', 'display_name': 'Stuttgart, Baden-Württemberg', 'area': ['Deutschland', 'Baden-Württemberg', 'Stuttgart']}","Wir machen Wünsche machbar – unsere Mission ist es, das Leben unserer Kunden zu bereichern und mit unseren Finanzdienstleistungen Träume zu verwirklichen. Wir verstehen uns nicht als typische Bank, sondern als lebendige Gemeinschaft von Gestaltern, die keine Angst davor haben, neue Wege zu gehen . Dabei setzen wir uns alle auch noch für Themen mit Impact wie Nachhaltigkeit und Digitalisierung ein – ob in unserer Zentrale in Stuttgart, an unserem Standort in Offenbach oder deutschlandweit in uns…","{'__CLASS__': 'Adzuna::API::Response::Company', 'display_name': 'Creditplus Bank AG'}",2026-08-07T12:52:19Z,0,48.776198,Data Science Manager (m/w/d) Project & Operational Development,"{'label': 'Sonstige/Allgemeine Stellen', '__CLASS__': 'Adzuna::API::Response::Category', 'tag': 'other-general-jobs'}",9.187224,Adzuna::API::Response::Job,,,,
eyJhbGciOiJIUzI1NiJ9.eyJzIjoiamk0ZHVaU1U4UkcyUUxoSEdxVXh1QSIsImkiOiI1ODIyMTE0NjcwIn0.KnQbenHgdefuOSFYW6HPBXYIxe58Nc6yBBPsxIfRjpA,5822114670,https://www.adzuna.de/land/ad/5822114670?se=ji4duZSU8RG2QLhHGqUxuA&utm_medium=api&utm_source=a4bcf954&v=7AF1FD061043AF72984ACE9463C48BBBF5B8D6D7,"{'__CLASS__': 'Adzuna::API::Response::Location', 'display_name': 'München, München (Kreis)', 'area': ['Deutschland', 'Bayern', 'München (Kreis)', 'München']}","Step out of your comfort zone, excel and redefine the limits of what is possible. That's just what our employees are doing every single day – in order to set the pace through our innovations and enable outstanding achievements. After all, behind every successful company are many great fascinating people. In a spacious modern setting full of opportunities for further development, ZEISS employees work in a place where expert knowledge and team spirit reign supreme. All of this is supported by a s…","{'display_name': 'ZEISS', '__CLASS__': 'Adzuna::API::Response::Company'}",2026-07-31T09:47:35Z,0,48.137418,Security Architect - AI (f/m/x),"{'__CLASS__': 'Adzuna::API::Response::Category', 'label': 'IT-Stellen', 'tag': 'it-jobs'}",11.555737,Adzuna::API::Response::Job,,,,
eyJhbGciOiJIUzI1NiJ9.eyJpIjoiNTgwOTY1ODM1MCIsInMiOiJqaTRkdVpTVThSRzJRTGhIR3FVeHVBIn0.1cKntqfLMrl_Woayt69mUnaAezpYun2usgKLq75jZe0,5809658350,https://www.adzuna.de/details/5809658350?utm_medium=api&utm_source=a4bcf954,"{'display_name': 'Bothfeld, Hannover', 'area': ['Deutschland', 'Niedersachsen', 'Region Hannover (Kreis)', 'Hannover', 'Bothfeld'], '__CLASS__': 'Adzuna::API::Response::Location'}","Deine Aufgaben Du möchtest nicht nur Daten analysieren, sondern verstehen, wie aus Daten wertvolle Erkenntnisse entstehen, die die digitale Zukunft der HDI Group gestalten? Die 21-monatige IT-Ausbildung kombiniert praktische Arbeit im Bereich Data Science mit theoretischem Wissen, das Du im Studiengang Business Data Analytics mit Schwerpunkt KI an der FHDW in Hannover erwirbst. Du arbeitest an spannenden Projekten rund um AI, GenAI, Machine Learning, und Cloud-Services. Du entwickelst Lösungen,…","{'display_name': 'HDI AG', '__CLASS__': 'Adzuna::API::Response::Company'}",2026-07-21T22:49:15Z,0,52.41674,Duales Studium Business Data Analytics (M.Sc.) mit Schwerpunkt KI - Einstieg Data Science,"{'label': 'Teilzeitstellen', '__CLASS__': 'Adzuna::API::Response::Category', 'tag': 'part-time-jobs'}",9.79857,Adzuna::API::Response::Job,,,,
eyJhbGciOiJIUzI1NiJ9.eyJzIjoiamk0ZHVaU1U4UkcyUUxoSEdxVXh1QSIsImkiOiI1ODEwNzg4MjE1In0.C-KhexkVWZ30Fpsx4k-gBRJMehhy5knBTHTAa-lHS80,5810788215,https://www.adzuna.de/land/ad/5810788215?se=ji4duZSU8RG2QLhHGqUxuA&utm_medium=api&utm_source=a4bcf954&v=923B0DEB2CB05ABFEAC7F92623C398E78BCD244E,"{'__CLASS__': 'Adzuna::API::Response::Location', 'area': ['Deutschland'], 'display_name': 'Deutschland'}","Life is always about becoming… Im Leben geht es darum, sich auf eine Reise zu begeben, um die beste Version unseres zukünftigen Selbst zu werden. Während wir Neues entdecken, stellen wir uns Herausforderungen, meistern sie und wachsen über uns hinaus. Bewerben Sie sich bei Mercedes-Benz und finden Sie den Aufgabenbereich, in dem Sie Ihre Talente individuell entfalten können. Dabei werden Sie von visionären Kolleginnen und Kollegen unterstützt, die Ihren Pioniergeist teilen. Bei uns einzusteigen…","{'display_name': 'Mercedes-Benz Tech Innovation', '__CLASS__': 'Adzuna::API::Response::Company'}",2026-07-22T12:38:04Z,0,,Duales Studium Informatik Schwerpunkt Data Science / Künstliche Intelligenz in Kooperation mit der Dualen Hochschule Baden-Württemberg 2027 (m/w/d/x),"{'label': 'Stellen für Hochschulabsolventen', '__CLASS__': 'Adzuna::API::Response::Category', 'tag': 'graduate-jobs'}",,Adzuna::API::Response::Job,,,,
eyJhbGciOiJIUzI1NiJ9.eyJzIjoiamk0ZHVaU1U4UkcyUUxoSEdxVXh1QSIsImkiOiI1ODA5Njk1NTU0In0.2oMv5wf8VEQDulRRIg2MP0xJz0UOxhMDF2zoHy-65yE,5809695554,https://www.adzuna.de/details/5809695554?utm_medium=api&utm_source=a4bcf954,"{'area': ['Deutschland', 'Baden-Württemberg', 'Karlsruhe (Kreis)', 'Karlsruhe', 'Hagsfeld'], 'display_name': 'Hagsfeld, Karlsruhe', '__CLASS__': 'Adzuna::API::Response::Location'}","Darauf kannst du dich freuen: Wechsel zwischen Theoriephasen an der DHBW Karlsruhe und Praxiseinsätzen bei uns im Unternehmen Mitarbeit in spannenden Projekten mit direktem Bezug zur Praxis Einblicke in verschiedene Unternehmensbereiche und interdisziplinäre Zusammenarbeit Moderne Arbeitsumgebung, offene Unternehmenskultur und individuelle Betreuung Sehr gute Entwicklungschancen nach deinem Studium Einführungsmonat/Vorpraktikum bereits vor dem 1.10. Rotationsplan mit Wunsch-Stationen (deine per…","{'display_name': 'BGV-Versicherung AG', '__CLASS__': 'Adzuna::API::Response::Company'}",2026-07-21T22:56:31Z,0,49.03084,Bachelor of Science (m/w/d) â Data Science und Künstliche Intelligenz 2026,"{'tag': 'part-time-jobs', 'label': 'Teilzeitstellen', '__CLASS__': 'Adzuna::API::Response::Category'}",8.45882,Adzuna::API::Response::Job,,,,
eyJhbGciOiJIUzI1NiJ9.eyJzIjoiamk0ZHVaU1U4UkcyUUxoSEdxVXh1QSIsImkiOiI1ODExMTkzMTE3In0.wGeKtRbQhIiIHpWFJvaCCdHgzuUJ_zA5vb0vnFoxOm4,5811193117,https://www.adzuna.de/details/5811193117?utm_medium=api&utm_source=a4bcf954,"{'__CLASS__': 'Adzuna::API::Response::Location', 'display_name': 'Großprüfening-Dechbetten-Königswiesen, Regensburg', 'area': ['Deutschland', 'Bayern', 'Regensburg (Kreis)', 'Regensburg', 'Großprüfening-Dechbetten-Königswiesen']}","WeAreIn to create tiny chips and big careers. Theorie allein reicht Dir nicht? Im Dualen Studium bei Infineon verbindest Du Theorie und Praxis. Du arbeitest an echten Projekten, lernst von Expert*innen und machst aus Deiner Leidenschaft eine Karriere mit Sinn. Are you in? Deine Rolle Haupttätigkeiten Praxis: Während Deines Studiums mit Start zum 01.09.2027 lernst Du praxisnah am Standort Regensburg Theorie: Den theoretischen Input erhältst Du an der der Ostbayerischen Technischen Hochschule Reg…","{'__CLASS__': 'Adzuna::API::Response::Company', 'display_name': 'Infineon Technologies AG'}",2026-07-22T23:03:38Z,0,49.00784,Duales Studium - B. Sc. Künstliche Intelligenz / Data Science 2027 (w/m/d),"{'__CLASS__': 'Adzuna::API::Response::Category', 'label': 'Teilzeitstellen', 'tag': 'part-time-jobs'}",12.07704,Adzuna::API::Response::Job,,,,
eyJhbGciOiJIUzI1NiJ9.eyJzIjoiamk0ZHVaU1U4UkcyUUxoSEdxVXh1QSIsImkiOiI1NzUwMzc4ODc0In0.2VwQ4QujoI-u7x9fFyC4nxIyPu2cYo8NMYwcUZtIL1g,5750378874,https://www.adzuna.de/land/ad/5750378874?se=ji4duZSU8RG2QLhHGqUxuA&utm_medium=api&utm_source=a4bcf954&v=EC512D21B01813800BFB53C16098E3BF51670B73,"{'__CLASS__': 'Adzuna::API::Response::Location', 'display_name': 'Bornheim, Frankfurt am Main', 'area': ['Deutschland', 'Hessen', 'Frankfurt am Main', 'Bornheim']}","Hast Du Deinen Weg schon gefunden? Für Deinen Weg bei uns bringst Du mit: 3 Jahre Zeit und allgemeine Hochschulreife oder Fachhochschulreife  Studierfähigkeitstest Hier baust Du Dein theoretisches Fundament: DHBW Karlsruhe Die Praxis lernst Du hier : HORNBACH Zentrale in Bornheim bei Landau i. d. Pfalz Startschuss für Deine Zukunft bei HORNBACH: 01.10.2026 Darauf kannst Du Dich freuen: Gehalt - logisch! 1. Jahr: 1.250 €, 2. Jahr: 1.500 €, 3. Jahr: 1.750 € Mehr – klar! Neben Deinem Gehalt sowie …","{'__CLASS__': 'Adzuna::API::Response::Company', 'display_name': 'HORNBACH Baumarkt AG'}",2026-06-03T11:36:54Z,0,50.1246,Duales Studium - Bachelor of Science - Informatik - Data Science und KI (gn) für 2026 - ID 150988,"{'__CLASS__': 'Adzuna::API::Response::Category', 'label': 'Teilzeitstellen', 'tag': 'part-time-jobs'}",8.71298,Adzuna::API::Response::Job,,,,
eyJhbGciOiJIUzI1NiJ9.eyJzIjoiamk0ZHVaU1U4UkcyUUxoSEdxVXh1QSIsImkiOiI1ODMzNzk1MzAzIn0.PR697cwTkzwUEoVz5rGHXqm2q5fZCJlK63OIC45kXzY,5833795303,https://www.adzuna.de/land/ad/5833795303?se=ji4duZSU8RG2QLhHGqUxuA&utm_medium=api&utm_source=a4bcf954&v=7B6C7A9A24CA8AD61A916ABDD410C9D6DF28FADA,"{'__CLASS__': 'Adzuna::API::Response::Location', 'area': ['Deutschland', 'Baden-Württemberg', 'Heidelberg'], 'display_name': 'Heidelberg, Baden-Württemberg'}","Die Almato mit Hauptsitz in Stuttgart ist der europäische Spezialist für KI-gestützte semantische Datenplattformen. Mit Bardioc, der AI-powered Semantic Data Platform, bietet Almato eine souveräne und leistungsstarke Lösung zur intelligenten Nutzung von Daten, verfügbar in verschiedenen Betriebsmodellen, darunter als Platform as a Service (PaaS). Rund 200 Mitarbeiter unterstützen Organisationen aus Wirtschaft, öffentlichem Sektor und Verteidigung gemeinsam mit führenden Partnern in den Bereiche…","{'display_name': 'Almato AG', '__CLASS__': 'Adzuna::API::Response::Company'}",2026-08-08T21:56:19Z,0,49.403755,Senior Sales Manager (all genders) – Conversational AI,"{'tag': 'sales-jobs', '__CLASS__': 'Adzuna::API::Response::Category', 'label': 'Vertriebsstellen'}",8.696891,Adzuna::API::Response::Job,,,,
eyJhbGciOiJIUzI1NiJ9.eyJzIjoiamk0ZHVaU1U4UkcyUUxoSEdxVXh1QSIsImkiOiI1ODMwODYyMTg1In0.MWPYtBDpfCxmzH_9nJpEJ4_aqYmEzrkWZZh3dAWkyIc,5830862185,https://www.adzuna.de/land/ad/5830862185?se=ji4duZSU8RG2QLhHGqUxuA&utm_medium=api&utm_source=a4bcf954&v=525526C4832966E102ED0F5B9E99ED232F2D101C,"{'__CLASS__': 'Adzuna::API::Response::Location', 'display_name': 'Dillenburg, Lahn-Dill-Kreis', 'area': ['Deutschland', 'Hessen', 'Lahn-Dill-Kreis', 'Dillenburg']}","Die Isabellenhütte ist ein international agierendes, familiengeführtes Unternehmen mit einer einzigartigen Fertigungstiefe. Wir vereinen unsere Tradition mit dem unbedingten Willen, Zukunftsmärkte aktiv mitzugestalten. Dies macht uns zu einem 500 Jahre jungen Start Up. Bei uns ist jeder im Team willkommen, der die Leidenschaft für zukunftsweisende Technologien mit uns teilt. Wir sind nicht nur in fast jedem Fahrzeug weltweit vertreten, sondern unsere Produkte finden sich auch in der Luft- und R…","{'__CLASS__': 'Adzuna::API::Response::Company', 'display_name': 'Isabellenhütte Heusler GmbH & Co. KG'}",2026-08-06T21:57:32Z,0,50.74053,Specialist Sales Analytics & Digitalisation (m/w/d),"{'tag': 'unknown', 'label': 'Unknown', '__CLASS__': 'Adzuna::API::Response::Category'}",8.28354,Adzuna::API::Response::Job,,,,
eyJhbGciOiJIUzI1NiJ9.eyJpIjoiNTgzMDg2MjA2MSIsInMiOiJqaTRkdVpTVThSRzJRTGhIR3FVeHVBIn0.xPmYO3k85r2lLyzm0H_eoDU5HgGnZRIUhAhdP1bGSY4,5830862061,https://www.adzuna.de/land/ad/5830862061?se=ji4duZSU8RG2QLhHGqUxuA&utm_medium=api&utm_source=a4bcf954&v=79D2230A63821FE130BC0EE1BBD5B131BF090436,"{'area': ['Deutschland', 'Berlin'], 'display_name': 'Berlin, Deutschland', '__CLASS__': 'Adzuna::API::Response::Location'}","Als Teil der Kienbaum Gruppe ist die DBU Digital Business University of Applied Sciences die Wirtschaftshochschule für das digitale Zeitalter. Als private Hochschule und aufgrund ihrer einzigartigen Positionierung bietet die DBU eine Kombination aus praxisorientiertem und berufsbegleitendem Studium. Seit ihrer Gründung partizipiert sie am starken Wachstum des privaten und betrieblichen Weiterbildungsmarktes. Ziel ist es, zukunftsorientierte Studierende und Berufstätige auf die Chancen und Herau…","{'__CLASS__': 'Adzuna::API::Response::Company', 'display_name': 'DBU - University of Applied Sciences'}",2026-08-06T21:57:30Z,0,52.507706,Wissenschaftlicher Mitarbeiter Cybersecurity & AI Defense (w/m/d),"{'__CLASS__': 'Adzuna::API::Response::Category', 'label': 'Stellen aus Wissenschaft & Qualitätssicherung', 'tag': 'scientific-qa-jobs'}",13.420806,Adzuna::API::Response::Job,,,,
eyJhbGciOiJIUzI1NiJ9.eyJpIjoiNTgyNDgwNDU5OCIsInMiOiJqaTRkdVpTVThSRzJRTGhIR3FVeHVBIn0.G-5NdGEJUhMTxziR703-fzbIndnsvUdG3mHRnfZ94wg,5824804598,https://www.adzuna.de/land/ad/5824804598?se=ji4duZSU8RG2QLhHGqUxuA&utm_medium=api&utm_source=a4bcf954&v=597F413F415FA674B299D6C66E5EA2E3631D7102,"{'display_name': 'Kiel, Schleswig-Holstein', 'area': ['Deutschland', 'Schleswig-Holstein', 'Kiel'], '__CLASS__': 'Adzuna::API::Response::Location'}","Die Duale Hochschule Schleswig-Holstein (DHSH) bietet als staatlich anerkannte Hochschule für angewandte Wissenschaften an den Studienstandorten Kiel, Lübeck und Flensburg duale Studiengänge und praxisverbundene Forschung. Vor über 50 Jahren als Berufsakademie Schleswig-Holstein gegründet, bietet die DHSH Studierenden die Chance, von jahrzehntelanger Erfahrung im dualen Studium zu profitieren. Angeboten werden in Zusammenarbeit mit über 400 Partnerunternehmen die dualen Bachelorstudiengänge Bet…","{'__CLASS__': 'Adzuna::API::Response::Company', 'display_name': 'Duale Hochschule Schleswig-Holstein '}",2026-08-02T01:09:25Z,0,54.319658,Duales Studium Wirtschaftsinformatik an der DHSH in Kiel,"{'label': 'Sonstige/Allgemeine Stellen', '__CLASS__': 'Adzuna::API::Response::Category', 'tag': 'other-general-jobs'}",10.137982,Adzuna::API::Response::Job,,,,
eyJhbGciOiJIUzI1NiJ9.eyJzIjoiamk0ZHVaU1U4UkcyUUxoSEdxVXh1QSIsImkiOiI1ODAyMzc2ODk1In0.RecXRSMF1QxCmm4_X8pIiwGQy45i2kwHGLlQP67zKZ8,5802376895,https://www.adzuna.de/land/ad/5802376895?se=ji4duZSU8RG2QLhHGqUxuA&utm_medium=api&utm_source=a4bcf954&v=3F0416732159B009CFEE1FBD56D00F732CEEEE0C,"{'display_name': 'Köln, Nordrhein-Westfalen', 'area': ['Deutschland', 'Nordrhein-Westfalen', 'Köln'], '__CLASS__': 'Adzuna::API::Response::Location'}","AXA Deutschland ist Teil der AXA Gruppe, einem der weltweit führenden Versicherungsunternehmen. Als einer der größten Erstversicherer in Deutschland betreuen wir rund 8 Millionen Kund:innen im Bereich Vorsorge und Versicherung. Was uns bei AXA antreibt? Unsere Neugier und unser Mut zur Innovation! Gemeinsam mit über 8.000 Kolleg:innen in ganz Deutschland gestalten wir die Zukunft der Versicherung aktiv mit. Wir sind auf der Suche nach kreativen und analytischen Köpfen, die sich auch von Herausf…","{'__CLASS__': 'Adzuna::API::Response::Company', 'display_name': 'AXA Konzern AG'}",2026-07-16T09:08:28Z,0,50.940164,Senior Aktuar Finance & Reserving P&C (m/w/d),"{'tag': 'accounting-finance-jobs', '__CLASS__': 'Adzuna::API::Response::Category', 'label': 'Stellen aus Buchhaltung & Finanzwesen'}",6.969972,Adzuna::API::Response::Job,,,,
eyJhbGciOiJIUzI1NiJ9.eyJzIjoiamk0ZHVaU1U4UkcyUUxoSEdxVXh1QSIsImkiOiI1ODMzNzc5NzgzIn0.w23BT9PQAUVVCtoktfzIvbzOiHKfUIwNs6NbFZkOfaI,5833779783,https://www.adzuna.de/land/ad/5833779783?se=ji4duZSU8RG2QLhHGqUxuA&utm_medium=api&utm_source=a4bcf954&v=87B9CA82684F911F7CFD048FC54843FECCC5684B,"{'area': ['Deutschland', 'Thüringen'], 'display_name': 'Thüringen, Deutschland', '__CLASS__': 'Adzuna::API::Response::Location'}","IQVIA – The Human Data Science Company – ist ein führender, globaler Anbieter von zukunftsweisender Analytik, Technologielösungen und klinischer Auftragsforschung. IQVIA unterstützt Life Science Unternehmen, Verbände, Institutionen, Kostenträger und weitere Akteure im Gesundheitswesen darin, bessere Ergebnisse in der Gesundheitsversorgung zu erzielen. Werden Sie Teil unserer Community von rund 88.000 Mitarbeiterinnen und Mitarbeitern in über 100 Ländern, die sich dafür einsetzen, das Potenzial …","{'display_name': 'IQVIA CSMS GmbH', '__CLASS__': 'Adzuna::API::Response::Company'}",2026-08-08T19:36:29Z,0,50.902104,Pharmaberater/Pharmareferenten (m/w/d) für den wissenschaftlichen / pharmazeutischen Außendienst im Bereich Lipidologie,"{'tag': 'healthcare-nursing-jobs', 'label': 'Stellen aus Gesundheitswesen & Pflege', '__CLASS__': 'Adzuna::API::Response::Category'}",11.100397,Adzuna::API::Response::Job,,,,
eyJhbGciOiJIUzI1NiJ9.eyJzIjoiamk0ZHVaU1U4UkcyUUxoSEdxVXh1QSIsImkiOiI1ODMzNzgwNTgxIn0.nlKwNdIqGpJjfDJvW9Qbcyy6l4uQhG-xI5QD9h6_TQ0,5833780581,https://www.adzuna.de/land/ad/5833780581?se=ji4duZSU8RG2QLhHGqUxuA&utm_medium=api&utm_source=a4bcf954&v=50AA018593C97B6FBBC6EA34F4EB24A692376530,"{'__CLASS__': 'Adzuna::API::Response::Location', 'area': ['Deutschland', 'Brandenburg', 'Brandenburg an der Havel'], 'display_name': 'Brandenburg an der Havel, Brandenburg'}","Das Bundesamt für Auswärtige Angelegenheiten (BfAA) ist die neue, junge Bundes­behörde des Auswärtigen Amts. Wir unterstützen den Auswärtigen Dienst als Kompetenz- und Service­zentrum von Brandenburg, Berlin und Bonn aus. Für unser schnell wachsendes Team am Standort Brandenburg an der Havel suchen wir zum nächst­möglichen Zeitpunkt zur unbefristeten Einstellung: Eine Sachbearbeitung (m/w/d) für den Bereich Daten­analyse und ‑auswertung in der Abteilung Fördermittel­management im (vergleichbare…","{'__CLASS__': 'Adzuna::API::Response::Company', 'display_name': 'Bundesamt für Auswärtige Angelegenheiten'}",2026-08-08T19:36:45Z,0,52.429131,Sachbearbeitung (m/w/d) für den Bereich Daten­analyse und ‑auswertung in der Abteilung Fördermittel­management im (vergleichbaren) gehobenen Dienst,"{'tag': 'admin-jobs', 'label': 'Verwaltungsstellen', '__CLASS__': 'Adzuna::API::Response::Category'}",12.554451,Adzuna::API::Response::Job,,,,
eyJhbGciOiJIUzI1NiJ9.eyJpIjoiNTgzNTA3MjkwMSIsInMiOiJqaTRkdVpTVThSRzJRTGhIR3FVeHVBIn0.lY8mnLDpgSxvBVYjO8U9ZMe0UXzobgf_nLl-1N1-DL8,5835072901,https://www.adzuna.de/details/5835072901?utm_medium=api&utm_source=a4bcf954,"{'area': ['Deutschland', 'Berlin'], 'display_name': 'Berlin, Deutschland', '__CLASS__': 'Adzuna::API::Response::Location'}","Über nerou Die Datenanalyse-Software von nerou unterstützt Betreiber von Kläranlagen bei täglichen Entscheidungen in der Anlagensteuerung. In Kläranlagen müssen komplexe Entscheidungen getroffen werden, um die Anlage auf sich täglich ändernde Einflüsse einzustellen. Alle relevanten Daten werden von Machine Learning Algorithmen analysiert und ausgewertet. Die gewonnen Erkenntnisse werden in Form von Entscheidungshilfen an den Kunden weitergeleitet. Dies reduziert nicht nur Kosten für die Betreib…","{'display_name': 'nerou GmbH', '__CLASS__': 'Adzuna::API::Response::Company'}",2026-08-10T01:55:56Z,0,52.507706,Werkstudent:in Data Science,"{'__CLASS__': 'Adzuna::API::Response::Category', 'label': 'Unknown', 'tag': 'unknown'}",13.420806,Adzuna::API::Response::Job,,,,
eyJhbGciOiJIUzI1NiJ9.eyJpIjoiNTgwOTY2MDU4MiIsInMiOiJqaTRkdVpTVThSRzJRTGhIR3FVeHVBIn0.O1Y83Ss_DZmpW70R8qYW_Qk4mQjP2ynu4uVtwirsTHE,5809660582,https://www.adzuna.de/land/ad/5809660582?se=ji4duZSU8RG2QLhHGqUxuA&utm_medium=api&utm_source=a4bcf954&v=CB1A0CFDE987351D3FC10758CD85F932CA3F22BE,"{'display_name': 'Mosbach, Neckar-Odenwald-Kreis', 'area': ['Deutschland', 'Baden-Württemberg', 'Neckar-Odenwald-Kreis', 'Mosbach'], '__CLASS__': 'Adzuna::API::Response::Location'}",Bei uns gestaltest Du die Zukunft und bringst die digitale Transformation in unsere Fachbereiche. Hierzu erlernst Du grundlegende Kenntnisse zu den Schlüsseltechnologien des digitalen Wandels Data Science und KI im Rahmen eines Studiums an der Dualen Hochschule Baden-Württemberg Mosbach ( https://www.mosbach.dhbw.de/studium/studienangebot-bachelor/data-science-kuenstliche-intelligenz/studieninhalte-profil/ ) und erbringst Deine Praxiseinsätze an unserem Standort Wilhelmsdorf in Mittelfranken. D…,"{'display_name': 'Gubesch GmbH', '__CLASS__': 'Adzuna::API::Response::Company'}",2026-07-21T22:49:49Z,0,49.35198,Dualer Student (m/w/d) - Studiengang: Data Science und Künstliche Intelligenz an der dualen Hochschule Mosbach,"{'tag': 'unknown', 'label': 'Unknown', '__CLASS__': 'Adzuna::API::Response::Category'}",9.14587,Adzuna::API::Response::Job,,,,
eyJhbGciOiJIUzI1NiJ9.eyJzIjoiamk0ZHVaU1U4UkcyUUxoSEdxVXh1QSIsImkiOiI1ODA1NDI1OTQ4In0.Co18DUD5jrgrTCS6wD5ukjvwXoqR1mmU2uxP9WUrVEM,5805425948,https://www.adzuna.de/details/5805425948?utm_medium=api&utm_source=a4bcf954,"{'display_name': 'Karlsruhe, Karlsruhe (Kreis)', 'area': ['Deutschland', 'Baden-Württemberg', 'Karlsruhe (Kreis)', 'Karlsruhe'], '__CLASS__': 'Adzuna::API::Response::Location'}","Overview The Data Science Consultant provides services that maximize the value of the customer’s business through data-driven insights and enhanced decision support. This role will be responsible for advising the customer and recommending software configuration alternatives and adapting the software that is configured to optimize the solution so that the customer may realize the maximum value from the software. Responsibilities: Perform data analysis to discover patterns, trends and anomalies i…","{'__CLASS__': 'Adzuna::API::Response::Company', 'display_name': 'Blue Yonder'}",2026-07-18T00:48:17Z,0,49.001249,Data Science Consultant,"{'tag': 'consultancy-jobs', '__CLASS__': 'Adzuna::API::Response::Category', 'label': 'Beraterstellen'}",8.412378,Adzuna::API::Response::Job,full_time,,,
eyJhbGciOiJIUzI1NiJ9.eyJzIjoiamk0ZHVaU1U4UkcyUUxoSEdxVXh1QSIsImkiOiI1Nzg2MDg2NDM2In0.t_Tkv5YhHgN5Y2p9Zgu1Ot-FlRCOkj_wUYPmyaBqVY0,5786086436,https://www.adzuna.de/details/5786086436?utm_medium=api&utm_source=a4bcf954,"{'__CLASS__': 'Adzuna::API::Response::Location', 'display_name': 'Neckarsulm, Heilbronn (Kreis)', 'area': ['Deutschland', 'Baden-Württemberg', 'Heilbronn (Kreis)', 'Neckarsulm']}","Deine Aufgaben Werde Teil unseres Daten & KI Teams, unterstütze datenbasierte Analysen und entwickle innovative Automatisierungslösungen. Ab sofort für 4 bis 6 Monate. … konkret heißt das: Erhalte Einblicke in Big Data und Machine Learning Technologien Mitarbeit bei Datenerhebung, -aufbereitung und explorativer Analyse Entwicklung, Validierung und Pilotierung KI- und Statistik-basierte Lösungen für automatisierte Entscheidungen in Fachabteilungen Einbringen in die strategische Definition von Da…","{'__CLASS__': 'Adzuna::API::Response::Company', 'display_name': 'Lidl Stiftung'}",2026-07-03T00:47:24Z,0,49.18975,Praktikum Data Science,"{'label': 'Unknown', '__CLASS__': 'Adzuna::API::Response::Category', 'tag': 'unknown'}",9.2274,Adzuna::API::Response::Job,full_time,,,
eyJhbGciOiJIUzI1NiJ9.eyJpIjoiNTgwOTcxMjk4MSIsInMiOiJqaTRkdVpTVThSRzJRTGhIR3FVeHVBIn0.nzbhucE9Kz9qej-JbkVmUUjh6jsFyVDUc47OOU7gYDw,5809712981,https://www.adzuna.de/details/5809712981?utm_medium=api&utm_source=a4bcf954,"{'__CLASS__': 'Adzuna::API::Response::Location', 'area': ['Deutschland', 'Bayern', 'Regensburg (Kreis)', 'Regensburg', 'Steinweg'], 'display_name': 'Steinweg, Regensburg'}","Dein Berufsbild: Du möchtest irgendwas mit Mathe machen und in deinen Zukunftsplänen ist Digitalisierung vorprogrammiert? Dann entscheide dich für den dualen Studiengang Künstliche Intelligenz und Data Science zur Befähigung zur Elektrofachkraft (w/m/d) und werde zum*zur Administrator*in deiner Karriere. Zur täglichen Arbeit von technischen Informatiker*innen gehören Daten, Cloud und Echtzeitkommunikation, dazu hardwarenahe Programmierung und Automatisierung. Projektlösungen für die Digitalisie…","{'display_name': 'Siemens AG', '__CLASS__': 'Adzuna::API::Response::Company'}",2026-07-21T22:58:55Z,0,49.03495,Künstliche Intelligenz und Data Science (B.Sc.) mit Befähigung zur Elektrofachkraft (w/m/d) 2027,"{'label': 'Teilzeitstellen', '__CLASS__': 'Adzuna::API::Response::Category', 'tag': 'part-time-jobs'}",12.08703,Adzuna::API::Response::Job,,,,
eyJhbGciOiJIUzI1NiJ9.eyJpIjoiNTgwOTY5MTEwNiIsInMiOiJqaTRkdVpTVThSRzJRTGhIR3FVeHVBIn0.vwu0pnjp19W6jZIEzrRbMBlUKon3YoTgX-a4GBBySkA,5809691106,https://www.adzuna.de/details/5809691106?utm_medium=api&utm_source=a4bcf954,"{'area': ['Deutschland', 'Rheinland-Pfalz', 'Germersheim (Kreis)', 'Knittelsheim'], 'display_name': 'Knittelsheim, Germersheim (Kreis)', '__CLASS__': 'Adzuna::API::Response::Location'}","Hast Du Deinen Weg schon gefunden? Für Deinen Weg bei uns bringst Du mit: 3 Jahre Zeit und allgemeine Hochschulreife oder Fachhochschulreife  Studierfähigkeitstest Hier baust Du Dein theoretisches Fundament: DHBW Karlsruhe Die Praxis lernst Du hier : HORNBACH Zentrale in Bornheim bei Landau i. d. Pfalz Startschuss für Deine Zukunft bei HORNBACH: 01.10.2026 Darauf kannst Du Dich freuen: Gehalt - logisch! 1. Jahr: 1.250 €, 2. Jahr: 1.500 €, 3. Jahr: 1.750 € Mehr – klar! Neben Deinem Gehalt sowie …","{'display_name': 'HORNBACH Baumarkt AG', '__CLASS__': 'Adzuna::API::Response::Company'}",2026-07-21T22:55:57Z,0,49.19075,Duales Studium - Bachelor of Science - Informatik - Data Science und KI (gn) für 2026 - ID 150988,"{'label': 'Teilzeitstellen', '__CLASS__': 'Adzuna::API::Response::Category', 'tag': 'part-time-jobs'}",8.24878,Adzuna::API::Response::Job,,,,
eyJhbGciOiJIUzI1NiJ9.eyJpIjoiNTgxNzQ5MDAzNyIsInMiOiJqaTRkdVpTVThSRzJRTGhIR3FVeHVBIn0.B6q_E9mE28ZbYix_dPc_p1A801oTCHM9i2UZ99H4-WM,5817490037,https://www.adzuna.de/land/ad/5817490037?se=ji4duZSU8RG2QLhHGqUxuA&utm_medium=api&utm_source=a4bcf954&v=C3A50BF1E7061CC53E78AE7617296C3C37D3CA5E,"{'__CLASS__': 'Adzuna::API::Response::Location', 'display_name': 'München, München (Kreis)', 'area': ['Deutschland', 'Bayern', 'München (Kreis)', 'München']}","Mehr Gemeinschaft, mehr Vielfalt, mehr Flexibilität, mehr Machen! Als Versicherungskammer Real Estate GmbH gehören wir zum Konzern Versicherungskammer, einem der zehn größten Versicherer Deutschlands. Warum wir besonders sind? Wir sind da für unsere Kunden, für unsere Mitmenschen – und ganz besonders füreinander. Über 7.500 Kolleginnen und Kollegen bringen täglich ihre Stärken in den gemeinsamen Erfolg ein. Klingt gut? Dann freuen wir uns auf ein baldiges Kennenlernen! Wir suchen Dich ab 1. Sep…","{'display_name': 'Versicherungskammer Bayern', '__CLASS__': 'Adzuna::API::Response::Company'}",2026-07-27T17:45:45Z,0,48.137418,Werkstudent (d/w/m) Finance & Accounting,"{'__CLASS__': 'Adzuna::API::Response::Category', 'label': 'Unknown', 'tag': 'unknown'}",11.555737,Adzuna::API::Response::Job,,,,
eyJhbGciOiJIUzI1NiJ9.eyJpIjoiNTgyNDgwNjQ5NiIsInMiOiJqaTRkdVpTVThSRzJRTGhIR3FVeHVBIn0.XT6LuwELMhewukf76TA_geSC8JUuYt222q1_ZSxY0-E,5824806496,https://www.adzuna.de/land/ad/5824806496?se=ji4duZSU8RG2QLhHGqUxuA&utm_medium=api&utm_source=a4bcf954&v=8E132944941968F79E56615018A478A0537FEDB1,"{'__CLASS__': 'Adzuna::API::Response::Location', 'display_name': 'Sindelfingen, Böblingen (Kreis)', 'area': ['Deutschland', 'Baden-Württemberg', 'Böblingen (Kreis)', 'Sindelfingen']}","Life is always about becoming… Im Leben geht es darum, sich auf eine Reise zu begeben, um die beste Version unseres zukünftigen Selbst zu werden. Während wir Neues entdecken, stellen wir uns Herausforderungen, meistern sie und wachsen über uns hinaus. Bewerben Sie sich bei Mercedes-Benz und finden Sie den Aufgabenbereich, in dem Sie Ihre Talente individuell entfalten können. Dabei werden Sie von visionären Kolleginnen und Kollegen unterstützt, die Ihren Pioniergeist teilen. Bei uns einzusteigen…","{'display_name': 'Mercedes-Benz AG', '__CLASS__': 'Adzuna::API::Response::Company'}",2026-08-02T01:09:44Z,0,48.720071,Werkstudentent*in „Berührungslose Erregung elektrisch erregter Synchronmaschinen“ im Bereich Forschung elektrischer Antriebsstrang,"{'label': 'Unknown', '__CLASS__': 'Adzuna::API::Response::Category', 'tag': 'unknown'}",9.026231,Adzuna::API::Response::Job,,,,
eyJhbGciOiJIUzI1NiJ9.eyJpIjoiNTgzMjc5MzgyNCIsInMiOiJqaTRkdVpTVThSRzJRTGhIR3FVeHVBIn0.Egc2FpVL1P2RkzpVGZSUl0kN4vSFpTfB2QkIulXFjVU,5832793824,https://www.adzuna.de/land/ad/5832793824?se=ji4duZSU8RG2QLhHGqUxuA&utm_medium=api&utm_source=a4bcf954&v=4A22E5D1E389546A3B15A9FE82F42E62CAA757A3,"{'display_name': 'Montabaur, Westerwaldkreis', 'area': ['Deutschland', 'Rheinland-Pfalz', 'Westerwaldkreis', 'Montabaur'], '__CLASS__': 'Adzuna::API::Response::Location'}","1&1 gehört mit über 3.100 Mitarbeitenden und fast 16 Millionen Kundenverträgen zu den führenden Telekommunikationsanbietern in Deutschland. Mit Pioniergeist, ungewöhnlichen Ideen und kreativen Teams haben wir eine führende Marktstellung im Mobilfunk und bei Breitband-Anschlüssen erobert. Durch die Kombination des über 67.000 km langen 1&1 Glasfasernetzes und regionalen Netzen schaffen wir das weitreichendste Glasfasernetz Deutschlands. Außerdem bauen wir das modernste 5G-Netz Europas, auf der B…","{'display_name': '1&1', '__CLASS__': 'Adzuna::API::Response::Company'}",2026-08-08T03:56:48Z,0,50.43619,Werkstudent (w/m/d) Conversational AI Testing,"{'tag': 'it-jobs', '__CLASS__': 'Adzuna::API::Response::Category', 'label': 'IT-Stellen'}",7.83315,Adzuna::API::Response::Job,,,,
eyJhbGciOiJIUzI1NiJ9.eyJpIjoiNTgzMzc5NTM4NyIsInMiOiJqaTRkdVpTVThSRzJRTGhIR3FVeHVBIn0.PnXK3gG1ApAcnxo8FRoERYEV5shAEOt5R6vSv3OLfJg,5833795387,https://www.adzuna.de/land/ad/5833795387?se=ji4duZSU8RG2QLhHGqUxuA&utm_medium=api&utm_source=a4bcf954&v=47AADF50F7860F3578AE6DD287EEACA14A0405CC,"{'area': ['Deutschland', 'Hessen', 'Frankfurt am Main'], 'display_name': 'Frankfurt am Main, Hessen', '__CLASS__': 'Adzuna::API::Response::Location'}","Unser Anspruch ist es, eine neue Dimension im Mobile Banking zu definieren. Du kannst hier ganz vorne mit dabei sein! Das Team Marktfolge Entwicklung ist die Schnittstelle zwischen den Fachbereichen der Marktfolge und unseren Entwicklungsteams. Wir gestalten und entwickeln die Systeme, mit denen die C24 Bank ihre regulatorischen und operativen Prozesse steuert - von Compliance- und Legal-Tools über das Meldewesen bis hin zu unserer zentralen Datenplattform. In einem Umfeld mit kurzen Entscheidu…","{'display_name': 'C24 Bank GmbH', '__CLASS__': 'Adzuna::API::Response::Company'}",2026-08-08T21:56:21Z,0,50.129683,Produktmanager (m/w/d) Marktfolge Entwicklung,"{'tag': 'unknown', 'label': 'Unknown', '__CLASS__': 'Adzuna::API::Response::Category'}",8.650578,Adzuna::API::Response::Job,,,,
eyJhbGciOiJIUzI1NiJ9.eyJzIjoiamk0ZHVaU1U4UkcyUUxoSEdxVXh1QSIsImkiOiI1ODMxMjMzMTI5In0.fabf6gOT6-6WyLaPsgn-AtHa2G4gIXdbf1cmuLIjn-4,5831233129,https://www.adzuna.de/land/ad/5831233129?se=ji4duZSU8RG2QLhHGqUxuA&utm_medium=api&utm_source=a4bcf954&v=A09DC8780D57D348D5907283668781B92EC19AA1,"{'__CLASS__': 'Adzuna::API::Response::Location', 'area': ['Deutschland', 'Bayern', 'München (Kreis)', 'München'], 'display_name': 'München, München (Kreis)'}","Do you thrive at the intersection of AI innovation and clinical translation? Do you have expertise in, and a passion for leading cross functional teams to drive innovation? Would you like to apply your expertise to impact the Oncology and/or BioPharma strategic vision in a company that follows the science and turns ideas into life changing medicines? Then AstraZeneca might be the one for you! In this position you will work with a multi-disciplinary team to pioneer AI-enabled computational patho…","{'__CLASS__': 'Adzuna::API::Response::Company', 'display_name': 'AstraZeneca'}",2026-08-07T01:53:33Z,0,48.137418,"Associate Director (m/f/d), Computational Pathology Biomarker Lead (Oncology/BioPharma)","{'tag': 'unknown', 'label': 'Unknown', '__CLASS__': 'Adzuna::API::Response::Category'}",11.555737,Adzuna::API::Response::Job,,,,
eyJhbGciOiJIUzI1NiJ9.eyJzIjoiamk0ZHVaU1U4UkcyUUxoSEdxVXh1QSIsImkiOiI1Nzc1MDA1NjM0In0.7CjzBoakwHHiMG3Bc0H-ln5cOo4-fdFSedKhbQRQNuE,5775005634,https://www.adzuna.de/land/ad/5775005634?se=ji4duZSU8RG2QLhHGqUxuA&utm_medium=api&utm_source=a4bcf954&v=D05EE1B0B888DBEB5ACBF8DE826949C41E70EDE8,"{'__CLASS__': 'Adzuna::API::Response::Location', 'display_name': 'Hannover, Region Hannover (Kreis)', 'area': ['Deutschland', 'Niedersachsen', 'Region Hannover (Kreis)', 'Hannover']}","Die TIB ist eine Stiftung öffentlichen Rechts des Landes Niedersachsen. Mit rund 600 Beschäftigten und einem Etat von circa 60 Millionen Euro ist sie eine der größten Informationsinfrastruktureinrichtungen in Deutschland. Die TIB sorgt für optimale Arbeitsbedingungen und baut Maßnahmen zur Vereinbarkeit von Beruf und Familie kontinuierlich aus. Sie will die Gleichberechtigung von Frauen und Männern besonders fördern und fordert deshalb besondere qualifizierte Frauen nachdrücklich auf, sich zu b…","{'__CLASS__': 'Adzuna::API::Response::Company', 'display_name': 'Technische Informationsbibliothek '}",2026-06-24T18:36:27Z,0,52.378818,Senior KI/ML Engineer oder Postdoc / Wissenschaftliche:r Mitarbeiter:in - LLM-Infrastruktur (m/w/d),"{'label': 'Unknown', '__CLASS__': 'Adzuna::API::Response::Category', 'tag': 'unknown'}",9.742751,Adzuna::API::Response::Job,,,,
eyJhbGciOiJIUzI1NiJ9.eyJzIjoiamk0ZHVaU1U4UkcyUUxoSEdxVXh1QSIsImkiOiI1ODEyOTgwODMxIn0.QDsY9CxtpPaHGrG2kuhJeZA0H99RTdXrlCgkgyjeKf8,5812980831,https://www.adzuna.de/land/ad/5812980831?se=ji4duZSU8RG2QLhHGqUxuA&utm_medium=api&utm_source=a4bcf954&v=DF4B1D27ACAB72789A15EC5C745B5A18644B298E,"{'area': ['Deutschland', 'Berlin'], 'display_name': 'Berlin, Deutschland', '__CLASS__': 'Adzuna::API::Response::Location'}","Die Bundesanstalt für Materialforschung und -prüfung (BAM) ist eine wissenschaftlich-technische Bundesoberbehörde mit Sitz in Berlin. Als Ressortforschungseinrichtung des Bundesministeriums für Wirtschaft und Energie forschen, prüfen und beraten wir zum Schutz von Menschen, Umwelt und Sachgütern. Im Mittelpunkt unserer Tätigkeit in Materialwissenschaft, Werkstofftechnik und Chemie steht die technische Sicherheit von Produkten und Prozessen. Im europäischen Projekt MaterialsCommons entwickelt di…","{'__CLASS__': 'Adzuna::API::Response::Company', 'display_name': 'Bundesanstalt für Materialforschung und -prüfung '}",2026-07-24T01:41:44Z,0,52.507706,Promovierte*r wissenschaftliche*r Mitarbeiter*in Semantic Knowledge Engineering & Interoperabilität in Materials Science,"{'label': 'Stellen aus Wissenschaft & Qualitätssicherung', '__CLASS__': 'Adzuna::API::Response::Category', 'tag': 'scientific-qa-jobs'}",13.420806,Adzuna::API::Response::Job,,,,
eyJhbGciOiJIUzI1NiJ9.eyJzIjoiamk0ZHVaU1U4UkcyUUxoSEdxVXh1QSIsImkiOiI1Nzg5MTU1ODkwIn0.HXLa3yD4ODryjYKSuOzmKingHKyC2GOBYY3BAV5c1MA,5789155890,https://www.adzuna.de/land/ad/5789155890?se=ji4duZSU8RG2QLhHGqUxuA&utm_medium=api&utm_source=a4bcf954&v=6F1DE4452BDB85A8A7829E2669EABC548BE7B5FB,"{'display_name': 'Hessen, Deutschland', 'area': ['Deutschland', 'Hessen'], '__CLASS__': 'Adzuna::API::Response::Location'}","HRblue ist seit über 25 Jahren spezialisiert auf die Besetzung von HR Fach- und Führungspositionen. In allen Branchen und in ganz Deutschland. Aktuell besetzen wir folgendes Mandat: Unser Mandant ist ein führender europäischer Akteur in seiner Branche. Nach einer Phase der massiven Systemstabilisierung (SAP SuccessFactors, Payroll) befindet sich das Unternehmen nun in der nächsten Stufe der Automatisierung und Datenintegration. Aufgaben Vom Datenverwalter zum strategischen Sparringspartner: Ges…","{'__CLASS__': 'Adzuna::API::Response::Company', 'display_name': 'HRblue AG'}",2026-07-05T15:55:54Z,0,50.387657,Personalcontroller/in (m/w/d) – Fokus Data & Systems,"{'__CLASS__': 'Adzuna::API::Response::Category', 'label': 'Unknown', 'tag': 'unknown'}",8.870952,Adzuna::API::Response::Job,,,,
eyJhbGciOiJIUzI1NiJ9.eyJzIjoiamk0ZHVaU1U4UkcyUUxoSEdxVXh1QSIsImkiOiI1ODMzNjk3MzUxIn0.cqv1uIGQw2L9QMXMk4HaeC5LwKbtT6UOjlDU-pzcJRQ,5833697351,https://www.adzuna.de/land/ad/5833697351?se=ji4duZSU8RG2QLhHGqUxuA&utm_medium=api&utm_source=a4bcf954&v=1ABD7D54B2A58165AB7FEB91D568A937B6DE74F3,"{'display_name': 'Hiddenhausen, Herford (Kreis)', 'area': ['Deutschland', 'Nordrhein-Westfalen', 'Herford (Kreis)', 'Hiddenhausen'], '__CLASS__': 'Adzuna::API::Response::Location'}","Wir sind Peter Lacke Holding GmbH. Seit über 100 Jahren entwickeln und produzieren wir innovative Lacksysteme und sind derweil in den Marktsegmenten Automotive, Aviation, Lifestyle und Glass tätig. Peter Lacke Holding GmbH wird in der 5. Generation geführt. Unseren unternehmerischen Erfolg sichert Nachhaltigkeit im Dreiklang aus Ökonomie, Ökologie und Soziales. Wir verfügen über eigene Produktionsstandorte in 9 Ländern (Europa, Amerika, Asien) sowie zusätzliche Servicestandorte. Werde Teil unse…","{'display_name': 'Peter-Lacke Holding GmbH', '__CLASS__': 'Adzuna::API::Response::Company'}",2026-08-08T17:54:39Z,0,52.16087,Senior Controller: Data Analytics (m/w/d),"{'tag': 'unknown', 'label': 'Unknown', '__CLASS__': 'Adzuna::API::Response::Category'}",8.61783,Adzuna::API::Response::Job,,,,
eyJhbGciOiJIUzI1NiJ9.eyJpIjoiNTc1MDM4OTA4NiIsInMiOiJqaTRkdVpTVThSRzJRTGhIR3FVeHVBIn0.JK6VAMqLS_O8lUvbPGEZGdM6RmegRnJWORb88DZb9Sc,5750389086,https://www.adzuna.de/land/ad/5750389086?se=ji4duZSU8RG2QLhHGqUxuA&utm_medium=api&utm_source=a4bcf954&v=2A546E6A4CD6C05D1693DE36D50BCB026400255D,"{'__CLASS__': 'Adzuna::API::Response::Location', 'area': ['Deutschland', 'Baden-Württemberg', 'Karlsruhe (Kreis)', 'Karlsruhe'], 'display_name': 'Karlsruhe, Karlsruhe (Kreis)'}","BBBank eG - Better Banking Wir sind die größte genossenschaftliche Privatkundenbank in Deutschland. Als Digitalbank mit bundesweitem Filialnetz anüber 100 Standorten vereinen wir Erfahrung und Innovation mit derüber 100-jährigen Kompetenz eines erfolgreichen Bankhauses– kundenorientiert, wirtschaftlich, nachhaltig und sympathisch. Wir leben, lieben und liefern Better Banking und setzen Maßstäbe, die nachhaltig sind. Für Wachstum mit Substanz. Für beständige Weiterentwicklung, die Kundenerlebnis…","{'display_name': 'BBBank eG', '__CLASS__': 'Adzuna::API::Response::Company'}",2026-06-03T11:38:38Z,0,49.001249,Duales Studium Bachelor of Science (B.Sc.) Data Science und knstliche Intelligenz (m/w/d) 2027,"{'label': 'Teilzeitstellen', '__CLASS__': 'Adzuna::API::Response::Category', 'tag': 'part-time-jobs'}",8.412378,Adzuna::API::Response::Job,,,,
eyJhbGciOiJIUzI1NiJ9.eyJpIjoiNTgyMjA2NDkwMCIsInMiOiJqaTRkdVpTVThSRzJRTGhIR3FVeHVBIn0.a-pf6q274mTaPS7VXUNvznKRSR7R6TH5jrML4XcKrRw,5822064900,https://www.adzuna.de/land/ad/5822064900?se=ji4duZSU8RG2QLhHGqUxuA&utm_medium=api&utm_source=a4bcf954&v=6CF95615C49E9CCAF3491AA41F5B72D5CBC81633,"{'__CLASS__': 'Adzuna::API::Response::Location', 'display_name': 'Ulm, Baden-Württemberg', 'area': ['Deutschland', 'Baden-Württemberg', 'Ulm']}","Liebherr-Digital Development Center GmbH in Ulm develops digital solutions for the entire Liebherr Group. Our passionate team from the areas of software development, engineering and data science works together on various projects from the whole Liebherr product world. Our mission: creating outstanding digital experiences! Data Platform Engineer (m/f/d) Job-ID 82443 Aufgaben Improve and extend the current analytics and AI infrastructure (built around Databricks) Drive the data platform by observ…","{'display_name': 'Liebherr-Digital Development Center GmbH', '__CLASS__': 'Adzuna::API::Response::Company'}",2026-07-31T07:27:58Z,0,48.383137,Data Platform Engineer (m/f/d),"{'__CLASS__': 'Adzuna::API::Response::Category', 'label': 'IT-Stellen', 'tag': 'it-jobs'}",9.856945,Adzuna::API::Response::Job,,,,
eyJhbGciOiJIUzI1NiJ9.eyJpIjoiNTgxNDE5NjAyMyIsInMiOiJqaTRkdVpTVThSRzJRTGhIR3FVeHVBIn0.YpFIG5ufRUCDJnFO3qdgHJ-7m7_5n9DpNMlCgRj72Tc,5814196023,https://www.adzuna.de/land/ad/5814196023?se=ji4duZSU8RG2QLhHGqUxuA&utm_medium=api&utm_source=a4bcf954&v=0A420D02F72701D466CA21CCF35D9F068B7BC3A6,"{'display_name': 'Deutschland', 'area': ['Deutschland'], '__CLASS__': 'Adzuna::API::Response::Location'}","IQVIA – The Human Data Science Company – ist ein führender, globaler Anbieter von zukunftsweisender Analytik, Technologielösungen und klinischer Auftragsforschung. IQVIA unterstützt Life Science Unternehmen, Verbände, Institutionen, Kostenträger und weitere Akteure im Gesundheitswesen darin, bessere Ergebnisse in der Gesundheitsversorgung zu erzielen. Werden Sie Teil unserer Community von rund 90 .000 Mitarbeiterinnen und Mitarbeitern in über 100 Ländern, die sich dafür einsetzen, das Potenzial…","{'display_name': 'IQVIA CSMS GmbH', '__CLASS__': 'Adzuna::API::Response::Company'}",2026-07-24T19:18:40Z,0,,Regionalleiter (m/w/d) Ostdeutschland,"{'label': 'Beraterstellen', '__CLASS__': 'Adzuna::API::Response::Category', 'tag': 'consultancy-jobs'}",,Adzuna::API::Response::Job,,,,
eyJhbGciOiJIUzI1NiJ9.eyJzIjoiamk0ZHVaU1U4UkcyUUxoSEdxVXh1QSIsImkiOiI1ODI1ODMwMzk2In0.BJBkpdZV4zqDMH3Ml-akgnxkU0KpY2DVJVME9YZAPFg,5825830396,https://www.adzuna.de/land/ad/5825830396?se=ji4duZSU8RG2QLhHGqUxuA&utm_medium=api&utm_source=a4bcf954&v=DADFB4092CB9B3E5B1921049F51AEE5BB5A3FCFE,"{'area': ['Deutschland', 'Baden-Württemberg', 'Böblingen (Kreis)', 'Sindelfingen'], 'display_name': 'Sindelfingen, Böblingen (Kreis)', '__CLASS__': 'Adzuna::API::Response::Location'}","Life is always about becoming… Im Leben geht es darum, sich auf eine Reise zu begeben, um die beste Version unseres zukünftigen Selbst zu werden. Während wir Neues entdecken, stellen wir uns Herausforderungen, meistern sie und wachsen über uns hinaus. Bewerben Sie sich bei Mercedes-Benz und finden Sie den Aufgabenbereich, in dem Sie Ihre Talente individuell entfalten können. Dabei werden Sie von visionären Kolleginnen und Kollegen unterstützt, die Ihren Pioniergeist teilen. Bei uns einzusteigen…","{'__CLASS__': 'Adzuna::API::Response::Company', 'display_name': 'Mercedes-Benz AG'}",2026-08-02T19:07:14Z,0,48.720071,Student*in für Bachelorarbeit KI-basierte eDrive Auslegung,"{'__CLASS__': 'Adzuna::API::Response::Category', 'label': 'Unknown', 'tag': 'unknown'}",9.026231,Adzuna::API::Response::Job,,,,
eyJhbGciOiJIUzI1NiJ9.eyJzIjoiamk0ZHVaU1U4UkcyUUxoSEdxVXh1QSIsImkiOiI1ODMzNDQ1MDg3In0.-SU9X356AclMAQYQSWYUSk1m8Swk24c_yZmIQb0dakU,5833445087,https://www.adzuna.de/land/ad/5833445087?se=ji4duZSU8RG2QLhHGqUxuA&utm_medium=api&utm_source=a4bcf954&v=114A57390AD0013E98EFCAE95416A9EABD3C4F41,"{'__CLASS__': 'Adzuna::API::Response::Location', 'display_name': 'Delitzsch, Nordsachsen (Kreis)', 'area': ['Deutschland', 'Sachsen', 'Nordsachsen (Kreis)', 'Delitzsch']}","Das Center for the Transformation of Chemistry (CTC) ist ein neu entstehendes Großforschungszentrum in Mitteldeutschland mit den Standorten Delitzsch in Sachsen und Merseburg in Sachsen-Anhalt. Das Zentrum wird in der Gesellschaftsform einer gGmbH vom Bund sowie den Ländern Sachsen und Sachsen-Anhalt betrieben und finanziert. Am CTC wollen wir Chemie neu denken und umsetzen – und zwar auf vielen Ebenen: neue Materialien, neue chemische Prozesse und Anlagen und eine neue Art chemisch zu forschen…","{'__CLASS__': 'Adzuna::API::Response::Company', 'display_name': 'CTC gGmbH – Center for the Transformation of Chemistry'}",2026-08-08T15:09:30Z,0,51.52196,"Justiziar/in (m/w/d) mit Schwerpunkt Datenschutz, Vergabe- und Vertragsrecht und Arbeitsrecht","{'tag': 'unknown', '__CLASS__': 'Adzuna::API::Response::Category', 'label': 'Unknown'}",12.33728,Adzuna::API::Response::Job,,,,
eyJhbGciOiJIUzI1NiJ9.eyJpIjoiNTgzMzQ0NTA2NyIsInMiOiJqaTRkdVpTVThSRzJRTGhIR3FVeHVBIn0.pll0W9sxAYL7PzH6KYaeBmkgbp3ATWotYIMGoEnPjBE,5833445067,https://www.adzuna.de/land/ad/5833445067?se=ji4duZSU8RG2QLhHGqUxuA&utm_medium=api&utm_source=a4bcf954&v=B4CD9AB0B00AF7B311C7FCB61AB9F24579A9E278,"{'area': ['Deutschland', 'Sachsen', 'Nordsachsen (Kreis)', 'Delitzsch'], 'display_name': 'Delitzsch, Nordsachsen (Kreis)', '__CLASS__': 'Adzuna::API::Response::Location'}","Das Center for the Transformation of Chemistry (CTC) ist ein neu entstehendes Großforschungszentrum in Mitteldeutschland mit den Standorten Delitzsch in Sachsen und Merseburg in Sachsen-Anhalt. Das Zentrum wird in der Gesellschaftsform einer gGmbH vom Bund sowie den Ländern Sachsen und Sachsen-Anhalt betrieben und finanziert. Am CTC wollen wir Chemie neu denken und umsetzen – und zwar auf vielen Ebenen: neue Materialien, neue chemische Prozesse und Anlagen und eine neue Art chemisch zu forschen…","{'display_name': 'CTC gGmbH – Center for the Transformation of Chemistry', '__CLASS__': 'Adzuna::API::Response::Company'}",2026-08-08T15:09:29Z,0,51.52196,"Justiziar/in (m/w/d) mit Schwerpunkt Forschungs-, Kooperations- und Transferrecht","{'label': 'Unknown', '__CLASS__': 'Adzuna::API::Response::Category', 'tag': 'unknown'}",12.33728,Adzuna::API::Response::Job,,,,
eyJhbGciOiJIUzI1NiJ9.eyJzIjoiamk0ZHVaU1U4UkcyUUxoSEdxVXh1QSIsImkiOiI1ODA2MjgyMzgwIn0.kJV75IKyojfbRiVVTbRxg_wNGP6OwDLLco1upeeP38E,5806282380,https://www.adzuna.de/land/ad/5806282380?se=ji4duZSU8RG2QLhHGqUxuA&utm_medium=api&utm_source=a4bcf954&v=0A96B42277F8F96857F09A9F81F77B1BC801CB3A,"{'__CLASS__': 'Adzuna::API::Response::Location', 'display_name': 'Deutschland', 'area': ['Deutschland']}","Rosenxt ist eine zukunftsorientierte Technologiegruppe - wir sind visionäre Architekten des Fortschritts mit Jahrzehnten an Ingenieurs-Exzellenz. Als ein privat geführter globaler Partner mit mehr als 650 Mitarbeitern schauen wir weit in die Zukunft, setzen auf Langfristigkeit und machen so aus Chancen erfolgreiche Geschäftsfelder. Wir sind technikbegeistert durch und durch, tauchen tief in die neuesten Technologien ein. Diese Expertise in verschiedensten Technologiebereichen wie Sensoren, auto…","{'display_name': 'Rosenxt Group', '__CLASS__': 'Adzuna::API::Response::Company'}",2026-07-18T18:53:50Z,0,,"Cloud-Native Architekt (m/w/d) – Kubernetes, CNCF, MLOps","{'__CLASS__': 'Adzuna::API::Response::Category', 'label': 'IT-Stellen', 'tag': 'it-jobs'}",,Adzuna::API::Response::Job,,,,
eyJhbGciOiJIUzI1NiJ9.eyJzIjoiamk0ZHVaU1U4UkcyUUxoSEdxVXh1QSIsImkiOiI1ODEyNTM5MzQ4In0.MKxKaJfsyLWpOE3d_OQTPDu1JHYKVX_thMqZizVYC8Y,5812539348,https://www.adzuna.de/land/ad/5812539348?se=ji4duZSU8RG2QLhHGqUxuA&utm_medium=api&utm_source=a4bcf954&v=D5B283AB5FA793F1CBA6E41680CB950BA81ACEC9,"{'display_name': 'Sindelfingen, Böblingen (Kreis)', 'area': ['Deutschland', 'Baden-Württemberg', 'Böblingen (Kreis)', 'Sindelfingen'], '__CLASS__': 'Adzuna::API::Response::Location'}","Life is always about becoming… Im Leben geht es darum, sich auf eine Reise zu begeben, um die beste Version unseres zukünftigen Selbst zu werden. Während wir Neues entdecken, stellen wir uns Herausforderungen, meistern sie und wachsen über uns hinaus. Bewerben Sie sich bei Mercedes-Benz und finden Sie den Aufgabenbereich, in dem Sie Ihre Talente individuell entfalten können. Dabei werden Sie von visionären Kolleginnen und Kollegen unterstützt, die Ihren Pioniergeist teilen. Bei uns einzusteigen…","{'display_name': 'Mercedes-Benz AG', '__CLASS__': 'Adzuna::API::Response::Company'}",2026-07-23T19:04:24Z,0,48.720071,Praktikant*in Functional Safety Powertrain,"{'label': 'Stellen aus Fertigung', '__CLASS__': 'Adzuna::API::Response::Category', 'tag': 'manufacturing-jobs'}",9.026231,Adzuna::API::Response::Job,,,,
eyJhbGciOiJIUzI1NiJ9.eyJzIjoiamk0ZHVaU1U4UkcyUUxoSEdxVXh1QSIsImkiOiI1ODI0ODA0Njc3In0.dYBRgdAa-a9NEmAGUJOx5hOw9cVPqEuho9rk7-I9psQ,5824804677,https://www.adzuna.de/land/ad/5824804677?se=ji4duZSU8RG2QLhHGqUxuA&utm_medium=api&utm_source=a4bcf954&v=BCB725DB4F5537C7DCF3679C4F7DE6B1B1C4206B,"{'__CLASS__': 'Adzuna::API::Response::Location', 'display_name': 'Stuttgart, Baden-Württemberg', 'area': ['Deutschland', 'Baden-Württemberg', 'Stuttgart']}","Life is always about becoming… Im Leben geht es darum, sich auf eine Reise zu begeben, um die beste Version unseres zukünftigen Selbst zu werden. Während wir Neues entdecken, stellen wir uns Herausforderungen, meistern sie und wachsen über uns hinaus. Bewerben Sie sich bei Mercedes-Benz und finden Sie den Aufgabenbereich, in dem Sie Ihre Talente individuell entfalten können. Dabei werden Sie von visionären Kolleginnen und Kollegen unterstützt, die Ihren Pioniergeist teilen. Bei uns einzusteigen…","{'__CLASS__': 'Adzuna::API::Response::Company', 'display_name': 'Mercedes-Benz AG'}",2026-08-02T01:09:26Z,0,48.776198,Praktikant*in Market Steering - Model D Agendy Model (Pflicht-Praktikum),"{'tag': 'unknown', 'label': 'Unknown', '__CLASS__': 'Adzuna::API::Response::Category'}",9.187224,Adzuna::API::Response::Job,,,,
eyJhbGciOiJIUzI1NiJ9.eyJpIjoiNTgwNTA4MzEwNyIsInMiOiJqaTRkdVpTVThSRzJRTGhIR3FVeHVBIn0.vdTVIO80nksTak925L0jZzF0bmeVQyucMZnoUQgIzJw,5805083107,https://www.adzuna.de/land/ad/5805083107?se=ji4duZSU8RG2QLhHGqUxuA&utm_medium=api&utm_source=a4bcf954&v=30FA07B47F3390839657CA59C74E761692A4239B,"{'__CLASS__': 'Adzuna::API::Response::Location', 'display_name': 'Hannover, Region Hannover (Kreis)', 'area': ['Deutschland', 'Niedersachsen', 'Region Hannover (Kreis)', 'Hannover']}",Die TIB ist eine Stiftung öffentlichen Rechts des Landes Niedersachsen. Mit rund 600 Beschäftigten und einem Etat von circa 60 Millionen Euro ist sie eine der größten Informationsinfrastruktureinrichtungen in Deutschland. Als Deutsche Zentrale Fachbibliothek für Technik und Naturwissenschaften sichern wir mit unseren zukunftsweisenden Dienstleistungen die infrastrukturellen Voraussetzungen einer qualitativ hochwertigen Informations- und Literaturversorgung für Forschung in Wissenschaft und Indu…,"{'__CLASS__': 'Adzuna::API::Response::Company', 'display_name': 'Technische Informationsbibliothek '}",2026-07-17T19:12:16Z,0,52.378818,Dev/MLOps Engineer (m/w/d),"{'tag': 'it-jobs', '__CLASS__': 'Adzuna::API::Response::Category', 'label': 'IT-Stellen'}",9.742751,Adzuna::API::Response::Job,,,,
eyJhbGciOiJIUzI1NiJ9.eyJzIjoiamk0ZHVaU1U4UkcyUUxoSEdxVXh1QSIsImkiOiI1ODE3NDI3ODczIn0.SVMFQhpZ4r7zKTkzOo9gpQ3xry-xtEWY0CMYMuEuQ_o,5817427873,https://www.adzuna.de/land/ad/5817427873?se=ji4duZSU8RG2QLhHGqUxuA&utm_medium=api&utm_source=a4bcf954&v=527D592DA4B0772CE4396E19AE5587A0D19A8296,"{'area': ['Deutschland', 'Hamburg'], 'display_name': 'Hamburg, Deutschland', '__CLASS__': 'Adzuna::API::Response::Location'}",Die TUI Cruises GmbH ist einer der führenden Kreuzfahrtanbieter im deutschsprachigen Raum. Das Gemeinschaftsunternehmen der TUI AG und des US-Kreuzfahrtunternehmens Royal Caribbean Cruises Ltd. beschäftigt rund 750 Mitarbeitende in Hamburg und Berlin. An Bord der Schiffe werden 136 Positionen direkt von der TUI Cruises GmbH betreut. Für die Marke Mein Schiff® fährt eine Flotte von neun Schiffen. Seit Ende 2020 ist auch die Marke Hapag-Lloyd Cruises mit einer Flotte von aktuell fünf Schiffen Tei…,"{'__CLASS__': 'Adzuna::API::Response::Company', 'display_name': 'TUI Cruises GmbH'}",2026-07-27T15:43:22Z,0,53.557429,Revenue Management Related Systems Manager (all gender),"{'label': 'IT-Stellen', '__CLASS__': 'Adzuna::API::Response::Category', 'tag': 'it-jobs'}",9.987297,Adzuna::API::Response::Job,,,,
eyJhbGciOiJIUzI1NiJ9.eyJpIjoiNTgzMzUxMzc4NiIsInMiOiJqaTRkdVpTVThSRzJRTGhIR3FVeHVBIn0.qnnJX50XSWpaizC6eBOtfZtxHg5j9YZ-a5U4qppmSrc,5833513786,https://www.adzuna.de/land/ad/5833513786?se=ji4duZSU8RG2QLhHGqUxuA&utm_medium=api&utm_source=a4bcf954&v=E367EB1A50AB50CE7D83E1D0DD19939C7A12FCFF,"{'__CLASS__': 'Adzuna::API::Response::Location', 'area': ['Deutschland', 'Nordrhein-Westfalen', 'Bonn'], 'display_name': 'Bonn, Nordrhein-Westfalen'}","Das Deutsche Zentrum für Neurodegenerative Erkrankungen (DZNE) ist ein weltweit führendes, inter­national ausgerichtetes Forschungs­zentrum, das sich der Entdeckung neuer Ansätze zur Prävention und Behandlung neuro­degenerativer Erkrankungen verschrieben hat. Team Lead Scientific IT (m/w/d) Code: 1559/2026/7 in Voll- oder Teilzeit (mind. 75 %) zum nächstmöglichen Zeitpunkt, 2 Jahre, mit Option auf Entfristung Standort: Bonn Aufgaben Als Team Lead übernehmen Sie die strategische Gesamtverantwort…","{'__CLASS__': 'Adzuna::API::Response::Company', 'display_name': 'Deutsches Zentrum für Neurodegenerative Erkrankungen e.V. '}",2026-08-08T15:56:37Z,0,50.71942,Team Lead Scientific IT (m/w/d),"{'__CLASS__': 'Adzuna::API::Response::Category', 'label': 'Unknown', 'tag': 'unknown'}",7.112412,Adzuna::API::Response::Job,,,,
eyJhbGciOiJIUzI1NiJ9.eyJzIjoiVFBSUnVwU1U4UkdXUG9KcVFYRlBudyIsImkiOiI1ODI2NjE4NzMzIn0.D77FTtZulg5eVOasiECGETP-nPOKXEvgkVUCAZXOVeg,5826618733,https://www.adzuna.de/land/ad/5826618733?se=TPRRupSU8RGWPoJqQXFPnw&utm_medium=api&utm_source=a4bcf954&v=1E43691B5DC17E92E5A4DD0A8DFF7BE36797C58B,"{'__CLASS__': 'Adzuna::API::Response::Location', 'display_name': 'Windhagen, Gummersbach', 'area': ['Deutschland', 'Nordrhein-Westfalen', 'Oberbergischer Kreis', 'Gummersbach', 'Windhagen']}","Die Wirtgen GmbH ist Teil der Wirtgen Group, einem international führenden Unternehmensverbund der Baumaschinenindustrie mit Werken in Deutschland, Brasilien, China und Indien sowie einem weltweiten Vertriebs- und Servicenetz. Als Spezialist für Maschinen und Verfahren für den Bau und die Instandsetzung von Fahrbahnen ist Wirtgen Marktführer. Am Unternehmensstandort Windhagen arbeiten rund 2.100 Beschäftigte. Unsere Arbeitswelt ist geprägt von technischer Exzellenz, globaler Zusammenarbeit und …","{'__CLASS__': 'Adzuna::API::Response::Company', 'display_name': 'Wirtgen GmbH'}",2026-08-03T15:50:18Z,0,51.04524,(Senior) Solution Architect AI (m/w/d),"{'label': 'IT-Stellen', 'tag': 'it-jobs', '__CLASS__': 'Adzuna::API::Response::Category'}",7.54895,Adzuna::API::Response::Job,,,,
eyJhbGciOiJIUzI1NiJ9.eyJpIjoiNTgyNTgxMjI2MCIsInMiOiJUUFJSdXBTVThSR1dQb0pxUVhGUG53In0.0HHV-W-Bn_1SKylYTSdbZCCJdXuoMhF-IIlyBj0pMdE,5825812260,https://www.adzuna.de/land/ad/5825812260?se=TPRRupSU8RGWPoJqQXFPnw&utm_medium=api&utm_source=a4bcf954&v=4727FA00F0C4E720E91B28232EC2AEEFC8910B09,"{'area': ['Deutschland', 'Baden-Württemberg', 'Stuttgart'], 'display_name': 'Stuttgart, Baden-Württemberg', '__CLASS__': 'Adzuna::API::Response::Location'}","Die Almato mit Hauptsitz in Stuttgart ist der europäische Spezialist für KI-gestützte semantische Datenplattformen. Mit Bardioc, der AI-powered Semantic Data Platform, bietet Almato eine souveräne und leistungsstarke Lösung zur intelligenten Nutzung von Daten, verfügbar in verschiedenen Betriebsmodellen, darunter als Platform as a Service (PaaS). Rund 200 Mitarbeiter unterstützen Organisationen aus Wirtschaft, öffentlichem Sektor und Verteidigung gemeinsam mit führenden Partnern in den Bereiche…","{'__CLASS__': 'Adzuna::API::Response::Company', 'display_name': 'Almato AG'}",2026-08-02T17:51:02Z,0,48.776198,(Senior) Softwareentwickler Go / Golang (all genders),"{'tag': 'it-jobs', 'label': 'IT-Stellen', '__CLASS__': 'Adzuna::API::Response::Category'}",9.187224,Adzuna::API::Response::Job,,,,
eyJhbGciOiJIUzI1NiJ9.eyJzIjoiVFBSUnVwU1U4UkdXUG9KcVFYRlBudyIsImkiOiI1ODExMDQ3MzA3In0.M0Ep_Adt8X-5pa76bS90rg26JYj5DDlMSeX6WEaiPlU,5811047307,https://www.adzuna.de/land/ad/5811047307?se=TPRRupSU8RGWPoJqQXFPnw&utm_medium=api&utm_source=a4bcf954&v=D5AE0764CEA1F71CDB4AF22EDA45BB4B11FC0367,"{'area': ['Deutschland', 'Bayern', 'Aschaffenburg (Kreis)', 'Bessenbach'], 'display_name': 'Bessenbach, Aschaffenburg (Kreis)', '__CLASS__': 'Adzuna::API::Response::Location'}","SAF-HOLLAND ist ein international führender Hersteller von fahrwerksbezogenen Baugruppen und Komponenten für Trailer, Lkw und Busse. Auf sechs Kontinenten beschäftigt SAF-HOLLAND rund 5.500 engagierte Mitarbeitende. Die Produktpalette umfasst unter anderem Achs- und Federungssysteme für Trailer sowie Sattelkupplungen und Kupplungssysteme für Lkw, Anhänger und Sattelauflieger als auch Brems- und EBS-Systeme. Daneben entwickelt SAF-HOLLAND innovative Produkte zur Erhöhung der Effizienz, Sicherhei…","{'__CLASS__': 'Adzuna::API::Response::Company', 'display_name': 'SAF-HOLLAND GmbH'}",2026-07-22T17:40:09Z,0,49.9599,Global AI Adoption & Transformation Lead (m/w/d),"{'label': 'IT-Stellen', 'tag': 'it-jobs', '__CLASS__': 'Adzuna::API::Response::Category'}",9.24812,Adzuna::API::Response::Job,,,,
eyJhbGciOiJIUzI1NiJ9.eyJpIjoiNTcyNzMzMzIzNCIsInMiOiJUUFJSdXBTVThSR1dQb0pxUVhGUG53In0.fwerw4gZAU6QrULSMg9blYGvdtEt9nwf7UAkg1Tswg4,5727333234,https://www.adzuna.de/details/5727333234?utm_medium=api&utm_source=a4bcf954,"{'__CLASS__': 'Adzuna::API::Response::Location', 'area': ['Deutschland', 'Nordrhein-Westfalen', 'Rhein-Erft-Kreis', 'Hürth'], 'display_name': 'Hürth, Rhein-Erft-Kreis'}","Das sind wir Daten sind für uns nicht gleich Daten. Du teilst unsere Mission ""Mehr aus Daten rausholen""? Dann bist Du als Newbie oder erfahrenes Data Science Talent bei uns mehr als willkommen! Bei SKOPOS ELEMENTS unterstützen talentierte Data Scientists zukunftsorientierte Unternehmen und Menschen bei ihrem Weg zur Data Driven Company. Als Teil der SKOPOS GROUP sind wir seit 1995 führender Anbieter in der Marktforschung und beschäftigen aktuell über 140 Mitarbeitende. Begleite unser Wachstum u…","{'__CLASS__': 'Adzuna::API::Response::Company', 'display_name': 'Skopos Group'}",2026-05-12T23:14:56Z,0,50.87096,Initiativbewerbung Data Science / BI,"{'tag': 'unknown', 'label': 'Unknown', '__CLASS__': 'Adzuna::API::Response::Category'}",6.86811,Adzuna::API::Response::Job,full_time,,,
eyJhbGciOiJIUzI1NiJ9.eyJzIjoiVFBSUnVwU1U4UkdXUG9KcVFYRlBudyIsImkiOiI1Nzg0MjQ2NjExIn0.desCKtfHsh6hdyJt0RIDacwlp1nNY0zlYuXzNpCbF5Y,5784246611,https://www.adzuna.de/details/5784246611?utm_medium=api&utm_source=a4bcf954,"{'area': ['Deutschland', 'Berlin'], 'display_name': 'Berlin, Deutschland', '__CLASS__': 'Adzuna::API::Response::Location'}","What you’ll do Build, mentor, and lead an elite data science team as a trusted, empathetic player-coach, while clearly communicating complex technical ideas to executives, customers, and partners Personally design, train, deploy, and own the models that power Peec AI’s AI Search recommendations, taking hands-on responsibility for our most business-critical ML systems Develop and ship novel algorithms that reverse-engineer AI search and LLM behavior, turning deep technical insight into durable, …","{'display_name': 'Peec AI', '__CLASS__': 'Adzuna::API::Response::Company'}",2026-07-01T22:58:19Z,0,52.507706,Engineering Manager (Data Science),"{'__CLASS__': 'Adzuna::API::Response::Category', 'label': 'IT-Stellen', 'tag': 'it-jobs'}",13.420806,Adzuna::API::Response::Job,full_time,120000.0,160000.0,
eyJhbGciOiJIUzI1NiJ9.eyJzIjoiVFBSUnVwU1U4UkdXUG9KcVFYRlBudyIsImkiOiI1ODI5MDI1NjQxIn0.fJpjimHJN76mfndHR1Mis2022yhj527yPkHPxji-jqo,5829025641,https://www.adzuna.de/details/5829025641?utm_medium=api&utm_source=a4bcf954,"{'display_name': 'Blomberg, Wittmund (Kreis)', 'area': ['Deutschland', 'Niedersachsen', 'Wittmund (Kreis)', 'Blomberg'], '__CLASS__': 'Adzuna::API::Response::Location'}","Als Industrieunternehmen sammeln wir an vielen Stellen wertvolle Daten – in kaufmännischen Abteilungen, in technischen Bereichen und direkt in der Produktion. Ihre Auswertung hilft uns dabei, Abläufe zu verbessern und effizienter zu gestalten. Dafür ist ein dauerhaftes und strukturiertes Datenmanagement unverzichtbar. Die Zukunft basiert auf der Analyse komplexer Daten. Nur wer diese richtig auswerten und interpretieren kann, sorgt für reibungslose Prozesse und treibt Innovationen voran. Durch …","{'display_name': 'Phoenix Contact GmbH & Co. KG', '__CLASS__': 'Adzuna::API::Response::Company'}",2026-08-05T13:00:32Z,0,53.57559,Duales Studium Data Science,"{'__CLASS__': 'Adzuna::API::Response::Category', 'label': 'Unknown', 'tag': 'unknown'}",7.55838,Adzuna::API::Response::Job,,,,
eyJhbGciOiJIUzI1NiJ9.eyJpIjoiNTUwMjI1NzkzMCIsInMiOiJUUFJSdXBTVThSR1dQb0pxUVhGUG53In0.iLOfq02g7eoTqLGl3n5phvhXL2fZ1X4fZu2bv-FuI8I,5502257930,https://www.adzuna.de/details/5502257930?utm_medium=api&utm_source=a4bcf954,"{'area': ['Deutschland', 'Berlin'], 'display_name': 'Berlin, Deutschland', '__CLASS__': 'Adzuna::API::Response::Location'}","Who we are Melotech is revolutionizing media and entertainment. We create art through technology for humans to enjoy. In just 24 months, our work has been heard, watched and loved for over 3 billion minutes worldwide. Founded by entrepreneur and investor Soheil Mirpour, we are backed by top VCs Cherry Ventures, Speedinvest and GFC, alongside world-class angels from firms such as Spotify, Blackstone and KKR. What you will do Join us as our first dedicated Data Scientist to bring order to the cha…","{'__CLASS__': 'Adzuna::API::Response::Company', 'display_name': 'Melotech'}",2025-11-18T19:20:38Z,0,52.507706,"Data Science, Music & Audio","{'tag': 'unknown', 'label': 'Unknown', '__CLASS__': 'Adzuna::API::Response::Category'}",13.420806,Adzuna::API::Response::Job,full_time,,,
eyJhbGciOiJIUzI1NiJ9.eyJzIjoiVFBSUnVwU1U4UkdXUG9KcVFYRlBudyIsImkiOiI1ODAyNDEyODg1In0.1adq36ne68iCyIw1RFbFiwy-Iv9L5skA-Yb-7dmktz0,5802412885,https://www.adzuna.de/land/ad/5802412885?se=TPRRupSU8RGWPoJqQXFPnw&utm_medium=api&utm_source=a4bcf954&v=342D91CDDD5CC819F328950C3C3D5E2441060795,"{'__CLASS__': 'Adzuna::API::Response::Location', 'display_name': 'Duisburg, Nordrhein-Westfalen', 'area': ['Deutschland', 'Nordrhein-Westfalen', 'Duisburg']}","An der Universität Duisburg-Essen ist in der Fakultät für Ingenieurwissenschaften zum nächstmöglichen Zeitpunkt die Stelle zu besetzen: Universitätsprofessur für Data Science im Maschinenbau (Besoldungsgruppe W2 LBesO W - mit Tenure Track nach W3) Gesucht wird eine ausgewiesene Persönlichkeit für Data Science in den Ingenieurwissenschaften. Der Anwendungsfokus liegt auf der Entwicklung datenbasierter Methoden für die Automatisierungstechnik, autonome Systeme sowie die Mechatronik. Die zukünftig…","{'display_name': 'Universität Duisburg-Essen', '__CLASS__': 'Adzuna::API::Response::Company'}",2026-07-16T09:31:47Z,0,51.443356,Universitätsprofessur für Data Science im Maschinenbau,"{'__CLASS__': 'Adzuna::API::Response::Category', 'tag': 'unknown', 'label': 'Unknown'}",6.743718,Adzuna::API::Response::Job,,,,
eyJhbGciOiJIUzI1NiJ9.eyJzIjoiVFBSUnVwU1U4UkdXUG9KcVFYRlBudyIsImkiOiI1ODI4MDE0NzQxIn0.PItCJ8BqyFrn-p_3ovI1_AIZ_PMUKe0Bnsu3vxda1M0,5828014741,https://www.adzuna.de/details/5828014741?utm_medium=api&utm_source=a4bcf954,"{'__CLASS__': 'Adzuna::API::Response::Location', 'display_name': 'Tiergarten, Berlin', 'area': ['Deutschland', 'Berlin', 'Tiergarten']}","Aufgaben Du unterstützt unser zentrales Daten & Cloud Team bei Datenanalysen, BI-Reporting und Cloud Administration. Du entwickelst und pflegst ETL-Pipelines für End-to-End-Datenanalysen – mit Python auf AWS. Du führst eigenständig Datenanalysen durch und bereitest die Ergebnisse in aussagekräftigen Dashboards und Berichten in Power BI auf. Du verantwortest Aufgaben rund um unser Data Warehouse, etwa Datenmodellierung und Sicherstellung der Datenqualität. Du identifizierst neue KI-Use-Cases, an…","{'__CLASS__': 'Adzuna::API::Response::Company', 'display_name': 'NOW Nationale Organisation für den Wandel in der Mobilität'}",2026-08-04T17:44:11Z,0,52.50961,Werkstudent*in Data Science & KI,"{'tag': 'unknown', 'label': 'Unknown', '__CLASS__': 'Adzuna::API::Response::Category'}",13.32966,Adzuna::API::Response::Job,part_time,,,
eyJhbGciOiJIUzI1NiJ9.eyJpIjoiNTY3MjQ3Nzk1MCIsInMiOiJUUFJSdXBTVThSR1dQb0pxUVhGUG53In0.51S3hZ89SU_M9MFhVcLOGRGouX3abfMyLtcNQSipUxA,5672477950,https://www.adzuna.de/details/5672477950?utm_medium=api&utm_source=a4bcf954,"{'__CLASS__': 'Adzuna::API::Response::Location', 'area': ['Deutschland', 'Bayern', 'Donau-Ries (Kreis)', 'Monheim'], 'display_name': 'Monheim, Donau-Ries (Kreis)'}","Make your mark for patients To strengthen our Global Advanced Analytics team, we are looking for an adaptable, collaborative individual with an intrapreneurial mindset for our Analytics Lead opening . This hybrid role is based in our headquarters in Monheim, Germany requiring 40% onsite presence and 5-10% international/ domestic travel. About the role You will help to inform on the commercial viability of various assets in development. You will be responsible for making exceptional business imp…","{'display_name': 'UCB', '__CLASS__': 'Adzuna::API::Response::Company'}",2026-03-19T22:33:09Z,0,48.84099,Data Science Lead 1,"{'__CLASS__': 'Adzuna::API::Response::Category', 'label': 'Unknown', 'tag': 'unknown'}",10.85789,Adzuna::API::Response::Job,,,,
eyJhbGciOiJIUzI1NiJ9.eyJzIjoiVFBSUnVwU1U4UkdXUG9KcVFYRlBudyIsImkiOiI1NzA4MTA4NDQ5In0.3S7vf8FxK5v7vc0GF7FxCxE8HyIFOml3Qbg1t7WPb-A,5708108449,https://www.adzuna.de/details/5708108449?utm_medium=api&utm_source=a4bcf954,"{'__CLASS__': 'Adzuna::API::Response::Location', 'area': ['Deutschland'], 'display_name': 'Deutschland'}","Deine Aufgaben Werde Teil unseres Daten & KI Teams, unterstütze datenbasierte Analysen und entwickle innovative Automatisierungslösungen. Ab sofort für 4 bis 6 Monate. … konkret heißt das: Erhalte Einblicke in Big Data und Machine Learning Technologien Mitarbeit bei Datenerhebung, -aufbereitung und explorativer Analyse Entwicklung, Validierung und Pilotierung KI- und Statistik-basierte Lösungen für automatisierte Entscheidungen in Fachabteilungen Einbringen in die strategische Definition von Da…","{'display_name': 'Lidl Stiftung', '__CLASS__': 'Adzuna::API::Response::Company'}",2026-04-23T10:57:19Z,0,,Praktikum Data Science in Neckarsulm,"{'tag': 'unknown', 'label': 'Unknown', '__CLASS__': 'Adzuna::API::Response::Category'}",,Adzuna::API::Response::Job,full_time,,,
eyJhbGciOiJIUzI1NiJ9.eyJzIjoiVFBSUnVwU1U4UkdXUG9KcVFYRlBudyIsImkiOiI1ODMzNzgwMzQ2In0.2XzanrHY_cHDD5RxGahal-Mwo5somhFfXZlP4aQPN3I,5833780346,https://www.adzuna.de/land/ad/5833780346?se=TPRRupSU8RGWPoJqQXFPnw&utm_medium=api&utm_source=a4bcf954&v=B39D6BF8862C7A4268B3C66BCDEB2AB145E0CA87,"{'__CLASS__': 'Adzuna::API::Response::Location', 'display_name': 'Illertissen, Neu-Ulm (Kreis)', 'area': ['Deutschland', 'Bayern', 'Neu-Ulm (Kreis)', 'Illertissen']}","Du liebst Daten, denkst analytisch und möchtest Dashboards entwickeln, die wirklich genutzt werden? Dann werde Teil unseres Teams und unterstütze uns als Werkstudent Business Intelligence & Power BI (m/w/d) dabei, unser Reporting und unsere Business-Intelligence-Landschaft auf das nächste Level zu bringen. Aufgaben Entwicklung und Weiterentwicklung interaktiver Power BI Dashboards Visualisierung von Kennzahlen für verschiedene Unternehmensbereiche Aufbau und Optimierung von Datenmodellen und Au…","{'__CLASS__': 'Adzuna::API::Response::Company', 'display_name': 'WEH FluidTech GmbH'}",2026-08-08T19:36:39Z,0,48.22071,Werkstudent Business Intelligence & Power BI (m/w/d),"{'__CLASS__': 'Adzuna::API::Response::Category', 'tag': 'unknown', 'label': 'Unknown'}",10.10252,Adzuna::API::Response::Job,,,,
eyJhbGciOiJIUzI1NiJ9.eyJzIjoiVFBSUnVwU1U4UkdXUG9KcVFYRlBudyIsImkiOiI1ODI4NDA1NDcxIn0.6h1yJcZ9agLiELLJZpvULyUvPukaAq6uqI7zdrznmF0,5828405471,https://www.adzuna.de/land/ad/5828405471?se=TPRRupSU8RGWPoJqQXFPnw&utm_medium=api&utm_source=a4bcf954&v=760E4891DF9D5AABB11EDB1C2DAB195005EF42B8,"{'__CLASS__': 'Adzuna::API::Response::Location', 'area': ['Deutschland', 'Sachsen', 'Dresden'], 'display_name': 'Dresden, Sachsen'}","This position is part of a 5-year research program funded by the German Federal Ministry of Research, Technology and Space (BMFTR) that aims to develop generalizable, clinically relevant AI approaches for surgical video analysis, working with one of the world's largest prospective surgical video registries. As a Postdoctoral Research Associate, you will contribute to evaluating and optimizing the real-world performance of state-of-the-art AI models for surgical video understanding. The position…","{'display_name': 'Universitätsklinikum Carl Gustav Carus Dresden', '__CLASS__': 'Adzuna::API::Response::Company'}",2026-08-05T01:52:56Z,0,51.052725,Postdoctoral Research Associate Position (m/f/d) - Surgical AI,"{'__CLASS__': 'Adzuna::API::Response::Category', 'tag': 'unknown', 'label': 'Unknown'}",13.756452,Adzuna::API::Response::Job,,,,
eyJhbGciOiJIUzI1NiJ9.eyJzIjoiVFBSUnVwU1U4UkdXUG9KcVFYRlBudyIsImkiOiI1Nzg2MzY4ODQ3In0.KTb7Unx2rq5qVILUrX8GDm9VFKG5pnq1TDBBC_rsaW8,5786368847,https://www.adzuna.de/land/ad/5786368847?se=TPRRupSU8RGWPoJqQXFPnw&utm_medium=api&utm_source=a4bcf954&v=3DB852D3F5DA7CCAFD5FF42220CFDFB638C36355,"{'display_name': 'Köln, Nordrhein-Westfalen', 'area': ['Deutschland', 'Nordrhein-Westfalen', 'Köln'], '__CLASS__': 'Adzuna::API::Response::Location'}","Meyerthole Siems Kohlruss (MSK) ist eine aktuarielle Beratungsgesellschaft mit Sitz in Köln und seit 1998 im deutschsprachigen Raum für Schaden- und Unfallversicherer tätig. Unsere Schwerpunkte liegen auf abwechslungsreichen Aufgaben aus den Bereichen Data Science, Telematik, Pricing, Naturgefahren, Bilanzbewertung, Rückversicherung und Solvency II. Zu unseren Mandaten zählen mehr als 80 Versicherer und Rückversicherer sowie InsurTechs. Kreativität und Teamarbeit haben einen hohen Stellenwert b…","{'display_name': 'Meyerthole Siems Kohlruss Ges. für aktuarielle Beratung mbH', '__CLASS__': 'Adzuna::API::Response::Company'}",2026-07-03T06:41:21Z,0,50.940164,Werkstudent oder Praktikant (d/m/w) Versicherungsmathematik,"{'tag': 'unknown', 'label': 'Unknown', '__CLASS__': 'Adzuna::API::Response::Category'}",6.969972,Adzuna::API::Response::Job,,,,
eyJhbGciOiJIUzI1NiJ9.eyJzIjoiVFBSUnVwU1U4UkdXUG9KcVFYRlBudyIsImkiOiI1ODMyMjYyMTg4In0.AVOXsvrpER7OHZShgcHr0p46LKYpZ8mHyrVvMrdllwA,5832262188,https://www.adzuna.de/land/ad/5832262188?se=TPRRupSU8RGWPoJqQXFPnw&utm_medium=api&utm_source=a4bcf954&v=CF25F1A341D292621C22B9D8C25A87CE2DD1A155,"{'area': ['Deutschland', 'Nordrhein-Westfalen', 'Dortmund'], 'display_name': 'Dortmund, Nordrhein-Westfalen', '__CLASS__': 'Adzuna::API::Response::Location'}","Head of Data Strategy, Analytics & Engineering : Tragen Sie dazu bei, Wunden zu heilen, Innovationen zu fördern und Wachstum zu gestalten! Schwer heilende Wunden sind eine enorme Belastung für Patienten, Angehörige und Behandelnde. Machen Sie durch Ihr gestalterisches Mitwirken einen signifikanten Unterschied. Wir entwickeln Produkte und Services, um Wunden bezahlbar zu heilen. Als wachsendes, zukunftsorientiertes inhabergeführtes Familienunternehmen investieren und arbeiten wir mit langfristig…","{'__CLASS__': 'Adzuna::API::Response::Company', 'display_name': 'Dr. Ausbüttel GmbH & Co. KG'}",2026-08-07T19:42:06Z,0,51.504967,"Head of Data Strategy, Analytics & Engineering (m/w/d)","{'__CLASS__': 'Adzuna::API::Response::Category', 'tag': 'unknown', 'label': 'Unknown'}",7.464954,Adzuna::API::Response::Job,,,,
eyJhbGciOiJIUzI1NiJ9.eyJpIjoiNTgzNDAyODY5OSIsInMiOiJUUFJSdXBTVThSR1dQb0pxUVhGUG53In0.A8G-M6_uCXii_RyvsN5CA1NiSnAwZIA-FPa4x5ynCMg,5834028699,https://www.adzuna.de/land/ad/5834028699?se=TPRRupSU8RGWPoJqQXFPnw&utm_medium=api&utm_source=a4bcf954&v=CD89249824453C5ED9BB9F5C9CA8C94834BB8BB7,"{'__CLASS__': 'Adzuna::API::Response::Location', 'display_name': 'Eschborn, Main-Taunus-Kreis', 'area': ['Deutschland', 'Hessen', 'Main-Taunus-Kreis', 'Eschborn']}","Are you ready to shape your future with confidence? Gemeinsam die Welt jeden Tag ein bisschen besser machen. Für diesen Anspruch setzen wir bei EY alles in Bewegung und gehen als Team „all in"". Schließlich haben wir ein klares Ziel vor Augen: nachhaltigen Wert und Wachstum zu schaffen - für unsere Mandant:innen, Mitarbeitenden und die gesamte Gesellschaft. Unser globales Netzwerk aus rund 400.000 Mitarbeitenden weltweit bietet dir alle Möglichkeiten zu wachsen, dich zu entwickeln, dich zu spezi…","{'display_name': 'EY Deutschland', '__CLASS__': 'Adzuna::API::Response::Company'}",2026-08-09T01:12:41Z,0,,Praktikant Data Science im Bereich prüfungsnahe Beratung / Quants (Financial Services) (w/m/d),"{'__CLASS__': 'Adzuna::API::Response::Category', 'label': 'Stellen für Hochschulabsolventen', 'tag': 'graduate-jobs'}",,Adzuna::API::Response::Job,,,,
eyJhbGciOiJIUzI1NiJ9.eyJpIjoiNTc0NzQ3OTMxNSIsInMiOiJUUFJSdXBTVThSR1dQb0pxUVhGUG53In0.gsvhMmWn5Hl0lV1IYDsrnXsENh3YvGvHeC86-0cLxFc,5747479315,https://www.adzuna.de/land/ad/5747479315?se=TPRRupSU8RGWPoJqQXFPnw&utm_medium=api&utm_source=a4bcf954&v=22F409D57B11560FDF443C3B3883B3BC2DDEFF7B,"{'display_name': 'Köln, Nordrhein-Westfalen', 'area': ['Deutschland', 'Nordrhein-Westfalen', 'Köln'], '__CLASS__': 'Adzuna::API::Response::Location'}","INFOMOTION ist die Data Performance Company – mit über 600 Datenenthusiastinnen und -enthusiasten an neun Standorten und mehr als 20 Jahren Erfahrung. Bei uns bringst Du Deine Expertise gezielt ein – und entwickelst sie weiter, gemeinsam mit einem Team, das Wissen teilt, Verantwortung lebt und Zukunft gestaltet. Du möchtest Deine Erfahrung nicht nur vertiefen, sondern auch weitergeben – und mit anderen gemeinsam echte Datenwirkung erzielen? Dann gestalte mit uns die nächste Etappe – persönlich,…","{'__CLASS__': 'Adzuna::API::Response::Company', 'display_name': 'INFOMOTION GmbH'}",2026-06-01T12:50:09Z,0,50.940164,Senior Datenarchitekt (m/w/d) Data & AI Strategie,"{'__CLASS__': 'Adzuna::API::Response::Category', 'tag': 'it-jobs', 'label': 'IT-Stellen'}",6.969972,Adzuna::API::Response::Job,,,,
eyJhbGciOiJIUzI1NiJ9.eyJpIjoiNTgxNDIyMTEzNCIsInMiOiJUUFJSdXBTVThSR1dQb0pxUVhGUG53In0.W48guCEOFLjxtsZNs65OmtMphk6eAfi3tnSYuHG9X3Y,5814221134,https://www.adzuna.de/land/ad/5814221134?se=TPRRupSU8RGWPoJqQXFPnw&utm_medium=api&utm_source=a4bcf954&v=2784CBD8FC31962DEBF586A8865A95E7C0C540FB,"{'area': ['Deutschland', 'Baden-Württemberg', 'Ludwigsburg (Kreis)', 'Affalterbach'], 'display_name': 'Affalterbach, Ludwigsburg (Kreis)', '__CLASS__': 'Adzuna::API::Response::Location'}","Life is always about becoming… Im Leben geht es darum, sich auf eine Reise zu begeben, um die beste Version unseres zukünftigen Selbst zu werden. Während wir Neues entdecken, stellen wir uns Herausforderungen, meistern sie und wachsen über uns hinaus. Bewerben Sie sich bei Mercedes-Benz und finden Sie den Aufgabenbereich, in dem Sie Ihre Talente individuell entfalten können. Dabei werden Sie von visionären Kolleginnen und Kollegen unterstützt, die Ihren Pioniergeist teilen. Bei uns einzusteigen…","{'__CLASS__': 'Adzuna::API::Response::Company', 'display_name': 'Mercedes-Benz AG'}",2026-07-24T19:28:36Z,0,48.92287,Praktikant*in Reichweiteprognose Performance BEV sowie Betriebsstrategie V8 (Pflicht-Praktikum),"{'__CLASS__': 'Adzuna::API::Response::Category', 'tag': 'unknown', 'label': 'Unknown'}",9.32281,Adzuna::API::Response::Job,,,,
eyJhbGciOiJIUzI1NiJ9.eyJpIjoiNTgwMjg3NjAxNiIsInMiOiJUUFJSdXBTVThSR1dQb0pxUVhGUG53In0.-_G-8CrZYuQNfAWrU10VWhCW_vM6b72ow9GDylYKxyY,5802876016,https://www.adzuna.de/land/ad/5802876016?se=TPRRupSU8RGWPoJqQXFPnw&utm_medium=api&utm_source=a4bcf954&v=A446F79ED3FD6DCF995F9444E2EAB814B95DA6EC,"{'area': ['Deutschland', 'Baden-Württemberg', 'Heilbronn (Kreis)', 'Heilbronn'], 'display_name': 'Heilbronn, Heilbronn (Kreis)', '__CLASS__': 'Adzuna::API::Response::Location'}","DAS DUALE HOCHSCHULSTUDIUM MIT ZUKUNFT. Die Duale Hochschule Baden-Württemberg (DHBW) ist mit rund 33.000 Studierenden an neun Studienakademien und drei Campus sowie dem Center for Advanced Studies die größte Hochschule Baden-Württembergs. Gemeinsam mit 9.000 ausgewählten Unternehmen sowie sozialen und gesundheitsnahen Einrichtungen sorgt die DHBW für einen in Theorie und Praxis exzellent qualifizierten Fach- und Führungskräftenachwuchs in den Bereichen Wirtschaft, Technik, Sozialwesen und Gesu…","{'display_name': 'Duale Hochschule Baden-Württemberg Heilbronn', '__CLASS__': 'Adzuna::API::Response::Company'}",2026-07-16T15:09:08Z,0,49.142335,Professur (m/w/d) für Medizintechnische Wissenschaften,"{'label': 'Unknown', 'tag': 'unknown', '__CLASS__': 'Adzuna::API::Response::Category'}",9.209895,Adzuna::API::Response::Job,,,,
eyJhbGciOiJIUzI1NiJ9.eyJzIjoiVFBSUnVwU1U4UkdXUG9KcVFYRlBudyIsImkiOiI1ODMwODM2Njc5In0.3hgn9wvVS8EkteIkNKKxyc9beu-MfK0nWAY8lfoyTWo,5830836679,https://www.adzuna.de/land/ad/5830836679?se=TPRRupSU8RGWPoJqQXFPnw&utm_medium=api&utm_source=a4bcf954&v=C293E53773C3B5DFB743FD33563B3D198FAB0ED3,"{'__CLASS__': 'Adzuna::API::Response::Location', 'display_name': 'Mannheim, Baden-Württemberg', 'area': ['Deutschland', 'Baden-Württemberg', 'Mannheim']}","Bei Daimler Truck verändern wir das Transportwesen von heute und erzielen gemeinsam echte Wirkung. Wir übernehmen weltweit Verantwortung und arbeiten als ein globales Team zusammen. Wir treiben unseren Fortschritt und Erfolg gemeinsam voran – jede:r bei Daimler Truck macht den Unterschied. Gemeinsam wollen wir unseren CO2-Fußabdruck reduzieren, die Sicherheit auf und abseits der Straße erhöhen, intelligentere Technologien und attraktive Finanzlösungen entwickeln. All dies ist unerlässlich, um u…","{'__CLASS__': 'Adzuna::API::Response::Company', 'display_name': 'Daimler Truck AG'}",2026-08-06T19:32:17Z,0,49.496025,Praktikum im Bereich Produktbewährung Motor & Abgasnachbehandlung – Digitalisierung & Launch Monitoring für 6 Monate ab Oktober 2026,"{'__CLASS__': 'Adzuna::API::Response::Category', 'tag': 'manufacturing-jobs', 'label': 'Stellen aus Fertigung'}",8.491505,Adzuna::API::Response::Job,,,,
eyJhbGciOiJIUzI1NiJ9.eyJpIjoiNTgzMzc4MDQyNyIsInMiOiJUUFJSdXBTVThSR1dQb0pxUVhGUG53In0.UuXVEehju7vpGUsHH2Jy0ecp6sHmf33SChG0g9sJcDs,5833780427,https://www.adzuna.de/land/ad/5833780427?se=TPRRupSU8RGWPoJqQXFPnw&utm_medium=api&utm_source=a4bcf954&v=CAD0AD851B23D4725E0BF2E7D8C6E3086977AD3D,"{'area': ['Deutschland', 'Hessen', 'Frankfurt am Main'], 'display_name': 'Frankfurt am Main, Hessen', '__CLASS__': 'Adzuna::API::Response::Location'}","MGRP ist eine Top-Managementberatungsboutique für IT-Strategie und Sourcing. Aufgaben Begleitung der Entwicklung und Umsetzung der unternehmensweiten KI-Strategie von MGRP sowie der Identifikation von KI-Use-Cases im Unternehmen Entwicklung, Einführung und Optimierung KI-gestützter Workflows und Automatisierungen Aufbau, Betreuung und Weiterentwicklung einer cloudbasierten Infrastruktur für verschiedene KI-Anwendungsfälle sowie Einführung geeigneter KI-Tools und Plattformen Multiplikator für KI…","{'display_name': 'MGRP', '__CLASS__': 'Adzuna::API::Response::Company'}",2026-08-08T19:36:40Z,0,50.129683,Senior Specialist AI / KI Innovation (m/w/d),"{'__CLASS__': 'Adzuna::API::Response::Category', 'tag': 'scientific-qa-jobs', 'label': 'Stellen aus Wissenschaft & Qualitätssicherung'}",8.650578,Adzuna::API::Response::Job,,,,
eyJhbGciOiJIUzI1NiJ9.eyJzIjoiVFBSUnVwU1U4UkdXUG9KcVFYRlBudyIsImkiOiI1NzY2OTA2MzkyIn0.qvfxR6Sn2i_aM8jPxA5e-PE9PuE7x9NrMmjmK_DjCSg,5766906392,https://www.adzuna.de/land/ad/5766906392?se=TPRRupSU8RGWPoJqQXFPnw&utm_medium=api&utm_source=a4bcf954&v=A43F8C0D8148486C83E65675E81D392B070A8CCE,"{'__CLASS__': 'Adzuna::API::Response::Location', 'display_name': 'Sindelfingen, Böblingen (Kreis)', 'area': ['Deutschland', 'Baden-Württemberg', 'Böblingen (Kreis)', 'Sindelfingen']}","Life is always about becoming… Im Leben geht es darum, sich auf eine Reise zu begeben, um die beste Version unseres zukünftigen Selbst zu werden. Während wir Neues entdecken, stellen wir uns Herausforderungen, meistern sie und wachsen über uns hinaus. Bewerben Sie sich bei Mercedes-Benz und finden Sie den Aufgabenbereich, in dem Sie Ihre Talente individuell entfalten können. Dabei werden Sie von visionären Kolleginnen und Kollegen unterstützt, die Ihren Pioniergeist teilen. Bei uns einzusteigen…","{'display_name': 'Mercedes-Benz AG', '__CLASS__': 'Adzuna::API::Response::Company'}",2026-06-17T17:46:58Z,0,48.720071,Praktikant*in Digital Process Innovation,"{'__CLASS__': 'Adzuna::API::Response::Category', 'label': 'IT-Stellen', 'tag': 'it-jobs'}",9.026231,Adzuna::API::Response::Job,,,,
eyJhbGciOiJIUzI1NiJ9.eyJpIjoiNTgyNTcxODI2MSIsInMiOiJUUFJSdXBTVThSR1dQb0pxUVhGUG53In0.Bpd2Fgbz0sRn_Rtpw1aJGXDXuAV_NjVxq87SjNGqUr0,5825718261,https://www.adzuna.de/land/ad/5825718261?se=TPRRupSU8RGWPoJqQXFPnw&utm_medium=api&utm_source=a4bcf954&v=26A9BA11C47DD8F6A7E3CF6CD7D8ABB00E4E4CFA,"{'area': ['Deutschland', 'Nordrhein-Westfalen', 'Oberbergischer Kreis', 'Gummersbach', 'Windhagen'], 'display_name': 'Windhagen, Gummersbach', '__CLASS__': 'Adzuna::API::Response::Location'}","Wegbereiter neuer Chancen – Willkommen bei der Wirtgen GmbH Die Wirtgen GmbH ist Teil der Wirtgen Group, einem international führenden Unternehmensverbund der Baumaschinenindustrie mit Werken in Deutschland, Brasilien, China und Indien sowie einem weltweiten Vertriebs- und Servicenetz. Als Spezialist für Maschinen und Verfahren für den Bau und die Instandsetzung von Fahrbahnen ist Wirtgen Marktführer. Am Unternehmensstandort Windhagen arbeiten rund 2.100 Beschäftigte. Unsere Arbeitswelt ist gep…","{'display_name': 'Wirtgen GmbH', '__CLASS__': 'Adzuna::API::Response::Company'}",2026-08-02T15:49:13Z,0,51.04524,(Senior) Solution Architect Integration Platform (m/w/d),"{'__CLASS__': 'Adzuna::API::Response::Category', 'label': 'Unknown', 'tag': 'unknown'}",7.54895,Adzuna::API::Response::Job,,,,
eyJhbGciOiJIUzI1NiJ9.eyJpIjoiNTc5ODQwNDg4OCIsInMiOiJUUFJSdXBTVThSR1dQb0pxUVhGUG53In0.EH2M3N81AjhdLTS6ADlPITZb8y4geEboDUWD4aSBvcg,5798404888,https://www.adzuna.de/land/ad/5798404888?se=TPRRupSU8RGWPoJqQXFPnw&utm_medium=api&utm_source=a4bcf954&v=79596C0D06E2D052771FB6907D8BB0AA4F9380FF,"{'__CLASS__': 'Adzuna::API::Response::Location', 'area': ['Deutschland', 'Nordrhein-Westfalen', 'Köln'], 'display_name': 'Köln, Nordrhein-Westfalen'}","adesso steht für digitale Exzellenz – und damit auch für vielfältige Entwicklungsmöglichkeiten für alle adessi. Wir wachsen gemeinsam und lernen voneinander: in anspruchsvollen Projekten, interdisziplinären Teams und mit zielgerichteten Trainingsangeboten. Wir haben IT im Herzen und den Erfolg unserer Kunden im Fokus. Als Treiber der KI-Transformation verbinden wir Mut zur Veränderung mit technologischer Expertise und zukunftsfähigen Strategien. Was uns stark macht, sind unsere adessi, die etwa…","{'__CLASS__': 'Adzuna::API::Response::Company', 'display_name': 'adesso SE'}",2026-07-13T03:23:37Z,0,50.940164,Software Architect Azure AI (all genders),"{'__CLASS__': 'Adzuna::API::Response::Category', 'tag': 'unknown', 'label': 'Unknown'}",6.969972,Adzuna::API::Response::Job,,,,
eyJhbGciOiJIUzI1NiJ9.eyJzIjoiVFBSUnVwU1U4UkdXUG9KcVFYRlBudyIsImkiOiI1ODA2NjIxMTcyIn0.HKGkOpp40q33nfybZTg4fb6MnWrrDsCeKN2xqmLoOOM,5806621172,https://www.adzuna.de/land/ad/5806621172?se=TPRRupSU8RGWPoJqQXFPnw&utm_medium=api&utm_source=a4bcf954&v=C6B75CF140EF3E2C13A856D70077E29D358E191C,"{'area': ['Deutschland', 'Nordrhein-Westfalen', 'Münster'], 'display_name': 'Münster, Nordrhein-Westfalen', '__CLASS__': 'Adzuna::API::Response::Location'}","Die Alexianer IT GmbH ist das Dienstleistungsunternehmen der Alexianer GmbH für die Informationstechnologie. Sie unterstützt bundesweit Alexianer-Einrichtungen im Verbund mit einer Vielzahl an Krankenhäusern, Senioren- und Pflegeeinrichtungen und darüber hinaus zahlreiche weitere Einrichtungen. 300 IT-Kolleg*innen an verschiedenen Standorten in Deutschland kümmern sich dabei um alle IT-Belange unserer >35.000 Mitarbeiter*innen an 20.000 Endgeräten und sorgen dabei kontinuierlich für eine zuverl…","{'display_name': 'Alexianer IT GmbH', '__CLASS__': 'Adzuna::API::Response::Company'}",2026-07-19T01:56:57Z,0,51.955292,KI-Lead (m/w/d) Alexianer,"{'tag': 'unknown', 'label': 'Unknown', '__CLASS__': 'Adzuna::API::Response::Category'}",7.621504,Adzuna::API::Response::Job,,,,
eyJhbGciOiJIUzI1NiJ9.eyJzIjoiVFBSUnVwU1U4UkdXUG9KcVFYRlBudyIsImkiOiI1ODMzNjk4MTQxIn0.UXR2MyKY5EvM9w-qNF9v6gV44K1r16xidNjJiQsOQiI,5833698141,https://www.adzuna.de/land/ad/5833698141?se=TPRRupSU8RGWPoJqQXFPnw&utm_medium=api&utm_source=a4bcf954&v=4B0E5BA49BD59F42CA176CC9F4BC366FB35B09F4,"{'area': ['Deutschland', 'Baden-Württemberg', 'Ulm'], 'display_name': 'Ulm, Baden-Württemberg', '__CLASS__': 'Adzuna::API::Response::Location'}","Liebherr-Digital Development Center GmbH in Ulm develops digital solutions for the entire Liebherr Group. Our passionate team from the areas of software development, engineering and data science works together on various projects from the whole Liebherr product world. Our mission: creating outstanding digital experiences! .NET / Golang Senior Cloud Software Engineer (m/f/d) Job-ID 82233 Aufgaben Your responsibilities Understand the business - Assess and support the business objectives for digit…","{'__CLASS__': 'Adzuna::API::Response::Company', 'display_name': 'Liebherr-Digital Development Center GmbH'}",2026-08-08T17:55:35Z,0,48.383137,.NET / Golang Senior Cloud Software Engineer (m/f/d),"{'label': 'IT-Stellen', 'tag': 'it-jobs', '__CLASS__': 'Adzuna::API::Response::Category'}",9.856945,Adzuna::API::Response::Job,,,,
eyJhbGciOiJIUzI1NiJ9.eyJpIjoiNTgzMzY5NzMzNSIsInMiOiJUUFJSdXBTVThSR1dQb0pxUVhGUG53In0.q7LB-OzJCh_P7eW-4Ip8yfaL01PvdZxs02JbpdJqUUk,5833697335,https://www.adzuna.de/land/ad/5833697335?se=TPRRupSU8RGWPoJqQXFPnw&utm_medium=api&utm_source=a4bcf954&v=63DF9670EC0E3B03976B5DB21DCE83836F8FB317,"{'__CLASS__': 'Adzuna::API::Response::Location', 'area': ['Deutschland', 'Bayern', 'Neu-Ulm (Kreis)', 'Neu-Ulm'], 'display_name': 'Neu-Ulm, Neu-Ulm (Kreis)'}","Bei Daimler Buses gestalten wir rund um den Globus die Zukunft der Mobilität und erzielen damit gemeinsam echte Wirkung. Als weltweit führender Bushersteller entwickeln und bauen wir nicht nur die besten Busse, sondern bringen den gesamten öffentlichen Personennah- und Reiseverkehr mit intelligenten und innovativen Services weiter voran. Wir übernehmen Verantwortung für lebenswerte Städte und arbeiten daran, unsere Vision nachhaltiger und zukunftsfähiger Mobilität Wirklichkeit werden zu lassen.…","{'display_name': 'Daimler Buses GmbH', '__CLASS__': 'Adzuna::API::Response::Company'}",2026-08-08T17:54:38Z,0,48.377667,Praktikum im Bereich Produktmanagement ab September 2026,"{'label': 'Stellen aus PR, Werbung & Marketing', 'tag': 'pr-advertising-marketing-jobs', '__CLASS__': 'Adzuna::API::Response::Category'}",10.046201,Adzuna::API::Response::Job,,,,
eyJhbGciOiJIUzI1NiJ9.eyJpIjoiNTgxNzQ4OTgyOSIsInMiOiJUUFJSdXBTVThSR1dQb0pxUVhGUG53In0.tArwI3pK6ae8pmHqssDXUoJVsXpTcRafo3ppINu4Pvo,5817489829,https://www.adzuna.de/land/ad/5817489829?se=TPRRupSU8RGWPoJqQXFPnw&utm_medium=api&utm_source=a4bcf954&v=F3934A331B4CA098334B325CBBC9C35F72D4A8EB,"{'area': ['Deutschland', 'Baden-Württemberg', 'Hohenlohekreis', 'Künzelsau'], 'display_name': 'Künzelsau, Hohenlohekreis', '__CLASS__': 'Adzuna::API::Response::Location'}","Die Adolf Würth GmbH & Co. KG ist führender Hersteller von Befestigungstechnik für die professionelle Anwendung. Das Familienunternehmen ist das größte Einzelunternehmen der weltweit tätigen Würth-Gruppe und beschäftigt in Deutschland über 8.000 Mitarbeitende. Rund 87.000 sind bei der Würth-Gruppe beschäftigt. Hohe Eigenmotivation, große Gestaltungsfreiräume und eine starke Kollegialität zeichnen die Unternehmenskultur aus. Neugierig geworden? Jetzt informieren und Teil der Würth Familie werden…","{'__CLASS__': 'Adzuna::API::Response::Company', 'display_name': 'Würth Deutschland'}",2026-07-27T17:45:37Z,0,49.27945,Praktikum Forschung und Entwicklung - IoT-Systeme und KI (m/w/d),"{'__CLASS__': 'Adzuna::API::Response::Category', 'label': 'IT-Stellen', 'tag': 'it-jobs'}",9.68788,Adzuna::API::Response::Job,,,,
eyJhbGciOiJIUzI1NiJ9.eyJzIjoiVFBSUnVwU1U4UkdXUG9KcVFYRlBudyIsImkiOiI1ODEwNTUyMzkxIn0.K6-XqnSLXdVoKR6M9PCXLRVQvWf5_UKc0mpN3gPCnsg,5810552391,https://www.adzuna.de/land/ad/5810552391?se=TPRRupSU8RGWPoJqQXFPnw&utm_medium=api&utm_source=a4bcf954&v=44E8BD146F824A1C17C1E9D9B1CFE1603EE259CA,"{'display_name': 'Germersheim, Germersheim (Kreis)', 'area': ['Deutschland', 'Rheinland-Pfalz', 'Germersheim (Kreis)', 'Germersheim'], '__CLASS__': 'Adzuna::API::Response::Location'}","Life is always about becoming… Im Leben geht es darum, sich auf eine Reise zu begeben, um die beste Version unseres zukünftigen Selbst zu werden. Während wir Neues entdecken, stellen wir uns Herausforderungen, meistern sie und wachsen über uns hinaus. Bewerben Sie sich bei Mercedes-Benz und finden Sie den Aufgabenbereich, in dem Sie Ihre Talente individuell entfalten können. Dabei werden Sie von visionären Kolleginnen und Kollegen unterstützt, die Ihren Pioniergeist teilen. Bei uns einzusteigen…","{'display_name': 'Mercedes-Benz AG', '__CLASS__': 'Adzuna::API::Response::Company'}",2026-07-22T10:26:58Z,0,49.21886,"Duales Studium Data Science und Künstliche Intelligenz, Bachelor of Science, Mercedes-Benz AG, Global Logistics Center Germersheim, Studienbeginn 1. Oktober 2027 (m/w/d)","{'__CLASS__': 'Adzuna::API::Response::Category', 'label': 'Stellen für Hochschulabsolventen', 'tag': 'graduate-jobs'}",8.36958,Adzuna::API::Response::Job,,,,
eyJhbGciOiJIUzI1NiJ9.eyJpIjoiNTgyMDk5ODA2NCIsInMiOiJUUFJSdXBTVThSR1dQb0pxUVhGUG53In0.8u7BfUKa3QczbMkFjvkyFlsfmMeeutkq6BOjcYvwZow,5820998064,https://www.adzuna.de/land/ad/5820998064?se=TPRRupSU8RGWPoJqQXFPnw&utm_medium=api&utm_source=a4bcf954&v=50217873A477C626A621345EFEB8BE1877C2DD23,"{'__CLASS__': 'Adzuna::API::Response::Location', 'display_name': 'Konstanz, Konstanz (Kreis)', 'area': ['Deutschland', 'Baden-Württemberg', 'Konstanz (Kreis)', 'Konstanz']}","Wie machen wir die Verwaltung und den Standort Konstanz fit für die Zukunft? Das interdisziplinäre Team „Smart Green City“ entwickelt die nötige Daten- und Organisationsstruktur und setzt Maßnahmen konsequent um. Gemeinsam mit starken PartnerInnen treiben wir KI-Projekte voran, gestalten die „Innenstadt von morgen“ und erproben und integrieren Smart-City- und GovTech-Anwendungen – für eine moderne Verwaltung und einen starken Innovationsstandort Konstanz. Das Programm Smart Green City wird im B…","{'__CLASS__': 'Adzuna::API::Response::Company', 'display_name': 'Stadt Konstanz'}",2026-07-30T12:31:23Z,0,47.708999,Projektleiterin (m/w/d) Urbane Datenplattform,"{'label': 'Stellen aus Gastronomie & Catering', 'tag': 'hospitality-catering-jobs', '__CLASS__': 'Adzuna::API::Response::Category'}",9.137663,Adzuna::API::Response::Job,full_time,,,
eyJhbGciOiJIUzI1NiJ9.eyJpIjoiNTgxNzU1MDM0OSIsInMiOiJUUFJSdXBTVThSR1dQb0pxUVhGUG53In0.ue8UQtlIKBOCZ8puNBXXbW0tY_pkOFgqA239XHk3fWk,5817550349,https://www.adzuna.de/land/ad/5817550349?se=TPRRupSU8RGWPoJqQXFPnw&utm_medium=api&utm_source=a4bcf954&v=735EAEE238498A497E98049C9D96303AA78BDC4A,"{'__CLASS__': 'Adzuna::API::Response::Location', 'area': ['Deutschland', 'Nordrhein-Westfalen', 'Münster'], 'display_name': 'Münster, Nordrhein-Westfalen'}","Über 300 Mitarbeitende bundesweit an verschiedenen Standorten Unsere Geschäftsfelder: Kommunalentwicklung, Gebäudeplanung und Architektur, E-Mobilität, Photovoltaik, Digitalisierung, Investition und Contracting Schwerpunkt der Gesellschaft energielenker projects GmbH: Strategie- und Beratungsleistungen sowie Konzepte für klimagerechte und effiziente Versorgungslösungen, Machbarkeitsstudien und Sanierungsfahrpläne, Ingenieurleistungen entlang der HOAI-Leistungsphasen 1-9, TGA Energielenker in dr…","{'display_name': 'energielenker Gruppe', '__CLASS__': 'Adzuna::API::Response::Company'}",2026-07-27T19:18:09Z,0,51.955292,KI-Spezialist für digitale Geschäftsprozesse (m|w|d),"{'__CLASS__': 'Adzuna::API::Response::Category', 'label': 'Sonstige/Allgemeine Stellen', 'tag': 'other-general-jobs'}",7.621504,Adzuna::API::Response::Job,,,,
eyJhbGciOiJIUzI1NiJ9.eyJzIjoiVFBSUnVwU1U4UkdXUG9KcVFYRlBudyIsImkiOiI1Mjk5ODY2NzQ2In0.S0A7RNuSQa9t4Y6SMvWelZncgMdJ7A2j-Z-UOuzPUVg,5299866746,https://www.adzuna.de/details/5299866746?utm_medium=api&utm_source=a4bcf954,"{'area': ['Deutschland', 'Sachsen', 'Bautzen (Kreis)', 'Frankenthal'], 'display_name': 'Frankenthal, Bautzen (Kreis)', '__CLASS__': 'Adzuna::API::Response::Location'}","Unterstützen Sie uns im Rahmen eines Praktikums/einer Abschlussarbeit im Bereich Data Science. Studium/Fachrichtung | Mathematik, Statistik, Data Science, Informatik, Physik oder vglb. Studiengänge Einsatzbereich | Praktikum/Abschlussarbeit im Bereich Data Science Dauer | 3-6 Monate Bestens gefordert | Wir suchen motivierte Studierende, die sich unserem Data Science Team für ein Pflichtpraktikum und/oder eine Bachelor-/Masterarbeit (3-6 Monate) anschließen möchten. Bei uns können Sie praktische…","{'__CLASS__': 'Adzuna::API::Response::Company', 'display_name': 'KSB'}",2025-07-12T22:07:55Z,0,51.13209,Praktikum/Abschlussarbeit im Bereich Data Science,"{'__CLASS__': 'Adzuna::API::Response::Category', 'label': 'Unknown', 'tag': 'unknown'}",14.10731,Adzuna::API::Response::Job,,,,
eyJhbGciOiJIUzI1NiJ9.eyJpIjoiNTgxMTc1MzQzNCIsInMiOiJUUFJSdXBTVThSR1dQb0pxUVhGUG53In0.TiLahJC_nrxLt2qqNLOMq44GCn5-O4bHlk31H1qL2b8,5811753434,https://www.adzuna.de/details/5811753434?utm_medium=api&utm_source=a4bcf954,"{'__CLASS__': 'Adzuna::API::Response::Location', 'area': ['Deutschland', 'Hamburg', 'HafenCity'], 'display_name': 'HafenCity, Hamburg'}","Als Werkstudent im Bereich Data Science unterstützt du uns dabei, unsere Such- und Empfehlungssysteme datenbasiert weiterzuentwickeln. Du arbeitest mit echten Nutzerprofilen, Stellenanzeigen sowie Such- und Empfehlungsergebnissen und hilfst uns zu verstehen, was ein gutes Matching ausmacht. Du bist Teil eines internationalen Data-Science-Teams und erhältst Einblicke in die Entwicklung datengetriebener Produkte – von der Analyse einzelner Ergebnisse bis hin zu produktiven Machine-Learning-System…","{'display_name': 'XING', '__CLASS__': 'Adzuna::API::Response::Company'}",2026-07-23T04:30:32Z,0,53.54167,Werkstudent Data Science - Jobsuche & Job-Empfehlung,"{'__CLASS__': 'Adzuna::API::Response::Category', 'label': 'Unknown', 'tag': 'unknown'}",9.99333,Adzuna::API::Response::Job,,,,contract
eyJhbGciOiJIUzI1NiJ9.eyJpIjoiNTgwNTg5OTY1MCIsInMiOiJUUFJSdXBTVThSR1dQb0pxUVhGUG53In0.UgkNRPwjvh-fg7fkm_pBFlOIgJOOLGFMUdz5TirQUwo,5805899650,https://www.adzuna.de/details/5805899650?utm_medium=api&utm_source=a4bcf954,"{'__CLASS__': 'Adzuna::API::Response::Location', 'display_name': 'Schmiden, Fellbach', 'area': ['Deutschland', 'Baden-Württemberg', 'Rems-Murr-Kreis', 'Fellbach', 'Schmiden']}","Praktikum Data Analytics / Data Science Datum: 12.11.2025 Standort: Fellbach, BW, DE, 70736 Unternehmen: STIHL Das ist die Aufgabe Mitwirken im innovativen Big Data Team: Unterstütze andere Fachbereiche durch Expertise in Data Analytics und erhalte Einblicke in Data Science und Data Visualization, um datengetriebene Entscheidungen voranzutreiben Beteiligen an Analytics Projekten: Arbeite interdisziplinär, um Produkte und interne Prozesse durch datengetriebene Insights zu optimieren, mit der Cha…","{'display_name': 'ANDREAS STIHL AG & Co. KG', '__CLASS__': 'Adzuna::API::Response::Company'}",2026-07-18T09:31:27Z,0,48.82807,Praktikum Data Analytics / Data Science,"{'label': 'Stellen aus Buchhaltung & Finanzwesen', 'tag': 'accounting-finance-jobs', '__CLASS__': 'Adzuna::API::Response::Category'}",9.26652,Adzuna::API::Response::Job,,,,
eyJhbGciOiJIUzI1NiJ9.eyJzIjoiVFBSUnVwU1U4UkdXUG9KcVFYRlBudyIsImkiOiI1Nzg0NDA5NDg2In0.zZ-YMvCSK7fwOxceuwAvvUt-xnqqYIx3jQT4FGRbNlI,5784409486,https://www.adzuna.de/details/5784409486?utm_medium=api&utm_source=a4bcf954,"{'display_name': 'Söflingen, Ulm', 'area': ['Deutschland', 'Baden-Württemberg', 'Ulm', 'Söflingen'], '__CLASS__': 'Adzuna::API::Response::Location'}","Du studierst Informatik, Künstliche Intelligenz (KI), Data Science, Data Analytics oder einen vergleichbaren Studiengang mit Schwerpunkt Softwareentwicklung und möchtest dein theoretisches Wissen in einem praxisnahen Projekt anwenden, das langfristig einen echten Mehrwert schafft? Dann suchen wir genau dich für ein Praxissemester! Werde Teil unseres Teams am Standort Ulm und gestalte die Zukunft von NewTec aktiv mit! Was dich bei NewTec erwartet: Du entwickelst und optimierst Datenbankabfragen …","{'display_name': 'NewTec', '__CLASS__': 'Adzuna::API::Response::Company'}",2026-07-01T23:47:40Z,0,48.39155,Praxissemester im Bereich KI und Data Science,"{'label': 'IT-Stellen', 'tag': 'it-jobs', '__CLASS__': 'Adzuna::API::Response::Category'}",9.94976,Adzuna::API::Response::Job,full_time,,,
eyJhbGciOiJIUzI1NiJ9.eyJpIjoiNTc5ODMwNzU2MiIsInMiOiJUUFJSdXBTVThSR1dQb0pxUVhGUG53In0.8JP5WVf2XDx0h8GtKayOepc3fFK0wjkX6eNZbSA2nPw,5798307562,https://www.adzuna.de/details/5798307562?utm_medium=api&utm_source=a4bcf954,"{'__CLASS__': 'Adzuna::API::Response::Location', 'area': ['Deutschland', 'Berlin'], 'display_name': 'Berlin, Deutschland'}","Ready for a challenge? Then Just Eat Takeaway.com might be the place for you. We’re a leading global online delivery platform, and our vision is to empower everyday convenience. Whether it’s a Friday-night feast, a post-gym poke bowl, or grabbing some groceries, our tech platform connects tens of millions of customers with hundreds of thousands of restaurant, grocery and convenience partners across the globe. About this role Logistics is the engine room of that platform. Every order depends on …","{'display_name': 'Just Eat', '__CLASS__': 'Adzuna::API::Response::Company'}",2026-07-13T00:52:05Z,0,52.507706,"Data Science Manager, Courier Pay","{'tag': 'unknown', 'label': 'Unknown', '__CLASS__': 'Adzuna::API::Response::Category'}",13.420806,Adzuna::API::Response::Job,full_time,,,
eyJhbGciOiJIUzI1NiJ9.eyJpIjoiNTc4ODUzOTQ1NSIsInMiOiJUUFJSdXBTVThSR1dQb0pxUVhGUG53In0.SCUARjkt1zivle3skVQk-WnkMJi0X5veulH0-KJNCLY,5788539455,https://www.adzuna.de/details/5788539455?utm_medium=api&utm_source=a4bcf954,"{'__CLASS__': 'Adzuna::API::Response::Location', 'display_name': 'Berlin, Deutschland', 'area': ['Deutschland', 'Berlin']}","Who we are Foundation models transformed text and images. Structured data - the largest and most consequential data format in the world - stayed untouched, until now. What LLMs did for language, we're doing for tables. We pioneered tabular foundation models: TabPFN v2 was a Nature cover story, has passed 3.5M downloads and 7,500 GitHub stars, and runs in production from detecting lung disease with Oxford Cancer Analytics to preventing train failures with Hitachi . The hardest problems - million…","{'__CLASS__': 'Adzuna::API::Response::Company', 'display_name': 'Prior Labs'}",2026-07-05T00:49:56Z,0,52.507706,"Research Scientist, Foundational Data Science","{'label': 'Unknown', 'tag': 'unknown', '__CLASS__': 'Adzuna::API::Response::Category'}",13.420806,Adzuna::API::Response::Job,full_time,,,
eyJhbGciOiJIUzI1NiJ9.eyJpIjoiNTc3ODI2OTMzOSIsInMiOiJUUFJSdXBTVThSR1dQb0pxUVhGUG53In0.wIEXMDm_9WfvIzkzjzUMT-Ne4V8FQX_s-yvMx6eQVgE,5778269339,https://www.adzuna.de/details/5778269339?utm_medium=api&utm_source=a4bcf954,"{'area': ['Deutschland', 'Bayern', 'München (Kreis)', 'München', 'Allach-Untermenzing'], 'display_name': 'Allach-Untermenzing, München', '__CLASS__': 'Adzuna::API::Response::Location'}","Für den Standort München suchen wir: Projektmanager – Data Analytics / Data Science Ihre Aufgaben: Planung, Steuerung und Umsetzung datengetriebener Use Cases und Projekte über den gesamten Lifecycle Projektmanagement im Data-/Analytics-Umfeld (Termine, Budget, Risiken, Ressourcen) Zusammenarbeit mit Data Scientists, Data Analysts, Data Engineers, Product Ownern und Fachbereichen Übersetzung fachlicher Anforderungen in analytische Lösungsansätze Steuerung interner und externer Projektbeteiligte…","{'__CLASS__': 'Adzuna::API::Response::Company', 'display_name': 'Guldberg'}",2026-06-26T23:23:03Z,0,48.18449,Projektmanager – Data Analytics / Data Science,"{'__CLASS__': 'Adzuna::API::Response::Category', 'tag': 'pr-advertising-marketing-jobs', 'label': 'Stellen aus PR, Werbung & Marketing'}",11.44811,Adzuna::API::Response::Job,full_time,,,
eyJhbGciOiJIUzI1NiJ9.eyJzIjoiVFBSUnVwU1U4UkdXUG9KcVFYRlBudyIsImkiOiI1NzQ1OTU5OTI2In0.0oaN8WbAs2fk6irZOoxZkkJ9YNkenqWqGFE4nI1SmP4,5745959926,https://www.adzuna.de/details/5745959926?utm_medium=api&utm_source=a4bcf954,"{'display_name': 'Deutschland', 'area': ['Deutschland'], '__CLASS__': 'Adzuna::API::Response::Location'}","About finmid finmid 's mission is to enable software companies to reimagine how their business customers access capital. By productizing the complexity of financial services, finmid empowers companies to offer financial services where FinTech isn't the mission but enables the mission. About the opportunity We are looking for a Data Science Intern to join our Data team. This is an exciting opportunity for someone early in their career who is hungry to learn and build. You’ll work closely with th…","{'__CLASS__': 'Adzuna::API::Response::Company', 'display_name': 'Finmid'}",2026-05-30T23:27:29Z,0,,Data Science Intern (FT Potential),"{'label': 'Unknown', 'tag': 'unknown', '__CLASS__': 'Adzuna::API::Response::Category'}",,Adzuna::API::Response::Job,full_time,,,
eyJhbGciOiJIUzI1NiJ9.eyJpIjoiNTUwMjI0MDk4MiIsInMiOiJUUFJSdXBTVThSR1dQb0pxUVhGUG53In0.dLcYaJNVI139K4HsqZW41LDywBeX5LqJsGL2glABy5I,5502240982,https://www.adzuna.de/details/5502240982?utm_medium=api&utm_source=a4bcf954,"{'display_name': 'Berlin, Deutschland', 'area': ['Deutschland', 'Berlin'], '__CLASS__': 'Adzuna::API::Response::Location'}","Who we are Melotech is revolutionizing media and entertainment. We create art through technology for humans to enjoy. In just 24 months, our work has been heard, watched and loved for over 3 billion minutes worldwide. Founded by entrepreneur and investor Soheil Mirpour, we are backed by top VCs Cherry Ventures, Speedinvest and GFC, alongside world-class angels from firms such as Spotify, Blackstone and KKR. What you will do Join us as Data Scientist Intern to bring order to the chaos of culture…","{'__CLASS__': 'Adzuna::API::Response::Company', 'display_name': 'Melotech'}",2025-11-18T18:47:23Z,0,52.507706,"Data Science Intern, Music & Audio","{'label': 'Unknown', 'tag': 'unknown', '__CLASS__': 'Adzuna::API::Response::Category'}",13.420806,Adzuna::API::Response::Job,full_time,,,
eyJhbGciOiJIUzI1NiJ9.eyJzIjoiVFBSUnVwU1U4UkdXUG9KcVFYRlBudyIsImkiOiI1Nzk4Mjk1Njg5In0.2k4hFjF5C7o1mdVzP8CwitGtD5xgs6uTLDevkGc36fA,5798295689,https://www.adzuna.de/details/5798295689?utm_medium=api&utm_source=a4bcf954,"{'display_name': 'Mitte, Berlin', 'area': ['Deutschland', 'Berlin', 'Mitte'], '__CLASS__': 'Adzuna::API::Response::Location'}","About Us STARK is a new kind of defence technology company revolutionising the way autonomous systems are deployed across multiple domains. We design, develop and manufacture high-performance unmanned systems that are software-defined, mass-scalable and cost-effective. This provides our operators with a decisive edge in highly contested environments. We’re focused on delivering deployable, high-performance systems—not future promises. In a time of rising threats, STARK is bolstering the technol…","{'__CLASS__': 'Adzuna::API::Response::Company', 'display_name': 'Stark'}",2026-07-13T00:10:55Z,0,52.51551,Data Science Intern (all genders),"{'label': 'Unknown', 'tag': 'unknown', '__CLASS__': 'Adzuna::API::Response::Category'}",13.38475,Adzuna::API::Response::Job,part_time,,,
eyJhbGciOiJIUzI1NiJ9.eyJzIjoiVFBSUnVwU1U4UkdXUG9KcVFYRlBudyIsImkiOiI1ODI1ODI4OTQyIn0.5chc0UlqoxLywBov8BEbc-9AnGmRjzrZau64Q3_CTc0,5825828942,https://www.adzuna.de/land/ad/5825828942?se=TPRRupSU8RGWPoJqQXFPnw&utm_medium=api&utm_source=a4bcf954&v=71C14D58648164843134937FF85DA5AEC4E7C7E2,"{'area': ['Deutschland', 'Baden-Württemberg', 'Böblingen (Kreis)', 'Sindelfingen'], 'display_name': 'Sindelfingen, Böblingen (Kreis)', '__CLASS__': 'Adzuna::API::Response::Location'}","Life is always about becoming… Im Leben geht es darum, sich auf eine Reise zu begeben, um die beste Version unseres zukünftigen Selbst zu werden. Während wir Neues entdecken, stellen wir uns Herausforderungen, meistern sie und wachsen über uns hinaus. Bewerben Sie sich bei Mercedes-Benz und finden Sie den Aufgabenbereich, in dem Sie Ihre Talente individuell entfalten können. Dabei werden Sie von visionären Kolleginnen und Kollegen unterstützt, die Ihren Pioniergeist teilen. Bei uns einzusteigen…","{'__CLASS__': 'Adzuna::API::Response::Company', 'display_name': 'Mercedes-Benz AG'}",2026-08-02T19:06:25Z,0,48.720071,Student*in für Masterarbeit - Agentic AI in der CarIT Security,"{'__CLASS__': 'Adzuna::API::Response::Category', 'tag': 'it-jobs', 'label': 'IT-Stellen'}",9.026231,Adzuna::API::Response::Job,,,,
eyJhbGciOiJIUzI1NiJ9.eyJzIjoiVFBSUnVwU1U4UkdXUG9KcVFYRlBudyIsImkiOiI1ODEyNjE4Nzc2In0.qYhljl_EmeZuCxUpjY2I0lo4_Uv1_DyINKMbDUqPa-A,5812618776,https://www.adzuna.de/land/ad/5812618776?se=TPRRupSU8RGWPoJqQXFPnw&utm_medium=api&utm_source=a4bcf954&v=E2A60E1D036B5C25D1E5A4DBE8621161858A5AB1,"{'area': ['Deutschland', 'Baden-Württemberg', 'Esslingen (Kreis)', 'Esslingen am Neckar'], 'display_name': 'Esslingen am Neckar, Esslingen (Kreis)', '__CLASS__': 'Adzuna::API::Response::Location'}","Life is always about becoming… Im Leben geht es darum, sich auf eine Reise zu begeben, um die beste Version unseres zukünftigen Selbst zu werden. Während wir Neues entdecken, stellen wir uns Herausforderungen, meistern sie und wachsen über uns hinaus. Bewerben Sie sich bei Mercedes-Benz und finden Sie den Aufgabenbereich, in dem Sie Ihre Talente individuell entfalten können. Dabei werden Sie von visionären Kolleginnen und Kollegen unterstützt, die Ihren Pioniergeist teilen. Bei uns einzusteigen…","{'display_name': 'Mercedes-Benz AG', '__CLASS__': 'Adzuna::API::Response::Company'}",2026-07-23T21:38:08Z,0,48.745846,Praktikant*in Entwicklung einer App zur Steuerung und Anwendung von Drohnen im Produktionsumfeld (Pflicht-Praktikum),"{'__CLASS__': 'Adzuna::API::Response::Category', 'tag': 'other-general-jobs', 'label': 'Sonstige/Allgemeine Stellen'}",9.315933,Adzuna::API::Response::Job,,,,
eyJhbGciOiJIUzI1NiJ9.eyJpIjoiNTc3MzE4MDkyMyIsInMiOiJUUFJSdXBTVThSR1dQb0pxUVhGUG53In0.FurytdFI6gdC2TfnJimjiWunulxrt_GcT8YdUGpEdw8,5773180923,https://www.adzuna.de/land/ad/5773180923?se=TPRRupSU8RGWPoJqQXFPnw&utm_medium=api&utm_source=a4bcf954&v=9DBD8C099FEB8FF40F33D01C07A314BF26299758,"{'area': ['Deutschland', 'Nordrhein-Westfalen', 'Düsseldorf'], 'display_name': 'Düsseldorf, Nordrhein-Westfalen', '__CLASS__': 'Adzuna::API::Response::Location'}","adesso steht für digitale Exzellenz – und damit auch für vielfältige Entwicklungsmöglichkeiten für alle adessi. Wir wachsen gemeinsam und lernen voneinander: in anspruchsvollen Projekten, interdisziplinären Teams und mit zielgerichteten Trainingsangeboten. Wir haben IT im Herzen und den Erfolg unserer Kunden im Fokus. Als Treiber der KI-Transformation verbinden wir Mut zur Veränderung mit technologischer Expertise und zukunftsfähigen Strategien. Was uns stark macht, sind unsere adessi, die etwa…","{'display_name': 'adesso SE', '__CLASS__': 'Adzuna::API::Response::Company'}",2026-06-23T06:22:14Z,0,51.226802,Data Engineer Salesforce Data Cloud (all genders),"{'__CLASS__': 'Adzuna::API::Response::Category', 'label': 'Unknown', 'tag': 'unknown'}",6.808387,Adzuna::API::Response::Job,,,,
eyJhbGciOiJIUzI1NiJ9.eyJzIjoiVFBSUnVwU1U4UkdXUG9KcVFYRlBudyIsImkiOiI1ODMwNTE2MDcwIn0.LwYFEXCHHDG6Ot80LKkKQ5MorSFxklZ8GMa3rMhg4c0,5830516070,https://www.adzuna.de/land/ad/5830516070?se=TPRRupSU8RGWPoJqQXFPnw&utm_medium=api&utm_source=a4bcf954&v=19937537DD122D7EB7370D7DC2B9AA5E0E08F6A8,"{'__CLASS__': 'Adzuna::API::Response::Location', 'area': ['Deutschland', 'Baden-Württemberg', 'Böblingen (Kreis)', 'Böblingen'], 'display_name': 'Böblingen, Böblingen (Kreis)'}","Life is always about becoming… Im Leben geht es darum, sich auf eine Reise zu begeben, um die beste Version unseres zukünftigen Selbst zu werden. Während wir Neues entdecken, stellen wir uns Herausforderungen, meistern sie und wachsen über uns hinaus. Bewerben Sie sich bei Mercedes-Benz und finden Sie den Aufgabenbereich, in dem Sie Ihre Talente individuell entfalten können. Dabei werden Sie von visionären Kolleginnen und Kollegen unterstützt, die Ihren Pioniergeist teilen. Bei uns einzusteigen…","{'__CLASS__': 'Adzuna::API::Response::Company', 'display_name': 'Mercedes-Benz AG'}",2026-08-06T15:54:24Z,0,48.68872,Werkstudent*in Ladungsträgermanagement Schwerpunkt Digitalisierung,"{'label': 'IT-Stellen', 'tag': 'it-jobs', '__CLASS__': 'Adzuna::API::Response::Category'}",8.98349,Adzuna::API::Response::Job,,,,
eyJhbGciOiJIUzI1NiJ9.eyJzIjoiVFBSUnVwU1U4UkdXUG9KcVFYRlBudyIsImkiOiI1ODAxNTA4OTc4In0.TUo7Pgp9GF_vNN_GKH-oiuQ0kxhxxfcOdAL2Hoitjwg,5801508978,https://www.adzuna.de/land/ad/5801508978?se=TPRRupSU8RGWPoJqQXFPnw&utm_medium=api&utm_source=a4bcf954&v=680241CBC2CEEA053248E8208BBAE4699C233C1F,"{'area': ['Deutschland', 'Bayern', 'Deggendorf (Kreis)', 'Deggendorf'], 'display_name': 'Deggendorf, Deggendorf (Kreis)', '__CLASS__': 'Adzuna::API::Response::Location'}","Wenn du schon mal eine CAD-Zeichnung gesehen hast und dachtest: „Da steckt doch mehr drin als nur Linien und Maße“, dann wirst du dich bei uns schnell zu Hause fühlen. Denn genau das glauben wir auch! Wir arbeiten jeden Tag daran, dieses „Mehr“ sichtbar zu machen. PartSpace ist die Plattform, die technischen Zeichnungen eine neue Bedeutung gibt: Unsere KI analysiert, versteht und rechnet aus, was früher Bauchgefühl war. Direkt aus der Konstruktion heraus. So helfen wir Industrieunternehmen, ihr…","{'display_name': 'PartSpace GmbH', '__CLASS__': 'Adzuna::API::Response::Company'}",2026-07-15T21:26:45Z,0,48.83367,IT Projektleiter - SaaS / KI / SAP / PLM (m/w/d),"{'tag': 'it-jobs', 'label': 'IT-Stellen', '__CLASS__': 'Adzuna::API::Response::Category'}",12.96065,Adzuna::API::Response::Job,,,,
eyJhbGciOiJIUzI1NiJ9.eyJpIjoiNTgzMDgzNjI4MiIsInMiOiJUUFJSdXBTVThSR1dQb0pxUVhGUG53In0.5JfiffePQs4X0dfd9ZGjOl6D0mffgPYAMmrfXpjGxqA,5830836282,https://www.adzuna.de/land/ad/5830836282?se=TPRRupSU8RGWPoJqQXFPnw&utm_medium=api&utm_source=a4bcf954&v=4B2706687DA095538C7F46B605BD87A507476ACB,"{'__CLASS__': 'Adzuna::API::Response::Location', 'area': ['Deutschland', 'Bremen'], 'display_name': 'Bremen, Deutschland'}","TKMS ATLAS ELEKTRONIK ist ein Unternehmen der TKMS Gruppe. Seit Jahrzehnten unterstützen wir Marinen auf der ganzen Welt dabei, die Meere sicherer zu machen. Unseren Kunden bieten wir umfassende Lösungen in Sensorik und Elektronik. Vom Sonar über unbemannte Fahrzeuge und Minenabwehrsystemen bis hin zu Kommunikationsanlagen. Alles aus einer Hand. Bereit mit den Besten zu arbeiten? Werde Teil unseres Teams aus mehr als 9.700 Kolleginnen und Kollegen bei TKMS. Als wachsendes Marineunternehmen biet…","{'__CLASS__': 'Adzuna::API::Response::Company', 'display_name': 'TKMS ATLAS ELEKTRONIK GmbH'}",2026-08-06T19:32:12Z,0,53.10403,Werkstudent Classification Management (m/w/d),"{'__CLASS__': 'Adzuna::API::Response::Category', 'tag': 'consultancy-jobs', 'label': 'Beraterstellen'}",8.786477,Adzuna::API::Response::Job,,,,
eyJhbGciOiJIUzI1NiJ9.eyJzIjoiVFBSUnVwU1U4UkdXUG9KcVFYRlBudyIsImkiOiI1ODAxNDI4MTc2In0.snvYXlCqqCdOqoam8kzlphpKX8I8PWARnpE2tEugUpo,5801428176,https://www.adzuna.de/land/ad/5801428176?se=TPRRupSU8RGWPoJqQXFPnw&utm_medium=api&utm_source=a4bcf954&v=2BCA4FF27D61A3B0377A71E6275176B2436E1BC2,"{'area': ['Deutschland', 'Niedersachsen', 'Braunschweig'], 'display_name': 'Braunschweig, Niedersachsen', '__CLASS__': 'Adzuna::API::Response::Location'}",Wir als inhabergeführte iwb stehen seit 1987 für Leistungen von herausragender Qualität. Von bundesweit 10 Standorten aus decken wir mit unseren über 330 Mitarbeitenden nahezu sämtliche Bereiche der Architektur- und Ingenieurplanung ab. Zur Verstärkung unseres Teams in Braunschweig suchen wir zum nächstmöglichen Zeitpunkt einen Manager (m/w/d) digitale Transformation . Aufgaben In deiner Position als Manager (m/w/d) digitale Transformation übernimmst du verantwortungsvolle Aufgaben bei der Weit…,"{'display_name': 'iwb Ingenieurgesellschaft mbH', '__CLASS__': 'Adzuna::API::Response::Company'}",2026-07-15T19:06:13Z,0,52.263026,Manager (m/w/d) digitale Transformation,"{'__CLASS__': 'Adzuna::API::Response::Category', 'label': 'Unknown', 'tag': 'unknown'}",10.517347,Adzuna::API::Response::Job,,,,
eyJhbGciOiJIUzI1NiJ9.eyJzIjoiVFBSUnVwU1U4UkdXUG9KcVFYRlBudyIsImkiOiI1ODE1NTM2NDUxIn0.vXVxDnmsv0fE4oCAQy50a9vKfjZnqG2yy3NW1FCaq2s,5815536451,https://www.adzuna.de/land/ad/5815536451?se=TPRRupSU8RGWPoJqQXFPnw&utm_medium=api&utm_source=a4bcf954&v=AF6053ECDC28C8FC540E31268D9F9EA1673FFA02,"{'area': ['Deutschland', 'Baden-Württemberg', 'Böblingen (Kreis)', 'Böblingen'], 'display_name': 'Böblingen, Böblingen (Kreis)', '__CLASS__': 'Adzuna::API::Response::Location'}","Life is always about becoming… Im Leben geht es darum, sich auf eine Reise zu begeben, um die beste Version unseres zukünftigen Selbst zu werden. Während wir Neues entdecken, stellen wir uns Herausforderungen, meistern sie und wachsen über uns hinaus. Bewerben Sie sich bei Mercedes-Benz und finden Sie den Aufgabenbereich, in dem Sie Ihre Talente individuell entfalten können. Dabei werden Sie von visionären Kolleginnen und Kollegen unterstützt, die Ihren Pioniergeist teilen. Bei uns einzusteigen…","{'__CLASS__': 'Adzuna::API::Response::Company', 'display_name': 'Mercedes-Benz AG'}",2026-07-25T17:43:36Z,0,48.68872,Student*in für Abschlussarbeit: Einsatz von Data Analytics und Künstlicher Intelligenz,"{'__CLASS__': 'Adzuna::API::Response::Category', 'tag': 'scientific-qa-jobs', 'label': 'Stellen aus Wissenschaft & Qualitätssicherung'}",8.98349,Adzuna::API::Response::Job,,,,
eyJhbGciOiJIUzI1NiJ9.eyJpIjoiNTgyMjExNjk2MiIsInMiOiJUUFJSdXBTVThSR1dQb0pxUVhGUG53In0.ByV4iEn3Kw0R8hx8H6XHnwIn9ccU46G_9QIl5rJRdIE,5822116962,https://www.adzuna.de/land/ad/5822116962?se=TPRRupSU8RGWPoJqQXFPnw&utm_medium=api&utm_source=a4bcf954&v=167237F7B22A265B41C6A6E9A9CCF8E867EDD640,"{'__CLASS__': 'Adzuna::API::Response::Location', 'display_name': 'Frankfurt am Main, Hessen', 'area': ['Deutschland', 'Hessen', 'Frankfurt am Main']}","Unser Anspruch ist es, eine neue Dimension im Mobile Banking zu definieren. Du kannst hier ganz vorne mit dabei sein! Du gestaltest die Analyse-Features unserer Banking-App, die Nutzer dabei unterstützen, ihre Finanzen besser zu verstehen und zu steuern. Dazu gehören die intelligente Kategorisierung von Transaktionen, die visuelle Aufbereitung des Einnahmen- und Ausgabenverhaltens sowie die automatisierte Erkennung von Verträgen und das Aufzeigen individueller Sparhinweise. Du gestaltest Featur…","{'__CLASS__': 'Adzuna::API::Response::Company', 'display_name': 'C24 Bank GmbH'}",2026-07-31T09:49:03Z,0,50.129683,(Junior) Produktmanager (m/w/d) Financial Assistant,"{'__CLASS__': 'Adzuna::API::Response::Category', 'tag': 'unknown', 'label': 'Unknown'}",8.650578,Adzuna::API::Response::Job,,,,
eyJhbGciOiJIUzI1NiJ9.eyJzIjoid0E5aXU1U1U4UkcyUUxoSEdxVXh1QSIsImkiOiI1ODMyMTg2NDMxIn0.-niitfr14tXAQGYFoat804MM2eF3jdyhqQLoMX3Nbl0,5832186431,https://www.adzuna.de/land/ad/5832186431?se=wA9iu5SU8RG2QLhHGqUxuA&utm_medium=api&utm_source=a4bcf954&v=FA173A6FFDD5CD298265464E79F820FFD5231CF2,"{'__CLASS__': 'Adzuna::API::Response::Location', 'display_name': 'Frankfurt am Main, Hessen', 'area': ['Deutschland', 'Hessen', 'Frankfurt am Main']}","Unser Anspruch ist es, eine neue Dimension im Mobile Banking zu definieren - und dafür brauchen wir verlässliche, aussagekräftige Zahlen nach außen. Als Teil unseres Finanzen-Teams sorgst Du dafür, dass C24 gegenüber Aufsichtsbehörden, der Öffentlichkeit und weiteren Stakeholdern ein präzises und transparentes Bild abgibt. Du bringst Struktur in Daten aus unterschiedlichen Quellen, leitest daraus belastbare Kennzahlen ab und hinterfragst Zahlen, bevor sie es tun. So gestaltest Du die externe Be…","{'__CLASS__': 'Adzuna::API::Response::Company', 'display_name': 'C24 Bank GmbH'}",2026-08-07T17:54:13Z,0,50.129683,Manager (m/w/d) External Reporting & Regulatory Analytics,"{'tag': 'accounting-finance-jobs', 'label': 'Stellen aus Buchhaltung & Finanzwesen', '__CLASS__': 'Adzuna::API::Response::Category'}",8.650578,Adzuna::API::Response::Job,,,,
eyJhbGciOiJIUzI1NiJ9.eyJpIjoiNTgxNTUzNjY0NCIsInMiOiJ3QTlpdTVTVThSRzJRTGhIR3FVeHVBIn0.SpEWJOkPRFtVbnJhvzoBcxTOMRWj_srQcG2_2zEvwak,5815536644,https://www.adzuna.de/land/ad/5815536644?se=wA9iu5SU8RG2QLhHGqUxuA&utm_medium=api&utm_source=a4bcf954&v=84AB3B4C56CB3F68B2CE4F93D95ACCD87269261F,"{'__CLASS__': 'Adzuna::API::Response::Location', 'area': ['Deutschland'], 'display_name': 'Deutschland'}","BANK.ECHT.ANDERS. Das ist unser Anspruch als Arbeitgeberin. Wir wollen zur besten Bank für alle unsere Kund*innen und Mitarbeiter*innen werden, deshalb suchen wir Menschen, die gemeinsam etwas bewegen wollen. Als Teil unseres Kundencenter-Teams erlebst du eine Kultur, in der Vielfalt, Dynamik und Mitgestaltung wertgeschätzt werden. So kannst du Lösungen finden, die deinen Kund*innen optimal weiterhelfen. Und wenn du dabei einen Weg entdeckst, den noch keiner auf dem Zettel hatte: umso besser! D…","{'display_name': 'TARGOBANK', '__CLASS__': 'Adzuna::API::Response::Company'}",2026-07-25T17:43:44Z,0,,Specialist (w/m/d) Datenmanagement & MIS,"{'label': 'Unknown', '__CLASS__': 'Adzuna::API::Response::Category', 'tag': 'unknown'}",,Adzuna::API::Response::Job,,,,
eyJhbGciOiJIUzI1NiJ9.eyJpIjoiNTgzNDA3MjA3NyIsInMiOiJ3QTlpdTVTVThSRzJRTGhIR3FVeHVBIn0.-PtlPFuKhV6SJghevLureKmuGgVFdoW-TwZ1nxZerMs,5834072077,https://www.adzuna.de/land/ad/5834072077?se=wA9iu5SU8RG2QLhHGqUxuA&utm_medium=api&utm_source=a4bcf954&v=1AA741F42E32A5A8BDC954603D731954B71D5AA6,"{'area': ['Deutschland', 'Baden-Württemberg', 'Ludwigsburg (Kreis)', 'Affalterbach'], 'display_name': 'Affalterbach, Ludwigsburg (Kreis)', '__CLASS__': 'Adzuna::API::Response::Location'}","Life is always about becoming… Im Leben geht es darum, sich auf eine Reise zu begeben, um die beste Version unseres zukünftigen Selbst zu werden. Während wir Neues entdecken, stellen wir uns Herausforderungen, meistern sie und wachsen über uns hinaus. Bewerben Sie sich bei Mercedes-Benz und finden Sie den Aufgabenbereich, in dem Sie Ihre Talente individuell entfalten können. Dabei werden Sie von visionären Kolleginnen und Kollegen unterstützt, die Ihren Pioniergeist teilen. Bei uns einzusteigen…","{'__CLASS__': 'Adzuna::API::Response::Company', 'display_name': 'Mercedes-Benz AG'}",2026-08-09T01:55:31Z,0,48.92287,Werkstudent*in Prozessautomatisierung & Digitale Transformation Drive Systems - Softwareprojekte AMG,"{'__CLASS__': 'Adzuna::API::Response::Category', 'label': 'Unknown', 'tag': 'unknown'}",9.32281,Adzuna::API::Response::Job,,,,
eyJhbGciOiJIUzI1NiJ9.eyJpIjoiNTgwNjU2Mjg1NiIsInMiOiJ3QTlpdTVTVThSRzJRTGhIR3FVeHVBIn0.mb1oXONrJclrRM-1zMFEUIJzg69EtxWZY-12vdWaJs8,5806562856,https://www.adzuna.de/details/5806562856?utm_medium=api&utm_source=a4bcf954,"{'area': ['Deutschland', 'Nordrhein-Westfalen', 'Düsseldorf'], 'display_name': 'Düsseldorf, Nordrhein-Westfalen', '__CLASS__': 'Adzuna::API::Response::Location'}","Du hast Lust auf diese Aufgaben Du unterstützt uns im Bereich Data Engineering bei der Erweiterung von Data Pipelines / ETL-Prozessen, z.B. mit Airflow, dbt und Kafka. Du arbeitest in unserer Google Cloud Umgebung und nutzt dabei Services wie BigQuery. Du kombinierst Daten aus internen und externen Quellen und bereitest sie zu einem analytischen Datensatz auf. Du visualisierst Analyseergebnisse mit Tools wie Looker Studio Wir freuen uns auf Deine Qualifikationen Du bist Student:in (m/w/d) oder …","{'display_name': 'jobvector', '__CLASS__': 'Adzuna::API::Response::Company'}",2026-07-19T00:14:27Z,0,51.226802,Praktikum Data Science / Data Engineering (m/w/d),"{'label': 'Unknown', '__CLASS__': 'Adzuna::API::Response::Category', 'tag': 'unknown'}",6.808387,Adzuna::API::Response::Job,full_time,,,
eyJhbGciOiJIUzI1NiJ9.eyJzIjoid0E5aXU1U1U4UkcyUUxoSEdxVXh1QSIsImkiOiI1ODI2Nzg3NzIwIn0.KB4gCnLnAuEpvPf1FvcW4YsZY84z9y3pJPLnsna1SGE,5826787720,https://www.adzuna.de/land/ad/5826787720?se=wA9iu5SU8RG2QLhHGqUxuA&utm_medium=api&utm_source=a4bcf954&v=F0BD7C292557FE8A76F1EEA3E5D3CA63B9D46730,"{'area': ['Deutschland', 'Baden-Württemberg', 'Biberach (Kreis)', 'Laupheim'], 'display_name': 'Laupheim, Biberach (Kreis)', '__CLASS__': 'Adzuna::API::Response::Location'}","Digitale Trans­formation. Nach­haltig­keit. Friedens­sicherung. Spannende Aufgaben, an denen auch wir bei Diehl in unseren fünf Teil­konzernen Metall, Controls, Defence, Aviation und Metering und unsere über 16.000 Mit­arbeiter­innen und Mit­arbeiter mit Hochdruck arbeiten. Entdecke faszinierende Techno­logien und bewirb dich. In einem von Vertrauen und Mut geprägten Familien­unter­nehmen, das beständig und stabil ist – aus Tradition. Für unseren Standort Diehl Aviation in Laupheim suchen wir e…","{'display_name': 'Diehl Aviation', '__CLASS__': 'Adzuna::API::Response::Company'}",2026-08-03T19:29:38Z,0,48.23581,Werkstudent (m/w/d) Produktkalkulation – Digitale Transformation,"{'tag': 'unknown', '__CLASS__': 'Adzuna::API::Response::Category', 'label': 'Unknown'}",9.88178,Adzuna::API::Response::Job,,,,
eyJhbGciOiJIUzI1NiJ9.eyJzIjoid0E5aXU1U1U4UkcyUUxoSEdxVXh1QSIsImkiOiI1ODI4MTA1MjQ1In0.1v3wSt1WN5IVEeu_rc7-yWQge0-rBMUFGSfYnipOMiI,5828105245,https://www.adzuna.de/land/ad/5828105245?se=wA9iu5SU8RG2QLhHGqUxuA&utm_medium=api&utm_source=a4bcf954&v=486EFF6A17D7F6613BD978C5B794A29B5D95A05E,"{'area': ['Deutschland', 'Baden-Württemberg', 'Heidenheim (Kreis)'], 'display_name': 'Heidenheim (Kreis), Baden-Württemberg', '__CLASS__': 'Adzuna::API::Response::Location'}","The Voith Group is a global technology company. With its broad portfolio of systems, products, services and digital applications, Voith sets standards in the markets of energy, paper, raw materials and transport & automotive. Founded in 1867, the company today has around 20,700 employees, sales of € 4.8 billion and locations in over 60 countries worldwide and is thus one of the larger family-owned companies in Europe. Junior Project Manager (m/w/d) AI-Driven Strategic Procurement (Steinbeis-Mas…","{'display_name': 'Voith GmbH & Co. KGaA', '__CLASS__': 'Adzuna::API::Response::Company'}",2026-08-04T19:33:36Z,0,48.67025,Junior Project Manager (m/w/d) AI-Driven Strategic Procurement (Steinbeis-Masterstudium),"{'tag': 'unknown', '__CLASS__': 'Adzuna::API::Response::Category', 'label': 'Unknown'}",10.181654,Adzuna::API::Response::Job,,,,
eyJhbGciOiJIUzI1NiJ9.eyJpIjoiNTgzNDgwODI5NCIsInMiOiJ3QTlpdTVTVThSRzJRTGhIR3FVeHVBIn0.jhyqklmHBVLvb-VyCyiT2OBxsBeWayk-Cbv-qr98Y7s,5834808294,https://www.adzuna.de/land/ad/5834808294?se=wA9iu5SU8RG2QLhHGqUxuA&utm_medium=api&utm_source=a4bcf954&v=996F7109911BEA637E1BADAF0E9092C49A5F2B55,"{'area': ['Deutschland', 'Bayern', 'München (Kreis)', 'München'], 'display_name': 'München, München (Kreis)', '__CLASS__': 'Adzuna::API::Response::Location'}","Die HypoVereinsbank ist Teil der UniCredit, einer führenden paneuropäischen Geschäftsbank , die erstklassige Lösungen und Services in Italien, Deutschland, Österreich, Zentral- und Osteuropa bietet. Unsere Vision ist es, die Bank für Europas Zukunft zu sein. Unser Anspruch lautet: Empower Communities to Progress . Er beinhaltet, allen Stakeholdern erstklassige Produkte und Services zu bieten und dadurch das Potenzial unserer Kund:innen und Mitarbeitenden in ganz Europa zur Entfaltung zu bringen…","{'__CLASS__': 'Adzuna::API::Response::Company', 'display_name': 'HypoVereinsbank - UniCredit - Deutschland'}",2026-08-09T17:55:31Z,0,48.137418,Trainee Fraud Management & Betrugsprävention (m/w/d) - UniCredit Graduate Program,"{'tag': 'consultancy-jobs', '__CLASS__': 'Adzuna::API::Response::Category', 'label': 'Beraterstellen'}",11.555737,Adzuna::API::Response::Job,,,,
eyJhbGciOiJIUzI1NiJ9.eyJpIjoiNTgyMDg4MTAzNyIsInMiOiJ3QTlpdTVTVThSRzJRTGhIR3FVeHVBIn0.H7b0ww1yQXv1x85nS2gdxvwMlYnMev4j-rgm0hkCB3g,5820881037,https://www.adzuna.de/land/ad/5820881037?se=wA9iu5SU8RG2QLhHGqUxuA&utm_medium=api&utm_source=a4bcf954&v=BBE3B40B2C933BABA54898A84E5653C4D63BED52,"{'display_name': 'Dresden, Sachsen', 'area': ['Deutschland', 'Sachsen', 'Dresden'], '__CLASS__': 'Adzuna::API::Response::Location'}","Chirurgische KI in der Klinik und Poliklinik für Viszeral-, Thorax- und Gefäßchirurgie und dem Else Kröner Fresenius Zentrum für Digitale Gesundheit Die Stelle ist ab 1. Oktober 2026 in Voll- oder Teilzeitbeschäftigung zunächst für 24 Monate befristet zu besetzen. Die Vergütung erfolgt nach den Eingruppierungsvorschriften des Tarifvertrages für den öffentlichen Dienst (TV-L) und ist bei Vorliegen der persönlichen Voraussetzungen in die Entgeltgruppe E13 möglich. Diese Stelle ist Teil eines von …","{'display_name': 'Universitätsklinikum Carl Gustav Carus Dresden', '__CLASS__': 'Adzuna::API::Response::Company'}",2026-07-30T09:50:26Z,0,51.052725,Wissenschaftliche Mitarbeiterin/Wissenschaftlicher Mitarbeiter/PhD (m/w/d) Chirurgische KI,"{'label': 'Stellen aus Wissenschaft & Qualitätssicherung', '__CLASS__': 'Adzuna::API::Response::Category', 'tag': 'scientific-qa-jobs'}",13.756452,Adzuna::API::Response::Job,,,,
eyJhbGciOiJIUzI1NiJ9.eyJpIjoiNTgyMDE1MzY2OCIsInMiOiJ3QTlpdTVTVThSRzJRTGhIR3FVeHVBIn0.EDidN5P0nOmcI6FvUFQjRYt2tVcsipjQ67idHyzcgF8,5820153668,https://www.adzuna.de/land/ad/5820153668?se=wA9iu5SU8RG2QLhHGqUxuA&utm_medium=api&utm_source=a4bcf954&v=B21AC7A38301EA532D36F39CFFBFC9A670AD3E53,"{'area': ['Deutschland'], 'display_name': 'Deutschland', '__CLASS__': 'Adzuna::API::Response::Location'}","Als eine der großen europäischen Plattformen für Investmentfonds ist die Attrax Financial Services S.A. ein zuverlässiger Partner der Genossenschaftlichen FinanzGruppe Volksbanken Raiffeisenbanken in Deutschland und weiterer professioneller Finanzdienstleister - wie Banken, Investmentgesellschaften und Versicherungen. Die Gesellschaft bietet ihren Institutionellen Kunden innovative Business-to-Business-Services für Fondsbrokerage und Fondsverwahrung, kundenorientierte Lösungen in den Bereichen …","{'display_name': 'Union Investment', '__CLASS__': 'Adzuna::API::Response::Company'}",2026-07-29T21:47:47Z,0,,Trainee FOKUS Luxemburg (m/w/d) - digitale Transformation & Prozessmanagement im Fondsbrokerage,"{'tag': 'consultancy-jobs', 'label': 'Beraterstellen', '__CLASS__': 'Adzuna::API::Response::Category'}",,Adzuna::API::Response::Job,,,,
eyJhbGciOiJIUzI1NiJ9.eyJzIjoid0E5aXU1U1U4UkcyUUxoSEdxVXh1QSIsImkiOiI1NzUyNzI5NzI1In0.aQGsHy53YlXmgJnCQJ8f7BH_M1zJj2b0JAGi7OFXG2k,5752729725,https://www.adzuna.de/land/ad/5752729725?se=wA9iu5SU8RG2QLhHGqUxuA&utm_medium=api&utm_source=a4bcf954&v=BBC8CDC25BA676BE9110BA325FDF4A5A440E9079,"{'__CLASS__': 'Adzuna::API::Response::Location', 'area': ['Deutschland', 'Hessen', 'Frankfurt am Main'], 'display_name': 'Frankfurt am Main, Hessen'}","INFOMOTION ist die Data Performance Company – mit über 600 Datenenthusiastinnen und -enthusiasten an neun Standorten und mehr als 20 Jahren Erfahrung. Bei uns bringst Du Deine Expertise gezielt ein – und entwickelst sie weiter, gemeinsam mit einem Team, das Wissen teilt, Verantwortung lebt und Zukunft gestaltet. Du möchtest Deine Erfahrung nicht nur vertiefen, sondern auch weitergeben – und mit anderen gemeinsam echte Datenwirkung erzielen? Dann gestalte mit uns die nächste Etappe – persönlich,…","{'display_name': 'INFOMOTION GmbH', '__CLASS__': 'Adzuna::API::Response::Company'}",2026-06-05T05:10:45Z,0,,Senior Datenarchitekt (m/w/d) Data & AI Strategie,"{'label': 'Unknown', '__CLASS__': 'Adzuna::API::Response::Category', 'tag': 'unknown'}",,Adzuna::API::Response::Job,,,,
eyJhbGciOiJIUzI1NiJ9.eyJpIjoiNTcxMDY1OTI5MiIsInMiOiJ3QTlpdTVTVThSRzJRTGhIR3FVeHVBIn0.ZwooPwNssRvqzvFst8_aL0-Qa9vg0t9vRZALn34E_qg,5710659292,https://www.adzuna.de/details/5710659292?utm_medium=api&utm_source=a4bcf954,"{'__CLASS__': 'Adzuna::API::Response::Location', 'display_name': 'Telgte, Warendorf (Kreis)', 'area': ['Deutschland', 'Nordrhein-Westfalen', 'Warendorf (Kreis)', 'Telgte']}",Specialist Data Science (m/w/d) für unsere Zentrale in Telgte (bei Münster) Aus Westfalen in die Welt - mit rund 18.000 Kolleginnen und Kollegen und fast 2.000 Stores in 17 Ländern sind wir einer der größten Fashion Discounter in Europa. Unsere internationalen Geschäfte steuern wir aus unserer Zentrale im westfälischen Telgte bei Münster. Takko Fashion steht für aktuelle Trends sowie gute Qualität aus sozial verantwortungsbewusster Produktion – und das zu einem erschwinglichen Preis. Durch unse…,"{'display_name': 'Takko Fashion', '__CLASS__': 'Adzuna::API::Response::Company'}",2026-04-26T00:03:52Z,0,51.98437,Specialist Data Science (m/w/d),"{'label': 'Unknown', '__CLASS__': 'Adzuna::API::Response::Category', 'tag': 'unknown'}",7.7853,Adzuna::API::Response::Job,full_time,,,permanent
eyJhbGciOiJIUzI1NiJ9.eyJpIjoiNTgyMzUxNzgwNSIsInMiOiJ3QTlpdTVTVThSRzJRTGhIR3FVeHVBIn0.VzPj7S3AjnFyMCMFq_c_LjF3gSDxpShdPr1Gf1OyuUw,5823517805,https://www.adzuna.de/details/5823517805?utm_medium=api&utm_source=a4bcf954,"{'area': ['Deutschland'], 'display_name': 'Deutschland', '__CLASS__': 'Adzuna::API::Response::Location'}","Praktikum Data Analytics / Data Science Datum: 12.11.2025 Standort: Fellbach, BW, DE, 70736 Unternehmen: STIHL Das ist die Aufgabe Mitwirken im innovativen Big Data Team: Unterstütze andere Fachbereiche durch Expertise in Data Analytics und erhalte Einblicke in Data Science und Data Visualization, um datengetriebene Entscheidungen voranzutreiben Beteiligen an Analytics Projekten: Arbeite interdisziplinär, um Produkte und interne Prozesse durch datengetriebene Insights zu optimieren, mit der Cha…","{'display_name': 'ANDREAS STIHL AG & Co. KG', '__CLASS__': 'Adzuna::API::Response::Company'}",2026-08-01T09:52:44Z,0,,Praktikum Data Analytics / Data Science in Fellbach,"{'tag': 'accounting-finance-jobs', '__CLASS__': 'Adzuna::API::Response::Category', 'label': 'Stellen aus Buchhaltung & Finanzwesen'}",,Adzuna::API::Response::Job,,,,
eyJhbGciOiJIUzI1NiJ9.eyJzIjoid0E5aXU1U1U4UkcyUUxoSEdxVXh1QSIsImkiOiI1MDY3MDIwNzk4In0.DkpMG_ULoFxpLKmYLk6kLdzGCZhTc8wLF0axPepkLww,5067020798,https://www.adzuna.de/details/5067020798?utm_medium=api&utm_source=a4bcf954,"{'__CLASS__': 'Adzuna::API::Response::Location', 'area': ['Deutschland', 'Niedersachsen', 'Region Hannover (Kreis)', 'Hannover', 'Bult'], 'display_name': 'Bult, Hannover'}","Wir bieten dir Flexibles Arbeiten: Mobiles Arbeiten mit vier gemeinsamen Präsenztagen im Monat. Und wenn du magst, bist du natürlich jederzeit öfter im Büro willkommen. So schaffen wir die perfekte Balance aus Freiheit und persönlichem Austausch. Individuelle Arbeitszeitmodelle , die sich an dein Leben anpassen. Gestaltungsfreiraum für deine Ideen und Projekte, mit der Möglichkeit, wirklich etwas zu bewegen. Gezielte Weiterbildungsmöglichkeiten , die wir aktiv fördern. Ein starkes Miteinander i…","{'display_name': 'IT-P GmbH', '__CLASS__': 'Adzuna::API::Response::Company'}",2025-02-28T14:07:24Z,0,52.36489,Data Science Specialist (m/w/d),"{'__CLASS__': 'Adzuna::API::Response::Category', 'label': 'Unknown', 'tag': 'unknown'}",9.77223,Adzuna::API::Response::Job,part_time,,,
eyJhbGciOiJIUzI1NiJ9.eyJpIjoiNTcyNzMwOTI3MSIsInMiOiJ3QTlpdTVTVThSRzJRTGhIR3FVeHVBIn0.OpR1Pfoo306kDyTG9NB8fCf2uJOj_LzpFOdbdlyaTWY,5727309271,https://www.adzuna.de/details/5727309271?utm_medium=api&utm_source=a4bcf954,"{'__CLASS__': 'Adzuna::API::Response::Location', 'display_name': 'Deutschland', 'area': ['Deutschland']}","Wir bieten dir Flexibles Arbeiten: Mobiles Arbeiten mit vier gemeinsamen Präsenztagen im Monat. Und wenn du magst, bist du natürlich jederzeit öfter im Büro willkommen. So schaffen wir die perfekte Balance aus Freiheit und persönlichem Austausch. Individuelle Arbeitszeitmodelle , die sich an dein Leben anpassen. Gestaltungsfreiraum für deine Ideen und Projekte, mit der Möglichkeit, wirklich etwas zu bewegen. Gezielte Weiterbildungsmöglichkeiten , die wir aktiv fördern. Ein starkes Miteinander i…","{'__CLASS__': 'Adzuna::API::Response::Company', 'display_name': 'IT-P'}",2026-05-12T23:01:22Z,0,,Data Science Specialist (m/w/d),"{'tag': 'unknown', '__CLASS__': 'Adzuna::API::Response::Category', 'label': 'Unknown'}",,Adzuna::API::Response::Job,full_time,,,
eyJhbGciOiJIUzI1NiJ9.eyJpIjoiNTU5MzY1NTQwMiIsInMiOiJ3QTlpdTVTVThSRzJRTGhIR3FVeHVBIn0.4rdnXI_QFOpqAPfcV63UIEk4O_x4H6_CNwmWZWzlRjA,5593655402,https://www.adzuna.de/details/5593655402?utm_medium=api&utm_source=a4bcf954,"{'area': ['Deutschland', 'Baden-Württemberg', 'Stuttgart', 'Bad Cannstatt'], 'display_name': 'Bad Cannstatt, Stuttgart', '__CLASS__': 'Adzuna::API::Response::Location'}","Dein Studium Du möchtest Theorie und Praxis miteinander verknüpfen und begeisterst dich für Daten, Analysen und Künstliche Intelligenz? Dann ist das duale Studium im Bereich Data Science & Künstliche Intelligenz in Kombination mit MWAY genau das Richtige für dich. Studiendauer: 3 Jahre Studienverlauf: Wechsel von Theorie- und Praxisphasen im 3-Monats-Rhythmus Praxisort: Stuttgart-Bad Cannstatt Studienstart: 01.10.2027 Studienort: DHBW Stuttgart Abschluss: Bachelor of Science Weitere Information…","{'__CLASS__': 'Adzuna::API::Response::Company', 'display_name': 'MWAY DIGITAL GmbH'}",2026-01-21T06:59:03Z,0,48.80499,DHBW Data Science & Künstliche Intelligenz – 2027,"{'label': 'Unknown', '__CLASS__': 'Adzuna::API::Response::Category', 'tag': 'unknown'}",9.21546,Adzuna::API::Response::Job,full_time,,,
eyJhbGciOiJIUzI1NiJ9.eyJpIjoiNTcyNzMwMTMyMiIsInMiOiJ3QTlpdTVTVThSRzJRTGhIR3FVeHVBIn0.kvJ1qKoItUoYQ7Rhb5gV17wJ3O1nSFAxb6RwklDWEO8,5727301322,https://www.adzuna.de/details/5727301322?utm_medium=api&utm_source=a4bcf954,"{'__CLASS__': 'Adzuna::API::Response::Location', 'display_name': 'Stuttgart, Baden-Württemberg', 'area': ['Deutschland', 'Baden-Württemberg', 'Stuttgart']}","Dein Studium Du möchtest Theorie und Praxis miteinander verknüpfen und begeisterst dich für Daten, Analysen und Künstliche Intelligenz? Dann ist das duale Studium im Bereich Data Science & Künstliche Intelligenz in Kombination mit MWAY genau das Richtige für dich. Studiendauer: 3 Jahre Studienverlauf: Wechsel von Theorie- und Praxisphasen im 3-Monats-Rhythmus Praxisort: Stuttgart-Bad Cannstatt Studienstart: 01.10.2027 Studienort: DHBW Stuttgart Abschluss: Bachelor of Science Weitere Information…","{'display_name': 'MWAY DIGITAL', '__CLASS__': 'Adzuna::API::Response::Company'}",2026-05-12T22:59:27Z,0,48.776198,DHBW Data Science & Künstliche Intelligenz – 2027,"{'tag': 'it-jobs', 'label': 'IT-Stellen', '__CLASS__': 'Adzuna::API::Response::Category'}",9.187224,Adzuna::API::Response::Job,full_time,,,
eyJhbGciOiJIUzI1NiJ9.eyJpIjoiNTgyODcwNzg5MiIsInMiOiJ3QTlpdTVTVThSRzJRTGhIR3FVeHVBIn0.DINadQHLLQ0IRpmFd8T_j5DaX7voC7AsQac9xkahEOg,5828707892,https://www.adzuna.de/details/5828707892?utm_medium=api&utm_source=a4bcf954,"{'display_name': 'Bodman-Ludwigshafen, Konstanz (Kreis)', 'area': ['Deutschland', 'Baden-Württemberg', 'Konstanz (Kreis)', 'Bodman-Ludwigshafen'], '__CLASS__': 'Adzuna::API::Response::Location'}","Stellenangebot [ ](https://www.pfalzwerke.de/privatkunden) Experte Data Science (m/w/d) Warum wir? *Wir sind mehr als ein Energieversorger Nachhaltig, nah am Kunden und innovativ. Seit über 100 Jahren geben wir unser Bestes und garantieren eine sichere und umweltverträgliche Energieversorgung. Wir investieren regional und international in zukunftsweisende Versorgungskonzepte aus Kraft-Wärme-Kopplung, Windkraft oder Photovoltaik, in innovative Technologien und Infrastrukturlösungen, wie Wasserst…","{'display_name': 'PFALZWERKE AKTIENGESELLSCHAFT', '__CLASS__': 'Adzuna::API::Response::Company'}",2026-08-05T06:40:44Z,0,47.80254,Experte Data Science (m/w/d),"{'tag': 'consultancy-jobs', 'label': 'Beraterstellen', '__CLASS__': 'Adzuna::API::Response::Category'}",9.02709,Adzuna::API::Response::Job,,,,
eyJhbGciOiJIUzI1NiJ9.eyJpIjoiNTc4NTIzMDI3NSIsInMiOiJ3QTlpdTVTVThSRzJRTGhIR3FVeHVBIn0.9_0IuIF7Xv18svtIwIPwu7Du4rjTvrk7a6mvOj6cugI,5785230275,https://www.adzuna.de/details/5785230275?utm_medium=api&utm_source=a4bcf954,"{'area': ['Deutschland', 'Bayern', 'Altötting (Kreis)', 'Burghausen'], 'display_name': 'Burghausen, Altötting (Kreis)', '__CLASS__': 'Adzuna::API::Response::Location'}",Duales Studium - Data Science & Künstliche Intelligenz Standort Burghausen - 84489 Burghausen - Arbeitszeit: Vollzeit - Position: Duales Studium - Bildungsgrad Mindestvoraussetzung: Fachhochschulreife - Beschäftigungsbeginn: 01.09.2027,"{'display_name': 'Wacker Chemie AG - Werk Burghausen', '__CLASS__': 'Adzuna::API::Response::Company'}",2026-07-02T11:24:40Z,0,48.17244,Duales Studium - Data Science & Künstliche Intelligenz,"{'tag': 'graduate-jobs', '__CLASS__': 'Adzuna::API::Response::Category', 'label': 'Stellen für Hochschulabsolventen'}",12.83048,Adzuna::API::Response::Job,,,,
eyJhbGciOiJIUzI1NiJ9.eyJzIjoid0E5aXU1U1U4UkcyUUxoSEdxVXh1QSIsImkiOiI1NzI3MzQ1NDA0In0.p12hcbnLd294g6doIIy8Bv4u5iZLZtM-SFE384i7MnY,5727345404,https://www.adzuna.de/details/5727345404?utm_medium=api&utm_source=a4bcf954,"{'area': ['Deutschland', 'Hamburg', 'HafenCity'], 'display_name': 'HafenCity, Hamburg', '__CLASS__': 'Adzuna::API::Response::Location'}","Wer wir sind Als eine der führenden Beratungen der Medienbranche treibt Highberg DACH (ehemals SCHICKLER) den digitalen Wandel in Medienunternehmen in Deutschland, Österreich und der Schweiz aktiv voran. In der Medienwelt von heute entscheidet Datenkompetenz über Sichtbarkeit, Reichweite und Erfolg. Wer relevant bleiben will, muss Wandel aktiv gestalten – genau deshalb suchen wir dich. Unser Tech Stack: Programmiersprachen: Python, R, JavaScript, SQL ETL / Data-Modeling: dbt, Google Dataflow, P…","{'display_name': 'Highberg', '__CLASS__': 'Adzuna::API::Response::Company'}",2026-05-12T23:27:34Z,0,53.54167,Praktikum: Data Science (w/m/d),"{'tag': 'consultancy-jobs', 'label': 'Beraterstellen', '__CLASS__': 'Adzuna::API::Response::Category'}",9.99333,Adzuna::API::Response::Job,full_time,,,
eyJhbGciOiJIUzI1NiJ9.eyJpIjoiNTgyOTEwOTMxOSIsInMiOiJ3QTlpdTVTVThSRzJRTGhIR3FVeHVBIn0.o36wJRmKQZ4e0MvNjVumC-mG63gAyx2ujByOjCh5tNY,5829109319,https://www.adzuna.de/details/5829109319?utm_medium=api&utm_source=a4bcf954,"{'__CLASS__': 'Adzuna::API::Response::Location', 'display_name': 'Bonn, Nordrhein-Westfalen', 'area': ['Deutschland', 'Nordrhein-Westfalen', 'Bonn']}","Praktikum bei der Telekom Du willst die gelernte Theorie in die Praxis umsetzen und die digitale Welt von morgen schon heute erleben und mitgestalten? Dann bist du bei uns richtig! Kaffee kochen und kopieren können wir selbst; Wir suchen Praktikanten wie du, die täglich mit Teamgeist sowie Innovations- und Leistungsbereitschaft den Ausbau der vernetzten Welt voranbringen wollen! Deutsche Telekom Technik GmbH Die Digitale Gesellschaft. Ohne uns nicht möglich. Unsere Mitarbeiterinnen und Mitarbei…","{'__CLASS__': 'Adzuna::API::Response::Company', 'display_name': 'Deutsche Telekom AG'}",2026-08-05T15:40:03Z,0,50.71942,Praktikum / Flexikum Data Science & KI Support,"{'tag': 'unknown', 'label': 'Unknown', '__CLASS__': 'Adzuna::API::Response::Category'}",7.112412,Adzuna::API::Response::Job,,,,
eyJhbGciOiJIUzI1NiJ9.eyJpIjoiNTc2MTgxMjkzMCIsInMiOiJ3QTlpdTVTVThSRzJRTGhIR3FVeHVBIn0.zrpMdbFz0kw4RGJP9XZ4jhUuwB-JLa9odTvU93uuOE0,5761812930,https://www.adzuna.de/details/5761812930?utm_medium=api&utm_source=a4bcf954,"{'display_name': 'Deutschland', 'area': ['Deutschland'], '__CLASS__': 'Adzuna::API::Response::Location'}","Im AI & Data Team bei Accenture vereinen wir einzigartige Persönlichkeiten und zukunftsgerichtetes Know-How, um gemeinsam mit unseren Kunden datengetriebene Transformation voranzutreiben und die Zukunft durch KI (Künstliche Intelligenz) zu gestalten. Wir begleiten unsere Kunden Ende-zu-Ende – von der strategischen, KI-nativen Neuausrichtung & Zieldefinition der Organisation über die Konzeption & Entwicklung von cutting-edge KI-Lösungen bis hin zum technischen Design & der Implementierung von KI…","{'display_name': 'Accenture', '__CLASS__': 'Adzuna::API::Response::Company'}",2026-06-12T23:21:34Z,0,,AI & Data Science Consultant (all genders),"{'label': 'Beraterstellen', '__CLASS__': 'Adzuna::API::Response::Category', 'tag': 'consultancy-jobs'}",,Adzuna::API::Response::Job,full_time,,,
eyJhbGciOiJIUzI1NiJ9.eyJpIjoiNTgyMTc5MTk0OCIsInMiOiJ3QTlpdTVTVThSRzJRTGhIR3FVeHVBIn0.5rMTADD3vaiTLmsn9e9CetQPo1-GUU0veJ7rg1rX0l4,5821791948,https://www.adzuna.de/details/5821791948?utm_medium=api&utm_source=a4bcf954,"{'display_name': 'Maxvorstadt, München', 'area': ['Deutschland', 'Bayern', 'München (Kreis)', 'München', 'Maxvorstadt'], '__CLASS__': 'Adzuna::API::Response::Location'}","Welcome Du möchtest mit Data Science echten Impact in technologisch anspruchsvollen Projekten schaffen? Dann bist du bei INVENSITY genau richtig. Als internationale Technologieberatung unterstützen wir unsere Kunden dabei, komplexe technische Fragestellungen datenbasiert zu lösen und innovative Systeme weiterzuentwickeln. Dein Beitrag: Mit smarten Modellen und fundierten Analysen unterstützt du technische Entscheidungsprozesse in der Luft- und Raumfahrt sowie im Defense-Umfeld und schaffst so d…","{'display_name': 'INVENSITY GmbH', '__CLASS__': 'Adzuna::API::Response::Company'}",2026-07-31T02:40:38Z,0,48.1476,Data Science Consultant (m/w/d),"{'label': 'Unknown', '__CLASS__': 'Adzuna::API::Response::Category', 'tag': 'unknown'}",11.56803,Adzuna::API::Response::Job,full_time,,,permanent
eyJhbGciOiJIUzI1NiJ9.eyJzIjoid0E5aXU1U1U4UkcyUUxoSEdxVXh1QSIsImkiOiI1ODI0MTMyNjI0In0.ja7isFHLgwHlRUCxhLYRTeAAi2UmOeBt_PzPyKNwiIw,5824132624,https://www.adzuna.de/details/5824132624?utm_medium=api&utm_source=a4bcf954,"{'__CLASS__': 'Adzuna::API::Response::Location', 'area': ['Deutschland', 'Baden-Württemberg', 'Stuttgart', 'Mitte'], 'display_name': 'Mitte, Stuttgart'}","Welcome Du möchtest mit Data Science echten Impact in technologisch anspruchsvollen Projekten schaffen? Dann bist du bei INVENSITY genau richtig. Als internationale Technologieberatung unterstützen wir unsere Kunden dabei, komplexe technische Fragestellungen datenbasiert zu lösen und innovative Systeme weiterzuentwickeln. Dein Beitrag: Mit smarten Modellen und fundierten Analysen unterstützt du technische Entscheidungsprozesse in der Luft- und Raumfahrt sowie im Defense-Umfeld und schaffst so d…","{'display_name': 'INVENSITY Stellenportal', '__CLASS__': 'Adzuna::API::Response::Company'}",2026-08-01T17:24:04Z,0,48.77713,Data Science Consultant (m/w/d),"{'label': 'Beraterstellen', '__CLASS__': 'Adzuna::API::Response::Category', 'tag': 'consultancy-jobs'}",9.18071,Adzuna::API::Response::Job,full_time,,,
eyJhbGciOiJIUzI1NiJ9.eyJzIjoid0E5aXU1U1U4UkcyUUxoSEdxVXh1QSIsImkiOiI0MzUyNTkxOTMyIn0.VfQ9zpVxlxWzu5JguvV46fG7h9uN6lipxQ1S6YIMriM,4352591932,https://www.adzuna.de/details/4352591932?utm_medium=api&utm_source=a4bcf954,"{'__CLASS__': 'Adzuna::API::Response::Location', 'display_name': 'HafenCity, Hamburg', 'area': ['Deutschland', 'Hamburg', 'HafenCity']}","Wer wir sind Als eine der führenden Beratungen der Medienbranche treibt Highberg DACH (ehemals SCHICKLER) den digitalen Wandel in Medienunternehmen in Deutschland, Österreich und der Schweiz aktiv voran. In der Medienwelt von heute entscheidet Datenkompetenz über Sichtbarkeit, Reichweite und Erfolg. Wer relevant bleiben will, muss Wandel aktiv gestalten – genau deshalb suchen wir dich. Unser Tech Stack: Programmiersprachen: Python, R, JavaScript, SQL ETL / Data-Modeling: dbt, Google Dataflow, P…","{'display_name': 'Highberg DACH', '__CLASS__': 'Adzuna::API::Response::Company'}",2023-10-05T13:37:27Z,0,53.54167,Praktikum: Data Science (w/m/d),"{'tag': 'unknown', '__CLASS__': 'Adzuna::API::Response::Category', 'label': 'Unknown'}",9.99333,Adzuna::API::Response::Job,full_time,,,
eyJhbGciOiJIUzI1NiJ9.eyJpIjoiNTcxNjIyNDAyMCIsInMiOiJ3QTlpdTVTVThSRzJRTGhIR3FVeHVBIn0.cwBfps3r6objZ8kGMfAx9cWZGafix6Bb8LOUMJZ5ZXw,5716224020,https://www.adzuna.de/details/5716224020?utm_medium=api&utm_source=a4bcf954,"{'__CLASS__': 'Adzuna::API::Response::Location', 'area': ['Deutschland', 'Hamburg', 'Altona-Altstadt'], 'display_name': 'Altona-Altstadt, Hamburg'}","Auf was wir bei ENCAVIS setzen? Die Sonne. Den Wind. Und auf dich. Willkommen in der Welt von Encavis! Bei uns dreht sich alles um die Kraft der Sonne, des Windes und der konzernweit über 400 Menschen, die gemeinsam das Energiesystem der Zukunft gestalten, um eine nachhaltige Energieversorgung für zukünftige Generationen sicherzustellen. Die ENCAVIS Management GmbH & Co. KG ist die Holding der ENCAVIS GmbH, einem der führenden Stromerzeuger aus Erneuerbaren Energien in Europa. Wir betreiben ein…","{'__CLASS__': 'Adzuna::API::Response::Company', 'display_name': 'ENCAVIS'}",2026-05-01T22:59:27Z,0,53.54883,Berufsbegleitendes Studium - Data Science & Artificial Intelligence,"{'__CLASS__': 'Adzuna::API::Response::Category', 'label': 'IT-Stellen', 'tag': 'it-jobs'}",9.9477,Adzuna::API::Response::Job,part_time,,,
eyJhbGciOiJIUzI1NiJ9.eyJpIjoiNTgzMzcwNDE1NiIsInMiOiJ3QTlpdTVTVThSRzJRTGhIR3FVeHVBIn0.83_2H9iHcQswNQI5CRU4-VmtaxUp-WozAc-Zj7uuEzc,5833704156,https://www.adzuna.de/details/5833704156?utm_medium=api&utm_source=a4bcf954,"{'display_name': 'Hamburg, Deutschland', 'area': ['Deutschland', 'Hamburg'], '__CLASS__': 'Adzuna::API::Response::Location'}","adjoe builds the technologies behind mobile apps growth and monetization. adjoe Ads is our programmatic in-app advertising platform that seamlessly connects advertisers and publishers through direct integration of our Android and iOS SDKs. Every ad decision happens in under 200ms across 10 million daily users, powered by real-time bidding algorithms and user quality prediction models that match the right ad to the right user at the right moment. 50 Billion Daily Bid Predictions The adjoe Ads Da…","{'__CLASS__': 'Adzuna::API::Response::Company', 'display_name': 'adjoe'}",2026-08-08T18:04:35Z,0,53.557429,Data Science Director (f/m/d),"{'tag': 'unknown', 'label': 'Unknown', '__CLASS__': 'Adzuna::API::Response::Category'}",9.987297,Adzuna::API::Response::Job,full_time,,,
eyJhbGciOiJIUzI1NiJ9.eyJzIjoid0E5aXU1U1U4UkcyUUxoSEdxVXh1QSIsImkiOiI1ODI3MDg3MDQwIn0.acMK3OIl9saGnRfwmW8-l-6wa6pHDvq4jI70aQLhXeQ,5827087040,https://www.adzuna.de/details/5827087040?utm_medium=api&utm_source=a4bcf954,"{'display_name': 'Buntekuh, Lübeck', 'area': ['Deutschland', 'Schleswig-Holstein', 'Lübeck', 'Buntekuh'], '__CLASS__': 'Adzuna::API::Response::Location'}","Praktikum Künstliche Intelligenz / Data Science – Medizintechnik Drägerwerk AG & Co. KGaA - Job-ID V000011147 Einsatzort: Lübeck Fachbereich: R&D Art der Anstellung: Vollzeit Dafür suchen wir Dich Studieren macht Spaß – noch mehr, wenn du die Theorie auch in der Praxis erleben kannst. Bei Dräger bringst du vom ersten Tag an deine Ideen ein und übernimmst Verantwortung für ›Technik für das Leben‹. Im Bereich Workplace Infrastructure dreht sich alles um die Gestaltung moderner Arbeits- und Klinik…","{'__CLASS__': 'Adzuna::API::Response::Company', 'display_name': 'Drägerwerk AG & Co. KGaA'}",2026-08-04T01:28:16Z,0,53.86126,Praktikum Künstliche Intelligenz / Data Science – Medizintechnik,"{'__CLASS__': 'Adzuna::API::Response::Category', 'label': 'Unknown', 'tag': 'unknown'}",10.64904,Adzuna::API::Response::Job,,,,
eyJhbGciOiJIUzI1NiJ9.eyJpIjoiNTgwMzA2MTIzNiIsInMiOiJ3QTlpdTVTVThSRzJRTGhIR3FVeHVBIn0.oBejHElWXFKDZXji13D5qUu8VEp8VjRsdI1z9pW_VGM,5803061236,https://www.adzuna.de/details/5803061236?utm_medium=api&utm_source=a4bcf954,"{'display_name': 'Bonn, Nordrhein-Westfalen', 'area': ['Deutschland', 'Nordrhein-Westfalen', 'Bonn'], '__CLASS__': 'Adzuna::API::Response::Location'}","Über uns Du willst technische Verantwortung übernehmen und sehen, wie deine Arbeit in echten Use Cases Mehrwert schafft – bei Unternehmen, die du aus dem Alltag kennst? Willkommen bei twomynds. Wir sind eine dedizierte Data-&-AI-Beratung sowie ein Service Provider mit End-to-End-Umsetzung und begleiten Unternehmen von der strategischen Zielsetzung bis zur operativen Realisierung – strategisch, umsetzungsstark und ergebnisorientiert. Unsere Mission: Ambitionierte Unternehmen befähigen, Data & AI…","{'__CLASS__': 'Adzuna::API::Response::Company', 'display_name': 'twomynds'}",2026-07-16T16:27:05Z,0,50.71942,Data Science Manager (m/w/d),"{'__CLASS__': 'Adzuna::API::Response::Category', 'label': 'Unknown', 'tag': 'unknown'}",7.112412,Adzuna::API::Response::Job,full_time,,,
eyJhbGciOiJIUzI1NiJ9.eyJpIjoiNTgwNDU3Nzg4NCIsInMiOiJ3QTlpdTVTVThSRzJRTGhIR3FVeHVBIn0.YPeEVOscRHmjpRr7qtssWgBsEmruhxofDjaE2aMYmRM,5804577884,https://www.adzuna.de/details/5804577884?utm_medium=api&utm_source=a4bcf954,"{'__CLASS__': 'Adzuna::API::Response::Location', 'display_name': 'Zentrum, Bonn', 'area': ['Deutschland', 'Nordrhein-Westfalen', 'Bonn', 'Zentrum']}","Über uns Du willst technische Verantwortung übernehmen und sehen, wie deine Arbeit in echten Use Cases Mehrwert schafft – bei Unternehmen, die du aus dem Alltag kennst? Willkommen bei twomynds. Wir sind eine dedizierte Data-&-AI-Beratung sowie ein Service Provider mit End-to-End-Umsetzung und begleiten Unternehmen von der strategischen Zielsetzung bis zur operativen Realisierung – strategisch, umsetzungsstark und ergebnisorientiert. Unsere Mission: Ambitionierte Unternehmen befähigen, Data & AI…","{'__CLASS__': 'Adzuna::API::Response::Company', 'display_name': 'twomynds'}",2026-07-17T09:55:42Z,0,50.73754,Data Science Manager (m/w/d),"{'tag': 'unknown', '__CLASS__': 'Adzuna::API::Response::Category', 'label': 'Unknown'}",7.10344,Adzuna::API::Response::Job,,,,
eyJhbGciOiJIUzI1NiJ9.eyJzIjoid0E5aXU1U1U4UkcyUUxoSEdxVXh1QSIsImkiOiI1NzI3MzIyOTE1In0._fGsl4jtakLf-7zAS6DajbC0Gr_y9FG7ZWZe56-UznQ,5727322915,https://www.adzuna.de/details/5727322915?utm_medium=api&utm_source=a4bcf954,"{'area': ['Deutschland', 'Baden-Württemberg', 'Karlsruhe (Kreis)', 'Karlsruhe', 'Hagsfeld'], 'display_name': 'Hagsfeld, Karlsruhe', '__CLASS__': 'Adzuna::API::Response::Location'}",Darauf kannst Du dich freuen Du übernimmst eigenverantwortlich verschiedene Modellierungs- und Analyseprojekte und nutzt dabei unsere Marktplatzdaten sowie deine fundierten Methodenkenntnisse. Du bereitest Daten aus unterschiedlichen Systemen auf und setzt deine Fähigkeiten im Feature Engineering effektiv ein. Bei der Umsetzung von statistischen Modellen und Modell-Prototypen legst du großen Wert auf deren praktische Anwendbarkeit. Du führst statistisch fundierte Analysen und Simulationen durch…,"{'__CLASS__': 'Adzuna::API::Response::Company', 'display_name': 'Chrono24'}",2026-05-12T23:08:36Z,0,49.03084,Werkstudent Data Science (m/w/d),"{'tag': 'logistics-warehouse-jobs', 'label': 'Stellen aus Logistik & Lagerhaltung', '__CLASS__': 'Adzuna::API::Response::Category'}",8.45882,Adzuna::API::Response::Job,part_time,,,
eyJhbGciOiJIUzI1NiJ9.eyJzIjoid0E5aXU1U1U4UkcyUUxoSEdxVXh1QSIsImkiOiI1NzI3MzIxODc2In0._fzJtJtmoK5OCcN1XGRnCzlaVOq49thKYWYkwM10zxI,5727321876,https://www.adzuna.de/details/5727321876?utm_medium=api&utm_source=a4bcf954,"{'area': ['Deutschland', 'Bayern', 'München (Kreis)', 'München', 'Bogenhausen'], 'display_name': 'Bogenhausen, München', '__CLASS__': 'Adzuna::API::Response::Location'}","Dafür brauchen wir Dich Für ein neues Digital-Projekt in der MICE-Branche suchen wir Dich: eine Persönlichkeit, die Lust hat, mit uns Dinge neu zu denken, Ideen Realität werden zu lassen und die Zukunft unserer Branche aktiv mitzugestalten. Dateninfrastruktur & Skalierung: Du entwickelst und verantwortest unsere Dateninfrastruktur. Du baust robuste Pipelines, die Daten aus verschiedenen Quellen in ein sauberes, zuverlässiges Data Warehouse überführen und stellst Qualität, Konsistenz und Verfügb…","{'display_name': 'smartvillage', '__CLASS__': 'Adzuna::API::Response::Company'}",2026-05-12T23:07:57Z,0,48.1475,Data Science Engineer (m/w/d),"{'tag': 'unknown', '__CLASS__': 'Adzuna::API::Response::Category', 'label': 'Unknown'}",11.62828,Adzuna::API::Response::Job,full_time,,,
eyJhbGciOiJIUzI1NiJ9.eyJzIjoid0E5aXU1U1U4UkcyUUxoSEdxVXh1QSIsImkiOiI1NTc2NjkwMTIxIn0.f6avvHm8s30m_mEB826AHOb9O1GsrcpiX7z04e2jZ30,5576690121,https://www.adzuna.de/details/5576690121?utm_medium=api&utm_source=a4bcf954,"{'display_name': 'Freiberg, Mittelsachsen (Kreis)', 'area': ['Deutschland', 'Sachsen', 'Mittelsachsen (Kreis)', 'Freiberg'], '__CLASS__': 'Adzuna::API::Response::Location'}","Siltronic ist einer der weltweit größten Hersteller für Wafer aus Reinstsilizium und Partner vieler führender Chip-Hersteller mit rund 4.300 Mitarbeitenden und Produktionsstätten in Europa, Asien und den USA. Wir entwickeln und fertigen Wafer mit einem Durchmesser von bis zu 300 mm. Diese sind die Grundlage der modernen Mikro- und Nanoelektronik. In einem 3-jährigen Dualen Studium werden Theorie und Praxis gekonnt verbunden. Das hoch qualifizierende Studium wird durch breit gefächerte Praxisein…","{'display_name': 'Siltronic AG', '__CLASS__': 'Adzuna::API::Response::Company'}",2026-01-09T20:35:59Z,0,50.91404,Duales Studium Data Science und Künstliche Intelligenz,"{'tag': 'unknown', '__CLASS__': 'Adzuna::API::Response::Category', 'label': 'Unknown'}",13.33722,Adzuna::API::Response::Job,full_time,,,
eyJhbGciOiJIUzI1NiJ9.eyJpIjoiNTU2NTIwODc3MSIsInMiOiJ3QTlpdTVTVThSRzJRTGhIR3FVeHVBIn0.58s8A6SySSofA0Qor-UrbNvgpeJgJHzGXuFn5qdqxzI,5565208771,https://www.adzuna.de/details/5565208771?utm_medium=api&utm_source=a4bcf954,"{'area': ['Deutschland', 'Baden-Württemberg', 'Heilbronn (Kreis)', 'Heilbronn', 'Böckingen'], 'display_name': 'Böckingen, Heilbronn', '__CLASS__': 'Adzuna::API::Response::Location'}","Du willst mehr als Uni und möchtest erste Berufseinblicke und Kontakte knüpfen? Dann bist du hier richtig! Als Werkstudent oder Praktikant bei Kaufland gehörst du von Beginn an zu einem starken Team und kannst zeigen, was in dir steckt. Werde auch du Teil von teamkaufland! Das erwartet dich bei uns Wir zählen auf dich: Du unterstützt unser Team bei der Bearbeitung unserer Analytics Use Cases entlang der gesamten Wertschöpfungskette bei Kaufland. Vielfältige Aufgaben? Na klar: Lerne unsere Proje…","{'__CLASS__': 'Adzuna::API::Response::Company', 'display_name': 'Kaufland'}",2026-01-02T20:58:32Z,0,49.1416,Praktikant Data Science (m/w/d),"{'label': 'IT-Stellen', '__CLASS__': 'Adzuna::API::Response::Category', 'tag': 'it-jobs'}",9.22208,Adzuna::API::Response::Job,,,,
eyJhbGciOiJIUzI1NiJ9.eyJzIjoid0E5aXU1U1U4UkcyUUxoSEdxVXh1QSIsImkiOiI1ODA5NzA1NjI0In0.aRSZI6abgybHYBQ7Ca1cZhir3GnFJvYHzUMjJWVAQ8w,5809705624,https://www.adzuna.de/details/5809705624?utm_medium=api&utm_source=a4bcf954,"{'__CLASS__': 'Adzuna::API::Response::Location', 'area': ['Deutschland'], 'display_name': 'Deutschland'}","Einleitung Eine gute Idee war der Ursprung, ein erfolgreiches Konzept ist das Ergebnis. Qualität zum guten Preis möglichst vielen Menschen anbieten zu können treibt uns an - mittlerweile weltweit, denn wir sind Lidl. Hier ist das berufliche Zuhause vielfältiger Talente. Ob im Einkauf, in der Logistik, im Warengeschäft oder in der IT; ob als Impulsgeber, Gestalter oder Dienstleister der Länder. Wir suchen Anpacker, Durchstarter, Möglichmacher und bieten spannende Aufgaben und Projekte in einem d…","{'display_name': 'Lidl', '__CLASS__': 'Adzuna::API::Response::Company'}",2026-07-21T22:57:49Z,0,,Duales Studium Wirtschaftsinformatik - Data Science 2027,"{'label': 'Teilzeitstellen', '__CLASS__': 'Adzuna::API::Response::Category', 'tag': 'part-time-jobs'}",,Adzuna::API::Response::Job,,,,
eyJhbGciOiJIUzI1NiJ9.eyJpIjoiNTc4NTgwMjU4NSIsInMiOiJ3QTlpdTVTVThSRzJRTGhIR3FVeHVBIn0.uzSqYahoBwJtfDPevM_KiOqCMbGqrgjnLG0efTYDZrU,5785802585,https://www.adzuna.de/land/ad/5785802585?se=wA9iu5SU8RG2QLhHGqUxuA&utm_medium=api&utm_source=a4bcf954&v=DC4B87FF99B2EF6F3351B17F1B2FF2F161CCC43E,"{'__CLASS__': 'Adzuna::API::Response::Location', 'area': ['Deutschland', 'Bayern', 'Nürnberg'], 'display_name': 'Nürnberg, Bayern'}",Wir suchen Verstärkung Herausforderungen zusammen meistern Auf dem Gebiet der Mess- und Regeltechnik entwickeln und vertreiben wir hochwertige Systeme für namhafte Energieversorger und Industrieunternehmen mit eigener Energieversorgung. Unsere Produkte und Dienstleistungen sichern und verbessern die Verfügbarkeit der Energieversorgung. Konsequente Anwendung zukunftsweisender Technologien und neuester Forschungsergebnisse führen uns zu einmaligen Innovationen. Im Bereich der Spannungsregelung vo…,"{'display_name': 'A. Eberle GmbH & Co. KG', '__CLASS__': 'Adzuna::API::Response::Company'}",2026-07-02T22:27:13Z,0,49.443967,Junior Produktmanager:in (m/w/d) im Bereich Power Quality & Grid Analytics,"{'tag': 'pr-advertising-marketing-jobs', 'label': 'Stellen aus PR, Werbung & Marketing', '__CLASS__': 'Adzuna::API::Response::Category'}",11.083642,Adzuna::API::Response::Job,,,,
eyJhbGciOiJIUzI1NiJ9.eyJzIjoid0E5aXU1U1U4UkcyUUxoSEdxVXh1QSIsImkiOiI1ODE5MDE1MzUyIn0.c-LKtjYbhKdul9gg0hkQ2-FJT7HBL8rOzA8A67OUhcI,5819015352,https://www.adzuna.de/land/ad/5819015352?se=wA9iu5SU8RG2QLhHGqUxuA&utm_medium=api&utm_source=a4bcf954&v=FF8518905E3B58A58D8BD884D19B353F42579750,"{'area': ['Deutschland', 'Nordrhein-Westfalen', 'Aachen (Kreis)', 'Aachen'], 'display_name': 'Aachen, Aachen (Kreis)', '__CLASS__': 'Adzuna::API::Response::Location'}","adesso steht für digitale Exzellenz – und damit auch für vielfältige Entwicklungsmöglichkeiten für alle adessi. Wir wachsen gemeinsam und lernen voneinander: in anspruchsvollen Projekten, interdisziplinären Teams und mit zielgerichteten Trainingsangeboten. Wir haben IT im Herzen und den Erfolg unserer Kunden im Fokus. Als Treiber der KI-Transformation verbinden wir Mut zur Veränderung mit technologischer Expertise und zukunftsfähigen Strategien. Was uns stark macht, sind unsere adessi, die etwa…","{'__CLASS__': 'Adzuna::API::Response::Company', 'display_name': 'adesso SE'}",2026-07-29T01:45:51Z,0,50.773914,Senior ML Engineer (all genders),"{'label': 'IT-Stellen', '__CLASS__': 'Adzuna::API::Response::Category', 'tag': 'it-jobs'}",6.089788,Adzuna::API::Response::Job,,,,
eyJhbGciOiJIUzI1NiJ9.eyJzIjoid0E5aXU1U1U4UkcyUUxoSEdxVXh1QSIsImkiOiI1NTA1MzM2ODMxIn0.X12YEJVJaxfq7zXJ7BaOk_WiaFRD82RPUBCAHy7kn04,5505336831,https://www.adzuna.de/details/5505336831?utm_medium=api&utm_source=a4bcf954,"{'__CLASS__': 'Adzuna::API::Response::Location', 'area': ['Deutschland', 'Baden-Württemberg', 'Karlsruhe (Kreis)', 'Karlsruhe', 'Hagsfeld'], 'display_name': 'Hagsfeld, Karlsruhe'}","Praktikum Data Science / Data Analytics & BI (w/m/d) Job-ID: 11385 Standorte: Karlsruhe Karrierelevel: Studierende Anstellungsart: Praktikum Begleite KPMG bei den zukünftigen Herausforderungen unserer Kund:innen. Begeistere auch Du Dich für die Vielfalt unserer Fragestellungen - und mach gemeinsam mit uns den Unterschied. Unterstütze Dein Team von Data-Expert:innen, die innovativen und datengesteuerten Lösungen für unsere Kund:innen zu entwickeln. Deine Aufgaben Du willst Big Data in Smart Data…","{'__CLASS__': 'Adzuna::API::Response::Company', 'display_name': 'KPMG'}",2025-11-20T17:58:31Z,0,49.03084,Praktikum Data Science / Data Analytics & BI (w/m/d),"{'label': 'Unknown', '__CLASS__': 'Adzuna::API::Response::Category', 'tag': 'unknown'}",8.45882,Adzuna::API::Response::Job,,,,contract
eyJhbGciOiJIUzI1NiJ9.eyJzIjoid0E5aXU1U1U4UkcyUUxoSEdxVXh1QSIsImkiOiI1NTA1MzM2ODIwIn0.Sw2qZ7AcEaJMgGMI1qkcSFsYR7nvPgSx3NuOt2_KExM,5505336820,https://www.adzuna.de/details/5505336820?utm_medium=api&utm_source=a4bcf954,"{'__CLASS__': 'Adzuna::API::Response::Location', 'area': ['Deutschland', 'Baden-Württemberg', 'Mannheim', 'Neuostheim'], 'display_name': 'Neuostheim, Mannheim'}","Praktikum Data Science / Data Analytics & BI (w/m/d) Job-ID: 11385 Standorte: Mannheim Karrierelevel: Studierende Anstellungsart: Praktikum Begleite KPMG bei den zukünftigen Herausforderungen unserer Kund:innen. Begeistere auch Du Dich für die Vielfalt unserer Fragestellungen - und mach gemeinsam mit uns den Unterschied. Unterstütze Dein Team von Data-Expert:innen, die innovativen und datengesteuerten Lösungen für unsere Kund:innen zu entwickeln. Deine Aufgaben Du willst Big Data in Smart Data …","{'display_name': 'KPMG', '__CLASS__': 'Adzuna::API::Response::Company'}",2025-11-20T17:58:30Z,0,49.46856,Praktikum Data Science / Data Analytics & BI (w/m/d),"{'tag': 'unknown', '__CLASS__': 'Adzuna::API::Response::Category', 'label': 'Unknown'}",8.50014,Adzuna::API::Response::Job,,,,contract
eyJhbGciOiJIUzI1NiJ9.eyJzIjoid0E5aXU1U1U4UkcyUUxoSEdxVXh1QSIsImkiOiI1NTA1MzM2ODI5In0.NpMKjx0cQmoR6Hm18g_e9DerMdKpLivJxRDeq-UmM_8,5505336829,https://www.adzuna.de/details/5505336829?utm_medium=api&utm_source=a4bcf954,"{'display_name': 'Malstatt, Saarbrücken', 'area': ['Deutschland', 'Saarland', 'Regionalverband Saarbrücken (Kreis)', 'Saarbrücken', 'Malstatt'], '__CLASS__': 'Adzuna::API::Response::Location'}","Praktikum Data Science / Data Analytics & BI (w/m/d) Job-ID: 11385 Standorte: Saarbrücken Karrierelevel: Studierende Anstellungsart: Praktikum Begleite KPMG bei den zukünftigen Herausforderungen unserer Kund:innen. Begeistere auch Du Dich für die Vielfalt unserer Fragestellungen - und mach gemeinsam mit uns den Unterschied. Unterstütze Dein Team von Data-Expert:innen, die innovativen und datengesteuerten Lösungen für unsere Kund:innen zu entwickeln. Deine Aufgaben Du willst Big Data in Smart Da…","{'display_name': 'KPMG', '__CLASS__': 'Adzuna::API::Response::Company'}",2025-11-20T17:58:31Z,0,49.253,Praktikum Data Science / Data Analytics & BI (w/m/d),"{'label': 'Unknown', '__CLASS__': 'Adzuna::API::Response::Category', 'tag': 'unknown'}",6.96191,Adzuna::API::Response::Job,,,,contract
eyJhbGciOiJIUzI1NiJ9.eyJzIjoid0E5aXU1U1U4UkcyUUxoSEdxVXh1QSIsImkiOiI1NTA1MzM4MTc0In0.w4uUaewQo3TZRPbA3BdL9V5REWPAB1upDeN8d_8X3VE,5505338174,https://www.adzuna.de/details/5505338174?utm_medium=api&utm_source=a4bcf954,"{'__CLASS__': 'Adzuna::API::Response::Location', 'display_name': 'Deutschland', 'area': ['Deutschland']}","Praktikum Data Science / Data Analytics & BI (w/m/d) Job-ID: 11385 Standorte: Karrierelevel: Studierende Anstellungsart: Praktikum Begleite KPMG bei den zukünftigen Herausforderungen unserer Kund:innen. Begeistere auch Du Dich für die Vielfalt unserer Fragestellungen - und mach gemeinsam mit uns den Unterschied. Unterstütze Dein Team von Data-Expert:innen, die innovativen und datengesteuerten Lösungen für unsere Kund:innen zu entwickeln. Deine Aufgaben Du willst Big Data in Smart Data verwandel…","{'display_name': 'KPMG', '__CLASS__': 'Adzuna::API::Response::Company'}",2025-11-20T17:58:37Z,0,,Praktikum Data Science / Data Analytics & BI (w/m/d),"{'__CLASS__': 'Adzuna::API::Response::Category', 'label': 'Unknown', 'tag': 'unknown'}",,Adzuna::API::Response::Job,,,,contract
eyJhbGciOiJIUzI1NiJ9.eyJzIjoid0E5aXU1U1U4UkcyUUxoSEdxVXh1QSIsImkiOiI1NTA1MzM2ODI2In0.E42KzvQxR84xoaDLY4l0J7vo5v_MyBE_sXqZSJhO584,5505336826,https://www.adzuna.de/details/5505336826?utm_medium=api&utm_source=a4bcf954,"{'__CLASS__': 'Adzuna::API::Response::Location', 'display_name': 'Mitte, Ulm', 'area': ['Deutschland', 'Baden-Württemberg', 'Ulm', 'Mitte']}","Praktikum Data Science / Data Analytics & BI (w/m/d) Job-ID: 11385 Standorte: Ulm Karrierelevel: Studierende Anstellungsart: Praktikum Begleite KPMG bei den zukünftigen Herausforderungen unserer Kund:innen. Begeistere auch Du Dich für die Vielfalt unserer Fragestellungen - und mach gemeinsam mit uns den Unterschied. Unterstütze Dein Team von Data-Expert:innen, die innovativen und datengesteuerten Lösungen für unsere Kund:innen zu entwickeln. Deine Aufgaben Du willst Big Data in Smart Data verwa…","{'__CLASS__': 'Adzuna::API::Response::Company', 'display_name': 'KPMG'}",2025-11-20T17:58:31Z,0,48.36497,Praktikum Data Science / Data Analytics & BI (w/m/d),"{'label': 'Unknown', '__CLASS__': 'Adzuna::API::Response::Category', 'tag': 'unknown'}",8.29909,Adzuna::API::Response::Job,,,,contract
eyJhbGciOiJIUzI1NiJ9.eyJpIjoiNTUwNTMzNjgxOCIsInMiOiJ3QTlpdTVTVThSRzJRTGhIR3FVeHVBIn0.-SG99Tfgpff88s7vKD-80lovqewTC8VFyxERIHoJyss,5505336818,https://www.adzuna.de/details/5505336818?utm_medium=api&utm_source=a4bcf954,"{'area': ['Deutschland', 'Hessen', 'Frankfurt am Main', 'Flughafen'], 'display_name': 'Flughafen, Frankfurt am Main', '__CLASS__': 'Adzuna::API::Response::Location'}","Praktikum Data Science / Data Analytics & BI (w/m/d) Job-ID: 11385 Standorte: Frankfurt Karrierelevel: Studierende Anstellungsart: Praktikum Begleite KPMG bei den zukünftigen Herausforderungen unserer Kund:innen. Begeistere auch Du Dich für die Vielfalt unserer Fragestellungen - und mach gemeinsam mit uns den Unterschied. Unterstütze Dein Team von Data-Expert:innen, die innovativen und datengesteuerten Lösungen für unsere Kund:innen zu entwickeln. Deine Aufgaben Du willst Big Data in Smart Data…","{'display_name': 'KPMG', '__CLASS__': 'Adzuna::API::Response::Company'}",2025-11-20T17:58:30Z,0,50.05078,Praktikum Data Science / Data Analytics & BI (w/m/d),"{'tag': 'unknown', 'label': 'Unknown', '__CLASS__': 'Adzuna::API::Response::Category'}",8.56413,Adzuna::API::Response::Job,,,,contract
eyJhbGciOiJIUzI1NiJ9.eyJzIjoid0E5aXU1U1U4UkcyUUxoSEdxVXh1QSIsImkiOiI1NTA1MzM2ODM3In0.hLUhrVjL4CQetjRhDHsk3DUUFsme2WfpvR5cxeP-jrg,5505336837,https://www.adzuna.de/details/5505336837?utm_medium=api&utm_source=a4bcf954,"{'display_name': 'Mitte, Stuttgart', 'area': ['Deutschland', 'Baden-Württemberg', 'Stuttgart', 'Mitte'], '__CLASS__': 'Adzuna::API::Response::Location'}","Praktikum Data Science / Data Analytics & BI (w/m/d) Job-ID: 11385 Standorte: Stuttgart Karrierelevel: Studierende Anstellungsart: Praktikum Begleite KPMG bei den zukünftigen Herausforderungen unserer Kund:innen. Begeistere auch Du Dich für die Vielfalt unserer Fragestellungen - und mach gemeinsam mit uns den Unterschied. Unterstütze Dein Team von Data-Expert:innen, die innovativen und datengesteuerten Lösungen für unsere Kund:innen zu entwickeln. Deine Aufgaben Du willst Big Data in Smart Data…","{'display_name': 'KPMG', '__CLASS__': 'Adzuna::API::Response::Company'}",2025-11-20T17:58:31Z,0,48.77713,Praktikum Data Science / Data Analytics & BI (w/m/d),"{'tag': 'unknown', '__CLASS__': 'Adzuna::API::Response::Category', 'label': 'Unknown'}",9.18071,Adzuna::API::Response::Job,,,,contract
eyJhbGciOiJIUzI1NiJ9.eyJpIjoiNTUwNTMzNjgzMyIsInMiOiJ3QTlpdTVTVThSRzJRTGhIR3FVeHVBIn0.hFWz83KxDZ3OgYCnkqUlfQImXZTt5MRfLwlaM-Szy4U,5505336833,https://www.adzuna.de/details/5505336833?utm_medium=api&utm_source=a4bcf954,"{'display_name': 'Moabit, Berlin', 'area': ['Deutschland', 'Berlin', 'Moabit'], '__CLASS__': 'Adzuna::API::Response::Location'}","Praktikum Data Science / Data Analytics & BI (w/m/d) Job-ID: 11385 Standorte: Berlin Karrierelevel: Studierende Anstellungsart: Praktikum Begleite KPMG bei den zukünftigen Herausforderungen unserer Kund:innen. Begeistere auch Du Dich für die Vielfalt unserer Fragestellungen - und mach gemeinsam mit uns den Unterschied. Unterstütze Dein Team von Data-Expert:innen, die innovativen und datengesteuerten Lösungen für unsere Kund:innen zu entwickeln. Deine Aufgaben Du willst Big Data in Smart Data ve…","{'__CLASS__': 'Adzuna::API::Response::Company', 'display_name': 'KPMG'}",2025-11-20T17:58:31Z,0,52.5259,Praktikum Data Science / Data Analytics & BI (w/m/d),"{'__CLASS__': 'Adzuna::API::Response::Category', 'label': 'Unknown', 'tag': 'unknown'}",13.35662,Adzuna::API::Response::Job,,,,contract
eyJhbGciOiJIUzI1NiJ9.eyJpIjoiNTgxNjA1Mjk0MSIsInMiOiJ3QTlpdTVTVThSRzJRTGhIR3FVeHVBIn0.YaI9c3O3yvctvmxis3A2QgrPVjlbvzd_WbnTbjf9_AM,5816052941,https://www.adzuna.de/details/5816052941?utm_medium=api&utm_source=a4bcf954,"{'__CLASS__': 'Adzuna::API::Response::Location', 'display_name': 'Altstadt-Lehel, München', 'area': ['Deutschland', 'Bayern', 'München (Kreis)', 'München', 'Altstadt-Lehel']}","Du hast deine ersten Semester geschafft und möchtest Dein theoretisches Wissen nun gern in spannenden Praxisprojekten anwenden? Bei uns wirst Du direkt in die Mandats- und Projektarbeit mit eingebunden und schnupperst so echte Praxisluft in einem interessanten Aufgabengebiet. Knüpfe schon jetzt wertvolle Kontakte, die deinen späteren Einstieg in die Berufswelt deutlich erleichtern können. Für einen Zeitraum von 6 Monaten suchen wir Praktikant (W/M/D) Data Science & Artificial Intelligence in Be…","{'__CLASS__': 'Adzuna::API::Response::Company', 'display_name': 'BRL Risk Consulting GmbH & Co. KG'}",2026-07-26T04:00:20Z,0,48.14093,Praktikant Data Science / Data Engineering im Bereich Risk Advisory Services,"{'__CLASS__': 'Adzuna::API::Response::Category', 'label': 'Beraterstellen', 'tag': 'consultancy-jobs'}",11.56907,Adzuna::API::Response::Job,,,,
eyJhbGciOiJIUzI1NiJ9.eyJpIjoiNTgxNjA1Mjk0MyIsInMiOiJ3QTlpdTVTVThSRzJRTGhIR3FVeHVBIn0.aFFXHEZvhB544cvZN7tBx8Ajz-n3p5oU0_MhVZmnb3U,5816052943,https://www.adzuna.de/details/5816052943?utm_medium=api&utm_source=a4bcf954,"{'display_name': 'Mitte, Berlin', 'area': ['Deutschland', 'Berlin', 'Mitte'], '__CLASS__': 'Adzuna::API::Response::Location'}","Du hast deine ersten Semester geschafft und möchtest Dein theoretisches Wissen nun gern in spannenden Praxisprojekten anwenden? Bei uns wirst Du direkt in die Mandats- und Projektarbeit mit eingebunden und schnupperst so echte Praxisluft in einem interessanten Aufgabengebiet. Knüpfe schon jetzt wertvolle Kontakte, die deinen späteren Einstieg in die Berufswelt deutlich erleichtern können. Für einen Zeitraum von 6 Monaten suchen wir Praktikant (W/M/D) Data Science & Artificial Intelligence in Be…","{'__CLASS__': 'Adzuna::API::Response::Company', 'display_name': 'BRL Risk Consulting GmbH & Co. KG'}",2026-07-26T04:00:20Z,0,52.51551,Praktikant Data Science / Data Engineering im Bereich Risk Advisory Services,"{'tag': 'consultancy-jobs', '__CLASS__': 'Adzuna::API::Response::Category', 'label': 'Beraterstellen'}",13.38475,Adzuna::API::Response::Job,,,,
eyJhbGciOiJIUzI1NiJ9.eyJpIjoiNTgxNjA1Mjk0MiIsInMiOiJ3QTlpdTVTVThSRzJRTGhIR3FVeHVBIn0.tThS8mFFPcDvUi4sG_3Jxjz6HvE58Na9gyaUelbbWFY,5816052942,https://www.adzuna.de/details/5816052942?utm_medium=api&utm_source=a4bcf954,"{'__CLASS__': 'Adzuna::API::Response::Location', 'area': ['Deutschland', 'Nordrhein-Westfalen', 'Essen', 'Altendorf'], 'display_name': 'Altendorf, Essen'}","Du hast deine ersten Semester geschafft und möchtest Dein theoretisches Wissen nun gern in spannenden Praxisprojekten anwenden? Bei uns wirst Du direkt in die Mandats- und Projektarbeit mit eingebunden und schnupperst so echte Praxisluft in einem interessanten Aufgabengebiet. Knüpfe schon jetzt wertvolle Kontakte, die deinen späteren Einstieg in die Berufswelt deutlich erleichtern können. Für einen Zeitraum von 6 Monaten suchen wir Praktikant (W/M/D) Data Science & Artificial Intelligence in Be…","{'__CLASS__': 'Adzuna::API::Response::Company', 'display_name': 'BRL Risk Consulting GmbH & Co. KG'}",2026-07-26T04:00:20Z,0,51.46121,Praktikant Data Science / Data Engineering im Bereich Risk Advisory Services,"{'tag': 'consultancy-jobs', 'label': 'Beraterstellen', '__CLASS__': 'Adzuna::API::Response::Category'}",6.96735,Adzuna::API::Response::Job,,,,
eyJhbGciOiJIUzI1NiJ9.eyJpIjoiNTgxNjA1Mjk0MCIsInMiOiJ3QTlpdTVTVThSRzJRTGhIR3FVeHVBIn0.TRtDzYyK03AZ2oQ2I4P_rvbgM64PNTLdYR_6ogFQNYU,5816052940,https://www.adzuna.de/details/5816052940?utm_medium=api&utm_source=a4bcf954,"{'display_name': 'Neustadt, Hamburg', 'area': ['Deutschland', 'Hamburg', 'Neustadt'], '__CLASS__': 'Adzuna::API::Response::Location'}","Du hast deine ersten Semester geschafft und möchtest Dein theoretisches Wissen nun gern in spannenden Praxisprojekten anwenden? Bei uns wirst Du direkt in die Mandats- und Projektarbeit mit eingebunden und schnupperst so echte Praxisluft in einem interessanten Aufgabengebiet. Knüpfe schon jetzt wertvolle Kontakte, die deinen späteren Einstieg in die Berufswelt deutlich erleichtern können. Für einen Zeitraum von 6 Monaten suchen wir Praktikant (W/M/D) Data Science & Artificial Intelligence in Be…","{'__CLASS__': 'Adzuna::API::Response::Company', 'display_name': 'BRL Risk Consulting GmbH & Co. KG'}",2026-07-26T04:00:20Z,0,53.55197,Praktikant Data Science / Data Engineering im Bereich Risk Advisory Services,"{'tag': 'consultancy-jobs', 'label': 'Beraterstellen', '__CLASS__': 'Adzuna::API::Response::Category'}",9.98553,Adzuna::API::Response::Job,,,,
eyJhbGciOiJIUzI1NiJ9.eyJzIjoid0E5aXU1U1U4UkcyUUxoSEdxVXh1QSIsImkiOiI1Njg3NzcyNDkzIn0.ezz-YSIeBDKYXBsX-q1gUGkeVStDiPluKo8hJR2Oa8w,5687772493,https://www.adzuna.de/details/5687772493?utm_medium=api&utm_source=a4bcf954,"{'display_name': 'Ditzingen, Ludwigsburg (Kreis)', 'area': ['Deutschland', 'Baden-Württemberg', 'Ludwigsburg (Kreis)', 'Ditzingen'], '__CLASS__': 'Adzuna::API::Response::Location'}","As a family-run, high-tech company with nearly 19,000 employees at 71 locations worldwide, we are looking for forward thinkers with unconventional ideas and drive to join our team. Our company culture, which values collaboration and mutual trust, creates the ideal framework for boldly trying new things and questioning the status quo. Our technologies inspire people to develop and produce things that are currently unimaginable. Whether lasers, machine tools, EUV or electronics - TRUMPF is buildi…","{'__CLASS__': 'Adzuna::API::Response::Company', 'display_name': 'TRUMPF Group'}",2026-04-02T22:32:24Z,0,48.82434,Praktikum im Bereich Data Science/Data Engineering für Maschinendiagnose (WS26/27),"{'label': 'Stellen aus Fertigung', '__CLASS__': 'Adzuna::API::Response::Category', 'tag': 'manufacturing-jobs'}",9.06857,Adzuna::API::Response::Job,full_time,,,
eyJhbGciOiJIUzI1NiJ9.eyJzIjoid0E5aXU1U1U4UkcyUUxoSEdxVXh1QSIsImkiOiI1ODIyMDY1NDE2In0.dTB4XxAY5acRDnyR7ciT8eeHwd73nDK0OuJoUjtKcNc,5822065416,https://www.adzuna.de/land/ad/5822065416?se=wA9iu5SU8RG2QLhHGqUxuA&utm_medium=api&utm_source=a4bcf954&v=41BFD39E92160745D84E52A25D206E79BD3CA907,"{'__CLASS__': 'Adzuna::API::Response::Location', 'display_name': 'Bönen, Unna (Kreis)', 'area': ['Deutschland', 'Nordrhein-Westfalen', 'Unna (Kreis)', 'Bönen']}","In unserer Zentrale im nordrhein-westfälischen Bönen managen wir alles, was bei KiK passiert. Aktuell sind wir bereits mit über 4.200 Filialen in 14 Ländern vertreten. Bei uns arbeiten vielfältige Talente als Team zusammen: kreative Köpfe aus Produktmanagement und Marketing, kaufmännische Allround-Talente und Finanz- sowie ESG-Profis. Vielfalt ist Teil unseres familiären Umfelds. Wir arbeiten Hand in Hand und sorgen mit den Kolleg:innen der Filialen dafür, dass KiK in ganz Europa erfolgreich is…","{'display_name': 'KiK Textilien und Non-Food GmbH', '__CLASS__': 'Adzuna::API::Response::Company'}",2026-07-31T07:28:16Z,0,51.5982,Junior Manager analytisches CRM (m/w/d),"{'__CLASS__': 'Adzuna::API::Response::Category', 'label': 'Unknown', 'tag': 'unknown'}",7.7773,Adzuna::API::Response::Job,,,,
