location,id,longitude,company,adref,latitude,description,redirect_url,created,__CLASS__,category,salary_is_predicted,title,contract_time,salary_min,salary_max,contract_type
"{'area': ['Deutschland', 'Nordrhein-Westfalen', 'Duisburg'], 'display_name': 'Duisburg, Nordrhein-Westfalen', '__CLASS__': 'Adzuna::API::Response::Location'}",5849936545,6.743718,"{'__CLASS__': 'Adzuna::API::Response::Company', 'display_name': 'Universität Duisburg-Essen'}",eyJhbGciOiJIUzI1NiJ9.eyJzIjoibWdiQnEwcWw4UkdYQW9nczBxekJEUSIsImkiOiI1ODQ5OTM2NTQ1In0.yBxqlmNBcHofrFd86NnKpa_LITSiHfgdUQvO7MNe728,51.443356,"Universitätsprofessur für Data Science im Maschinenbau (Besoldungsgruppe W2 LBesO W – mit Tenure Track nach W3) Gesucht wird eine ausgewiesene Persönlichkeit für Data Science in den Ingenieurwissenschaften mit Anwendungsfokus auf der Entwicklung datenbasierter Methoden für die Automatisierungstechnik, autonome Systeme sowie die Mechatronik. Forschungsbereiche Die zukünftigen Forschungsbereiche der Professur umfassen: Automatisierung von Fahrzeugen, Transportsystemen und Produktionsanlagen Model…",https://www.adzuna.de/land/ad/5849936545?se=mgbBq0ql8RGXAogs0qzBDQ&utm_medium=api&utm_source=a4bcf954&v=98B5F3098F405B730E3164CFE9FC7C57D4117887,2026-08-20T22:19:34Z,Adzuna::API::Response::Job,"{'__CLASS__': 'Adzuna::API::Response::Category', 'tag': 'engineering-jobs', 'label': 'Technikerstellen'}",0,Universitätsprofessur für Data Science im Maschinenbau,,,,
"{'area': ['Deutschland', 'Niedersachsen', 'Osnabrück (Kreis)', 'Osnabrück'], '__CLASS__': 'Adzuna::API::Response::Location', 'display_name': 'Osnabrück, Osnabrück (Kreis)'}",5858051764,8.055137,"{'__CLASS__': 'Adzuna::API::Response::Company', 'display_name': 'Hochschule Osnabrück'}",eyJhbGciOiJIUzI1NiJ9.eyJpIjoiNTg1ODA1MTc2NCIsInMiOiJtZ2JCcTBxbDhSR1hBb2dzMHF6QkRRIn0.aHaQjcqZqQnMyvVoOkd7sHydcY64QK0WcMnt61uJm5A,52.274227,"Professur für Business Data Science Als größte Hochschule für Angewandte Wissenschaften in Niedersachsen leisten wir mit praxisorientierter Lehre und Forschung unseren Beitrag für eine lebenswerte Zukunft. Als Stiftungshochschule profitieren wir von höherer Gestaltungsfreiheit und Eigenverantwortung. Wir suchen Kolleg*innen, die gemeinsam mit unseren Studierenden die Gesellschaft nachhaltig prägen und unseren Weg hin zu einer inklusiven und diversen Hochschule mitgestalten. Das Themengebiet der…",https://www.adzuna.de/land/ad/5858051764?se=mgbBq0ql8RGXAogs0qzBDQ&utm_medium=api&utm_source=a4bcf954&v=FDFDFEC29A2BB8072EC0E60D99B3193A7E18F43C,2026-08-27T10:33:39Z,Adzuna::API::Response::Job,"{'label': 'Unknown', 'tag': 'unknown', '__CLASS__': 'Adzuna::API::Response::Category'}",0,Professur für Business Data Science,,,,
"{'area': ['Deutschland', 'Bayern', 'Dillingen an der Donau (Kreis)', 'Gundelfingen an der Donau'], 'display_name': 'Gundelfingen an der Donau, Dillingen an der Donau (Kreis)', '__CLASS__': 'Adzuna::API::Response::Location'}",5836630554,10.36551,"{'display_name': 'BSH Hausgeräte Gruppe', '__CLASS__': 'Adzuna::API::Response::Company'}",eyJhbGciOiJIUzI1NiJ9.eyJpIjoiNTgzNjYzMDU1NCIsInMiOiJtZ2JCcTBxbDhSR1hBb2dzMHF6QkRRIn0.y3eQ6J8p4ZI7NXmeQP_w9r_pS4pWSIyXZiW32COib4M,48.55149,"Wir begleiten dich auf dem Weg zum Traumberuf. Als führender Hausgerätehersteller in Europa bilden wir junge Menschen in Berufen aus, die zu ihnen passen und sie erfüllen. Mit unserem Portfolio an Marken – unter anderem Bosch, Siemens, Gaggenau und Neff – bieten wir Nachwuchskräften spannende Aufgaben und die Möglichkeit, von Anfang an Verantwortung zu übernehmen. Ob im Bereich Klimaschutz, Innovation oder Fairness – wir setzen uns gemeinsam mit dir für eine nachhaltige Zukunft ein. Spannende L…",https://www.adzuna.de/land/ad/5836630554?se=mgbBq0ql8RGXAogs0qzBDQ&utm_medium=api&utm_source=a4bcf954&v=B298C8549D272CF4A95310C61FFD07C041B321D5,2026-08-11T12:50:37Z,Adzuna::API::Response::Job,"{'__CLASS__': 'Adzuna::API::Response::Category', 'tag': 'graduate-jobs', 'label': 'Stellen für Hochschulabsolventen'}",0,Duales Studium - Data Science & Künstliche Intelligenz (B. Sc.) - 2027,,,,
"{'area': ['Deutschland', 'Baden-Württemberg', 'Ostalbkreis', 'Oberkochen'], 'display_name': 'Oberkochen, Ostalbkreis', '__CLASS__': 'Adzuna::API::Response::Location'}",5810550889,10.10558,"{'display_name': 'ZEISS', '__CLASS__': 'Adzuna::API::Response::Company'}",eyJhbGciOiJIUzI1NiJ9.eyJpIjoiNTgxMDU1MDg4OSIsInMiOiJtZ2JCcTBxbDhSR1hBb2dzMHF6QkRRIn0.HSG03sDpezjdJF_IJfx-hBKKw8WErpuKLx2KLXOabOA,48.78408,"Als Student arbeitest Du mit Deinen Kolleginnen und Kollegen auf Augenhöhe und schaffst ideale Voraussetzungen für Deine spätere Karriere. Sich etwas Neues trauen, über sich hinauswachsen und dabei die Grenzen des Machbaren neu deﬁnieren. Genau das ist es, was unsere Mitarbeitenden täglich leben dürfen und sollen. Um mit unseren Innovationen das Tempo vorzugeben und Großartiges zu ermöglichen. Denn hinter jedem erfolgreichen Unternehmen stehen eine ganze Menge faszinierender Menschen. Die Mitar…",https://www.adzuna.de/land/ad/5810550889?se=mgbBq0ql8RGXAogs0qzBDQ&utm_medium=api&utm_source=a4bcf954&v=1FEF4813105946798F9B4DCA0FC26772816D4906,2026-07-22T10:26:36Z,Adzuna::API::Response::Job,"{'label': 'Stellen für Hochschulabsolventen', '__CLASS__': 'Adzuna::API::Response::Category', 'tag': 'graduate-jobs'}",0,Abschlussarbeit Data Science / Mechanikdesign (m/w/x),,,,
"{'__CLASS__': 'Adzuna::API::Response::Location', 'display_name': 'Karlsruhe, Karlsruhe (Kreis)', 'area': ['Deutschland', 'Baden-Württemberg', 'Karlsruhe (Kreis)', 'Karlsruhe']}",5836064238,8.412378,"{'display_name': 'Atruvia AG', '__CLASS__': 'Adzuna::API::Response::Company'}",eyJhbGciOiJIUzI1NiJ9.eyJpIjoiNTgzNjA2NDIzOCIsInMiOiJtZ2JCcTBxbDhSR1hBb2dzMHF6QkRRIn0.oiHDAh4WjX6rhbyPecrjaOQYoioKUaUEStSUajV6yKI,49.001249,Wir sind der Digitalisierungspartner in der genossenschaftlichen FinanzGruppe und vereinen jahrzehntelanges Expertenwissen in Banking und Informationstechnologie. Die speziell auf Banken zugeschnittenen IT-Lösungen und Leistungen reichen vom Rechenzentrumsbetrieb über das Bankverfahren von Atruvia bis hin zur App-Entwicklung. Dabei nutzen wir zukunftsweisende Technologien wie Smart Data und schreiben Prozessoptimierung und Regulatorik groß. Gestalte die Zukunft mit KI – Starte dein Duales Studi…,https://www.adzuna.de/land/ad/5836064238?se=mgbBq0ql8RGXAogs0qzBDQ&utm_medium=api&utm_source=a4bcf954&v=011856F1EBC450BA235F63CBA586A79B55380F8A,2026-08-11T00:56:17Z,Adzuna::API::Response::Job,"{'tag': 'graduate-jobs', '__CLASS__': 'Adzuna::API::Response::Category', 'label': 'Stellen für Hochschulabsolventen'}",0,Duales Studium Data Science & Künstliche Intelligenz B.Sc.,,,,
"{'area': ['Deutschland', 'Baden-Württemberg', 'Alb-Donau-Kreis', 'Ehingen (Donau)'], 'display_name': 'Ehingen (Donau), Alb-Donau-Kreis', '__CLASS__': 'Adzuna::API::Response::Location'}",5810531742,9.72719,"{'__CLASS__': 'Adzuna::API::Response::Company', 'display_name': 'Liebherr-Werk Ehingen GmbH'}",eyJhbGciOiJIUzI1NiJ9.eyJpIjoiNTgxMDUzMTc0MiIsInMiOiJtZ2JCcTBxbDhSR1hBb2dzMHF6QkRRIn0.RRMWFCkQAFWK4fhqYoPM6TIZM_SiU8p7Ak_2bSCDULw,48.28207,Die Liebherr-Werk Ehingen GmbH zählt zu den weltweit führenden Herstellern von Fahrzeugkranen. Das Programm umfasst Teleskop- und Gittermastkrane auf Mobil- und Raupenfahrwerken. Seit der Gründung wurde die Produktionsstätte und ihre Kapazität kontinuierlich erweitert. Heute werden täglich sechs Fahrzeugkrane aus Ehingen in die ganze Welt geliefert. DHBW Studium - Data Science und Künstliche Intelligenz (B.Sc.) Job-ID 83588 JLFT1_DE,https://www.adzuna.de/land/ad/5810531742?se=mgbBq0ql8RGXAogs0qzBDQ&utm_medium=api&utm_source=a4bcf954&v=0C439F9A8606839B5DD9EDB9D4B6C60EC3112F9B,2026-07-22T10:22:44Z,Adzuna::API::Response::Job,"{'__CLASS__': 'Adzuna::API::Response::Category', 'tag': 'graduate-jobs', 'label': 'Stellen für Hochschulabsolventen'}",0,DHBW Studium - Data Science und Künstliche Intelligenz (B.Sc.),,,,
"{'display_name': 'Stuttgart, Baden-Württemberg', '__CLASS__': 'Adzuna::API::Response::Location', 'area': ['Deutschland', 'Baden-Württemberg', 'Stuttgart']}",5827038455,9.187224,"{'__CLASS__': 'Adzuna::API::Response::Company', 'display_name': 'WGV - Württembergische Gemeinde-Versicherung a.G.'}",eyJhbGciOiJIUzI1NiJ9.eyJpIjoiNTgyNzAzODQ1NSIsInMiOiJtZ2JCcTBxbDhSR1hBb2dzMHF6QkRRIn0.32VMbZD9opwDNLHWIEpECeZMXkRwwzL4-dPFZcrfoL8,48.776198,DHBW-Studium Bachelor of Science – Wirt­schafts­informatik Data Science Als starker Arbeitgeber und attrak­tives Aus­bildungs­unter­nehmen bieten wir viel­fältige und spannende Aus­bildungs- und Studien­plätze mit besten Über­nahme­chancen. Bereit für ein echt spannendes und abwechslungsreiches Studium? Wir machen dich fit für deine Zukunft in einer modernen Versicherung. Für den Studienstart am 01.09.2027 in Stuttgart suchen wir aufgeschlossene und motivierte Studierende. JLFT1_DE,https://www.adzuna.de/land/ad/5827038455?se=mgbBq0ql8RGXAogs0qzBDQ&utm_medium=api&utm_source=a4bcf954&v=3AF8645B7EF161E752C573E858BE82C8BC972F37,2026-08-04T00:54:22Z,Adzuna::API::Response::Job,"{'label': 'Stellen für Hochschulabsolventen', '__CLASS__': 'Adzuna::API::Response::Category', 'tag': 'graduate-jobs'}",0,DHBW-Studium Bachelor of Science – Wirtschaftsinformatik Data Science,,,,
"{'__CLASS__': 'Adzuna::API::Response::Location', 'display_name': 'Innenstadt, Karlsruhe', 'area': ['Deutschland', 'Baden-Württemberg', 'Karlsruhe (Kreis)', 'Karlsruhe', 'Innenstadt']}",5857152742,8.38979,"{'__CLASS__': 'Adzuna::API::Response::Company', 'display_name': 'VBL. Versorgungsanstalt des Bundes und der Länder'}",eyJhbGciOiJIUzI1NiJ9.eyJpIjoiNTg1NzE1Mjc0MiIsInMiOiJtZ2JCcTBxbDhSR1hBb2dzMHF6QkRRIn0.3R3bIg90S-TRKWkbqY6ycCW6m0MnWHMZXjSUdfpb2yQ,49.01336,"Die VBL mit Sitz in Karlsruhe ist Deutschlands größte Zusatzversorgungseinrichtung für Beschäftigte des öffentlichen Dienstes und betreut circa 5,4 Mio. Versicherte und circa 1,5 Mio. Rentenberechtigte. Sie begeistern sich für Daten, digitale Technologien und intelligente Systeme? Dann verbinden Sie Theorie und Praxis in einem zukunftsweisenden dualen Studium bei der VBL. Ab sofort suchen wir einen Studierenden für 2027. Duales Studium (B.Sc.) – Data Science und Künstliche Intelligenz (m/w/d) I…",https://www.adzuna.de/land/ad/5857152742?se=mgbBq0ql8RGXAogs0qzBDQ&utm_medium=api&utm_source=a4bcf954&v=DDD29E764B66EF694C753111D67F445CD1235D4A,2026-08-26T18:08:38Z,Adzuna::API::Response::Job,"{'label': 'IT-Stellen', '__CLASS__': 'Adzuna::API::Response::Category', 'tag': 'it-jobs'}",0,Duales Studium (B.Sc.) - Data Science und Künstliche Intelligenz (m/w/d),full_time,,,
"{'__CLASS__': 'Adzuna::API::Response::Location', 'display_name': 'Dortmund, Nordrhein-Westfalen', 'area': ['Deutschland', 'Nordrhein-Westfalen', 'Dortmund']}",5810579233,7.464954,"{'__CLASS__': 'Adzuna::API::Response::Company', 'display_name': 'Dr. Ausbüttel GmbH & Co. KG'}",eyJhbGciOiJIUzI1NiJ9.eyJpIjoiNTgxMDU3OTIzMyIsInMiOiJtZ2JCcTBxbDhSR1hBb2dzMHF6QkRRIn0.v01xSWJjHrVsUtIH2hiiIgQWsiGc9mN-uXg3Qmmi-jc,51.504967,"Head of AI & Data Science: Tragen Sie dazu bei, Wunden zu heilen, Innovationen zu fördern und Wachstum zu gestalten! Schwer heilende Wunden sind eine enorme Belastung für Patienten, Angehörige und Behandelnde. Machen Sie durch Ihr gestalterisches Mitwirken einen signifikanten Unterschied. Wir entwickeln Produkte und Services, um Wunden bezahlbar zu heilen. Als wachsendes, zukunftsorientiertes inhabergeführtes Familienunternehmen investieren und arbeiten wir mit langfristiger Perspektive statt m…",https://www.adzuna.de/land/ad/5810579233?se=mgbBq0ql8RGXAogs0qzBDQ&utm_medium=api&utm_source=a4bcf954&v=E5CB564F625F7AC343A646D91B42342134CC24FB,2026-07-22T10:33:42Z,Adzuna::API::Response::Job,"{'__CLASS__': 'Adzuna::API::Response::Category', 'tag': 'other-general-jobs', 'label': 'Sonstige/Allgemeine Stellen'}",0,Head of AI & Data Science (m/w/d),,,,
"{'display_name': 'Berlin, Deutschland', '__CLASS__': 'Adzuna::API::Response::Location', 'area': ['Deutschland', 'Berlin']}",5769224016,13.420806,"{'__CLASS__': 'Adzuna::API::Response::Company', 'display_name': 'Zenjob SE'}",eyJhbGciOiJIUzI1NiJ9.eyJpIjoiNTc2OTIyNDAxNiIsInMiOiJtZ2JCcTBxbDhSR1hBb2dzMHF6QkRRIn0.tRHBE60Onn2tRBjPYgh4dwh4o_J9KOjsQ4FbCM8h6pE,52.507706,"About us Zenjob is an AI-powered flexible staffing platform that has efficiently connected companies and temporary workers since 2015. Companies use our platform to book ready-to-work staff in real time, while students use our app to find part-time jobs that conveniently fit around their studies. Over 40,000 students and 1,000 partner companies from logistics, retail, and hospitality in all major German cities share our belief that good work is not a coincidence. It is the result of innovative …",https://www.adzuna.de/land/ad/5769224016?se=mgbBq0ql8RGXAogs0qzBDQ&utm_medium=api&utm_source=a4bcf954&v=0CBE58766F7271E596F1D0041EF7C0033C10DF28,2026-06-19T11:24:10Z,Adzuna::API::Response::Job,"{'label': 'Stellen aus Gastronomie & Catering', '__CLASS__': 'Adzuna::API::Response::Category', 'tag': 'hospitality-catering-jobs'}",0,Head of Analytics and Data Science,full_time,,,
"{'area': ['Deutschland', 'Baden-Württemberg', 'Ludwigsburg (Kreis)', 'Ludwigsburg'], '__CLASS__': 'Adzuna::API::Response::Location', 'display_name': 'Ludwigsburg, Ludwigsburg (Kreis)'}",5828358168,9.198334,"{'__CLASS__': 'Adzuna::API::Response::Company', 'display_name': 'Wolters Kluwer Tax & Accounting Deutschland GmbH'}",eyJhbGciOiJIUzI1NiJ9.eyJpIjoiNTgyODM1ODE2OCIsInMiOiJtZ2JCcTBxbDhSR1hBb2dzMHF6QkRRIn0.8_GpqUBpm0-ZJ6gDI4db_56soA9A0vnbyb1JhUQjc_A,48.876425,"Seit über 180 Jahren unterstützen wir Unternehmen weltweit dabei, Arbeitsprozesse einfacher, effizienter und zukunftssicher zu gestalten. Mit Niederlassungen in über 40 Ländern und Kunden in mehr als 180 Märkten sind wir ein globaler Partner für Fachwissen und Technologie. Unsere Lösungen verbinden tiefgehendes Know-how mit innovativen Technologien – inklusive moderner KI-Funktionen – und helfen unseren Kunden, ihre größten Herausforderungen erfolgreich zu meistern. Mehr als 21.000 Kolleginnen …",https://www.adzuna.de/land/ad/5828358168?se=mgbBq0ql8RGXAogs0qzBDQ&utm_medium=api&utm_source=a4bcf954&v=8402E2578445895C3DE3C3C020C2ABFFD6844BDC,2026-08-05T01:04:32Z,Adzuna::API::Response::Job,"{'label': 'Stellen für Hochschulabsolventen', 'tag': 'graduate-jobs', '__CLASS__': 'Adzuna::API::Response::Category'}",0,Duales Studium Bachelor der Wirtschaftsinformatik - Data Science (m/w/d),,,,
"{'__CLASS__': 'Adzuna::API::Response::Location', 'display_name': 'Mannheim, Baden-Württemberg', 'area': ['Deutschland', 'Baden-Württemberg', 'Mannheim']}",5828358393,8.491505,"{'__CLASS__': 'Adzuna::API::Response::Company', 'display_name': 'FUCHS LUBRICANTS GERMANY GmbH'}",eyJhbGciOiJIUzI1NiJ9.eyJpIjoiNTgyODM1ODM5MyIsInMiOiJtZ2JCcTBxbDhSR1hBb2dzMHF6QkRRIn0.uLvW7PfPfRCHHn-WyHmQdmOUrBJ6_moKyIgBRuI8McA,49.496025,"FUCHS ist der weltweit größte unabhängige Anbieter von innovativen Schmierstofflösungen für nahezu alle Branchen und Anwendungsbereiche. Unsere Produkte und Lösungen halten die Welt in Bewegung, auch wenn diese nicht immer sichtbar sind. Entscheidend ist, dass jeder Einzelne unserer über 6.000 Mitarbeiter in mehr als 50 Ländern sichtbar ist - ihr Unternehmergeist, ihre Ideen und Fähigkeiten sind das Herzstück unseres globalen Geschäfts. JLFT1_DE",https://www.adzuna.de/land/ad/5828358393?se=mgbBq0ql8RGXAogs0qzBDQ&utm_medium=api&utm_source=a4bcf954&v=1E79F89B7EDB561BA34330000388AA90C9D83734,2026-08-05T01:04:48Z,Adzuna::API::Response::Job,"{'label': 'Stellen für Hochschulabsolventen', 'tag': 'graduate-jobs', '__CLASS__': 'Adzuna::API::Response::Category'}",0,Duales Studium B.Sc. Data Science und Künstliche Intelligenz (m/w/d) 2027,,,,
"{'display_name': 'Regensburg, Regensburg (Kreis)', '__CLASS__': 'Adzuna::API::Response::Location', 'area': ['Deutschland', 'Bayern', 'Regensburg (Kreis)', 'Regensburg']}",5836420329,12.112321,"{'display_name': 'BSH Hausgeräte Gruppe', '__CLASS__': 'Adzuna::API::Response::Company'}",eyJhbGciOiJIUzI1NiJ9.eyJzIjoibWdiQnEwcWw4UkdYQW9nczBxekJEUSIsImkiOiI1ODM2NDIwMzI5In0.h7FHtEdovW0SXY8ZBTC82PZa1I-SiQX9Mw7bVy5SwIQ,49.022981,"Wir begleiten dich auf dem Weg zum Traumberuf. Als führender Hausgerätehersteller in Europa bilden wir junge Menschen in Berufen aus, die zu ihnen passen und sie erfüllen. Mit unserem Portfolio an Marken – unter anderem Bosch, Siemens, Gaggenau und Neff – bieten wir Nachwuchskräften spannende Aufgaben und die Möglichkeit, von Anfang an Verantwortung zu übernehmen. Ob im Bereich Klimaschutz, Innovation oder Fairness – wir setzen uns gemeinsam mit dir für eine nachhaltige Zukunft ein. Spannende L…",https://www.adzuna.de/details/5836420329?utm_medium=api&utm_source=a4bcf954,2026-08-11T07:34:11Z,Adzuna::API::Response::Job,"{'__CLASS__': 'Adzuna::API::Response::Category', 'tag': 'it-jobs', 'label': 'IT-Stellen'}",0,Duales Studium Master Informatik - AI & Data Science (M.Sc.) 2027,,,,
"{'display_name': 'Mittweida, Mittelsachsen (Kreis)', '__CLASS__': 'Adzuna::API::Response::Location', 'area': ['Deutschland', 'Sachsen', 'Mittelsachsen (Kreis)', 'Mittweida']}",5849936588,12.98145,"{'display_name': 'Hochschule Mittweida - University of Applied Sciences', '__CLASS__': 'Adzuna::API::Response::Company'}",eyJhbGciOiJIUzI1NiJ9.eyJzIjoibWdiQnEwcWw4UkdYQW9nczBxekJEUSIsImkiOiI1ODQ5OTM2NTg4In0.Ub32IZuTlfR1-GuX4eoRnNm-9HivOkDy_Ng5i_rgjRI,50.98578,"Professur Angewandte Mathematik – KI und Data Sciences (w/m/d) An der Fakultät Angewandte Computer- und Biowissenschaften der Hochschule Mittweida, University of Applied Sciences ist zum 01.09.2027 die Professur in Besoldungsgruppe W2 zu besetzen. Aufgaben Vertretung des Berufungsgebiets in Lehre und Forschung mit Schwerpunkt auf aktuellen Entwicklungen im KI-Bereich Durchführung deutsch- und englischsprachiger Lehrveranstaltungen: Grundlagen- und Spezialmodule im neuen Masterstudiengang AI and…",https://www.adzuna.de/land/ad/5849936588?se=mgbBq0ql8RGXAogs0qzBDQ&utm_medium=api&utm_source=a4bcf954&v=726766D74DF21C0E94E0909A9527777B5D9ED072,2026-08-20T22:19:34Z,Adzuna::API::Response::Job,"{'__CLASS__': 'Adzuna::API::Response::Category', 'tag': 'other-general-jobs', 'label': 'Sonstige/Allgemeine Stellen'}",0,W2-Professur für Angewandte Mathematik - KI und Data Sciences (w/m/d),,,,
"{'__CLASS__': 'Adzuna::API::Response::Location', 'display_name': 'Deutschland', 'area': ['Deutschland']}",5859747704,,"{'__CLASS__': 'Adzuna::API::Response::Company', 'display_name': 'Hochschule Osnabrück'}",eyJhbGciOiJIUzI1NiJ9.eyJpIjoiNTg1OTc0NzcwNCIsInMiOiJtZ2JCcTBxbDhSR1hBb2dzMHF6QkRRIn0.xz5ZLY437K4cDFzzD88AtVbZV2hTKDkwa2o9VRz1Pgo,,"Professur für Business Data Science Als größte Hochschule für Angewandte Wissenschaften in Niedersachsen leisten wir mit praxisorientierter Lehre und Forschung unseren Beitrag für eine lebenswerte Zukunft. Als Stiftungshochschule profitieren wir von höherer Gestaltungsfreiheit und Eigenverantwortung. Wir suchen Kolleg innen, die gemeinsam mit unseren Studierenden die Gesellschaft nachhaltig prägen und unseren Weg hin zu einer inklusiven und diversen Hochschule mitgestalten. Das Themengebiet der…",https://www.adzuna.de/land/ad/5859747704?se=mgbBq0ql8RGXAogs0qzBDQ&utm_medium=api&utm_source=a4bcf954&v=6CD1CF9AB7F35239EE590000FC952BD000A900C8,2026-08-28T17:00:07Z,Adzuna::API::Response::Job,"{'tag': 'admin-jobs', '__CLASS__': 'Adzuna::API::Response::Category', 'label': 'Verwaltungsstellen'}",0,Professur für Business Data Science,,,,
"{'area': ['Deutschland', 'Hessen', 'Frankfurt am Main'], '__CLASS__': 'Adzuna::API::Response::Location', 'display_name': 'Frankfurt am Main, Hessen'}",5776991573,8.650578,"{'display_name': 'Siemens AG', '__CLASS__': 'Adzuna::API::Response::Company'}",eyJhbGciOiJIUzI1NiJ9.eyJzIjoibWdiQnEwcWw4UkdYQW9nczBxekJEUSIsImkiOiI1Nzc2OTkxNTczIn0.LJFiNL-WK7V8u6VA8CXztq_JYPD2I4sgprbNQjT3K58,50.129683,"Dein Berufsbild: Du möchtest irgendwas mit Mathe machen und findest die Wirtschaftswelt spannend? Dann entscheide dich für ein Studium in Data Science und Künstliche Intelligenz und hol alles aus den Daten heraus. Data Science und Künstliche Intelligenz Spezialisten (w/m/d) sind die Schnittstelle zwischen IT und Business. Sie beherrschen die verschiedenen Technologien, bewerten deren Potenziale und wissen, wie man sie technisch umsetzt. In deinem dualen Studium erlernst du die Grundlagen, Konze…",https://www.adzuna.de/land/ad/5776991573?se=mgbBq0ql8RGXAogs0qzBDQ&utm_medium=api&utm_source=a4bcf954&v=333B251EC63C28872D35E9BBDEE132B1419089E5,2026-06-26T01:42:46Z,Adzuna::API::Response::Job,"{'tag': 'part-time-jobs', '__CLASS__': 'Adzuna::API::Response::Category', 'label': 'Teilzeitstellen'}",0,Data Science und Künstliche Intelligenz (B.Sc.) 2027,,,,
"{'display_name': 'Ravensburg, Ravensburg (Kreis)', '__CLASS__': 'Adzuna::API::Response::Location', 'area': ['Deutschland', 'Baden-Württemberg', 'Ravensburg (Kreis)', 'Ravensburg']}",5776221804,9.560146,"{'display_name': 'EBZ SE', '__CLASS__': 'Adzuna::API::Response::Company'}",eyJhbGciOiJIUzI1NiJ9.eyJpIjoiNTc3NjIyMTgwNCIsInMiOiJtZ2JCcTBxbDhSR1hBb2dzMHF6QkRRIn0.hDqsmC5bjJv_Go0f4BhS-RdpbPIU2-qBUmSNstbfVwk,47.759752,"Dieser Studiengang bereitet Dich darauf vor, den digitalen Wandel in Unternehmen voranzutreiben und aktiv mitzugestalten. Dazu werden Grundlagen der Informatik und der Wirtschaftsinformatik mit Kerninhalten der Data Science kombiniert. Themen wie Cloud Computing, Big Data, Visual Analytics und AI spielen hier eine große Rolle. Du lernst den Umgang und die Interpretation von großen Datenmengen, deren Darstellung, und das Training von AI-Modellen. Deine Ideen und Projekte kannst du dabei direkt i…",https://www.adzuna.de/land/ad/5776221804?se=mgbBq0ql8RGXAogs0qzBDQ&utm_medium=api&utm_source=a4bcf954&v=496F0D5CC95E9EA60CFB834C492F2FA74AC23E97,2026-06-25T13:38:21Z,Adzuna::API::Response::Job,"{'tag': 'part-time-jobs', '__CLASS__': 'Adzuna::API::Response::Category', 'label': 'Teilzeitstellen'}",0,Duales Studium (DHBW) Data Science und Künstliche Intelligenz,,,,
"{'display_name': 'Weingarten, Ravensburg (Kreis)', '__CLASS__': 'Adzuna::API::Response::Location', 'area': ['Deutschland', 'Baden-Württemberg', 'Ravensburg (Kreis)', 'Weingarten']}",5850415032,9.64655,"{'display_name': 'All for One Group SE', '__CLASS__': 'Adzuna::API::Response::Company'}",eyJhbGciOiJIUzI1NiJ9.eyJpIjoiNTg1MDQxNTAzMiIsInMiOiJtZ2JCcTBxbDhSR1hBb2dzMHF6QkRRIn0.sePfa8UBxJFXFn2jgfNbc6VSFEjZog22jSUNwBbYYU8,47.80684,"3.200 Kolleg:innen,über 4.500 Kund:innen– und ein gemeinsames Ziel: Unternehmen wirklich voranzubringen. Wir sind All for One– führender IT-, Consulting- und Service-Provider rund um SAP und weltweit an der Spitze, wenn es um SAP-Transformationen und Cloud-Lösungen geht. Wir kennen den Mittelstand und begleiten ihn in allen Themen, die heute wirklich zählen: von Digitalisierung und Datennutzungüber Cybersecurity und Employee Experience bis hin zu New Work und Nachhaltigkeit. Was uns antreibt? D…",https://www.adzuna.de/land/ad/5850415032?se=mgbBq0ql8RGXAogs0qzBDQ&utm_medium=api&utm_source=a4bcf954&v=D802F1A5442BA458638A852A64F06CDBFA877124,2026-08-21T04:34:21Z,Adzuna::API::Response::Job,"{'label': 'Teilzeitstellen', 'tag': 'part-time-jobs', '__CLASS__': 'Adzuna::API::Response::Category'}",0,Duales Studium Wirtschaftsinformatik (B.Sc.) - Data Science,,,,
"{'area': ['Deutschland', 'Baden-Württemberg', 'Ulm'], 'display_name': 'Ulm, Baden-Württemberg', '__CLASS__': 'Adzuna::API::Response::Location'}",5837379738,9.856945,"{'display_name': 'HENSOLDT', '__CLASS__': 'Adzuna::API::Response::Company'}",eyJhbGciOiJIUzI1NiJ9.eyJzIjoibWdiQnEwcWw4UkdYQW9nczBxekJEUSIsImkiOiI1ODM3Mzc5NzM4In0.ExY8bK4co1SVK_mRwK6XQFSFXo4RWHsmsQLAYRWzeD4,48.383137,"HENSOLDT ist ein führendes europäisches Hightech-Unternehmen der Verteidigungs- und Sicherheitsindustrie mit Sitz in Taufkirchen bei München. Das Unternehmen entwickelt Sensorlösungen, Elektronik und Software für die Bereiche Luft, Land, See, Cyber und Weltraum und unterstützt Streitkräfte weltweit dabei, Bedrohungen frühzeitig zu erkennen und fundierte operative Entscheidungen zu treffen. Aufbauend auf jahrzehntelanger Erfahrung in missionskritischer Sensorik verbindet HENSOLDT Radar-, Optroni…",https://www.adzuna.de/land/ad/5837379738?se=mgbBq0ql8RGXAogs0qzBDQ&utm_medium=api&utm_source=a4bcf954&v=A6C5585633CBF1CA27E58BB92D7912336373DF76,2026-08-12T00:54:17Z,Adzuna::API::Response::Job,"{'label': 'Stellen für Hochschulabsolventen', '__CLASS__': 'Adzuna::API::Response::Category', 'tag': 'graduate-jobs'}",0,"Duales Studium: ""Data Science & künstliche Intelligenz"" (w/m/d), Ulm, Start 2027",,,,
"{'area': ['Deutschland', 'Baden-Württemberg', 'Alb-Donau-Kreis', 'Ehingen (Donau)'], 'display_name': 'Ehingen (Donau), Alb-Donau-Kreis', '__CLASS__': 'Adzuna::API::Response::Location'}",5810169631,9.72719,"{'display_name': 'Liebherr Firmengruppe', '__CLASS__': 'Adzuna::API::Response::Company'}",eyJhbGciOiJIUzI1NiJ9.eyJpIjoiNTgxMDE2OTYzMSIsInMiOiJtZ2JCcTBxbDhSR1hBb2dzMHF6QkRRIn0.vZquu06c1NALogwlyDnMeyy_b6diaaaPjXZ_kE7u_YY,48.28207,Die Liebherr-Werk Ehingen GmbH zählt zu den weltweit führenden Herstellern von Fahrzeugkranen. Das Programm umfasst Teleskop- und Gittermastkrane auf Mobil- und Raupenfahrwerken. Seit der Gründung wurde die Produktionsstätte und ihre Kapazität kontinuierlich erweitert. Heute werden täglich sechs Fahrzeugkrane aus Ehingen in die ganze Welt geliefert. Mitarbeit an innovativen Projekten im Bereich Data Science und Künstliche Intelligenz Analyse und Auswertung großer Datenmengen zur Optimierung von…,https://www.adzuna.de/land/ad/5810169631?se=mgbBq0ql8RGXAogs0qzBDQ&utm_medium=api&utm_source=a4bcf954&v=14D552709EE1F41D06854371D5A212D32BB9173B,2026-07-22T03:13:54Z,Adzuna::API::Response::Job,"{'tag': 'part-time-jobs', '__CLASS__': 'Adzuna::API::Response::Category', 'label': 'Teilzeitstellen'}",0,DHBW Studium - Data Science und Künstliche Intelligenz (B.Sc.),,,,
"{'area': ['Deutschland', 'Hessen', 'Lahn-Dill-Kreis', 'Haiger'], 'display_name': 'Haiger, Lahn-Dill-Kreis', '__CLASS__': 'Adzuna::API::Response::Location'}",5801157277,8.20531,"{'__CLASS__': 'Adzuna::API::Response::Company', 'display_name': 'Loh Services GmbH&Co. KG'}",eyJhbGciOiJIUzI1NiJ9.eyJzIjoibWdiQnEwcWw4UkdYQW9nczBxekJEUSIsImkiOiI1ODAxMTU3Mjc3In0.9l3hTC2lWg5sU8xO2m15u-JADFGhqp7EgKxdUr7sAQU,50.74164,"Gemeinsam bewegen wir mehr. Nutze unsere vielfältigen Einsatzmöglichkeiten und beginne am 9. Juli 2027 Dein duales Studium in der Friedhelm Loh Group. Aufgaben Duales Bachelor Studium im Bereich Softwaretechnologie für die Fachrichtungen Data Science, Künstliche Intelligenz oder Softwareentwicklung Studiendauer 7 Semester in Kooperation mit der Technischen Hochschule Mittelhessen Reale Projekte und abwechslungsreiche Praxisphasen in verschiedenen Einsatzgebieten z. B. IT, Produktion, Forschung …",https://www.adzuna.de/land/ad/5801157277?se=mgbBq0ql8RGXAogs0qzBDQ&utm_medium=api&utm_source=a4bcf954&v=B44D2D5110E63AE4E03B7A1395CAD02844C36F87,2026-07-15T14:41:15Z,Adzuna::API::Response::Job,"{'tag': 'part-time-jobs', '__CLASS__': 'Adzuna::API::Response::Category', 'label': 'Teilzeitstellen'}",0,"Duales Studium Softwaretechnologie – Fachrichtung Data Science, Künstliche Intelligenz oder Software",,,,
"{'area': ['Deutschland', 'Baden-Württemberg', 'Karlsruhe (Kreis)', 'Karlsruhe'], '__CLASS__': 'Adzuna::API::Response::Location', 'display_name': 'Karlsruhe, Karlsruhe (Kreis)'}",5838304605,8.412378,"{'display_name': 'Deutsche Telekom AG, Telekom Ausbildung', '__CLASS__': 'Adzuna::API::Response::Company'}",eyJhbGciOiJIUzI1NiJ9.eyJpIjoiNTgzODMwNDYwNSIsInMiOiJtZ2JCcTBxbDhSR1hBb2dzMHF6QkRRIn0.k-ELmseLnCIybKnL-aURNSiRP_vewb8ZGqjQmh543Ps,49.001249,"In unserem dualen Studiengang Data Science und Künstliche Intelligenz (Studienrichtung Business Management) erwirbst du interdisziplinäre Kenntnisse aus Informatik, Mathematik und Machine Learning und lernst, datenbasierte Lösungen für Wirtschaft und Gesellschaft zu entwickeln. In den 3 Jahren Studium bist du pro Semester ca. 12 Wochen an der Dualen Hochschule Baden-Württemberg in Karlsruhe und die restliche Zeit in deiner Telekom-Abteilung eingesetzt. Während deiner Studien- und Praxisphasen e…",https://www.adzuna.de/land/ad/5838304605?se=mgbBq0ql8RGXAogs0qzBDQ&utm_medium=api&utm_source=a4bcf954&v=7D45829D5380036F0AEE8FD8AA5DBE151443C309,2026-08-12T15:30:24Z,Adzuna::API::Response::Job,"{'label': 'Teilzeitstellen', 'tag': 'part-time-jobs', '__CLASS__': 'Adzuna::API::Response::Category'}",0,Duales Studium Data Science und Künstliche Intelligenz (m/w/d),,,,
"{'area': ['Deutschland', 'Bremen', 'Bremerhaven'], '__CLASS__': 'Adzuna::API::Response::Location', 'display_name': 'Bremerhaven, Bremen'}",5858577918,8.595073,"{'__CLASS__': 'Adzuna::API::Response::Company', 'display_name': 'Alfred-Wegener-Institut Helmholtz-Zentrum für Polar- und Meeresforschung'}",eyJhbGciOiJIUzI1NiJ9.eyJpIjoiNTg1ODU3NzkxOCIsInMiOiJtZ2JCcTBxbDhSR1hBb2dzMHF6QkRRIn0.TIkGYcarGHesp2Zv4-J3rg6gHtbR-Pa9MSy8jClOeK0,53.548992,"The Alfred Wegener Institute Helmholtz Centre for Polar and Marine Research (AWI) is a member of the Helmholtz Association (HGF) and funded by federal and state government. AWI focuses on polar and marine research in a variety of disciplines such as biology, oceanography, geology, geochemistry and geophysics thus allowing multidisciplinary approaches to scientific goals. PhD position in Data Science/Bioinformatics for Marine and Arctic Biodiversity (f/x/d/m) Background Long-term monitoring of m…",https://www.adzuna.de/details/5858577918?utm_medium=api&utm_source=a4bcf954,2026-08-27T19:52:27Z,Adzuna::API::Response::Job,"{'label': 'Unknown', 'tag': 'unknown', '__CLASS__': 'Adzuna::API::Response::Category'}",0,PhD position in Data Science/Bioinformatics for Marine and Arctic Biodiversity (f/x/d/m),,,,
"{'area': ['Deutschland'], 'display_name': 'Deutschland', '__CLASS__': 'Adzuna::API::Response::Location'}",5849210871,,"{'__CLASS__': 'Adzuna::API::Response::Company', 'display_name': 'ZEISS'}",eyJhbGciOiJIUzI1NiJ9.eyJpIjoiNTg0OTIxMDg3MSIsInMiOiJtZ2JCcTBxbDhSR1hBb2dzMHF6QkRRIn0.MXXe4lrR9-ygOG7lsSxB7M2r1F_M04MS40wcsYvASHI,,"Als Student arbeitest Du mit Deinen Kolleginnen und Kollegen auf Augenhöhe und schaffst ideale Voraussetzungen für Deine spätere Karriere. Sich etwas Neues trauen, über sich hinauswachsen und dabei die Grenzen des Machbaren neu deﬁnieren. Genau das ist es, was unsere Mitarbeitenden täglich leben dürfen und sollen. Um mit unseren Innovationen das Tempo vorzugeben und Großartiges zu ermöglichen. Denn hinter jedem erfolgreichen Unternehmen stehen eine ganze Menge faszinierender Menschen. Die Mitar…",https://www.adzuna.de/land/ad/5849210871?se=mgbBq0ql8RGXAogs0qzBDQ&utm_medium=api&utm_source=a4bcf954&v=654E5B4D7D092D83BA213941FD46B2365D753266,2026-08-20T04:59:02Z,Adzuna::API::Response::Job,"{'label': 'Unknown', 'tag': 'unknown', '__CLASS__': 'Adzuna::API::Response::Category'}",0,Abschlussarbeit Data Science / Mechanikdesign (m/w/x),,,,
"{'area': ['Deutschland', 'Baden-Württemberg', 'Stuttgart'], '__CLASS__': 'Adzuna::API::Response::Location', 'display_name': 'Stuttgart, Baden-Württemberg'}",5811453477,9.187224,"{'__CLASS__': 'Adzuna::API::Response::Company', 'display_name': 'Creditplus Bank AG'}",eyJhbGciOiJIUzI1NiJ9.eyJpIjoiNTgxMTQ1MzQ3NyIsInMiOiJtZ2JCcTBxbDhSR1hBb2dzMHF6QkRRIn0.ITk_5IR2uZSvG7faqB0H-hIyycY1h_omWyVu9SmE6Ec,48.776198,"Wir machen Wünsche machbar – unsere Mission ist es, das Leben unserer Kund:innen zu bereichern und mit unseren Finanzdienstleistungen Träume zu verwirklichen. Wir verstehen uns nicht als typische Bank, sondern als lebendige Gemeinschaft von Gestalter:innen, die keine Angst davor haben, neue Wege zu gehen. Dabei setzen wir uns alle auch noch für Themen mit Impact wie Nachhaltigkeit und Digitalisierung ein – ob in unserer Zentrale in Stuttgart, an unserem Standort in Offenbach oder deutschlandwei…",https://www.adzuna.de/land/ad/5811453477?se=mgbBq0ql8RGXAogs0qzBDQ&utm_medium=api&utm_source=a4bcf954&v=A941201519F735C9B8A3B22DA1F7FE671E964088,2026-07-23T00:48:33Z,Adzuna::API::Response::Job,"{'tag': 'other-general-jobs', '__CLASS__': 'Adzuna::API::Response::Category', 'label': 'Sonstige/Allgemeine Stellen'}",0,(Senior) Risk Manager (m/w/d) Modeling & Data Science - Fokus Retail Credit Risk,,,,
"{'area': ['Deutschland', 'Baden-Württemberg', 'Ortenaukreis', 'Offenburg'], 'display_name': 'Offenburg, Ortenaukreis', '__CLASS__': 'Adzuna::API::Response::Location'}",5784624030,7.94837,"{'display_name': 'EDEKA Südwest Stiftung&Co. KG', '__CLASS__': 'Adzuna::API::Response::Company'}",eyJhbGciOiJIUzI1NiJ9.eyJzIjoibWdiQnEwcWw4UkdYQW9nczBxekJEUSIsImkiOiI1Nzg0NjI0MDMwIn0.CnQe2jl9_Z4gG45HzgCtm4Ht8chuo9EmY1SVO0PH0Vs,48.42392,"Mit rund 46.000 Mitarbeitenden sowie rund 3.000 Auszubildenden in über 40 Ausbildungsberufen und dualen Studiengängen im Einzelhandel, Großhandel und in der Produktion sind wir einer der größten Arbeitgeber der Region. Rund 1.100 Märkte, sechs Logistikzentren und sechs Produktionsbetriebe in fünf Bundesländern gehören zu EDEKA Südwest. Was macht man da aus sich? Im Fokus steht der reibungslose Fluss von Informationen innerhalb des Unternehmens. Schon während des Studiums betreust du selbstständ…",https://www.adzuna.de/land/ad/5784624030?se=mgbBq0ql8RGXAogs0qzBDQ&utm_medium=api&utm_source=a4bcf954&v=CDF8A0C90450F82B412FB51139BC443F839DB477,2026-07-02T02:07:53Z,Adzuna::API::Response::Job,"{'__CLASS__': 'Adzuna::API::Response::Category', 'tag': 'part-time-jobs', 'label': 'Teilzeitstellen'}",0,Duales Studium: Data Science und Künstliche Intelligenz (m/w/d) - 2027,,,,
"{'display_name': 'Berlin, Deutschland', '__CLASS__': 'Adzuna::API::Response::Location', 'area': ['Deutschland', 'Berlin']}",5858186478,13.420806,"{'display_name': 'S-Kreditpartner GmbH', '__CLASS__': 'Adzuna::API::Response::Company'}",eyJhbGciOiJIUzI1NiJ9.eyJzIjoibWdiQnEwcWw4UkdYQW9nczBxekJEUSIsImkiOiI1ODU4MTg2NDc4In0.ruoZiUQk5Kgr8eDdvbAkZFQXqWlyugLzC5ZR9j0SIsQ,52.507706,S-Kreditpartner – unser Name ist Programm. Und der macht auf den ersten Blick deutlich: Wir gehören zur Familie der Sparkassen. Als spezialisierter Verbundpartner bündeln wir die Aktivitäten für die Auto- und Konsumenten­finanzierung. Gemein­sam mit unseren Vertriebs­partnern wollen wir die Position der Sparkassen-Finanz­gruppe in diesen Geschäftsfeldern stärken. Als Referent (m/w/d) Data Scientist gestaltest Du die Banksteuerung aktiv mit und machst aus komplexen Daten klare Entscheidungs­grun…,https://www.adzuna.de/land/ad/5858186478?se=mgbBq0ql8RGXAogs0qzBDQ&utm_medium=api&utm_source=a4bcf954&v=806B51D1A296E3A1C2DAC8F1494BEE098F035060,2026-08-27T12:57:39Z,Adzuna::API::Response::Job,"{'label': 'Sonstige/Allgemeine Stellen', '__CLASS__': 'Adzuna::API::Response::Category', 'tag': 'other-general-jobs'}",0,Referent Data Science & Reporting (m/w/d),,,,
"{'__CLASS__': 'Adzuna::API::Response::Location', 'display_name': 'Deutschland', 'area': ['Deutschland']}",5810788215,,"{'display_name': 'Mercedes-Benz Tech Innovation', '__CLASS__': 'Adzuna::API::Response::Company'}",eyJhbGciOiJIUzI1NiJ9.eyJzIjoibWdiQnEwcWw4UkdYQW9nczBxekJEUSIsImkiOiI1ODEwNzg4MjE1In0.fa7fa7UCVM0cbPfPTtxGduWzlX7xndo4OinGkpfMu3w,,"Life is always about becoming… Im Leben geht es darum, sich auf eine Reise zu begeben, um die beste Version unseres zukünftigen Selbst zu werden. Während wir Neues entdecken, stellen wir uns Herausforderungen, meistern sie und wachsen über uns hinaus. Bewerben Sie sich bei Mercedes-Benz und finden Sie den Aufgabenbereich, in dem Sie Ihre Talente individuell entfalten können. Dabei werden Sie von visionären Kolleginnen und Kollegen unterstützt, die Ihren Pioniergeist teilen. Bei uns einzusteigen…",https://www.adzuna.de/land/ad/5810788215?se=mgbBq0ql8RGXAogs0qzBDQ&utm_medium=api&utm_source=a4bcf954&v=923B0DEB2CB05ABFEAC7F92623C398E78BCD244E,2026-07-22T12:38:04Z,Adzuna::API::Response::Job,"{'label': 'Stellen für Hochschulabsolventen', '__CLASS__': 'Adzuna::API::Response::Category', 'tag': 'graduate-jobs'}",0,Duales Studium Informatik Schwerpunkt Data Science / Künstliche Intelligenz in Kooperation mit der Dualen Hochschule Baden-Württemberg 2027 (m/w/d/x),,,,
"{'__CLASS__': 'Adzuna::API::Response::Location', 'display_name': 'Deutschland', 'area': ['Deutschland']}",5848402718,,"{'display_name': 'Atruvia AG', '__CLASS__': 'Adzuna::API::Response::Company'}",eyJhbGciOiJIUzI1NiJ9.eyJzIjoibWdiQnEwcWw4UkdYQW9nczBxekJEUSIsImkiOiI1ODQ4NDAyNzE4In0.KhtLDnL--Mm-1kVcJc5NzroojlvVLdmplcn3MTJE0f0,,Wir sind der Digitalisierungspartner in der genossenschaftlichen FinanzGruppe und vereinen jahrzehntelanges Expertenwissen in Banking und Informationstechnologie. Die speziell auf Banken zugeschnittenen IT-Lösungen und Leistungen reichen vom Rechenzentrumsbetrieb über das Bankverfahren von Atruvia bis hin zur App-Entwicklung. Dabei nutzen wir zukunftsweisende Technologien wie Smart Data und schreiben Prozessoptimierung und Regulatorik groß. Gestalte die Zukunft mit KI – Starte dein Duales Studi…,https://www.adzuna.de/land/ad/5848402718?se=mgbBq0ql8RGXAogs0qzBDQ&utm_medium=api&utm_source=a4bcf954&v=D06863DC7CD0095555F4F023A9C5A1024898867E,2026-08-19T17:29:18Z,Adzuna::API::Response::Job,"{'label': 'Stellen aus Buchhaltung & Finanzwesen', '__CLASS__': 'Adzuna::API::Response::Category', 'tag': 'accounting-finance-jobs'}",0,Duales Studium Data Science & Künstliche Intelligenz B.Sc.,,,,
"{'area': ['Deutschland'], 'display_name': 'Deutschland', '__CLASS__': 'Adzuna::API::Response::Location'}",5848410755,,"{'display_name': 'Liebherr-Werk Ehingen GmbH', '__CLASS__': 'Adzuna::API::Response::Company'}",eyJhbGciOiJIUzI1NiJ9.eyJpIjoiNTg0ODQxMDc1NSIsInMiOiJtZ2JCcTBxbDhSR1hBb2dzMHF6QkRRIn0.ORyvroUsT9rAjTBXMz7Ebq04RaxxlaWLlCA0nJnZKS0,,Die Liebherr-Werk Ehingen GmbH zählt zu den weltweit führenden Herstellern von Fahrzeugkranen. Das Programm umfasst Teleskop- und Gittermastkrane auf Mobil- und Raupenfahrwerken. Seit der Gründung wurde die Produktionsstätte und ihre Kapazität kontinuierlich erweitert. Heute werden täglich sechs Fahrzeugkrane aus Ehingen in die ganze Welt geliefert. DHBW Studium - Data Science und Künstliche Intelligenz (B.Sc.) Job-ID 83588 Original Stellenanzeige auf StepStone.de bit.ly/4w2X7RC CLTRD1_DE,https://www.adzuna.de/land/ad/5848410755?se=mgbBq0ql8RGXAogs0qzBDQ&utm_medium=api&utm_source=a4bcf954&v=55A380EA9088384B156B522FCA359D563F663951,2026-08-19T17:31:21Z,Adzuna::API::Response::Job,"{'__CLASS__': 'Adzuna::API::Response::Category', 'tag': 'engineering-jobs', 'label': 'Technikerstellen'}",0,DHBW Studium - Data Science und Künstliche Intelligenz (B.Sc.),,,,
"{'area': ['Deutschland'], 'display_name': 'Deutschland', '__CLASS__': 'Adzuna::API::Response::Location'}",5848380581,,"{'display_name': 'WGV - Württembergische Gemeinde-Versicherung a.G.', '__CLASS__': 'Adzuna::API::Response::Company'}",eyJhbGciOiJIUzI1NiJ9.eyJpIjoiNTg0ODM4MDU4MSIsInMiOiJtZ2JCcTBxbDhSR1hBb2dzMHF6QkRRIn0.U-ZY5wPJ9TVv_ETXW8nR6XQ_Dy7YyQLtCHcVKEgfYMw,,DHBW-Studium Bachelor of Science – Wirt­schafts­informatik Data Science Als starker Arbeitgeber und attrak­tives Aus­bildungs­unter­nehmen bieten wir viel­fältige und spannende Aus­bildungs- und Studien­plätze mit besten Über­nahme­chancen. Bereit für ein echt spannendes und abwechslungsreiches Studium? Wir machen dich fit für deine Zukunft in einer modernen Versicherung. Für den Studienstart am 01.09.2027 in Stuttgart suchen wir aufgeschlossene und motivierte Studierende. Original Stellenanzei…,https://www.adzuna.de/land/ad/5848380581?se=mgbBq0ql8RGXAogs0qzBDQ&utm_medium=api&utm_source=a4bcf954&v=B6CF060F9699A8ED4BF1347071E4D4B70094A488,2026-08-19T17:23:53Z,Adzuna::API::Response::Job,"{'label': 'Stellen aus Buchhaltung & Finanzwesen', '__CLASS__': 'Adzuna::API::Response::Category', 'tag': 'accounting-finance-jobs'}",0,DHBW-Studium Bachelor of Science – Wirtschaftsinformatik Data Science,,,,
"{'__CLASS__': 'Adzuna::API::Response::Location', 'display_name': 'Deutschland', 'area': ['Deutschland']}",5848402113,,"{'display_name': 'Dr. Ausbüttel GmbH & Co. KG', '__CLASS__': 'Adzuna::API::Response::Company'}",eyJhbGciOiJIUzI1NiJ9.eyJpIjoiNTg0ODQwMjExMyIsInMiOiJtZ2JCcTBxbDhSR1hBb2dzMHF6QkRRIn0.mWj3hn84bAjVV6R60HmbWq5wYqmev_BJYc3dgmW8uqQ,,"Head of AI & Data Science: Tragen Sie dazu bei, Wunden zu heilen, Innovationen zu fördern und Wachstum zu gestalten! Schwer heilende Wunden sind eine enorme Belastung für Patienten, Angehörige und Behandelnde. Machen Sie durch Ihr gestalterisches Mitwirken einen signifikanten Unterschied. Wir entwickeln Produkte und Services, um Wunden bezahlbar zu heilen. Als wachsendes, zukunftsorientiertes inhabergeführtes Familienunternehmen investieren und arbeiten wir mit langfristiger Perspektive statt m…",https://www.adzuna.de/land/ad/5848402113?se=mgbBq0ql8RGXAogs0qzBDQ&utm_medium=api&utm_source=a4bcf954&v=63CF7415C9F0B77C7B2242F8745EA39C603854BB,2026-08-19T17:29:11Z,Adzuna::API::Response::Job,"{'__CLASS__': 'Adzuna::API::Response::Category', 'tag': 'healthcare-nursing-jobs', 'label': 'Stellen aus Gesundheitswesen & Pflege'}",0,Head of AI & Data Science (m/w/d),,,,
"{'display_name': 'Deutschland', '__CLASS__': 'Adzuna::API::Response::Location', 'area': ['Deutschland']}",5840923521,,"{'__CLASS__': 'Adzuna::API::Response::Company', 'display_name': 'SVA System Vertrieb Alexander GmbH'}",eyJhbGciOiJIUzI1NiJ9.eyJzIjoibWdiQnEwcWw4UkdYQW9nczBxekJEUSIsImkiOiI1ODQwOTIzNTIxIn0.tH-CtPbWKV2UmZFA8TXt9NVbr1HMsOU10P43h19sA1g,,"Als eines der führenden Systemhäuser in Deutschland bieten wir Ihnen vielfältige Möglichkeiten in einem spannenden Berufsumfeld und einer wachsenden Branche Ihre berufliche Heimat zu finden. Bei uns haben Sie den Freiraum, innovative Lösungen zu entwickeln, die schon heute in die Zukunft reichen und sich langfristig bewähren. Verstärken Sie unser Team als System Engineer – Data Science (m/w/d) an einem unserer Standorte deutschlandweit . Data Science in der SVA vereint vier starke Bereiche: Gen…",https://www.adzuna.de/land/ad/5840923521?se=mgbBq0ql8RGXAogs0qzBDQ&utm_medium=api&utm_source=a4bcf954&v=52A3855A16BE314593BA95B0E7D320AE7AE7C4D5,2026-08-14T01:00:26Z,Adzuna::API::Response::Job,"{'label': 'Sonstige/Allgemeine Stellen', '__CLASS__': 'Adzuna::API::Response::Category', 'tag': 'other-general-jobs'}",0,System Engineer – Data Science (m/w/d),,,,
"{'area': ['Deutschland', 'Bayern', 'Erlangen-Höchstadt (Kreis)', 'Herzogenaurach'], '__CLASS__': 'Adzuna::API::Response::Location', 'display_name': 'Herzogenaurach, Erlangen-Höchstadt (Kreis)'}",5799243414,10.88109,"{'__CLASS__': 'Adzuna::API::Response::Company', 'display_name': 'Schaeffler Technologies AG&Co. KG'}",eyJhbGciOiJIUzI1NiJ9.eyJpIjoiNTc5OTI0MzQxNCIsInMiOiJtZ2JCcTBxbDhSR1hBb2dzMHF6QkRRIn0.SheRcxrFfupZA4kL0QsmWFzkMlsus6jDSJn0RMTExGI,49.56892,"Du bist technikbegeistert und voller Ideen, mit denen Du die Welt bewegen willst? Dann ist eine Ausbildung oder ein duales Studium bei Schaeffler genau das Richtige für Dich. Ohne unsere Produkte könnten Autos nicht fahren, Maschinen nicht laufen und Flugzeuge nicht fliegen. Als führender Anbieter von Wälzlagern für sämtliche Industrien und wichtiger Partner im internationalen Automobilbau bietet Dir Schaeffler ein hervorragendes Umfeld für Deinen Start in die Berufswelt. Ausbildungsschwerpunkt…",https://www.adzuna.de/land/ad/5799243414?se=mgbBq0ql8RGXAogs0qzBDQ&utm_medium=api&utm_source=a4bcf954&v=31FD5B2497C9352AD9EC7826D671B164F8108EE9,2026-07-14T01:36:59Z,Adzuna::API::Response::Job,"{'label': 'Teilzeitstellen', '__CLASS__': 'Adzuna::API::Response::Category', 'tag': 'part-time-jobs'}",0,Duales Studium (DHBW) - Data Science und künstliche Intelligenz (d/m/w) 2027,,,,
"{'display_name': 'Freiburg im Breisgau, Baden-Württemberg', '__CLASS__': 'Adzuna::API::Response::Location', 'area': ['Deutschland', 'Baden-Württemberg', 'Freiburg im Breisgau']}",5813864350,7.816286,"{'display_name': 'Komm.ONE AöR', '__CLASS__': 'Adzuna::API::Response::Company'}",eyJhbGciOiJIUzI1NiJ9.eyJpIjoiNTgxMzg2NDM1MCIsInMiOiJtZ2JCcTBxbDhSR1hBb2dzMHF6QkRRIn0.9u1xrHgHbY3tYZ4cQbUEMi031DDsjhF6to5wWWHddJY,47.999458,"Deine Aufgaben: Studierenden der Komm.ONE werden fundierte Kenntnisse im Bereich der Betriebswirtschaftslehre und Informatik vermittelt. Beispiele für die vielfältigen Einsatzgebiete von Wirtschaftsinformatikern sind die Entwicklung moderner Informationssysteme, die Optimierung komplexer Geschäftsprozesse oder die Leitung interner oder externer Projekte. Um die Komm.ONE kennen zu lernen und erste Kontakte zu knüpfen, beginnst du bei uns im Betrieb mit einem Vorpraktikum bereits zum 1. September…",https://www.adzuna.de/land/ad/5813864350?se=mgbBq0ql8RGXAogs0qzBDQ&utm_medium=api&utm_source=a4bcf954&v=3E53C66DF757775099A42CF46B6C4A01BF6C1B85,2026-07-24T15:12:04Z,Adzuna::API::Response::Job,"{'label': 'Teilzeitstellen', 'tag': 'part-time-jobs', '__CLASS__': 'Adzuna::API::Response::Category'}",0,Duales Studium Data Science und Künstliche Intelligenz (B.Sc.) (m/w/d),,,,
"{'display_name': 'Karlsruhe, Karlsruhe (Kreis)', '__CLASS__': 'Adzuna::API::Response::Location', 'area': ['Deutschland', 'Baden-Württemberg', 'Karlsruhe (Kreis)', 'Karlsruhe']}",5750383006,8.412378,"{'display_name': 'BGV-Versicherung AG', '__CLASS__': 'Adzuna::API::Response::Company'}",eyJhbGciOiJIUzI1NiJ9.eyJpIjoiNTc1MDM4MzAwNiIsInMiOiJtZ2JCcTBxbDhSR1hBb2dzMHF6QkRRIn0.00DTngvEs9EeoAssforVqUCwmfnJ-uYItCSyqei_N8Q,49.001249,"Darauf kannst du dich freuen: Wechsel zwischen Theoriephasen an der DHBW Karlsruhe und Praxiseinsätzen bei uns im Unternehmen Mitarbeit in spannenden Projekten mit direktem Bezug zur Praxis Einblicke in verschiedene Unternehmensbereiche und interdisziplinäre Zusammenarbeit Moderne Arbeitsumgebung, offene Unternehmenskultur und individuelle Betreuung Sehr gute Entwicklungschancen nach deinem Studium Einführungsmonat/Vorpraktikum bereits vor dem 1.10. Rotationsplan mit Wunsch-Stationen (deine per…",https://www.adzuna.de/land/ad/5750383006?se=mgbBq0ql8RGXAogs0qzBDQ&utm_medium=api&utm_source=a4bcf954&v=7E7AD6C30237192E5985785B15D37062E1183FCF,2026-06-03T11:37:34Z,Adzuna::API::Response::Job,"{'tag': 'part-time-jobs', '__CLASS__': 'Adzuna::API::Response::Category', 'label': 'Teilzeitstellen'}",0,Bachelor of Science (m/w/d) – Data Science und Künstliche Intelligenz 2026,,,,
"{'__CLASS__': 'Adzuna::API::Response::Location', 'display_name': 'Deutschland', 'area': ['Deutschland']}",5848407162,,"{'display_name': 'Wolters Kluwer Tax & Accounting Deutschland GmbH', '__CLASS__': 'Adzuna::API::Response::Company'}",eyJhbGciOiJIUzI1NiJ9.eyJpIjoiNTg0ODQwNzE2MiIsInMiOiJtZ2JCcTBxbDhSR1hBb2dzMHF6QkRRIn0.idb6PCq19cyYoeUo8US8LgSbXe1gPh87qwjVu1MdcXw,,"Seit über 180 Jahren unterstützen wir Unternehmen weltweit dabei, Arbeitsprozesse einfacher, effizienter und zukunftssicher zu gestalten. Mit Niederlassungen in über 40 Ländern und Kunden in mehr als 180 Märkten sind wir ein globaler Partner für Fachwissen und Technologie. Unsere Lösungen verbinden tiefgehendes Know-how mit innovativen Technologien – inklusive moderner KI-Funktionen – und helfen unseren Kunden, ihre größten Herausforderungen erfolgreich zu meistern. Mehr als 21.000 Kolleginnen …",https://www.adzuna.de/land/ad/5848407162?se=mgbBq0ql8RGXAogs0qzBDQ&utm_medium=api&utm_source=a4bcf954&v=07FFC8B1A9E5A6FFC3C366EAF024E66A8532AE90,2026-08-19T17:30:29Z,Adzuna::API::Response::Job,"{'tag': 'it-jobs', '__CLASS__': 'Adzuna::API::Response::Category', 'label': 'IT-Stellen'}",0,Duales Studium Bachelor der Wirtschaftsinformatik - Data Science (m/w/d),,,,
"{'display_name': 'Hannover, Region Hannover (Kreis)', '__CLASS__': 'Adzuna::API::Response::Location', 'area': ['Deutschland', 'Niedersachsen', 'Region Hannover (Kreis)', 'Hannover']}",5750354685,9.742751,"{'__CLASS__': 'Adzuna::API::Response::Company', 'display_name': 'HDI AG'}",eyJhbGciOiJIUzI1NiJ9.eyJpIjoiNTc1MDM1NDY4NSIsInMiOiJtZ2JCcTBxbDhSR1hBb2dzMHF6QkRRIn0.iKCH0DfYSJiCpL1D3BVXCLgje4FR97Rzja-0apQECJY,52.378818,"Deine Aufgaben Du möchtest nicht nur Daten analysieren, sondern verstehen, wie aus Daten wertvolle Erkenntnisse entstehen, die die digitale Zukunft der HDI Group gestalten? Die 21-monatige IT-Ausbildung kombiniert praktische Arbeit im Bereich Data Science mit theoretischem Wissen, das Du im Studiengang Business Data Analytics mit Schwerpunkt KI an der FHDW in Hannover erwirbst. Du arbeitest an spannenden Projekten rund um AI, GenAI, Machine Learning, und Cloud-Services. Du entwickelst Lösungen,…",https://www.adzuna.de/land/ad/5750354685?se=mgbBq0ql8RGXAogs0qzBDQ&utm_medium=api&utm_source=a4bcf954&v=39F93B861DD047CB54862321D0BC487CCA6F0BA4,2026-06-03T11:33:01Z,Adzuna::API::Response::Job,"{'tag': 'part-time-jobs', '__CLASS__': 'Adzuna::API::Response::Category', 'label': 'Teilzeitstellen'}",0,Duales Studium Business Data Analytics (M.Sc.) mit Schwerpunkt KI - Einstieg Data Science,,,,
"{'__CLASS__': 'Adzuna::API::Response::Location', 'display_name': 'Stuttgart, Baden-Württemberg', 'area': ['Deutschland', 'Baden-Württemberg', 'Stuttgart']}",5831911265,9.187224,"{'display_name': 'Creditplus Bank AG', '__CLASS__': 'Adzuna::API::Response::Company'}",eyJhbGciOiJIUzI1NiJ9.eyJpIjoiNTgzMTkxMTI2NSIsInMiOiJtZ2JCcTBxbDhSR1hBb2dzMHF6QkRRIn0.V6JuoyHhO0pW5zDcwTBc4GFUf20Lxgbdl4MAHOYG90s,48.776198,"Wir machen Wünsche machbar – unsere Mission ist es, das Leben unserer Kunden zu bereichern und mit unseren Finanzdienstleistungen Träume zu verwirklichen. Wir verstehen uns nicht als typische Bank, sondern als lebendige Gemeinschaft von Gestaltern, die keine Angst davor haben, neue Wege zu gehen . Dabei setzen wir uns alle auch noch für Themen mit Impact wie Nachhaltigkeit und Digitalisierung ein – ob in unserer Zentrale in Stuttgart, an unserem Standort in Offenbach oder deutschlandweit in uns…",https://www.adzuna.de/land/ad/5831911265?se=mgbBq0ql8RGXAogs0qzBDQ&utm_medium=api&utm_source=a4bcf954&v=0F381C861348B56FCD93A88365EFBA33B7043329,2026-08-07T12:52:19Z,Adzuna::API::Response::Job,"{'tag': 'other-general-jobs', '__CLASS__': 'Adzuna::API::Response::Category', 'label': 'Sonstige/Allgemeine Stellen'}",0,Data Science Manager (m/w/d) Project & Operational Development,,,,
"{'__CLASS__': 'Adzuna::API::Response::Location', 'display_name': 'Karlsruhe, Karlsruhe (Kreis)', 'area': ['Deutschland', 'Baden-Württemberg', 'Karlsruhe (Kreis)', 'Karlsruhe']}",5793494282,8.412378,"{'display_name': 'Atruvia AG', '__CLASS__': 'Adzuna::API::Response::Company'}",eyJhbGciOiJIUzI1NiJ9.eyJzIjoibWdiQnEwcWw4UkdYQW9nczBxekJEUSIsImkiOiI1NzkzNDk0MjgyIn0.FmXpyS-B1X9HietCjqldy3WfDyCYoSKD3UCwVobhdj0,49.001249,"Gestalte die Zukunft mit KI– Starte dein Duales Studium im Bereich Data Science&Künstlicher Intelligenz! Du möchtest mit Daten arbeiten, smarte Lösungen entwickeln und herausfinden, wie KI den Alltag von Millionen Menschen erleichtern kann? Im dualen Studium Data Science&Künstliche Intelligenz bei Atruvia verbindest du Theorie und Praxis in einem der spannendsten IT-Bereicheüberhaupt. Deine Aufgaben: Entwickle KI-Lösungen: Du unterstützt bei der Entwicklung von Data-Science- und KI-Lösungen– vo…",https://www.adzuna.de/land/ad/5793494282?se=mgbBq0ql8RGXAogs0qzBDQ&utm_medium=api&utm_source=a4bcf954&v=55D0F7DC6645ECDA1D2B9247D973D80AD7DF0682,2026-07-09T02:54:13Z,Adzuna::API::Response::Job,"{'label': 'Teilzeitstellen', 'tag': 'part-time-jobs', '__CLASS__': 'Adzuna::API::Response::Category'}",0,"Duales Studium Data Science&Künstliche Intelligenz B.Sc. (m/w/d), Karlsruhe 2027",,,,
"{'area': ['Deutschland', 'Bayern', 'Regensburg (Kreis)', 'Regensburg'], '__CLASS__': 'Adzuna::API::Response::Location', 'display_name': 'Regensburg, Regensburg (Kreis)'}",5786127629,12.112321,"{'display_name': 'Siemens AG', '__CLASS__': 'Adzuna::API::Response::Company'}",eyJhbGciOiJIUzI1NiJ9.eyJzIjoibWdiQnEwcWw4UkdYQW9nczBxekJEUSIsImkiOiI1Nzg2MTI3NjI5In0.Y3CFKUoitKZ1xSNInYq_SjKvrVgUJlF93HdmKOuRa1E,49.022981,"Dein Berufsbild: Du möchtest irgendwas mit Mathe machen und in deinen Zukunftsplänen ist Digitalisierung vorprogrammiert? Dann entscheide dich für den dualen Studiengang Künstliche Intelligenz und Data Science zur Befähigung zur Elektrofachkraft (w/m/d) und werde zum*zur Administrator*in deiner Karriere. Zur täglichen Arbeit von technischen Informatiker*innen gehören Daten, Cloud und Echtzeitkommunikation, dazu hardwarenahe Programmierung und Automatisierung. Projektlösungen für die Digitalisie…",https://www.adzuna.de/land/ad/5786127629?se=mgbBq0ql8RGXAogs0qzBDQ&utm_medium=api&utm_source=a4bcf954&v=987EF2E6E89302F989CBC680D81CA74A1C09AA69,2026-07-03T01:17:13Z,Adzuna::API::Response::Job,"{'label': 'Teilzeitstellen', '__CLASS__': 'Adzuna::API::Response::Category', 'tag': 'part-time-jobs'}",0,Künstliche Intelligenz und Data Science (B.Sc.) mit Befähigung zur Elektrofachkraft (w/m/d) 2027,,,,
"{'display_name': 'Paderborn, Paderborn (Kreis)', '__CLASS__': 'Adzuna::API::Response::Location', 'area': ['Deutschland', 'Nordrhein-Westfalen', 'Paderborn (Kreis)', 'Paderborn']}",5750396620,8.753842,"{'display_name': 'Westfalen Weser Netz GmbH', '__CLASS__': 'Adzuna::API::Response::Company'}",eyJhbGciOiJIUzI1NiJ9.eyJzIjoibWdiQnEwcWw4UkdYQW9nczBxekJEUSIsImkiOiI1NzUwMzk2NjIwIn0.3lvjn-xd_MI_H5_Lga5fo3cwAJ6F24lWWbMbtBpNNN8,51.737096,Deine Aufga ben Als Bachelor of Science Wirtschaftsinformatik - Künstliche Intelligenz&Data Science (m/w/d) lernst du bei uns verschiedene Themengebiete kennen: Du analysierst Unternehmensdaten zielsicher und bereitest diese auf. Du sorgst für Datentransparenz im Unternehmen. Du arbeitest in Business Intelligence Projekten. Du setzt unsere Datenstrategie im Team um. Ausbildungsort: Paderborn Ausbildungsdauer: 6 Semester Partnerhochschule: Fachhochschule der Wirtschaft Fürstenallee 5 33102 Pader…,https://www.adzuna.de/land/ad/5750396620?se=mgbBq0ql8RGXAogs0qzBDQ&utm_medium=api&utm_source=a4bcf954&v=D056E22E56F35755F5E799EB89C67A14F64D0834,2026-06-03T11:42:34Z,Adzuna::API::Response::Job,"{'__CLASS__': 'Adzuna::API::Response::Category', 'tag': 'part-time-jobs', 'label': 'Teilzeitstellen'}",0,Duales Studium Bachelor of Science Wirtschaftsinformatik - KI&Data Science (m/w/d) 2026,,,,
"{'area': ['Deutschland'], 'display_name': 'Deutschland', '__CLASS__': 'Adzuna::API::Response::Location'}",5860644371,,"{'__CLASS__': 'Adzuna::API::Response::Company', 'display_name': 'Dr. Ausbüttel GmbH & Co. KG'}",eyJhbGciOiJIUzI1NiJ9.eyJpIjoiNTg2MDY0NDM3MSIsInMiOiJtZ2JCcTBxbDhSR1hBb2dzMHF6QkRRIn0.z0dfuUXsSciNq6aO0iA8zQptRGYwo7IgGPSdbAQVRiI,,"Head of AI & Data Science: Tragen Sie dazu bei, Wunden zu heilen, Innovationen zu fördern und Wachstum zu gestalten! Schwer heilende Wunden sind eine enorme Belastung für Patienten, Angehörige und Behandelnde. Machen Sie durch Ihr gestalterisches Mitwirken einen signifikanten Unterschied. Wir entwickeln Produkte und Services, um Wunden bezahlbar zu heilen . klicken sie bewerben, für die volle Stellenbeschreibung",https://www.adzuna.de/land/ad/5860644371?se=mgbBq0ql8RGXAogs0qzBDQ&utm_medium=api&utm_source=a4bcf954&v=4A612C57ADBCB9A2A02095D7B44064C19F7C48CB,2026-08-29T04:53:31Z,Adzuna::API::Response::Job,"{'label': 'Stellen aus Wissenschaft & Qualitätssicherung', 'tag': 'scientific-qa-jobs', '__CLASS__': 'Adzuna::API::Response::Category'}",0,Head Of Ai & Data Science (m/w/d),,,,
"{'__CLASS__': 'Adzuna::API::Response::Location', 'display_name': 'Karlsruhe, Karlsruhe (Kreis)', 'area': ['Deutschland', 'Baden-Württemberg', 'Karlsruhe (Kreis)', 'Karlsruhe']}",5805425948,8.412378,"{'__CLASS__': 'Adzuna::API::Response::Company', 'display_name': 'Blue Yonder'}",eyJhbGciOiJIUzI1NiJ9.eyJpIjoiNTgwNTQyNTk0OCIsInMiOiJtZ2JCcTBxbDhSR1hBb2dzMHF6QkRRIn0.RlCBGw5ggp2Gx2Rh5lNRoemOL5GNJ0BeRtq5lHczfTQ,49.001249,"Overview The Data Science Consultant provides services that maximize the value of the customer’s business through data-driven insights and enhanced decision support. This role will be responsible for advising the customer and recommending software configuration alternatives and adapting the software that is configured to optimize the solution so that the customer may realize the maximum value from the software. Responsibilities: Perform data analysis to discover patterns, trends and anomalies i…",https://www.adzuna.de/details/5805425948?utm_medium=api&utm_source=a4bcf954,2026-07-18T00:48:17Z,Adzuna::API::Response::Job,"{'label': 'Beraterstellen', 'tag': 'consultancy-jobs', '__CLASS__': 'Adzuna::API::Response::Category'}",0,Data Science Consultant,full_time,,,
"{'area': ['Deutschland', 'Bayern', 'Regensburg (Kreis)', 'Regensburg'], '__CLASS__': 'Adzuna::API::Response::Location', 'display_name': 'Regensburg, Regensburg (Kreis)'}",5827040729,12.112321,"{'display_name': 'BSH Hausgeräte Gruppe', '__CLASS__': 'Adzuna::API::Response::Company'}",eyJhbGciOiJIUzI1NiJ9.eyJpIjoiNTgyNzA0MDcyOSIsInMiOiJtZ2JCcTBxbDhSR1hBb2dzMHF6QkRRIn0.LNp4_Irj7ne__EATlEAlLiydMQoqrfVuG7ZVDZsvIPo,49.022981,"Wir begleiten dich auf dem Weg zum Traumberuf. Als führender Hausgerätehersteller in Europa bilden wir junge Menschen in Berufen aus, die zu ihnen passen und sie erfüllen. Mit unserem Portfolio an Marken – unter anderem Bosch, Siemens, Gaggenau und Neff – bieten wir Nachwuchskräften spannende Aufgaben und die Möglichkeit, von Anfang an Verantwortung zu übernehmen. Ob im Bereich Klimaschutz, Innovation oder Fairness – wir setzen uns gemeinsam mit dir für eine nachhaltige Zukunft ein. Spannende L…",https://www.adzuna.de/land/ad/5827040729?se=mgbBq0ql8RGXAogs0qzBDQ&utm_medium=api&utm_source=a4bcf954&v=FCA8F719DDE798ADB9C8321DB19DF7049BE816DF,2026-08-04T00:56:58Z,Adzuna::API::Response::Job,"{'label': 'Stellen für Hochschulabsolventen', 'tag': 'graduate-jobs', '__CLASS__': 'Adzuna::API::Response::Category'}",0,Duales Studium Master Informatik - AI & Data Science (M.Sc.) 2027,,,,
"{'area': ['Deutschland'], '__CLASS__': 'Adzuna::API::Response::Location', 'display_name': 'Deutschland'}",5848390106,,"{'display_name': 'HENSOLDT', '__CLASS__': 'Adzuna::API::Response::Company'}",eyJhbGciOiJIUzI1NiJ9.eyJzIjoibWdiQnEwcWw4UkdYQW9nczBxekJEUSIsImkiOiI1ODQ4MzkwMTA2In0.5HNfuH0MJ-KqQtJ6FFoET4D8m_V6z0ZzXUJ6RgMsz2A,,"HENSOLDT ist ein führendes europäisches Hightech-Unternehmen der Verteidigungs- und Sicherheitsindustrie mit Sitz in Taufkirchen bei München. Das Unternehmen entwickelt Sensorlösungen, Elektronik und Software für die Bereiche Luft, Land, See, Cyber und Weltraum und unterstützt Streitkräfte weltweit dabei, Bedrohungen frühzeitig zu erkennen und fundierte operative Entscheidungen zu treffen. Aufbauend auf jahrzehntelanger Erfahrung in missionskritischer Sensorik verbindet HENSOLDT Radar-, Optroni…",https://www.adzuna.de/land/ad/5848390106?se=mgbBq0ql8RGXAogs0qzBDQ&utm_medium=api&utm_source=a4bcf954&v=9D4AD071FC18ADAA93DF2212583EF2122000033B,2026-08-19T17:26:10Z,Adzuna::API::Response::Job,"{'label': 'Unknown', 'tag': 'unknown', '__CLASS__': 'Adzuna::API::Response::Category'}",0,"Duales Studium: ""Data Science & künstliche Intelligenz"" (w/m/d), Ulm, Start 2027",,,,
"{'area': ['Deutschland', 'Baden-Württemberg', 'Karlsruhe (Kreis)', 'Karlsruhe'], '__CLASS__': 'Adzuna::API::Response::Location', 'display_name': 'Karlsruhe, Karlsruhe (Kreis)'}",5855308446,8.412378,"{'__CLASS__': 'Adzuna::API::Response::Company', 'display_name': 'VBL. Versorgungsanstalt des Bundes und der Länder'}",eyJhbGciOiJIUzI1NiJ9.eyJzIjoibWdiQnEwcWw4UkdYQW9nczBxekJEUSIsImkiOiI1ODU1MzA4NDQ2In0.FjFSZUG57fZA9xCosa_zic5PqHbfjR95iopLnFOuWgA,49.001249,"Die VBL mit Sitz in Karlsruhe ist Deutschlands größte Zusatzversorgungseinrichtung für Beschäftigte des öffentlichen Dienstes und betreut circa 5,4 Mio. Versicherte und circa 1,5 Mio. Rentenberechtigte. Sie begeistern sich für Daten, digitale Technologien und intelligente Systeme? Dann verbinden Sie Theorie und Praxis in einem zukunftsweisenden dualen Studium bei der VBL. Ab sofort suchen wir einen Studierenden für 2027. Duales Studium (B.Sc.) – Data Science und Künstliche Intelligenz (m/w/d) J…",https://www.adzuna.de/land/ad/5855308446?se=mgbBq0ql8RGXAogs0qzBDQ&utm_medium=api&utm_source=a4bcf954&v=55F206BF27204AB65AB05644F9F1D4FC8E8421F5,2026-08-25T12:57:12Z,Adzuna::API::Response::Job,"{'tag': 'graduate-jobs', '__CLASS__': 'Adzuna::API::Response::Category', 'label': 'Stellen für Hochschulabsolventen'}",0,Duales Studium (B.Sc.) – Data Science und Künstliche Intelligenz (m/w/d),,,,
"{'__CLASS__': 'Adzuna::API::Response::Location', 'display_name': 'Berlin, Deutschland', 'area': ['Deutschland', 'Berlin']}",5836581108,13.420806,"{'__CLASS__': 'Adzuna::API::Response::Company', 'display_name': 'Mercor'}",eyJhbGciOiJIUzI1NiJ9.eyJpIjoiNTgzNjU4MTEwOCIsInMiOiJtZ2JCcTBxbDhSR1hBb2dzMHF6QkRRIn0.AmrouqA4T3Ifl4F3lNw9HZXmgTrnu69NnvwuHdcC33s,52.507706,"About the job Mercor connects elite creative and technical talent with leading AI research labs. Headquartered in San Francisco, our investors include Benchmark , General Catalyst , Peter Thiel , Adam D'Angelo , Larry Summers , and Jack Dorsey . Position: Data Science and Analytics Experts Type: Contract Compensation: $60–$70/hour Location: Remote Role Responsibilities Construct enterprise data science scenarios for large-scale predictive modeling and multi-stakeholder analytics governance at F…",https://www.adzuna.de/details/5836581108?utm_medium=api&utm_source=a4bcf954,2026-08-11T12:29:53Z,Adzuna::API::Response::Job,"{'label': 'Unknown', 'tag': 'unknown', '__CLASS__': 'Adzuna::API::Response::Category'}",0,Enterprise Data Science Specialist,,,,
"{'display_name': 'Köln, Nordrhein-Westfalen', '__CLASS__': 'Adzuna::API::Response::Location', 'area': ['Deutschland', 'Nordrhein-Westfalen', 'Köln']}",5843635016,6.969972,"{'__CLASS__': 'Adzuna::API::Response::Company', 'display_name': 'Meyerthole Siems Kohlruss Ges. für aktuarielle Beratung mbH'}",eyJhbGciOiJIUzI1NiJ9.eyJzIjoibWdiQnEwcWw4UkdYQW9nczBxekJEUSIsImkiOiI1ODQzNjM1MDE2In0.z_0sXt0WUHvpGLJrpUyfd5NdAHs7v6KG0I7uO0pPhSo,50.940164,"Meyerthole Siems Kohlruss (MSK) ist eine aktuarielle Beratungsgesellschaft mit Sitz in Köln und seit 1998 im deutschsprachigen Raum für Schaden- und Unfallversicherer tätig. Unsere Schwerpunkte liegen auf abwechslungsreichen Aufgaben aus den Bereichen Data Science, Telematik, Pricing, Naturgefahren, Bilanzbewertung, Rückversicherung und Solvency II. Wir widmen uns Zukunftsthemen, entwickeln maßgeschneiderte Lösungen am Puls der Zeit. Zu unseren Mandanten zählen sowohl etablierte Versicherer als…",https://www.adzuna.de/land/ad/5843635016?se=mgbBq0ql8RGXAogs0qzBDQ&utm_medium=api&utm_source=a4bcf954&v=FC34432F8F1EA4757C968380D31761046B387AA2,2026-08-16T01:18:46Z,Adzuna::API::Response::Job,"{'label': 'Sonstige/Allgemeine Stellen', 'tag': 'other-general-jobs', '__CLASS__': 'Adzuna::API::Response::Category'}",0,Mathematiker/Aktuar (d/m/w) Data Science/Pricing/Risikomanagement/Solvency II,,,,
"{'display_name': 'Hürth, Rhein-Erft-Kreis', '__CLASS__': 'Adzuna::API::Response::Location', 'area': ['Deutschland', 'Nordrhein-Westfalen', 'Rhein-Erft-Kreis', 'Hürth']}",5727333234,6.86811,"{'__CLASS__': 'Adzuna::API::Response::Company', 'display_name': 'Skopos Group'}",eyJhbGciOiJIUzI1NiJ9.eyJzIjoibWdiQnEwcWw4UkdYQW9nczBxekJEUSIsImkiOiI1NzI3MzMzMjM0In0.32eRBxJf-rwkvJ9YuC_jQQ2id2BGb5fAjhYlvpYkTr4,50.87096,"Das sind wir Daten sind für uns nicht gleich Daten. Du teilst unsere Mission ""Mehr aus Daten rausholen""? Dann bist Du als Newbie oder erfahrenes Data Science Talent bei uns mehr als willkommen! Bei SKOPOS ELEMENTS unterstützen talentierte Data Scientists zukunftsorientierte Unternehmen und Menschen bei ihrem Weg zur Data Driven Company. Als Teil der SKOPOS GROUP sind wir seit 1995 führender Anbieter in der Marktforschung und beschäftigen aktuell über 140 Mitarbeitende. Begleite unser Wachstum u…",https://www.adzuna.de/details/5727333234?utm_medium=api&utm_source=a4bcf954,2026-05-12T23:14:56Z,Adzuna::API::Response::Job,"{'label': 'Unknown', '__CLASS__': 'Adzuna::API::Response::Category', 'tag': 'unknown'}",0,Initiativbewerbung Data Science / BI,full_time,,,
"{'area': ['Deutschland', 'Berlin'], 'display_name': 'Berlin, Deutschland', '__CLASS__': 'Adzuna::API::Response::Location'}",5784246611,13.420806,"{'display_name': 'Peec AI', '__CLASS__': 'Adzuna::API::Response::Company'}",eyJhbGciOiJIUzI1NiJ9.eyJzIjoiaUN2R3JFcWw4UkctNjZUbWF3cGlGZyIsImkiOiI1Nzg0MjQ2NjExIn0.2Na4uUYmMXOv2CwMyMG2VHqV5rxqEqrtPSlcJzpZQf0,52.507706,"What you’ll do Build, mentor, and lead an elite data science team as a trusted, empathetic player-coach, while clearly communicating complex technical ideas to executives, customers, and partners Personally design, train, deploy, and own the models that power Peec AI’s AI Search recommendations, taking hands-on responsibility for our most business-critical ML systems Develop and ship novel algorithms that reverse-engineer AI search and LLM behavior, turning deep technical insight into durable, …",https://www.adzuna.de/details/5784246611?utm_medium=api&utm_source=a4bcf954,2026-07-01T22:58:19Z,Adzuna::API::Response::Job,"{'tag': 'it-jobs', 'label': 'IT-Stellen', '__CLASS__': 'Adzuna::API::Response::Category'}",0,Engineering Manager (Data Science),full_time,120000.0,160000.0,
"{'display_name': 'Deutschland', '__CLASS__': 'Adzuna::API::Response::Location', 'area': ['Deutschland']}",5853714510,,"{'display_name': 'Just Eat', '__CLASS__': 'Adzuna::API::Response::Company'}",eyJhbGciOiJIUzI1NiJ9.eyJzIjoiaUN2R3JFcWw4UkctNjZUbWF3cGlGZyIsImkiOiI1ODUzNzE0NTEwIn0.p1yHxGPUlb_HlWFZTs7yyn7g4H3YlJsrfYt4xl5I3eE,,"Ready for a challenge? That’s good, because at Just Eat Takeaway.com (JET) we have abundant opportunity, or, as we say, everything is on the table. We are a leading global online food delivery marketplace. Our tech ecosystem connects millions of active customers with hundreds of thousands of connected partners in countries across the globe. Our mission? To empower every food moment around the world, whether it’s through customer service, coding or couriers. About this role As the Senior Team Le…",https://www.adzuna.de/details/5853714510?utm_medium=api&utm_source=a4bcf954,2026-08-23T17:34:44Z,Adzuna::API::Response::Job,"{'tag': 'unknown', '__CLASS__': 'Adzuna::API::Response::Category', 'label': 'Unknown'}",0,Data Science Team Leader,full_time,,,
"{'area': ['Deutschland', 'Niedersachsen', 'Wittmund (Kreis)', 'Blomberg'], 'display_name': 'Blomberg, Wittmund (Kreis)', '__CLASS__': 'Adzuna::API::Response::Location'}",5829025641,7.55838,"{'__CLASS__': 'Adzuna::API::Response::Company', 'display_name': 'Phoenix Contact GmbH & Co. KG'}",eyJhbGciOiJIUzI1NiJ9.eyJpIjoiNTgyOTAyNTY0MSIsInMiOiJpQ3ZHckVxbDhSRy02NlRtYXdwaUZnIn0.yN0G2koKl6JM2V7t4WFuvZr_91r0dYdU95X--XSMvb0,53.57559,"Als Industrieunternehmen sammeln wir an vielen Stellen wertvolle Daten – in kaufmännischen Abteilungen, in technischen Bereichen und direkt in der Produktion. Ihre Auswertung hilft uns dabei, Abläufe zu verbessern und effizienter zu gestalten. Dafür ist ein dauerhaftes und strukturiertes Datenmanagement unverzichtbar. Die Zukunft basiert auf der Analyse komplexer Daten. Nur wer diese richtig auswerten und interpretieren kann, sorgt für reibungslose Prozesse und treibt Innovationen voran. Durch …",https://www.adzuna.de/details/5829025641?utm_medium=api&utm_source=a4bcf954,2026-08-05T13:00:32Z,Adzuna::API::Response::Job,"{'__CLASS__': 'Adzuna::API::Response::Category', 'label': 'Unknown', 'tag': 'unknown'}",0,Duales Studium Data Science,,,,
"{'area': ['Deutschland', 'Bayern', 'Donau-Ries (Kreis)', 'Monheim'], 'display_name': 'Monheim, Donau-Ries (Kreis)', '__CLASS__': 'Adzuna::API::Response::Location'}",5672477950,10.85789,"{'__CLASS__': 'Adzuna::API::Response::Company', 'display_name': 'UCB'}",eyJhbGciOiJIUzI1NiJ9.eyJpIjoiNTY3MjQ3Nzk1MCIsInMiOiJpQ3ZHckVxbDhSRy02NlRtYXdwaUZnIn0.y7kXw3GEB7NMc0ejgZAsjkkct4z8T9zsi-pgD8tvDGs,48.84099,"Make your mark for patients To strengthen our Global Advanced Analytics team, we are looking for an adaptable, collaborative individual with an intrapreneurial mindset for our Analytics Lead opening . This hybrid role is based in our headquarters in Monheim, Germany requiring 40% onsite presence and 5-10% international/ domestic travel. About the role You will help to inform on the commercial viability of various assets in development. You will be responsible for making exceptional business imp…",https://www.adzuna.de/details/5672477950?utm_medium=api&utm_source=a4bcf954,2026-03-19T22:33:09Z,Adzuna::API::Response::Job,"{'tag': 'unknown', '__CLASS__': 'Adzuna::API::Response::Category', 'label': 'Unknown'}",0,Data Science Lead 1,,,,
"{'display_name': 'Deutschland', '__CLASS__': 'Adzuna::API::Response::Location', 'area': ['Deutschland']}",5848406530,,"{'__CLASS__': 'Adzuna::API::Response::Company', 'display_name': 'Creditplus Bank AG'}",eyJhbGciOiJIUzI1NiJ9.eyJzIjoiaUN2R3JFcWw4UkctNjZUbWF3cGlGZyIsImkiOiI1ODQ4NDA2NTMwIn0.VdBpCCVUiZNvUcoozhxJxQHFrcL95xPSSkQq1DamNT8,,"Wir machen Wünsche machbar – unsere Mission ist es, das Leben unserer Kund:innen zu bereichern und mit unseren Finanzdienstleistungen Träume zu verwirklichen. Wir verstehen uns nicht als typische Bank, sondern als lebendige Gemeinschaft von Gestalter:innen, die keine Angst davor haben, neue Wege zu gehen. Dabei setzen wir uns alle auch noch für Themen mit Impact wie Nachhaltigkeit und Digitalisierung ein – ob in unserer Zentrale in Stuttgart, an unserem Standort in Offenbach oder deutschlandwei…",https://www.adzuna.de/land/ad/5848406530?se=iCvGrEql8RG-66TmawpiFg&utm_medium=api&utm_source=a4bcf954&v=240D1ED696BEA5FC26B49518A47E8C74D7244096,2026-08-19T17:30:19Z,Adzuna::API::Response::Job,"{'__CLASS__': 'Adzuna::API::Response::Category', 'label': 'Stellen aus Buchhaltung & Finanzwesen', 'tag': 'accounting-finance-jobs'}",0,(Senior) Risk Manager (m/w/d) Modeling & Data Science - Fokus Retail Credit Risk,,,,
"{'area': ['Deutschland', 'Berlin'], '__CLASS__': 'Adzuna::API::Response::Location', 'display_name': 'Berlin, Deutschland'}",5835477251,13.420806,"{'__CLASS__': 'Adzuna::API::Response::Company', 'display_name': 'Mercor'}",eyJhbGciOiJIUzI1NiJ9.eyJzIjoiaUN2R3JFcWw4UkctNjZUbWF3cGlGZyIsImkiOiI1ODM1NDc3MjUxIn0.ToBMwZKMEsGM_kM-UUTaolEfxIq-RvYcuvk1EtGOxIU,52.507706,"About the job Mercor connects elite creative and technical talent with leading AI research labs. Headquartered in San Francisco, our investors include Benchmark , General Catalyst , Peter Thiel , Adam D'Angelo , Larry Summers , and Jack Dorsey . Position: Data Science and Analytics Experts Type: Contract Compensation: $60–$70/hour Location: Remote Role Responsibilities Construct enterprise data science scenarios for large-scale predictive modeling and multi-stakeholder analytics governance at F…",https://www.adzuna.de/details/5835477251?utm_medium=api&utm_source=a4bcf954,2026-08-10T12:30:38Z,Adzuna::API::Response::Job,"{'tag': 'unknown', 'label': 'Unknown', '__CLASS__': 'Adzuna::API::Response::Category'}",0,Data Science Expert - Fully Remote,,,,
"{'display_name': 'Berlin, Deutschland', '__CLASS__': 'Adzuna::API::Response::Location', 'area': ['Deutschland', 'Berlin']}",5836581118,13.420806,"{'display_name': 'Mercor', '__CLASS__': 'Adzuna::API::Response::Company'}",eyJhbGciOiJIUzI1NiJ9.eyJpIjoiNTgzNjU4MTExOCIsInMiOiJpQ3ZHckVxbDhSRy02NlRtYXdwaUZnIn0.yf4EMPlLcdimV4qsrd04sqOr-1pNOtXwTYB6-Rs1DXY,52.507706,"About the job Mercor connects elite creative and technical talent with leading AI research labs. Headquartered in San Francisco, our investors include Benchmark , General Catalyst , Peter Thiel , Adam D'Angelo , Larry Summers , and Jack Dorsey . Position: Data Science Expert Type: Contract Compensation: $120–$170/hour Location: Remote Role Responsibilities Design precise, task-specific grading criteria for real-world data science deliverables such as analyses, models, dashboards, and experiment…",https://www.adzuna.de/details/5836581118?utm_medium=api&utm_source=a4bcf954,2026-08-11T12:29:53Z,Adzuna::API::Response::Job,"{'label': 'Unknown', '__CLASS__': 'Adzuna::API::Response::Category', 'tag': 'unknown'}",0,Data Science Expert - AI Evaluation,,,,
"{'__CLASS__': 'Adzuna::API::Response::Location', 'display_name': 'Berlin, Deutschland', 'area': ['Deutschland', 'Berlin']}",5841712586,13.420806,"{'__CLASS__': 'Adzuna::API::Response::Company', 'display_name': 'Mercor'}",eyJhbGciOiJIUzI1NiJ9.eyJzIjoiaUN2R3JFcWw4UkctNjZUbWF3cGlGZyIsImkiOiI1ODQxNzEyNTg2In0.-2W19WU1lr1ayS6esMEp6S7yjbfU6r06uLtJ3O1zESA,52.507706,"About the job Mercor connects elite creative and technical talent with leading AI research labs. Headquartered in San Francisco, our investors include Benchmark , General Catalyst , Peter Thiel , Adam D'Angelo , Larry Summers , and Jack Dorsey . Position: Data Science Expert Type: Contract Compensation: $120–$170/hour Location: Remote Role Responsibilities Design precise, task-specific grading criteria for real-world data science deliverables such as analyses, models, dashboards, and experiment…",https://www.adzuna.de/details/5841712586?utm_medium=api&utm_source=a4bcf954,2026-08-14T12:32:59Z,Adzuna::API::Response::Job,"{'tag': 'unknown', 'label': 'Unknown', '__CLASS__': 'Adzuna::API::Response::Category'}",0,Data Science Specialist - Fully Remote,,,,
"{'display_name': 'Berlin, Deutschland', '__CLASS__': 'Adzuna::API::Response::Location', 'area': ['Deutschland', 'Berlin']}",5862103161,13.420806,"{'__CLASS__': 'Adzuna::API::Response::Company', 'display_name': 'Mercor'}",eyJhbGciOiJIUzI1NiJ9.eyJzIjoiaUN2R3JFcWw4UkctNjZUbWF3cGlGZyIsImkiOiI1ODYyMTAzMTYxIn0.uUXlmwVsTXDS7rTtz9DqcuoRYlQ8Sr6NCPeRE5u81mE,52.507706,"About the job Mercor connects elite creative and technical talent with leading AI research labs. Headquartered in San Francisco, our investors include Benchmark , General Catalyst , Peter Thiel , Adam D'Angelo , Larry Summers , and Jack Dorsey . Position: Data Science Expert Type: Contract Compensation: $120–$170/hour Location: Remote Role Responsibilities Design precise, task-specific grading criteria for real-world data science deliverables, including analyses, models, dashboards, and experim…",https://www.adzuna.de/details/5862103161?utm_medium=api&utm_source=a4bcf954,2026-08-30T12:37:07Z,Adzuna::API::Response::Job,"{'label': 'Unknown', '__CLASS__': 'Adzuna::API::Response::Category', 'tag': 'unknown'}",0,Data Science Expert - Evaluation Specialist,,,,
"{'area': ['Deutschland', 'Berlin'], '__CLASS__': 'Adzuna::API::Response::Location', 'display_name': 'Berlin, Deutschland'}",5840176653,13.420806,"{'display_name': 'Mercor', '__CLASS__': 'Adzuna::API::Response::Company'}",eyJhbGciOiJIUzI1NiJ9.eyJzIjoiaUN2R3JFcWw4UkctNjZUbWF3cGlGZyIsImkiOiI1ODQwMTc2NjUzIn0.neoZJgulk7QGYfVx1cWDtDPMqJCF8y-3blnXFu-JezM,52.507706,"About the job Mercor connects elite creative and technical talent with leading AI research labs. Headquartered in San Francisco, our investors include Benchmark , General Catalyst , Peter Thiel , Adam D'Angelo , Larry Summers , and Jack Dorsey . Position: Data Scientist Talent Network Type: Contract Compensation: $100–$150/hour Location: Remote Role Responsibilities Design precise, task-specific grading criteria for data science deliverables, including exploratory data analyses , statistical mo…",https://www.adzuna.de/details/5840176653?utm_medium=api&utm_source=a4bcf954,2026-08-13T12:31:57Z,Adzuna::API::Response::Job,"{'__CLASS__': 'Adzuna::API::Response::Category', 'label': 'Unknown', 'tag': 'unknown'}",0,Data Science Expert - Fully Remote,,,,
"{'display_name': 'Berlin, Deutschland', '__CLASS__': 'Adzuna::API::Response::Location', 'area': ['Deutschland', 'Berlin']}",5855248727,13.420806,"{'display_name': 'Mercor', '__CLASS__': 'Adzuna::API::Response::Company'}",eyJhbGciOiJIUzI1NiJ9.eyJpIjoiNTg1NTI0ODcyNyIsInMiOiJpQ3ZHckVxbDhSRy02NlRtYXdwaUZnIn0.A2jvjwxqYadDwtSdJTz_RHITc6ongoOnnLXh9KVnGyY,52.507706,"About the job Mercor connects elite creative and technical talent with leading AI research labs. Headquartered in San Francisco, our investors include Benchmark , General Catalyst , Peter Thiel , Adam D'Angelo , Larry Summers , and Jack Dorsey . Position: Data Scientist Talent Network Type: Contract Compensation: $100–$150/hour Location: Remote Role Responsibilities Design precise, task-specific grading criteria for data science deliverables. This includes exploratory data analyses , statistica…",https://www.adzuna.de/details/5855248727?utm_medium=api&utm_source=a4bcf954,2026-08-25T12:34:48Z,Adzuna::API::Response::Job,"{'tag': 'unknown', '__CLASS__': 'Adzuna::API::Response::Category', 'label': 'Unknown'}",0,Data Science Expert - Fully Remote,,,,
"{'display_name': 'München, München (Kreis)', '__CLASS__': 'Adzuna::API::Response::Location', 'area': ['Deutschland', 'Bayern', 'München (Kreis)', 'München']}",5847753306,11.555737,{'__CLASS__': 'Adzuna::API::Response::Company'},eyJhbGciOiJIUzI1NiJ9.eyJzIjoiaUN2R3JFcWw4UkctNjZUbWF3cGlGZyIsImkiOiI1ODQ3NzUzMzA2In0.THzJQaHP5xEUoWDWhA_UImECXCmYepw13NwD1g2RM8Y,48.137418,"Wir sind über 14.000. An 20 Standorten weltweit. Jedes dritte Flugzeug fliegt mit unserer Technologie. Immer effizienter, leiser, nachhaltiger. Wir gestalten die Zukunft der Luftfahrt. Was wir noch brauchen? Dich. Bei der Instandhaltung von Flugzeugtriebwerken entstehen eine Vielzahl verschiedenster Daten. Erst wenn diese Informationen aufbereitet, geprüft und zusammengeführt sind, können Erkenntnisse und Entscheidungen daraus abgeleitet werden. Unser Team ist integraler Bestandteil der Digital…",https://www.adzuna.de/details/5847753306?utm_medium=api&utm_source=a4bcf954,2026-08-19T05:13:06Z,Adzuna::API::Response::Job,"{'tag': 'it-jobs', 'label': 'IT-Stellen', '__CLASS__': 'Adzuna::API::Response::Category'}",0,Werkstudent Data Science / Data Engineering (all genders),,,,
"{'display_name': 'Frankenthal, Bautzen (Kreis)', '__CLASS__': 'Adzuna::API::Response::Location', 'area': ['Deutschland', 'Sachsen', 'Bautzen (Kreis)', 'Frankenthal']}",5299866746,14.10731,"{'display_name': 'KSB', '__CLASS__': 'Adzuna::API::Response::Company'}",eyJhbGciOiJIUzI1NiJ9.eyJpIjoiNTI5OTg2Njc0NiIsInMiOiJpQ3ZHckVxbDhSRy02NlRtYXdwaUZnIn0.k_8PdP89wpHFthx-Aofv-qlj1Ihhp2lu0cg7uFnQiLQ,51.13209,"Unterstützen Sie uns im Rahmen eines Praktikums/einer Abschlussarbeit im Bereich Data Science. Studium/Fachrichtung | Mathematik, Statistik, Data Science, Informatik, Physik oder vglb. Studiengänge Einsatzbereich | Praktikum/Abschlussarbeit im Bereich Data Science Dauer | 3-6 Monate Bestens gefordert | Wir suchen motivierte Studierende, die sich unserem Data Science Team für ein Pflichtpraktikum und/oder eine Bachelor-/Masterarbeit (3-6 Monate) anschließen möchten. Bei uns können Sie praktische…",https://www.adzuna.de/details/5299866746?utm_medium=api&utm_source=a4bcf954,2025-07-12T22:07:55Z,Adzuna::API::Response::Job,"{'__CLASS__': 'Adzuna::API::Response::Category', 'label': 'Unknown', 'tag': 'unknown'}",0,Praktikum/Abschlussarbeit im Bereich Data Science,,,,
"{'area': ['Deutschland'], '__CLASS__': 'Adzuna::API::Response::Location', 'display_name': 'Deutschland'}",5858374376,,"{'display_name': 'Jobgether', '__CLASS__': 'Adzuna::API::Response::Company'}",eyJhbGciOiJIUzI1NiJ9.eyJzIjoiaUN2R3JFcWw4UkctNjZUbWF3cGlGZyIsImkiOiI1ODU4Mzc0Mzc2In0.4oNRzVLe4wtD8HdwUW7azWrNrv4YD6KXobclqLnHj3w,,"This position is listed on behalf of a partner company, who manages all applications and next steps. Our partner is looking for a Director of Operations, Data Science based in Germany. This is a senior, cross-functional role connecting business strategy, data science, technology, and client delivery. You will help turn complex data and analytical capabilities into practical solutions that improve business performance. The role combines operational leadership with product-oriented thinking and h…",https://www.adzuna.de/details/5858374376?utm_medium=api&utm_source=a4bcf954,2026-08-27T17:26:38Z,Adzuna::API::Response::Job,"{'tag': 'unknown', 'label': 'Unknown', '__CLASS__': 'Adzuna::API::Response::Category'}",0,"Director of Operations, Data Science",full_time,,,
"{'__CLASS__': 'Adzuna::API::Response::Location', 'display_name': 'Berlin, Deutschland', 'area': ['Deutschland', 'Berlin']}",5788539455,13.420806,"{'display_name': 'Prior Labs', '__CLASS__': 'Adzuna::API::Response::Company'}",eyJhbGciOiJIUzI1NiJ9.eyJpIjoiNTc4ODUzOTQ1NSIsInMiOiJpQ3ZHckVxbDhSRy02NlRtYXdwaUZnIn0.Wm4GInWpWXPyG1SHEYfEaKZL1-YwgIF0cDHuV3V5Zt0,52.507706,"Who we are Foundation models transformed text and images. Structured data - the largest and most consequential data format in the world - stayed untouched, until now. What LLMs did for language, we're doing for tables. We pioneered tabular foundation models: TabPFN v2 was a Nature cover story, has passed 3.5M downloads and 7,500 GitHub stars, and runs in production from detecting lung disease with Oxford Cancer Analytics to preventing train failures with Hitachi . The hardest problems - million…",https://www.adzuna.de/details/5788539455?utm_medium=api&utm_source=a4bcf954,2026-07-05T00:49:56Z,Adzuna::API::Response::Job,"{'label': 'Unknown', '__CLASS__': 'Adzuna::API::Response::Category', 'tag': 'unknown'}",0,"Research Scientist, Foundational Data Science",full_time,,,
"{'area': ['Deutschland', 'Bayern', 'München (Kreis)', 'München', 'Allach-Untermenzing'], '__CLASS__': 'Adzuna::API::Response::Location', 'display_name': 'Allach-Untermenzing, München'}",5778269339,11.44811,"{'display_name': 'Guldberg', '__CLASS__': 'Adzuna::API::Response::Company'}",eyJhbGciOiJIUzI1NiJ9.eyJpIjoiNTc3ODI2OTMzOSIsInMiOiJpQ3ZHckVxbDhSRy02NlRtYXdwaUZnIn0.-10VjVmHAE9YKNS591Y6gfdyQBRQ80XnU4SHr7VaN3g,48.18449,"Für den Standort München suchen wir: Projektmanager – Data Analytics / Data Science Ihre Aufgaben: Planung, Steuerung und Umsetzung datengetriebener Use Cases und Projekte über den gesamten Lifecycle Projektmanagement im Data-/Analytics-Umfeld (Termine, Budget, Risiken, Ressourcen) Zusammenarbeit mit Data Scientists, Data Analysts, Data Engineers, Product Ownern und Fachbereichen Übersetzung fachlicher Anforderungen in analytische Lösungsansätze Steuerung interner und externer Projektbeteiligte…",https://www.adzuna.de/details/5778269339?utm_medium=api&utm_source=a4bcf954,2026-06-26T23:23:03Z,Adzuna::API::Response::Job,"{'tag': 'pr-advertising-marketing-jobs', '__CLASS__': 'Adzuna::API::Response::Category', 'label': 'Stellen aus PR, Werbung & Marketing'}",0,Projektmanager – Data Analytics / Data Science,full_time,,,
"{'display_name': 'Deutschland', '__CLASS__': 'Adzuna::API::Response::Location', 'area': ['Deutschland']}",5745959926,,"{'display_name': 'Finmid', '__CLASS__': 'Adzuna::API::Response::Company'}",eyJhbGciOiJIUzI1NiJ9.eyJpIjoiNTc0NTk1OTkyNiIsInMiOiJpQ3ZHckVxbDhSRy02NlRtYXdwaUZnIn0.68VnfkDYdmMnyENHAZHAlBrSvCQqkhHZH6OkK6UnnEU,,"About finmid finmid 's mission is to enable software companies to reimagine how their business customers access capital. By productizing the complexity of financial services, finmid empowers companies to offer financial services where FinTech isn't the mission but enables the mission. About the opportunity We are looking for a Data Science Intern to join our Data team. This is an exciting opportunity for someone early in their career who is hungry to learn and build. You’ll work closely with th…",https://www.adzuna.de/details/5745959926?utm_medium=api&utm_source=a4bcf954,2026-05-30T23:27:29Z,Adzuna::API::Response::Job,"{'__CLASS__': 'Adzuna::API::Response::Category', 'label': 'Unknown', 'tag': 'unknown'}",0,Data Science Intern (FT Potential),full_time,,,
"{'area': ['Deutschland', 'Berlin', 'Mitte'], 'display_name': 'Mitte, Berlin', '__CLASS__': 'Adzuna::API::Response::Location'}",5798295689,13.38475,"{'display_name': 'Stark', '__CLASS__': 'Adzuna::API::Response::Company'}",eyJhbGciOiJIUzI1NiJ9.eyJpIjoiNTc5ODI5NTY4OSIsInMiOiJpQ3ZHckVxbDhSRy02NlRtYXdwaUZnIn0.vpaUUB_81YGTGJcJWu_3AElKOrQnRrPpgmaxfv6ovQo,52.51551,"About Us STARK is a new kind of defence technology company revolutionising the way autonomous systems are deployed across multiple domains. We design, develop and manufacture high-performance unmanned systems that are software-defined, mass-scalable and cost-effective. This provides our operators with a decisive edge in highly contested environments. We’re focused on delivering deployable, high-performance systems—not future promises. In a time of rising threats, STARK is bolstering the technol…",https://www.adzuna.de/details/5798295689?utm_medium=api&utm_source=a4bcf954,2026-07-13T00:10:55Z,Adzuna::API::Response::Job,"{'tag': 'unknown', '__CLASS__': 'Adzuna::API::Response::Category', 'label': 'Unknown'}",0,Data Science Intern (all genders),part_time,,,
"{'display_name': 'Düsseldorf, Nordrhein-Westfalen', '__CLASS__': 'Adzuna::API::Response::Location', 'area': ['Deutschland', 'Nordrhein-Westfalen', 'Düsseldorf']}",5806562856,6.808387,"{'__CLASS__': 'Adzuna::API::Response::Company', 'display_name': 'jobvector'}",eyJhbGciOiJIUzI1NiJ9.eyJpIjoiNTgwNjU2Mjg1NiIsInMiOiJpQ3ZHckVxbDhSRy02NlRtYXdwaUZnIn0.3O6IOiLxZ4ogkWhvO0Yv59J-TN1gEiMOXbP7lCN5PkQ,51.226802,"Du hast Lust auf diese Aufgaben Du unterstützt uns im Bereich Data Engineering bei der Erweiterung von Data Pipelines / ETL-Prozessen, z.B. mit Airflow, dbt und Kafka. Du arbeitest in unserer Google Cloud Umgebung und nutzt dabei Services wie BigQuery. Du kombinierst Daten aus internen und externen Quellen und bereitest sie zu einem analytischen Datensatz auf. Du visualisierst Analyseergebnisse mit Tools wie Looker Studio Wir freuen uns auf Deine Qualifikationen Du bist Student:in (m/w/d) oder …",https://www.adzuna.de/details/5806562856?utm_medium=api&utm_source=a4bcf954,2026-07-19T00:14:27Z,Adzuna::API::Response::Job,"{'tag': 'unknown', 'label': 'Unknown', '__CLASS__': 'Adzuna::API::Response::Category'}",0,Praktikum Data Science / Data Engineering (m/w/d),full_time,,,
"{'area': ['Deutschland', 'Bremen', 'Bremerhaven'], '__CLASS__': 'Adzuna::API::Response::Location', 'display_name': 'Bremerhaven, Bremen'}",5850943626,8.595073,"{'display_name': 'Alfred-Wegener-Institut Helmholtz-Zentrum für Polar- und Meeresforschung', '__CLASS__': 'Adzuna::API::Response::Company'}",eyJhbGciOiJIUzI1NiJ9.eyJzIjoiaUN2R3JFcWw4UkctNjZUbWF3cGlGZyIsImkiOiI1ODUwOTQzNjI2In0.paWYUGCOLtCLStLwAzvh7-OO73Mo28s8Gy4LK8VuFaM,53.548992,"The Alfred Wegener Institute Helmholtz Centre for Polar and Marine Research (AWI) is a member of the Helmholtz Association (HGF) and funded by federal and state government. AWI focuses on polar and marine research in a variety of disciplines such as biology, oceanography, geology, geochemistry and geophysics thus allowing multidisciplinary approaches to scientific goals. PhD position in Data Science/Bioinformatics for Marine and Arctic Biodiversity (f/x/d/m) Background Long-term monitoring of m…",https://www.adzuna.de/land/ad/5850943626?se=iCvGrEql8RG-66TmawpiFg&utm_medium=api&utm_source=a4bcf954&v=5BB161EDC37D3A9B78589499E10A688E317D9D40,2026-08-21T12:52:57Z,Adzuna::API::Response::Job,"{'tag': 'graduate-jobs', 'label': 'Stellen für Hochschulabsolventen', '__CLASS__': 'Adzuna::API::Response::Category'}",0,PhD position in Data Science/Bioinformatics for Marine and Arctic Biodiversity (f/x/d/m),,,,
"{'area': ['Deutschland', 'Baden-Württemberg', 'Waldshut (Kreis)', 'Waldshut-Tiengen'], 'display_name': 'Waldshut-Tiengen, Waldshut (Kreis)', '__CLASS__': 'Adzuna::API::Response::Location'}",5836632349,8.28431,"{'display_name': 'BBC Cellpack GmbH', '__CLASS__': 'Adzuna::API::Response::Company'}",eyJhbGciOiJIUzI1NiJ9.eyJpIjoiNTgzNjYzMjM0OSIsInMiOiJpQ3ZHckVxbDhSRy02NlRtYXdwaUZnIn0.kr62HzoBkXYkTX17NEJlOfVYwYR3iSuGAVoBhQ7cUBk,47.6383,"BBC Cellpack was founded in 1935 in Vilmergen, Switzerland, as a successor to Dreifuss Brothers AG. Originally focused on cellophane packaging, the company quickly evolved through the pioneering spirit of the Dreifuss brothers, who recognized the potential of new materials and developed high-quality industrial goods. This innovative mindset laid the foundation for decades of progress With the launch of Cellpack GmbH in Waldshut-Tiengen in 1967, the company expanded into fibre-reinforced plastic…",https://www.adzuna.de/land/ad/5836632349?se=iCvGrEql8RG-66TmawpiFg&utm_medium=api&utm_source=a4bcf954&v=2DB6BDA921B1CDF7933EBBED92BC8C0F9D2F6613,2026-08-11T12:52:01Z,Adzuna::API::Response::Job,"{'tag': 'graduate-jobs', 'label': 'Stellen für Hochschulabsolventen', '__CLASS__': 'Adzuna::API::Response::Category'}",0,Dual Student in Data Science and Artificial Intelligence – Digital Production (B.Sc.) starting October 2027,,,,
"{'area': ['Deutschland', 'Nordrhein-Westfalen', 'Herford (Kreis)', 'Vlotho'], 'display_name': 'Vlotho, Herford (Kreis)', '__CLASS__': 'Adzuna::API::Response::Location'}",5861955244,8.85788,"{'__CLASS__': 'Adzuna::API::Response::Company', 'display_name': 'Herbert Kannegiesser GmbH'}",eyJhbGciOiJIUzI1NiJ9.eyJzIjoiaUN2R3JFcWw4UkctNjZUbWF3cGlGZyIsImkiOiI1ODYxOTU1MjQ0In0.ig-b1uIRMIaOAYF9M2ujQ6RG2QWVNUExHBIYtlpMaRc,52.16522,"Wir sind ein stetig wachsendes Familienunternehmen mit über 75 Jahren Erfahrung im Maschinen- und Anlagenbau. Weltweit vernetzt, mit lokalen Wurzeln, beliefern wir mit unseren 2.000 Beschäftigten als Weltmarktführer Großwäschereien mit umfassenden Systemlösungen für industrielle Wäschereitechnik. Wir verbinden erfolgreich Menschen und Technik und bieten unserer Belegschaft optimale Entwicklungsmöglichkeiten. Werden Sie Teil unseres Teams als Manager (m/w/d) KI-Transformation Aufgaben Entwicklun…",https://www.adzuna.de/details/5861955244?utm_medium=api&utm_source=a4bcf954,2026-08-30T07:52:31Z,Adzuna::API::Response::Job,"{'label': 'Beraterstellen', '__CLASS__': 'Adzuna::API::Response::Category', 'tag': 'consultancy-jobs'}",0,Manager (m/w/d) KI-Transformation,,,,
"{'__CLASS__': 'Adzuna::API::Response::Location', 'display_name': 'Bad Cannstatt, Stuttgart', 'area': ['Deutschland', 'Baden-Württemberg', 'Stuttgart', 'Bad Cannstatt']}",5593655402,9.21546,"{'display_name': 'MWAY DIGITAL GmbH', '__CLASS__': 'Adzuna::API::Response::Company'}",eyJhbGciOiJIUzI1NiJ9.eyJzIjoiaUN2R3JFcWw4UkctNjZUbWF3cGlGZyIsImkiOiI1NTkzNjU1NDAyIn0.7l9eFJe2iLryIo14WxzSsfhRpZaAuFEGMXOcpl8GgmM,48.80499,"Dein Studium Du möchtest Theorie und Praxis miteinander verknüpfen und begeisterst dich für Daten, Analysen und Künstliche Intelligenz? Dann ist das duale Studium im Bereich Data Science & Künstliche Intelligenz in Kombination mit MWAY genau das Richtige für dich. Studiendauer: 3 Jahre Studienverlauf: Wechsel von Theorie- und Praxisphasen im 3-Monats-Rhythmus Praxisort: Stuttgart-Bad Cannstatt Studienstart: 01.10.2027 Studienort: DHBW Stuttgart Abschluss: Bachelor of Science Weitere Information…",https://www.adzuna.de/details/5593655402?utm_medium=api&utm_source=a4bcf954,2026-01-21T06:59:03Z,Adzuna::API::Response::Job,"{'tag': 'unknown', '__CLASS__': 'Adzuna::API::Response::Category', 'label': 'Unknown'}",0,DHBW Data Science & Künstliche Intelligenz – 2027,full_time,,,
"{'__CLASS__': 'Adzuna::API::Response::Location', 'display_name': 'Stuttgart, Baden-Württemberg', 'area': ['Deutschland', 'Baden-Württemberg', 'Stuttgart']}",5727301322,9.187224,"{'__CLASS__': 'Adzuna::API::Response::Company', 'display_name': 'MWAY DIGITAL'}",eyJhbGciOiJIUzI1NiJ9.eyJzIjoiaUN2R3JFcWw4UkctNjZUbWF3cGlGZyIsImkiOiI1NzI3MzAxMzIyIn0.yNV8UYV1kFBpNhFNGG_kDf68A3iXdlHE4vbCsMU-rWI,48.776198,"Dein Studium Du möchtest Theorie und Praxis miteinander verknüpfen und begeisterst dich für Daten, Analysen und Künstliche Intelligenz? Dann ist das duale Studium im Bereich Data Science & Künstliche Intelligenz in Kombination mit MWAY genau das Richtige für dich. Studiendauer: 3 Jahre Studienverlauf: Wechsel von Theorie- und Praxisphasen im 3-Monats-Rhythmus Praxisort: Stuttgart-Bad Cannstatt Studienstart: 01.10.2027 Studienort: DHBW Stuttgart Abschluss: Bachelor of Science Weitere Information…",https://www.adzuna.de/details/5727301322?utm_medium=api&utm_source=a4bcf954,2026-05-12T22:59:27Z,Adzuna::API::Response::Job,"{'__CLASS__': 'Adzuna::API::Response::Category', 'label': 'IT-Stellen', 'tag': 'it-jobs'}",0,DHBW Data Science & Künstliche Intelligenz – 2027,full_time,,,
"{'area': ['Deutschland', 'Baden-Württemberg', 'Karlsruhe (Kreis)', 'Karlsruhe', 'Durlach'], 'display_name': 'Durlach, Karlsruhe', '__CLASS__': 'Adzuna::API::Response::Location'}",5849747855,8.47624,"{'__CLASS__': 'Adzuna::API::Response::Company', 'display_name': 'TRUUCO'}",eyJhbGciOiJIUzI1NiJ9.eyJzIjoiaUN2R3JFcWw4UkctNjZUbWF3cGlGZyIsImkiOiI1ODQ5NzQ3ODU1In0.dzXQgn1J_nuYxsCTFBFKMdnaaaB6CsbCn3BrsEsjZ3o,49.00018,"Deine Aufgaben Du arbeitest in unseren cross-funktionalen Teams an spannenden Data-Science-Projekten im Finanzbereich mit und entwickelst datengetriebene Lösungen für unsere Kunden. Du unterstützt beim Aufbau, der Strukturierung und der Pflege unserer Modell-Repositories in Bitbucket und arbeitest dabei mit modernen Entwicklungsstandards wie Git, Cookiecutter und Python. Du unterstützt uns bei der Migration unserer Data-Science-Umgebung nach Databricks, beispielsweise durch die Anpassung und Re…",https://www.adzuna.de/details/5849747855?utm_medium=api&utm_source=a4bcf954,2026-08-20T17:44:29Z,Adzuna::API::Response::Job,"{'label': 'Unknown', '__CLASS__': 'Adzuna::API::Response::Category', 'tag': 'unknown'}",0,Werkstudierende Data Science (m/w/d),part_time,,,
"{'__CLASS__': 'Adzuna::API::Response::Location', 'display_name': 'Bodman-Ludwigshafen, Konstanz (Kreis)', 'area': ['Deutschland', 'Baden-Württemberg', 'Konstanz (Kreis)', 'Bodman-Ludwigshafen']}",5828707892,9.02709,"{'__CLASS__': 'Adzuna::API::Response::Company', 'display_name': 'PFALZWERKE AKTIENGESELLSCHAFT'}",eyJhbGciOiJIUzI1NiJ9.eyJpIjoiNTgyODcwNzg5MiIsInMiOiJpQ3ZHckVxbDhSRy02NlRtYXdwaUZnIn0.30jFRafGOHhKR2YHOpy9H_zKk0selxGuAgd1NSU5-88,47.80254,"Stellenangebot [ ](https://www.pfalzwerke.de/privatkunden) Experte Data Science (m/w/d) Warum wir? *Wir sind mehr als ein Energieversorger Nachhaltig, nah am Kunden und innovativ. Seit über 100 Jahren geben wir unser Bestes und garantieren eine sichere und umweltverträgliche Energieversorgung. Wir investieren regional und international in zukunftsweisende Versorgungskonzepte aus Kraft-Wärme-Kopplung, Windkraft oder Photovoltaik, in innovative Technologien und Infrastrukturlösungen, wie Wasserst…",https://www.adzuna.de/details/5828707892?utm_medium=api&utm_source=a4bcf954,2026-08-05T06:40:44Z,Adzuna::API::Response::Job,"{'__CLASS__': 'Adzuna::API::Response::Category', 'label': 'Beraterstellen', 'tag': 'consultancy-jobs'}",0,Experte Data Science (m/w/d),,,,
"{'area': ['Deutschland', 'Bayern', 'Altötting (Kreis)', 'Burghausen'], '__CLASS__': 'Adzuna::API::Response::Location', 'display_name': 'Burghausen, Altötting (Kreis)'}",5785230275,12.83048,"{'display_name': 'Wacker Chemie AG - Werk Burghausen', '__CLASS__': 'Adzuna::API::Response::Company'}",eyJhbGciOiJIUzI1NiJ9.eyJpIjoiNTc4NTIzMDI3NSIsInMiOiJpQ3ZHckVxbDhSRy02NlRtYXdwaUZnIn0.ZAwa0FGl6g6k-vgl9RqocNxQXISWC9uqVBx-L6fJAJA,48.17244,Duales Studium - Data Science & Künstliche Intelligenz Standort Burghausen - 84489 Burghausen - Arbeitszeit: Vollzeit - Position: Duales Studium - Bildungsgrad Mindestvoraussetzung: Fachhochschulreife - Beschäftigungsbeginn: 01.09.2027,https://www.adzuna.de/details/5785230275?utm_medium=api&utm_source=a4bcf954,2026-07-02T11:24:40Z,Adzuna::API::Response::Job,"{'__CLASS__': 'Adzuna::API::Response::Category', 'label': 'Stellen für Hochschulabsolventen', 'tag': 'graduate-jobs'}",0,Duales Studium - Data Science & Künstliche Intelligenz,,,,
"{'__CLASS__': 'Adzuna::API::Response::Location', 'display_name': 'HafenCity, Hamburg', 'area': ['Deutschland', 'Hamburg', 'HafenCity']}",5727345404,9.99333,"{'display_name': 'Highberg', '__CLASS__': 'Adzuna::API::Response::Company'}",eyJhbGciOiJIUzI1NiJ9.eyJzIjoiaUN2R3JFcWw4UkctNjZUbWF3cGlGZyIsImkiOiI1NzI3MzQ1NDA0In0.CoxmWid4x5JbRC_qRCzfw_9ntMqaNCKiDSHNZ7iBQPw,53.54167,"Wer wir sind Als eine der führenden Beratungen der Medienbranche treibt Highberg DACH (ehemals SCHICKLER) den digitalen Wandel in Medienunternehmen in Deutschland, Österreich und der Schweiz aktiv voran. In der Medienwelt von heute entscheidet Datenkompetenz über Sichtbarkeit, Reichweite und Erfolg. Wer relevant bleiben will, muss Wandel aktiv gestalten – genau deshalb suchen wir dich. Unser Tech Stack: Programmiersprachen: Python, R, JavaScript, SQL ETL / Data-Modeling: dbt, Google Dataflow, P…",https://www.adzuna.de/details/5727345404?utm_medium=api&utm_source=a4bcf954,2026-05-12T23:27:34Z,Adzuna::API::Response::Job,"{'label': 'Beraterstellen', '__CLASS__': 'Adzuna::API::Response::Category', 'tag': 'consultancy-jobs'}",0,Praktikum: Data Science (w/m/d),full_time,,,
"{'area': ['Deutschland'], 'display_name': 'Deutschland', '__CLASS__': 'Adzuna::API::Response::Location'}",5761812930,,"{'__CLASS__': 'Adzuna::API::Response::Company', 'display_name': 'Accenture'}",eyJhbGciOiJIUzI1NiJ9.eyJzIjoiaUN2R3JFcWw4UkctNjZUbWF3cGlGZyIsImkiOiI1NzYxODEyOTMwIn0.f7Ni3e5gKhwTKZ3bKYODR6KGWTnpv1jGYVqMYWl5Gng,,"Im AI & Data Team bei Accenture vereinen wir einzigartige Persönlichkeiten und zukunftsgerichtetes Know-How, um gemeinsam mit unseren Kunden datengetriebene Transformation voranzutreiben und die Zukunft durch KI (Künstliche Intelligenz) zu gestalten. Wir begleiten unsere Kunden Ende-zu-Ende – von der strategischen, KI-nativen Neuausrichtung & Zieldefinition der Organisation über die Konzeption & Entwicklung von cutting-edge KI-Lösungen bis hin zum technischen Design & der Implementierung von KI…",https://www.adzuna.de/details/5761812930?utm_medium=api&utm_source=a4bcf954,2026-06-12T23:21:34Z,Adzuna::API::Response::Job,"{'__CLASS__': 'Adzuna::API::Response::Category', 'label': 'Beraterstellen', 'tag': 'consultancy-jobs'}",0,AI & Data Science Consultant (all genders),full_time,,,
"{'area': ['Deutschland', 'Bayern', 'München (Kreis)', 'München', 'Maxvorstadt'], 'display_name': 'Maxvorstadt, München', '__CLASS__': 'Adzuna::API::Response::Location'}",5821791948,11.56803,"{'__CLASS__': 'Adzuna::API::Response::Company', 'display_name': 'INVENSITY GmbH'}",eyJhbGciOiJIUzI1NiJ9.eyJpIjoiNTgyMTc5MTk0OCIsInMiOiJpQ3ZHckVxbDhSRy02NlRtYXdwaUZnIn0.Xz0fBeX4E_7yXArclBA0Q-GihUIYCYoAD3MZhADdFXA,48.1476,"Welcome Du möchtest mit Data Science echten Impact in technologisch anspruchsvollen Projekten schaffen? Dann bist du bei INVENSITY genau richtig. Als internationale Technologieberatung unterstützen wir unsere Kunden dabei, komplexe technische Fragestellungen datenbasiert zu lösen und innovative Systeme weiterzuentwickeln. Dein Beitrag: Mit smarten Modellen und fundierten Analysen unterstützt du technische Entscheidungsprozesse in der Luft- und Raumfahrt sowie im Defense-Umfeld und schaffst so d…",https://www.adzuna.de/details/5821791948?utm_medium=api&utm_source=a4bcf954,2026-07-31T02:40:38Z,Adzuna::API::Response::Job,"{'tag': 'unknown', 'label': 'Unknown', '__CLASS__': 'Adzuna::API::Response::Category'}",0,Data Science Consultant (m/w/d),full_time,,,permanent
"{'__CLASS__': 'Adzuna::API::Response::Location', 'display_name': 'Mitte, Stuttgart', 'area': ['Deutschland', 'Baden-Württemberg', 'Stuttgart', 'Mitte']}",5824132624,9.18071,"{'display_name': 'INVENSITY Stellenportal', '__CLASS__': 'Adzuna::API::Response::Company'}",eyJhbGciOiJIUzI1NiJ9.eyJzIjoiaUN2R3JFcWw4UkctNjZUbWF3cGlGZyIsImkiOiI1ODI0MTMyNjI0In0.xwMVebcnNnldgenCXtwre1PxbQjuPs4XBmrx2H_Xxwo,48.77713,"Welcome Du möchtest mit Data Science echten Impact in technologisch anspruchsvollen Projekten schaffen? Dann bist du bei INVENSITY genau richtig. Als internationale Technologieberatung unterstützen wir unsere Kunden dabei, komplexe technische Fragestellungen datenbasiert zu lösen und innovative Systeme weiterzuentwickeln. Dein Beitrag: Mit smarten Modellen und fundierten Analysen unterstützt du technische Entscheidungsprozesse in der Luft- und Raumfahrt sowie im Defense-Umfeld und schaffst so d…",https://www.adzuna.de/details/5824132624?utm_medium=api&utm_source=a4bcf954,2026-08-01T17:24:04Z,Adzuna::API::Response::Job,"{'tag': 'consultancy-jobs', 'label': 'Beraterstellen', '__CLASS__': 'Adzuna::API::Response::Category'}",0,Data Science Consultant (m/w/d),full_time,,,
"{'area': ['Deutschland', 'Hamburg', 'HafenCity'], '__CLASS__': 'Adzuna::API::Response::Location', 'display_name': 'HafenCity, Hamburg'}",4352591932,9.99333,"{'__CLASS__': 'Adzuna::API::Response::Company', 'display_name': 'Highberg DACH'}",eyJhbGciOiJIUzI1NiJ9.eyJpIjoiNDM1MjU5MTkzMiIsInMiOiJpQ3ZHckVxbDhSRy02NlRtYXdwaUZnIn0.Lj5RWPYPWS2xsA5z0sXyvLRKyv1XnlezdwN5h6Jj_pc,53.54167,"Wer wir sind Als eine der führenden Beratungen der Medienbranche treibt Highberg DACH (ehemals SCHICKLER) den digitalen Wandel in Medienunternehmen in Deutschland, Österreich und der Schweiz aktiv voran. In der Medienwelt von heute entscheidet Datenkompetenz über Sichtbarkeit, Reichweite und Erfolg. Wer relevant bleiben will, muss Wandel aktiv gestalten – genau deshalb suchen wir dich. Unser Tech Stack: Programmiersprachen: Python, R, JavaScript, SQL ETL / Data-Modeling: dbt, Google Dataflow, P…",https://www.adzuna.de/details/4352591932?utm_medium=api&utm_source=a4bcf954,2023-10-05T13:37:27Z,Adzuna::API::Response::Job,"{'tag': 'unknown', 'label': 'Unknown', '__CLASS__': 'Adzuna::API::Response::Category'}",0,Praktikum: Data Science (w/m/d),full_time,,,
"{'area': ['Deutschland', 'Hamburg', 'Altona-Altstadt'], 'display_name': 'Altona-Altstadt, Hamburg', '__CLASS__': 'Adzuna::API::Response::Location'}",5716224020,9.9477,"{'__CLASS__': 'Adzuna::API::Response::Company', 'display_name': 'ENCAVIS'}",eyJhbGciOiJIUzI1NiJ9.eyJzIjoiaUN2R3JFcWw4UkctNjZUbWF3cGlGZyIsImkiOiI1NzE2MjI0MDIwIn0.PNoIETgiO1TEc5pmFfsLIoLipOnn4N8kCV6muDfnKrE,53.54883,"Auf was wir bei ENCAVIS setzen? Die Sonne. Den Wind. Und auf dich. Willkommen in der Welt von Encavis! Bei uns dreht sich alles um die Kraft der Sonne, des Windes und der konzernweit über 400 Menschen, die gemeinsam das Energiesystem der Zukunft gestalten, um eine nachhaltige Energieversorgung für zukünftige Generationen sicherzustellen. Die ENCAVIS Management GmbH & Co. KG ist die Holding der ENCAVIS GmbH, einem der führenden Stromerzeuger aus Erneuerbaren Energien in Europa. Wir betreiben ein…",https://www.adzuna.de/details/5716224020?utm_medium=api&utm_source=a4bcf954,2026-05-01T22:59:27Z,Adzuna::API::Response::Job,"{'tag': 'it-jobs', '__CLASS__': 'Adzuna::API::Response::Category', 'label': 'IT-Stellen'}",0,Berufsbegleitendes Studium - Data Science & Artificial Intelligence,part_time,,,
"{'__CLASS__': 'Adzuna::API::Response::Location', 'display_name': 'Hamburg, Deutschland', 'area': ['Deutschland', 'Hamburg']}",5833704156,9.987297,"{'display_name': 'adjoe', '__CLASS__': 'Adzuna::API::Response::Company'}",eyJhbGciOiJIUzI1NiJ9.eyJpIjoiNTgzMzcwNDE1NiIsInMiOiJpQ3ZHckVxbDhSRy02NlRtYXdwaUZnIn0.wYjc2Np8-YkeYf9pT2CGvaeM7fGrtWLkXs2f2mlQDJg,53.557429,"adjoe builds the technologies behind mobile apps growth and monetization. adjoe Ads is our programmatic in-app advertising platform that seamlessly connects advertisers and publishers through direct integration of our Android and iOS SDKs. Every ad decision happens in under 200ms across 10 million daily users, powered by real-time bidding algorithms and user quality prediction models that match the right ad to the right user at the right moment. 50 Billion Daily Bid Predictions The adjoe Ads Da…",https://www.adzuna.de/details/5833704156?utm_medium=api&utm_source=a4bcf954,2026-08-08T18:04:35Z,Adzuna::API::Response::Job,"{'label': 'Unknown', '__CLASS__': 'Adzuna::API::Response::Category', 'tag': 'unknown'}",0,Data Science Director (f/m/d),full_time,,,
"{'area': ['Deutschland', 'Schleswig-Holstein', 'Kiel', 'Ellerbek'], '__CLASS__': 'Adzuna::API::Response::Location', 'display_name': 'Ellerbek, Kiel'}",5849842717,10.16424,"{'display_name': 'GEOMAR Helmholtz-Zentrum für Ozeanforschung Kiel', '__CLASS__': 'Adzuna::API::Response::Company'}",eyJhbGciOiJIUzI1NiJ9.eyJzIjoiaUN2R3JFcWw4UkctNjZUbWF3cGlGZyIsImkiOiI1ODQ5ODQyNzE3In0.OHfN7poQhrQcx-7H0SWoiXZC-2kjdnprBIAJdoxIGXA,54.31419,"GEOMAR Helmholtz Centre for Ocean Research Kiel is a foundation under public law jointly financed by the Federal Republic of Germany (90%) and the State of Schleswig-Holstein (10%). It is one of the internationally leading institutions in the field of marine research. Through our research and our commitment to the transfer of knowledge and technology, we contribute significantly to the preservation of the function and protection of the ocean for future generations. The position offers the oppor…",https://www.adzuna.de/details/5849842717?utm_medium=api&utm_source=a4bcf954,2026-08-20T18:14:15Z,Adzuna::API::Response::Job,"{'tag': 'unknown', 'label': 'Unknown', '__CLASS__': 'Adzuna::API::Response::Category'}",0,PhD Data Science (m/f/d),,,,
"{'area': ['Deutschland', 'Nordrhein-Westfalen', 'Bonn', 'Zentrum'], '__CLASS__': 'Adzuna::API::Response::Location', 'display_name': 'Zentrum, Bonn'}",5804577884,7.10344,"{'__CLASS__': 'Adzuna::API::Response::Company', 'display_name': 'twomynds'}",eyJhbGciOiJIUzI1NiJ9.eyJzIjoiaUN2R3JFcWw4UkctNjZUbWF3cGlGZyIsImkiOiI1ODA0NTc3ODg0In0.8t_uL0iWZhGeA4CPIUcS4yFKZbTK3FK0ILY4CyrfWnY,50.73754,"Über uns Du willst technische Verantwortung übernehmen und sehen, wie deine Arbeit in echten Use Cases Mehrwert schafft – bei Unternehmen, die du aus dem Alltag kennst? Willkommen bei twomynds. Wir sind eine dedizierte Data-&-AI-Beratung sowie ein Service Provider mit End-to-End-Umsetzung und begleiten Unternehmen von der strategischen Zielsetzung bis zur operativen Realisierung – strategisch, umsetzungsstark und ergebnisorientiert. Unsere Mission: Ambitionierte Unternehmen befähigen, Data & AI…",https://www.adzuna.de/details/5804577884?utm_medium=api&utm_source=a4bcf954,2026-07-17T09:55:42Z,Adzuna::API::Response::Job,"{'__CLASS__': 'Adzuna::API::Response::Category', 'label': 'Unknown', 'tag': 'unknown'}",0,Data Science Manager (m/w/d),,,,
"{'area': ['Deutschland', 'Nordrhein-Westfalen', 'Bonn'], 'display_name': 'Bonn, Nordrhein-Westfalen', '__CLASS__': 'Adzuna::API::Response::Location'}",5803061236,7.112412,"{'__CLASS__': 'Adzuna::API::Response::Company', 'display_name': 'twomynds'}",eyJhbGciOiJIUzI1NiJ9.eyJzIjoiaUN2R3JFcWw4UkctNjZUbWF3cGlGZyIsImkiOiI1ODAzMDYxMjM2In0.HOYbQ2rYfWbBZ2Wl7QGLdSx0avOnYlAg2uscn0IH2bI,50.71942,"Über uns Du willst technische Verantwortung übernehmen und sehen, wie deine Arbeit in echten Use Cases Mehrwert schafft – bei Unternehmen, die du aus dem Alltag kennst? Willkommen bei twomynds. Wir sind eine dedizierte Data-&-AI-Beratung sowie ein Service Provider mit End-to-End-Umsetzung und begleiten Unternehmen von der strategischen Zielsetzung bis zur operativen Realisierung – strategisch, umsetzungsstark und ergebnisorientiert. Unsere Mission: Ambitionierte Unternehmen befähigen, Data & AI…",https://www.adzuna.de/details/5803061236?utm_medium=api&utm_source=a4bcf954,2026-07-16T16:27:05Z,Adzuna::API::Response::Job,"{'tag': 'unknown', 'label': 'Unknown', '__CLASS__': 'Adzuna::API::Response::Category'}",0,Data Science Manager (m/w/d),full_time,,,
"{'area': ['Deutschland', 'Baden-Württemberg', 'Karlsruhe (Kreis)', 'Karlsruhe', 'Hagsfeld'], 'display_name': 'Hagsfeld, Karlsruhe', '__CLASS__': 'Adzuna::API::Response::Location'}",5727322915,8.45882,"{'display_name': 'Chrono24', '__CLASS__': 'Adzuna::API::Response::Company'}",eyJhbGciOiJIUzI1NiJ9.eyJpIjoiNTcyNzMyMjkxNSIsInMiOiJpQ3ZHckVxbDhSRy02NlRtYXdwaUZnIn0.MtBhFzifeWxo1VVHsvF7pDSWsQzTheU7MTylIcDjo4Q,49.03084,Darauf kannst Du dich freuen Du übernimmst eigenverantwortlich verschiedene Modellierungs- und Analyseprojekte und nutzt dabei unsere Marktplatzdaten sowie deine fundierten Methodenkenntnisse. Du bereitest Daten aus unterschiedlichen Systemen auf und setzt deine Fähigkeiten im Feature Engineering effektiv ein. Bei der Umsetzung von statistischen Modellen und Modell-Prototypen legst du großen Wert auf deren praktische Anwendbarkeit. Du führst statistisch fundierte Analysen und Simulationen durch…,https://www.adzuna.de/details/5727322915?utm_medium=api&utm_source=a4bcf954,2026-05-12T23:08:36Z,Adzuna::API::Response::Job,"{'tag': 'logistics-warehouse-jobs', 'label': 'Stellen aus Logistik & Lagerhaltung', '__CLASS__': 'Adzuna::API::Response::Category'}",0,Werkstudent Data Science (m/w/d),part_time,,,
"{'__CLASS__': 'Adzuna::API::Response::Location', 'display_name': 'Lübeck', 'area': ['Deutschland', 'Schleswig-Holstein', 'Lübeck', 'Lübeck']}",5856675348,10.68758,"{'display_name': 'Drägerwerk AG & Co. KGaA', '__CLASS__': 'Adzuna::API::Response::Company'}",eyJhbGciOiJIUzI1NiJ9.eyJpIjoiNTg1NjY3NTM0OCIsInMiOiJpQ3ZHckVxbDhSRy02NlRtYXdwaUZnIn0.OxGsICwGQPtuEdgwZE_Ot1ppDLqTKTs7AW3IMEEsK24,53.86956," Dafür suchen wir Dich Studieren macht Spaß – noch mehr, wenn du die Theorie auch in der Praxis erleben kannst. Bei Dräger bringst du vom ersten Tag an deine Ideen ein und übernimmst Verantwortung für ›Technik für das Leben‹. Im Bereich Workplace Infrastructure dreht sich alles um die Gestaltung moderner Arbeits- und Klinikumgebungen. Dabei spielen datenbasierte Entscheidungen, smarte Anwendungen und KI-gestützte Auswertungen eine immer größere Rolle. Im Bereich Künstliche Intelligenz unterstüt…",https://www.adzuna.de/details/5856675348?utm_medium=api&utm_source=a4bcf954,2026-08-26T12:34:50Z,Adzuna::API::Response::Job,"{'tag': 'unknown', '__CLASS__': 'Adzuna::API::Response::Category', 'label': 'Unknown'}",0,Praktikum Künstliche Intelligenz / Data Science Medizintechnik,,,,contract
"{'area': ['Deutschland', 'Nordrhein-Westfalen', 'Düsseldorf', 'Bilk'], 'display_name': 'Bilk, Düsseldorf', '__CLASS__': 'Adzuna::API::Response::Location'}",5840502383,6.78055,"{'display_name': 'IUF - Leibniz Institut für umweltmedizinische Forschung GmbH', '__CLASS__': 'Adzuna::API::Response::Company'}",eyJhbGciOiJIUzI1NiJ9.eyJpIjoiNTg0MDUwMjM4MyIsInMiOiJpQ3ZHckVxbDhSRy02NlRtYXdwaUZnIn0.pG0SDHQlBWe60DcQvz9jmSLx3aQ-zMKpVhBlHMjn38I,51.20259,"The IUF - Leibniz Research Institute for Environmental Medicine investigates the molecular mechanisms by which environmental factors - including particles, radiation, and chemical exposures - affect human health. The institute’s research focuses on environmentally induced aging and disease processes in the pulmonary system and skin, as well as environmentally driven dysfunctions of the nervous and immune systems. By developing innovative, human-relevant experimental model systems, the IUF contr…",https://www.adzuna.de/details/5840502383?utm_medium=api&utm_source=a4bcf954,2026-08-13T18:09:16Z,Adzuna::API::Response::Job,"{'tag': 'unknown', 'label': 'Unknown', '__CLASS__': 'Adzuna::API::Response::Category'}",0,PhD Data Science (m/f/d),,,,
"{'area': ['Deutschland', 'Bayern', 'München (Kreis)', 'München', 'Bogenhausen'], '__CLASS__': 'Adzuna::API::Response::Location', 'display_name': 'Bogenhausen, München'}",5727321876,11.62828,"{'display_name': 'smartvillage', '__CLASS__': 'Adzuna::API::Response::Company'}",eyJhbGciOiJIUzI1NiJ9.eyJzIjoiaUN2R3JFcWw4UkctNjZUbWF3cGlGZyIsImkiOiI1NzI3MzIxODc2In0.-NxjKRJT8XNjZyLVqBZryniTnE_9u8spRZ9CVpt6mhk,48.1475,"Dafür brauchen wir Dich Für ein neues Digital-Projekt in der MICE-Branche suchen wir Dich: eine Persönlichkeit, die Lust hat, mit uns Dinge neu zu denken, Ideen Realität werden zu lassen und die Zukunft unserer Branche aktiv mitzugestalten. Dateninfrastruktur & Skalierung: Du entwickelst und verantwortest unsere Dateninfrastruktur. Du baust robuste Pipelines, die Daten aus verschiedenen Quellen in ein sauberes, zuverlässiges Data Warehouse überführen und stellst Qualität, Konsistenz und Verfügb…",https://www.adzuna.de/details/5727321876?utm_medium=api&utm_source=a4bcf954,2026-05-12T23:07:57Z,Adzuna::API::Response::Job,"{'__CLASS__': 'Adzuna::API::Response::Category', 'label': 'Unknown', 'tag': 'unknown'}",0,Data Science Engineer (m/w/d),full_time,,,
"{'display_name': 'Freiberg, Mittelsachsen (Kreis)', '__CLASS__': 'Adzuna::API::Response::Location', 'area': ['Deutschland', 'Sachsen', 'Mittelsachsen (Kreis)', 'Freiberg']}",5576690121,13.33722,"{'display_name': 'Siltronic AG', '__CLASS__': 'Adzuna::API::Response::Company'}",eyJhbGciOiJIUzI1NiJ9.eyJzIjoiaUN2R3JFcWw4UkctNjZUbWF3cGlGZyIsImkiOiI1NTc2NjkwMTIxIn0.cg32vwvdVHQOSPKjtcFhtRsHUmIf207O3K39_lGJxng,50.91404,"Siltronic ist einer der weltweit größten Hersteller für Wafer aus Reinstsilizium und Partner vieler führender Chip-Hersteller mit rund 4.300 Mitarbeitenden und Produktionsstätten in Europa, Asien und den USA. Wir entwickeln und fertigen Wafer mit einem Durchmesser von bis zu 300 mm. Diese sind die Grundlage der modernen Mikro- und Nanoelektronik. In einem 3-jährigen Dualen Studium werden Theorie und Praxis gekonnt verbunden. Das hoch qualifizierende Studium wird durch breit gefächerte Praxisein…",https://www.adzuna.de/details/5576690121?utm_medium=api&utm_source=a4bcf954,2026-01-09T20:35:59Z,Adzuna::API::Response::Job,"{'__CLASS__': 'Adzuna::API::Response::Category', 'label': 'Unknown', 'tag': 'unknown'}",0,Duales Studium Data Science und Künstliche Intelligenz,full_time,,,
"{'display_name': 'Deutschland', '__CLASS__': 'Adzuna::API::Response::Location', 'area': ['Deutschland']}",5809705624,,"{'display_name': 'Lidl', '__CLASS__': 'Adzuna::API::Response::Company'}",eyJhbGciOiJIUzI1NiJ9.eyJzIjoiaUN2R3JFcWw4UkctNjZUbWF3cGlGZyIsImkiOiI1ODA5NzA1NjI0In0.ZlXg67JMoUsBeZnNRu5yDqBDEly8eHsRGhJ2dFM8N2E,,"Einleitung Eine gute Idee war der Ursprung, ein erfolgreiches Konzept ist das Ergebnis. Qualität zum guten Preis möglichst vielen Menschen anbieten zu können treibt uns an - mittlerweile weltweit, denn wir sind Lidl. Hier ist das berufliche Zuhause vielfältiger Talente. Ob im Einkauf, in der Logistik, im Warengeschäft oder in der IT; ob als Impulsgeber, Gestalter oder Dienstleister der Länder. Wir suchen Anpacker, Durchstarter, Möglichmacher und bieten spannende Aufgaben und Projekte in einem d…",https://www.adzuna.de/details/5809705624?utm_medium=api&utm_source=a4bcf954,2026-07-21T22:57:49Z,Adzuna::API::Response::Job,"{'tag': 'part-time-jobs', 'label': 'Teilzeitstellen', '__CLASS__': 'Adzuna::API::Response::Category'}",0,Duales Studium Wirtschaftsinformatik - Data Science 2027,,,,
"{'area': ['Deutschland', 'Baden-Württemberg', 'Heilbronn (Kreis)', 'Neckarsulm'], '__CLASS__': 'Adzuna::API::Response::Location', 'display_name': 'Neckarsulm, Heilbronn (Kreis)'}",5750397165,9.2274,"{'__CLASS__': 'Adzuna::API::Response::Company', 'display_name': 'Lidl'}",eyJhbGciOiJIUzI1NiJ9.eyJzIjoiaUN2R3JFcWw4UkctNjZUbWF3cGlGZyIsImkiOiI1NzUwMzk3MTY1In0.dlwhRM2tLR7Ne99YHDAfyQbMWNWJtWP5GQ3Q6miJtEg,49.18975,"Einleitung Eine gute Idee war der Ursprung, ein erfolgreiches Konzept ist das Ergebnis. Qualität zum guten Preis möglichst vielen Menschen anbieten zu können treibt uns an - mittlerweile weltweit, denn wir sind Lidl. Hier ist das berufliche Zuhause vielfältiger Talente. Ob im Einkauf, in der Logistik, im Warengeschäft oder in der IT; ob als Impulsgeber, Gestalter oder Dienstleister der Länder. Wir suchen Anpacker, Durchstarter, Möglichmacher und bieten spannende Aufgaben und Projekte in einem d…",https://www.adzuna.de/land/ad/5750397165?se=iCvGrEql8RG-66TmawpiFg&utm_medium=api&utm_source=a4bcf954&v=C914835A5535ED1A2EDA46F1E53ECAC2CB81E252,2026-06-03T11:42:39Z,Adzuna::API::Response::Job,"{'tag': 'part-time-jobs', '__CLASS__': 'Adzuna::API::Response::Category', 'label': 'Teilzeitstellen'}",0,Duales Studium Wirtschaftsinformatik - Data Science 2027,,,,
"{'area': ['Deutschland', 'Berlin', 'Mitte'], '__CLASS__': 'Adzuna::API::Response::Location', 'display_name': 'Mitte, Berlin'}",5854883085,13.38475,"{'__CLASS__': 'Adzuna::API::Response::Company', 'display_name': 'BRL Risk Consulting GmbH & Co. KG'}",eyJhbGciOiJIUzI1NiJ9.eyJzIjoiaUN2R3JFcWw4UkctNjZUbWF3cGlGZyIsImkiOiI1ODU0ODgzMDg1In0.wP8oe-T2xAqpLiWAhjPK5xZBNfxpYEx4HHU9NhSxiEM,52.51551,"Du hast deine ersten Semester geschafft und möchtest Dein theoretisches Wissen nun gern in spannenden Praxisprojekten anwenden? Bei uns wirst Du direkt in die Mandats- und Projektarbeit mit eingebunden und schnupperst so echte Praxisluft in einem interessanten Aufgabengebiet. Knüpfe schon jetzt wertvolle Kontakte, die deinen späteren Einstieg in die Berufswelt deutlich erleichtern können. Für einen Zeitraum von 6 Monaten suchen wir Praktikant (W/M/D) Data Science & Artificial Intelligence in Be…",https://www.adzuna.de/details/5854883085?utm_medium=api&utm_source=a4bcf954,2026-08-25T04:16:56Z,Adzuna::API::Response::Job,"{'label': 'Beraterstellen', '__CLASS__': 'Adzuna::API::Response::Category', 'tag': 'consultancy-jobs'}",0,Praktikant Data Science / Data Engineering im Bereich Risk Advisory Services,,,,
"{'__CLASS__': 'Adzuna::API::Response::Location', 'display_name': 'Altstadt-Lehel, München', 'area': ['Deutschland', 'Bayern', 'München (Kreis)', 'München', 'Altstadt-Lehel']}",5854883082,11.56907,"{'display_name': 'BRL Risk Consulting GmbH & Co. KG', '__CLASS__': 'Adzuna::API::Response::Company'}",eyJhbGciOiJIUzI1NiJ9.eyJzIjoiaUN2R3JFcWw4UkctNjZUbWF3cGlGZyIsImkiOiI1ODU0ODgzMDgyIn0.Ln80gTvwk0YwMLDbqVMQlJN93B-9KmHdOE70uq_EvGA,48.14093,"Du hast deine ersten Semester geschafft und möchtest Dein theoretisches Wissen nun gern in spannenden Praxisprojekten anwenden? Bei uns wirst Du direkt in die Mandats- und Projektarbeit mit eingebunden und schnupperst so echte Praxisluft in einem interessanten Aufgabengebiet. Knüpfe schon jetzt wertvolle Kontakte, die deinen späteren Einstieg in die Berufswelt deutlich erleichtern können. Für einen Zeitraum von 6 Monaten suchen wir Praktikant (W/M/D) Data Science & Artificial Intelligence in Be…",https://www.adzuna.de/details/5854883082?utm_medium=api&utm_source=a4bcf954,2026-08-25T04:16:56Z,Adzuna::API::Response::Job,"{'__CLASS__': 'Adzuna::API::Response::Category', 'label': 'Beraterstellen', 'tag': 'consultancy-jobs'}",0,Praktikant Data Science / Data Engineering im Bereich Risk Advisory Services,,,,
"{'__CLASS__': 'Adzuna::API::Response::Location', 'display_name': 'Neustadt, Hamburg', 'area': ['Deutschland', 'Hamburg', 'Neustadt']}",5854883083,9.98553,"{'__CLASS__': 'Adzuna::API::Response::Company', 'display_name': 'BRL Risk Consulting GmbH & Co. KG'}",eyJhbGciOiJIUzI1NiJ9.eyJpIjoiNTg1NDg4MzA4MyIsInMiOiJpQ3ZHckVxbDhSRy02NlRtYXdwaUZnIn0.gQV2NBN7uMHzzmQdmFiHIpGev9KnxH7V_0KyBV_iu6I,53.55197,"Du hast deine ersten Semester geschafft und möchtest Dein theoretisches Wissen nun gern in spannenden Praxisprojekten anwenden? Bei uns wirst Du direkt in die Mandats- und Projektarbeit mit eingebunden und schnupperst so echte Praxisluft in einem interessanten Aufgabengebiet. Knüpfe schon jetzt wertvolle Kontakte, die deinen späteren Einstieg in die Berufswelt deutlich erleichtern können. Für einen Zeitraum von 6 Monaten suchen wir Praktikant (W/M/D) Data Science & Artificial Intelligence in Be…",https://www.adzuna.de/details/5854883083?utm_medium=api&utm_source=a4bcf954,2026-08-25T04:16:56Z,Adzuna::API::Response::Job,"{'tag': 'consultancy-jobs', '__CLASS__': 'Adzuna::API::Response::Category', 'label': 'Beraterstellen'}",0,Praktikant Data Science / Data Engineering im Bereich Risk Advisory Services,,,,
"{'__CLASS__': 'Adzuna::API::Response::Location', 'display_name': 'Altendorf, Essen', 'area': ['Deutschland', 'Nordrhein-Westfalen', 'Essen', 'Altendorf']}",5854883084,6.96735,"{'display_name': 'BRL Risk Consulting GmbH & Co. KG', '__CLASS__': 'Adzuna::API::Response::Company'}",eyJhbGciOiJIUzI1NiJ9.eyJpIjoiNTg1NDg4MzA4NCIsInMiOiJpQ3ZHckVxbDhSRy02NlRtYXdwaUZnIn0.I72ptPnykdznEJht_7svhyFvYLI-lMsaT-1vz6AI-KU,51.46121,"Du hast deine ersten Semester geschafft und möchtest Dein theoretisches Wissen nun gern in spannenden Praxisprojekten anwenden? Bei uns wirst Du direkt in die Mandats- und Projektarbeit mit eingebunden und schnupperst so echte Praxisluft in einem interessanten Aufgabengebiet. Knüpfe schon jetzt wertvolle Kontakte, die deinen späteren Einstieg in die Berufswelt deutlich erleichtern können. Für einen Zeitraum von 6 Monaten suchen wir Praktikant (W/M/D) Data Science & Artificial Intelligence in Be…",https://www.adzuna.de/details/5854883084?utm_medium=api&utm_source=a4bcf954,2026-08-25T04:16:56Z,Adzuna::API::Response::Job,"{'tag': 'consultancy-jobs', 'label': 'Beraterstellen', '__CLASS__': 'Adzuna::API::Response::Category'}",0,Praktikant Data Science / Data Engineering im Bereich Risk Advisory Services,,,,
"{'area': ['Deutschland'], '__CLASS__': 'Adzuna::API::Response::Location', 'display_name': 'Deutschland'}",5850421377,,"{'__CLASS__': 'Adzuna::API::Response::Company', 'display_name': 'Creditplus Bank AG'}",eyJhbGciOiJIUzI1NiJ9.eyJpIjoiNTg1MDQyMTM3NyIsInMiOiJpQ3ZHckVxbDhSRy02NlRtYXdwaUZnIn0.h0GU9fgVIn6uT0PoeLI5LKs-VUD90KAna4Amfnpwngk,,"Wir machen Wünsche machbar - unsere Mission ist es, das Leben unserer Kund:innen zu bereichern und mit unseren Finanzdienstleistungen Träume zu verwirklichen. Wir verstehen uns nicht als typische Bank, sondern als lebendige Gemeinschaft von Gestalter:innen, die keine Angst davor haben, neue Wege zu gehen. Dabei setzen wir uns alle auch noch für Themen mit Impact wie Nachhaltigkeit und . klicken sie bewerben, für die volle Stellenbeschreibung",https://www.adzuna.de/land/ad/5850421377?se=iCvGrEql8RG-66TmawpiFg&utm_medium=api&utm_source=a4bcf954&v=848B4859C2CA8B156003FF894FAB10D3798C3FF2,2026-08-21T04:46:36Z,Adzuna::API::Response::Job,"{'tag': 'scientific-qa-jobs', '__CLASS__': 'Adzuna::API::Response::Category', 'label': 'Stellen aus Wissenschaft & Qualitätssicherung'}",0,(senior) Risk Manager (m/w/d) Modeling & Data Science - Fokus Retail Credit Risk,,,,
"{'__CLASS__': 'Adzuna::API::Response::Location', 'display_name': 'Münster, Nordrhein-Westfalen', 'area': ['Deutschland', 'Nordrhein-Westfalen', 'Münster']}",5850389883,7.621504,"{'display_name': 'Thalia Bücher GmbH', '__CLASS__': 'Adzuna::API::Response::Company'}",eyJhbGciOiJIUzI1NiJ9.eyJpIjoiNTg1MDM4OTg4MyIsInMiOiJpQ3ZHckVxbDhSRy02NlRtYXdwaUZnIn0.VjL8E_qJ0o5K_l9MA_Dpa8KdGhzZSAX3wulRHDzzbJo,51.955292,"Stellenbeschreibung Als Werkstudent (m/w/d) im Bereich Künstliche Intelligenz und Data Science wirst du ein wertvolles Mitglied unseres innovativen Teams. Im Rahmen deiner Tätigkeit unterstützt du bei der Konzeption und Entwicklung von modernen, KI-gestützten Applikationen. Dabei wirkst du an der Integration geeigneter Technologien mit und hilfst bei der Konzeption und Entwicklung von interaktiven Prototypen und KI-Agenten-Lösungen. Deine Aufgaben bei uns Konzeption: du unterstützt aktiv bei de…",https://www.adzuna.de/details/5850389883?utm_medium=api&utm_source=a4bcf954,2026-08-21T04:15:19Z,Adzuna::API::Response::Job,"{'label': 'IT-Stellen', '__CLASS__': 'Adzuna::API::Response::Category', 'tag': 'it-jobs'}",0,Werkstudent KI & Data Science (m/w/d),,,,
"{'display_name': 'Deutschland', '__CLASS__': 'Adzuna::API::Response::Location', 'area': ['Deutschland']}",5852138760,,"{'display_name': 'SVA System Vertrieb Alexander GmbH', '__CLASS__': 'Adzuna::API::Response::Company'}",eyJhbGciOiJIUzI1NiJ9.eyJzIjoiVWpnSHJrcWw4UkdYQW9nczBxekJEUSIsImkiOiI1ODUyMTM4NzYwIn0.Fl4dqXYxiOysSSA0LgcS_ODJS_OxCKmkyn6Iiane4D0,,"Als eines der führenden Systemhäuser in Deutschland bieten wir Ihnen vielfältige Möglichkeiten in einem spannenden Berufsumfeld und einer wachsenden Branche Ihre berufliche Heimat zu finden. Bei uns haben Sie den Freiraum, innovative Lösungen zu entwickeln, die schon heute in die Zukunft reichen und sich langfristig bewähren. Verstärken Sie unser Team als System Engineer – Data Science (m/w/d) an einem unserer Standorte deutschlandweit . Data Science in der SVA vereint vier starke Bereiche: Gen…",https://www.adzuna.de/details/5852138760?utm_medium=api&utm_source=a4bcf954,2026-08-22T07:48:11Z,Adzuna::API::Response::Job,"{'label': 'Unknown', '__CLASS__': 'Adzuna::API::Response::Category', 'tag': 'unknown'}",0,System Engineer – Data Science (m/w/d),,,,
"{'area': ['Deutschland', 'Bayern', 'München (Kreis)', 'München', 'Altstadt-Lehel'], 'display_name': 'Altstadt-Lehel, München', '__CLASS__': 'Adzuna::API::Response::Location'}",5804565017,11.56907,"{'display_name': 'Actana Consulting Services GmbH', '__CLASS__': 'Adzuna::API::Response::Company'}",eyJhbGciOiJIUzI1NiJ9.eyJpIjoiNTgwNDU2NTAxNyIsInMiOiJVamdIcmtxbDhSR1hBb2dzMHF6QkRRIn0.vAdd7kg2e50yzgGB292fPsDec6zTNbqpdKJF4SRBJQE,48.14093,"Bist du bereit, als Projektmanager im Bereich Data Analytics und Data Science bei Actana Consulting Services GmbH durchzustarten? Unser Unternehmen ist bekannt für seine innovativen Lösungen und seinen Kunde-zentrierten Ansatz. In deiner Rolle wirst du die Möglichkeit haben, spannende Projekte zu leiten und mit modernsten Technologien zu arbeiten. Dabei unterstützt du unseren Kunden, datengetriebene Entscheidungen zu treffen und ihre Geschäftsprozesse zu optimieren. Wenn du ein Faible für Daten…",https://www.adzuna.de/details/5804565017?utm_medium=api&utm_source=a4bcf954,2026-07-17T09:53:04Z,Adzuna::API::Response::Job,"{'__CLASS__': 'Adzuna::API::Response::Category', 'tag': 'consultancy-jobs', 'label': 'Beraterstellen'}",0,Projektmanager Data analytics / Data science (all gender),,70000.0,80000.0,
"{'area': ['Deutschland', 'Bayern', 'München (Kreis)', 'München'], '__CLASS__': 'Adzuna::API::Response::Location', 'display_name': 'München, München (Kreis)'}",5802975838,11.555737,"{'display_name': 'Actana Consulting Services GmbH', '__CLASS__': 'Adzuna::API::Response::Company'}",eyJhbGciOiJIUzI1NiJ9.eyJzIjoiVWpnSHJrcWw4UkdYQW9nczBxekJEUSIsImkiOiI1ODAyOTc1ODM4In0.XfWXQvyTG9pTPUoNyBt5L_IHvFmgWCXweBAB0hQSvlI,48.137418,"Bist du bereit, als Projektmanager im Bereich Data Analytics und Data Science bei Actana Consulting Services GmbH durchzustarten? Unser Unternehmen ist bekannt für seine innovativen Lösungen und seinen Kunde-zentrierten Ansatz. In deiner Rolle wirst du die Möglichkeit haben, spannende Projekte zu leiten und mit modernsten Technologien zu arbeiten. Dabei unterstützt du unseren Kunden, datengetriebene Entscheidungen zu treffen und ihre Geschäftsprozesse zu optimieren. Wenn du ein Faible für Daten…",https://www.adzuna.de/details/5802975838?utm_medium=api&utm_source=a4bcf954,2026-07-16T16:07:02Z,Adzuna::API::Response::Job,"{'__CLASS__': 'Adzuna::API::Response::Category', 'tag': 'unknown', 'label': 'Unknown'}",0,Projektmanager Data analytics / Data science (all gender),full_time,,,
"{'__CLASS__': 'Adzuna::API::Response::Location', 'display_name': 'Oberkochen, Ostalbkreis', 'area': ['Deutschland', 'Baden-Württemberg', 'Ostalbkreis', 'Oberkochen']}",5836271385,10.10558,"{'__CLASS__': 'Adzuna::API::Response::Company', 'display_name': 'cigus GmbH'}",eyJhbGciOiJIUzI1NiJ9.eyJzIjoiVWpnSHJrcWw4UkdYQW9nczBxekJEUSIsImkiOiI1ODM2MjcxMzg1In0.CwqzVjwqJl4lGMvcyqb37UGD8zPJ2_C7_AmiO-xY-NQ,48.78408,"Hochtechnologie und Innovation …aktiv mitgestalten und vorantreiben – für diese Position suchen wir eine engagierte Persönlichkeit (m/w/d), die mit Ideenreichtum, Verantwortungsbewusstsein und fachlicher Kompetenz überzeugt. Als Beratungsunternehmen unterstützen wir unseren Kunden bei der Suche nach einer passenden Person, die Herausforderungen nicht als Hürde, sondern als spannende Möglichkeit zur Weiterentwicklung versteht. Das erwartet dich: Entwicklung und Implementierung von Datenanalyse-,…",https://www.adzuna.de/details/5836271385?utm_medium=api&utm_source=a4bcf954,2026-08-11T04:10:15Z,Adzuna::API::Response::Job,"{'label': 'Technikerstellen', '__CLASS__': 'Adzuna::API::Response::Category', 'tag': 'engineering-jobs'}",0,AI & Data Science Engineer (m/w/d),full_time,72000.0,83000.0,
"{'area': ['Deutschland', 'Baden-Württemberg', 'Ostalbkreis', 'Oberkochen'], '__CLASS__': 'Adzuna::API::Response::Location', 'display_name': 'Oberkochen, Ostalbkreis'}",5836692388,10.10558,"{'__CLASS__': 'Adzuna::API::Response::Company', 'display_name': 'cigus GmbH'}",eyJhbGciOiJIUzI1NiJ9.eyJzIjoiVWpnSHJrcWw4UkdYQW9nczBxekJEUSIsImkiOiI1ODM2NjkyMzg4In0.ERXVXSGn7-_BLFIFI25jh0eIojz8theteHTVVpYCiRc,48.78408,"Hochtechnologie und Innovation …aktiv mitgestalten und vorantreiben – für diese Position suchen wir eine engagierte Persönlichkeit (m/w/d), die mit Ideenreichtum, Verantwortungsbewusstsein und fachlicher Kompetenz überzeugt. Als Beratungsunternehmen unterstützen wir unseren Kunden bei der Suche nach einer passenden Person, die Herausforderungen nicht als Hürde, sondern als spannende Möglichkeit zur Weiterentwicklung versteht. Das erwartet dich: Entwicklung und Implementierung von Datenanalyse-,…",https://www.adzuna.de/details/5836692388?utm_medium=api&utm_source=a4bcf954,2026-08-11T13:55:30Z,Adzuna::API::Response::Job,"{'label': 'Unknown', '__CLASS__': 'Adzuna::API::Response::Category', 'tag': 'unknown'}",0,AI & Data Science Engineer (m/w/d),,,,
"{'display_name': 'Lechhausen, Augsburg', '__CLASS__': 'Adzuna::API::Response::Location', 'area': ['Deutschland', 'Bayern', 'Augsburg (Kreis)', 'Augsburg', 'Lechhausen']}",5727348288,10.904,"{'__CLASS__': 'Adzuna::API::Response::Company', 'display_name': 'XITASO'}",eyJhbGciOiJIUzI1NiJ9.eyJzIjoiVWpnSHJrcWw4UkdYQW9nczBxekJEUSIsImkiOiI1NzI3MzQ4Mjg4In0.g0Dzb0SNPBW7iils7euZTHV9q2JZCEjv91Iji5GQmas,48.38236,"Das ist die Herausforderung Im Studium mit vertiefter Praxis kombinierst Du ideal Theorie und Praxis . Deine im Hochschulstudium erworbenen Kenntnisse wendest Du in den betrieblichen Praxisphasen in konkreten Projekten an. So lernst Du nicht nur, warum etwas funktioniert, sondern auch, wie es funktioniert und wie es gemacht wird. In den 3,5 Jahren deines Bachelorstudiums absolvierst Du in den vorlesungsfreien Zeiten sowie im Praxissemester Deine Praxisphasen bei XITASO. Auch Deine Bachelorarbei…",https://www.adzuna.de/details/5727348288?utm_medium=api&utm_source=a4bcf954,2026-05-12T23:30:21Z,Adzuna::API::Response::Job,"{'label': 'IT-Stellen', '__CLASS__': 'Adzuna::API::Response::Category', 'tag': 'it-jobs'}",0,Studium mit vertiefter Praxis: Data Science B.Sc.,part_time,,,
"{'display_name': 'Augsburg, Augsburg (Kreis)', '__CLASS__': 'Adzuna::API::Response::Location', 'area': ['Deutschland', 'Bayern', 'Augsburg (Kreis)', 'Augsburg']}",5802896200,10.89379,"{'display_name': 'XITASO GmbH', '__CLASS__': 'Adzuna::API::Response::Company'}",eyJhbGciOiJIUzI1NiJ9.eyJpIjoiNTgwMjg5NjIwMCIsInMiOiJVamdIcmtxbDhSR1hBb2dzMHF6QkRRIn0.cCNIgbkb801YqWgaTOvN7_oOKFwjFloH4l8wGX1xMME,48.357096,"Das ist die Herausforderung Im Studium mit vertiefter Praxis kombinierst Du ideal Theorie und Praxis. Deine im Hochschulstudium erworbenen Kenntnisse wendest Du in den betrieblichen Praxisphasen in konkreten Projekten an. So lernst Du nicht nur, warum etwas funktioniert, sondern auch, wie es funktioniert und wie es gemacht wird. In den 3,5 Jahren deines Bachelorstudiums absolvierst Du in den vorlesungsfreien Zeiten sowie im Praxissemester Deine Praxisphasen bei XITASO. Auch Deine Bachelorarbeit…",https://www.adzuna.de/details/5802896200?utm_medium=api&utm_source=a4bcf954,2026-07-16T15:50:09Z,Adzuna::API::Response::Job,"{'tag': 'unknown', '__CLASS__': 'Adzuna::API::Response::Category', 'label': 'Unknown'}",0,Studium mit vertiefter Praxis: Data Science B.Sc.,,,,
"{'__CLASS__': 'Adzuna::API::Response::Location', 'display_name': 'Bornheim, Frankfurt am Main', 'area': ['Deutschland', 'Hessen', 'Frankfurt am Main', 'Bornheim']}",5809710891,8.71298,"{'__CLASS__': 'Adzuna::API::Response::Company', 'display_name': 'Siemens AG'}",eyJhbGciOiJIUzI1NiJ9.eyJpIjoiNTgwOTcxMDg5MSIsInMiOiJVamdIcmtxbDhSR1hBb2dzMHF6QkRRIn0.iUDeBjzlBbFHUl213bxtuLkuJCHQZCyoAHdIfkvYxvc,50.1246,"Dein Berufsbild: Du möchtest irgendwas mit Mathe machen und findest die Wirtschaftswelt spannend? Dann entscheide dich für ein Studium in Data Science und Künstliche Intelligenz und hol alles aus den Daten heraus. Data Science und Künstliche Intelligenz Spezialisten (w/m/d) sind die Schnittstelle zwischen IT und Business. Sie beherrschen die verschiedenen Technologien, bewerten deren Potenziale und wissen, wie man sie technisch umsetzt. In deinem dualen Studium erlernst du die Grundlagen, Konze…",https://www.adzuna.de/details/5809710891?utm_medium=api&utm_source=a4bcf954,2026-07-21T22:58:38Z,Adzuna::API::Response::Job,"{'label': 'Teilzeitstellen', 'tag': 'part-time-jobs', '__CLASS__': 'Adzuna::API::Response::Category'}",0,Data Science und Künstliche Intelligenz (B.Sc.) 2027,,,,
"{'area': ['Deutschland', 'Nordrhein-Westfalen', 'Münster', 'Gremmendorf'], 'display_name': 'Gremmendorf, Münster', '__CLASS__': 'Adzuna::API::Response::Location'}",5835690621,7.67925,"{'__CLASS__': 'Adzuna::API::Response::Company', 'display_name': 'CHECK24 Vergleichsportal'}",eyJhbGciOiJIUzI1NiJ9.eyJzIjoiVWpnSHJrcWw4UkdYQW9nczBxekJEUSIsImkiOiI1ODM1NjkwNjIxIn0.9Jt6HOX-JwEnSx8Hsw_pTJYqpxdiSCShlhkryi_lZeM,51.95368,"Über diesen Job Speed, Agilität und steile Entwicklungskurven – das macht CHECK24 aus. Unsere Vision: unseren Kundinnen in allen Produkten das beste Erlebnis zu bieten. Beim CHECK24 Hotelvergleich finden unsere Kundinnen weltweit die besten Hotels zum günstigsten Preis. Seit 2014 schaffen wir mit unseren Partnern einen transparenten Marktvergleich und ermöglichen unvergleichliche Reiseerlebnisse. Um unseren Hotelvergleich noch kundenfreundlicher und effizienter zu machen, suchen wir Dich als We…",https://www.adzuna.de/details/5835690621?utm_medium=api&utm_source=a4bcf954,2026-08-10T16:42:39Z,Adzuna::API::Response::Job,"{'tag': 'unknown', '__CLASS__': 'Adzuna::API::Response::Category', 'label': 'Unknown'}",0,Werkstudent (m/w/d) Data Science - Hotel,part_time,,,
"{'area': ['Deutschland', 'Berlin', 'Kreuzberg'], '__CLASS__': 'Adzuna::API::Response::Location', 'display_name': 'Kreuzberg, Berlin'}",5839130894,13.396,"{'__CLASS__': 'Adzuna::API::Response::Company', 'display_name': 'FLEX Capital Management GmbH'}",eyJhbGciOiJIUzI1NiJ9.eyJzIjoiVWpnSHJrcWw4UkdYQW9nczBxekJEUSIsImkiOiI1ODM5MTMwODk0In0.dgBA5Xm3U9zTY4rXekNo_Be-NOrGwyrSMNydcVrYMWw,52.4984,"Info: Als Werkstudent (w/m/d) im Bereich Data Science & AI wirst du Teil des Data & AI-Teams von FLEX Capital und arbeitest an der Entwicklung und Umsetzung datengetriebener Lösungen für unsere Portfoliounternehmen sowie interne Projekte. Du unterstützt das Team nicht nur operativ, sondern übernimmst – je nach Erfahrung – auch eigene Projekte von der Konzeption über die Umsetzung bis zum Deployment. Damit bekommst du die Chance, praktische Verantwortung zu übernehmen und reale AI-Anwendungen in…",https://www.adzuna.de/details/5839130894?utm_medium=api&utm_source=a4bcf954,2026-08-13T02:34:36Z,Adzuna::API::Response::Job,"{'__CLASS__': 'Adzuna::API::Response::Category', 'tag': 'unknown', 'label': 'Unknown'}",0,Werkstudent (w/m/d) Data Science & AI,part_time,,,contract
"{'__CLASS__': 'Adzuna::API::Response::Location', 'display_name': 'Tuttlingen, Tuttlingen (Kreis)', 'area': ['Deutschland', 'Baden-Württemberg', 'Tuttlingen (Kreis)', 'Tuttlingen']}",5802937350,8.79958,"{'display_name': 'KLS Martin Group', '__CLASS__': 'Adzuna::API::Response::Company'}",eyJhbGciOiJIUzI1NiJ9.eyJzIjoiVWpnSHJrcWw4UkdYQW9nczBxekJEUSIsImkiOiI1ODAyOTM3MzUwIn0.Vg3h05RjX02UpmgBCmQ5kC7oSuwbQb77rt28LDY7bj8,47.98941,"Du möchtest die digitale Welt aktiv mitgestalten und datengetriebene Lösungen für reale Herausforderungen entwickeln? Dann starte dein duales Studium im Studiengang Data Science & Künstliche Intelligenz an der DHBW Ravensburg und verbinde akademisches Wissen mit spannender Praxiserfahrung in der Medizintechnik. In deinen Theoriephasen eignest du dir fundierte Grundlagen in Programmierung, Mathematik und Statistik an Darüber hinaus baust du Kenntnisse in Data Science, Machine Learning und Künstl…",https://www.adzuna.de/details/5802937350?utm_medium=api&utm_source=a4bcf954,2026-07-16T15:57:34Z,Adzuna::API::Response::Job,"{'__CLASS__': 'Adzuna::API::Response::Category', 'tag': 'unknown', 'label': 'Unknown'}",0,Duales Studium Data Science und Künstliche Intelligenz | 2027,,,,
"{'__CLASS__': 'Adzuna::API::Response::Location', 'display_name': 'Oberkochen, Ostalbkreis', 'area': ['Deutschland', 'Baden-Württemberg', 'Ostalbkreis', 'Oberkochen']}",5836271332,10.10558,"{'display_name': 'encontec GmbH', '__CLASS__': 'Adzuna::API::Response::Company'}",eyJhbGciOiJIUzI1NiJ9.eyJpIjoiNTgzNjI3MTMzMiIsInMiOiJVamdIcmtxbDhSR1hBb2dzMHF6QkRRIn0.20CwP3vcFozq3KmMK0IlYoO9-2nvfQfK7AqbJ_z9IM0,48.78408,"AI & Data Science Manager (m/w/d) Bei unserem namhaften Kunden im Raum Aalen/Oberkochen - einem führenden Unternehmen der Hightechindustrie - bietet sich diese einmalige Perspektive im Rahmen der Arbeitnehmerüberlassung mit der Option auf Übernahme. Dein zukünftiger Tätigkeitsbereich Zentrale Mitgestaltung der technologischen Zukunft in einem Hightech-Umfeld sowie aktiver Beitrag zur digitalen Transformation und zur Sicherung der Wettbewerbsfähigkeit Verantwortung für die Entwicklung, Implement…",https://www.adzuna.de/details/5836271332?utm_medium=api&utm_source=a4bcf954,2026-08-11T04:10:14Z,Adzuna::API::Response::Job,"{'label': 'Stellen aus Wissenschaft & Qualitätssicherung', '__CLASS__': 'Adzuna::API::Response::Category', 'tag': 'scientific-qa-jobs'}",0,AI & Data Science Manager (m/w/d),full_time,68000.0,75000.0,
"{'__CLASS__': 'Adzuna::API::Response::Location', 'display_name': 'Oberkochen, Ostalbkreis', 'area': ['Deutschland', 'Baden-Württemberg', 'Ostalbkreis', 'Oberkochen']}",5839580885,10.10558,"{'display_name': 'FERCHAU GmbH', '__CLASS__': 'Adzuna::API::Response::Company'}",eyJhbGciOiJIUzI1NiJ9.eyJzIjoiVWpnSHJrcWw4UkdYQW9nczBxekJEUSIsImkiOiI1ODM5NTgwODg1In0.h4vwMGMLD9aW-DJfG5bAfCv_xVXr2OvtRrE4Uio8ZzE,48.78408,"Menschen und Technologien zu verbinden, den Perfect Match für unsere Kunden zu gestalten, immer die richtigen Expert:innen für die jeweilige Herausforderung zu finden - das ist unser Anspruch bei FERCHAU und dafür suchen wir dich: Dein Aufgabengebiet * Entwicklung und Implementierung von Datenanalyse- und Machine-Learning-Lösungen für Messsysteme * Konzeption, Programmierung und Integration neuer Algorithmen zur Auswertung großer Datensätze * Anwendung von Methoden wie Deep Learning, Bildverarb…",https://www.adzuna.de/details/5839580885?utm_medium=api&utm_source=a4bcf954,2026-08-13T07:31:47Z,Adzuna::API::Response::Job,"{'tag': 'unknown', '__CLASS__': 'Adzuna::API::Response::Category', 'label': 'Unknown'}",0,AI Data Science Engineer (m/w/d),,,,
"{'display_name': 'Knielingen, Karlsruhe', '__CLASS__': 'Adzuna::API::Response::Location', 'area': ['Deutschland', 'Baden-Württemberg', 'Karlsruhe (Kreis)', 'Karlsruhe', 'Knielingen']}",5809709204,8.34467,"{'display_name': 'Siemens AG', '__CLASS__': 'Adzuna::API::Response::Company'}",eyJhbGciOiJIUzI1NiJ9.eyJpIjoiNTgwOTcwOTIwNCIsInMiOiJVamdIcmtxbDhSR1hBb2dzMHF6QkRRIn0.1f6B2xsRV5lJDBhRtm_LytJngFxkkEGlTlodeJkHIBw,49.03071,"Dein Berufsbild: Du möchtest irgendwas mit Mathe und Programmieren machen und findest Technologien der Zukunft spannend? Dann entscheide dich für den Studiengang Data Science und Künstliche Intelligenz und hol alles aus den Daten heraus. In deinem Beruf bist du die Schnittstelle zwischen IT und Business. Du beherrschst die verschiedenen Technologien, bewertest deren Potenziale und weißt, wie man sie technisch umsetzt. In deinem dualen Studium erlernst du die Grundlagen, Konzepte und Methoden de…",https://www.adzuna.de/details/5809709204?utm_medium=api&utm_source=a4bcf954,2026-07-21T22:58:21Z,Adzuna::API::Response::Job,"{'__CLASS__': 'Adzuna::API::Response::Category', 'tag': 'part-time-jobs', 'label': 'Teilzeitstellen'}",0,Data Science und Künstliche Intelligenz (B.Sc.) 2027,,,,
"{'display_name': 'Karlsruhe, Karlsruhe (Kreis)', '__CLASS__': 'Adzuna::API::Response::Location', 'area': ['Deutschland', 'Baden-Württemberg', 'Karlsruhe (Kreis)', 'Karlsruhe']}",5767328897,8.412378,"{'__CLASS__': 'Adzuna::API::Response::Company', 'display_name': 'Siemens AG'}",eyJhbGciOiJIUzI1NiJ9.eyJpIjoiNTc2NzMyODg5NyIsInMiOiJVamdIcmtxbDhSR1hBb2dzMHF6QkRRIn0.8MxRUiLQmc0fhlXg79NTwqRd6hmXStct2sXrzT-pdXA,49.001249,"Dein Berufsbild: Du möchtest irgendwas mit Mathe und Programmieren machen und findest Technologien der Zukunft spannend? Dann entscheide dich für den Studiengang Data Science und Künstliche Intelligenz und hol alles aus den Daten heraus. In deinem Beruf bist du die Schnittstelle zwischen IT und Business. Du beherrschst die verschiedenen Technologien, bewertest deren Potenziale und weißt, wie man sie technisch umsetzt. In deinem dualen Studium erlernst du die Grundlagen, Konzepte und Methoden de…",https://www.adzuna.de/land/ad/5767328897?se=UjgHrkql8RGXAogs0qzBDQ&utm_medium=api&utm_source=a4bcf954&v=035D23A311258786BF2486F5AFEF4CF66CBAE58C,2026-06-18T01:08:56Z,Adzuna::API::Response::Job,"{'__CLASS__': 'Adzuna::API::Response::Category', 'tag': 'part-time-jobs', 'label': 'Teilzeitstellen'}",0,Data Science und Künstliche Intelligenz (B.Sc.) 2027,,,,
"{'area': ['Deutschland', 'Bayern', 'Nürnberg', 'Buchenbühl'], '__CLASS__': 'Adzuna::API::Response::Location', 'display_name': 'Buchenbühl, Nürnberg'}",5849254835,11.11021,"{'__CLASS__': 'Adzuna::API::Response::Company', 'display_name': 'WhyBrilliant GmbH'}",eyJhbGciOiJIUzI1NiJ9.eyJzIjoiVWpnSHJrcWw4UkdYQW9nczBxekJEUSIsImkiOiI1ODQ5MjU0ODM1In0.78u_k2GgfNnbBcfNBkDkSGv3S9G1irpT0-wypF-V-GY,49.50401,"WhyBrilliant is sourcing applicants for this role on behalf of an innovative German AI scale-up bridging psychology and advanced data analytics. The company's identity may stay confidential until first contact. Atlas, our AI Recruiter, is running this search and will pick the best candidates from Nova's network. The next step is to speak to Nova . The Role Job Title: Data Science Consultant (m/f/x/d) Location: Nuremberg, Germany Why this role matters As organizations struggle to extract actiona…",https://www.adzuna.de/details/5849254835?utm_medium=api&utm_source=a4bcf954,2026-08-20T05:31:08Z,Adzuna::API::Response::Job,"{'label': 'Unknown', 'tag': 'unknown', '__CLASS__': 'Adzuna::API::Response::Category'}",0,Data Science Consultant (m/f/x/d),full_time,70000.0,95000.0,permanent
"{'area': ['Deutschland', 'Nordrhein-Westfalen', 'Köln', 'Lövenich'], '__CLASS__': 'Adzuna::API::Response::Location', 'display_name': 'Lövenich, Köln'}",5809712370,6.82951,"{'display_name': 'Siemens AG', '__CLASS__': 'Adzuna::API::Response::Company'}",eyJhbGciOiJIUzI1NiJ9.eyJpIjoiNTgwOTcxMjM3MCIsInMiOiJVamdIcmtxbDhSR1hBb2dzMHF6QkRRIn0.1uZkEV5KOjzeIeiNRuyrysvDlg2P7Ak5lf7Kvbs5P9c,50.94691,"Dein Berufsbild: Du möchtest irgendwas mit Mathe und Programmieren machen und findest Technologien der Zukunft spannend? Dann entscheide dich für den Studiengang Data Science und Künstliche Intelligenz und hol alles aus den Daten heraus. In deinem Beruf bist du die Schnittstelle zwischen IT und Business. Du beherrschst die verschiedenen Technologien, bewertest deren Potenziale und weißt, wie man sie technisch umsetzt. In deinem dualen Studium erlernst du die Grundlagen, Konzepte und Methoden de…",https://www.adzuna.de/details/5809712370?utm_medium=api&utm_source=a4bcf954,2026-07-21T22:58:52Z,Adzuna::API::Response::Job,"{'label': 'Teilzeitstellen', '__CLASS__': 'Adzuna::API::Response::Category', 'tag': 'part-time-jobs'}",0,Data Science und Künstliche Intelligenz (B.Sc.) 2027,,,,
"{'__CLASS__': 'Adzuna::API::Response::Location', 'display_name': 'Köln, Nordrhein-Westfalen', 'area': ['Deutschland', 'Nordrhein-Westfalen', 'Köln']}",5785412191,6.969972,"{'display_name': 'Siemens AG', '__CLASS__': 'Adzuna::API::Response::Company'}",eyJhbGciOiJIUzI1NiJ9.eyJzIjoiVWpnSHJrcWw4UkdYQW9nczBxekJEUSIsImkiOiI1Nzg1NDEyMTkxIn0.EC1OUhv_JntWKJQUjswMe71utF5i0Luaa-BLKHcmwKQ,50.940164,"Dein Berufsbild: Du möchtest irgendwas mit Mathe und Programmieren machen und findest Technologien der Zukunft spannend? Dann entscheide dich für den Studiengang Data Science und Künstliche Intelligenz und hol alles aus den Daten heraus. In deinem Beruf bist du die Schnittstelle zwischen IT und Business. Du beherrschst die verschiedenen Technologien, bewertest deren Potenziale und weißt, wie man sie technisch umsetzt. In deinem dualen Studium erlernst du die Grundlagen, Konzepte und Methoden de…",https://www.adzuna.de/land/ad/5785412191?se=UjgHrkql8RGXAogs0qzBDQ&utm_medium=api&utm_source=a4bcf954&v=D0A77CD380C46F611C880989E79CBA2570403C30,2026-07-02T14:03:32Z,Adzuna::API::Response::Job,"{'__CLASS__': 'Adzuna::API::Response::Category', 'tag': 'part-time-jobs', 'label': 'Teilzeitstellen'}",0,Data Science und Künstliche Intelligenz (B.Sc.) 2027,,,,
"{'area': ['Deutschland', 'Baden-Württemberg', 'Ostalbkreis', 'Oberkochen'], 'display_name': 'Oberkochen, Ostalbkreis', '__CLASS__': 'Adzuna::API::Response::Location'}",5832059071,10.10558,"{'__CLASS__': 'Adzuna::API::Response::Company', 'display_name': 'Bertrandt AG'}",eyJhbGciOiJIUzI1NiJ9.eyJzIjoiVWpnSHJrcWw4UkdYQW9nczBxekJEUSIsImkiOiI1ODMyMDU5MDcxIn0.4QczVD0NJoFt9h31pWGRuX0xsHlpVgDDWJuaf2hHywg,48.78408,"Wir sind Bertrandt. Ein eigenständiger und internationaler Engineering Dienstleister mit langjähriger Expertise. Mit branchenübergreifendem Know-how und einem ganzheitlichen System- und Produktverständnis schaffen wir technologische Lösungen entlang der gesamten Wertschöpfungskette. Wir beschäftigen uns mit den Trendthemen Digitalisierung, E-Mobilität und Autonome Systeme hauptsächlich für die Branchen Automotive, Luftfahrt, Defence und Maschinenbau und ermöglichen hier konsequent die Entstehun…",https://www.adzuna.de/details/5832059071?utm_medium=api&utm_source=a4bcf954,2026-08-07T16:37:12Z,Adzuna::API::Response::Job,"{'tag': 'unknown', '__CLASS__': 'Adzuna::API::Response::Category', 'label': 'Unknown'}",0,Senior Data Science Engineer (m/w/d),full_time,,,
"{'area': ['Deutschland'], 'display_name': 'Deutschland', '__CLASS__': 'Adzuna::API::Response::Location'}",5785998702,,"{'__CLASS__': 'Adzuna::API::Response::Company', 'display_name': 'Danaher'}",eyJhbGciOiJIUzI1NiJ9.eyJzIjoiVWpnSHJrcWw4UkdYQW9nczBxekJEUSIsImkiOiI1Nzg1OTk4NzAyIn0.mWaiROLnh7sEBALSbXoTFnGGgoUXfX3sCZhc0MOEw5g,,"Bring more to life. Are you ready to accelerate your potential and make a real difference within life sciences, diagnostics and biotechnology? At Leica Microsystems, one of Danaher’s 15 operating companies, our work saves lives—and we’re all united by a shared commitment to innovate for tangible impact. You’ll thrive in a culture of belonging where you and your unique viewpoint matter. And by harnessing Danaher’s system of continuous improvement, you help turn ideas into impact – innovating at …",https://www.adzuna.de/details/5785998702?utm_medium=api&utm_source=a4bcf954,2026-07-02T23:12:33Z,Adzuna::API::Response::Job,"{'__CLASS__': 'Adzuna::API::Response::Category', 'tag': 'unknown', 'label': 'Unknown'}",0,Master Thesis Student Data Science Preventative Service,part_time,,,
"{'area': ['Deutschland', 'Nordrhein-Westfalen', 'Bonn', 'Zentrum'], '__CLASS__': 'Adzuna::API::Response::Location', 'display_name': 'Zentrum, Bonn'}",5804554861,7.10344,"{'display_name': 'twomynds', '__CLASS__': 'Adzuna::API::Response::Company'}",eyJhbGciOiJIUzI1NiJ9.eyJpIjoiNTgwNDU1NDg2MSIsInMiOiJVamdIcmtxbDhSR1hBb2dzMHF6QkRRIn0.nriFPcBc1G2yY1yiPL4wj7-FsVgRcgGyvpYI84hXbZ4,50.73754,"Du willst sehen, wie deine Arbeit in echten Use Cases Mehrwert schafft – bei Unternehmen, die du aus dem Alltag kennst? Willkommen bei twomynds. Wir sind eine dedizierte Data-&-AI-Beratung sowie ein Service Provider mit End-to-End-Umsetzung und begleiten Unternehmen von der strategischen Zielsetzung bis zur operativen Realisierung – strategisch, umsetzungsstark und ergebnisorientiert. Unsere Mission: Ambitionierte Unternehmen befähigen, Data & AI in geschäftskritischen Mehrwert zu verwandeln – …",https://www.adzuna.de/details/5804554861?utm_medium=api&utm_source=a4bcf954,2026-07-17T09:51:02Z,Adzuna::API::Response::Job,"{'label': 'Unknown', 'tag': 'unknown', '__CLASS__': 'Adzuna::API::Response::Category'}",0,AI & Data Science Consultant (m/w/d),,,,
"{'area': ['Deutschland', 'Nordrhein-Westfalen', 'Bonn'], 'display_name': 'Bonn, Nordrhein-Westfalen', '__CLASS__': 'Adzuna::API::Response::Location'}",5802963268,7.112412,"{'display_name': 'twomynds', '__CLASS__': 'Adzuna::API::Response::Company'}",eyJhbGciOiJIUzI1NiJ9.eyJpIjoiNTgwMjk2MzI2OCIsInMiOiJVamdIcmtxbDhSR1hBb2dzMHF6QkRRIn0.9abz3VY8AZmzSiHsZAh9OvHESAIQsIIGvgiGcWU0WWU,50.71942,"Du willst sehen, wie deine Arbeit in echten Use Cases Mehrwert schafft – bei Unternehmen, die du aus dem Alltag kennst? Willkommen bei twomynds. Wir sind eine dedizierte Data-&-AI-Beratung sowie ein Service Provider mit End-to-End-Umsetzung und begleiten Unternehmen von der strategischen Zielsetzung bis zur operativen Realisierung – strategisch, umsetzungsstark und ergebnisorientiert. Unsere Mission: Ambitionierte Unternehmen befähigen, Data & AI in geschäftskritischen Mehrwert zu verwandeln – …",https://www.adzuna.de/details/5802963268?utm_medium=api&utm_source=a4bcf954,2026-07-16T16:04:38Z,Adzuna::API::Response::Job,"{'__CLASS__': 'Adzuna::API::Response::Category', 'tag': 'unknown', 'label': 'Unknown'}",0,AI & Data Science Consultant (m/w/d),full_time,,,
"{'area': ['Deutschland', 'Baden-Württemberg', 'Mannheim'], '__CLASS__': 'Adzuna::API::Response::Location', 'display_name': 'Mannheim, Baden-Württemberg'}",5783000745,8.491505,"{'__CLASS__': 'Adzuna::API::Response::Company', 'display_name': 'Danaher Corporation'}",eyJhbGciOiJIUzI1NiJ9.eyJpIjoiNTc4MzAwMDc0NSIsInMiOiJVamdIcmtxbDhSR1hBb2dzMHF6QkRRIn0.OGboV-1jJkq9YBVC35BMfQUYNMF0piagUDbtbm8PiMw,49.496025,"Bring more to life. Are you ready to accelerate your potential and make a real difference within life sciences, diagnostics and biotechnology? At Leica Microsystems, one of Danaher's (https://danaher.com/our-businesses) 15 operating companies, our work saves lives-and we're all united by a shared commitment to innovate for tangible impact. You'll thrive in a culture of belonging where you and your unique viewpoint matter. And by harnessing Danaher's system of continuous improvement, you help tu…",https://www.adzuna.de/details/5783000745?utm_medium=api&utm_source=a4bcf954,2026-07-01T07:46:19Z,Adzuna::API::Response::Job,"{'tag': 'unknown', '__CLASS__': 'Adzuna::API::Response::Category', 'label': 'Unknown'}",0,Master Thesis Student Data Science Preventative Service,,,,
"{'area': ['Deutschland', 'Nordrhein-Westfalen', 'Köln'], 'display_name': 'Köln, Nordrhein-Westfalen', '__CLASS__': 'Adzuna::API::Response::Location'}",5775814381,,"{'__CLASS__': 'Adzuna::API::Response::Company', 'display_name': 'Danaher Corporation'}",eyJhbGciOiJIUzI1NiJ9.eyJzIjoiVWpnSHJrcWw4UkdYQW9nczBxekJEUSIsImkiOiI1Nzc1ODE0MzgxIn0.4m26YiwstTlbsp43lVk1YlSqm1N_s1XwOccb4fLLVok,,"Bring more to life. Are you ready to accelerate your potential and make a real difference within life sciences, diagnostics and biotechnology? At Cytiva, one of Danaher's (https://danaher.com/our-businesses) 15 operating companies, our work saves lives-and we're all united by a shared commitment to innovate for tangible impact. You'll thrive in a culture of belonging where you and your unique viewpoint matter. And by harnessing Danaher's system of continuous improvement, you help turn ideas int…",https://www.adzuna.de/details/5775814381?utm_medium=api&utm_source=a4bcf954,2026-06-25T07:51:26Z,Adzuna::API::Response::Job,"{'tag': 'unknown', '__CLASS__': 'Adzuna::API::Response::Category', 'label': 'Unknown'}",0,Senior Scientist Data Science (f/m/d),,,,
"{'area': ['Deutschland'], '__CLASS__': 'Adzuna::API::Response::Location', 'display_name': 'Deutschland'}",5821242140,,"{'display_name': 'Danaher', '__CLASS__': 'Adzuna::API::Response::Company'}",eyJhbGciOiJIUzI1NiJ9.eyJpIjoiNTgyMTI0MjE0MCIsInMiOiJVamdIcmtxbDhSR1hBb2dzMHF6QkRRIn0.__vkVMlmD_lsQ5NVmtTVWzYsHb6nloUXxrakD775C1Y,,"Bring more to life. Are you ready to accelerate your potential and make a real difference within life sciences, diagnostics and biotechnology? At Cytiva, one of Danaher’s 15 operating companies, our work saves lives—and we’re all united by a shared commitment to innovate for tangible impact. You’ll thrive in a culture of belonging where you and your unique viewpoint matter. And by harnessing Danaher’s system of continuous improvement, you help turn ideas into impact – innovating at the speed of…",https://www.adzuna.de/details/5821242140?utm_medium=api&utm_source=a4bcf954,2026-07-30T17:30:10Z,Adzuna::API::Response::Job,"{'tag': 'unknown', '__CLASS__': 'Adzuna::API::Response::Category', 'label': 'Unknown'}",0,Senior Scientist Data Science (f/m/d),full_time,,,
"{'area': ['Deutschland', 'Nordrhein-Westfalen', 'Bonn'], 'display_name': 'Bonn, Nordrhein-Westfalen', '__CLASS__': 'Adzuna::API::Response::Location'}",5802960629,7.112412,"{'__CLASS__': 'Adzuna::API::Response::Company', 'display_name': 'twomynds'}",eyJhbGciOiJIUzI1NiJ9.eyJpIjoiNTgwMjk2MDYyOSIsInMiOiJVamdIcmtxbDhSR1hBb2dzMHF6QkRRIn0.nv0Z4aXRMKjJN9wK2ExgjFEhC8nKp4OybIIguI0RWyA,50.71942,"Du willst sehen, wie deine Lösungen direkt Management-Entscheidungen beeinflussen und in echten Use Cases Mehrwert schaffen – bei Unternehmen, die du aus dem Alltag kennst? Willkommen bei twomynds. Wir sind ein dedizierter End-to-End Data & AI Service Provider – strategisch, umsetzungsstark und ergebnisorientiert. Unsere Mission: Ambitionierte Unternehmen befähigen, Data & AI in geschäftskritischen Mehrwert zu verwandeln – mit strategischer Klarheit, technischer Exzellenz und unternehmerischer …",https://www.adzuna.de/details/5802960629?utm_medium=api&utm_source=a4bcf954,2026-07-16T16:04:07Z,Adzuna::API::Response::Job,"{'__CLASS__': 'Adzuna::API::Response::Category', 'tag': 'unknown', 'label': 'Unknown'}",0,Data Science & Solutions Consultant (m/w/d),full_time,,,
"{'area': ['Deutschland', 'Nordrhein-Westfalen', 'Bonn', 'Zentrum'], '__CLASS__': 'Adzuna::API::Response::Location', 'display_name': 'Zentrum, Bonn'}",5804550589,7.10344,"{'__CLASS__': 'Adzuna::API::Response::Company', 'display_name': 'twomynds'}",eyJhbGciOiJIUzI1NiJ9.eyJpIjoiNTgwNDU1MDU4OSIsInMiOiJVamdIcmtxbDhSR1hBb2dzMHF6QkRRIn0._pAnZP57t0Q6SG9qcCYkWO6WiRi3vVMCyhx1Ypoqn9c,50.73754,"Du willst sehen, wie deine Lösungen direkt Management-Entscheidungen beeinflussen und in echten Use Cases Mehrwert schaffen – bei Unternehmen, die du aus dem Alltag kennst? Willkommen bei twomynds. Wir sind ein dedizierter End-to-End Data & AI Service Provider – strategisch, umsetzungsstark und ergebnisorientiert. Unsere Mission: Ambitionierte Unternehmen befähigen, Data & AI in geschäftskritischen Mehrwert zu verwandeln – mit strategischer Klarheit, technischer Exzellenz und unternehmerischer …",https://www.adzuna.de/details/5804550589?utm_medium=api&utm_source=a4bcf954,2026-07-17T09:50:27Z,Adzuna::API::Response::Job,"{'label': 'Unknown', 'tag': 'unknown', '__CLASS__': 'Adzuna::API::Response::Category'}",0,Data Science & Solutions Consultant (m/w/d),,,,
"{'display_name': 'Roding, Cham (Kreis)', '__CLASS__': 'Adzuna::API::Response::Location', 'area': ['Deutschland', 'Bayern', 'Cham (Kreis)', 'Roding']}",5588400364,12.51611,"{'display_name': 'MB Automation & Co. KG', '__CLASS__': 'Adzuna::API::Response::Company'}",eyJhbGciOiJIUzI1NiJ9.eyJzIjoiVWpnSHJrcWw4UkdYQW9nczBxekJEUSIsImkiOiI1NTg4NDAwMzY0In0.H0G-j4M9Q_HDKJwkHX2zqaY83vdQ-zh6-N9vCUaPOD8,49.1953,"Mitarbeit bei der Analyse und Verarbeitung großer Datenmengen (z.B. Datenaufbereitung, Datenbankmanagement, Statistik, Data Mining) Entwicklung und Anwendung von Machine-Learning-/KI-Modellen (z. B. für Bild- oder Spracherkennung, Predictive Analytics, Automatisierung) Unterstützung bei Software- und Systementwicklung, ggf. Webtechnologien, Datenbanken und Cloud-Lösungen Mitarbeit in interdisziplinären Projekten, Dokumentation, Testen und Evaluierung von Prototypen oder Anwendungen Zusammenarbe…",https://www.adzuna.de/details/5588400364?utm_medium=api&utm_source=a4bcf954,2026-01-16T21:16:55Z,Adzuna::API::Response::Job,"{'label': 'Stellen aus Logistik & Lagerhaltung', 'tag': 'logistics-warehouse-jobs', '__CLASS__': 'Adzuna::API::Response::Category'}",0,Duales Studium im Bereich Künstliche Intelligenz und Data Science,full_time,,,
"{'display_name': 'Berlin, Deutschland', '__CLASS__': 'Adzuna::API::Response::Location', 'area': ['Deutschland', 'Berlin']}",5791478556,13.420806,"{'display_name': 'Enpal', '__CLASS__': 'Adzuna::API::Response::Company'}",eyJhbGciOiJIUzI1NiJ9.eyJzIjoiVWpnSHJrcWw4UkdYQW9nczBxekJEUSIsImkiOiI1NzkxNDc4NTU2In0.Cry0hIhBrof1hKa134hZy0flklbkwggy4brFcdsnLh4,52.507706,"At Enpal, we are not just a company; we are a movement. As a recognized greentech unicorn and one of Europe’s fastest-growing energy companies, we’re dedicated to making solar energy accessible and effortless for homeowners across the continent. Our innovative business model for solar panels, heat pumps, home energy storage systems, and EV charging stations is redefining the residential energy market. With our mission to empower homeowners to embrace clean energy, we are paving the way for a su…",https://www.adzuna.de/details/5791478556?utm_medium=api&utm_source=a4bcf954,2026-07-08T00:41:07Z,Adzuna::API::Response::Job,"{'label': 'Unknown', '__CLASS__': 'Adzuna::API::Response::Category', 'tag': 'unknown'}",0,Team Lead Data Science (f/m/x),full_time,,,
"{'area': ['Deutschland', 'Bayern', 'Nürnberg', 'Buchenbühl'], '__CLASS__': 'Adzuna::API::Response::Location', 'display_name': 'Buchenbühl, Nürnberg'}",5776860396,11.11021,"{'__CLASS__': 'Adzuna::API::Response::Company', 'display_name': 'Career @ Symanto'}",eyJhbGciOiJIUzI1NiJ9.eyJzIjoiVWpnSHJrcWw4UkdYQW9nczBxekJEUSIsImkiOiI1Nzc2ODYwMzk2In0.64UhJDWIcp2YATaK7sQ5_EzAThFyQYh9j0XQsbGWjx4,49.50401,"At Symanto, we are looking for a Data Science Consultant based in Germany, UAE or Spain to join our team! In this client-facing role, you will work at the intersection of advanced analytics, AI, and business consulting, helping organizations uncover opportunities for growth, transformation, and value creation. You will collaborate with senior stakeholders, translate business challenges into analytical solutions, and contribute to the development of innovative methodologies powered by cutting-ed…",https://www.adzuna.de/details/5776860396?utm_medium=api&utm_source=a4bcf954,2026-06-25T23:40:50Z,Adzuna::API::Response::Job,"{'tag': 'consultancy-jobs', '__CLASS__': 'Adzuna::API::Response::Category', 'label': 'Beraterstellen'}",0,Data Science Consultant (m/f/x/d),full_time,,,
"{'display_name': 'Weingartshof, Ravensburg', '__CLASS__': 'Adzuna::API::Response::Location', 'area': ['Deutschland', 'Baden-Württemberg', 'Ravensburg (Kreis)', 'Ravensburg', 'Weingartshof']}",5809710595,9.62186,"{'display_name': 'EBZ SE', '__CLASS__': 'Adzuna::API::Response::Company'}",eyJhbGciOiJIUzI1NiJ9.eyJpIjoiNTgwOTcxMDU5NSIsInMiOiJVamdIcmtxbDhSR1hBb2dzMHF6QkRRIn0.zvHKs8JNaygvnvBhFOOHRmFXTvXRm6eD7orVDFf_V-s,47.77567,"Dieser Studiengang bereitet Dich darauf vor, den digitalen Wandel in Unternehmen voranzutreiben und aktiv mitzugestalten. Dazu werden Grundlagen der Informatik und der Wirtschaftsinformatik mit Kerninhalten der Data Science kombiniert. Themen wie Cloud Computing, Big Data, Visual Analytics und AI spielen hier eine große Rolle. Du lernst den Umgang und die Interpretation von großen Datenmengen, deren Darstellung, und das Training von AI-Modellen. Deine Ideen und Projekte kannst du dabei direkt i…",https://www.adzuna.de/details/5809710595?utm_medium=api&utm_source=a4bcf954,2026-07-21T22:58:35Z,Adzuna::API::Response::Job,"{'tag': 'part-time-jobs', '__CLASS__': 'Adzuna::API::Response::Category', 'label': 'Teilzeitstellen'}",0,Duales Studium (DHBW) Data Science und Künstliche Intelligenz,,,,
"{'display_name': 'Milbertshofen-Am Hart, München', '__CLASS__': 'Adzuna::API::Response::Location', 'area': ['Deutschland', 'Bayern', 'München (Kreis)', 'München', 'Milbertshofen-Am Hart']}",5727284102,11.57287,"{'display_name': 'Enforto', '__CLASS__': 'Adzuna::API::Response::Company'}",eyJhbGciOiJIUzI1NiJ9.eyJpIjoiNTcyNzI4NDEwMiIsInMiOiJVamdIcmtxbDhSR1hBb2dzMHF6QkRRIn0.TlP-d7q01--WPQNY0sR55aVMkwxJm58Om0V_nZfapAI,48.18446,"Was Du bei uns machst: Forschung, Entwicklung, Anwendung und Implementierung Data Science, Big Data Entwicklung und Integration von Automatisierungslösungen auf Basis von REST-APIs Datenbankanbindung und -abfragen im Rahmen von Datenpipelines (SQL) AI, Machine Learning, Deep Learning, Computer vision Full-Stack Programming Worum geht's Für unseren Bereich Forschung & Entwicklung suchen wir derzeit Unterstützung durch Studierende. In sowohl kundenspezifischen Projekten als auch Inhouse Forschung…",https://www.adzuna.de/details/5727284102?utm_medium=api&utm_source=a4bcf954,2026-05-12T22:49:43Z,Adzuna::API::Response::Job,"{'__CLASS__': 'Adzuna::API::Response::Category', 'tag': 'it-jobs', 'label': 'IT-Stellen'}",0,Werkstudent/in - Data Science und Softwareentwicklung (m/w/d),part_time,,,
"{'display_name': 'Oberkochen, Ostalbkreis', '__CLASS__': 'Adzuna::API::Response::Location', 'area': ['Deutschland', 'Baden-Württemberg', 'Ostalbkreis', 'Oberkochen']}",5837015735,10.10558,"{'display_name': 'Jenpersonal', '__CLASS__': 'Adzuna::API::Response::Company'}",eyJhbGciOiJIUzI1NiJ9.eyJpIjoiNTgzNzAxNTczNSIsInMiOiJVamdIcmtxbDhSR1hBb2dzMHF6QkRRIn0.6S3mwc9jX7ye8Yy1bo1WY56CUuQXOxjB4ugHovM-hrc,48.78408,"Ihre Aufgaben: Für unseren High-Tech-Kunde aus der Halbleiterindustrie, sind wir derzeit auf der Suche nach einem AI & Data Science Engineer (m/w/d). im Bereich EUV Metrology Die Stelle wird im Rahmen der Arbeitnehmerüberlassung besetzt. Die Stelle ist auf einen Zeitraum von 24 Monaten ausgelegt. Zu Ihrem Verantwortungsbereich gehören: Aktive Mitgestaltung der digitalen Transformation und technologischen Weiterentwicklung unseres Auftraggebers und damit einen wichtigen Beitrag zur Sicherung und…",https://www.adzuna.de/details/5837015735?utm_medium=api&utm_source=a4bcf954,2026-08-11T18:02:22Z,Adzuna::API::Response::Job,"{'tag': 'unknown', '__CLASS__': 'Adzuna::API::Response::Category', 'label': 'Unknown'}",0,AI & Data Science Engineer (m/w/d),full_time,,,
"{'display_name': 'Oberkochen, Ostalbkreis', '__CLASS__': 'Adzuna::API::Response::Location', 'area': ['Deutschland', 'Baden-Württemberg', 'Ostalbkreis', 'Oberkochen']}",5844148317,10.10558,"{'__CLASS__': 'Adzuna::API::Response::Company', 'display_name': 'Jenpersonal GmbH'}",eyJhbGciOiJIUzI1NiJ9.eyJpIjoiNTg0NDE0ODMxNyIsInMiOiJVamdIcmtxbDhSR1hBb2dzMHF6QkRRIn0.X6N64pUjDGXautzTXlH_x_Xtq5YWgqGvqempvBqoonM,48.78408,"Wer wir sind: JENPERSONAL bestimmt seinen Fokus auf Branchen, in denen Erfahrung, Marktkenntnisse und Fachwissen entscheidende Kriterien für eine nachhaltige Besetzung von Schlüsselpositionen aus dem Hochtechnologiesektor sind. JENPERSONAL sind branchenspezialisierte Personalberater, die Unternehmen aus dem Technologiesektor bei der Suche und Auswahl von Spezialisten und Führungskräften wirksam unterstützen. Ihre Aufgaben: Für unseren High-Tech-Kunde aus der Halbleiterindustrie, sind wir derzei…",https://www.adzuna.de/details/5844148317?utm_medium=api&utm_source=a4bcf954,2026-08-16T12:38:07Z,Adzuna::API::Response::Job,"{'label': 'Sonstige/Allgemeine Stellen', 'tag': 'other-general-jobs', '__CLASS__': 'Adzuna::API::Response::Category'}",0,AI & Data Science Engineer (m/w/d),full_time,,,
"{'__CLASS__': 'Adzuna::API::Response::Location', 'display_name': 'Charlottenburg, Berlin', 'area': ['Deutschland', 'Berlin', 'Charlottenburg']}",5813843229,13.30147,"{'__CLASS__': 'Adzuna::API::Response::Company', 'display_name': 'PAIR Finance GmbH'}",eyJhbGciOiJIUzI1NiJ9.eyJpIjoiNTgxMzg0MzIyOSIsInMiOiJVamdIcmtxbDhSR1hBb2dzMHF6QkRRIn0.E270Bbqy2aljIbZM2ijCS_2qe54qn3skHBAjx641AdU,52.51115,"Are you ready to change the market? As the innovation leader in the receivables management industry, we at PAIR Finance are proud of our unique technology. Our algorithm, based on artificial intelligence, sensitizes defaulting consumers to pay outstanding debts without straining the customer relationship. Our fully automated, individually tailored approach enables us to assess each debtor's situation and achieve higher repayment rates. Our Data and Behavioral Science teams utilize purpose-built…",https://www.adzuna.de/details/5813843229?utm_medium=api&utm_source=a4bcf954,2026-07-24T15:03:20Z,Adzuna::API::Response::Job,"{'label': 'Unknown', '__CLASS__': 'Adzuna::API::Response::Category', 'tag': 'unknown'}",0,Team Lead (f/m/d) Data Science,full_time,97500.0,130000.0,permanent
"{'area': ['Deutschland', 'Berlin'], '__CLASS__': 'Adzuna::API::Response::Location', 'display_name': 'Berlin, Deutschland'}",5785928082,13.420806,"{'__CLASS__': 'Adzuna::API::Response::Company', 'display_name': 'JustWatch'}",eyJhbGciOiJIUzI1NiJ9.eyJpIjoiNTc4NTkyODA4MiIsInMiOiJVamdIcmtxbDhSR1hBb2dzMHF6QkRRIn0.JT1juLSLpN1fYZORINbxjk8QCokYS9CcVx-eKn69g_g,52.507706,"Who we are JustWatch delivers data-driven digital marketing for the global entertainment business. From the biggest blockbusters to award-winning shows, major sporting events, and best-selling console games. We are not only entertainment obsessives, but we also own the world's largest streaming guide, which gives us unparalleled data and insights on audience behaviors and content tastes. From a small startup, we've evolved into a 200 strong team, based in Berlin, around the world, or working re…",https://www.adzuna.de/details/5785928082?utm_medium=api&utm_source=a4bcf954,2026-07-02T23:01:22Z,Adzuna::API::Response::Job,"{'label': 'Stellen aus PR, Werbung & Marketing', '__CLASS__': 'Adzuna::API::Response::Category', 'tag': 'pr-advertising-marketing-jobs'}",0,Working Student - Data Science (Research & Predictive Analytics),,,,
"{'area': ['Deutschland', 'Nordrhein-Westfalen', 'Düsseldorf', 'Bilk'], '__CLASS__': 'Adzuna::API::Response::Location', 'display_name': 'Bilk, Düsseldorf'}",5830767830,6.78055,"{'__CLASS__': 'Adzuna::API::Response::Company', 'display_name': 'Universitätsklinikum Düsseldorf'}",eyJhbGciOiJIUzI1NiJ9.eyJzIjoiVWpnSHJrcWw4UkdYQW9nczBxekJEUSIsImkiOiI1ODMwNzY3ODMwIn0.8gc_OgtDAWU3_JnZZ2JJCQScV7DmNfm2PX1iAZPa5pU,51.20259,"Düsseldorf University Hospital (UKD) is the largest hospital in the state capital and one of the most important medical centers in North Rhine-Westphalia. The 9,300 employees at UKD and its subsidiaries are committed to treating over 45,000 inpatients and 270,000 outpatients every year. The UKD stands for international excellence in patient care, research and teaching, as well as for innovative and safe diagnostics, therapy and prevention. Patients benefit from the intensive interdisciplinary c…",https://www.adzuna.de/details/5830767830?utm_medium=api&utm_source=a4bcf954,2026-08-06T18:04:21Z,Adzuna::API::Response::Job,"{'__CLASS__': 'Adzuna::API::Response::Category', 'tag': 'unknown', 'label': 'Unknown'}",0,PhD student - Data Science (m/f/d),,,,
"{'display_name': 'Oberkochen, Ostalbkreis', '__CLASS__': 'Adzuna::API::Response::Location', 'area': ['Deutschland', 'Baden-Württemberg', 'Ostalbkreis', 'Oberkochen']}",5589698017,10.10558,"{'__CLASS__': 'Adzuna::API::Response::Company', 'display_name': 'ZEISS'}",eyJhbGciOiJIUzI1NiJ9.eyJzIjoiVWpnSHJrcWw4UkdYQW9nczBxekJEUSIsImkiOiI1NTg5Njk4MDE3In0.lffU8c4Ojwm9i-CSBJMPfmVsTrssiAgSd81h_cwMcZc,48.78408,"Enabler für kleinere, leistungsfähigere und energieeffizientere Mikrochips Arbeiten, wo das Morgen entsteht. Rund 80 Prozent aller Mikrochips weltweit werden mit ZEISS Technologien gefertigt. Als Herzstück eines jeden elektronisch gesteuerten Systems sind sie aus unserem Alltag nicht mehr wegzudenken – egal ob im Smartphone, im Smart Home oder in Smart Factories. ZEISS ist Technologieführer im Bereich Halbleiterfertigungs-Equipment. Mit hochpräzisen Lithographie-Optiken, Photomasken-Systemen un…",https://www.adzuna.de/details/5589698017?utm_medium=api&utm_source=a4bcf954,2026-01-17T21:24:39Z,Adzuna::API::Response::Job,"{'label': 'Stellen aus Kreation & Design', 'tag': 'creative-design-jobs', '__CLASS__': 'Adzuna::API::Response::Category'}",0,Abschlussarbeit Data Science / Mechanikdesign (m/w/x),full_time,,,
"{'__CLASS__': 'Adzuna::API::Response::Location', 'display_name': 'Innere Altstadt, Dresden', 'area': ['Deutschland', 'Sachsen', 'Dresden', 'Innere Altstadt']}",5854482091,13.73717,"{'display_name': 'Technische Universität Dresden', '__CLASS__': 'Adzuna::API::Response::Company'}",eyJhbGciOiJIUzI1NiJ9.eyJpIjoiNTg1NDQ4MjA5MSIsInMiOiJVamdIcmtxbDhSR1hBb2dzMHF6QkRRIn0.jJseTANLkNABxacV2jmZKUoh0b672Yk1xrtO2M5aYwY,51.05032,"TUD Dresden University of Technology, as a University of Excellence, is one of the leading and most dynamic research institutions in Germany. The new Center for Synergy of Systems (SynoSys) develops transdisciplinary approaches and methods in the fields of network science, data science and citizen science in order to conduct integrative research into complex phenomena at the interfaces between biomedicine, social sciences and life sciences. SynoSys will contribute to the emergence of a scientif…",https://www.adzuna.de/details/5854482091?utm_medium=api&utm_source=a4bcf954,2026-08-24T18:17:41Z,Adzuna::API::Response::Job,"{'tag': 'unknown', '__CLASS__': 'Adzuna::API::Response::Category', 'label': 'Unknown'}",0,PhD Student Data Science (m/f/d),,,,
"{'area': ['Deutschland', 'Brandenburg', 'Potsdam', 'Bornim'], '__CLASS__': 'Adzuna::API::Response::Location', 'display_name': 'Bornim, Potsdam'}",5820490857,13.00056,"{'display_name': 'GUS Germany GmbH', '__CLASS__': 'Adzuna::API::Response::Company'}",eyJhbGciOiJIUzI1NiJ9.eyJpIjoiNTgyMDQ5MDg1NyIsInMiOiJVamdIcmtxbDhSR1hBb2dzMHF6QkRRIn0.deToJ3V9HBv5TsRCeVcpXJ5T4xkLkGhKsZrTg9dCZGs,52.42532,"About us Gisma University of Applied Sciences, first established in 1999 as Gisma Business School, is a leading university of applied sciences for innovative and creative international business, technology, and engineering innovation. Our Global MBA program has been recognized for its excellence through the highly acclaimed AMBA accreditation, reinforcing our reputation in the industry. Recently, we have expanded our programme portfolio into the fields of Computer Science, Software Engineering,…",https://www.adzuna.de/details/5820490857?utm_medium=api&utm_source=a4bcf954,2026-07-30T02:38:56Z,Adzuna::API::Response::Job,"{'label': 'Unknown', 'tag': 'unknown', '__CLASS__': 'Adzuna::API::Response::Category'}",0,Professor (m/f/d) of Data Science,full_time,,,
"{'__CLASS__': 'Adzuna::API::Response::Location', 'display_name': 'Deutschland', 'area': ['Deutschland']}",5821314112,,"{'__CLASS__': 'Adzuna::API::Response::Company', 'display_name': 'Gisma'}",eyJhbGciOiJIUzI1NiJ9.eyJpIjoiNTgyMTMxNDExMiIsInMiOiJVamdIcmtxbDhSR1hBb2dzMHF6QkRRIn0.ytIkwBrp9iNqpNNN03O7RL4McqkVZFJCp-z1K6hwZPQ,,"Your Responsibilities Module responsibility and teaching of Gisma Bachelor and Master programmes as well as examination, assessments, and student supervision. Active participation in programme development and quality assurance. Conception, creation and adaptation of teaching and learning materials. Initiate, expand and maintain cooperation with partners in industry and research. Participation in accreditation procedures as needed. Active participation in academic administration and committee wo…",https://www.adzuna.de/details/5821314112?utm_medium=api&utm_source=a4bcf954,2026-07-30T17:47:59Z,Adzuna::API::Response::Job,"{'label': 'Lehrberufe', 'tag': 'teaching-jobs', '__CLASS__': 'Adzuna::API::Response::Category'}",0,Professor (m/f/d) of Data Science,full_time,,,
"{'area': ['Deutschland'], '__CLASS__': 'Adzuna::API::Response::Location', 'display_name': 'Deutschland'}",5859886985,,"{'display_name': 'Banco Santander', '__CLASS__': 'Adzuna::API::Response::Company'}",eyJhbGciOiJIUzI1NiJ9.eyJzIjoiVWpnSHJrcWw4UkdYQW9nczBxekJEUSIsImkiOiI1ODU5ODg2OTg1In0.2EGGrQ4Slkidm94g_zgp7cL6RaUsdolkoITrfoKSFA4,,"Trainee Data Science & Management (w/m/d) Country: Germany Dein Traineeprogramm In Deinem 18-monatigen Traineeprogramm nutzt Du Daten, Analysen und Modelle, um fundierte Entscheidungen zu unterstützen und die Bank von morgen mitzugestalten. Du arbeitest an datengetriebenen Fragestellungen und gewinnst Einblicke in die intelligente Nutzung von Informationen. Anders als in vielen klassischen Traineeprogrammen gestaltest Du Deine Stationen aktiv mit. Je nach Interessen kannst Du beispielsweise Ein…",https://www.adzuna.de/details/5859886985?utm_medium=api&utm_source=a4bcf954,2026-08-28T18:16:24Z,Adzuna::API::Response::Job,"{'label': 'Unknown', '__CLASS__': 'Adzuna::API::Response::Category', 'tag': 'unknown'}",0,Trainee Data Science & Management (w/m/d),full_time,,,
"{'__CLASS__': 'Adzuna::API::Response::Location', 'display_name': 'Kreuzberg, Berlin', 'area': ['Deutschland', 'Berlin', 'Kreuzberg']}",5822525972,13.396,"{'display_name': 'Global University Systems', '__CLASS__': 'Adzuna::API::Response::Company'}",eyJhbGciOiJIUzI1NiJ9.eyJpIjoiNTgyMjUyNTk3MiIsInMiOiJVamdIcmtxbDhSR1hBb2dzMHF6QkRRIn0.-RnZkneDDS4xHK38GeBXYZHMKXEn7oo3Efz1MnrrPgw,52.4984,"Your Responsibilities Module responsibility and teaching of Gisma Bachelor and Master programmes as well as examination, assessments, and student supervision. Active participation in programme development and quality assurance. Conception, creation and adaptation of teaching and learning materials. Initiate, expand and maintain cooperation with partners in industry and research. Participation in accreditation procedures as needed. Active participation in academic administration and committee wo…",https://www.adzuna.de/details/5822525972?utm_medium=api&utm_source=a4bcf954,2026-07-31T17:49:59Z,Adzuna::API::Response::Job,"{'label': 'Lehrberufe', '__CLASS__': 'Adzuna::API::Response::Category', 'tag': 'teaching-jobs'}",0,Professor (m/f/d) of Data Science,full_time,,,
"{'__CLASS__': 'Adzuna::API::Response::Location', 'display_name': 'Landsberg am Lech, Landsberg am Lech (Kreis)', 'area': ['Deutschland', 'Bayern', 'Landsberg am Lech (Kreis)', 'Landsberg am Lech']}",5727346368,10.88248,"{'__CLASS__': 'Adzuna::API::Response::Company', 'display_name': 'nimax'}",eyJhbGciOiJIUzI1NiJ9.eyJzIjoiVWpnSHJrcWw4UkdYQW9nczBxekJEUSIsImkiOiI1NzI3MzQ2MzY4In0.K_SswYMejxqnr4vuTi9KQxGuH588JdPvWww8zYHR1DA,48.04792,"Was Dich erwartet Du hast ein Gespür für Daten und willst sehen, wie Deine Analysen echten Mehrwert schaffen? Dann bist Du bei uns genau richtig! Deine Mission: Hilf uns dabei, unsere Kunden datenbasiert besser zu verstehen und daraus konkrete Mehrwerte abzuleiten. Als Werkstudent im Beriech BI & Data Science entwickelst Du mit uns intelligente Analysen, optimierst Prozesse und schaffst die Grundlage für bessere Entscheidungen in Marketing, Beratung und Reporting. Du hast viel zu tun Kundendate…",https://www.adzuna.de/details/5727346368?utm_medium=api&utm_source=a4bcf954,2026-05-12T23:28:53Z,Adzuna::API::Response::Job,"{'label': 'Unknown', '__CLASS__': 'Adzuna::API::Response::Category', 'tag': 'unknown'}",0,Werkstudent (m/w/d) BI & Data Science,part_time,,,
"{'area': ['Deutschland', 'Bayern', 'München (Kreis)', 'München', 'Schwabing-Freimann'], 'display_name': 'Schwabing-Freimann, München', '__CLASS__': 'Adzuna::API::Response::Location'}",5729773195,11.59038,"{'display_name': 'PMMG Group', '__CLASS__': 'Adzuna::API::Response::Company'}",eyJhbGciOiJIUzI1NiJ9.eyJpIjoiNTcyOTc3MzE5NSIsInMiOiJVamdIcmtxbDhSR1hBb2dzMHF6QkRRIn0.nF35xqDIUpDCRz4SM35q0kitNH-O41k8Vld0c3LlxCs,48.16652,"Deine Aufgaben Datengetriebene Transformation. Prozessintelligenz. Zukunft gestalten. Du willst nicht nur analysieren, sondern mitgestalten? Dann komm in unser Team und unterstütze uns bei der datenbasierten Transformation etablierter Unternehmen im Mittelstand und Konzernumfeld. Wir entwickeln intelligente Lösungen auf Basis von Process Mining, Business Process Management und AI – und setzen diese gemeinsam mit unseren Kund:innen um. Du führst strukturierte Recherchen und Analysen zu aktuellen…",https://www.adzuna.de/details/5729773195?utm_medium=api&utm_source=a4bcf954,2026-05-14T23:21:24Z,Adzuna::API::Response::Job,"{'__CLASS__': 'Adzuna::API::Response::Category', 'tag': 'consultancy-jobs', 'label': 'Beraterstellen'}",0,Werkstudent Process & Data Science (w/m/d),part_time,,,
"{'display_name': 'Oberkochen, Ostalbkreis', '__CLASS__': 'Adzuna::API::Response::Location', 'area': ['Deutschland', 'Baden-Württemberg', 'Ostalbkreis', 'Oberkochen']}",5862598911,10.10558,"{'__CLASS__': 'Adzuna::API::Response::Company', 'display_name': 'ZEISS'}",eyJhbGciOiJIUzI1NiJ9.eyJzIjoiVWpnSHJrcWw4UkdYQW9nczBxekJEUSIsImkiOiI1ODYyNTk4OTExIn0.RyEFhXshJj6pgKXvgOBNlHM9_3NoHZWWXWw9s5yxJiw,48.78408,"Als Student arbeitest Du mit Deinen Kolleginnen und Kollegen auf Augenhöhe und schaffst ideale Voraussetzungen für Deine spätere Karriere. Sich etwas Neues trauen, über sich hinauswachsen und dabei die Grenzen des Machbaren neu deﬁnieren. Genau das ist es, was unsere Mitarbeitenden täglich leben dürfen und sollen. Um mit unseren Innovationen das Tempo vorzugeben und Großartiges zu ermöglichen. Denn hinter jedem erfolgreichen Unternehmen stehen eine ganze Menge faszinierender Menschen. Die Mitar…",https://www.adzuna.de/details/5862598911?utm_medium=api&utm_source=a4bcf954,2026-08-31T02:21:22Z,Adzuna::API::Response::Job,"{'label': 'Unknown', 'tag': 'unknown', '__CLASS__': 'Adzuna::API::Response::Category'}",0,Abschlussarbeit Data Science / Mechanikdesign (m/w/x),,,,
"{'area': ['Deutschland', 'Baden-Württemberg', 'Ostalbkreis', 'Oberkochen'], 'display_name': 'Oberkochen, Ostalbkreis', '__CLASS__': 'Adzuna::API::Response::Location'}",5782380629,10.10558,"{'__CLASS__': 'Adzuna::API::Response::Company', 'display_name': 'ZEISS'}",eyJhbGciOiJIUzI1NiJ9.eyJpIjoiNTc4MjM4MDYyOSIsInMiOiJVamdIcmtxbDhSR1hBb2dzMHF6QkRRIn0.32Ptn8ZpcGI8nauguOADJ2KH-_z3Vda2jI5mobhjdZI,48.78408,"Als Student arbeitest Du mit Deinen Kolleginnen und Kollegen auf Augenhöhe und schaffst ideale Voraussetzungen für Deine spätere Karriere. Sich etwas Neues trauen, über sich hinauswachsen und dabei die Grenzen des Machbaren neu deﬁnieren. Genau das ist es, was unsere Mitarbeitenden täglich leben dürfen und sollen. Um mit unseren Innovationen das Tempo vorzugeben und Großartiges zu ermöglichen. Denn hinter jedem erfolgreichen Unternehmen stehen eine ganze Menge faszinierender Menschen. Die Mitar…",https://www.adzuna.de/details/5782380629?utm_medium=api&utm_source=a4bcf954,2026-06-30T22:28:57Z,Adzuna::API::Response::Job,"{'label': 'Sonstige/Allgemeine Stellen', 'tag': 'other-general-jobs', '__CLASS__': 'Adzuna::API::Response::Category'}",0,Abschlussarbeit Data Science / Mechanikdesign (m/w/x),,,,
"{'display_name': 'Berlin, Deutschland', '__CLASS__': 'Adzuna::API::Response::Location', 'area': ['Deutschland', 'Berlin']}",5857945601,13.420806,"{'display_name': 'S-Kreditpartner GmbH', '__CLASS__': 'Adzuna::API::Response::Company'}",eyJhbGciOiJIUzI1NiJ9.eyJzIjoiVWpnSHJrcWw4UkdYQW9nczBxekJEUSIsImkiOiI1ODU3OTQ1NjAxIn0.vk4ZCJjuwCWDYxjrxSMACQLj7miIZjCiRlL32w-KcrA,52.507706,S-Kreditpartner – unser Name ist Programm. Und der macht auf den ersten Blick deutlich: Wir gehören zur Familie der Sparkassen. Als spezialisierter Verbundpartner bündeln wir die Aktivitäten für die Auto- und Konsumenten­finanzierung. Gemein­sam mit unseren Vertriebs­partnern wollen wir die Position der Sparkassen-Finanz­gruppe in diesen Geschäftsfeldern stärken. Als Referent (m/w/d) Data Scientist gestaltest Du die Banksteuerung aktiv mit und machst aus komplexen Daten klare Entscheidungs­grun…,https://www.adzuna.de/details/5857945601?utm_medium=api&utm_source=a4bcf954,2026-08-27T07:49:04Z,Adzuna::API::Response::Job,"{'__CLASS__': 'Adzuna::API::Response::Category', 'tag': 'unknown', 'label': 'Unknown'}",0,Referent Data Science & Reporting (m/w/d),,,,
"{'area': ['Deutschland', 'Berlin'], 'display_name': 'Berlin, Deutschland', '__CLASS__': 'Adzuna::API::Response::Location'}",5470962686,13.420806,"{'__CLASS__': 'Adzuna::API::Response::Company', 'display_name': 'Statista'}",eyJhbGciOiJIUzI1NiJ9.eyJzIjoiVWpnSHJrcWw4UkdYQW9nczBxekJEUSIsImkiOiI1NDcwOTYyNjg2In0.tZMcB3MwkGfDRSnYggiNHf8I86kx6QW29EIC8-DNtGo,52.507706,"At Statista , we’re all about facts and data, for we are the world's leading business data platform. By providing reliable and easy-to-use data as well as various data analytics products and services, we empower people worldwide to make fact-based decisions. Founded in Hamburg in 2007, we have quickly grown into a global company with offices in major cities such as London, New York, Berlin and Tokyo. And we still have a lot of plans. Our constant growth does not only prove our success, but also…",https://www.adzuna.de/details/5470962686?utm_medium=api&utm_source=a4bcf954,2025-10-30T13:54:30Z,Adzuna::API::Response::Job,"{'label': 'Beraterstellen', '__CLASS__': 'Adzuna::API::Response::Category', 'tag': 'consultancy-jobs'}",0,Consultant Data Science - Healthcare (m/f/d),full_time,,,
"{'area': ['Deutschland', 'Brandenburg', 'Oberspreewald-Lausitz (Kreis)', 'Schwarzheide'], '__CLASS__': 'Adzuna::API::Response::Location', 'display_name': 'Schwarzheide, Oberspreewald-Lausitz (Kreis)'}",5062249327,13.86232,"{'__CLASS__': 'Adzuna::API::Response::Company', 'display_name': 'Basf France'}",eyJhbGciOiJIUzI1NiJ9.eyJpIjoiNTA2MjI0OTMyNyIsInMiOiJVamdIcmtxbDhSR1hBb2dzMHF6QkRRIn0.16OP0kCscd6n1eTQMwn_Y278wCLhBYTiQjwfxQQB8_0,51.47465,"WILLKOMMEN IM TEAM Am BASF-Standort in Schwarzheide produzieren wir nicht nur Polyurethangrundprodukte, Schaumstoffe und Lacke, sondern auch technische Kunststoffe, Veredlungschemikalien und Fungizide. So vielseitig wie unsere Produktpalette sind auch die Tätigkeiten, die es braucht, damit die Produkte hergestellt werden - unsere Mitarbeiterinnen und Mitarbeiter arbeiten bei uns am Standort in den unterschiedlichsten Fachdisziplinen zusammen: vom Ingenieurwesen bis hin zur Digitalisierung, von …",https://www.adzuna.de/details/5062249327?utm_medium=api&utm_source=a4bcf954,2025-02-24T18:13:01Z,Adzuna::API::Response::Job,"{'label': 'Stellen für Hochschulabsolventen', 'tag': 'graduate-jobs', '__CLASS__': 'Adzuna::API::Response::Category'}",0,Praktikum Data Science in der Digitalisierung (m/w/d),,,,contract
"{'__CLASS__': 'Adzuna::API::Response::Location', 'area': ['Deutschland'], 'display_name': 'Deutschland'}",5831785335,,"{'display_name': 'Mediengruppe Allgäuer Zeitung', '__CLASS__': 'Adzuna::API::Response::Company'}",eyJhbGciOiJIUzI1NiJ9.eyJzIjoiNkg0VnIwcWw4UkdjZktZZV9jSXB2QSIsImkiOiI1ODMxNzg1MzM1In0.ulr3mBr5TbFPO0rTcosKPBilmIouRmYkVoKu7VKiylA,,"Du möchtest im Studium erlerntes theoretisches Wissen direkt in der Praxis anwenden? Nutze die Vorteile eines dualen Studiums: Studieren und gleichzeitig Berufserfahrung sammeln. Dich erwarten neben einer umfangreichen Einarbeitung, interessante und verantwortungsvolle Tätigkeiten innerhalb der Mediengruppe Allgäuer Zeitung. Ausbildungsdauer: 3 Jahre - 6 Semester (Dreimonatsrhythmus mit Theorie- und Praxisphasen) in Zusammenarbeit mit der DHBW-Ravensburg Ausbildungsunternehmen: Mediengruppe All…",https://www.adzuna.de/details/5831785335?utm_medium=api&utm_source=a4bcf954,2026-08-07T11:25:21Z,Adzuna::API::Response::Job,"{'tag': 'other-general-jobs', 'label': 'Sonstige/Allgemeine Stellen', '__CLASS__': 'Adzuna::API::Response::Category'}",0,Duales Studium Data Science und Künstliche Intelligenz für 2027,,,,
"{'display_name': 'Landsberg am Lech, Landsberg am Lech (Kreis)', '__CLASS__': 'Adzuna::API::Response::Location', 'area': ['Deutschland', 'Bayern', 'Landsberg am Lech (Kreis)', 'Landsberg am Lech']}",5754849850,10.88248,"{'__CLASS__': 'Adzuna::API::Response::Company', 'display_name': 'nimax'}",eyJhbGciOiJIUzI1NiJ9.eyJpIjoiNTc1NDg0OTg1MCIsInMiOiI2SDRWcjBxbDhSR2NmS1llX2NJcHZBIn0.W2xGTpfzTbI4SGhiGZb0wOCzCAl7SAj0fJ_QWAjdCn8,48.04792,"Du hast viel zu tun Du analysierst über 2,5 Millionen Bestelldaten aus 25 Jahren Onlinehandel Mit Hilfe von Machine Learning bildest Du Kundenkohorten und gewinnst daraus wertvolle Insights Du entwickelst Modelle, um aus dem Kaufverhalten der Vergangenheit zukünftige Kaufentscheidungen zu prognostizieren Deine Ergebnisse bilden die Grundlage für zukünftige Marketing-Kampagnen, z. B. um die richtigen Produkte zur richtigen Zeit zu bewerben Du hast einiges drauf Du stehst kurz vor dem Ende Deines…",https://www.adzuna.de/details/5754849850?utm_medium=api&utm_source=a4bcf954,2026-06-06T23:02:19Z,Adzuna::API::Response::Job,"{'__CLASS__': 'Adzuna::API::Response::Category', 'label': 'IT-Stellen', 'tag': 'it-jobs'}",0,Abschlussarbeit Data Science – Machine Learning im E-Commerce,part_time,,,
"{'display_name': 'Riedstadt, Groß-Gerau (Kreis)', '__CLASS__': 'Adzuna::API::Response::Location', 'area': ['Deutschland', 'Hessen', 'Groß-Gerau (Kreis)', 'Riedstadt']}",5770589039,8.53563,"{'__CLASS__': 'Adzuna::API::Response::Company', 'display_name': 'Transgourmet Deutschland GmbH&Co. OHG'}",eyJhbGciOiJIUzI1NiJ9.eyJpIjoiNTc3MDU4OTAzOSIsInMiOiI2SDRWcjBxbDhSR2NmS1llX2NJcHZBIn0.OQypAW1Sv_YUmXHZBN8l8ZxRXKtbsa3-1twsSvfQ_4Y,49.80341,"Duales Studium– unser Erfolgsrezept: Theorie und Praxis verbinden! Werde bei Transgourmet zur KI-Koryphäe: Duübernimmst Initiative in schmackhaften Projekten, bei denen du marktfrische, innovative Ansätze direkt aus deinem Studium einbringst. Du erhältst Einblicke in die Geheimnisse der kulinarischen Datenwelt eines modernen Lebensmittelgroßhändlers: Prozessveredelungá la IT: Optimiere mit uns die digitalen Kochprozesse in unserem Unternehmen, automatisiere Abläufe und würze die Systeme mit Kün…",https://www.adzuna.de/land/ad/5770589039?se=6H4Vr0ql8RGcfKYe_cIpvA&utm_medium=api&utm_source=a4bcf954&v=681BE7A3D03AC6F297C387CC551FF08EF9980009,2026-06-20T12:53:08Z,Adzuna::API::Response::Job,"{'tag': 'part-time-jobs', 'label': 'Teilzeitstellen', '__CLASS__': 'Adzuna::API::Response::Category'}",0,Duales Studium Data Science&Künstliche Intelligenz 2027,,,,
"{'area': ['Deutschland', 'Hamburg'], '__CLASS__': 'Adzuna::API::Response::Location', 'display_name': 'Hamburg, Deutschland'}",5854206999,9.987297,"{'display_name': 'TUI Cruises GmbH', '__CLASS__': 'Adzuna::API::Response::Company'}",eyJhbGciOiJIUzI1NiJ9.eyJpIjoiNTg1NDIwNjk5OSIsInMiOiI2SDRWcjBxbDhSR2NmS1llX2NJcHZBIn0.tj2peHnHgOyVT6U_TE6wDh57bGPBW-vhMx1XLy3Jphw,53.557429,Die TUI Cruises GmbH ist einer der führenden Kreuzfahrtanbieter im deutschsprachigen Raum. Das Gemeinschaftsunternehmen der TUI AG und des US-Kreuzfahrtunternehmens Royal Caribbean Cruises Ltd. beschäftigt rund 750 Mitarbeitende in Hamburg und Berlin. An Bord der Schiffe werden 136 Positionen direkt von der TUI Cruises GmbH betreut. Für die Marke Mein Schiff® fährt eine Flotte von neun Schiffen. Seit Ende 2020 ist auch die Marke Hapag-Lloyd Cruises mit einer Flotte von aktuell fünf Schiffen Tei…,https://www.adzuna.de/details/5854206999?utm_medium=api&utm_source=a4bcf954,2026-08-24T07:46:23Z,Adzuna::API::Response::Job,"{'tag': 'unknown', 'label': 'Unknown', '__CLASS__': 'Adzuna::API::Response::Category'}",0,Revenue Management Related Systems Manager (all gender),,,,
"{'area': ['Deutschland'], '__CLASS__': 'Adzuna::API::Response::Location', 'display_name': 'Deutschland'}",5738072824,,"{'display_name': 'FullStack Talents', '__CLASS__': 'Adzuna::API::Response::Company'}",eyJhbGciOiJIUzI1NiJ9.eyJzIjoiNkg0VnIwcWw4UkdjZktZZV9jSXB2QSIsImkiOiI1NzM4MDcyODI0In0.u4jOabc6eG2zsqEEX0tP7norF7L-JkaqXJPI2IgGF_E,,"Position: Data Scientists, Data Engineers & Analytics Professionals – Talent Pool (Ongoing Search) Remote working policy: 100% remote possible, full-time Employment type: Freelancer/ Contract or Employee Duration: 12 months About us: We are a specialist technical recruitment agency constantly looking for strong strong Data talent for exciting opportunities. We partner with global enterprise companies, USA-based organisations, and EU clients that frequently offer remote, hybrid, and onsite roles…",https://www.adzuna.de/details/5738072824?utm_medium=api&utm_source=a4bcf954,2026-05-22T23:15:05Z,Adzuna::API::Response::Job,"{'__CLASS__': 'Adzuna::API::Response::Category', 'label': 'Stellen aus PR, Werbung & Marketing', 'tag': 'pr-advertising-marketing-jobs'}",0,"Data Science, Analytics & Data Engineer (Remote, Ongoing Search, Talent Pool)",,,,contract
"{'display_name': 'Mitte, Ludwigshafen am Rhein', 'area': ['Deutschland', 'Rheinland-Pfalz', 'Ludwigshafen am Rhein', 'Mitte'], '__CLASS__': 'Adzuna::API::Response::Location'}",4571173892,8.43196,"{'display_name': 'Basf France', '__CLASS__': 'Adzuna::API::Response::Company'}",eyJhbGciOiJIUzI1NiJ9.eyJpIjoiNDU3MTE3Mzg5MiIsInMiOiI2SDRWcjBxbDhSR2NmS1llX2NJcHZBIn0.Q40IwsAENpO5va9qDebg1sqO1OmNoAYH3f35b-UqN2s,49.47766,"WILLKOMMEN IM TEAM Wir sind die globale Inhouse Managementberatung der BASF. Unser Schwerpunkt liegt auf strategischen Projekten, mit denen wir wirkungsvoll Veränderungsprozesse vorantreiben. Dabei reicht unser Themenspektrum von Wachstums-, Organisationsentwicklungs- und Effizienzprojekten bis hin zu Akquisitionen und Devestitionen. Wir leben einen starken Teamspirit und fördern aktiv die Karriereentwicklung innerhalb der BASF. AUFGABEN Zum nächstmöglichen Zeitpunkt sind Sie für einen Zeitraum…",https://www.adzuna.de/details/4571173892?utm_medium=api&utm_source=a4bcf954,2024-02-16T11:00:56Z,Adzuna::API::Response::Job,"{'label': 'Stellen für Hochschulabsolventen', '__CLASS__': 'Adzuna::API::Response::Category', 'tag': 'graduate-jobs'}",0,Praktikum Management Consulting im Bereich Data Science / Data Analytics (m/w/d),,,,contract
"{'display_name': 'München, München (Kreis)', '__CLASS__': 'Adzuna::API::Response::Location', 'area': ['Deutschland', 'Bayern', 'München (Kreis)', 'München']}",5802941895,11.555737,"{'display_name': 'Driven Solution GmbH', '__CLASS__': 'Adzuna::API::Response::Company'}",eyJhbGciOiJIUzI1NiJ9.eyJzIjoiNkg0VnIwcWw4UkdjZktZZV9jSXB2QSIsImkiOiI1ODAyOTQxODk1In0.ElJg0NgyAp4cSAij0pSl3OLwhsKia8OMb_FUafQc80M,48.137418,"Bringen Sie Ihre Karriere ins Rollen! Erfolg braucht Partnerschaft. Das ist unsere Überzeugung und unser Motto: engineering based on partnership. Als Partner beraten wir Sie vom Eingang Ihrer Bewerbung über die Auswahl geeigneter Einstiegsmöglichkeiten bis zur gezielten Karriereplanung – immer im Fokus unsere gemeinsamen Ziele: Weiterentwicklung, Wachstum und Spaß bei der Arbeit. Als Dienstleister für Mobilitätslösungen arbeiten wir mit vielen namhaften Unternehmen in ganz Deutschland zusammen,…",https://www.adzuna.de/details/5802941895?utm_medium=api&utm_source=a4bcf954,2026-07-16T15:58:24Z,Adzuna::API::Response::Job,"{'tag': 'other-general-jobs', 'label': 'Sonstige/Allgemeine Stellen', '__CLASS__': 'Adzuna::API::Response::Category'}",0,Projektmanager – Data Analytics / Data Science (m/w/d),,,,
"{'__CLASS__': 'Adzuna::API::Response::Location', 'area': ['Deutschland', 'Nordrhein-Westfalen', 'Münster'], 'display_name': 'Münster, Nordrhein-Westfalen'}",5837614632,7.621504,"{'__CLASS__': 'Adzuna::API::Response::Company', 'display_name': 'APRIORI – BUSINESS SOLUTIONS AG'}",eyJhbGciOiJIUzI1NiJ9.eyJpIjoiNTgzNzYxNDYzMiIsInMiOiI2SDRWcjBxbDhSR2NmS1llX2NJcHZBIn0.2GXSy2lxC6_4gdw1qlWtS8KpZMt5x85puctNmb2PlFI,51.955292,"Erfolgreich, expansiv und technologisch am Puls der Zeit: Unser Mandant ist ein Top-Player im Handelssegment mit Sitz in der Region Münster . Hier erwartet Sie die Stabilität eines Marktführers gepaart mit dem Innovationsgeist eines Tech-Pioneers, um die digitale Transformation im internationalen Handel zu gestalten. Die Position „Specialist Data Science (m/w/d) für moderne Handelslösungen“ ist zum nächstmöglichen Zeitpunkt im Rahmen einer unbefristeten Festanstellung für den Standort in der Re…",https://www.adzuna.de/details/5837614632?utm_medium=api&utm_source=a4bcf954,2026-08-12T04:22:35Z,Adzuna::API::Response::Job,"{'__CLASS__': 'Adzuna::API::Response::Category', 'label': 'Unknown', 'tag': 'unknown'}",0,Specialist Data Science (m/w/d) für moderne Handelslösungen,full_time,,,
"{'__CLASS__': 'Adzuna::API::Response::Location', 'area': ['Deutschland', 'Nordrhein-Westfalen', 'Münster'], 'display_name': 'Münster, Nordrhein-Westfalen'}",5837614637,7.621504,"{'__CLASS__': 'Adzuna::API::Response::Company', 'display_name': 'APRIORI – BUSINESS SOLUTIONS AG'}",eyJhbGciOiJIUzI1NiJ9.eyJpIjoiNTgzNzYxNDYzNyIsInMiOiI2SDRWcjBxbDhSR2NmS1llX2NJcHZBIn0.HYXm695qnxapa_xDKLaQE2WJxnS4w8L-nRqsJXYBHmo,51.955292,"Erfolgreich, expansiv und technologisch am Puls der Zeit: Unser Mandant ist ein Top-Player im Handelssegment mit Sitz in der Region Münster . Hier erwartet Sie die Stabilität eines Marktführers gepaart mit dem Innovationsgeist eines Tech-Pioneers, um die digitale Transformation im internationalen Handel zu gestalten. Die Position „Specialist Data Science & KI-Innovation (m/w/d)“ ist zum nächstmöglichen Zeitpunkt im Rahmen einer unbefristeten Festanstellung für den Standort in der Region Münster…",https://www.adzuna.de/details/5837614637?utm_medium=api&utm_source=a4bcf954,2026-08-12T04:22:35Z,Adzuna::API::Response::Job,"{'label': 'Unknown', '__CLASS__': 'Adzuna::API::Response::Category', 'tag': 'unknown'}",0,Specialist Data Science & KI-Innovation (m/w/d),full_time,,,
"{'area': ['Deutschland', 'Baden-Württemberg', 'Karlsruhe (Kreis)', 'Karlsruhe'], '__CLASS__': 'Adzuna::API::Response::Location', 'display_name': 'Karlsruhe, Karlsruhe (Kreis)'}",5843126998,8.412378,"{'display_name': 'Atruvia AG', '__CLASS__': 'Adzuna::API::Response::Company'}",eyJhbGciOiJIUzI1NiJ9.eyJpIjoiNTg0MzEyNjk5OCIsInMiOiI2SDRWcjBxbDhSR2NmS1llX2NJcHZBIn0.6n0Ryxe56TMbC1v4N1EBFzR1ZkL4qA5_SbNznIjZLSs,49.001249,Wir sind der Digitalisierungspartner in der genossenschaftlichen FinanzGruppe und vereinen jahrzehntelanges Expertenwissen in Banking und Informationstechnologie. Die speziell auf Banken zugeschnittenen IT-Lösungen und Leistungen reichen vom Rechenzentrumsbetrieb über das Bankverfahren von Atruvia bis hin zur App-Entwicklung. Dabei nutzen wir zukunftsweisende Technologien wie Smart Data und schreiben Prozessoptimierung und Regulatorik groß. Gestalte die Zukunft mit KI – Starte dein Duales Studi…,https://www.adzuna.de/details/5843126998?utm_medium=api&utm_source=a4bcf954,2026-08-15T16:07:13Z,Adzuna::API::Response::Job,"{'tag': 'unknown', 'label': 'Unknown', '__CLASS__': 'Adzuna::API::Response::Category'}",0,Duales Studium Data Science & Künstliche Intelligenz B.Sc.,,,,
"{'__CLASS__': 'Adzuna::API::Response::Location', 'area': ['Deutschland', 'Baden-Württemberg', 'Stuttgart', 'Bad Cannstatt'], 'display_name': 'Bad Cannstatt, Stuttgart'}",5803389736,9.21546,"{'__CLASS__': 'Adzuna::API::Response::Company', 'display_name': 'Digital MoveS GmbH'}",eyJhbGciOiJIUzI1NiJ9.eyJpIjoiNTgwMzM4OTczNiIsInMiOiI2SDRWcjBxbDhSR2NmS1llX2NJcHZBIn0.t7Ux1o2a0zWcxyYfaav1Ea_EfgXi0q2VAPGA2lJP-ME,48.80499,"Deine Aufgaben: Leitung und Steuerung von komplexen KI‑ und Data‑Science‑Projekten – von der ersten Idee bis zum produktiven Einsatz Analyse fachlicher Anforderungen und Übersetzung von Business‑Fragestellungen in tragfähige, wertschöpfende KI‑Use‑Cases Konzeption und Umsetzung moderner KI‑Architekturen (z. B. LLM‑Integration, RAG‑Systeme, Agentic‑AI‑Ansätze) Verantwortung für PoCs, Experiment‑Phasen sowie die Skalierung und Weiterentwicklung produktiver KI‑Lösungen Sicherstellung eines struktu…",https://www.adzuna.de/details/5803389736?utm_medium=api&utm_source=a4bcf954,2026-07-16T18:53:06Z,Adzuna::API::Response::Job,"{'tag': 'unknown', '__CLASS__': 'Adzuna::API::Response::Category', 'label': 'Unknown'}",0,IT‑Consultant KI & Data Science (m/w/d),full_time,,,permanent
"{'__CLASS__': 'Adzuna::API::Response::Location', 'area': ['Deutschland', 'Nordrhein-Westfalen', 'Dortmund', 'Mitte'], 'display_name': 'Mitte, Dortmund'}",5862578423,7.4757,"{'display_name': 'Dr. Ausbüttel GmbH & Co. KG', '__CLASS__': 'Adzuna::API::Response::Company'}",eyJhbGciOiJIUzI1NiJ9.eyJzIjoiNkg0VnIwcWw4UkdjZktZZV9jSXB2QSIsImkiOiI1ODYyNTc4NDIzIn0.p3QOlvHsG3s7PH4i0X_z1rjMbc7Ox40xPYaYUlewzh8,51.51405,"Head of AI & Data Science: Tragen Sie dazu bei, Wunden zu heilen, Innovationen zu fördern und Wachstum zu gestalten! Schwer heilende Wunden sind eine enorme Belastung für Patienten, Angehörige und Behandelnde. Machen Sie durch Ihr gestalterisches Mitwirken einen signifikanten Unterschied. Wir entwickeln Produkte und Services, um Wunden bezahlbar zu heilen. Als wachsendes, zukunftsorientiertes inhabergeführtes Familienunternehmen investieren und arbeiten wir mit langfristiger Perspektive statt m…",https://www.adzuna.de/details/5862578423?utm_medium=api&utm_source=a4bcf954,2026-08-31T02:17:30Z,Adzuna::API::Response::Job,"{'tag': 'unknown', '__CLASS__': 'Adzuna::API::Response::Category', 'label': 'Unknown'}",0,Head of AI & Data Science (m/w/d),,,,
"{'display_name': 'Dortmund, Nordrhein-Westfalen', 'area': ['Deutschland', 'Nordrhein-Westfalen', 'Dortmund'], '__CLASS__': 'Adzuna::API::Response::Location'}",5778612605,7.464954,"{'display_name': 'Dr. Ausbüttel GmbH & Co. KG', '__CLASS__': 'Adzuna::API::Response::Company'}",eyJhbGciOiJIUzI1NiJ9.eyJzIjoiNkg0VnIwcWw4UkdjZktZZV9jSXB2QSIsImkiOiI1Nzc4NjEyNjA1In0.uEhN2i6fTFzqvZ_iBs1iNhyJCS1weHLvGJXaCgI00PI,51.504967,"Head of AI & Data Science: Tragen Sie dazu bei, Wunden zu heilen, Innovationen zu fördern und Wachstum zu gestalten! Schwer heilende Wunden sind eine enorme Belastung für Patienten, Angehörige und Behandelnde. Machen Sie durch Ihr gestalterisches Mitwirken einen signifikanten Unterschied. Wir entwickeln Produkte und Services, um Wunden bezahlbar zu heilen. Als wachsendes, zukunftsorientiertes inhabergeführtes Familienunternehmen investieren und arbeiten wir mit langfristiger Perspektive statt m…",https://www.adzuna.de/details/5778612605?utm_medium=api&utm_source=a4bcf954,2026-06-27T06:23:04Z,Adzuna::API::Response::Job,"{'tag': 'it-jobs', 'label': 'IT-Stellen', '__CLASS__': 'Adzuna::API::Response::Category'}",0,Head of AI & Data Science (m/w/d),,,,
"{'area': ['Deutschland'], '__CLASS__': 'Adzuna::API::Response::Location', 'display_name': 'Deutschland'}",5720195168,,"{'__CLASS__': 'Adzuna::API::Response::Company', 'display_name': 'Sopra-Steria'}",eyJhbGciOiJIUzI1NiJ9.eyJzIjoiNkg0VnIwcWw4UkdjZktZZV9jSXB2QSIsImkiOiI1NzIwMTk1MTY4In0.p3QXOg-mVY--Vty-j1sdu6ynDrHwtawqBLPCTSfhSFM,,"Unternehmensbeschreibung Wir sind als eine der führenden europäischen Management- und Technologieberatungen ein echter Tech-Player. Wir sehen uns als Vordenker*innen, handeln und denken strategisch, entwickeln mit unseren Kunden maßgeschneiderte Lösungen, sowie präzise Prozesse und implementieren innovative Technologien. Weltweit sind wir über 50.000 tech-affine und kluge Köpfe – gemeinsam gestalten wir die Zukunft unserer Kunden und die der Gesellschaft. Bist du bereit, das digitale Europa mit…",https://www.adzuna.de/details/5720195168?utm_medium=api&utm_source=a4bcf954,2026-05-06T08:48:38Z,Adzuna::API::Response::Job,"{'tag': 'graduate-jobs', 'label': 'Stellen für Hochschulabsolventen', '__CLASS__': 'Adzuna::API::Response::Category'}",0,Data Science Engineer/Analyst Aerospace (m/w/d),,,,
"{'__CLASS__': 'Adzuna::API::Response::Location', 'area': ['Deutschland', 'Baden-Württemberg', 'Alb-Donau-Kreis', 'Ehingen (Donau)'], 'display_name': 'Ehingen (Donau), Alb-Donau-Kreis'}",5862612478,9.72719,"{'__CLASS__': 'Adzuna::API::Response::Company', 'display_name': 'Liebherr-Werk Ehingen GmbH'}",eyJhbGciOiJIUzI1NiJ9.eyJzIjoiNkg0VnIwcWw4UkdjZktZZV9jSXB2QSIsImkiOiI1ODYyNjEyNDc4In0.9Wvduu3Qcnwaw9UCQIaDVFiErXVMQOS3KJBUfsZOcuk,48.28207,Die Liebherr-Werk Ehingen GmbH zählt zu den weltweit führenden Herstellern von Fahrzeugkranen. Das Programm umfasst Teleskop- und Gittermastkrane auf Mobil- und Raupenfahrwerken. Seit der Gründung wurde die Produktionsstätte und ihre Kapazität kontinuierlich erweitert. Heute werden täglich sechs Fahrzeugkrane aus Ehingen in die ganze Welt geliefert. DHBW Studium - Data Science und Künstliche Intelligenz (B.Sc.) Job-ID 83588 Mitarbeit an innovativen Projekten im Bereich Data Science und Künstlic…,https://www.adzuna.de/details/5862612478?utm_medium=api&utm_source=a4bcf954,2026-08-31T02:23:49Z,Adzuna::API::Response::Job,"{'tag': 'unknown', '__CLASS__': 'Adzuna::API::Response::Category', 'label': 'Unknown'}",0,DHBW Studium - Data Science und Künstliche Intelligenz (B.Sc.),,,,
"{'area': ['Deutschland', 'Bayern', 'Ansbach (Kreis)', 'Ehingen'], '__CLASS__': 'Adzuna::API::Response::Location', 'display_name': 'Ehingen, Ansbach (Kreis)'}",5830515903,10.53811,"{'display_name': 'Liebherr-Werk Ehingen GmbH', '__CLASS__': 'Adzuna::API::Response::Company'}",eyJhbGciOiJIUzI1NiJ9.eyJzIjoiNkg0VnIwcWw4UkdjZktZZV9jSXB2QSIsImkiOiI1ODMwNTE1OTAzIn0.tj6ydNB9THWR_taTLaA3QiyC3Zzsp8nMq_t9gKylPjw,49.08598,Die Liebherr-Werk Ehingen GmbH zählt zu den weltweit führenden Herstellern von Fahrzeugkranen. Das Programm umfasst Teleskop- und Gittermastkrane auf Mobil- und Raupenfahrwerken. Seit der Gründung wurde die Produktionsstätte und ihre Kapazität kontinuierlich erweitert. Heute werden täglich sechs Fahrzeugkrane aus Ehingen in die ganze Welt geliefert. DHBW Studium - Data Science und Künstliche Intelligenz (B.Sc.) Job-ID 83588 Aufgaben Mitarbeit an innovativen Projekten im Bereich Data Science und…,https://www.adzuna.de/details/5830515903?utm_medium=api&utm_source=a4bcf954,2026-08-06T15:53:57Z,Adzuna::API::Response::Job,"{'__CLASS__': 'Adzuna::API::Response::Category', 'label': 'Unknown', 'tag': 'unknown'}",0,DHBW Studium - Data Science und Künstliche Intelligenz (B.Sc.),,,,
"{'display_name': 'Deutschland', 'area': ['Deutschland'], '__CLASS__': 'Adzuna::API::Response::Location'}",5742729471,,"{'display_name': 'GEA', '__CLASS__': 'Adzuna::API::Response::Company'}",eyJhbGciOiJIUzI1NiJ9.eyJpIjoiNTc0MjcyOTQ3MSIsInMiOiI2SDRWcjBxbDhSR2NmS1llX2NJcHZBIn0.NE5VTR5KJZbCNSPMf82XdXMFKFHqgzHcWu9mZqGy0CY,,"Wir suchen Verstärkung innerhalb unseres Teams Service Business Development. Du bringst bereits erste Erfahrung in den Bereichen wie z.B. Data Science, BWL oder VWL mit und hast Freude an Datenanalyse sowie Ableitung von Ergebnissen. Du arbeitest mit uns am Standort in Wallau oder von zu Hause aus. Responsibilities / Tasks Datenanalyse & Reporting Benchmarking von Marktpreisen und Wettbewerbsangeboten Trends, Ausreißer und Muster in großen Datensätzen erkennen und in prägnanten Reports oder Das…",https://www.adzuna.de/details/5742729471?utm_medium=api&utm_source=a4bcf954,2026-05-27T23:42:46Z,Adzuna::API::Response::Job,"{'label': 'Unknown', '__CLASS__': 'Adzuna::API::Response::Category', 'tag': 'unknown'}",0,Werkstudent (m/w/d) - Data Analyst / Data Science,part_time,,,
"{'display_name': 'München, München (Kreis)', 'area': ['Deutschland', 'Bayern', 'München (Kreis)', 'München'], '__CLASS__': 'Adzuna::API::Response::Location'}",5784675291,11.555737,{'__CLASS__': 'Adzuna::API::Response::Company'},eyJhbGciOiJIUzI1NiJ9.eyJzIjoiNkg0VnIwcWw4UkdjZktZZV9jSXB2QSIsImkiOiI1Nzg0Njc1MjkxIn0.zZIwQwjPd9KGjabdaA9CdOK_CFo17fM016-xLmicYbg,48.137418,"Wir sind über 13.000. An 20 Standorten weltweit. Jedes dritte Flugzeug fliegt mit unserer Technologie. Immer effizienter, leiser, nachhaltiger. Wir gestalten die Zukunft der Luftfahrt. Was wir noch brauchen? Dich. Unser Team in GER | München sucht Dich: Theoretisch gut und praktisch spitze - duale Studiengänge vereinen beide Seiten. Der Studiengang Data Science & KI bereitet Dich ganz gezielt auf eine spätere Tätigkeit in der Datenanalyse der MTU vor. Mit Deiner späteren Übernahmestelle, die in…",https://www.adzuna.de/details/5784675291?utm_medium=api&utm_source=a4bcf954,2026-07-02T02:48:58Z,Adzuna::API::Response::Job,"{'tag': 'it-jobs', '__CLASS__': 'Adzuna::API::Response::Category', 'label': 'IT-Stellen'}",0,Duales Studium Data Science und Künstliche Intelligenz für den Start 2027,,,,
"{'__CLASS__': 'Adzuna::API::Response::Location', 'area': ['Deutschland'], 'display_name': 'Deutschland'}",5825803276,,"{'display_name': 'Capgemini Invent', '__CLASS__': 'Adzuna::API::Response::Company'}",eyJhbGciOiJIUzI1NiJ9.eyJzIjoiNkg0VnIwcWw4UkdjZktZZV9jSXB2QSIsImkiOiI1ODI1ODAzMjc2In0.7Bb7CSi6iinq2CO2AFlRF6a2GLOZ2j3Qc2pBtLWfQ8Q,,"Wir bei Capgemini Invent glauben, dass unterschiedliche Perspektiven den Wandel vorantreiben. Als innovative Transformationsberater vereinen wir unsere strategischen, kreativen und wissenschaftlichen Fähigkeiten und arbeiten eng mit unseren Kunden zusammen, um zukunftsweisende Lösungen zu entwickeln. Hilf uns dabei, den Wandel voranzutreiben, der auf die Herausforderungen unserer Kunden von heute und morgen zugeschnitten ist. Informiert und validiert durch Wissenschaft und Daten. Verstärkt durc…",https://www.adzuna.de/details/5825803276?utm_medium=api&utm_source=a4bcf954,2026-08-02T17:34:24Z,Adzuna::API::Response::Job,"{'__CLASS__': 'Adzuna::API::Response::Category', 'label': 'Stellen aus PR, Werbung & Marketing', 'tag': 'pr-advertising-marketing-jobs'}",0,Praktikant*in - Data Science / Analytics / GenAI (w/m/d),,,,
"{'area': ['Deutschland', 'Hamburg', 'Hamburg-Altstadt'], '__CLASS__': 'Adzuna::API::Response::Location', 'display_name': 'Hamburg-Altstadt, Hamburg'}",5821791585,9.99417,"{'display_name': 'Eraneos', '__CLASS__': 'Adzuna::API::Response::Company'}",eyJhbGciOiJIUzI1NiJ9.eyJzIjoiNkg0VnIwcWw4UkdjZktZZV9jSXB2QSIsImkiOiI1ODIxNzkxNTg1In0.Ur4ZYXd-ZjAkZCJjbRAFsmAe199e1Oi-ZxaWz7P80dg,53.5504,"What you will find with us We are a technical, implementation-oriented spin-off of a global management consultancy. Our clients are primarily DAX and Fortune Global 500 companies, which we advise on issues in the areas of analytics, big data and machine learning. Within the group, we take on the development of individual and data-driven solutions in order to transform our clients into AI-powered companies. We offer an international working environment with agile teams and creative startup metho…",https://www.adzuna.de/details/5821791585?utm_medium=api&utm_source=a4bcf954,2026-07-31T02:33:54Z,Adzuna::API::Response::Job,"{'label': 'Unknown', '__CLASS__': 'Adzuna::API::Response::Category', 'tag': 'unknown'}",0,Senior Manager Data Science & AI Engineering (all genders),full_time,,,permanent
"{'area': ['Deutschland', 'Hamburg', 'Hamburg-Altstadt'], '__CLASS__': 'Adzuna::API::Response::Location', 'display_name': 'Hamburg-Altstadt, Hamburg'}",5824185323,9.99417,"{'display_name': 'Eraneos', '__CLASS__': 'Adzuna::API::Response::Company'}",eyJhbGciOiJIUzI1NiJ9.eyJpIjoiNTgyNDE4NTMyMyIsInMiOiI2SDRWcjBxbDhSR2NmS1llX2NJcHZBIn0.wvNDAR27Z12jQpFHm47GNai36hmHgdXnhJJK45kqppE,53.5504,"What you can expect from us We are a technical, implementation-oriented spin-off of a global management consultancy. Our clients are primarily DAX and Fortune Global 500 companies, which we advise on issues in the areas of analytics, big data and machine learning. Within the group, we take on the development of individual and data-driven solutions in order to transform our clients into AI-powered companies. We offer an international working environment with agile teams and creative startup meth…",https://www.adzuna.de/details/5824185323?utm_medium=api&utm_source=a4bcf954,2026-08-01T17:34:08Z,Adzuna::API::Response::Job,"{'tag': 'it-jobs', '__CLASS__': 'Adzuna::API::Response::Category', 'label': 'IT-Stellen'}",0,Senior Manager Data Science & AI Engineering (all genders),full_time,,,
"{'area': ['Deutschland', 'Hamburg', 'Hamburg-Altstadt'], '__CLASS__': 'Adzuna::API::Response::Location', 'display_name': 'Hamburg-Altstadt, Hamburg'}",5677782124,9.99417,"{'display_name': 'CGI', '__CLASS__': 'Adzuna::API::Response::Company'}",eyJhbGciOiJIUzI1NiJ9.eyJzIjoiNkg0VnIwcWw4UkdjZktZZV9jSXB2QSIsImkiOiI1Njc3NzgyMTI0In0.JmIqkz8Xo3_UEvmuw6wKYvCdglUPCVbghPSioMk6LtM,53.5504,"Position Description: Duales Masterstudium Applied Data Science (m/f/d) Stellenbeschreibung Du willst Dich dem analytischen Umgang mit Daten stellen und hast dabei gleichzeitig „das große Ganze“ im Unternehmen im Blick? Künstliche Intelligenz, Data Mining, Predictive Analytics und Projektmanagement findest Du spannend? Kein Problem bei CGI! • Breite Karrieremöglichkeiten • Steile Lernkurve in kleinen Teams • Freistellungstage für Präsenzphasen und individuelles Lernen • Attraktives Gehalt sowie…",https://www.adzuna.de/details/5677782124?utm_medium=api&utm_source=a4bcf954,2026-03-25T06:58:05Z,Adzuna::API::Response::Job,"{'label': 'Stellen für Hochschulabsolventen', '__CLASS__': 'Adzuna::API::Response::Category', 'tag': 'graduate-jobs'}",0,Duales Masterstudium Applied Data Science (m/f/d),,,,contract
"{'display_name': 'Bensheim, Bergstraße (Kreis)', 'area': ['Deutschland', 'Hessen', 'Bergstraße (Kreis)', 'Bensheim'], '__CLASS__': 'Adzuna::API::Response::Location'}",4508854671,8.60289,"{'__CLASS__': 'Adzuna::API::Response::Company', 'display_name': 'Dentsply Sirona'}",eyJhbGciOiJIUzI1NiJ9.eyJzIjoiNkg0VnIwcWw4UkdjZktZZV9jSXB2QSIsImkiOiI0NTA4ODU0NjcxIn0.rocKiga5ZmjT_VnwJsQZGjwn1caKQa-nZSTwueWCEUs,49.67828,"Requistion ID : 67844 Dentsply Sirona ist der weltweit größte Anbieter von Dentalprodukten- und technologien und unterstützt Zahnärzte und Zahntechniker dabei, eine bessere, schnellere und sicherere Versorgung in allen zahnmedizinischen Bereichen anzubieten. Wir sind stolz darauf, bevorzugter Partner für Zahnarztpraxen, Kliniken, Dentallabore und autorisierte Vertriebshändler weltweit zu sein. Der Hauptfirmensitz von Dentsply Sirona befindet sich in Charlotte, North Carolina. So fortschrittlich…",https://www.adzuna.de/details/4508854671?utm_medium=api&utm_source=a4bcf954,2024-01-03T20:47:04Z,Adzuna::API::Response::Job,"{'tag': 'unknown', '__CLASS__': 'Adzuna::API::Response::Category', 'label': 'Unknown'}",0,Bachelor of Science (B. Sc.) Data Science und KI,,,,
"{'display_name': 'Bensheim, Bergstraße (Kreis)', '__CLASS__': 'Adzuna::API::Response::Location', 'area': ['Deutschland', 'Hessen', 'Bergstraße (Kreis)', 'Bensheim']}",5846159755,8.60289,"{'display_name': 'Dentsply Sirona', '__CLASS__': 'Adzuna::API::Response::Company'}",eyJhbGciOiJIUzI1NiJ9.eyJzIjoiNkg0VnIwcWw4UkdjZktZZV9jSXB2QSIsImkiOiI1ODQ2MTU5NzU1In0.9xwZBmVogm30DjcKP8wO3-MxyuY6cQ3J62lblzaVWqs,49.67828,"Requistion ID : 67844 Dentsply Sirona ist der weltweit grte Anbieter von Dentalprodukten- und technologien und untersttzt Zahnrzte und Zahntechniker dabei, eine bessere, schnellere und sicherere Versorgung in allen zahnmedizinischen Bereichen anzubieten. Wir sind stolz darauf, bevorzugter Partner fr Zahnarztpraxen, Kliniken, Dentallabore und autorisierte Vertriebshndler weltweit zu sein. Der Hauptfirmensitz von Dentsply Sirona befindet sich in Charlotte, North Carolina. So fortschrittlich die Z…",https://www.adzuna.de/details/5846159755?utm_medium=api&utm_source=a4bcf954,2026-08-18T08:13:35Z,Adzuna::API::Response::Job,"{'__CLASS__': 'Adzuna::API::Response::Category', 'label': 'Unknown', 'tag': 'unknown'}",0,Bachelor of Science (B. Sc.) Data Science und KI,,,,
"{'area': ['Deutschland', 'Hessen', 'Marburg-Biedenkopf (Kreis)', 'Marburg', 'Dagobertshausen'], '__CLASS__': 'Adzuna::API::Response::Location', 'display_name': 'Dagobertshausen, Marburg'}",5809719280,8.70301,"{'__CLASS__': 'Adzuna::API::Response::Company', 'display_name': 'Siemens Healthineers AG'}",eyJhbGciOiJIUzI1NiJ9.eyJpIjoiNTgwOTcxOTI4MCIsInMiOiI2SDRWcjBxbDhSR2NmS1llX2NJcHZBIn0.SGyqWxzs9LPXD0euScDdTh29ClLHFCrcR8gBn0UgKkc,50.81987,"Dein Berufsbild: Du magst Mathe und möchtest später etwas mit Daten machen? Dich faszinieren datengestützte Tools, wie ChatGPT, und du kennst deren große Chance für die Zukunft? Dann bewirb dich für das duale Studium B. Sc. Softwaretechnologie - Data Science und entdecke mit uns, wie wir die Welt der Labordiagnostik durch datenbasierte Entscheidungen verändern können. Daten sind eines der Fundamente, damit Unternehmen bestmögliche Entscheidungen treffen können. Im Studiengang B. Sc. Softwaretec…",https://www.adzuna.de/details/5809719280?utm_medium=api&utm_source=a4bcf954,2026-07-21T22:59:51Z,Adzuna::API::Response::Job,"{'label': 'Teilzeitstellen', '__CLASS__': 'Adzuna::API::Response::Category', 'tag': 'part-time-jobs'}",0,Duales Bachelorstudium Softwaretechnologie Data Science (B.Sc.) - Marburg,,,,
"{'__CLASS__': 'Adzuna::API::Response::Location', 'area': ['Deutschland', 'Hessen', 'Marburg-Biedenkopf (Kreis)', 'Marburg'], 'display_name': 'Marburg, Marburg-Biedenkopf (Kreis)'}",5766706297,8.78967,"{'__CLASS__': 'Adzuna::API::Response::Company', 'display_name': 'Siemens Healthineers AG'}",eyJhbGciOiJIUzI1NiJ9.eyJpIjoiNTc2NjcwNjI5NyIsInMiOiI2SDRWcjBxbDhSR2NmS1llX2NJcHZBIn0.67vjbNHaCBUJV1OnmmCwQ6DFxx3ElaMECpt-NyYe3Vk,50.804953,"Dein Berufsbild: Du magst Mathe und möchtest später etwas mit Daten machen? Dich faszinieren datengestützte Tools, wie ChatGPT, und du kennst deren große Chance für die Zukunft? Dann bewirb dich für das duale Studium B. Sc. Softwaretechnologie - Data Science und entdecke mit uns, wie wir die Welt der Labordiagnostik durch datenbasierte Entscheidungen verändern können. Daten sind eines der Fundamente, damit Unternehmen bestmögliche Entscheidungen treffen können. Im Studiengang B. Sc. Softwaretec…",https://www.adzuna.de/land/ad/5766706297?se=6H4Vr0ql8RGcfKYe_cIpvA&utm_medium=api&utm_source=a4bcf954&v=65F8763346210AA5E6A022222F57416BDAB2FB5A,2026-06-17T13:17:48Z,Adzuna::API::Response::Job,"{'tag': 'part-time-jobs', '__CLASS__': 'Adzuna::API::Response::Category', 'label': 'Teilzeitstellen'}",0,Duales Bachelorstudium Softwaretechnologie Data Science (B.Sc.) - Marburg,,,,
"{'display_name': 'Deutschland', '__CLASS__': 'Adzuna::API::Response::Location', 'area': ['Deutschland']}",5301078165,,"{'__CLASS__': 'Adzuna::API::Response::Company', 'display_name': 'Capgemini Invent'}",eyJhbGciOiJIUzI1NiJ9.eyJzIjoiNkg0VnIwcWw4UkdjZktZZV9jSXB2QSIsImkiOiI1MzAxMDc4MTY1In0.BQu0_12tGlO3ytltKK8dOYtlZl-Yz6W9WSIXKyw2HA0,,"Wir bei Capgemini Invent glauben, dass unterschiedliche Perspektiven den Wandel vorantreiben. Als innovative Transformationsberater vereinen wir unsere strategischen, kreativen und wissenschaftlichen Fähigkeiten und arbeiten eng mit unseren Kunden zusammen, um zukunftsweisende Lösungen zu entwickeln. Hilf uns dabei, den Wandel voranzutreiben, der auf die Herausforderungen unserer Kunden von heute und morgen zugeschnitten ist. Informiert und validiert durch Wissenschaft und Daten. Verstärkt durc…",https://www.adzuna.de/details/5301078165?utm_medium=api&utm_source=a4bcf954,2025-07-13T22:14:52Z,Adzuna::API::Response::Job,"{'tag': 'consultancy-jobs', '__CLASS__': 'Adzuna::API::Response::Category', 'label': 'Beraterstellen'}",0,(Associate) Consultant Data Science & AI (m/w/d),,,,contract
"{'__CLASS__': 'Adzuna::API::Response::Location', 'area': ['Deutschland', 'Sachsen', 'Leipzig (Kreis)', 'Leipzig', 'Zentrum'], 'display_name': 'Zentrum, Leipzig'}",5836701364,12.3713,"{'display_name': 'Meierhofer AG', '__CLASS__': 'Adzuna::API::Response::Company'}",eyJhbGciOiJIUzI1NiJ9.eyJzIjoiNkg0VnIwcWw4UkdjZktZZV9jSXB2QSIsImkiOiI1ODM2NzAxMzY0In0.ELkobG4Ot2Z16-MNwClRWOVPnQW4p0P86yk1rGVUb2U,51.33968,"Unsere Standorte Berlin, Hannover, Leipzig, München, Passau oder remote / im Homeoffice – du kannst uns standortunabhängig unterstützen Dein zukünftiges Team Als Werkstudent*in im Bereich Produktentwicklung unterstützt du uns dabei, Daten aus internen Systemen sowie aus unserem Krankenhausinformationssystem M-KIS zu analysieren, aufzubereiten und in verständliche Reports und Dashboards zu übersetzen. Dabei arbeitest du an der Schnittstelle von IT, Fachbereichen und weiteren Stakeholdern und kan…",https://www.adzuna.de/details/5836701364?utm_medium=api&utm_source=a4bcf954,2026-08-11T14:38:58Z,Adzuna::API::Response::Job,"{'tag': 'unknown', 'label': 'Unknown', '__CLASS__': 'Adzuna::API::Response::Category'}",0,Werkstudent Data Science / Business Intelligence (m/w/d),part_time,,,
"{'display_name': 'Leipzig, Leipzig (Kreis)', 'area': ['Deutschland', 'Sachsen', 'Leipzig (Kreis)', 'Leipzig'], '__CLASS__': 'Adzuna::API::Response::Location'}",5838215457,12.373598,"{'__CLASS__': 'Adzuna::API::Response::Company', 'display_name': 'Meierhofer'}",eyJhbGciOiJIUzI1NiJ9.eyJzIjoiNkg0VnIwcWw4UkdjZktZZV9jSXB2QSIsImkiOiI1ODM4MjE1NDU3In0.4My3j3S1IW_uaDdMOsEoXrKqkgypLiRQciM1WmXOcLw,51.339254,"Unsere Standorte Berlin, Hannover, Leipzig, München, Passau oder remote / im Homeoffice – du kannst uns standortunabhängig unterstützen Dein zukünftiges Team Als Werkstudent*in im Bereich Produktentwicklung unterstützt du uns dabei, Daten aus internen Systemen sowie aus unserem Krankenhausinformationssystem M-KIS zu analysieren, aufzubereiten und in verständliche Reports und Dashboards zu übersetzen. Dabei arbeitest du an der Schnittstelle von IT, Fachbereichen und weiteren Stakeholdern und kan…",https://www.adzuna.de/details/5838215457?utm_medium=api&utm_source=a4bcf954,2026-08-12T13:50:53Z,Adzuna::API::Response::Job,"{'__CLASS__': 'Adzuna::API::Response::Category', 'label': 'Unknown', 'tag': 'unknown'}",0,Werkstudent Data Science / Business Intelligence (m/w/d),,,,
"{'area': ['Deutschland', 'Bayern', 'München (Kreis)', 'Aschheim'], '__CLASS__': 'Adzuna::API::Response::Location', 'display_name': 'Aschheim, München (Kreis)'}",5840503349,11.71669,"{'__CLASS__': 'Adzuna::API::Response::Company', 'display_name': 'Meierhofer'}",eyJhbGciOiJIUzI1NiJ9.eyJzIjoiNkg0VnIwcWw4UkdjZktZZV9jSXB2QSIsImkiOiI1ODQwNTAzMzQ5In0.1unYX6G2vwvNkrOlpmyb26NNXt_jd2gsaTQoXDjNOe0,48.17109,"Unsere Standorte Berlin, Hannover, Leipzig, München, Passau oder remote / im Homeoffice – du kannst uns standortunabhängig unterstützen Dein zukünftiges Team Als Werkstudent*in im Bereich Produktentwicklung unterstützt du uns dabei, Daten aus internen Systemen sowie aus unserem Krankenhausinformationssystem M-KIS zu analysieren, aufzubereiten und in verständliche Reports und Dashboards zu übersetzen. Dabei arbeitest du an der Schnittstelle von IT, Fachbereichen und weiteren Stakeholdern und kan…",https://www.adzuna.de/details/5840503349?utm_medium=api&utm_source=a4bcf954,2026-08-13T18:11:53Z,Adzuna::API::Response::Job,"{'tag': 'unknown', '__CLASS__': 'Adzuna::API::Response::Category', 'label': 'Unknown'}",0,Werkstudent Data Science / Business Intelligence (m/w/d),part_time,,,
"{'area': ['Deutschland'], '__CLASS__': 'Adzuna::API::Response::Location', 'display_name': 'Deutschland'}",5743201137,,"{'__CLASS__': 'Adzuna::API::Response::Company', 'display_name': 'Sopra-Steria'}",eyJhbGciOiJIUzI1NiJ9.eyJzIjoiNkg0VnIwcWw4UkdjZktZZV9jSXB2QSIsImkiOiI1NzQzMjAxMTM3In0.vuN1CLmY5ybhA_VpqKhPzeQoO0KiWQIfuJdLJWzUdjY,,"Unternehmensbeschreibung Wir sind als eine der führenden europäischen Management- und Technologieberatungen ein echter Tech-Player. Wir sehen uns als Vordenker*innen, handeln und denken strategisch, entwickeln mit unseren Kunden maßgeschneiderte Lösungen, sowie präzise Prozesse und implementieren innovative Technologien. Weltweit sind wir über 50.000 tech-affine und kluge Köpfe – gemeinsam gestalten wir die Zukunft unserer Kunden und die der Gesellschaft. Bist du bereit, das digitale Europa mit…",https://www.adzuna.de/details/5743201137?utm_medium=api&utm_source=a4bcf954,2026-05-28T09:14:48Z,Adzuna::API::Response::Job,"{'tag': 'graduate-jobs', 'label': 'Stellen für Hochschulabsolventen', '__CLASS__': 'Adzuna::API::Response::Category'}",0,(Associate) Manager Data Science & AI (m/w/d),,,,
"{'display_name': 'Münster, Nordrhein-Westfalen', '__CLASS__': 'Adzuna::API::Response::Location', 'area': ['Deutschland', 'Nordrhein-Westfalen', 'Münster']}",5802970779,7.621504,"{'display_name': 'APRIORI - business solutions AG', '__CLASS__': 'Adzuna::API::Response::Company'}",eyJhbGciOiJIUzI1NiJ9.eyJpIjoiNTgwMjk3MDc3OSIsInMiOiI2SDRWcjBxbDhSR2NmS1llX2NJcHZBIn0.ztTscd48PF4ecHam8KykMoz13P7yyWirq9xU1WhUxxM,51.955292,"Über uns Wir suchen im Rahmen einer unbefristeten Festanstellung einen (Senior) Consultant Data Science & AI (m/w/d) für ein ausgezeichnetes IT-Beratungshaus in Münster. Bei meinem Klienten erwartet Dich ein agiles Umfeld, in dem Du branchenübergreifende Projekte begleitest und Deine Leidenschaft für Daten voll entfalten kannst. Aufgaben Lösungsentwicklung: Du konzipierst und entwickelst individuelle Softwarelösungen für Kunden Anforderungsanalyse: Du arbeitest eng mit den Fachbereichen zusamme…",https://www.adzuna.de/details/5802970779?utm_medium=api&utm_source=a4bcf954,2026-07-16T16:06:03Z,Adzuna::API::Response::Job,"{'tag': 'unknown', 'label': 'Unknown', '__CLASS__': 'Adzuna::API::Response::Category'}",0,(Senior) Consultant Data Science & AI (m/w/d),full_time,,,
"{'area': ['Deutschland', 'Nordrhein-Westfalen', 'Dortmund'], '__CLASS__': 'Adzuna::API::Response::Location', 'display_name': 'Dortmund, Nordrhein-Westfalen'}",5837614590,7.464954,"{'display_name': 'APRIORI – BUSINESS SOLUTIONS AG', '__CLASS__': 'Adzuna::API::Response::Company'}",eyJhbGciOiJIUzI1NiJ9.eyJzIjoiNkg0VnIwcWw4UkdjZktZZV9jSXB2QSIsImkiOiI1ODM3NjE0NTkwIn0.hFfc_Re7EIrGRYVshVy8TbuvugVrG5UP3MKI6FLupbg,51.504967,"Wir suchen im Rahmen einer unbefristeten Festanstellung einen (Senior) Consultant Data Science & AI (m/w/d) für ein mehrfach ausgezeichnetes IT-Beratungshaus in Dortmund . Bei meinem Klienten erwartet Dich kein „Schema F“, sondern ein agiles Umfeld aus motivierten Profis, die interdisziplinär an den individuell besten Lösungen arbeiten. Neben der fachlichen Entfaltung wird hier ein starker Gemeinschaftssinn gelebt, der durch eine gesunde Fehlerkultur, gegenseitige Wertschätzung und besondere Ev…",https://www.adzuna.de/details/5837614590?utm_medium=api&utm_source=a4bcf954,2026-08-12T04:22:34Z,Adzuna::API::Response::Job,"{'tag': 'unknown', '__CLASS__': 'Adzuna::API::Response::Category', 'label': 'Unknown'}",0,(Senior) Consultant Data Science & AI (m/w/d),full_time,,,
"{'__CLASS__': 'Adzuna::API::Response::Location', 'area': ['Deutschland', 'Nordrhein-Westfalen', 'Münster'], 'display_name': 'Münster, Nordrhein-Westfalen'}",5837614584,7.621504,"{'display_name': 'APRIORI – BUSINESS SOLUTIONS AG', '__CLASS__': 'Adzuna::API::Response::Company'}",eyJhbGciOiJIUzI1NiJ9.eyJpIjoiNTgzNzYxNDU4NCIsInMiOiI2SDRWcjBxbDhSR2NmS1llX2NJcHZBIn0.-4SvqxXdITOJQnDGo_L0hP3uutsdSu7vDMQjzIcN0CM,51.955292,"Wir suchen im Rahmen einer unbefristeten Festanstellung einen (Senior) Consultant Data Science & AI (m/w/d) für ein mehrfach ausgezeichnetes IT-Beratungshaus in Münster . Bei meinem Klienten erwartet Dich kein „Schema F“, sondern ein agiles Umfeld aus motivierten Profis, die interdisziplinär an den individuell besten Lösungen arbeiten. Neben der fachlichen Entfaltung wird hier ein starker Gemeinschaftssinn gelebt, der durch eine gesunde Fehlerkultur, gegenseitige Wertschätzung und besondere Eve…",https://www.adzuna.de/details/5837614584?utm_medium=api&utm_source=a4bcf954,2026-08-12T04:22:34Z,Adzuna::API::Response::Job,"{'tag': 'unknown', 'label': 'Unknown', '__CLASS__': 'Adzuna::API::Response::Category'}",0,(Senior) Consultant Data Science & AI (m/w/d),full_time,,,
"{'display_name': 'Langenhagen, Region Hannover (Kreis)', 'area': ['Deutschland', 'Niedersachsen', 'Region Hannover (Kreis)', 'Langenhagen'], '__CLASS__': 'Adzuna::API::Response::Location'}",5758056563,9.73965,{'__CLASS__': 'Adzuna::API::Response::Company'},eyJhbGciOiJIUzI1NiJ9.eyJpIjoiNTc1ODA1NjU2MyIsInMiOiI2SDRWcjBxbDhSR2NmS1llX2NJcHZBIn0.U_N5iTU40to0nP_R2inonRY8Xi-h0Njz_omxFTepLGQ,52.44731,"Wir sind über 13.000. An 20 Standorten weltweit. Jedes dritte Flugzeug fliegt mit unserer Technologie. Immer effizienter, leiser, nachhaltiger. Wir gestalten die Zukunft der Luftfahrt. Was wir noch brauchen? Dich. Du hast Lust mit Daten, Algorithmen und im komplexen Feld der Luftfahrt zu arbeiten? Du willst dich bei der Entwicklung digitaler Produkte für die Triebwerkswartung einbringen? Starke Aufgaben Unterstützung des Fachbereichs bei der Vorbereitung, Strukturierung und Umsetzung von Projek…",https://www.adzuna.de/details/5758056563?utm_medium=api&utm_source=a4bcf954,2026-06-10T06:37:26Z,Adzuna::API::Response::Job,"{'tag': 'unknown', '__CLASS__': 'Adzuna::API::Response::Category', 'label': 'Unknown'}",0,Werkstudent Data Science / Digital Maintenance Solutions (all genders),,,,
"{'display_name': 'Bergheim, Heidelberg', 'area': ['Deutschland', 'Baden-Württemberg', 'Heidelberg', 'Bergheim'], '__CLASS__': 'Adzuna::API::Response::Location'}",5798717578,8.68437,"{'display_name': 'Schiller International University', '__CLASS__': 'Adzuna::API::Response::Company'}",eyJhbGciOiJIUzI1NiJ9.eyJzIjoiNkg0VnIwcWw4UkdjZktZZV9jSXB2QSIsImkiOiI1Nzk4NzE3NTc4In0.f1lIl6Fe3YeWiI43kGlbAl0SMAeF4mkkhKRs0ELHYJw,49.40574,"Your mission We invite visionary PhD holders and MSc scholars in Mathematical Statistics, Financial Mathematics, Data Science, with practical teaching experience to join us at Schiller International University in shaping the future of experiential and project-based education. The instructor will have the opportunity not only to teach but also to lead a state-of-the-art Immersive Technology Lab, fostering collaboration among students, colleagues, industry partners, and researchers to redefine th…",https://www.adzuna.de/details/5798717578?utm_medium=api&utm_source=a4bcf954,2026-07-13T11:48:57Z,Adzuna::API::Response::Job,"{'tag': 'unknown', 'label': 'Unknown', '__CLASS__': 'Adzuna::API::Response::Category'}",0,Adjunct Instructor in Data Science Computer - Science (Immediate Appointment),part_time,,,
"{'__CLASS__': 'Adzuna::API::Response::Location', 'area': ['Deutschland', 'Baden-Württemberg', 'Ravensburg (Kreis)', 'Weingarten'], 'display_name': 'Weingarten, Ravensburg (Kreis)'}",5850998431,9.64655,"{'display_name': 'All for One Group SE', '__CLASS__': 'Adzuna::API::Response::Company'}",eyJhbGciOiJIUzI1NiJ9.eyJpIjoiNTg1MDk5ODQzMSIsInMiOiI2SDRWcjBxbDhSR2NmS1llX2NJcHZBIn0.2uOVa69nmlHy16Ea1sBo8-9G6bmz3_Byc_NezAQcEQ0,47.80684,"Duales Studium - Data Science und Künstliche Intelligenz (B.Sc.) Das macht deinen Job spannend Du hast Lust auf ein Studium, möchtest aber auch erleben, wie der Alltag in einem modernen, zukunftsorientierten Unternehmen aussieht? Du findest Informatik spannend, interessierst dich aber auch für wirtschaftliche Aspekte? Dann brauchen wir genau DICH! Mit uns bist du vor dem Puls der Zeit, beschäftigst dich intensiv mit innovativen IT-Lösungen, lernst insbesondere die SAP-Software kennen und unters…",https://www.adzuna.de/details/5850998431?utm_medium=api&utm_source=a4bcf954,2026-08-21T14:16:57Z,Adzuna::API::Response::Job,"{'label': 'Unknown', '__CLASS__': 'Adzuna::API::Response::Category', 'tag': 'unknown'}",0,Duales Studium - Data Science und Künstliche Intelligenz (B.Sc.),,,,
"{'display_name': 'Mitte, Stuttgart', 'area': ['Deutschland', 'Baden-Württemberg', 'Stuttgart', 'Mitte'], '__CLASS__': 'Adzuna::API::Response::Location'}",5809950831,9.18071,"{'display_name': 'WGV Versicherung', '__CLASS__': 'Adzuna::API::Response::Company'}",eyJhbGciOiJIUzI1NiJ9.eyJpIjoiNTgwOTk1MDgzMSIsInMiOiI2SDRWcjBxbDhSR2NmS1llX2NJcHZBIn0.Es2uQKh_qePtG-2mqdKBzbLlET8HWTqplmpZ9Ob-GGk,48.77713,"Duales Studium Data Science (B.Sc.) 2027 Als starker Arbeitgeber und attraktives Ausbildungsunternehmen bieten wir vielfältige und spannende Ausbildungs- und Studienplätze mit besten Übernahmechancen. Bereit für ein echt spannendes und abwechslungsreiches Studium? Wir machen dich fit für deine Zukunft in einer modernen Versicherung. Für den Studienstart am 01.09.2027 in Stuttgart suchen wir aufgeschlossene und motivierte Studierende. Wie läuft das Studium ab? Drei Jahre bei der WGV studieren, d…",https://www.adzuna.de/details/5809950831?utm_medium=api&utm_source=a4bcf954,2026-07-22T01:08:34Z,Adzuna::API::Response::Job,"{'tag': 'unknown', '__CLASS__': 'Adzuna::API::Response::Category', 'label': 'Unknown'}",0,DHBW-Studium Bachelor of Science - Wirtschaftsinformatik Data Science,,,,
"{'display_name': 'Mitte, Stuttgart', '__CLASS__': 'Adzuna::API::Response::Location', 'area': ['Deutschland', 'Baden-Württemberg', 'Stuttgart', 'Mitte']}",5861873796,9.18071,"{'__CLASS__': 'Adzuna::API::Response::Company', 'display_name': 'riparo gmbh'}",eyJhbGciOiJIUzI1NiJ9.eyJpIjoiNTg2MTg3Mzc5NiIsInMiOiI2SDRWcjBxbDhSR2NmS1llX2NJcHZBIn0.v5TdU72gRP4bJgKpLfQCoDLshZwvsMGZtPUIfZPG2r4,48.77713,"Duales Studium Wirtschaftsinformatik – Data Science (m/w/d) Deine Aufgaben Dreijähriges duales Studium ab dem 01.10.2026 mit Wechsel zwischen der dreimonatigen Theoriephase an der DHBW Stuttgart und der Praxisphase bei der riparo gmbh in Holzgerlingen Du unterstützt beim Aufbau und bei der Weiterentwicklung unserer Datenbasis für Auswertungen, Reporting und datenbasierte Entscheidungen Du lernst, wie Daten aus unterschiedlichen Systemen und Schnittstellen zusammengeführt, strukturiert und nutzb…",https://www.adzuna.de/details/5861873796?utm_medium=api&utm_source=a4bcf954,2026-08-30T05:38:01Z,Adzuna::API::Response::Job,"{'tag': 'unknown', '__CLASS__': 'Adzuna::API::Response::Category', 'label': 'Unknown'}",0,Duales Studium Wirtschaftsinformatik - Data Science (m/w/d),full_time,,,
"{'display_name': 'Landsberg am Lech, Landsberg am Lech (Kreis)', '__CLASS__': 'Adzuna::API::Response::Location', 'area': ['Deutschland', 'Bayern', 'Landsberg am Lech (Kreis)', 'Landsberg am Lech']}",5727138438,10.88248,"{'display_name': 'nimax', '__CLASS__': 'Adzuna::API::Response::Company'}",eyJhbGciOiJIUzI1NiJ9.eyJzIjoiNkg0VnIwcWw4UkdjZktZZV9jSXB2QSIsImkiOiI1NzI3MTM4NDM4In0.zrFfuUN8u9L4ItTYxnRbT0mu5bdiI-otGqEp43VfNYk,48.04792,"Was Dich erwartet Du willst schon während Deines Studiums in die Praxis eintauchen – mit Verantwortung, spannenden Aufgaben und eigenen Projekten? Dann bist Du bei uns genau richtig! Im Rahmen des THA-Programms Work & Study Data Science (B.Sc.) arbeitest Du parallel zu Deinem Studium in unserem Unternehmen und verknüpfst theoretisches Wissen direkt mit realen Anwendungen. Deine Mission: Hilf uns dabei, unsere Kunden datenbasiert besser zu verstehen und daraus konkrete Mehrwerte abzuleiten. Als …",https://www.adzuna.de/details/5727138438?utm_medium=api&utm_source=a4bcf954,2026-05-12T22:34:19Z,Adzuna::API::Response::Job,"{'tag': 'unknown', 'label': 'Unknown', '__CLASS__': 'Adzuna::API::Response::Category'}",0,Work and Study Data Science (m/w/d),full_time,,,
"{'__CLASS__': 'Adzuna::API::Response::Location', 'area': ['Deutschland', 'Baden-Württemberg', 'Stuttgart'], 'display_name': 'Stuttgart, Baden-Württemberg'}",5828154948,9.187224,"{'__CLASS__': 'Adzuna::API::Response::Company', 'display_name': 'WGV - Württembergische Gemeinde-Versicherung a.G.'}",eyJhbGciOiJIUzI1NiJ9.eyJzIjoiNkg0VnIwcWw4UkdjZktZZV9jSXB2QSIsImkiOiI1ODI4MTU0OTQ4In0.0Lu94Bul0ptiB8t5UoRfJnxZTqBMkoT3nb5i0AJvlOI,48.776198,DHBW-Studium Bachelor of Science – Wirt­schafts­informatik Data Science Als starker Arbeitgeber und attrak­tives Aus­bildungs­unter­nehmen bieten wir viel­fältige und spannende Aus­bildungs- und Studien­plätze mit besten Über­nahme­chancen. Bereit für ein echt spannendes und abwechslungsreiches Studium? Wir machen dich fit für deine Zukunft in einer modernen Versicherung. Für den Studienstart am 01.09.2027 in Stuttgart suchen wir aufgeschlossene und motivierte Studierende. Aufgaben Drei Jahre b…,https://www.adzuna.de/details/5828154948?utm_medium=api&utm_source=a4bcf954,2026-08-04T21:53:15Z,Adzuna::API::Response::Job,"{'tag': 'unknown', '__CLASS__': 'Adzuna::API::Response::Category', 'label': 'Unknown'}",0,DHBW-Studium Bachelor of Science – Wirtschaftsinformatik Data Science,,,,
"{'display_name': 'Kernstadt, Paderborn', 'area': ['Deutschland', 'Nordrhein-Westfalen', 'Paderborn (Kreis)', 'Paderborn', 'Kernstadt'], '__CLASS__': 'Adzuna::API::Response::Location'}",5814752980,8.75098,"{'display_name': 'dSPACE Group SE & Co. KG', '__CLASS__': 'Adzuna::API::Response::Company'}",eyJhbGciOiJIUzI1NiJ9.eyJpIjoiNTgxNDc1Mjk4MCIsInMiOiI2SDRWcjBxbDhSR2NmS1llX2NJcHZBIn0.OuFkbvylYcnTor_7RbPgeNzPLE1tEO85GkcfWTZSVeY,51.73446,Duales Studium – Bachelor of Science (m/w/d) in Data Science Du begeisterst dich für das Thema Informatik und hast Spaß am Umgang mit Daten? Du möchtest dich in Kooperation mit dSPACE optimal auf eine Karriere in diesem Bereich vorbereiten? Komm in unser Team! Das duale Studium beginnt zum 1. August 2027. Die Ausbildungsdauer beträgt drei Jahre. Einzelheiten findest Du auf unserer Karriereseite . Deine Aufgaben Bei dSPACE gibt es unterschiedliche Einsatzgebiete für unsere dual Studierenden im T…,https://www.adzuna.de/details/5814752980?utm_medium=api&utm_source=a4bcf954,2026-07-25T03:19:13Z,Adzuna::API::Response::Job,"{'__CLASS__': 'Adzuna::API::Response::Category', 'label': 'Unknown', 'tag': 'unknown'}",0,Duales Studium Data Science (m/w/d) 2027,,,,
"{'display_name': 'Neustadt, Hamburg', 'area': ['Deutschland', 'Hamburg', 'Neustadt'], '__CLASS__': 'Adzuna::API::Response::Location'}",5834814125,9.98553,"{'display_name': 'Statista', '__CLASS__': 'Adzuna::API::Response::Company'}",eyJhbGciOiJIUzI1NiJ9.eyJpIjoiNTgzNDgxNDEyNSIsInMiOiI2SDRWcjBxbDhSR2NmS1llX2NJcHZBIn0.aRKKJrxD5_IKw_tmdvGEqrO6ZI9tOeyNaFcfDUNPZ5A,53.55197,"Statista Strategy ist eine Top-Management-Beratung mit Fokus auf Strategie, Daten und Umsetzung. Für die volle Wertschöpfung bei unseren Kunden kombinieren wir langjährige Erfahrung in der Strategieberatung mit einer Leidenschaft für digitale und datengetriebene Geschäftsmodelle. Unsere Kultur ist ein wichtiger Teil von Statista Strategy, geprägt von flachen Hierarchien und einem hohen Maß an Selbständigkeit. Wir glauben fest daran, dass echter beruflicher Erfolg nur im Team entstehen kann. Dah…",https://www.adzuna.de/details/5834814125?utm_medium=api&utm_source=a4bcf954,2026-08-09T18:15:24Z,Adzuna::API::Response::Job,"{'label': 'Beraterstellen', '__CLASS__': 'Adzuna::API::Response::Category', 'tag': 'consultancy-jobs'}",0,Senior Consultant Data Science & AI (m/f/d),full_time,,,
"{'display_name': 'Konstanz, Konstanz (Kreis)', '__CLASS__': 'Adzuna::API::Response::Location', 'area': ['Deutschland', 'Baden-Württemberg', 'Konstanz (Kreis)', 'Konstanz']}",5858134644,9.137663,"{'display_name': 'Stadt Konstanz', '__CLASS__': 'Adzuna::API::Response::Company'}",eyJhbGciOiJIUzI1NiJ9.eyJpIjoiNTg1ODEzNDY0NCIsInMiOiI2SDRWcjBxbDhSR2NmS1llX2NJcHZBIn0.mlMqAJwgjvF37h3BBt1U1j9xKryAuqwokpEXx6L78K4,47.708999,"Wie wird unsere Verwaltung und der Standort Konstanz fit für die Zukunft? Als interdisziplinäres Team ""Smart Green City"" entwickeln wir dafür die nötige Daten- und Organisationsstruktur inkl. urbaner Datenplattform und setzen gemeinsam mit PartnerInnen im Stadtkonzern Projekte wie ""KI in der Schifffahrt"", die „Innenstadt von morgen“ und die Erprobung datengetriebener Anwendungen um – für eine moderne Verwaltung und einen starken Innovationsstandort Konstanz. Das Programm Smart Green City wird i…",https://www.adzuna.de/land/ad/5858134644?se=6H4Vr0ql8RGcfKYe_cIpvA&utm_medium=api&utm_source=a4bcf954&v=7E2395EA121497C12DFE456060D1D4B58D61FF8A,2026-08-27T12:37:41Z,Adzuna::API::Response::Job,"{'__CLASS__': 'Adzuna::API::Response::Category', 'label': 'Stellen aus Gastronomie & Catering', 'tag': 'hospitality-catering-jobs'}",0,Datenanalystin und Applikationsmanagerin (m/w/d) für urbane Daten,full_time,,,
"{'__CLASS__': 'Adzuna::API::Response::Location', 'area': ['Deutschland', 'Bayern', 'München (Kreis)', 'München'], 'display_name': 'München, München (Kreis)'}",5848711682,11.555737,"{'display_name': 'Technische Universität München ', '__CLASS__': 'Adzuna::API::Response::Company'}",eyJhbGciOiJIUzI1NiJ9.eyJpIjoiNTg0ODcxMTY4MiIsInMiOiI2SDRWcjBxbDhSR2NmS1llX2NJcHZBIn0.gah_DEctj9nkX2fAG3RYMnmjUQVOzh72tnP89-yo5AQ,48.137418,Tenure Track Assistant Professor in »Digital Finance« Die Technical University of Munich (TUM) sucht zum nächstmöglichen Zeitpunkt eine/n Tenure Track Assistant Professor in »Digital Finance« . Die Stelle ist eine W2-Tenure-Track-Professur auf Zeit (6 Jahre) mit der Möglichkeit der Beförderung in eine unbefristete W3-Professur . Wissenschaftliches Umfeld Die Professur wird der TUM School of Management zugeordnet und am Heilbronn Campus der TUM im Rahmen des Heilbronn Data Science Center angesie…,https://www.adzuna.de/land/ad/5848711682?se=6H4Vr0ql8RGcfKYe_cIpvA&utm_medium=api&utm_source=a4bcf954&v=ED2B8C56AEE1E024851F20E2260D72F59349BC29,2026-08-19T22:21:28Z,Adzuna::API::Response::Job,"{'tag': 'unknown', '__CLASS__': 'Adzuna::API::Response::Category', 'label': 'Unknown'}",0,"Tenure Track Assistant Professor in ""Digital Finance""",,,,
"{'area': ['Deutschland'], '__CLASS__': 'Adzuna::API::Response::Location', 'display_name': 'Deutschland'}",5860314753,,"{'display_name': 'SAP', '__CLASS__': 'Adzuna::API::Response::Company'}",eyJhbGciOiJIUzI1NiJ9.eyJpIjoiNTg2MDMxNDc1MyIsInMiOiI2SDRWcjBxbDhSR2NmS1llX2NJcHZBIn0.lMLmdI9Nj-gacMud8MnbrX8oWXKfx-3WhLkxvBLkz28,,"We help the world run better At SAP, we keep it simple: you bring your best to us, and we'll bring out the best in you. We're builders touching over 20 industries and 80% of global commerce, and we need your unique talents to help shape what's next. The work is challenging – but it matters. You'll find a place where you can be yourself, prioritize your wellbeing, and truly belong. What's in it for you? Constant learning, skill growth, great benefits, and a team that wants you to grow and succee…",https://www.adzuna.de/details/5860314753?utm_medium=api&utm_source=a4bcf954,2026-08-29T01:21:39Z,Adzuna::API::Response::Job,"{'__CLASS__': 'Adzuna::API::Response::Category', 'label': 'Unknown', 'tag': 'unknown'}",0,Data Science Expert (Domain Models) - Data Labs (m/f/d),,,,
"{'display_name': 'Deutschland', 'area': ['Deutschland'], '__CLASS__': 'Adzuna::API::Response::Location'}",5861988703,,"{'__CLASS__': 'Adzuna::API::Response::Company', 'display_name': 'SAP'}",eyJhbGciOiJIUzI1NiJ9.eyJzIjoiNkg0VnIwcWw4UkdjZktZZV9jSXB2QSIsImkiOiI1ODYxOTg4NzAzIn0.gCSVIe8YlafteWZl35KKprH7MknSJ6IQ9QATIhWzcsE,,"We help the world run better At SAP, we keep it simple: you bring your best to us, and we'll bring out the best in you. We're builders touching over 20 industries and 80% of global commerce, and we need your unique talents to help shape what's next. The work is challenging - but it matters. You'll find a place where you can be yourself, prioritize your wellbeing, and truly belong. What's in it for you? Constant learning, skill growth, great benefits, and a team that wants you to grow and succee…",https://www.adzuna.de/details/5861988703?utm_medium=api&utm_source=a4bcf954,2026-08-30T09:09:57Z,Adzuna::API::Response::Job,"{'tag': 'unknown', 'label': 'Unknown', '__CLASS__': 'Adzuna::API::Response::Category'}",0,Data Science Expert (Domain Models) - Data Labs (m/f/d),,,,
"{'__CLASS__': 'Adzuna::API::Response::Location', 'area': ['Deutschland', 'Baden-Württemberg', 'Heilbronn (Kreis)', 'Bad Friedrichshall'], 'display_name': 'Bad Friedrichshall, Heilbronn (Kreis)'}",5810535784,9.21629,"{'display_name': 'Schwarz Digits', '__CLASS__': 'Adzuna::API::Response::Company'}",eyJhbGciOiJIUzI1NiJ9.eyJpIjoiNTgxMDUzNTc4NCIsInMiOiI2SDRWcjBxbDhSR2NmS1llX2NJcHZBIn0.fn0Uq607XWvlVU8a-RD6i1qWxFUkmW6YaLHoFKu-TYo,49.2291,"Als weltweit agierendes Unternehmen benötigen wir eine IT-Landschaft, die jederzeit reibungslos funktioniert, sich stets auf dem neuesten Stand der Technik befindet und sich an den Bedürfnissen unserer Kunden innerhalb den Unternehmen der Schwarz Gruppe orientiert. An der Schnittstelle zwischen BWL und IT erarbeiten wir tragfähige Lösungen, die maßgeblich und sichtbar zu unserem Erfolg beitragen. {Programmbeginn:} 01.09.2027 mit dem Begrüßungsmonat {Studienbeginn:} 01.10.2027 {Studiendauer:} 3 …",https://www.adzuna.de/land/ad/5810535784?se=6H4Vr0ql8RGcfKYe_cIpvA&utm_medium=api&utm_source=a4bcf954&v=E609EE00860D2A5DE0ABA3B1CC6C5F4EAF15A5ED,2026-07-22T10:23:22Z,Adzuna::API::Response::Job,"{'tag': 'graduate-jobs', '__CLASS__': 'Adzuna::API::Response::Category', 'label': 'Stellen für Hochschulabsolventen'}",0,Duales Studium Wirtschaftsinformatik 2027 Neckarsulm (m/w/d),,,,
"{'display_name': 'Hamburg, Deutschland', '__CLASS__': 'Adzuna::API::Response::Location', 'area': ['Deutschland', 'Hamburg']}",5810574773,9.987297,"{'display_name': 'Cimt ag', '__CLASS__': 'Adzuna::API::Response::Company'}",eyJhbGciOiJIUzI1NiJ9.eyJpIjoiNTgxMDU3NDc3MyIsInMiOiI2SDRWcjBxbDhSR2NmS1llX2NJcHZBIn0._mDI2iPlpE1N1IIFSexdh9ks-_GRzgBjp1E00jCeHRg,53.557429,"Wir sind ein branchenübergreifendes IT-Beratungsunternehmen. Mit mehr als 250 Mitarbeitern entwickeln wir innovative Software, moderne IT-Konzepte und zeitgemäße Systemarchitekturen. Schwerpunkte unserer Dienstleistungen: Data Science von der Business Analyse bis zu Visualisierungen und SAP-Beratung vom Betrieb bis zur Applikationsentwicklung. Dabei gehören Cloud Technologien ebenso wie moderne DevOps Technologien zu unserem Alltag sowie Entwicklung mittels ABAP und Java. JLFT1_DE",https://www.adzuna.de/land/ad/5810574773?se=6H4Vr0ql8RGcfKYe_cIpvA&utm_medium=api&utm_source=a4bcf954&v=DAE7BBDA0A20B315A2786A3EB724D6E40623A814,2026-07-22T10:32:33Z,Adzuna::API::Response::Job,"{'tag': 'other-general-jobs', 'label': 'Sonstige/Allgemeine Stellen', '__CLASS__': 'Adzuna::API::Response::Category'}",0,IT Consultant - SAP Fiori / ABAP / User Experience / CDS Views (m/w/d),,,,
"{'display_name': 'Delitzsch, Nordsachsen (Kreis)', '__CLASS__': 'Adzuna::API::Response::Location', 'area': ['Deutschland', 'Sachsen', 'Nordsachsen (Kreis)', 'Delitzsch']}",5827704575,12.33728,"{'__CLASS__': 'Adzuna::API::Response::Company', 'display_name': 'CTC gGmbH – Center for the Transformation of Chemistry'}",eyJhbGciOiJIUzI1NiJ9.eyJzIjoiNkg0VnIwcWw4UkdjZktZZV9jSXB2QSIsImkiOiI1ODI3NzA0NTc1In0.3x4W29RRmKNczDuK3TTu_wyyalBftXfXH9jMI5ocnSg,51.52196,"Das Center for the Transformation of Chemistry (CTC) ist ein neu entstehendes Großforschungszentrum in Mitteldeutschland mit den Standorten Delitzsch in Sachsen und Merseburg in Sachsen-Anhalt. Das Zentrum wird in der Gesellschaftsform einer gGmbH vom Bund sowie den Ländern Sachsen und Sachsen-Anhalt betrieben und finanziert. Am CTC wollen wir Chemie neu denken und umsetzen – und zwar auf vielen Ebenen: neue Materialien, neue chemische Prozesse und Anlagen und eine neue Art chemisch zu forschen…",https://www.adzuna.de/land/ad/5827704575?se=6H4Vr0ql8RGcfKYe_cIpvA&utm_medium=api&utm_source=a4bcf954&v=C22770C9222953DD4883762EE12A5E0C74E025E8,2026-08-04T12:49:37Z,Adzuna::API::Response::Job,"{'__CLASS__': 'Adzuna::API::Response::Category', 'label': 'Sonstige/Allgemeine Stellen', 'tag': 'other-general-jobs'}",0,"Justiziar/in (m/w/d) mit Schwerpunkt Forschungs-, Kooperations- und Transferrecht",,,,
"{'__CLASS__': 'Adzuna::API::Response::Location', 'display_name': 'Altstadt-Lehel, München', 'area': ['Deutschland', 'Bayern', 'München (Kreis)', 'München', 'Altstadt-Lehel']}",5342337951,11.56907,"{'__CLASS__': 'Adzuna::API::Response::Company', 'display_name': 'STAT-UP Statistical Consulting & Data Science'}",eyJhbGciOiJIUzI1NiJ9.eyJzIjoiMVA2N3NFcWw4UkdYQW9nczBxekJEUSIsImkiOiI1MzQyMzM3OTUxIn0.5vAjuytt5UqO7caIZbR5IPAmPb8si9uq_ynSnggV1yQ,48.14093,"STAT-UP ist eine spezialisierte Beratung für Statistik, Data Science und KI. Wir arbeiten branchenübergreifend — unter anderem im öffentlichen Sektor, in Versicherungen und weiteren datenintensiven Bereichen. Für diese Rolle suchen wir gezielt Verstärkung für unsere Projekte im öffentlichen Sektor. Dort entwickeln wir Lösungen, die nicht nur technisch anspruchsvoll sind, sondern spürbare positive gesellschaftliche Wirkung entfalten. Wir suchen dafür starke Senior Data Engineers, die komplexe Pr…",https://www.adzuna.de/details/5342337951?utm_medium=api&utm_source=a4bcf954,2025-08-07T22:09:29Z,Adzuna::API::Response::Job,"{'tag': 'consultancy-jobs', '__CLASS__': 'Adzuna::API::Response::Category', 'label': 'Beraterstellen'}",0,Senior Data Science and AI Consultant (m/w/d),full_time,,,
"{'area': ['Deutschland', 'Bayern', 'München (Kreis)', 'München', 'Altstadt-Lehel'], 'display_name': 'Altstadt-Lehel, München', '__CLASS__': 'Adzuna::API::Response::Location'}",5455296092,11.56907,"{'display_name': 'STAT-UP Statistical Consulting & Data Science', '__CLASS__': 'Adzuna::API::Response::Company'}",eyJhbGciOiJIUzI1NiJ9.eyJpIjoiNTQ1NTI5NjA5MiIsInMiOiIxUDY3c0VxbDhSR1hBb2dzMHF6QkRRIn0.Gt7BftliDX36DY7sXDcsiPWJm230xzo3piIc7E6KY_A,48.14093,"STAT-UP ist eine spezialisierte Beratung für Statistik, Data Science und KI. Wir arbeiten branchenübergreifend — unter anderem im öffentlichen Sektor, in Versicherungen und weiteren datenintensiven Bereichen. Für diese Rolle suchen wir gezielt Verstärkung für unsere Projekte im öffentlichen Sektor. Dort entwickeln wir Lösungen, die nicht nur technisch anspruchsvoll sind, sondern spürbare positive gesellschaftliche Wirkung entfalten. Wir suchen dafür starke Senior Data Engineers, die komplexe Pr…",https://www.adzuna.de/details/5455296092?utm_medium=api&utm_source=a4bcf954,2025-10-19T15:07:22Z,Adzuna::API::Response::Job,"{'label': 'IT-Stellen', 'tag': 'it-jobs', '__CLASS__': 'Adzuna::API::Response::Category'}",0,Praktikum Data Science and AI Consulting (m/w/d),,,,contract
"{'display_name': 'Ulm, Baden-Württemberg', '__CLASS__': 'Adzuna::API::Response::Location', 'area': ['Deutschland', 'Baden-Württemberg', 'Ulm']}",5858906568,9.856945,"{'__CLASS__': 'Adzuna::API::Response::Company', 'display_name': 'Liebherr-Digital Development Center GmbH'}",eyJhbGciOiJIUzI1NiJ9.eyJzIjoiMVA2N3NFcWw4UkdYQW9nczBxekJEUSIsImkiOiI1ODU4OTA2NTY4In0.h2WzVpLBgn2nNbP2VOQdc33eCAh9TfquH_8N0491N40,48.383137,"Liebherr-Digital Development Center GmbH in Ulm develops digital solutions for the entire Liebherr Group. Our passionate team from the areas of software development, engineering and data science works together on various projects from the whole Liebherr product world. Our mission: creating outstanding digital experiences! Java / Golang Senior Cloud Software Engineer (m/f/d) Job-ID 82260 JLFT1_DE",https://www.adzuna.de/land/ad/5858906568?se=1P67sEql8RGXAogs0qzBDQ&utm_medium=api&utm_source=a4bcf954&v=741F917E2B9A7DE8611A9DB8B3938A78B3F14F5D,2026-08-28T01:08:07Z,Adzuna::API::Response::Job,"{'label': 'Sonstige/Allgemeine Stellen', '__CLASS__': 'Adzuna::API::Response::Category', 'tag': 'other-general-jobs'}",0,Java / Golang Senior Cloud Software Engineer (m/f/d),,,,
"{'area': ['Deutschland', 'Schleswig-Holstein', 'Kiel', 'Neumühlen-Dietrichsdorf'], 'display_name': 'Neumühlen-Dietrichsdorf, Kiel', '__CLASS__': 'Adzuna::API::Response::Location'}",5449051835,10.18241,"{'__CLASS__': 'Adzuna::API::Response::Company', 'display_name': 'HAW Kiel Hochschule für Angewandte Wissenschaften'}",eyJhbGciOiJIUzI1NiJ9.eyJpIjoiNTQ0OTA1MTgzNSIsInMiOiIxUDY3c0VxbDhSR1hBb2dzMHF6QkRRIn0.uDkP19OPB93QXQ_yzsu35paHjBQxzVB-qKPBG7Ovpoo,54.33209,"Data Science (M.Sc.) Unterrichtssprache : Englisch Immatrikulation : jeweils zum Sommer- und Wintersemester (zulassungsbeschränkt) Deine Zukunft mit einem Data-Science-Studium Social Media, Satellitenaufnahmen, mobile Anwendungen, Industrie 4.0 - die Welt erlebt eine Datenexplosion. Für Unternehmen aller Branchen wie auch für den öffentlichen Sektor wird die intelligente Nutzung von Daten unter Berücksichtigung des Datenschutzes und der Datenethik immer wichtiger. So Potenziale identifiziert un…",https://www.adzuna.de/details/5449051835?utm_medium=api&utm_source=a4bcf954,2025-10-15T22:46:24Z,Adzuna::API::Response::Job,"{'label': 'Unknown', 'tag': 'unknown', '__CLASS__': 'Adzuna::API::Response::Category'}",0,Duales Studium Data Science (M.Sc.) (m/w/d),,,,
"{'display_name': 'Kiel, Schleswig-Holstein', '__CLASS__': 'Adzuna::API::Response::Location', 'area': ['Deutschland', 'Schleswig-Holstein', 'Kiel']}",5829017676,10.137982,"{'display_name': 'HAW Kiel Hochschule für Angewandte Wissenschaften', '__CLASS__': 'Adzuna::API::Response::Company'}",eyJhbGciOiJIUzI1NiJ9.eyJpIjoiNTgyOTAxNzY3NiIsInMiOiIxUDY3c0VxbDhSR1hBb2dzMHF6QkRRIn0.YkpwH-9YnzXjyqVrZsBLeFT1hx3XKQsQT1uJSJ9WFlc,54.319658,"Data Science (M.Sc.) Unterrichtssprache : Englisch Immatrikulation : jeweils zum Sommer- und Wintersemester (zulassungsbeschränkt) Deine Zukunft mit einem Data-Science-Studium Social Media, Satellitenaufnahmen, mobile Anwendungen, Industrie 4.0 - die Welt erlebt eine Datenexplosion. Für Unternehmen aller Branchen wie auch für den öffentlichen Sektor wird die intelligente Nutzung von Daten unter Berücksichtigung des Datenschutzes und der Datenethik immer wichtiger. So Potenziale identifiziert un…",https://www.adzuna.de/details/5829017676?utm_medium=api&utm_source=a4bcf954,2026-08-05T12:58:58Z,Adzuna::API::Response::Job,"{'tag': 'unknown', '__CLASS__': 'Adzuna::API::Response::Category', 'label': 'Unknown'}",0,Duales Studium Data Science (M.Sc.) (m/w/d),,,,
"{'__CLASS__': 'Adzuna::API::Response::Location', 'display_name': 'Stuttgart, Baden-Württemberg', 'area': ['Deutschland', 'Baden-Württemberg', 'Stuttgart']}",5854205812,9.187224,"{'display_name': 'Creditplus Bank AG', '__CLASS__': 'Adzuna::API::Response::Company'}",eyJhbGciOiJIUzI1NiJ9.eyJpIjoiNTg1NDIwNTgxMiIsInMiOiIxUDY3c0VxbDhSR1hBb2dzMHF6QkRRIn0.hcQ-x_A3Fd2E7iYNMElJ47VRaC_SC6BVoTgDmw7xiDQ,48.776198,"Wir machen Wünsche machbar – unsere Mission ist es, das Leben unserer Kunden zu bereichern und mit unseren Finanzdienstleistungen Träume zu verwirklichen. Wir verstehen uns nicht als typische Bank, sondern als lebendige Gemeinschaft von Gestaltern, die keine Angst davor haben, neue Wege zu gehen . Dabei setzen wir uns alle auch noch für Themen mit Impact wie Nachhaltigkeit und Digitalisierung ein – ob in unserer Zentrale in Stuttgart, an unserem Standort in Offenbach oder deutschlandweit in uns…",https://www.adzuna.de/details/5854205812?utm_medium=api&utm_source=a4bcf954,2026-08-24T07:45:15Z,Adzuna::API::Response::Job,"{'label': 'Stellen aus Wissenschaft & Qualitätssicherung', '__CLASS__': 'Adzuna::API::Response::Category', 'tag': 'scientific-qa-jobs'}",0,Data Science Manager (m/w/d) Project & Operational Development,,,,
"{'display_name': 'Karlsruhe (Kreis), Baden-Württemberg', '__CLASS__': 'Adzuna::API::Response::Location', 'area': ['Deutschland', 'Baden-Württemberg', 'Karlsruhe (Kreis)']}",5716225038,,"{'display_name': 'Atruvia', '__CLASS__': 'Adzuna::API::Response::Company'}",eyJhbGciOiJIUzI1NiJ9.eyJzIjoiMVA2N3NFcWw4UkdYQW9nczBxekJEUSIsImkiOiI1NzE2MjI1MDM4In0.qtFqi01D6n-h-33trLyHuGFkkeTxUR9M-2iUa_2GGLo,,"Description Gestalte die Zukunft mit KI – Starte dein Duales Studium im Bereich Data Science & Künstlicher Intelligenz ! Du möchtest mit smarten Lösungen die Welt der Banken-IT revolutionieren? Bei uns lernst du, wie du innovative Data-Science- und KI-Lösungen entwickelst, die unseren Kunden das Leben erleichtern. Gemeinsam gestalten wir die digitale Transformation – nach dem Motto: „Wir machen das Leben leichter mit KI.“ Deine Aufgaben: Entwickle KI-Lösungen: Du unterstützt bei der Entwicklung…",https://www.adzuna.de/details/5716225038?utm_medium=api&utm_source=a4bcf954,2026-05-01T23:00:14Z,Adzuna::API::Response::Job,"{'label': 'Unknown', 'tag': 'unknown', '__CLASS__': 'Adzuna::API::Response::Category'}",0,"Duales Studium Data Science & Künstliche Intelligenz B.Sc., Karlsruhe",,,,
"{'display_name': 'Mitte, Stuttgart', '__CLASS__': 'Adzuna::API::Response::Location', 'area': ['Deutschland', 'Baden-Württemberg', 'Stuttgart', 'Mitte']}",5743950855,9.18071,"{'display_name': 'Creditplus Bank AG', '__CLASS__': 'Adzuna::API::Response::Company'}",eyJhbGciOiJIUzI1NiJ9.eyJzIjoiMVA2N3NFcWw4UkdYQW9nczBxekJEUSIsImkiOiI1NzQzOTUwODU1In0.BZkHwkm6F4NtCspi7RQcqm1-kSFR_3UqHbRqc4eWw_w,48.77713,"Wir machen Wünsche machbar – unsere Mission ist es, das Leben unserer Kunden zu bereichern und mit unseren Finanzdienstleistungen Träume zu verwirklichen. Wir verstehen uns nicht als typische Bank, sondern als lebendige Gemeinschaft von Gestaltern, die keine Angst davor haben, neue Wege zu gehen . Dabei setzen wir uns alle auch noch für Themen mit Impact wie Nachhaltigkeit und Digitalisierung ein – ob in unserer Zentrale in Stuttgart, an unserem Standort in Offenbach oder deutschlandweit in uns…",https://www.adzuna.de/details/5743950855?utm_medium=api&utm_source=a4bcf954,2026-05-28T23:27:33Z,Adzuna::API::Response::Job,"{'label': 'Unknown', '__CLASS__': 'Adzuna::API::Response::Category', 'tag': 'unknown'}",0,Data Science Manager (m/w/d) Project & Operational Development,full_time,,,
"{'area': ['Deutschland', 'Niedersachsen', 'Wolfsburg', 'Eichelkamp'], 'display_name': 'Eichelkamp, Wolfsburg', '__CLASS__': 'Adzuna::API::Response::Location'}",5809702813,10.76094,"{'__CLASS__': 'Adzuna::API::Response::Company', 'display_name': 'dx.one GmbH - A Volkswagen Group Company'}",eyJhbGciOiJIUzI1NiJ9.eyJpIjoiNTgwOTcwMjgxMyIsInMiOiIxUDY3c0VxbDhSR1hBb2dzMHF6QkRRIn0.de8uj2SnkH4DvgRKBnga6xqnlioxhFGZQ2LksTuxD84,52.41001,Auf einen Blick Studiengang: Data Science&KI Studienort: Duale Hochschule Baden-Württemberg Mannheim Studienbeginn: 1. Oktober 2027 (Wintersemester) Studiendauer: 3 Jahre Abschluss: Bachelor of Science (B.Sc.) Informationen unter: DHBW Data Science&KI Inhalte des dualen Studiums Du wolltest schon immer neues Wissen aus Daten gewinnen und innovative Anwendungen und Geschäftsmodelle kreieren? Dann ist dieses duale Studium genau das richtige für dich. In dem Studiengang Data Science&Künstliche Int…,https://www.adzuna.de/details/5809702813?utm_medium=api&utm_source=a4bcf954,2026-07-21T22:57:25Z,Adzuna::API::Response::Job,"{'label': 'Teilzeitstellen', 'tag': 'part-time-jobs', '__CLASS__': 'Adzuna::API::Response::Category'}",0,"Duales Studium Data Science&KI, Bachelor of Science, 2027",,,,
"{'display_name': 'Wolfsburg, Niedersachsen', '__CLASS__': 'Adzuna::API::Response::Location', 'area': ['Deutschland', 'Niedersachsen', 'Wolfsburg']}",5750391844,10.786696,"{'__CLASS__': 'Adzuna::API::Response::Company', 'display_name': 'dx.one GmbH - A Volkswagen Group Company'}",eyJhbGciOiJIUzI1NiJ9.eyJpIjoiNTc1MDM5MTg0NCIsInMiOiIxUDY3c0VxbDhSR1hBb2dzMHF6QkRRIn0.pGKGKOL5tCVcHsvRFiC-WyuPtwGCODXW4Z3sF-Im77g,52.41453,Auf einen Blick Studiengang: Data Science&KI Studienort: Duale Hochschule Baden-Württemberg Mannheim Studienbeginn: 1. Oktober 2027 (Wintersemester) Studiendauer: 3 Jahre Abschluss: Bachelor of Science (B.Sc.) Informationen unter: DHBW Data Science&KI Inhalte des dualen Studiums Du wolltest schon immer neues Wissen aus Daten gewinnen und innovative Anwendungen und Geschäftsmodelle kreieren? Dann ist dieses duale Studium genau das richtige für dich. In dem Studiengang Data Science&Künstliche Int…,https://www.adzuna.de/land/ad/5750391844?se=1P67sEql8RGXAogs0qzBDQ&utm_medium=api&utm_source=a4bcf954&v=14922F225E74ED6DCC20A0AAA1A211B5D2C6A077,2026-06-03T11:39:06Z,Adzuna::API::Response::Job,"{'tag': 'part-time-jobs', '__CLASS__': 'Adzuna::API::Response::Category', 'label': 'Teilzeitstellen'}",0,"Duales Studium Data Science&KI, Bachelor of Science, 2027",,,,
"{'__CLASS__': 'Adzuna::API::Response::Location', 'display_name': 'Arheilgen, Darmstadt', 'area': ['Deutschland', 'Hessen', 'Darmstadt', 'Arheilgen']}",5456622923,8.65086,"{'__CLASS__': 'Adzuna::API::Response::Company', 'display_name': 'Hochschule Darmstadt'}",eyJhbGciOiJIUzI1NiJ9.eyJpIjoiNTQ1NjYyMjkyMyIsInMiOiIxUDY3c0VxbDhSR1hBb2dzMHF6QkRRIn0.mcFMdmddi4nQTtiA52r1JK6YQQ93yCGI2-EnUGDb7ww,49.87242,"Data Science (Master of Science) (m/w/d) - dual Warum dual studieren? Studieren und trotzdem Geld verdienen? Ein reines Studium ist zu theoretisch? Die duale Variante des Master-Studiengangs Data Science bietet beides zugleich: ein wissenschaftliches Studium und praktische Erfahrungen im Unternehmen. Neben Vorlesungen und Seminaren besteht dadurch die Möglichkeit, das Gelernte in Praxisprojekten umzusetzen. Dabei werden die Studierenden von Fachbetreuern und Fachbetreuerinnen im Unternehmen sow…",https://www.adzuna.de/details/5456622923?utm_medium=api&utm_source=a4bcf954,2025-10-20T22:53:15Z,Adzuna::API::Response::Job,"{'tag': 'unknown', '__CLASS__': 'Adzuna::API::Response::Category', 'label': 'Unknown'}",0,Data Science (Master of Science) (m/w/d) - dual,,,,
"{'display_name': 'Darmstadt, Hessen', '__CLASS__': 'Adzuna::API::Response::Location', 'area': ['Deutschland', 'Hessen', 'Darmstadt']}",5829018599,8.656595,"{'display_name': 'Hochschule Darmstadt', '__CLASS__': 'Adzuna::API::Response::Company'}",eyJhbGciOiJIUzI1NiJ9.eyJzIjoiMVA2N3NFcWw4UkdYQW9nczBxekJEUSIsImkiOiI1ODI5MDE4NTk5In0.3TLhiIO2U8RGriUyW0B7K3TPjbmevQW537XKJEHyF2U,49.877672,"Data Science (Master of Science) (m/w/d) - dual Warum dual studieren? Studieren und trotzdem Geld verdienen? Ein reines Studium ist zu theoretisch? Die duale Variante des Master-Studiengangs Data Science bietet beides zugleich: ein wissenschaftliches Studium und praktische Erfahrungen im Unternehmen. Neben Vorlesungen und Seminaren besteht dadurch die Möglichkeit, das Gelernte in Praxisprojekten umzusetzen. Dabei werden die Studierenden von Fachbetreuern und Fachbetreuerinnen im Unternehmen sow…",https://www.adzuna.de/details/5829018599?utm_medium=api&utm_source=a4bcf954,2026-08-05T12:59:08Z,Adzuna::API::Response::Job,"{'label': 'Unknown', 'tag': 'unknown', '__CLASS__': 'Adzuna::API::Response::Category'}",0,Data Science (Master of Science) (m/w/d) - dual,,,,
"{'display_name': 'Gundelfingen an der Donau, Dillingen an der Donau (Kreis)', '__CLASS__': 'Adzuna::API::Response::Location', 'area': ['Deutschland', 'Bayern', 'Dillingen an der Donau (Kreis)', 'Gundelfingen an der Donau']}",5860928170,10.36551,"{'__CLASS__': 'Adzuna::API::Response::Company', 'display_name': 'BSH Hausgeräte Gruppe'}",eyJhbGciOiJIUzI1NiJ9.eyJzIjoiMVA2N3NFcWw4UkdYQW9nczBxekJEUSIsImkiOiI1ODYwOTI4MTcwIn0.94TKJe_7Ai1nW_Pfcqzj6f58I9KkyhSRFFaVlKakDmE,48.55149,"Wir begleiten dich auf dem Weg zum Traumberuf. Als führender Hausgerätehersteller in Europa bilden wir junge Menschen in Berufen aus, die zu ihnen passen und sie erfüllen. Mit unserem Portfolio an Marken – unter anderem Bosch, Siemens, Gaggenau und Neff – bieten wir Nachwuchskräften spannende Aufgaben und die Möglichkeit, von Anfang an Verantwortung zu übernehmen. Ob im Bereich Klimaschutz, Innovation oder Fairness – wir setzen uns gemeinsam mit dir für eine nachhaltige Zukunft ein. Spannende L…",https://www.adzuna.de/details/5860928170?utm_medium=api&utm_source=a4bcf954,2026-08-29T11:19:22Z,Adzuna::API::Response::Job,"{'label': 'Unknown', '__CLASS__': 'Adzuna::API::Response::Category', 'tag': 'unknown'}",0,Duales Studium - Data Science & Künstliche Intelligenz (B. Sc.) - 2027,,,,
"{'__CLASS__': 'Adzuna::API::Response::Location', 'display_name': 'Dagobertshausen, Marburg', 'area': ['Deutschland', 'Hessen', 'Marburg-Biedenkopf (Kreis)', 'Marburg', 'Dagobertshausen']}",5767873199,8.70301,"{'__CLASS__': 'Adzuna::API::Response::Company', 'display_name': 'GSK Vaccines GmbH'}",eyJhbGciOiJIUzI1NiJ9.eyJzIjoiMVA2N3NFcWw4UkdYQW9nczBxekJEUSIsImkiOiI1NzY3ODczMTk5In0.rzJgVSnIxhYtb2e3ku2ri_9zCKcP-90NzxaDKtnE9D0,50.81987,Duales Studium 2027 - BA Science Softwaretechnologie FR: Data Science (m/w/d) - 35041 Marburg - Arbeitszeit: Vollzeit - Position: Duales Studium - Bildungsgrad Mindestvoraussetzung: Fachhochschulreife - Beschäftigungsbeginn: 01.08.2027,https://www.adzuna.de/details/5767873199?utm_medium=api&utm_source=a4bcf954,2026-06-18T11:34:48Z,Adzuna::API::Response::Job,"{'tag': 'graduate-jobs', '__CLASS__': 'Adzuna::API::Response::Category', 'label': 'Stellen für Hochschulabsolventen'}",0,Duales Studium 2027 - BA Science Softwaretechnologie FR: Data Science,,,,
"{'area': ['Deutschland', 'Baden-Württemberg', 'Ostalbkreis', 'Oberkochen'], 'display_name': 'Oberkochen, Ostalbkreis', '__CLASS__': 'Adzuna::API::Response::Location'}",5841693324,10.10558,"{'display_name': 'Orizon GmbH, Niederlassung Ostwürttemberg', '__CLASS__': 'Adzuna::API::Response::Company'}",eyJhbGciOiJIUzI1NiJ9.eyJpIjoiNTg0MTY5MzMyNCIsInMiOiIxUDY3c0VxbDhSR1hBb2dzMHF6QkRRIn0.wMDR9dQhMiz6xsaYnik23qqrUdo9pDFg8ktshnXegBI,48.78408,Unser Angebot: Attraktive tarifliche Vergütung nach Entgeltgruppe 9 sowie eine sichere Festanstellung im Rahmen der Arbeitnehmerüberlassung. Vollzeitstelle mit 40 Stunden pro Woche in einem innovativen Umfeld in Oberkochen. Sie profitieren von einer anspruchsvollen Tätigkeit im Bereich AI & Data Science für EUV Metrology. Ihre zukünftige Arbeitsstelle: Wir suchen zum nächstmöglichen Zeitpunkt Sie als AI & Data Science Engineer – EUV Metrology (m/w/d) in Oberkochen. Ihre Aufgaben: Sie spielen ei…,https://www.adzuna.de/details/5841693324?utm_medium=api&utm_source=a4bcf954,2026-08-14T12:26:41Z,Adzuna::API::Response::Job,"{'__CLASS__': 'Adzuna::API::Response::Category', 'tag': 'unknown', 'label': 'Unknown'}",0,AI & Data Science Engineer – EUV Metrology (m/w/d),,28.0,40.0,
"{'area': ['Deutschland', 'Hamburg', 'Hamburg-Altstadt'], 'display_name': 'Hamburg-Altstadt, Hamburg', '__CLASS__': 'Adzuna::API::Response::Location'}",5858328022,9.99417,"{'__CLASS__': 'Adzuna::API::Response::Company', 'display_name': 'Kaiser Personalberatung GmbH'}",eyJhbGciOiJIUzI1NiJ9.eyJpIjoiNTg1ODMyODAyMiIsInMiOiIxUDY3c0VxbDhSR1hBb2dzMHF6QkRRIn0.gr7fYZp2490MiGWlaUpadSSLkhJYj0Z5XOYHC0BTj6U,53.5504,"Über uns Für unseren Kunden ein führendes Beratungshaus für den Bereich von S/4 Transformationen suchen wir eine/n SAP Teamleiter BI/ Data Science (m/w/d). Aufgaben spannende Projekte in den Bereichen SAC, BI/BW, BTP und Data Science (Pre) Sales Aktivitäten Unter Berücksichtigung der Architecture, Cloud und Webtechnologien (Von Fit Gap Analyse bis zur Umsetzung) Teamleitung und Entwicklung des Teams Profil mind. 5 Jahre Führungserfahrung Sehr gutes Verständnis in den Bereichen SAP BTP, SAC & S/…",https://www.adzuna.de/details/5858328022?utm_medium=api&utm_source=a4bcf954,2026-08-27T16:43:37Z,Adzuna::API::Response::Job,"{'label': 'Unknown', 'tag': 'unknown', '__CLASS__': 'Adzuna::API::Response::Category'}",0,SAP Teamleiter SAP BI / Data Science (m/w/d),full_time,,,
"{'__CLASS__': 'Adzuna::API::Response::Location', 'display_name': 'Deutschland', 'area': ['Deutschland']}",5330302408,,"{'__CLASS__': 'Adzuna::API::Response::Company', 'display_name': 'bikesale solutions'}",eyJhbGciOiJIUzI1NiJ9.eyJpIjoiNTMzMDMwMjQwOCIsInMiOiIxUDY3c0VxbDhSR1hBb2dzMHF6QkRRIn0.kfktRtOmVD7xOTR7n_pJJve60CvUZgN188w4oE1WP6Y,,"Wir sind Bikesale das e-Mobility Start-Up, das den Zugang zu E-Bikes und hochwertigen Fahrrädern einfach, erschwinglich und nachhaltig macht. Mit unserer reCommerce Plattform revolutionieren wir den Mobility-Markt, nutzen die Welle des Bike-Booms und schaffen dabei gleichzeitig einen Impact für unsere Umwelt - das ist es was uns antreibt und motiviert. Wir wachsen rasant und suchen aktuell nach begeisterten Menschen, die unsere Vision teilen und mit uns gemeinsam europaweit zum Branchen-Vorreit…",https://www.adzuna.de/details/5330302408?utm_medium=api&utm_source=a4bcf954,2025-07-31T22:18:51Z,Adzuna::API::Response::Job,"{'tag': 'it-jobs', '__CLASS__': 'Adzuna::API::Response::Category', 'label': 'IT-Stellen'}",0,CTO / Team Lead IT & Data Science (m/w/d),full_time,,,
"{'area': ['Deutschland', 'Baden-Württemberg', 'Schwäbisch Hall (Kreis)', 'Langenburg'], 'display_name': 'Langenburg, Schwäbisch Hall (Kreis)', '__CLASS__': 'Adzuna::API::Response::Location'}",5816463210,9.8008,"{'display_name': 'ebm-papst', '__CLASS__': 'Adzuna::API::Response::Company'}",eyJhbGciOiJIUzI1NiJ9.eyJpIjoiNTgxNjQ2MzIxMCIsInMiOiIxUDY3c0VxbDhSR1hBb2dzMHF6QkRRIn0.1EJV0gQpddtiwOtgj1nDlTckl9RwWGoTrgio_QhY-TI,49.3406,"Bachelor of Science: Data Science und Künstliche Intelligenz (Ausbildungsbeginn 2027) Standort(e): Mulfingen Deine Aufgaben: Die verwandten Fachbereiche Data Science und KI beschäftigen sich mit der Analyse, Verarbeitung und Nutzung von Daten. Deine Aufgabe ist es, die Methoden aus Statistik, Informatik und Wirtschaftswissenschaften anzuwenden, um aus Daten Erkenntnisse und Mehrwert für uns oder unsere Kunden zu gewinnen. Die Entwicklung und Anwendung von Algorithmen, Software und Systemen zur …",https://www.adzuna.de/details/5816463210?utm_medium=api&utm_source=a4bcf954,2026-07-26T12:42:56Z,Adzuna::API::Response::Job,"{'label': 'Unknown', 'tag': 'unknown', '__CLASS__': 'Adzuna::API::Response::Category'}",0,Bachelor of Science: Data Science und Künstliche Intelligenz (Ausbildungsbeginn 2027),,,,
"{'display_name': 'Hamburg, Deutschland', '__CLASS__': 'Adzuna::API::Response::Location', 'area': ['Deutschland', 'Hamburg']}",5822378680,9.987297,"{'display_name': 'Eraneos Germany GmbH', '__CLASS__': 'Adzuna::API::Response::Company'}",eyJhbGciOiJIUzI1NiJ9.eyJpIjoiNTgyMjM3ODY4MCIsInMiOiIxUDY3c0VxbDhSR1hBb2dzMHF6QkRRIn0.7fYKnxJUxyEuyYy1kLKbpUmcXUjgKx9h9nZ4_Q4nsgY,53.557429,"Das findest Du bei uns Wir sind ein technisches, umsetzungsorientiertes Spin-Off einer global agierenden Managementberatung. Zu unseren Kunden gehören primär DAX und Fortune Global 500 Unternehmen, die wir zu Fragen in den Bereichen Analytics, Big Data und Machine Learning beraten. Wir übernehmen in der Gruppe die Entwicklung von individuellen und datengetriebenen Lösungen, um so unsere Kunden in KI-gestützte Unternehmen zu transformieren. Wir bieten ein internationales Arbeitsumfeld mit agilen…",https://www.adzuna.de/details/5822378680?utm_medium=api&utm_source=a4bcf954,2026-07-31T15:46:13Z,Adzuna::API::Response::Job,"{'tag': 'unknown', '__CLASS__': 'Adzuna::API::Response::Category', 'label': 'Unknown'}",0,Senior Manager Data Science & AI Engineering (w/m/d),,,,
"{'area': ['Deutschland', 'Bayern', 'Memmingen (Kreis)', 'Memmingen'], '__CLASS__': 'Adzuna::API::Response::Location', 'display_name': 'Memmingen, Memmingen (Kreis)'}",5830238469,10.26537,"{'__CLASS__': 'Adzuna::API::Response::Company', 'display_name': 'MULTIVAC Sepp Haggenmüller SE & Co. KG'}",eyJhbGciOiJIUzI1NiJ9.eyJzIjoiMVA2N3NFcWw4UkdYQW9nczBxekJEUSIsImkiOiI1ODMwMjM4NDY5In0.y38li4o4GN64rfYUvFuSm6fIh8roYA7Kg75awpyfQYY,47.89352,"MULTIVAC ist einer der weltweit führenden Anbieter von Verpackungslösungen für Lebensmittel aller Art, Life-Science- und Healthcare-Produkte sowie Industriegüter. Das MULTIVAC-Portfolio umfasst unter­schiedliche Ver­packungs­technologien ebenso wie Auto­matisierungslösungen, Etikettier- und Qualitäts­kontrollsysteme. Abgerundet wird das Angebot durch dem Verpackungsprozess vor­ge­lagerte Lösungen in den Bereichen Portionieren und Processing sowie Backwarentechnik. Die Unternehmensgruppe beschäf…",https://www.adzuna.de/details/5830238469?utm_medium=api&utm_source=a4bcf954,2026-08-06T11:23:50Z,Adzuna::API::Response::Job,"{'label': 'Sonstige/Allgemeine Stellen', 'tag': 'other-general-jobs', '__CLASS__': 'Adzuna::API::Response::Category'}",0,Duales Studium Data Science und Künstliche Intelligenz an der DHBW Ravensburg,,,,
"{'display_name': 'Handelshäfen, Bremen', '__CLASS__': 'Adzuna::API::Response::Location', 'area': ['Deutschland', 'Bremen', 'Handelshäfen']}",5861238246,8.77324,"{'display_name': 'der affinis', '__CLASS__': 'Adzuna::API::Response::Company'}",eyJhbGciOiJIUzI1NiJ9.eyJzIjoiMVA2N3NFcWw4UkdYQW9nczBxekJEUSIsImkiOiI1ODYxMjM4MjQ2In0.kDFLDYiE1pLicCbEJXQayfOpMIt4npGQHvdOkdlNYD8,53.09622,"Team AI & Advanced Analytics affinis-Gruppe In einer disruptiven und komplexen Welt unterstützen wir als affinis-Gruppe unsere Kunden seit mehr als 20 Jahren dabei, genau die Entscheidungen zu treffen, die sie nach vorne bringen. Das schaffen wir nur mit unserer hochqualifizierten und kreativen Mannschaft. Das Wissen, die Erfahrung und die Leidenschaft unserer Mannschaftsmitglieder ist die Grundlage für den Erfolg unserer Kundenprojekte. Unsere Kunden sind große und mittlere Unternehmen in ganz…",https://www.adzuna.de/details/5861238246?utm_medium=api&utm_source=a4bcf954,2026-08-29T17:31:33Z,Adzuna::API::Response::Job,"{'label': 'Beraterstellen', 'tag': 'consultancy-jobs', '__CLASS__': 'Adzuna::API::Response::Category'}",0,(Senior) Consultant (w/m/d) - Data Science & Generative KI,full_time,,,
"{'display_name': 'Handelshäfen, Bremen', '__CLASS__': 'Adzuna::API::Response::Location', 'area': ['Deutschland', 'Bremen', 'Handelshäfen']}",5861330040,8.77324,"{'display_name': 'der affinis', '__CLASS__': 'Adzuna::API::Response::Company'}",eyJhbGciOiJIUzI1NiJ9.eyJpIjoiNTg2MTMzMDA0MCIsInMiOiIxUDY3c0VxbDhSR1hBb2dzMHF6QkRRIn0._BvBy0mYbRNnIGiA0M2WlPkMH-6QiP8ZSMAt-XJ4DWI,53.09622,"Team AI & Advanced Analytics affinis-Gruppe In einer disruptiven und komplexen Welt unterstützen wir als affinis-Gruppe unsere Kunden seit mehr als 20 Jahren dabei, genau die Entscheidungen zu treffen, die sie nach vorne bringen. Das schaffen wir nur mit unserer hochqualifizierten und kreativen Mannschaft. Das Wissen, die Erfahrung und die Leidenschaft unserer Mannschaftsmitglieder ist die Grundlage für den Erfolg unserer Kundenprojekte. Unsere Kunden sind große und mittlere Unternehmen in ganz…",https://www.adzuna.de/details/5861330040?utm_medium=api&utm_source=a4bcf954,2026-08-29T17:53:13Z,Adzuna::API::Response::Job,"{'__CLASS__': 'Adzuna::API::Response::Category', 'tag': 'it-jobs', 'label': 'IT-Stellen'}",0,(Senior) Consultant (w/m/d) - Data Science & Machine Learning,full_time,,,
"{'area': ['Deutschland', 'Baden-Württemberg', 'Karlsruhe (Kreis)', 'Karlsruhe', 'Innenstadt'], '__CLASS__': 'Adzuna::API::Response::Location', 'display_name': 'Innenstadt, Karlsruhe'}",5824055582,8.38979,"{'__CLASS__': 'Adzuna::API::Response::Company', 'display_name': 'Workwise GmbH'}",eyJhbGciOiJIUzI1NiJ9.eyJpIjoiNTgyNDA1NTU4MiIsInMiOiIxUDY3c0VxbDhSR1hBb2dzMHF6QkRRIn0.qRz8tXAn2FUw4AR-xeSgl7qDCLbzA52npRi9-UGggFI,49.01336,"Über HKCM Wir sind ein Analysehaus aus Stuttgart mit der Mission, Anleger am Kapitalmarkt mit präzisen Analysen zu Erfolg zu helfen. Mit unseren täglichen Analysen, Einschätzungen und Prognosen zu über 203 Werten, bieten wir für jeden Anleger maximalen Mehrwert. Dabei steht der finanzielle Erfolg unserer Abonnenten immer im Vordergrund, weshalb wir auch finanzjournalistische Arbeit leisten, um ein vollumfängliches Paket anzubieten. Was erwartet dich? Du führst und entwickelst ein interdisziplin…",https://www.adzuna.de/details/5824055582?utm_medium=api&utm_source=a4bcf954,2026-08-01T16:33:13Z,Adzuna::API::Response::Job,"{'label': 'Unknown', '__CLASS__': 'Adzuna::API::Response::Category', 'tag': 'unknown'}",0,Teamleiter Künstliche Intelligenz - Data Science / MLOps (m/w/d),full_time,,,
"{'display_name': 'Leinfelden-Echterdingen, Esslingen (Kreis)', '__CLASS__': 'Adzuna::API::Response::Location', 'area': ['Deutschland', 'Baden-Württemberg', 'Esslingen (Kreis)', 'Leinfelden-Echterdingen']}",5802937342,9.14057,"{'display_name': 'Deutsche Telekom AG', '__CLASS__': 'Adzuna::API::Response::Company'}",eyJhbGciOiJIUzI1NiJ9.eyJzIjoiMVA2N3NFcWw4UkdYQW9nczBxekJEUSIsImkiOiI1ODAyOTM3MzQyIn0.OkBFFrNS_iGLWw7vnmbtoWYuUeu_sLXuKO0T2kUHJ1M,48.69447,"Deine Aufgabe In unserem dualen Studiengang Bachelor of Science in Data Science und Künstliche Intelligenz lernst du fundierte Inhalte der Informatik und erhältst gleichzeitig Einblicke in die KI, das maschinelle Lernen und Big Data. In den 3 Jahren Studium bist du pro Semester ca. 12 Wochen an der Dualen Hochschule Baden-Württemberg in Stuttgart und die restliche Zeit in deiner Telekom-Abteilung eingesetzt. Während deiner Studien- und Praxisphasen erwarten dich u. a.: Mathematik und Statistik …",https://www.adzuna.de/details/5802937342?utm_medium=api&utm_source=a4bcf954,2026-07-16T15:57:34Z,Adzuna::API::Response::Job,"{'__CLASS__': 'Adzuna::API::Response::Category', 'tag': 'unknown', 'label': 'Unknown'}",0,Duales Studium Data Science und Künstliche Intelligenz (m/w/d),,,,
"{'area': ['Deutschland', 'Baden-Württemberg', 'Esslingen (Kreis)', 'Leinfelden-Echterdingen'], '__CLASS__': 'Adzuna::API::Response::Location', 'display_name': 'Leinfelden-Echterdingen, Esslingen (Kreis)'}",5796938261,9.14057,"{'__CLASS__': 'Adzuna::API::Response::Company', 'display_name': 'Deutsche Telekom AG, Telekom Ausbildung'}",eyJhbGciOiJIUzI1NiJ9.eyJzIjoiMVA2N3NFcWw4UkdYQW9nczBxekJEUSIsImkiOiI1Nzk2OTM4MjYxIn0.f-Z7bXqyQosKEZ8q0uesOiEYtnsc3rJ_xIBooa_S4vk,48.69447,"In unserem dualen Studiengang Bachelor of Science in Data Science und Künstliche Intelligenz lernst du fundierte Inhalte der Informatik und erhältst gleichzeitig Einblicke in die KI, das maschinelle Lernen und Big Data. In den 3 Jahren Studium bist du pro Semester ca. 12 Wochen an der Dualen Hochschule Baden-Württemberg in Stuttgart und die restliche Zeit in deiner Telekom-Abteilung eingesetzt. Während deiner Studien- und Praxisphasen erwarten dich u. a.: Mathematik und Statistik Informatik und…",https://www.adzuna.de/land/ad/5796938261?se=1P67sEql8RGXAogs0qzBDQ&utm_medium=api&utm_source=a4bcf954&v=089EA4546C4AF9A0E531A797F84B8055EF6B43A5,2026-07-11T14:28:10Z,Adzuna::API::Response::Job,"{'label': 'Teilzeitstellen', '__CLASS__': 'Adzuna::API::Response::Category', 'tag': 'part-time-jobs'}",0,Duales Studium Data Science und Künstliche Intelligenz (m/w/d),,,,
"{'display_name': 'Eberbach, Rhein-Neckar-Kreis', '__CLASS__': 'Adzuna::API::Response::Location', 'area': ['Deutschland', 'Baden-Württemberg', 'Rhein-Neckar-Kreis', 'Eberbach']}",5809720302,8.98712,"{'display_name': 'GELITA AG', '__CLASS__': 'Adzuna::API::Response::Company'}",eyJhbGciOiJIUzI1NiJ9.eyJzIjoiMVA2N3NFcWw4UkdYQW9nczBxekJEUSIsImkiOiI1ODA5NzIwMzAyIn0.WUUT7TGH1lCGYpulsMdvwdNiJZ0BpVPoAdkn3Vuj2OQ,49.46241,Die GELITA-Unternehmensgruppe ist einer der führenden Hersteller von Kollagenproteinen weltweit und mit mehr als 2.900 Mitarbeitenden und 20 Standorten auf allen Kontinenten vertreten. Wir sind mit unserer globalen Präsenz im Markt für Gesundheit und Nahrungsergänzung genauso zu Hause wie in den Bereichen Pharmazie und Medizin. Darüber hinaus bieten wir mit unseren Produkten eine große Bandbreite anäußerst spannenden technologischen Anwendungen. Wir leben Innovation und folgen dabei konsequent …,https://www.adzuna.de/details/5809720302?utm_medium=api&utm_source=a4bcf954,2026-07-21T23:00:00Z,Adzuna::API::Response::Job,"{'label': 'Teilzeitstellen', 'tag': 'part-time-jobs', '__CLASS__': 'Adzuna::API::Response::Category'}",0,Duales Studium Bachelor of Science - Data Science&Künstliche Intelligenz,,,,
"{'__CLASS__': 'Adzuna::API::Response::Location', 'display_name': 'Hirschhorn (Neckar), Bergstraße (Kreis)', 'area': ['Deutschland', 'Hessen', 'Bergstraße (Kreis)', 'Hirschhorn (Neckar)']}",5804050215,8.89711,"{'display_name': 'GELITA AG', '__CLASS__': 'Adzuna::API::Response::Company'}",eyJhbGciOiJIUzI1NiJ9.eyJpIjoiNTgwNDA1MDIxNSIsInMiOiIxUDY3c0VxbDhSR1hBb2dzMHF6QkRRIn0.McMZypAWAoxBDxqQZPRbSVdNAQcKpI02PjSM23lejv0,49.44669,Die GELITA-Unternehmensgruppe ist einer der führenden Hersteller von Kollagenproteinen weltweit und mit mehr als 2.900 Mitarbeitenden und 20 Standorten auf allen Kontinenten vertreten. Wir sind mit unserer globalen Präsenz im Markt für Gesundheit und Nahrungsergänzung genauso zu Hause wie in den Bereichen Pharmazie und Medizin. Darüber hinaus bieten wir mit unseren Produkten eine große Bandbreite anäußerst spannenden technologischen Anwendungen. Wir leben Innovation und folgen dabei konsequent …,https://www.adzuna.de/land/ad/5804050215?se=1P67sEql8RGXAogs0qzBDQ&utm_medium=api&utm_source=a4bcf954&v=C423C9D6BC17D1F44060E07B5AE08547038C11E2,2026-07-17T03:01:41Z,Adzuna::API::Response::Job,"{'label': 'Teilzeitstellen', 'tag': 'part-time-jobs', '__CLASS__': 'Adzuna::API::Response::Category'}",0,Duales Studium Bachelor of Science - Data Science&Künstliche Intelligenz,,,,
"{'area': ['Deutschland', 'Baden-Württemberg', 'Karlsruhe (Kreis)', 'Karlsruhe'], '__CLASS__': 'Adzuna::API::Response::Location', 'display_name': 'Karlsruhe, Karlsruhe (Kreis)'}",5831199246,8.412378,"{'display_name': 'dm-drogerie markt GmbH + Co. KG', '__CLASS__': 'Adzuna::API::Response::Company'}",eyJhbGciOiJIUzI1NiJ9.eyJzIjoiMVA2N3NFcWw4UkdYQW9nczBxekJEUSIsImkiOiI1ODMxMTk5MjQ2In0.abvPVZ-Y_3HIpYBFINTMixIRxGUq_UNm46nJ7QPiyms,49.001249,"Du möchtest im Team an digitalen Projekten in der Logistik mitarbeiten und dabei lernen, wie Daten und Künstliche Intelligenz im Arbeitsalltag genutzt werden? Du willst nicht nur im Studium erfahren, wie man Abläufe verbessert oder große Datenmengen sinnvoll nutzt, sondern Dein Wissen direkt in der Praxis anwenden? Du suchst einen Partner, bei dem Du neben Deinem Data-Science-Studium praktische Erfahrungen in der Logistik sammeln kannst – mit weniger Arbeitszeit während der Vorlesungszeit und l…",https://www.adzuna.de/details/5831199246?utm_medium=api&utm_source=a4bcf954,2026-08-07T01:06:50Z,Adzuna::API::Response::Job,"{'label': 'Unknown', 'tag': 'unknown', '__CLASS__': 'Adzuna::API::Response::Category'}",0,StudiumPLUS Praxis Data Science (B.Sc.) (w/m/d),,,,
"{'area': ['Deutschland', 'Bayern', 'München (Kreis)', 'München'], '__CLASS__': 'Adzuna::API::Response::Location', 'display_name': 'München, München (Kreis)'}",5758056589,11.555737,{'__CLASS__': 'Adzuna::API::Response::Company'},eyJhbGciOiJIUzI1NiJ9.eyJzIjoiMVA2N3NFcWw4UkdYQW9nczBxekJEUSIsImkiOiI1NzU4MDU2NTg5In0.AGus_WhRox1wTvQrMvNtjitbpX01ragmeTP8IJtXCCc,48.137418,"Wir sind über 13.000. An 20 Standorten weltweit. Jedes dritte Flugzeug fliegt mit unserer Technologie. Immer effizienter, leiser, nachhaltiger. Wir gestalten die Zukunft der Luftfahrt. Was wir noch brauchen? Dich. Unser Team in GER | München sucht Dich: Starke Aufgaben Einarbeitung in das bei der MTU verwendete Vorgehen für Engine Trend Monitoring (ETM) Im Rahmen des Praktikums beschäftigen Sie sich mit Themen aus den fol-genden Bereichen: Weiterentwicklung bestehender Machine-Learning Modelle …",https://www.adzuna.de/details/5758056589?utm_medium=api&utm_source=a4bcf954,2026-06-10T06:37:26Z,Adzuna::API::Response::Job,"{'tag': 'it-jobs', '__CLASS__': 'Adzuna::API::Response::Category', 'label': 'IT-Stellen'}",0,Praktikant Data Science im Bereich Engine Health Monitoring (all genders),,,,
"{'__CLASS__': 'Adzuna::API::Response::Location', 'display_name': 'Lemgo, Lippe (Kreis)', 'area': ['Deutschland', 'Nordrhein-Westfalen', 'Lippe (Kreis)', 'Lemgo']}",5813134905,8.90175,"{'__CLASS__': 'Adzuna::API::Response::Company', 'display_name': 'Technische Hochschule Ostwestfalen-Lippe'}",eyJhbGciOiJIUzI1NiJ9.eyJpIjoiNTgxMzEzNDkwNSIsInMiOiIxUDY3c0VxbDhSR1hBb2dzMHF6QkRRIn0.33H2BUllK3TY4phK5285Z0GMmDdDIO6bBCVOGZ0q4P4,52.03331,"Duales Studium Data Science Bachelor of Science (B.Sc.) (m/w/d) In der Rolle eines Data Scientist gestalten Sie Softwarelösungen zur Verarbeitung von Daten. Unser Bildungsgang bereitet Sie ideal auf dieses vielfältige, kreative und zukunftsorientierte Berufsfeld vor. Wir bieten individuelle Betreuung und eine praxisnahe Ausbildung. Unsere Schwerpunkte liegen in den Bereichen Mobilität, Energieversorgung, Fertigungsprozesse und Kommunikation. Ebenso faszinierend ist die Einbindung aktueller Fors…",https://www.adzuna.de/details/5813134905?utm_medium=api&utm_source=a4bcf954,2026-07-24T03:22:21Z,Adzuna::API::Response::Job,"{'label': 'Unknown', 'tag': 'unknown', '__CLASS__': 'Adzuna::API::Response::Category'}",0,Duales Studium Data Science (B. Sc.) (m/w/d),,,,
"{'area': ['Deutschland'], '__CLASS__': 'Adzuna::API::Response::Location', 'display_name': 'Deutschland'}",5851688938,,"{'__CLASS__': 'Adzuna::API::Response::Company', 'display_name': 'HKCM Engineering e. K.'}",eyJhbGciOiJIUzI1NiJ9.eyJpIjoiNTg1MTY4ODkzOCIsInMiOiIxUDY3c0VxbDhSR1hBb2dzMHF6QkRRIn0.xeikuDBi3GPPvNAWCB5Bta6SPPtoGEgLG3YqocH8HQI,,"Wir sind ein Analysehaus aus Stuttgart mit der Mission, Anleger am Kapitalmarkt mit präzisen Analysen zu Erfolg zu helfen. Mit unseren täglichen Analysen, Einschätzungen und Prognosen zu über 203 Werten, bieten wir für jeden Anleger maximalen Mehrwert. Dabei steht der finanzielle Erfolg unserer Abonnenten immer im Vordergrund, weshalb wir auch finanzjournalistische Arbeit leisten, um ein vollumfängliches Paket anzubieten. Aufgaben Du führst und entwickelst ein interdisziplinäres KI-Team aus Dat…",https://www.adzuna.de/details/5851688938?utm_medium=api&utm_source=a4bcf954,2026-08-22T02:04:43Z,Adzuna::API::Response::Job,"{'label': 'Unknown', 'tag': 'unknown', '__CLASS__': 'Adzuna::API::Response::Category'}",0,Teamleiter Künstliche Intelligenz - Data Science / MLOps (m/w/d),,,,
"{'area': ['Deutschland', 'Sachsen', 'Dresden', 'Innere Altstadt'], '__CLASS__': 'Adzuna::API::Response::Location', 'display_name': 'Innere Altstadt, Dresden'}",5847053372,13.73717,"{'__CLASS__': 'Adzuna::API::Response::Company', 'display_name': 'Technische Universität Dresden'}",eyJhbGciOiJIUzI1NiJ9.eyJzIjoiMVA2N3NFcWw4UkdYQW9nczBxekJEUSIsImkiOiI1ODQ3MDUzMzcyIn0.CvaNBUIvjX4EIVVG9yq-oq3PEoaxCOuAByMZjLnANog,51.05032,"As part of the German government's artificial intelligence (AI) strategy, the successful Saxon competence center ScaDS.AI Dresden/Leipzig (Center for Scalable Data Analytics and Artificial Intelligence) is being expanded into a leading German AI competence center for Big Data and Artificial Intelligence (AI). For TUD Dresden University of Technology, diversity is an essential feature and a quality criterion of an excellent university. Accordingly, we welcome all applicants who would like to com…",https://www.adzuna.de/details/5847053372?utm_medium=api&utm_source=a4bcf954,2026-08-18T18:13:40Z,Adzuna::API::Response::Job,"{'label': 'Unknown', 'tag': 'unknown', '__CLASS__': 'Adzuna::API::Response::Category'}",0,"PhD Student Computer Science, Data Science (m/f/d)",,,,
"{'area': ['Deutschland', 'Baden-Württemberg', 'Ostalbkreis', 'Oberkochen'], '__CLASS__': 'Adzuna::API::Response::Location', 'display_name': 'Oberkochen, Ostalbkreis'}",5771068134,10.10558,"{'display_name': 'ZEISS', '__CLASS__': 'Adzuna::API::Response::Company'}",eyJhbGciOiJIUzI1NiJ9.eyJzIjoiMVA2N3NFcWw4UkdYQW9nczBxekJEUSIsImkiOiI1NzcxMDY4MTM0In0.g8BNrQ7xEO9MH_F1FUmzJRuCaDR527s9McHmiujNju8,48.78408,"Enabler for smaller, more powerful, and more energy-efficient microchips Working for tomorrow today. Around 80 percent of all microchips worldwide are produced using ZEISS technologies. As the centerpiece of every electronically controlled system, they have become an integral part of our everyday lives – whether in smartphones, smart homes or smart factories. ZEISS is a technology leader in the field of semiconductor manufacturing equipment. With high-precision lithography optics, photomask sys…",https://www.adzuna.de/details/5771068134?utm_medium=api&utm_source=a4bcf954,2026-06-20T23:27:20Z,Adzuna::API::Response::Job,"{'__CLASS__': 'Adzuna::API::Response::Category', 'tag': 'manufacturing-jobs', 'label': 'Stellen aus Fertigung'}",0,Working Student Mechanical Engineering/Data Science (f/m/x),part_time,,,
"{'area': ['Deutschland', 'Bayern', 'München (Kreis)', 'München'], '__CLASS__': 'Adzuna::API::Response::Location', 'display_name': 'München, München (Kreis)'}",5829025002,11.555737,"{'display_name': 'BMW Group', '__CLASS__': 'Adzuna::API::Response::Company'}",eyJhbGciOiJIUzI1NiJ9.eyJpIjoiNTgyOTAyNTAwMiIsInMiOiIxUDY3c0VxbDhSR1hBb2dzMHF6QkRRIn0.drfr5aH_Iw9BTs8vKKZz2cgS2WVURhnk1bdBt3Hk2H0,48.137418,"Mit unseren Marken BMW, MINI, Rolls-Royce und BMW Motorrad sind wir einer der weltweit führenden Premium-Hersteller von Automobilen sowie Motorrädern und darüber hinaus Anbieter von Premium-Finanz- und Mobilitätsdienstleistungen. Hinweis: Dieser Studiengang wird als Studium mit vertiefter Praxis angeboten. Du liebst es, Ursachen für Probleme zu entdecken und Lösungen zu finden und möchtest an Zukunftsthemen arbeiten? Du hast eine Leidenschaft für IT und Digitalisierung? Dann ist dieses Studium …",https://www.adzuna.de/details/5829025002?utm_medium=api&utm_source=a4bcf954,2026-08-05T13:00:25Z,Adzuna::API::Response::Job,"{'tag': 'unknown', '__CLASS__': 'Adzuna::API::Response::Category', 'label': 'Unknown'}",0,Dualer Student Data Science & Scientific Computing (w/m/x),,,,
"{'__CLASS__': 'Adzuna::API::Response::Location', 'display_name': 'Deutschland', 'area': ['Deutschland']}",5809705606,,"{'display_name': 'Lidl', '__CLASS__': 'Adzuna::API::Response::Company'}",eyJhbGciOiJIUzI1NiJ9.eyJzIjoiMVA2N3NFcWw4UkdYQW9nczBxekJEUSIsImkiOiI1ODA5NzA1NjA2In0.Zrc8C05hhgeAmNdtW68FA8E_-L090tUjL2SIEc1948g,,"Einleitung Eine gute Idee war der Ursprung, ein erfolgreiches Konzept ist das Ergebnis. Qualität zum guten Preis möglichst vielen Menschen anbieten zu können treibt uns an - mittlerweile weltweit, denn wir sind Lidl. Hier ist das berufliche Zuhause vielfältiger Talente. Ob im Einkauf, in der Logistik, im Warengeschäft oder in der IT; ob als Impulsgeber, Gestalter oder Dienstleister der Länder. Wir suchen Anpacker, Durchstarter, Möglichmacher und bieten spannende Aufgaben und Projekte in einem d…",https://www.adzuna.de/details/5809705606?utm_medium=api&utm_source=a4bcf954,2026-07-21T22:57:49Z,Adzuna::API::Response::Job,"{'tag': 'part-time-jobs', '__CLASS__': 'Adzuna::API::Response::Category', 'label': 'Teilzeitstellen'}",0,Duales Studium Data Science und KI - Smart Operations Management 2027,,,,
"{'__CLASS__': 'Adzuna::API::Response::Location', 'display_name': 'Neckarsulm, Heilbronn (Kreis)', 'area': ['Deutschland', 'Baden-Württemberg', 'Heilbronn (Kreis)', 'Neckarsulm']}",5750397287,9.2274,"{'display_name': 'Lidl', '__CLASS__': 'Adzuna::API::Response::Company'}",eyJhbGciOiJIUzI1NiJ9.eyJpIjoiNTc1MDM5NzI4NyIsInMiOiIxUDY3c0VxbDhSR1hBb2dzMHF6QkRRIn0.O-cx0zhTrOjdOwAiqgHBo-NeKEWPT0RyvsemRz4Uijs,49.18975,"Einleitung Eine gute Idee war der Ursprung, ein erfolgreiches Konzept ist das Ergebnis. Qualität zum guten Preis möglichst vielen Menschen anbieten zu können treibt uns an - mittlerweile weltweit, denn wir sind Lidl. Hier ist das berufliche Zuhause vielfältiger Talente. Ob im Einkauf, in der Logistik, im Warengeschäft oder in der IT; ob als Impulsgeber, Gestalter oder Dienstleister der Länder. Wir suchen Anpacker, Durchstarter, Möglichmacher und bieten spannende Aufgaben und Projekte in einem d…",https://www.adzuna.de/land/ad/5750397287?se=1P67sEql8RGXAogs0qzBDQ&utm_medium=api&utm_source=a4bcf954&v=110DE8E37ED6B5E4544BEA7DC1D7B85CAA63F56A,2026-06-03T11:42:41Z,Adzuna::API::Response::Job,"{'__CLASS__': 'Adzuna::API::Response::Category', 'tag': 'part-time-jobs', 'label': 'Teilzeitstellen'}",0,Duales Studium Data Science und KI - Smart Operations Management 2027,,,,
"{'area': ['Deutschland', 'Baden-Württemberg', 'Karlsruhe (Kreis)', 'Karlsruhe', 'Daxlanden'], '__CLASS__': 'Adzuna::API::Response::Location', 'display_name': 'Daxlanden, Karlsruhe'}",5840667311,8.33739,"{'display_name': 'Deutsche Telekom AG, Telekom Ausbildung', '__CLASS__': 'Adzuna::API::Response::Company'}",eyJhbGciOiJIUzI1NiJ9.eyJpIjoiNTg0MDY2NzMxMSIsInMiOiIxUDY3c0VxbDhSR1hBb2dzMHF6QkRRIn0.WPyuArB3Y4BlL67Tf5oFrtRRnKaoE6eFGUM1sI5yr_M,49.00216,"In unserem dualen Studiengang Data Science und Künstliche Intelligenz (Studienrichtung Business Management) erwirbst du interdisziplinäre Kenntnisse aus Informatik, Mathematik und Machine Learning und lernst, datenbasierte Lösungen für Wirtschaft und Gesellschaft zu entwickeln. In den 3 Jahren Studium bist du pro Semester ca. 12 Wochen an der Dualen Hochschule Baden-Württemberg in Karlsruhe und die restliche Zeit in deiner Telekom-Abteilung eingesetzt. Während deiner Studien- und Praxisphasen e…",https://www.adzuna.de/details/5840667311?utm_medium=api&utm_source=a4bcf954,2026-08-13T22:42:36Z,Adzuna::API::Response::Job,"{'tag': 'part-time-jobs', '__CLASS__': 'Adzuna::API::Response::Category', 'label': 'Teilzeitstellen'}",0,Duales Studium Data Science und Künstliche Intelligenz (m/w/d),,,,
"{'area': ['Deutschland', 'Baden-Württemberg', 'Karlsruhe (Kreis)', 'Karlsruhe'], '__CLASS__': 'Adzuna::API::Response::Location', 'display_name': 'Karlsruhe, Karlsruhe (Kreis)'}",5838225281,8.412378,"{'display_name': 'Deutsche Telekom AG', '__CLASS__': 'Adzuna::API::Response::Company'}",eyJhbGciOiJIUzI1NiJ9.eyJzIjoiMVA2N3NFcWw4UkdYQW9nczBxekJEUSIsImkiOiI1ODM4MjI1MjgxIn0.ZnXbTkuF30UR-sWKBqUoo3J_bKekJxOQR4zVJyk8CSI,49.001249,"Deine Aufgabe In unserem dualen Studiengang Data Science und Künstliche Intelligenz (Studienrichtung Business Management) erwirbst du interdisziplinäre Kenntnisse aus Informatik, Mathematik und Machine Learning und lernst, datenbasierte Lösungen für Wirtschaft und Gesellschaft zu entwickeln. In den 3 Jahren Studium bist du pro Semester ca. 12 Wochen an der Dualen Hochschule Baden-Württemberg in Karlsruhe und die restliche Zeit in deiner Telekom-Abteilung eingesetzt. Während deiner Studien- und …",https://www.adzuna.de/details/5838225281?utm_medium=api&utm_source=a4bcf954,2026-08-12T13:57:07Z,Adzuna::API::Response::Job,"{'label': 'Unknown', 'tag': 'unknown', '__CLASS__': 'Adzuna::API::Response::Category'}",0,Duales Studium Data Science und Künstliche Intelligenz (m/w/d),,,,
"{'display_name': 'Durlach, Karlsruhe', '__CLASS__': 'Adzuna::API::Response::Location', 'area': ['Deutschland', 'Baden-Württemberg', 'Karlsruhe (Kreis)', 'Karlsruhe', 'Durlach']}",5809709303,8.47624,"{'display_name': 'dm-drogerie markt GmbH + Co. KG', '__CLASS__': 'Adzuna::API::Response::Company'}",eyJhbGciOiJIUzI1NiJ9.eyJzIjoiMVA2N3NFcWw4UkdYQW9nczBxekJEUSIsImkiOiI1ODA5NzA5MzAzIn0.nW959sjpD6ERKhAB0SbzLpUqfbpa0bNTilzI0CgEvDA,49.00018,"Bei dm und dmTECH sind wir der Überzeugung, dass die Digitalisierung unsere Welt und unser Kaufverhalten verändert. Dabei spielt künstliche Intelligenz eine wichtige Rolle. Schon heute setzen wir auf modernste Technologien, um intelligente Lösungen zu entwickeln. Hierfür suchen wir lösungsorientierte Persönlichkeiten mit analytischem und mathematischem Denkvermögen sowie Leidenschaft für innovative Technologien. Das klingt nach Dir? Dann lass uns gemeinsam handeln – mit Deinem dualen Studium Da…",https://www.adzuna.de/details/5809709303?utm_medium=api&utm_source=a4bcf954,2026-07-21T22:58:22Z,Adzuna::API::Response::Job,"{'label': 'Teilzeitstellen', 'tag': 'part-time-jobs', '__CLASS__': 'Adzuna::API::Response::Category'}",0,Duales Studium Data Science und Künstliche Intelligenz (B. Sc.) 2027,,,,
"{'display_name': 'Karlsruhe, Karlsruhe (Kreis)', '__CLASS__': 'Adzuna::API::Response::Location', 'area': ['Deutschland', 'Baden-Württemberg', 'Karlsruhe (Kreis)', 'Karlsruhe']}",5767328954,8.412378,"{'__CLASS__': 'Adzuna::API::Response::Company', 'display_name': 'dm-drogerie markt GmbH + Co. KG'}",eyJhbGciOiJIUzI1NiJ9.eyJzIjoiMVA2N3NFcWw4UkdYQW9nczBxekJEUSIsImkiOiI1NzY3MzI4OTU0In0.0_NwGIUTKAtaLVxWHUZRs2a6W-LLidenKpKjHjCJcNA,49.001249,"Bei dm und dmTECH sind wir der Überzeugung, dass die Digitalisierung unsere Welt und unser Kaufverhalten verändert. Dabei spielt künstliche Intelligenz eine wichtige Rolle. Schon heute setzen wir auf modernste Technologien, um intelligente Lösungen zu entwickeln. Hierfür suchen wir lösungsorientierte Persönlichkeiten mit analytischem und mathematischem Denkvermögen sowie Leidenschaft für innovative Technologien. Das klingt nach Dir? Dann lass uns gemeinsam handeln – mit Deinem dualen Studium Da…",https://www.adzuna.de/land/ad/5767328954?se=1P67sEql8RGXAogs0qzBDQ&utm_medium=api&utm_source=a4bcf954&v=D34C0F62A465DBD30DF42A788AD7309BCF9FF65B,2026-06-18T01:08:56Z,Adzuna::API::Response::Job,"{'tag': 'part-time-jobs', '__CLASS__': 'Adzuna::API::Response::Category', 'label': 'Teilzeitstellen'}",0,Duales Studium Data Science und Künstliche Intelligenz (B. Sc.) 2027,,,,
"{'area': ['Deutschland', 'Hamburg', 'Bahrenfeld'], 'display_name': 'Bahrenfeld, Hamburg', '__CLASS__': 'Adzuna::API::Response::Location'}",5727306528,9.89249,"{'__CLASS__': 'Adzuna::API::Response::Company', 'display_name': 'Global University Systems'}",eyJhbGciOiJIUzI1NiJ9.eyJzIjoiMVA2N3NFcWw4UkdYQW9nczBxekJEUSIsImkiOiI1NzI3MzA2NTI4In0.jr4OEwXIIP7pM2O-MGWqZhhGVXx-iJhg5xPyo6FHL5Q,53.57387,"Your Responsibilities Position • Conduct teaching and examination duties in accordance with the applicable examination and study regulations for students. • Creatively design and develop instructional materials that enhance the learning experience and engagement of students. • Revise, design, and develop new curricula for assigned modules as required, ensuring alignment with academic standards and learning outcomes. • Develop and set examinations or other assessment instruments to ensure that w…",https://www.adzuna.de/details/5727306528?utm_medium=api&utm_source=a4bcf954,2026-05-12T23:00:37Z,Adzuna::API::Response::Job,"{'label': 'Beraterstellen', '__CLASS__': 'Adzuna::API::Response::Category', 'tag': 'consultancy-jobs'}",0,Freelance Lecturers in Data Science and Artificial Intelligence – BSBI Hamburg,part_time,,,
"{'__CLASS__': 'Adzuna::API::Response::Location', 'display_name': 'Walldorf, Rhein-Neckar-Kreis', 'area': ['Deutschland', 'Baden-Württemberg', 'Rhein-Neckar-Kreis', 'Walldorf']}",5850165038,8.64276,"{'__CLASS__': 'Adzuna::API::Response::Company', 'display_name': 'SAP'}",eyJhbGciOiJIUzI1NiJ9.eyJzIjoiMVA2N3NFcWw4UkdYQW9nczBxekJEUSIsImkiOiI1ODUwMTY1MDM4In0.V8y3krbB8al3uPQa5YqCQ5TrUSXMrOvF4fcAE0uDS2M,49.30315,"We help the world run better At SAP, we keep it simple: you bring your best to us, and we'll bring out the best in you. We're builders touching over 20 industries and 80% of global commerce, and we need your unique talents to help shape what's next. The work is challenging – but it matters. You'll find a place where you can be yourself, prioritize your wellbeing, and truly belong. What's in it for you? Constant learning, skill growth, great benefits, and a team that wants you to grow and succee…",https://www.adzuna.de/details/5850165038?utm_medium=api&utm_source=a4bcf954,2026-08-21T01:17:24Z,Adzuna::API::Response::Job,"{'tag': 'unknown', '__CLASS__': 'Adzuna::API::Response::Category', 'label': 'Unknown'}",0,Working Student (f/m/d) - AI Engineering & Data Science,,,,
"{'display_name': 'Walldorf, Rhein-Neckar-Kreis', '__CLASS__': 'Adzuna::API::Response::Location', 'area': ['Deutschland', 'Baden-Württemberg', 'Rhein-Neckar-Kreis', 'Walldorf']}",5852182004,8.64276,"{'display_name': 'SAP', '__CLASS__': 'Adzuna::API::Response::Company'}",eyJhbGciOiJIUzI1NiJ9.eyJpIjoiNTg1MjE4MjAwNCIsInMiOiIxUDY3c0VxbDhSR1hBb2dzMHF6QkRRIn0.__V0pEeopKWCmdgc8DF0Ecah6qiAYjoLZfskS5PcCno,49.30315,"We help the world run better At SAP, we keep it simple: you bring your best to us, and we'll bring out the best in you. We're builders touching over 20 industries and 80% of global commerce, and we need your unique talents to help shape what's next. The work is challenging - but it matters. You'll find a place where you can be yourself, prioritize your wellbeing, and truly belong. What's in it for you? Constant learning, skill growth, great benefits, and a team that wants you to grow and succee…",https://www.adzuna.de/details/5852182004?utm_medium=api&utm_source=a4bcf954,2026-08-22T09:06:59Z,Adzuna::API::Response::Job,"{'label': 'Unknown', '__CLASS__': 'Adzuna::API::Response::Category', 'tag': 'unknown'}",0,Working Student (f/m/d) - AI Engineering & Data Science,,,,
"{'__CLASS__': 'Adzuna::API::Response::Location', 'display_name': 'Bahrenfeld, Hamburg', 'area': ['Deutschland', 'Hamburg', 'Bahrenfeld']}",5588964229,9.89249,"{'__CLASS__': 'Adzuna::API::Response::Company', 'display_name': 'GUS Germany GmbH'}",eyJhbGciOiJIUzI1NiJ9.eyJpIjoiNTU4ODk2NDIyOSIsInMiOiIxUDY3c0VxbDhSR1hBb2dzMHF6QkRRIn0.SPE3H4z9-BDWDA1M-VSO0c6nsbbqTYu_p8nZdh0-bl0,53.57387,"Your Responsibilities Position • Conduct teaching and examination duties in accordance with the applicable examination and study regulations for students. • Creatively design and develop instructional materials that enhance the learning experience and engagement of students. • Revise, design, and develop new curricula for assigned modules as required, ensuring alignment with academic standards and learning outcomes. • Develop and set examinations or other assessment instruments to ensure that w…",https://www.adzuna.de/details/5588964229?utm_medium=api&utm_source=a4bcf954,2026-01-17T07:02:00Z,Adzuna::API::Response::Job,"{'__CLASS__': 'Adzuna::API::Response::Category', 'tag': 'unknown', 'label': 'Unknown'}",0,Freelance Lecturers in Data Science and Artificial Intelligence – BSBI Hamburg,part_time,,,
"{'display_name': 'Wasseralfingen, Aalen', '__CLASS__': 'Adzuna::API::Response::Location', 'area': ['Deutschland', 'Baden-Württemberg', 'Ostalbkreis', 'Aalen', 'Wasseralfingen']}",5828503529,10.10036,"{'display_name': 'PlanB. GmbH', '__CLASS__': 'Adzuna::API::Response::Company'}",eyJhbGciOiJIUzI1NiJ9.eyJpIjoiNTgyODUwMzUyOSIsInMiOiIxUDY3c0VxbDhSR1hBb2dzMHF6QkRRIn0.bT2BZ4ACyLGzcUsfPNJNxudh8f6UWEfbNyh7jPGonRA,48.89257,Das erwartet dich Als Senior AI Engineer:in entwirfst und verantwortest du komplexe Konzepte zur Datenintegration aus verschiedenen Bereichen und Datenquellen – mit besonderem Fokus auf Agentic AI Systeme und deren Anbindung an Enterprise-Datenlandschaften. Dein Technologie-Stack umfasst dabei auch Big Data auf Cloudtechnologien/-services (Schwerpunkt Microsoft Azure Cloud). Du bist versiert im Umgang mit gängigen AI- und ML-Frameworks sowie mit modernen Ansätzen der Agent Orchestration (z. B. …,https://www.adzuna.de/details/5828503529?utm_medium=api&utm_source=a4bcf954,2026-08-05T02:30:38Z,Adzuna::API::Response::Job,"{'tag': 'unknown', '__CLASS__': 'Adzuna::API::Response::Category', 'label': 'Unknown'}",0,Senior AI Engineer (m/w/d) - Data Science / GenAI,full_time,,,permanent
"{'display_name': 'Coburg (Kreis), Bayern', '__CLASS__': 'Adzuna::API::Response::Location', 'area': ['Deutschland', 'Bayern', 'Coburg (Kreis)']}",5800450855,10.979822,"{'__CLASS__': 'Adzuna::API::Response::Company', 'display_name': 'HUK-COBURG'}",eyJhbGciOiJIUzI1NiJ9.eyJpIjoiNTgwMDQ1MDg1NSIsInMiOiIxUDY3c0VxbDhSR1hBb2dzMHF6QkRRIn0.R-Fb17esUhyzbmiws3cLwPPN9b1hk8_prjmlg62Whzs,50.244652,"Description Wir - die HUK-COBURG Versicherungsgruppe - zählen zu den 10 größten in Deutschland. Vor über 90 Jahren gegründet sind wir mit über 13 Millionen Kund:innen heute der große Versicherer für Privathaushalte und der größte deutsche Autoversicherer. Dass wir oft preisgünstiger sind als andere Versicherungen, hat bei uns schon Tradition. Genau wie unser Ruf als Arbeitgeberin, mit der DU wachsen und deine persönlichen Ziele erreichen kannst. Bei uns kannst du eine spannende Karriere machen.…",https://www.adzuna.de/details/5800450855?utm_medium=api&utm_source=a4bcf954,2026-07-15T01:11:30Z,Adzuna::API::Response::Job,"{'label': 'Unknown', '__CLASS__': 'Adzuna::API::Response::Category', 'tag': 'unknown'}",0,Spezialist für Steuerungs- und Controllingsysteme - Schwerpunkt Data Science (w/m/d),full_time,,,
"{'display_name': 'Deutschland', '__CLASS__': 'Adzuna::API::Response::Location', 'area': ['Deutschland']}",5824233909,,"{'display_name': 'Wolters Kluwer', '__CLASS__': 'Adzuna::API::Response::Company'}",eyJhbGciOiJIUzI1NiJ9.eyJpIjoiNTgyNDIzMzkwOSIsInMiOiIxUDY3c0VxbDhSR1hBb2dzMHF6QkRRIn0.uaCOQjKgWTQH5qB952RDe6hfHRiF80YMLslzTxHfpVU,,"Schon heute die Zukunft gestalten – mit Wolters Kluwer Seit über 180 Jahren unterstützen wir Unternehmen weltweit dabei, Arbeitsprozesse einfacher, effizienter und zukunftssicher zu gestalten. Mit Niederlassungen in über 40 Ländern und Kunden in mehr als 180 Märkten sind wir ein globaler Partner für Fachwissen und Technologie. Unsere Lösungen verbinden tiefgehendes Know-how mit innovativen Technologien – inklusive moderner KI-Funktionen – und helfen unseren Kunden, ihre größten Herausforderunge…",https://www.adzuna.de/details/5824233909?utm_medium=api&utm_source=a4bcf954,2026-08-01T17:48:11Z,Adzuna::API::Response::Job,"{'label': 'Stellen aus Buchhaltung & Finanzwesen', 'tag': 'accounting-finance-jobs', '__CLASS__': 'Adzuna::API::Response::Category'}",0,Duales Studium Bachelor der Wirtschaftsinformatik - Data Science (m/w/d),full_time,,,
"{'area': ['Deutschland', 'Hamburg'], '__CLASS__': 'Adzuna::API::Response::Location', 'display_name': 'Hamburg, Deutschland'}",5727190298,9.987297,"{'display_name': 'Berlin School of Business and Innovation', '__CLASS__': 'Adzuna::API::Response::Company'}",eyJhbGciOiJIUzI1NiJ9.eyJzIjoiMVA2N3NFcWw4UkdYQW9nczBxekJEUSIsImkiOiI1NzI3MTkwMjk4In0.ZI9gE-Xqx0Z28ThO5DvLHdI1Ea0ESDxKQllnjqGy2Yw,53.557429,"Your Responsibilities Position • Conduct teaching and examination duties in accordance with the applicable examination and study regulations for students. • Creatively design and develop instructional materials that enhance the learning experience and engagement of students. • Revise, design, and develop new curricula for assigned modules as required, ensuring alignment with academic standards and learning outcomes. • Develop and set examinations or other assessment instruments to ensure that w…",https://www.adzuna.de/details/5727190298?utm_medium=api&utm_source=a4bcf954,2026-05-12T22:39:00Z,Adzuna::API::Response::Job,"{'label': 'Lehrberufe', '__CLASS__': 'Adzuna::API::Response::Category', 'tag': 'teaching-jobs'}",0,Freelance Lecturers in Data Science and Artificial Intelligence – BSBI Hamburg,part_time,,,
"{'area': ['Deutschland', 'Baden-Württemberg', 'Ludwigsburg (Kreis)', 'Ludwigsburg'], 'display_name': 'Ludwigsburg, Ludwigsburg (Kreis)', '__CLASS__': 'Adzuna::API::Response::Location'}",5829115126,9.198334,"{'display_name': 'Wolters Kluwer Tax & Accounting Deutschland GmbH', '__CLASS__': 'Adzuna::API::Response::Company'}",eyJhbGciOiJIUzI1NiJ9.eyJzIjoiMVA2N3NFcWw4UkdYQW9nczBxekJEUSIsImkiOiI1ODI5MTE1MTI2In0.Gpn4SHTo4MuDbqxBqt56XRq3FoJPbjtDg-sjhWHie-M,48.876425,"Seit über 180 Jahren unterstützen wir Unternehmen weltweit dabei, Arbeitsprozesse einfacher, effizienter und zukunftssicher zu gestalten. Mit Niederlassungen in über 40 Ländern und Kunden in mehr als 180 Märkten sind wir ein globaler Partner für Fachwissen und Technologie. Unsere Lösungen verbinden tiefgehendes Know-how mit innovativen Technologien – inklusive moderner KI-Funktionen – und helfen unseren Kunden, ihre größten Herausforderungen erfolgreich zu meistern. Mehr als 21.000 Kolleginnen …",https://www.adzuna.de/details/5829115126?utm_medium=api&utm_source=a4bcf954,2026-08-05T15:52:36Z,Adzuna::API::Response::Job,"{'__CLASS__': 'Adzuna::API::Response::Category', 'tag': 'unknown', 'label': 'Unknown'}",0,Duales Studium Bachelor der Wirtschaftsinformatik - Data Science (m/w/d),,,,
"{'area': ['Deutschland', 'Sachsen', 'Nordsachsen (Kreis)', 'Delitzsch'], '__CLASS__': 'Adzuna::API::Response::Location', 'display_name': 'Delitzsch, Nordsachsen (Kreis)'}",5829004002,12.33728,"{'display_name': 'CTC gGmbH – Center for the Transformation of Chemistry', '__CLASS__': 'Adzuna::API::Response::Company'}",eyJhbGciOiJIUzI1NiJ9.eyJzIjoiMVA2N3NFcWw4UkdYQW9nczBxekJEUSIsImkiOiI1ODI5MDA0MDAyIn0.V-a7MJk9p5eBzRODJt6JfJ4si0kl5PFBdqcgin-Qd10,51.52196,"Das Center for the Transformation of Chemistry (CTC) ist ein neu entstehendes Großforschungszentrum in Mitteldeutschland mit den Standorten Delitzsch in Sachsen und Merseburg in Sachsen-Anhalt. Das Zentrum wird in der Gesellschaftsform einer gGmbH vom Bund sowie den Ländern Sachsen und Sachsen-Anhalt betrieben und finanziert. Am CTC wollen wir Chemie neu denken und umsetzen – und zwar auf vielen Ebenen: neue Materialien, neue chemische Prozesse und Anlagen und eine neue Art chemisch zu forschen…",https://www.adzuna.de/land/ad/5829004002?se=1P67sEql8RGXAogs0qzBDQ&utm_medium=api&utm_source=a4bcf954&v=6DD054B36B6CFB03A8668C2C424F70455063835C,2026-08-05T12:46:00Z,Adzuna::API::Response::Job,"{'label': 'Sonstige/Allgemeine Stellen', 'tag': 'other-general-jobs', '__CLASS__': 'Adzuna::API::Response::Category'}",0,"Justiziar/in (m/w/d) mit Schwerpunkt Datenschutz, Vergabe- und Vertragsrecht und Arbeitsrecht",,,,
