category,longitude,salary_is_predicted,title,created,redirect_url,company,description,latitude,id,adref,__CLASS__,location,contract_time,salary_min,salary_max,contract_type
"{'tag': 'unknown', '__CLASS__': 'Adzuna::API::Response::Category', 'label': 'Unknown'}",10.10558,0,Abschlussarbeit Data Science / Mechanikdesign (m/w/x),2026-08-22T04:11:25Z,https://www.adzuna.de/land/ad/5851873442?se=4hz0z5Cf8RGfQpohglHoaw&utm_medium=api&utm_source=a4bcf954&v=954354938500E281533EBC697C84FE2899EDE7D8,"{'display_name': 'ZEISS', '__CLASS__': 'Adzuna::API::Response::Company'}","Als Student arbeitest Du mit Deinen Kolleginnen und Kollegen auf Augenhöhe und schaffst ideale Voraussetzungen für Deine spätere Karriere. Sich etwas Neues trauen, über sich hinauswachsen und dabei die Grenzen des Machbaren neu deﬁnieren. Genau das ist es, was unsere Mitarbeitenden täglich leben dürfen und sollen. Um mit unseren Innovationen das Tempo vorzugeben und Großartiges zu ermöglichen. Denn hinter jedem erfolgreichen Unternehmen stehen eine ganze Menge faszinierender Menschen. Die Mitar…",48.78408,5851873442,eyJhbGciOiJIUzI1NiJ9.eyJzIjoiNGh6MHo1Q2Y4UkdmUXBvaGdsSG9hdyIsImkiOiI1ODUxODczNDQyIn0.O1H1PDPZrjEdJwyHRBKInSIUhMaW7MQj5568gJkWPp8,Adzuna::API::Response::Job,"{'__CLASS__': 'Adzuna::API::Response::Location', 'area': ['Deutschland', 'Baden-Württemberg', 'Ostalbkreis', 'Oberkochen'], 'display_name': 'Oberkochen, Ostalbkreis'}",,,,
"{'tag': 'unknown', '__CLASS__': 'Adzuna::API::Response::Category', 'label': 'Unknown'}",10.36551,0,Duales Studium - Data Science & Künstliche Intelligenz (B. Sc.) - 2027,2026-08-13T16:36:24Z,https://www.adzuna.de/land/ad/5840348618?se=4hz0z5Cf8RGfQpohglHoaw&utm_medium=api&utm_source=a4bcf954&v=037BB5B20476D475C26E6E1CA1A3015316F54EEB,"{'display_name': 'BSH Hausgeräte Gruppe', '__CLASS__': 'Adzuna::API::Response::Company'}","Wir begleiten dich auf dem Weg zum Traumberuf. Als führender Hausgerätehersteller in Europa bilden wir junge Menschen in Berufen aus, die zu ihnen passen und sie erfüllen. Mit unserem Portfolio an Marken – unter anderem Bosch, Siemens, Gaggenau und Neff – bieten wir Nachwuchskräften spannende Aufgaben und die Möglichkeit, von Anfang an Verantwortung zu übernehmen. Ob im Bereich Klimaschutz, Innovation oder Fairness – wir setzen uns gemeinsam mit dir für eine nachhaltige Zukunft ein. Spannende L…",48.55149,5840348618,eyJhbGciOiJIUzI1NiJ9.eyJzIjoiNGh6MHo1Q2Y4UkdmUXBvaGdsSG9hdyIsImkiOiI1ODQwMzQ4NjE4In0.7G-6FE4U6cIwIS-rlXUDAjMOJ1JgQLNbGo8_hT6JeSE,Adzuna::API::Response::Job,"{'area': ['Deutschland', 'Bayern', 'Dillingen an der Donau (Kreis)', 'Gundelfingen an der Donau'], '__CLASS__': 'Adzuna::API::Response::Location', 'display_name': 'Gundelfingen an der Donau, Dillingen an der Donau (Kreis)'}",,,,
"{'label': 'Unknown', '__CLASS__': 'Adzuna::API::Response::Category', 'tag': 'unknown'}",8.412378,0,Duales Studium Data Science & Künstliche Intelligenz B.Sc.,2026-08-15T16:07:13Z,https://www.adzuna.de/land/ad/5843126998?se=4hz0z5Cf8RGfQpohglHoaw&utm_medium=api&utm_source=a4bcf954&v=CAAE945F2F337B9438F33B45691F188B3DD170DA,"{'display_name': 'Atruvia AG', '__CLASS__': 'Adzuna::API::Response::Company'}",Wir sind der Digitalisierungspartner in der genossenschaftlichen FinanzGruppe und vereinen jahrzehntelanges Expertenwissen in Banking und Informationstechnologie. Die speziell auf Banken zugeschnittenen IT-Lösungen und Leistungen reichen vom Rechenzentrumsbetrieb über das Bankverfahren von Atruvia bis hin zur App-Entwicklung. Dabei nutzen wir zukunftsweisende Technologien wie Smart Data und schreiben Prozessoptimierung und Regulatorik groß. Gestalte die Zukunft mit KI – Starte dein Duales Studi…,49.001249,5843126998,eyJhbGciOiJIUzI1NiJ9.eyJpIjoiNTg0MzEyNjk5OCIsInMiOiI0aHowejVDZjhSR2ZRcG9oZ2xIb2F3In0.ovHzePVkcJ4Gn1ajG3LLasGdJ7Flzd9v3_FV96ZGsqE,Adzuna::API::Response::Job,"{'display_name': 'Karlsruhe, Karlsruhe (Kreis)', '__CLASS__': 'Adzuna::API::Response::Location', 'area': ['Deutschland', 'Baden-Württemberg', 'Karlsruhe (Kreis)', 'Karlsruhe']}",,,,
"{'label': 'Unknown', '__CLASS__': 'Adzuna::API::Response::Category', 'tag': 'unknown'}",10.53811,0,DHBW Studium - Data Science und Künstliche Intelligenz (B.Sc.),2026-08-06T15:53:57Z,https://www.adzuna.de/land/ad/5830515903?se=4hz0z5Cf8RGfQpohglHoaw&utm_medium=api&utm_source=a4bcf954&v=1461466B5BE98CD304C80FA6F29BDE7B8A89B838,"{'display_name': 'Liebherr-Werk Ehingen GmbH', '__CLASS__': 'Adzuna::API::Response::Company'}",Die Liebherr-Werk Ehingen GmbH zählt zu den weltweit führenden Herstellern von Fahrzeugkranen. Das Programm umfasst Teleskop- und Gittermastkrane auf Mobil- und Raupenfahrwerken. Seit der Gründung wurde die Produktionsstätte und ihre Kapazität kontinuierlich erweitert. Heute werden täglich sechs Fahrzeugkrane aus Ehingen in die ganze Welt geliefert. DHBW Studium - Data Science und Künstliche Intelligenz (B.Sc.) Job-ID 83588 Aufgaben Mitarbeit an innovativen Projekten im Bereich Data Science und…,49.08598,5830515903,eyJhbGciOiJIUzI1NiJ9.eyJzIjoiNGh6MHo1Q2Y4UkdmUXBvaGdsSG9hdyIsImkiOiI1ODMwNTE1OTAzIn0.WzyIqOr21fA5ooTjBVr4mok-YJFA4G9svAoqIzHqa-M,Adzuna::API::Response::Job,"{'display_name': 'Ehingen, Ansbach (Kreis)', '__CLASS__': 'Adzuna::API::Response::Location', 'area': ['Deutschland', 'Bayern', 'Ansbach (Kreis)', 'Ehingen']}",,,,
"{'tag': 'unknown', '__CLASS__': 'Adzuna::API::Response::Category', 'label': 'Unknown'}",9.187224,0,DHBW-Studium Bachelor of Science – Wirtschaftsinformatik Data Science,2026-08-04T21:53:15Z,https://www.adzuna.de/land/ad/5828154948?se=4hz0z5Cf8RGfQpohglHoaw&utm_medium=api&utm_source=a4bcf954&v=3861431C8C2A7523043FF94D1D880DA2A7A7C8AF,"{'display_name': 'WGV - Württembergische Gemeinde-Versicherung a.G.', '__CLASS__': 'Adzuna::API::Response::Company'}",DHBW-Studium Bachelor of Science – Wirt­schafts­informatik Data Science Als starker Arbeitgeber und attrak­tives Aus­bildungs­unter­nehmen bieten wir viel­fältige und spannende Aus­bildungs- und Studien­plätze mit besten Über­nahme­chancen. Bereit für ein echt spannendes und abwechslungsreiches Studium? Wir machen dich fit für deine Zukunft in einer modernen Versicherung. Für den Studienstart am 01.09.2027 in Stuttgart suchen wir aufgeschlossene und motivierte Studierende. Aufgaben Drei Jahre b…,48.776198,5828154948,eyJhbGciOiJIUzI1NiJ9.eyJpIjoiNTgyODE1NDk0OCIsInMiOiI0aHowejVDZjhSR2ZRcG9oZ2xIb2F3In0.2EsGrJF6KTsQyQIaeOHyWXIGAXcNI2RtRzjeB8BNUfU,Adzuna::API::Response::Job,"{'area': ['Deutschland', 'Baden-Württemberg', 'Stuttgart'], '__CLASS__': 'Adzuna::API::Response::Location', 'display_name': 'Stuttgart, Baden-Württemberg'}",,,,
"{'tag': 'unknown', '__CLASS__': 'Adzuna::API::Response::Category', 'label': 'Unknown'}",9.21629,0,Duales Studium Data Science und Künstliche Intelligenz 2027 (m/w/d),2026-07-30T05:34:30Z,https://www.adzuna.de/land/ad/5820702966?se=4hz0z5Cf8RGfQpohglHoaw&utm_medium=api&utm_source=a4bcf954&v=BE3D12135DE0840B4088885DB20B6F0296D1C288,"{'display_name': 'Schwarz Digits', '__CLASS__': 'Adzuna::API::Response::Company'}","Als weltweit agierendes Unternehmen benötigen wir eine IT-Landschaft, die jederzeit reibungslos funktioniert, sich stets auf dem neuesten Stand der Technik befindet und sich an den Bedürfnissen unserer Kunden innerhalb der Unternehmen der Schwarz Gruppe orientiert. An der Schnittstelle zwischen Daten und IT erarbeiten wir tragfähige Lösungen, die maßgeblich und sichtbar zu unserem Erfolg beitragen. {Studienbeginn:} 01.09.2027 mit dem Begrüßungsmonat {Studiendauer:} 3 Jahre {Studiendauer:} 01.10…",49.2291,5820702966,eyJhbGciOiJIUzI1NiJ9.eyJpIjoiNTgyMDcwMjk2NiIsInMiOiI0aHowejVDZjhSR2ZRcG9oZ2xIb2F3In0.llwLlQgfZtJJPtPIPgMZMU92k1bRi58Fnf1qIQva0bY,Adzuna::API::Response::Job,"{'display_name': 'Bad Friedrichshall, Heilbronn (Kreis)', 'area': ['Deutschland', 'Baden-Württemberg', 'Heilbronn (Kreis)', 'Bad Friedrichshall'], '__CLASS__': 'Adzuna::API::Response::Location'}",,,,
"{'__CLASS__': 'Adzuna::API::Response::Category', 'label': 'Unknown', 'tag': 'unknown'}",9.198334,0,Duales Studium Bachelor der Wirtschaftsinformatik - Data Science (m/w/d),2026-08-05T15:52:36Z,https://www.adzuna.de/land/ad/5829115126?se=4hz0z5Cf8RGfQpohglHoaw&utm_medium=api&utm_source=a4bcf954&v=8D3819136E4FF6D5426F83E2D089286F27291C0D,"{'display_name': 'Wolters Kluwer Tax & Accounting Deutschland GmbH', '__CLASS__': 'Adzuna::API::Response::Company'}","Seit über 180 Jahren unterstützen wir Unternehmen weltweit dabei, Arbeitsprozesse einfacher, effizienter und zukunftssicher zu gestalten. Mit Niederlassungen in über 40 Ländern und Kunden in mehr als 180 Märkten sind wir ein globaler Partner für Fachwissen und Technologie. Unsere Lösungen verbinden tiefgehendes Know-how mit innovativen Technologien – inklusive moderner KI-Funktionen – und helfen unseren Kunden, ihre größten Herausforderungen erfolgreich zu meistern. Mehr als 21.000 Kolleginnen …",48.876425,5829115126,eyJhbGciOiJIUzI1NiJ9.eyJpIjoiNTgyOTExNTEyNiIsInMiOiI0aHowejVDZjhSR2ZRcG9oZ2xIb2F3In0.tA7woafsfErD3MPa_v3s-vw3aAMfpx8UgYDXBSj3bK0,Adzuna::API::Response::Job,"{'display_name': 'Ludwigsburg, Ludwigsburg (Kreis)', 'area': ['Deutschland', 'Baden-Württemberg', 'Ludwigsburg (Kreis)', 'Ludwigsburg'], '__CLASS__': 'Adzuna::API::Response::Location'}",,,,
"{'tag': 'it-jobs', 'label': 'IT-Stellen', '__CLASS__': 'Adzuna::API::Response::Category'}",10.36551,0,Duales Studium Master Informatik - AI & Data Science (M.Sc.) 2027,2026-08-17T22:06:47Z,https://www.adzuna.de/land/ad/5845418683?se=4hz0z5Cf8RGfQpohglHoaw&utm_medium=api&utm_source=a4bcf954&v=4C648E6911179CE4ACA0903E534C1998D393D3E7,"{'__CLASS__': 'Adzuna::API::Response::Company', 'display_name': 'BSH Hausgeräte Gruppe'}","Wir begleiten dich auf dem Weg zum Traumberuf. Als führender Hausgerätehersteller in Europa bilden wir junge Menschen in Berufen aus, die zu ihnen passen und sie erfüllen. Mit unserem Portfolio an Marken – unter anderem Bosch, Siemens, Gaggenau und Neff – bieten wir Nachwuchskräften spannende Aufgaben und die Möglichkeit, von Anfang an Verantwortung zu übernehmen. Ob im Bereich Klimaschutz, Innovation oder Fairness – wir setzen uns gemeinsam mit dir für eine nachhaltige Zukunft ein. Spannende L…",48.55149,5845418683,eyJhbGciOiJIUzI1NiJ9.eyJpIjoiNTg0NTQxODY4MyIsInMiOiI0aHowejVDZjhSR2ZRcG9oZ2xIb2F3In0.XVC3A49rD2H0tgb91MnZJdcU0nDZbxodwvR2cIaz5QA,Adzuna::API::Response::Job,"{'area': ['Deutschland', 'Bayern', 'Dillingen an der Donau (Kreis)', 'Gundelfingen an der Donau'], '__CLASS__': 'Adzuna::API::Response::Location', 'display_name': 'Gundelfingen an der Donau, Dillingen an der Donau (Kreis)'}",,,,
"{'__CLASS__': 'Adzuna::API::Response::Category', 'label': 'Unknown', 'tag': 'unknown'}",9.856945,0,"Duales Studium: ""Data Science & künstliche Intelligenz"" (w/m/d), Ulm, Start 2027",2026-08-13T16:36:21Z,https://www.adzuna.de/land/ad/5840348480?se=4hz0z5Cf8RGfQpohglHoaw&utm_medium=api&utm_source=a4bcf954&v=E8DA5563133BA1505E3370217FC3703069C94CE3,"{'__CLASS__': 'Adzuna::API::Response::Company', 'display_name': 'Hensoldt'}","HENSOLDT ist ein führendes europäisches Hightech-Unternehmen der Verteidigungs- und Sicherheitsindustrie mit Sitz in Taufkirchen bei München. Das Unternehmen entwickelt Sensorlösungen, Elektronik und Software für die Bereiche Luft, Land, See, Cyber und Weltraum und unterstützt Streitkräfte weltweit dabei, Bedrohungen frühzeitig zu erkennen und fundierte operative Entscheidungen zu treffen. Aufbauend auf jahrzehntelanger Erfahrung in missionskritischer Sensorik verbindet HENSOLDT Radar-, Optroni…",48.383137,5840348480,eyJhbGciOiJIUzI1NiJ9.eyJzIjoiNGh6MHo1Q2Y4UkdmUXBvaGdsSG9hdyIsImkiOiI1ODQwMzQ4NDgwIn0.MVpDVsy31H_4WLvIagiYIkEpd3P3AUVzOjSgB1rmt0U,Adzuna::API::Response::Job,"{'__CLASS__': 'Adzuna::API::Response::Location', 'area': ['Deutschland', 'Baden-Württemberg', 'Ulm'], 'display_name': 'Ulm, Baden-Württemberg'}",,,,
"{'__CLASS__': 'Adzuna::API::Response::Category', 'label': 'Unknown', 'tag': 'unknown'}",8.491505,0,Duales Studium B.Sc. Data Science und Künstliche Intelligenz (m/w/d) 2027,2026-08-08T16:24:13Z,https://www.adzuna.de/land/ad/5833528000?se=4hz0z5Cf8RGfQpohglHoaw&utm_medium=api&utm_source=a4bcf954&v=236DB9F6EB458688EFC9AE6800E72FC822BA4FF7,"{'__CLASS__': 'Adzuna::API::Response::Company', 'display_name': 'FUCHS LUBRICANTS GERMANY GmbH'}","FUCHS ist der weltweit größte unabhängige Anbieter von innovativen Schmierstofflösungen für nahezu alle Branchen und Anwendungsbereiche. Unsere Produkte und Lösungen halten die Welt in Bewegung, auch wenn diese nicht immer sichtbar sind. Entscheidend ist, dass jeder Einzelne unserer über 6.000 Mitarbeiter in mehr als 50 Ländern sichtbar ist - ihr Unternehmergeist, ihre Ideen und Fähigkeiten sind das Herzstück unseres globalen Geschäfts. Aufgaben Das sind Deine Aufgaben: Du kombinierst Informati…",49.496025,5833528000,eyJhbGciOiJIUzI1NiJ9.eyJzIjoiNGh6MHo1Q2Y4UkdmUXBvaGdsSG9hdyIsImkiOiI1ODMzNTI4MDAwIn0.q12HiZ4SK9roXKKALYCGapVRKrYQFIwfBbqtmKjltGg,Adzuna::API::Response::Job,"{'display_name': 'Mannheim, Baden-Württemberg', '__CLASS__': 'Adzuna::API::Response::Location', 'area': ['Deutschland', 'Baden-Württemberg', 'Mannheim']}",,,,
"{'tag': 'unknown', 'label': 'Unknown', '__CLASS__': 'Adzuna::API::Response::Category'}",9.315933,0,"Duales Studium Wirtschaftsinformatik/Data Science (B.Sc.), Mercedes-Benz Group AG, Stuttgart, 01.10.2027 (m/w/d)",2026-08-06T07:21:01Z,https://www.adzuna.de/land/ad/5830076207?se=4hz0z5Cf8RGfQpohglHoaw&utm_medium=api&utm_source=a4bcf954&v=0412ABA7A2033C8C900FE4386182E7F5E1AE3D12,"{'__CLASS__': 'Adzuna::API::Response::Company', 'display_name': 'Mercedes-Benz Group AG'}","Life is always about becoming… Im Leben geht es darum, sich auf eine Reise zu begeben, um die beste Version unseres zukünftigen Selbst zu werden. Während wir Neues entdecken, stellen wir uns Herausforderungen, meistern sie und wachsen über uns hinaus. Bewerben Sie sich bei Mercedes-Benz und finden Sie den Aufgabenbereich, in dem Sie Ihre Talente individuell entfalten können. Dabei werden Sie von visionären Kolleginnen und Kollegen unterstützt, die Ihren Pioniergeist teilen. Bei uns einzusteigen…",48.745846,5830076207,eyJhbGciOiJIUzI1NiJ9.eyJpIjoiNTgzMDA3NjIwNyIsInMiOiI0aHowejVDZjhSR2ZRcG9oZ2xIb2F3In0.L88rIFg6XwGVzKg2aGuMA2_p4Bs2ysIQfziudfmNyL8,Adzuna::API::Response::Job,"{'__CLASS__': 'Adzuna::API::Response::Location', 'area': ['Deutschland', 'Baden-Württemberg', 'Esslingen (Kreis)', 'Esslingen am Neckar'], 'display_name': 'Esslingen am Neckar, Esslingen (Kreis)'}",,,,
"{'label': 'Technikerstellen', '__CLASS__': 'Adzuna::API::Response::Category', 'tag': 'engineering-jobs'}",6.743718,0,Universitätsprofessur für Data Science im Maschinenbau,2026-08-20T22:19:34Z,https://www.adzuna.de/land/ad/5849936545?se=4hz0z5Cf8RGfQpohglHoaw&utm_medium=api&utm_source=a4bcf954&v=98B5F3098F405B730E3164CFE9FC7C57D4117887,"{'display_name': 'Universität Duisburg-Essen', '__CLASS__': 'Adzuna::API::Response::Company'}","Universitätsprofessur für Data Science im Maschinenbau (Besoldungsgruppe W2 LBesO W – mit Tenure Track nach W3) Gesucht wird eine ausgewiesene Persönlichkeit für Data Science in den Ingenieurwissenschaften mit Anwendungsfokus auf der Entwicklung datenbasierter Methoden für die Automatisierungstechnik, autonome Systeme sowie die Mechatronik. Forschungsbereiche Die zukünftigen Forschungsbereiche der Professur umfassen: Automatisierung von Fahrzeugen, Transportsystemen und Produktionsanlagen Model…",51.443356,5849936545,eyJhbGciOiJIUzI1NiJ9.eyJpIjoiNTg0OTkzNjU0NSIsInMiOiI0aHowejVDZjhSR2ZRcG9oZ2xIb2F3In0.RvLNmf0iEfWuoHCl5MpC4QxaCdLMEwacwk-Jb4RENQ8,Adzuna::API::Response::Job,"{'display_name': 'Duisburg, Nordrhein-Westfalen', '__CLASS__': 'Adzuna::API::Response::Location', 'area': ['Deutschland', 'Nordrhein-Westfalen', 'Duisburg']}",,,,
"{'tag': 'scientific-qa-jobs', '__CLASS__': 'Adzuna::API::Response::Category', 'label': 'Stellen aus Wissenschaft & Qualitätssicherung'}",7.464954,0,Head of AI & Data Science (m/w/d),2026-06-27T06:23:04Z,https://www.adzuna.de/land/ad/5778612605?se=4hz0z5Cf8RGfQpohglHoaw&utm_medium=api&utm_source=a4bcf954&v=618D595659D80CC814AEDB32378C842FA87F230F,"{'display_name': 'Dr. Ausbüttel GmbH & Co. KG', '__CLASS__': 'Adzuna::API::Response::Company'}","Head of AI & Data Science: Tragen Sie dazu bei, Wunden zu heilen, Innovationen zu fördern und Wachstum zu gestalten! Schwer heilende Wunden sind eine enorme Belastung für Patienten, Angehörige und Behandelnde. Machen Sie durch Ihr gestalterisches Mitwirken einen signifikanten Unterschied. Wir entwickeln Produkte und Services, um Wunden bezahlbar zu heilen. Als wachsendes, zukunftsorientiertes inhabergeführtes Familienunternehmen investieren und arbeiten wir mit langfristiger Perspektive statt m…",51.504967,5778612605,eyJhbGciOiJIUzI1NiJ9.eyJzIjoiNGh6MHo1Q2Y4UkdmUXBvaGdsSG9hdyIsImkiOiI1Nzc4NjEyNjA1In0.UhVTKGl1vfxMVPxBWmBaeAXzrZMHvteIgCL4jSLvMiI,Adzuna::API::Response::Job,"{'display_name': 'Dortmund, Nordrhein-Westfalen', 'area': ['Deutschland', 'Nordrhein-Westfalen', 'Dortmund'], '__CLASS__': 'Adzuna::API::Response::Location'}",,,,
"{'tag': 'hospitality-catering-jobs', '__CLASS__': 'Adzuna::API::Response::Category', 'label': 'Stellen aus Gastronomie & Catering'}",13.420806,0,Head of Analytics and Data Science,2026-06-19T11:24:10Z,https://www.adzuna.de/land/ad/5769224016?se=4hz0z5Cf8RGfQpohglHoaw&utm_medium=api&utm_source=a4bcf954&v=0CBE58766F7271E596F1D0041EF7C0033C10DF28,"{'__CLASS__': 'Adzuna::API::Response::Company', 'display_name': 'Zenjob SE'}","About us Zenjob is an AI-powered flexible staffing platform that has efficiently connected companies and temporary workers since 2015. Companies use our platform to book ready-to-work staff in real time, while students use our app to find part-time jobs that conveniently fit around their studies. Over 40,000 students and 1,000 partner companies from logistics, retail, and hospitality in all major German cities share our belief that good work is not a coincidence. It is the result of innovative …",52.507706,5769224016,eyJhbGciOiJIUzI1NiJ9.eyJpIjoiNTc2OTIyNDAxNiIsInMiOiI0aHowejVDZjhSR2ZRcG9oZ2xIb2F3In0.wVWqzLwcTYUF6t8qgV9BO0v0zeSlMbhX4dT0RXx6mJo,Adzuna::API::Response::Job,"{'__CLASS__': 'Adzuna::API::Response::Location', 'area': ['Deutschland', 'Berlin'], 'display_name': 'Berlin, Deutschland'}",full_time,,,
"{'tag': 'pr-advertising-marketing-jobs', '__CLASS__': 'Adzuna::API::Response::Category', 'label': 'Stellen aus PR, Werbung & Marketing'}",9.187224,0,Praktikant*in Data Science & Analytics Global Market Intelligence (Pflicht-Praktikum),2026-08-03T01:49:44Z,https://www.adzuna.de/land/ad/5826141576?se=4hz0z5Cf8RGfQpohglHoaw&utm_medium=api&utm_source=a4bcf954&v=6879BD5AD00701858F06A89C7EC6AF08E4DE2529,"{'__CLASS__': 'Adzuna::API::Response::Company', 'display_name': 'Mercedes-Benz AG'}","Life is always about becoming… Im Leben geht es darum, sich auf eine Reise zu begeben, um die beste Version unseres zukünftigen Selbst zu werden. Während wir Neues entdecken, stellen wir uns Herausforderungen, meistern sie und wachsen über uns hinaus. Bewerben Sie sich bei Mercedes-Benz und finden Sie den Aufgabenbereich, in dem Sie Ihre Talente individuell entfalten können. Dabei werden Sie von visionären Kolleginnen und Kollegen unterstützt, die Ihren Pioniergeist teilen. Bei uns einzusteigen…",48.776198,5826141576,eyJhbGciOiJIUzI1NiJ9.eyJpIjoiNTgyNjE0MTU3NiIsInMiOiI0aHowejVDZjhSR2ZRcG9oZ2xIb2F3In0.EQLZIn-U255QVeaqII6oNT2AyMItGewTmOofRlhKaTM,Adzuna::API::Response::Job,"{'display_name': 'Stuttgart, Baden-Württemberg', '__CLASS__': 'Adzuna::API::Response::Location', 'area': ['Deutschland', 'Baden-Württemberg', 'Stuttgart']}",,,,
"{'tag': 'it-jobs', 'label': 'IT-Stellen', '__CLASS__': 'Adzuna::API::Response::Category'}",9.18071,0,Duales Studium Wirtschaftsinformatik - Data Science (m/w/d),2026-08-18T18:21:47Z,https://www.adzuna.de/land/ad/5847066836?se=4hz0z5Cf8RGfQpohglHoaw&utm_medium=api&utm_source=a4bcf954&v=91AE6A6160393D4AF82EF506C232391247901496,"{'display_name': 'riparo gmbh', '__CLASS__': 'Adzuna::API::Response::Company'}","Duales Studium Wirtschaftsinformatik – Data Science (m/w/d) Deine Aufgaben Dreijähriges duales Studium ab dem 01.10.2026 mit Wechsel zwischen der dreimonatigen Theoriephase an der DHBW Stuttgart und der Praxisphase bei der riparo gmbh in Holzgerlingen Du unterstützt beim Aufbau und bei der Weiterentwicklung unserer Datenbasis für Auswertungen, Reporting und datenbasierte Entscheidungen Du lernst, wie Daten aus unterschiedlichen Systemen und Schnittstellen zusammengeführt, strukturiert und nutzb…",48.77713,5847066836,eyJhbGciOiJIUzI1NiJ9.eyJpIjoiNTg0NzA2NjgzNiIsInMiOiI0aHowejVDZjhSR2ZRcG9oZ2xIb2F3In0.s8ZO3rV59MbvVw89DiZ_4_-l6ClCUE9Twpq4T4VpE8I,Adzuna::API::Response::Job,"{'display_name': 'Mitte, Stuttgart', '__CLASS__': 'Adzuna::API::Response::Location', 'area': ['Deutschland', 'Baden-Württemberg', 'Stuttgart', 'Mitte']}",full_time,,,
"{'__CLASS__': 'Adzuna::API::Response::Category', 'label': 'Stellen für Hochschulabsolventen', 'tag': 'graduate-jobs'}",10.36551,0,Duales Studium - Data Science & Künstliche Intelligenz (B. Sc.) - 2027,2026-08-11T12:50:37Z,https://www.adzuna.de/land/ad/5836630554?se=4hz0z5Cf8RGfQpohglHoaw&utm_medium=api&utm_source=a4bcf954&v=B298C8549D272CF4A95310C61FFD07C041B321D5,"{'display_name': 'BSH Hausgeräte Gruppe', '__CLASS__': 'Adzuna::API::Response::Company'}","Wir begleiten dich auf dem Weg zum Traumberuf. Als führender Hausgerätehersteller in Europa bilden wir junge Menschen in Berufen aus, die zu ihnen passen und sie erfüllen. Mit unserem Portfolio an Marken – unter anderem Bosch, Siemens, Gaggenau und Neff – bieten wir Nachwuchskräften spannende Aufgaben und die Möglichkeit, von Anfang an Verantwortung zu übernehmen. Ob im Bereich Klimaschutz, Innovation oder Fairness – wir setzen uns gemeinsam mit dir für eine nachhaltige Zukunft ein. Spannende L…",48.55149,5836630554,eyJhbGciOiJIUzI1NiJ9.eyJpIjoiNTgzNjYzMDU1NCIsInMiOiI0aHowejVDZjhSR2ZRcG9oZ2xIb2F3In0.DH_kxPgBKIVM3gAqA_-J_DO-ARaPhTVsBHVLZTvfi6s,Adzuna::API::Response::Job,"{'display_name': 'Gundelfingen an der Donau, Dillingen an der Donau (Kreis)', '__CLASS__': 'Adzuna::API::Response::Location', 'area': ['Deutschland', 'Bayern', 'Dillingen an der Donau (Kreis)', 'Gundelfingen an der Donau']}",,,,
"{'label': 'Stellen für Hochschulabsolventen', '__CLASS__': 'Adzuna::API::Response::Category', 'tag': 'graduate-jobs'}",10.10558,0,Abschlussarbeit Data Science / Mechanikdesign (m/w/x),2026-07-22T10:26:36Z,https://www.adzuna.de/land/ad/5810550889?se=4hz0z5Cf8RGfQpohglHoaw&utm_medium=api&utm_source=a4bcf954&v=1FEF4813105946798F9B4DCA0FC26772816D4906,"{'__CLASS__': 'Adzuna::API::Response::Company', 'display_name': 'ZEISS'}","Als Student arbeitest Du mit Deinen Kolleginnen und Kollegen auf Augenhöhe und schaffst ideale Voraussetzungen für Deine spätere Karriere. Sich etwas Neues trauen, über sich hinauswachsen und dabei die Grenzen des Machbaren neu deﬁnieren. Genau das ist es, was unsere Mitarbeitenden täglich leben dürfen und sollen. Um mit unseren Innovationen das Tempo vorzugeben und Großartiges zu ermöglichen. Denn hinter jedem erfolgreichen Unternehmen stehen eine ganze Menge faszinierender Menschen. Die Mitar…",48.78408,5810550889,eyJhbGciOiJIUzI1NiJ9.eyJpIjoiNTgxMDU1MDg4OSIsInMiOiI0aHowejVDZjhSR2ZRcG9oZ2xIb2F3In0.zItP2yihfZHr-PTRqrc7xV4x-j5RHrODxZV-wL3meSk,Adzuna::API::Response::Job,"{'display_name': 'Oberkochen, Ostalbkreis', '__CLASS__': 'Adzuna::API::Response::Location', 'area': ['Deutschland', 'Baden-Württemberg', 'Ostalbkreis', 'Oberkochen']}",,,,
"{'tag': 'consultancy-jobs', '__CLASS__': 'Adzuna::API::Response::Category', 'label': 'Beraterstellen'}",9.10944,0,Data Analyst / Data Science Specialist (m/w/d),2026-08-21T19:42:44Z,https://www.adzuna.de/land/ad/5851395050?se=4hz0z5Cf8RGfQpohglHoaw&utm_medium=api&utm_source=a4bcf954&v=42DB951801BE5C54A292C55F021C989FE909DB15,"{'display_name': 'Molkerei Gropper GmbH & Co. KG', '__CLASS__': 'Adzuna::API::Response::Company'}","Als Ideenmolkerei produzieren wir Milchprodukte, Säfte & Smoothies und Kaffeegetränke für die Eigenmarken der großen Lebensmitteleinzelhändler in Deutschland und ganz Europa. Bereits seit 1929 stehen wir für Qualität, Wertschätzung, Ehrlichkeit und Verlässlichkeit. Insgesamt sind rund 900 Mitarbeitende Teil von Gropper. Wenn auch Sie sich voll und ganz einbringen und etwas bewegen möchten, sollten wir uns kennenlernen. Denn bei Gropper eröffnen sich nicht nur Chancen, sondern echte Perspektiven…",48.94456,5851395050,eyJhbGciOiJIUzI1NiJ9.eyJpIjoiNTg1MTM5NTA1MCIsInMiOiI0aHowejVDZjhSR2ZRcG9oZ2xIb2F3In0.DazlvS9AHPJchUGYnlgwZvgfkvLgUh-GSzjy7bXPiAw,Adzuna::API::Response::Job,"{'area': ['Deutschland', 'Baden-Württemberg', 'Ludwigsburg (Kreis)', 'Bietigheim-Bissingen'], '__CLASS__': 'Adzuna::API::Response::Location', 'display_name': 'Bietigheim-Bissingen, Ludwigsburg (Kreis)'}",,,,
"{'__CLASS__': 'Adzuna::API::Response::Category', 'label': 'Stellen für Hochschulabsolventen', 'tag': 'graduate-jobs'}",9.21629,0,Duales Studium Data Science und Künstliche Intelligenz 2027 (m/w/d),2026-07-22T10:23:20Z,https://www.adzuna.de/land/ad/5810535567?se=4hz0z5Cf8RGfQpohglHoaw&utm_medium=api&utm_source=a4bcf954&v=15E50F567E84648B678B5462035A8594EB048353,"{'__CLASS__': 'Adzuna::API::Response::Company', 'display_name': 'Schwarz Digits'}","Als weltweit agierendes Unternehmen benötigen wir eine IT-Landschaft, die jederzeit reibungslos funktioniert, sich stets auf dem neuesten Stand der Technik befindet und sich an den Bedürfnissen unserer Kunden innerhalb der Unternehmen der Schwarz Gruppe orientiert. An der Schnittstelle zwischen Daten und IT erarbeiten wir tragfähige Lösungen, die maßgeblich und sichtbar zu unserem Erfolg beitragen. {Studienbeginn:} 01.09.2027 mit dem Begrüßungsmonat {Studiendauer:} 3 Jahre {Studiendauer:} 01.10…",49.2291,5810535567,eyJhbGciOiJIUzI1NiJ9.eyJpIjoiNTgxMDUzNTU2NyIsInMiOiI0aHowejVDZjhSR2ZRcG9oZ2xIb2F3In0.w5CiLkvRVifmqtPslvkh3q2GjbeS40BAZHbBbah6n-U,Adzuna::API::Response::Job,"{'display_name': 'Bad Friedrichshall, Heilbronn (Kreis)', 'area': ['Deutschland', 'Baden-Württemberg', 'Heilbronn (Kreis)', 'Bad Friedrichshall'], '__CLASS__': 'Adzuna::API::Response::Location'}",,,,
"{'__CLASS__': 'Adzuna::API::Response::Category', 'label': 'Sonstige/Allgemeine Stellen', 'tag': 'other-general-jobs'}",,0,System Engineer – Data Science (m/w/d),2026-08-14T01:00:26Z,https://www.adzuna.de/land/ad/5840923521?se=4hz0z5Cf8RGfQpohglHoaw&utm_medium=api&utm_source=a4bcf954&v=52A3855A16BE314593BA95B0E7D320AE7AE7C4D5,"{'display_name': 'SVA System Vertrieb Alexander GmbH', '__CLASS__': 'Adzuna::API::Response::Company'}","Als eines der führenden Systemhäuser in Deutschland bieten wir Ihnen vielfältige Möglichkeiten in einem spannenden Berufsumfeld und einer wachsenden Branche Ihre berufliche Heimat zu finden. Bei uns haben Sie den Freiraum, innovative Lösungen zu entwickeln, die schon heute in die Zukunft reichen und sich langfristig bewähren. Verstärken Sie unser Team als System Engineer – Data Science (m/w/d) an einem unserer Standorte deutschlandweit . Data Science in der SVA vereint vier starke Bereiche: Gen…",,5840923521,eyJhbGciOiJIUzI1NiJ9.eyJpIjoiNTg0MDkyMzUyMSIsInMiOiI0aHowejVDZjhSR2ZRcG9oZ2xIb2F3In0.-Xc3n7PuJCymY_ONbgFBFFIubSfyMHRQr8pcxoHlK2M,Adzuna::API::Response::Job,"{'display_name': 'Deutschland', 'area': ['Deutschland'], '__CLASS__': 'Adzuna::API::Response::Location'}",,,,
"{'tag': 'graduate-jobs', 'label': 'Stellen für Hochschulabsolventen', '__CLASS__': 'Adzuna::API::Response::Category'}",8.412378,0,Duales Studium Data Science & Künstliche Intelligenz B.Sc.,2026-08-11T00:56:17Z,https://www.adzuna.de/land/ad/5836064238?se=4hz0z5Cf8RGfQpohglHoaw&utm_medium=api&utm_source=a4bcf954&v=011856F1EBC450BA235F63CBA586A79B55380F8A,"{'display_name': 'Atruvia AG', '__CLASS__': 'Adzuna::API::Response::Company'}",Wir sind der Digitalisierungspartner in der genossenschaftlichen FinanzGruppe und vereinen jahrzehntelanges Expertenwissen in Banking und Informationstechnologie. Die speziell auf Banken zugeschnittenen IT-Lösungen und Leistungen reichen vom Rechenzentrumsbetrieb über das Bankverfahren von Atruvia bis hin zur App-Entwicklung. Dabei nutzen wir zukunftsweisende Technologien wie Smart Data und schreiben Prozessoptimierung und Regulatorik groß. Gestalte die Zukunft mit KI – Starte dein Duales Studi…,49.001249,5836064238,eyJhbGciOiJIUzI1NiJ9.eyJzIjoiNGh6MHo1Q2Y4UkdmUXBvaGdsSG9hdyIsImkiOiI1ODM2MDY0MjM4In0.FoeU1ehcFF7_LU1mOBQ-qmEV8eGV4uUWIxCe6H6BIeo,Adzuna::API::Response::Job,"{'area': ['Deutschland', 'Baden-Württemberg', 'Karlsruhe (Kreis)', 'Karlsruhe'], '__CLASS__': 'Adzuna::API::Response::Location', 'display_name': 'Karlsruhe, Karlsruhe (Kreis)'}",,,,
"{'tag': 'graduate-jobs', 'label': 'Stellen für Hochschulabsolventen', '__CLASS__': 'Adzuna::API::Response::Category'}",9.72719,0,DHBW Studium - Data Science und Künstliche Intelligenz (B.Sc.),2026-07-22T10:22:44Z,https://www.adzuna.de/land/ad/5810531742?se=4hz0z5Cf8RGfQpohglHoaw&utm_medium=api&utm_source=a4bcf954&v=0C439F9A8606839B5DD9EDB9D4B6C60EC3112F9B,"{'__CLASS__': 'Adzuna::API::Response::Company', 'display_name': 'Liebherr-Werk Ehingen GmbH'}",Die Liebherr-Werk Ehingen GmbH zählt zu den weltweit führenden Herstellern von Fahrzeugkranen. Das Programm umfasst Teleskop- und Gittermastkrane auf Mobil- und Raupenfahrwerken. Seit der Gründung wurde die Produktionsstätte und ihre Kapazität kontinuierlich erweitert. Heute werden täglich sechs Fahrzeugkrane aus Ehingen in die ganze Welt geliefert. DHBW Studium - Data Science und Künstliche Intelligenz (B.Sc.) Job-ID 83588 JLFT1_DE,48.28207,5810531742,eyJhbGciOiJIUzI1NiJ9.eyJpIjoiNTgxMDUzMTc0MiIsInMiOiI0aHowejVDZjhSR2ZRcG9oZ2xIb2F3In0.gDP61zdbjFkeVEoRjeIWpIT95Xtgvjrg7UO2_Y7xKJY,Adzuna::API::Response::Job,"{'__CLASS__': 'Adzuna::API::Response::Location', 'area': ['Deutschland', 'Baden-Württemberg', 'Alb-Donau-Kreis', 'Ehingen (Donau)'], 'display_name': 'Ehingen (Donau), Alb-Donau-Kreis'}",,,,
"{'tag': 'graduate-jobs', '__CLASS__': 'Adzuna::API::Response::Category', 'label': 'Stellen für Hochschulabsolventen'}",9.187224,0,DHBW-Studium Bachelor of Science – Wirtschaftsinformatik Data Science,2026-08-04T00:54:22Z,https://www.adzuna.de/land/ad/5827038455?se=4hz0z5Cf8RGfQpohglHoaw&utm_medium=api&utm_source=a4bcf954&v=3AF8645B7EF161E752C573E858BE82C8BC972F37,"{'display_name': 'WGV - Württembergische Gemeinde-Versicherung a.G.', '__CLASS__': 'Adzuna::API::Response::Company'}",DHBW-Studium Bachelor of Science – Wirt­schafts­informatik Data Science Als starker Arbeitgeber und attrak­tives Aus­bildungs­unter­nehmen bieten wir viel­fältige und spannende Aus­bildungs- und Studien­plätze mit besten Über­nahme­chancen. Bereit für ein echt spannendes und abwechslungsreiches Studium? Wir machen dich fit für deine Zukunft in einer modernen Versicherung. Für den Studienstart am 01.09.2027 in Stuttgart suchen wir aufgeschlossene und motivierte Studierende. JLFT1_DE,48.776198,5827038455,eyJhbGciOiJIUzI1NiJ9.eyJzIjoiNGh6MHo1Q2Y4UkdmUXBvaGdsSG9hdyIsImkiOiI1ODI3MDM4NDU1In0.75cg6rwAGdNYqiWVXMNP8jAhQvPxF74mevtql0yozn0,Adzuna::API::Response::Job,"{'display_name': 'Stuttgart, Baden-Württemberg', '__CLASS__': 'Adzuna::API::Response::Location', 'area': ['Deutschland', 'Baden-Württemberg', 'Stuttgart']}",,,,
"{'label': 'Unknown', '__CLASS__': 'Adzuna::API::Response::Category', 'tag': 'unknown'}",9.187224,0,(Senior) Risk Manager (m/w/d) Modeling & Data Science - Fokus Retail Credit Risk,2026-07-29T01:46:40Z,https://www.adzuna.de/land/ad/5819015630?se=4hz0z5Cf8RGfQpohglHoaw&utm_medium=api&utm_source=a4bcf954&v=C6E6F6AD3CF2DA0C24C145730BF35663BA739E5B,"{'display_name': 'Creditplus Bank AG', '__CLASS__': 'Adzuna::API::Response::Company'}","Wir machen Wünsche machbar – unsere Mission ist es, das Leben unserer Kund:innen zu bereichern und mit unseren Finanzdienstleistungen Träume zu verwirklichen. Wir verstehen uns nicht als typische Bank, sondern als lebendige Gemeinschaft von Gestalter:innen, die keine Angst davor haben, neue Wege zu gehen. Dabei setzen wir uns alle auch noch für Themen mit Impact wie Nachhaltigkeit und Digitalisierung ein – ob in unserer Zentrale in Stuttgart, an unserem Standort in Offenbach oder deutschlandwei…",48.776198,5819015630,eyJhbGciOiJIUzI1NiJ9.eyJzIjoiNGh6MHo1Q2Y4UkdmUXBvaGdsSG9hdyIsImkiOiI1ODE5MDE1NjMwIn0.-1DKRKjzVlG5IlUlZ8cIMCZolAK2cbu8nXw591qCFqs,Adzuna::API::Response::Job,"{'display_name': 'Stuttgart, Baden-Württemberg', '__CLASS__': 'Adzuna::API::Response::Location', 'area': ['Deutschland', 'Baden-Württemberg', 'Stuttgart']}",,,,
"{'tag': 'graduate-jobs', '__CLASS__': 'Adzuna::API::Response::Category', 'label': 'Stellen für Hochschulabsolventen'}",9.198334,0,Duales Studium Bachelor der Wirtschaftsinformatik - Data Science (m/w/d),2026-08-05T01:04:32Z,https://www.adzuna.de/land/ad/5828358168?se=4hz0z5Cf8RGfQpohglHoaw&utm_medium=api&utm_source=a4bcf954&v=8402E2578445895C3DE3C3C020C2ABFFD6844BDC,"{'display_name': 'Wolters Kluwer Tax & Accounting Deutschland GmbH', '__CLASS__': 'Adzuna::API::Response::Company'}","Seit über 180 Jahren unterstützen wir Unternehmen weltweit dabei, Arbeitsprozesse einfacher, effizienter und zukunftssicher zu gestalten. Mit Niederlassungen in über 40 Ländern und Kunden in mehr als 180 Märkten sind wir ein globaler Partner für Fachwissen und Technologie. Unsere Lösungen verbinden tiefgehendes Know-how mit innovativen Technologien – inklusive moderner KI-Funktionen – und helfen unseren Kunden, ihre größten Herausforderungen erfolgreich zu meistern. Mehr als 21.000 Kolleginnen …",48.876425,5828358168,eyJhbGciOiJIUzI1NiJ9.eyJzIjoiNGh6MHo1Q2Y4UkdmUXBvaGdsSG9hdyIsImkiOiI1ODI4MzU4MTY4In0.Sfz3tz6zjrpYIQp3RYRm1kdBzbGZZtgw3wtN3m0zXjY,Adzuna::API::Response::Job,"{'display_name': 'Ludwigsburg, Ludwigsburg (Kreis)', 'area': ['Deutschland', 'Baden-Württemberg', 'Ludwigsburg (Kreis)', 'Ludwigsburg'], '__CLASS__': 'Adzuna::API::Response::Location'}",,,,
"{'__CLASS__': 'Adzuna::API::Response::Category', 'label': 'Stellen für Hochschulabsolventen', 'tag': 'graduate-jobs'}",9.856945,0,"Duales Studium: ""Data Science & künstliche Intelligenz"" (w/m/d), Ulm, Start 2027",2026-08-12T00:54:17Z,https://www.adzuna.de/land/ad/5837379738?se=4hz0z5Cf8RGfQpohglHoaw&utm_medium=api&utm_source=a4bcf954&v=A6C5585633CBF1CA27E58BB92D7912336373DF76,"{'display_name': 'HENSOLDT', '__CLASS__': 'Adzuna::API::Response::Company'}","HENSOLDT ist ein führendes europäisches Hightech-Unternehmen der Verteidigungs- und Sicherheitsindustrie mit Sitz in Taufkirchen bei München. Das Unternehmen entwickelt Sensorlösungen, Elektronik und Software für die Bereiche Luft, Land, See, Cyber und Weltraum und unterstützt Streitkräfte weltweit dabei, Bedrohungen frühzeitig zu erkennen und fundierte operative Entscheidungen zu treffen. Aufbauend auf jahrzehntelanger Erfahrung in missionskritischer Sensorik verbindet HENSOLDT Radar-, Optroni…",48.383137,5837379738,eyJhbGciOiJIUzI1NiJ9.eyJpIjoiNTgzNzM3OTczOCIsInMiOiI0aHowejVDZjhSR2ZRcG9oZ2xIb2F3In0.qvrOUp0x2B-RjGE_bPqpb8M4okSMk5hB0RFiShXROGg,Adzuna::API::Response::Job,"{'display_name': 'Ulm, Baden-Württemberg', '__CLASS__': 'Adzuna::API::Response::Location', 'area': ['Deutschland', 'Baden-Württemberg', 'Ulm']}",,,,
"{'__CLASS__': 'Adzuna::API::Response::Category', 'label': 'IT-Stellen', 'tag': 'it-jobs'}",11.555737,0,Werkstudent Data Science / Data Engineering (all genders),2026-08-19T05:13:06Z,https://www.adzuna.de/details/5847753306?utm_medium=api&utm_source=a4bcf954,{'__CLASS__': 'Adzuna::API::Response::Company'},"Wir sind über 14.000. An 20 Standorten weltweit. Jedes dritte Flugzeug fliegt mit unserer Technologie. Immer effizienter, leiser, nachhaltiger. Wir gestalten die Zukunft der Luftfahrt. Was wir noch brauchen? Dich. Bei der Instandhaltung von Flugzeugtriebwerken entstehen eine Vielzahl verschiedenster Daten. Erst wenn diese Informationen aufbereitet, geprüft und zusammengeführt sind, können Erkenntnisse und Entscheidungen daraus abgeleitet werden. Unser Team ist integraler Bestandteil der Digital…",48.137418,5847753306,eyJhbGciOiJIUzI1NiJ9.eyJzIjoiNGh6MHo1Q2Y4UkdmUXBvaGdsSG9hdyIsImkiOiI1ODQ3NzUzMzA2In0.qlDD1Fn1d1SGCELT1FJJojPwH43hcKHP85-Lambbv2U,Adzuna::API::Response::Job,"{'area': ['Deutschland', 'Bayern', 'München (Kreis)', 'München'], '__CLASS__': 'Adzuna::API::Response::Location', 'display_name': 'München, München (Kreis)'}",,,,
"{'label': 'Stellen für Hochschulabsolventen', '__CLASS__': 'Adzuna::API::Response::Category', 'tag': 'graduate-jobs'}",8.491505,0,Duales Studium B.Sc. Data Science und Künstliche Intelligenz (m/w/d) 2027,2026-08-05T01:04:48Z,https://www.adzuna.de/land/ad/5828358393?se=4hz0z5Cf8RGfQpohglHoaw&utm_medium=api&utm_source=a4bcf954&v=1E79F89B7EDB561BA34330000388AA90C9D83734,"{'display_name': 'FUCHS LUBRICANTS GERMANY GmbH', '__CLASS__': 'Adzuna::API::Response::Company'}","FUCHS ist der weltweit größte unabhängige Anbieter von innovativen Schmierstofflösungen für nahezu alle Branchen und Anwendungsbereiche. Unsere Produkte und Lösungen halten die Welt in Bewegung, auch wenn diese nicht immer sichtbar sind. Entscheidend ist, dass jeder Einzelne unserer über 6.000 Mitarbeiter in mehr als 50 Ländern sichtbar ist - ihr Unternehmergeist, ihre Ideen und Fähigkeiten sind das Herzstück unseres globalen Geschäfts. JLFT1_DE",49.496025,5828358393,eyJhbGciOiJIUzI1NiJ9.eyJzIjoiNGh6MHo1Q2Y4UkdmUXBvaGdsSG9hdyIsImkiOiI1ODI4MzU4MzkzIn0.euFRc8sHQA4IpwqDZYndKHa25S3IXjUNqkohVK3n2wA,Adzuna::API::Response::Job,"{'display_name': 'Mannheim, Baden-Württemberg', '__CLASS__': 'Adzuna::API::Response::Location', 'area': ['Deutschland', 'Baden-Württemberg', 'Mannheim']}",,,,
"{'tag': 'unknown', '__CLASS__': 'Adzuna::API::Response::Category', 'label': 'Unknown'}",8.650578,0,Wissenschaftliche*r Mitarbeiter*in (m/w/d) e-Finance Data Science,2026-08-14T22:12:57Z,https://www.adzuna.de/land/ad/5842141203?se=4hz0z5Cf8RGfQpohglHoaw&utm_medium=api&utm_source=a4bcf954&v=7A333A38D29D18A9EB70322D57A9F39E8E562A04,"{'display_name': 'efl - The Data Science Institute / Goethe Universität Frankfurt', '__CLASS__': 'Adzuna::API::Response::Company'}","Wissenschaftliche r Mitarbeiter in (m/w/d) – e-Finance / Data Science An der Professur für Betriebswirtschaftslehre, insbesondere e-Finance (Prof. Dr. Gomber) , Goethe-Universität Frankfurt , ist im Rahmen des „efl – The Data Science Institute“ ab dem nächstmöglichen Zeitpunkt eine Stelle als Wissenschaftliche r Mitarbeiter in (m/w/d, E13 TV-G-U) zu besetzen. Forschungsumfeld Sie forschen an der Schnittstelle von Finanzmärkten, Data Science und innovativen Technologien und wirken an empirischen…",50.129683,5842141203,eyJhbGciOiJIUzI1NiJ9.eyJzIjoiNGh6MHo1Q2Y4UkdmUXBvaGdsSG9hdyIsImkiOiI1ODQyMTQxMjAzIn0.sGEVBJZwp0N5FTAKQZepd0ZO_r72CRBDJ1XdWdjPiyM,Adzuna::API::Response::Job,"{'area': ['Deutschland', 'Hessen', 'Frankfurt am Main'], '__CLASS__': 'Adzuna::API::Response::Location', 'display_name': 'Frankfurt am Main, Hessen'}",,,,
"{'tag': 'other-general-jobs', 'label': 'Sonstige/Allgemeine Stellen', '__CLASS__': 'Adzuna::API::Response::Category'}",12.98145,0,W2-Professur für Angewandte Mathematik - KI und Data Sciences (w/m/d),2026-08-20T22:19:34Z,https://www.adzuna.de/land/ad/5849936588?se=4hz0z5Cf8RGfQpohglHoaw&utm_medium=api&utm_source=a4bcf954&v=726766D74DF21C0E94E0909A9527777B5D9ED072,"{'display_name': 'Hochschule Mittweida - University of Applied Sciences', '__CLASS__': 'Adzuna::API::Response::Company'}","Professur Angewandte Mathematik – KI und Data Sciences (w/m/d) An der Fakultät Angewandte Computer- und Biowissenschaften der Hochschule Mittweida, University of Applied Sciences ist zum 01.09.2027 die Professur in Besoldungsgruppe W2 zu besetzen. Aufgaben Vertretung des Berufungsgebiets in Lehre und Forschung mit Schwerpunkt auf aktuellen Entwicklungen im KI-Bereich Durchführung deutsch- und englischsprachiger Lehrveranstaltungen: Grundlagen- und Spezialmodule im neuen Masterstudiengang AI and…",50.98578,5849936588,eyJhbGciOiJIUzI1NiJ9.eyJzIjoiNGh6MHo1Q2Y4UkdmUXBvaGdsSG9hdyIsImkiOiI1ODQ5OTM2NTg4In0.ge4rYFHq_fwFb93M72ZI19ZvheylUD3ajKRsdGrWoKg,Adzuna::API::Response::Job,"{'display_name': 'Mittweida, Mittelsachsen (Kreis)', '__CLASS__': 'Adzuna::API::Response::Location', 'area': ['Deutschland', 'Sachsen', 'Mittelsachsen (Kreis)', 'Mittweida']}",,,,
"{'label': 'Unknown', '__CLASS__': 'Adzuna::API::Response::Category', 'tag': 'unknown'}",6.969972,0,Senior Spezialist/Senior Spezialistin (w/m/d) Telekommunikationsüberwachung,2026-07-19T14:46:09Z,https://www.adzuna.de/land/ad/5807171206?se=4hz0z5Cf8RGfQpohglHoaw&utm_medium=api&utm_source=a4bcf954&v=FF95D8C0B268C321E8B1775019E4B950D0607B43,"{'display_name': 'Generalzolldirektion', '__CLASS__': 'Adzuna::API::Response::Company'}","in Köln in Voll- oder Teilzeit Vergütung: E 12 (TVöD Bund) bzw. A 12 BBesO Referenzcode: P/2130/2026/211/72 Bewerbungsfrist: 20.08.2026 Das Zollkriminalamt (ZKA) ist mit seinen rund 800 Beschäftigten die Zentrale des deutschen Zollfahndungsdienstes, dessen Hauptaufgabe die Verfolgung und Verhütung der mittleren, schweren und organisierten Zollkriminalität ist. Es koordiniert und lenkt die Ermittlungen der angeschlossenen acht Zollfahndungsämter an bundesweiten Standorten. Für unser Team suchen …",50.940164,5807171206,eyJhbGciOiJIUzI1NiJ9.eyJzIjoiNGh6MHo1Q2Y4UkdmUXBvaGdsSG9hdyIsImkiOiI1ODA3MTcxMjA2In0.OBl_r4ZxDImfz73hXxP7ekUu2ofnd3FpFYK99cY0fPU,Adzuna::API::Response::Job,"{'__CLASS__': 'Adzuna::API::Response::Location', 'area': ['Deutschland', 'Nordrhein-Westfalen', 'Köln'], 'display_name': 'Köln, Nordrhein-Westfalen'}",,,,
"{'label': 'Stellen für Hochschulabsolventen', '__CLASS__': 'Adzuna::API::Response::Category', 'tag': 'graduate-jobs'}",10.36551,0,Duales Studium Master Informatik - AI & Data Science (M.Sc.) 2027,2026-08-16T01:15:06Z,https://www.adzuna.de/land/ad/5843631444?se=4hz0z5Cf8RGfQpohglHoaw&utm_medium=api&utm_source=a4bcf954&v=BB97873EDF0921B0D8880CE69DA0C23FDCC5E996,"{'display_name': 'BSH Hausgeräte Gruppe', '__CLASS__': 'Adzuna::API::Response::Company'}","Wir begleiten dich auf dem Weg zum Traumberuf. Als führender Hausgerätehersteller in Europa bilden wir junge Menschen in Berufen aus, die zu ihnen passen und sie erfüllen. Mit unserem Portfolio an Marken – unter anderem Bosch, Siemens, Gaggenau und Neff – bieten wir Nachwuchskräften spannende Aufgaben und die Möglichkeit, von Anfang an Verantwortung zu übernehmen. Ob im Bereich Klimaschutz, Innovation oder Fairness – wir setzen uns gemeinsam mit dir für eine nachhaltige Zukunft ein. Spannende L…",48.55149,5843631444,eyJhbGciOiJIUzI1NiJ9.eyJpIjoiNTg0MzYzMTQ0NCIsInMiOiI0aHowejVDZjhSR2ZRcG9oZ2xIb2F3In0.rCJH3sAKmf0PZH6IEZrZ3ZAcdI6kydPLubMvPoSf6dA,Adzuna::API::Response::Job,"{'display_name': 'Gundelfingen an der Donau, Dillingen an der Donau (Kreis)', 'area': ['Deutschland', 'Bayern', 'Dillingen an der Donau (Kreis)', 'Gundelfingen an der Donau'], '__CLASS__': 'Adzuna::API::Response::Location'}",,,,
"{'tag': 'unknown', '__CLASS__': 'Adzuna::API::Response::Category', 'label': 'Unknown'}",8.595073,0,PhD position in Data Science/Bioinformatics for Marine and Arctic Biodiversity (f/x/d/m),2026-08-21T19:43:06Z,https://www.adzuna.de/land/ad/5851395724?se=4hz0z5Cf8RGfQpohglHoaw&utm_medium=api&utm_source=a4bcf954&v=B5AC6C6ED682466A88E64F9B2114E92BDA0882E0,"{'__CLASS__': 'Adzuna::API::Response::Company', 'display_name': 'Alfred-Wegener-Institut Helmholtz-Zentrum für Polar- und Meeresforschung'}","The Alfred Wegener Institute Helmholtz Centre for Polar and Marine Research (AWI) is a member of the Helmholtz Association (HGF) and funded by federal and state government. AWI focuses on polar and marine research in a variety of disciplines such as biology, oceanography, geology, geochemistry and geophysics thus allowing multidisciplinary approaches to scientific goals. PhD position in Data Science/Bioinformatics for Marine and Arctic Biodiversity (f/x/d/m) Background Long-term monitoring of m…",53.548992,5851395724,eyJhbGciOiJIUzI1NiJ9.eyJzIjoiNGh6MHo1Q2Y4UkdmUXBvaGdsSG9hdyIsImkiOiI1ODUxMzk1NzI0In0.ytoddrZvCuBgWXQRpRAGXQh4_UDUj3wBNWWWbInlpiw,Adzuna::API::Response::Job,"{'__CLASS__': 'Adzuna::API::Response::Location', 'area': ['Deutschland', 'Bremen', 'Bremerhaven'], 'display_name': 'Bremerhaven, Bremen'}",,,,
"{'__CLASS__': 'Adzuna::API::Response::Category', 'label': 'Teilzeitstellen', 'tag': 'part-time-jobs'}",6.808387,0,Duales Studium Data Science (B.S.) 2027,2026-08-06T15:21:17Z,https://www.adzuna.de/land/ad/5830475546?se=4hz0z5Cf8RGfQpohglHoaw&utm_medium=api&utm_source=a4bcf954&v=28BBF893D63DD92F273AE5241E7CC35D63B4440C,"{'__CLASS__': 'Adzuna::API::Response::Company', 'display_name': 'PwC Deutschland'}","Für unsere internen Bereiche suchen wir dich zum 1. September 2027 als Dualen Studenten Data Science (B.S.) 2027 Das erwartet dich Data Science – In deinem dualen Studium im Bereich Data Science wirst du Teil unseres Teams und lernst spannende Themen rund um Daten und Technologien kennen. Du erfährst, wie man Benutzeroberflächen (Frontend) gestaltet, im Hintergrund programmiert (Backend) und Daten analysiert sowie Künstliche Intelligenz (KI) einsetzt. Einblicke – Neben den theoretischen Phasen …",51.226802,5830475546,eyJhbGciOiJIUzI1NiJ9.eyJzIjoiNGh6MHo1Q2Y4UkdmUXBvaGdsSG9hdyIsImkiOiI1ODMwNDc1NTQ2In0.WoWx4dHAQoXAlzsWSdC-cgj--lUaXV9rvmYRwu-cnLY,Adzuna::API::Response::Job,"{'display_name': 'Düsseldorf, Nordrhein-Westfalen', '__CLASS__': 'Adzuna::API::Response::Location', 'area': ['Deutschland', 'Nordrhein-Westfalen', 'Düsseldorf']}",,,,
"{'__CLASS__': 'Adzuna::API::Response::Category', 'label': 'Teilzeitstellen', 'tag': 'part-time-jobs'}",8.412378,0,Data Science und Künstliche Intelligenz (B.Sc.) 2027,2026-06-18T01:08:56Z,https://www.adzuna.de/land/ad/5767328897?se=4hz0z5Cf8RGfQpohglHoaw&utm_medium=api&utm_source=a4bcf954&v=035D23A311258786BF2486F5AFEF4CF66CBAE58C,"{'display_name': 'Siemens AG', '__CLASS__': 'Adzuna::API::Response::Company'}","Dein Berufsbild: Du möchtest irgendwas mit Mathe und Programmieren machen und findest Technologien der Zukunft spannend? Dann entscheide dich für den Studiengang Data Science und Künstliche Intelligenz und hol alles aus den Daten heraus. In deinem Beruf bist du die Schnittstelle zwischen IT und Business. Du beherrschst die verschiedenen Technologien, bewertest deren Potenziale und weißt, wie man sie technisch umsetzt. In deinem dualen Studium erlernst du die Grundlagen, Konzepte und Methoden de…",49.001249,5767328897,eyJhbGciOiJIUzI1NiJ9.eyJzIjoiNGh6MHo1Q2Y4UkdmUXBvaGdsSG9hdyIsImkiOiI1NzY3MzI4ODk3In0.xThYnilE53JmV0FLBEdkKxeMT4fLzktQdtV4KZchAEk,Adzuna::API::Response::Job,"{'display_name': 'Karlsruhe, Karlsruhe (Kreis)', 'area': ['Deutschland', 'Baden-Württemberg', 'Karlsruhe (Kreis)', 'Karlsruhe'], '__CLASS__': 'Adzuna::API::Response::Location'}",,,,
"{'tag': 'part-time-jobs', '__CLASS__': 'Adzuna::API::Response::Category', 'label': 'Teilzeitstellen'}",6.969972,0,Data Science und Künstliche Intelligenz (B.Sc.) 2027,2026-07-02T14:03:32Z,https://www.adzuna.de/land/ad/5785412191?se=4hz0z5Cf8RGfQpohglHoaw&utm_medium=api&utm_source=a4bcf954&v=D0A77CD380C46F611C880989E79CBA2570403C30,"{'__CLASS__': 'Adzuna::API::Response::Company', 'display_name': 'Siemens AG'}","Dein Berufsbild: Du möchtest irgendwas mit Mathe und Programmieren machen und findest Technologien der Zukunft spannend? Dann entscheide dich für den Studiengang Data Science und Künstliche Intelligenz und hol alles aus den Daten heraus. In deinem Beruf bist du die Schnittstelle zwischen IT und Business. Du beherrschst die verschiedenen Technologien, bewertest deren Potenziale und weißt, wie man sie technisch umsetzt. In deinem dualen Studium erlernst du die Grundlagen, Konzepte und Methoden de…",50.940164,5785412191,eyJhbGciOiJIUzI1NiJ9.eyJpIjoiNTc4NTQxMjE5MSIsInMiOiI0aHowejVDZjhSR2ZRcG9oZ2xIb2F3In0.k-fUtlaup8ZWiWnEjkBtY3Bjcgt5T15uaHoBYCOwR9E,Adzuna::API::Response::Job,"{'display_name': 'Köln, Nordrhein-Westfalen', '__CLASS__': 'Adzuna::API::Response::Location', 'area': ['Deutschland', 'Nordrhein-Westfalen', 'Köln']}",,,,
"{'tag': 'it-jobs', '__CLASS__': 'Adzuna::API::Response::Category', 'label': 'IT-Stellen'}",9.21629,0,Duales Studium Data Science und Künstliche Intelligenz 2027 (m/w/d),2026-08-13T17:44:12Z,https://www.adzuna.de/land/ad/5840488377?se=4hz0z5Cf8RGfQpohglHoaw&utm_medium=api&utm_source=a4bcf954&v=8B506B1603ADFC40E69E44D711158C0C4B62118E,{'__CLASS__': 'Adzuna::API::Response::Company'},"Duales Studium Data Science und Künstliche Intelligenz 2027 Standort: Bad Friedrichshall Abteilung / Bereich: Ausbildung/Duales Studium/Abiturientenprogramm Level: Duales Studium Referenznummer: 3566 Als weltweit agierendes Unternehmen benötigen wir eine IT-Landschaft, die jederzeit reibungslos funktioniert, sich stets auf dem neuesten Stand der Technik befindet und sich an den Bedürfnissen unserer Kunden innerhalb der Unternehmen der Schwarz Gruppe orientiert. An der Schnittstelle zwischen Dat…",49.2291,5840488377,eyJhbGciOiJIUzI1NiJ9.eyJpIjoiNTg0MDQ4ODM3NyIsInMiOiI0aHowejVDZjhSR2ZRcG9oZ2xIb2F3In0.BLRy8j0RU_TDZjBE62wJL_n0lzh41McRrCAtleb7axA,Adzuna::API::Response::Job,"{'__CLASS__': 'Adzuna::API::Response::Location', 'area': ['Deutschland', 'Baden-Württemberg', 'Heilbronn (Kreis)', 'Bad Friedrichshall'], 'display_name': 'Bad Friedrichshall, Heilbronn (Kreis)'}",,,,
"{'tag': 'unknown', '__CLASS__': 'Adzuna::API::Response::Category', 'label': 'Unknown'}",9.987297,0,Junior Consultant Analytics Data Science (m/w/d),2026-07-31T14:07:38Z,https://www.adzuna.de/land/ad/5822331855?se=4hz0z5Cf8RGfQpohglHoaw&utm_medium=api&utm_source=a4bcf954&v=0D662482257D087C0714CA099C14F8FD19CDE9B9,"{'__CLASS__': 'Adzuna::API::Response::Company', 'display_name': 'ISR Information Products AG'}","Dein Team Du hast Freude an Innovationen, spannenden Inhalten und kollegialem Teamspirit? Mit unseren Berater:innen wächst du mit deinen Aufgaben und lernst von unseren Expert:innen. Gemeinsam beraten wir unsere deutsch- und englischsprachigen Kunden bei ihren Herausforderungen im Umfeld von Business Intelligence, Planung, Advanced Analytics & Data Science. Wir verbinden höchste Beratungskompetenz mit technischer Expertise. Dabei konzipieren und implementieren wir maßgeschneiderte Lösungen auf …",53.557429,5822331855,eyJhbGciOiJIUzI1NiJ9.eyJpIjoiNTgyMjMzMTg1NSIsInMiOiI0aHowejVDZjhSR2ZRcG9oZ2xIb2F3In0.bC9XBZHTJ3dSuKfmmViK-jkQiEkbdoXqBetRi7DbTeQ,Adzuna::API::Response::Job,"{'display_name': 'Hamburg, Deutschland', '__CLASS__': 'Adzuna::API::Response::Location', 'area': ['Deutschland', 'Hamburg']}",full_time,,,
"{'__CLASS__': 'Adzuna::API::Response::Category', 'label': 'Teilzeitstellen', 'tag': 'part-time-jobs'}",8.53563,0,Duales Studium Data Science&Künstliche Intelligenz 2027,2026-06-20T12:53:08Z,https://www.adzuna.de/land/ad/5770589039?se=4hz0z5Cf8RGfQpohglHoaw&utm_medium=api&utm_source=a4bcf954&v=681BE7A3D03AC6F297C387CC551FF08EF9980009,"{'__CLASS__': 'Adzuna::API::Response::Company', 'display_name': 'Transgourmet Deutschland GmbH&Co. OHG'}","Duales Studium– unser Erfolgsrezept: Theorie und Praxis verbinden! Werde bei Transgourmet zur KI-Koryphäe: Duübernimmst Initiative in schmackhaften Projekten, bei denen du marktfrische, innovative Ansätze direkt aus deinem Studium einbringst. Du erhältst Einblicke in die Geheimnisse der kulinarischen Datenwelt eines modernen Lebensmittelgroßhändlers: Prozessveredelungá la IT: Optimiere mit uns die digitalen Kochprozesse in unserem Unternehmen, automatisiere Abläufe und würze die Systeme mit Kün…",49.80341,5770589039,eyJhbGciOiJIUzI1NiJ9.eyJzIjoiNGh6MHo1Q2Y4UkdmUXBvaGdsSG9hdyIsImkiOiI1NzcwNTg5MDM5In0.uQ6DFk03xXinqtDPD8ZybYlyuMLItAtGwxbkysjQoZE,Adzuna::API::Response::Job,"{'area': ['Deutschland', 'Hessen', 'Groß-Gerau (Kreis)', 'Riedstadt'], '__CLASS__': 'Adzuna::API::Response::Location', 'display_name': 'Riedstadt, Groß-Gerau (Kreis)'}",,,,
"{'label': 'Sonstige/Allgemeine Stellen', '__CLASS__': 'Adzuna::API::Response::Category', 'tag': 'other-general-jobs'}",9.2274,0,Experte Energiewirtschaft Marktprozesse (m/w/d),2026-06-18T03:49:11Z,https://www.adzuna.de/land/ad/5767429371?se=4hz0z5Cf8RGfQpohglHoaw&utm_medium=api&utm_source=a4bcf954&v=10E31A5B1F215C364F1055DE06FE6272E1F74E8B,"{'__CLASS__': 'Adzuna::API::Response::Company', 'display_name': 'Schwarz Corporate Solutions'}","Du hast Lust auf innovative und nachhaltige Bau- & Immobilienprojekte? Dann bist du bei uns genau richtig. Von Büros, Konferenzräumen sowie Restaurants bis hin zu Wohnungen - Im TeamSCOS planen, bauen und betreuen wir ein großes Portfolio verschiedenster Immobilien – denn Vielfalt ist unsere Stärke! Bei uns kannst du spannende Projekte von Beginn bis zur Umsetzung begleiten und eigene Ideen einbringen. Vom Grundstückskauf über die Planung und dem Bau bis hin zum Facility Management - bei uns ha…",49.18975,5767429371,eyJhbGciOiJIUzI1NiJ9.eyJzIjoiNGh6MHo1Q2Y4UkdmUXBvaGdsSG9hdyIsImkiOiI1NzY3NDI5MzcxIn0.7Pt86Kx2gTYdiR6XfiVotxlePZjjWJjwo6UwynQ5b8I,Adzuna::API::Response::Job,"{'display_name': 'Neckarsulm, Heilbronn (Kreis)', 'area': ['Deutschland', 'Baden-Württemberg', 'Heilbronn (Kreis)', 'Neckarsulm'], '__CLASS__': 'Adzuna::API::Response::Location'}",,,,
"{'label': 'Unknown', '__CLASS__': 'Adzuna::API::Response::Category', 'tag': 'unknown'}",10.69693,0,Arzt/Ärztin Schwerpunkt Data Science / Routinedatenanalyse im Bereich der neurovaskulären Forschung (m/w/d),2026-07-21T22:51:48Z,https://www.adzuna.de/land/ad/5809665650?se=4hz0z5Cf8RGfQpohglHoaw&utm_medium=api&utm_source=a4bcf954&v=450802E9EEC57874997B94245E66363CA9F9662D,"{'display_name': 'Universität zu Lübeck', '__CLASS__': 'Adzuna::API::Response::Company'}","Stellenausschreibung, April 2026 Arzt/Ärztin mit ausschließlicher oder weit überwiegender Tätigkeit in der Wissenschaft mit Schwerpunkt Data Science / Routinedatenanalyse im Bereich der neurovaskulären Forschung, alternativ promovierte(r) Wissenschaftler/in mit Hintergrund Data Science - an der Klinik für Neurologie am Campus Lübeck (Direktor: Univ.-Prof. Dr. Jens Minnerup) Vollzeit oder Teilzeit | Befristung auf zunächst 3 Jahre | Perspektive auf langfristige Beschäftigung | Vergütung je nach …",53.85554,5809665650,eyJhbGciOiJIUzI1NiJ9.eyJpIjoiNTgwOTY2NTY1MCIsInMiOiI0aHowejVDZjhSR2ZRcG9oZ2xIb2F3In0.IOlWLrYqzjzBWr3qzZcAELyrUD1HO7zXSxKIdY3Bd_w,Adzuna::API::Response::Job,"{'display_name': 'St. Jürgen, Lübeck', '__CLASS__': 'Adzuna::API::Response::Location', 'area': ['Deutschland', 'Schleswig-Holstein', 'Lübeck', 'St. Jürgen']}",,,,
"{'tag': 'part-time-jobs', '__CLASS__': 'Adzuna::API::Response::Category', 'label': 'Teilzeitstellen'}",8.78967,0,Duales Bachelorstudium Softwaretechnologie Data Science (B.Sc.) - Marburg,2026-06-17T13:17:48Z,https://www.adzuna.de/land/ad/5766706297?se=4hz0z5Cf8RGfQpohglHoaw&utm_medium=api&utm_source=a4bcf954&v=65F8763346210AA5E6A022222F57416BDAB2FB5A,"{'__CLASS__': 'Adzuna::API::Response::Company', 'display_name': 'Siemens Healthineers AG'}","Dein Berufsbild: Du magst Mathe und möchtest später etwas mit Daten machen? Dich faszinieren datengestützte Tools, wie ChatGPT, und du kennst deren große Chance für die Zukunft? Dann bewirb dich für das duale Studium B. Sc. Softwaretechnologie - Data Science und entdecke mit uns, wie wir die Welt der Labordiagnostik durch datenbasierte Entscheidungen verändern können. Daten sind eines der Fundamente, damit Unternehmen bestmögliche Entscheidungen treffen können. Im Studiengang B. Sc. Softwaretec…",50.804953,5766706297,eyJhbGciOiJIUzI1NiJ9.eyJpIjoiNTc2NjcwNjI5NyIsInMiOiI0aHowejVDZjhSR2ZRcG9oZ2xIb2F3In0.4-wxN7TDBTxxcwlZ-LGgJpZwNuZIMdoXskahsxw_hDo,Adzuna::API::Response::Job,"{'area': ['Deutschland', 'Hessen', 'Marburg-Biedenkopf (Kreis)', 'Marburg'], '__CLASS__': 'Adzuna::API::Response::Location', 'display_name': 'Marburg, Marburg-Biedenkopf (Kreis)'}",,,,
"{'tag': 'part-time-jobs', 'label': 'Teilzeitstellen', '__CLASS__': 'Adzuna::API::Response::Category'}",9.72719,0,DHBW Studium - Data Science und Künstliche Intelligenz (B.Sc.),2026-07-22T03:13:54Z,https://www.adzuna.de/land/ad/5810169631?se=4hz0z5Cf8RGfQpohglHoaw&utm_medium=api&utm_source=a4bcf954&v=14D552709EE1F41D06854371D5A212D32BB9173B,"{'__CLASS__': 'Adzuna::API::Response::Company', 'display_name': 'Liebherr Firmengruppe'}",Die Liebherr-Werk Ehingen GmbH zählt zu den weltweit führenden Herstellern von Fahrzeugkranen. Das Programm umfasst Teleskop- und Gittermastkrane auf Mobil- und Raupenfahrwerken. Seit der Gründung wurde die Produktionsstätte und ihre Kapazität kontinuierlich erweitert. Heute werden täglich sechs Fahrzeugkrane aus Ehingen in die ganze Welt geliefert. Mitarbeit an innovativen Projekten im Bereich Data Science und Künstliche Intelligenz Analyse und Auswertung großer Datenmengen zur Optimierung von…,48.28207,5810169631,eyJhbGciOiJIUzI1NiJ9.eyJpIjoiNTgxMDE2OTYzMSIsInMiOiI0aHowejVDZjhSR2ZRcG9oZ2xIb2F3In0.63ADPjDWh31XXpWRfJnJR95aWol8vdrg8jpeY7XeilA,Adzuna::API::Response::Job,"{'display_name': 'Ehingen (Donau), Alb-Donau-Kreis', '__CLASS__': 'Adzuna::API::Response::Location', 'area': ['Deutschland', 'Baden-Württemberg', 'Alb-Donau-Kreis', 'Ehingen (Donau)']}",,,,
"{'label': 'Stellen aus Wissenschaft & Qualitätssicherung', '__CLASS__': 'Adzuna::API::Response::Category', 'tag': 'scientific-qa-jobs'}",9.987297,0,IT Consultant - SAP Fiori / ABAP / User Experience / CDS Views (m/w/d),2026-08-15T21:57:39Z,https://www.adzuna.de/land/ad/5843386345?se=4hz0z5Cf8RGfQpohglHoaw&utm_medium=api&utm_source=a4bcf954&v=99E3C16DB05D881FE35AA66DF07F627BCDBAC33A,"{'display_name': 'Cimt ag', '__CLASS__': 'Adzuna::API::Response::Company'}","Wir sind ein branchenübergreifendes IT-Beratungsunternehmen. Mit mehr als 250 Mitarbeitern entwickeln wir innovative Software, moderne IT-Konzepte und zeitgemäße Systemarchitekturen. Schwerpunkte unserer Dienstleistungen: Data Science von der Business Analyse bis zu Visualisierungen und SAP-Beratung vom Betrieb bis zur Applikationsentwicklung. Dabei gehören Cloud Technologien ebenso wie moderne DevOps Technologien zu unserem Alltag sowie Entwicklung mittels ABAP und Java. Aufgaben Du unterstütz…",53.557429,5843386345,eyJhbGciOiJIUzI1NiJ9.eyJpIjoiNTg0MzM4NjM0NSIsInMiOiI0aHowejVDZjhSR2ZRcG9oZ2xIb2F3In0.YIkfQJ7JUppUd43ojWeKlDX82AcUPjOvJIk66o1ZsxQ,Adzuna::API::Response::Job,"{'__CLASS__': 'Adzuna::API::Response::Location', 'area': ['Deutschland', 'Hamburg'], 'display_name': 'Hamburg, Deutschland'}",,,,
"{'tag': 'consultancy-jobs', '__CLASS__': 'Adzuna::API::Response::Category', 'label': 'Beraterstellen'}",,0,Abteilungsleiter Künstliche Intelligenz (m/w/d) in Direktvermittlung,2026-08-20T12:11:21Z,https://www.adzuna.de/land/ad/5849511077?se=4hz0z5Cf8RGfQpohglHoaw&utm_medium=api&utm_source=a4bcf954&v=3C965E9F90AC2E8BDC54F56A76B09FAF1D5BFACF,"{'display_name': 'FERCHAU – Connecting People and Technologies', '__CLASS__': 'Adzuna::API::Response::Company'}","Unser Partner zählt mit über 1.000 Kunden deutschlandweit zu den führenden Softwareanbietern für den Psychotherapie- und Gesundheitsmarkt und hat sich in mehr als 25 Jahren als Hidden Champion seines Segments etabliert. Die Lösungen des Unternehmens unterstützen täglich Therapeutinnen und Therapeuten bei Dokumentation, Terminverwaltung und Praxisorganisation. Gleichzeitig treiben sie die Entwicklung moderner KI-Lösungen voran, die administrative Prozesse automatisieren und dadurch wertvolle Zei…",,5849511077,eyJhbGciOiJIUzI1NiJ9.eyJpIjoiNTg0OTUxMTA3NyIsInMiOiI0aHowejVDZjhSR2ZRcG9oZ2xIb2F3In0.RPDWJf3SAlb4BCnRRNSG2yvvZNDTH0byuS2LOLhkvhg,Adzuna::API::Response::Job,"{'__CLASS__': 'Adzuna::API::Response::Location', 'area': ['Deutschland'], 'display_name': 'Deutschland'}",,,,
"{'label': 'Unknown', '__CLASS__': 'Adzuna::API::Response::Category', 'tag': 'unknown'}",9.856945,0,Duales Studium Informatik Schwerpunkt Data Science / Künstliche Intelligenz in Kooperation mit der Dualen Hochschule Baden-Württemberg 2027 (m/w/d/x),2026-08-12T01:57:24Z,https://www.adzuna.de/land/ad/5837425240?se=4hz0z5Cf8RGfQpohglHoaw&utm_medium=api&utm_source=a4bcf954&v=708D788A123FA692DB4C766317BE0AACA450EDB3,"{'__CLASS__': 'Adzuna::API::Response::Company', 'display_name': 'Mercedes-Benz Tech Innovation'}","Life is always about becoming… Im Leben geht es darum, sich auf eine Reise zu begeben, um die beste Version unseres zukünftigen Selbst zu werden. Während wir Neues entdecken, stellen wir uns Herausforderungen, meistern sie und wachsen über uns hinaus. Bewerben Sie sich bei Mercedes-Benz und finden Sie den Aufgabenbereich, in dem Sie Ihre Talente individuell entfalten können. Dabei werden Sie von visionären Kolleginnen und Kollegen unterstützt, die Ihren Pioniergeist teilen. Bei uns einzusteigen…",48.383137,5837425240,eyJhbGciOiJIUzI1NiJ9.eyJzIjoiNGh6MHo1Q2Y4UkdmUXBvaGdsSG9hdyIsImkiOiI1ODM3NDI1MjQwIn0.o5CqIbaEK4BNcL-lQWFgBUX41T7O9g_vkW0iCAs0xWI,Adzuna::API::Response::Job,"{'display_name': 'Ulm, Baden-Württemberg', 'area': ['Deutschland', 'Baden-Württemberg', 'Ulm'], '__CLASS__': 'Adzuna::API::Response::Location'}",,,,
"{'label': 'Unknown', '__CLASS__': 'Adzuna::API::Response::Category', 'tag': 'unknown'}",,0,Duales Studium - Data Science & Künstliche Intelligenz (B. Sc.) - 2027,2026-08-19T17:25:04Z,https://www.adzuna.de/land/ad/5848385396?se=4hz0z5Cf8RGfQpohglHoaw&utm_medium=api&utm_source=a4bcf954&v=721AFC4F7F9A53FC0F745A4E94D83AE5B77EA460,"{'__CLASS__': 'Adzuna::API::Response::Company', 'display_name': 'BSH Hausgeräte Gruppe'}","Wir begleiten dich auf dem Weg zum Traumberuf. Als führender Hausgerätehersteller in Europa bilden wir junge Menschen in Berufen aus, die zu ihnen passen und sie erfüllen. Mit unserem Portfolio an Marken – unter anderem Bosch, Siemens, Gaggenau und Neff – bieten wir Nachwuchskräften spannende Aufgaben und die Möglichkeit, von Anfang an Verantwortung zu übernehmen. Ob im Bereich Klimaschutz, Innovation oder Fairness – wir setzen uns gemeinsam mit dir für eine nachhaltige Zukunft ein. Spannende L…",,5848385396,eyJhbGciOiJIUzI1NiJ9.eyJzIjoiNGh6MHo1Q2Y4UkdmUXBvaGdsSG9hdyIsImkiOiI1ODQ4Mzg1Mzk2In0.m8aqiW_CfxhPeHcESGE1pC2VCtFS8EvmkQkZ7O-9FxQ,Adzuna::API::Response::Job,"{'area': ['Deutschland'], '__CLASS__': 'Adzuna::API::Response::Location', 'display_name': 'Deutschland'}",,,,
"{'label': 'Teilzeitstellen', '__CLASS__': 'Adzuna::API::Response::Category', 'tag': 'part-time-jobs'}",10.786696,0,"Duales Studium Data Science&KI, Bachelor of Science, 2027",2026-06-03T11:39:06Z,https://www.adzuna.de/land/ad/5750391844?se=4hz0z5Cf8RGfQpohglHoaw&utm_medium=api&utm_source=a4bcf954&v=14922F225E74ED6DCC20A0AAA1A211B5D2C6A077,"{'__CLASS__': 'Adzuna::API::Response::Company', 'display_name': 'dx.one GmbH - A Volkswagen Group Company'}",Auf einen Blick Studiengang: Data Science&KI Studienort: Duale Hochschule Baden-Württemberg Mannheim Studienbeginn: 1. Oktober 2027 (Wintersemester) Studiendauer: 3 Jahre Abschluss: Bachelor of Science (B.Sc.) Informationen unter: DHBW Data Science&KI Inhalte des dualen Studiums Du wolltest schon immer neues Wissen aus Daten gewinnen und innovative Anwendungen und Geschäftsmodelle kreieren? Dann ist dieses duale Studium genau das richtige für dich. In dem Studiengang Data Science&Künstliche Int…,52.41453,5750391844,eyJhbGciOiJIUzI1NiJ9.eyJpIjoiNTc1MDM5MTg0NCIsInMiOiI0aHowejVDZjhSR2ZRcG9oZ2xIb2F3In0.mn1pa7MVUBCTtncNa5ARUhBuZqioC-ZpUNn46jiStF8,Adzuna::API::Response::Job,"{'area': ['Deutschland', 'Niedersachsen', 'Wolfsburg'], '__CLASS__': 'Adzuna::API::Response::Location', 'display_name': 'Wolfsburg, Niedersachsen'}",,,,
"{'label': 'Teilzeitstellen', '__CLASS__': 'Adzuna::API::Response::Category', 'tag': 'part-time-jobs'}",9.14057,0,Duales Studium Data Science und Künstliche Intelligenz (m/w/d),2026-07-11T14:28:10Z,https://www.adzuna.de/land/ad/5796938261?se=4hz0z5Cf8RGfQpohglHoaw&utm_medium=api&utm_source=a4bcf954&v=089EA4546C4AF9A0E531A797F84B8055EF6B43A5,"{'display_name': 'Deutsche Telekom AG, Telekom Ausbildung', '__CLASS__': 'Adzuna::API::Response::Company'}","In unserem dualen Studiengang Bachelor of Science in Data Science und Künstliche Intelligenz lernst du fundierte Inhalte der Informatik und erhältst gleichzeitig Einblicke in die KI, das maschinelle Lernen und Big Data. In den 3 Jahren Studium bist du pro Semester ca. 12 Wochen an der Dualen Hochschule Baden-Württemberg in Stuttgart und die restliche Zeit in deiner Telekom-Abteilung eingesetzt. Während deiner Studien- und Praxisphasen erwarten dich u. a.: Mathematik und Statistik Informatik und…",48.69447,5796938261,eyJhbGciOiJIUzI1NiJ9.eyJzIjoiNGh6MHo1Q2Y4UkdmUXBvaGdsSG9hdyIsImkiOiI1Nzk2OTM4MjYxIn0.jay_cH_7-GpHLBZuwJ1gT0ioJzVC1IJkIqS1XilGvUU,Adzuna::API::Response::Job,"{'area': ['Deutschland', 'Baden-Württemberg', 'Esslingen (Kreis)', 'Leinfelden-Echterdingen'], '__CLASS__': 'Adzuna::API::Response::Location', 'display_name': 'Leinfelden-Echterdingen, Esslingen (Kreis)'}",,,,
"{'__CLASS__': 'Adzuna::API::Response::Category', 'label': 'Teilzeitstellen', 'tag': 'part-time-jobs'}",8.20531,0,"Duales Studium Softwaretechnologie – Fachrichtung Data Science, Künstliche Intelligenz oder Software",2026-07-15T14:41:15Z,https://www.adzuna.de/land/ad/5801157277?se=-Gce0ZCf8RGN7ZqTax28uQ&utm_medium=api&utm_source=a4bcf954&v=B44D2D5110E63AE4E03B7A1395CAD02844C36F87,"{'__CLASS__': 'Adzuna::API::Response::Company', 'display_name': 'Loh Services GmbH&Co. KG'}","Gemeinsam bewegen wir mehr. Nutze unsere vielfältigen Einsatzmöglichkeiten und beginne am 9. Juli 2027 Dein duales Studium in der Friedhelm Loh Group. Aufgaben Duales Bachelor Studium im Bereich Softwaretechnologie für die Fachrichtungen Data Science, Künstliche Intelligenz oder Softwareentwicklung Studiendauer 7 Semester in Kooperation mit der Technischen Hochschule Mittelhessen Reale Projekte und abwechslungsreiche Praxisphasen in verschiedenen Einsatzgebieten z. B. IT, Produktion, Forschung …",50.74164,5801157277,eyJhbGciOiJIUzI1NiJ9.eyJpIjoiNTgwMTE1NzI3NyIsInMiOiItR2NlMFpDZjhSR043WnFUYXgyOHVRIn0.ygoaktP8k4BHIng-F5UdRKm4qqQH5gsZkESfMOgahxQ,Adzuna::API::Response::Job,"{'__CLASS__': 'Adzuna::API::Response::Location', 'display_name': 'Haiger, Lahn-Dill-Kreis', 'area': ['Deutschland', 'Hessen', 'Lahn-Dill-Kreis', 'Haiger']}",,,,
"{'label': 'Teilzeitstellen', '__CLASS__': 'Adzuna::API::Response::Category', 'tag': 'part-time-jobs'}",8.412378,0,Duales Studium Data Science und Künstliche Intelligenz (B. Sc.) 2027,2026-06-18T01:08:56Z,https://www.adzuna.de/land/ad/5767328954?se=-Gce0ZCf8RGN7ZqTax28uQ&utm_medium=api&utm_source=a4bcf954&v=D34C0F62A465DBD30DF42A788AD7309BCF9FF65B,"{'display_name': 'dm-drogerie markt GmbH + Co. KG', '__CLASS__': 'Adzuna::API::Response::Company'}","Bei dm und dmTECH sind wir der Überzeugung, dass die Digitalisierung unsere Welt und unser Kaufverhalten verändert. Dabei spielt künstliche Intelligenz eine wichtige Rolle. Schon heute setzen wir auf modernste Technologien, um intelligente Lösungen zu entwickeln. Hierfür suchen wir lösungsorientierte Persönlichkeiten mit analytischem und mathematischem Denkvermögen sowie Leidenschaft für innovative Technologien. Das klingt nach Dir? Dann lass uns gemeinsam handeln – mit Deinem dualen Studium Da…",49.001249,5767328954,eyJhbGciOiJIUzI1NiJ9.eyJzIjoiLUdjZTBaQ2Y4UkdON1pxVGF4Mjh1USIsImkiOiI1NzY3MzI4OTU0In0.GgBTU8lleoeRb66O5lFJyDviam_YsgEWj9aRlEkXrw4,Adzuna::API::Response::Job,"{'__CLASS__': 'Adzuna::API::Response::Location', 'area': ['Deutschland', 'Baden-Württemberg', 'Karlsruhe (Kreis)', 'Karlsruhe'], 'display_name': 'Karlsruhe, Karlsruhe (Kreis)'}",,,,
"{'tag': 'unknown', 'label': 'Unknown', '__CLASS__': 'Adzuna::API::Response::Category'}",9.202888,0,PreMaster im Bereich Hyperautomation & AI-Agenten bei ME/LOI2 (w/m/div.),2026-08-21T23:13:07Z,https://www.adzuna.de/land/ad/5851442429?se=-Gce0ZCf8RGN7ZqTax28uQ&utm_medium=api&utm_source=a4bcf954&v=18F51B61F16CD734A07F42AC2DED0641FC63F531,"{'display_name': 'Bosch Gruppe', '__CLASS__': 'Adzuna::API::Response::Company'}","Möchten Sie Ihre Ideen in nutzbringende und sinnvolle Technologien verwandeln? Ob im Bereich Mobility Solutions, Consumer Goods, Industrial Technology oder Energy and Building Technology - mit uns verbessern Sie die Lebensqualität der Menschen auf der ganzen Welt. Willkommen bei Bosch. Die Robert Bosch GmbH freut sich auf Ihre Bewerbung! Anstellungsart: Befristet Arbeitszeit: Vollzeit Arbeitsort: Reutlingen Aufgaben Als PreMaster arbeitest du in einem internationalen Innovationsteam, baust inte…",48.506053,5851442429,eyJhbGciOiJIUzI1NiJ9.eyJzIjoiLUdjZTBaQ2Y4UkdON1pxVGF4Mjh1USIsImkiOiI1ODUxNDQyNDI5In0.F5Quz170c6CtuyTRyi1uH0Xci72fK0Me4iT1zbepnCg,Adzuna::API::Response::Job,"{'__CLASS__': 'Adzuna::API::Response::Location', 'display_name': 'Reutlingen, Reutlingen (Kreis)', 'area': ['Deutschland', 'Baden-Württemberg', 'Reutlingen (Kreis)', 'Reutlingen']}",,,,
"{'__CLASS__': 'Adzuna::API::Response::Category', 'label': 'Unknown', 'tag': 'unknown'}",10.406345,0,Experte Datenmanagement und Reporting (m/w/d),2026-08-06T15:53:45Z,https://www.adzuna.de/land/ad/5830515643?se=-Gce0ZCf8RGN7ZqTax28uQ&utm_medium=api&utm_source=a4bcf954&v=BBA85AADF6E51FB0475B5FF2F624A5F16C6EA78F,"{'display_name': 'Landeskrankenhilfe V.V.a.G.', '__CLASS__': 'Adzuna::API::Response::Company'}","Die Landeskrankenhilfe (LKH) zählt zu den größeren privaten Krankenversicherungen in Deutschland. Mehr als 570 Mitarbeiter*innen sind für unsere rund 320.000 Kunden da. Im Rahmen des Wandels zu einem modernen Gesundheitsdienstleister stehen wir für innovative Arbeitsweisen und eine kulturelle Neuausrichtung der LKH. Diesen spannenden Weg gehen wir gemeinsam mit unseren Mitarbeiter*innen und mit weiteren Expert*innen, wie Ihnen. Aufgaben Aufbau eines zentralen Data Warehouse für sämtliche Untern…",53.24252,5830515643,eyJhbGciOiJIUzI1NiJ9.eyJpIjoiNTgzMDUxNTY0MyIsInMiOiItR2NlMFpDZjhSR043WnFUYXgyOHVRIn0.Qn9V7QsNKt_lL6t6yHlPP0-QW5DqwuanXydFfO6xrkg,Adzuna::API::Response::Job,"{'__CLASS__': 'Adzuna::API::Response::Location', 'area': ['Deutschland', 'Niedersachsen', 'Lüneburg (Kreis)', 'Lüneburg'], 'display_name': 'Lüneburg, Lüneburg (Kreis)'}",,,,
"{'tag': 'unknown', 'label': 'Unknown', '__CLASS__': 'Adzuna::API::Response::Category'}",9.73965,0,Werkstudent Data Science / Digital Maintenance Solutions (all genders),2026-06-10T06:37:26Z,https://www.adzuna.de/details/5758056563?utm_medium=api&utm_source=a4bcf954,{'__CLASS__': 'Adzuna::API::Response::Company'},"Wir sind über 13.000. An 20 Standorten weltweit. Jedes dritte Flugzeug fliegt mit unserer Technologie. Immer effizienter, leiser, nachhaltiger. Wir gestalten die Zukunft der Luftfahrt. Was wir noch brauchen? Dich. Du hast Lust mit Daten, Algorithmen und im komplexen Feld der Luftfahrt zu arbeiten? Du willst dich bei der Entwicklung digitaler Produkte für die Triebwerkswartung einbringen? Starke Aufgaben Unterstützung des Fachbereichs bei der Vorbereitung, Strukturierung und Umsetzung von Projek…",52.44731,5758056563,eyJhbGciOiJIUzI1NiJ9.eyJzIjoiLUdjZTBaQ2Y4UkdON1pxVGF4Mjh1USIsImkiOiI1NzU4MDU2NTYzIn0.Q7XjvzrZGtseeCOweABwErFLnHKC8DfqRGMML_CrYrw,Adzuna::API::Response::Job,"{'__CLASS__': 'Adzuna::API::Response::Location', 'area': ['Deutschland', 'Niedersachsen', 'Region Hannover (Kreis)', 'Langenhagen'], 'display_name': 'Langenhagen, Region Hannover (Kreis)'}",,,,
"{'tag': 'unknown', 'label': 'Unknown', '__CLASS__': 'Adzuna::API::Response::Category'}",7.97904,0,Werkstudent Controlling (m/w/d),2026-08-15T16:57:37Z,https://www.adzuna.de/land/ad/5843150542?se=-Gce0ZCf8RGN7ZqTax28uQ&utm_medium=api&utm_source=a4bcf954&v=0673C87EB4019CD2A48E3925C2076A31830C6D1E,"{'display_name': 'GEA Tuchenhagen GmbH', '__CLASS__': 'Adzuna::API::Response::Company'}","GEA ist weltweit einer der größten Systemanbieter für die Nahrungsmittel-, Getränke[1]und Pharmaindustrie. Der 1881 gegründete und international tätige Technologiekonzern fokussiert sich dabei auf Maschinen und Anlagen sowie auf anspruchsvolle Prozesstechnik, Komponenten und umfassende Servicedienstleistungen. Mit mehr als 18.000 Beschäftigten erwirtschaftete GEA im Geschäftsjahr 2024 in über 150 Ländern einen Umsatz von rund 5,4 Mrd. EUR. Aufgaben Unterstützung des Teams beim Aufbau und der ko…",50.9371,5843150542,eyJhbGciOiJIUzI1NiJ9.eyJzIjoiLUdjZTBaQ2Y4UkdON1pxVGF4Mjh1USIsImkiOiI1ODQzMTUwNTQyIn0.fBTTRTNgE6H_J5Ar3os3H-TfujXfMdrcbyZdarTrF0U,Adzuna::API::Response::Job,"{'display_name': 'Buchen, Siegen', 'area': ['Deutschland', 'Nordrhein-Westfalen', 'Siegen-Wittgenstein (Kreis)', 'Siegen', 'Buchen'], '__CLASS__': 'Adzuna::API::Response::Location'}",,,,
"{'tag': 'other-general-jobs', 'label': 'Sonstige/Allgemeine Stellen', '__CLASS__': 'Adzuna::API::Response::Category'}",9.187224,0,(Senior) Risk Manager (m/w/d) Modeling & Data Science - Fokus Retail Credit Risk,2026-07-23T00:48:33Z,https://www.adzuna.de/land/ad/5811453477?se=-Gce0ZCf8RGN7ZqTax28uQ&utm_medium=api&utm_source=a4bcf954&v=A941201519F735C9B8A3B22DA1F7FE671E964088,"{'display_name': 'Creditplus Bank AG', '__CLASS__': 'Adzuna::API::Response::Company'}","Wir machen Wünsche machbar – unsere Mission ist es, das Leben unserer Kund:innen zu bereichern und mit unseren Finanzdienstleistungen Träume zu verwirklichen. Wir verstehen uns nicht als typische Bank, sondern als lebendige Gemeinschaft von Gestalter:innen, die keine Angst davor haben, neue Wege zu gehen. Dabei setzen wir uns alle auch noch für Themen mit Impact wie Nachhaltigkeit und Digitalisierung ein – ob in unserer Zentrale in Stuttgart, an unserem Standort in Offenbach oder deutschlandwei…",48.776198,5811453477,eyJhbGciOiJIUzI1NiJ9.eyJpIjoiNTgxMTQ1MzQ3NyIsInMiOiItR2NlMFpDZjhSR043WnFUYXgyOHVRIn0.6f6lqTT5QTIfskIFgNTgLSrY6hqESUDf_UwYprHiIrM,Adzuna::API::Response::Job,"{'area': ['Deutschland', 'Baden-Württemberg', 'Stuttgart'], 'display_name': 'Stuttgart, Baden-Württemberg', '__CLASS__': 'Adzuna::API::Response::Location'}",,,,
"{'tag': 'it-jobs', 'label': 'IT-Stellen', '__CLASS__': 'Adzuna::API::Response::Category'}",,0,Duales Studium Data Science und Künstliche Intelligenz 2027 (m/w/d),2026-08-19T17:24:28Z,https://www.adzuna.de/land/ad/5848382814?se=-Gce0ZCf8RGN7ZqTax28uQ&utm_medium=api&utm_source=a4bcf954&v=4ED871CCBA7735E2E0448CB6636C3CDB4ED002F9,"{'__CLASS__': 'Adzuna::API::Response::Company', 'display_name': 'Schwarz Digits'}","Als weltweit agierendes Unternehmen benötigen wir eine IT-Landschaft, die jederzeit reibungslos funktioniert, sich stets auf dem neuesten Stand der Technik befindet und sich an den Bedürfnissen unserer Kunden innerhalb der Unternehmen der Schwarz Gruppe orientiert. An der Schnittstelle zwischen Daten und IT erarbeiten wir tragfähige Lösungen, die maßgeblich und sichtbar zu unserem Erfolg beitragen. {Studienbeginn:} 01.09.2027 mit dem Begrüßungsmonat {Studiendauer:} 3 Jahre {Studiendauer:} 01.10…",,5848382814,eyJhbGciOiJIUzI1NiJ9.eyJpIjoiNTg0ODM4MjgxNCIsInMiOiItR2NlMFpDZjhSR043WnFUYXgyOHVRIn0.Ukm--QMdvWnGR7FuoYM6r46HCX0jUo7jwHuHB1_cHIM,Adzuna::API::Response::Job,"{'display_name': 'Deutschland', 'area': ['Deutschland'], '__CLASS__': 'Adzuna::API::Response::Location'}",,,,
"{'tag': 'part-time-jobs', '__CLASS__': 'Adzuna::API::Response::Category', 'label': 'Teilzeitstellen'}",8.650578,0,Duales Studium Data Science und Künstliche Intelligenz 2027 (w/m/d),2026-07-15T14:41:15Z,https://www.adzuna.de/land/ad/5801157289?se=-Gce0ZCf8RGN7ZqTax28uQ&utm_medium=api&utm_source=a4bcf954&v=AB65D418D9741FB4641CCD6A5D8614BDC910BDBA,"{'__CLASS__': 'Adzuna::API::Response::Company', 'display_name': 'Deutsche Bahn AG'}","Wir sind die Deutsche Bahn. Millionen Fahrgäste sind jeden Tag mit uns unterwegs und wir transportieren enorme Gütermengen – deutschlandweit sowie im angrenzenden Europa. Zu oft enttäuschen wir auch. Deshalb arbeiten wir mit Hochdruck an einer besseren Bahn. Dafür brauchen wir Power und dich! Wir sind eine der vielfältigsten Arbeitgeber:innen Deutschlands. Jedes Jahr suchen wir rund 500 Dual Studierende in 25 verschiedenen Studiengängen, die gemeinsam mit uns die Bahn Tag für Tag ein Stück bess…",50.129683,5801157289,eyJhbGciOiJIUzI1NiJ9.eyJzIjoiLUdjZTBaQ2Y4UkdON1pxVGF4Mjh1USIsImkiOiI1ODAxMTU3Mjg5In0.7-DlPNjcT1bNGgmlCh8MPUce27t6yo77xLh24EgAhTM,Adzuna::API::Response::Job,"{'__CLASS__': 'Adzuna::API::Response::Location', 'area': ['Deutschland', 'Hessen', 'Frankfurt am Main'], 'display_name': 'Frankfurt am Main, Hessen'}",,,,
"{'label': 'Teilzeitstellen', '__CLASS__': 'Adzuna::API::Response::Category', 'tag': 'part-time-jobs'}",11.555737,0,Dualer Student (m/w/d) - Data Science&Scientific Computing Bachelor,2026-06-03T11:34:00Z,https://www.adzuna.de/land/ad/5750360385?se=-Gce0ZCf8RGN7ZqTax28uQ&utm_medium=api&utm_source=a4bcf954&v=D0DF4373E4704CC85E24991C16B79454A4AE637D,"{'display_name': 'ASMPT GmbH&Co. KG', '__CLASS__': 'Adzuna::API::Response::Company'}","Willkommen bei ASMPT. Hier bist du auf dem direkten Weg in das digitale Zeitalter. Mit 12.000 Mitarbeitenden weltweit sind wir technologischer Prozesspartner für die Elektronikindustrie und brennen für innovative Automatisierungsstrategien am Puls der Zeit. Mit unseren smarten Lösungen fordern unsere passionierten Teams den technischen Status quo immer wieder heraus und setzen so neue Maßstäbe für die Fertigung von Smartphones, Computern, Netzwerken, autonomen Fahrzeugen, intelligenten Maschine…",48.137418,5750360385,eyJhbGciOiJIUzI1NiJ9.eyJzIjoiLUdjZTBaQ2Y4UkdON1pxVGF4Mjh1USIsImkiOiI1NzUwMzYwMzg1In0.2YYjTKJxtBYJhYfbdIUFAJkCjAW4HxEZYiE7s4IQb_o,Adzuna::API::Response::Job,"{'display_name': 'München, München (Kreis)', 'area': ['Deutschland', 'Bayern', 'München (Kreis)', 'München'], '__CLASS__': 'Adzuna::API::Response::Location'}",,,,
"{'tag': 'part-time-jobs', 'label': 'Teilzeitstellen', '__CLASS__': 'Adzuna::API::Response::Category'}",10.984506,0,Duales Bachelorstudium Data Science in Technik und Wirtschaft (B.Eng.) - Erlangen/Forchheim,2026-06-17T13:17:48Z,https://www.adzuna.de/land/ad/5766706265?se=-Gce0ZCf8RGN7ZqTax28uQ&utm_medium=api&utm_source=a4bcf954&v=66F0723CBAA37A63EAA8BB4C63A95584B42DD6A8,"{'__CLASS__': 'Adzuna::API::Response::Company', 'display_name': 'Siemens Healthineers AG'}","Dein Berufsbild: Du magst Mathe und möchtest später etwas mit Daten machen? Dich faszinieren datengestützte Tools, wie ChatGPT, und du kennst deren große Chance für die Zukunft? Dann bewirb dich für das duale Studium B.Eng. Data Science in Technik und Wirtschaft und entdecke mit uns, wie wir die Welt der Medizintechnik durch datenbasierte Entscheidungen verändern können. Daten sind eines der Fundamente, damit Unternehmen bestmögliche Entscheidungen treffen können. Im Studiengang B.Eng. Data Sci…",49.577521,5766706265,eyJhbGciOiJIUzI1NiJ9.eyJzIjoiLUdjZTBaQ2Y4UkdON1pxVGF4Mjh1USIsImkiOiI1NzY2NzA2MjY1In0.xOWrWwtD--DAchPHog7Fge7tkC9mBx4VWzZBDRq9SDw,Adzuna::API::Response::Job,"{'__CLASS__': 'Adzuna::API::Response::Location', 'display_name': 'Erlangen, Bayern', 'area': ['Deutschland', 'Bayern', 'Erlangen']}",,,,
"{'label': 'Teilzeitstellen', '__CLASS__': 'Adzuna::API::Response::Category', 'tag': 'part-time-jobs'}",9.18451,0,Bachelor of Science (m/w/d) - Wirtschaftsinformatik - Studiengang Data Science,2026-08-08T03:23:59Z,https://www.adzuna.de/land/ad/5832776687?se=-Gce0ZCf8RGN7ZqTax28uQ&utm_medium=api&utm_source=a4bcf954&v=B048BAB14F2B599EF6B19CE9D6FA57163346BE2E,"{'display_name': 'Wüstenrot&Württembergische-Gruppe', '__CLASS__': 'Adzuna::API::Response::Company'}","Inhalte und Aufgaben Ein praxisorientiertes Studium in Verbindung mit der Duale Hochschule Baden-Württemberg in Stuttgart, bei dem Sie die theoretischen Studieninhalte direkt on the job anwenden können Softwareentwicklung mit Open Source/Java, Pega, SAP oder SAS: Wir machen Sie fit für die digitalen Anforderungen der Zukunft Server, Netze und Datenbanken sind Ihre neuen Tools, die Sie verstehen und einzusetzen lernen Agile Arbeitsmethoden, Business-Analyse. Data Science, UI/UX-Design bis hin zu…",48.86157,5832776687,eyJhbGciOiJIUzI1NiJ9.eyJpIjoiNTgzMjc3NjY4NyIsInMiOiItR2NlMFpDZjhSR043WnFUYXgyOHVRIn0.HKZVEqtLvaMKReVDZ_8yuA7PqzC6EivaZ1TeX3gO3eY,Adzuna::API::Response::Job,"{'display_name': 'Kornwestheim, Ludwigsburg (Kreis)', 'area': ['Deutschland', 'Baden-Württemberg', 'Ludwigsburg (Kreis)', 'Kornwestheim'], '__CLASS__': 'Adzuna::API::Response::Location'}",,,,
"{'label': 'Teilzeitstellen', '__CLASS__': 'Adzuna::API::Response::Category', 'tag': 'part-time-jobs'}",9.187224,0,Duales Studium (m/w/d) Wirtschaftsinformatik – Data Science (B.Sc.),2026-08-05T15:16:21Z,https://www.adzuna.de/land/ad/5829089580?se=-Gce0ZCf8RGN7ZqTax28uQ&utm_medium=api&utm_source=a4bcf954&v=A00F86AE86286E156696C5747872944D5BD23D12,"{'__CLASS__': 'Adzuna::API::Response::Company', 'display_name': 'Hallesche Krankenversicherung a. G.'}","Eine Gruppe. Viele Möglichkeiten. Als erfahrenes Versicherungs- und Finanzdienstleistungsunternehmen verbinden wir seit 1819 Wachstum mit Tradition. Rund 3.200 Mitarbeitende sorgen täglich dafür, dass unsere Kundinnen und Kunden bestens abgesichert sind und einen ausgezeichneten Service erhalten. Bei uns erwartet dich ein Arbeitsumfeld voller Offenheit, Teamgeist und Rückhalt. Gemeinsam mit dir formen wir aus unseren individuellen Kompetenzen ein starkes Team: die ALH Gruppe. Erfahre hier mehr …",48.776198,5829089580,eyJhbGciOiJIUzI1NiJ9.eyJpIjoiNTgyOTA4OTU4MCIsInMiOiItR2NlMFpDZjhSR043WnFUYXgyOHVRIn0.KFdzEXjk45Mnnp35fDZzgLRIEjrh8trnId0KUVq_RgY,Adzuna::API::Response::Job,"{'__CLASS__': 'Adzuna::API::Response::Location', 'area': ['Deutschland', 'Baden-Württemberg', 'Stuttgart'], 'display_name': 'Stuttgart, Baden-Württemberg'}",,,,
"{'tag': 'part-time-jobs', 'label': 'Teilzeitstellen', '__CLASS__': 'Adzuna::API::Response::Category'}",8.77577,0,Duales Studium Bachelor of Science - Informatik / Wirtschaftsinformatik / Data Science&KI,2026-08-05T15:16:14Z,https://www.adzuna.de/land/ad/5829088942?se=-Gce0ZCf8RGN7ZqTax28uQ&utm_medium=api&utm_source=a4bcf954&v=FCD429D2C7528585BF56FCAC9F7E98B8E6C756CB,"{'__CLASS__': 'Adzuna::API::Response::Company', 'display_name': 'allsafe GmbH&Co. KG'}","Das bieten wir: - Mitverantwortung im Tagessgeschäft und eigenverantwortliche Umsetzung von Studenten-Projekten - Work-Life-Balance dank flexiblem Arbeitszeitenmodell der VERTRAUENSARBEITSZEIT - Mitwirkung auf unseren Social-Media-Kanälen (Instagram, Facebook, TikTok, Youtube, ) - Kollegialer Umgang und offene Kommunikation mit Kollegen - Arbeiten auf Augenhöhe durch flache Hierarchien im Unternehmen - Kostenloser Kaffee, Tischtennis, Tischkicker, Lese-Ecke, eigenes internes Restaurant, Terrass…",47.85762,5829088942,eyJhbGciOiJIUzI1NiJ9.eyJzIjoiLUdjZTBaQ2Y4UkdON1pxVGF4Mjh1USIsImkiOiI1ODI5MDg4OTQyIn0.yV-cz_vqCJnqXtaix6CwoNv3y8XOEgN14juOSvbLRS4,Adzuna::API::Response::Job,"{'__CLASS__': 'Adzuna::API::Response::Location', 'area': ['Deutschland', 'Baden-Württemberg', 'Konstanz (Kreis)', 'Engen'], 'display_name': 'Engen, Konstanz (Kreis)'}",,,,
"{'tag': 'unknown', 'label': 'Unknown', '__CLASS__': 'Adzuna::API::Response::Category'}",9.21629,0,Duales Studium Wirtschaftsinformatik 2027 Neckarsulm (m/w/d),2026-07-02T19:37:57Z,https://www.adzuna.de/land/ad/5785691611?se=-Gce0ZCf8RGN7ZqTax28uQ&utm_medium=api&utm_source=a4bcf954&v=F6D2D169808DF55DF594E349BED24D0130B66831,"{'display_name': 'Schwarz Digits', '__CLASS__': 'Adzuna::API::Response::Company'}","Als weltweit agierendes Unternehmen benötigen wir eine IT-Landschaft, die jederzeit reibungslos funktioniert, sich stets auf dem neuesten Stand der Technik befindet und sich an den Bedürfnissen unserer Kunden innerhalb den Unternehmen der Schwarz Gruppe orientiert. An der Schnittstelle zwischen BWL und IT erarbeiten wir tragfähige Lösungen, die maßgeblich und sichtbar zu unserem Erfolg beitragen. {Programmbeginn:} 01.09.2027 mit dem Begrüßungsmonat {Studienbeginn:} 01.10.2027 {Studiendauer:} 3 …",49.2291,5785691611,eyJhbGciOiJIUzI1NiJ9.eyJpIjoiNTc4NTY5MTYxMSIsInMiOiItR2NlMFpDZjhSR043WnFUYXgyOHVRIn0.4qdWC0y7GnaGQIO8LMyCkLEbmixESki-_klAjQ7TW5s,Adzuna::API::Response::Job,"{'area': ['Deutschland', 'Baden-Württemberg', 'Heilbronn (Kreis)', 'Bad Friedrichshall'], 'display_name': 'Bad Friedrichshall, Heilbronn (Kreis)', '__CLASS__': 'Adzuna::API::Response::Location'}",,,,
"{'tag': 'unknown', 'label': 'Unknown', '__CLASS__': 'Adzuna::API::Response::Category'}",12.64672,0,SAP Consultant Business Solutions Finance,2026-08-02T16:08:58Z,https://www.adzuna.de/land/ad/5825729256?se=-Gce0ZCf8RGN7ZqTax28uQ&utm_medium=api&utm_source=a4bcf954&v=4FC8FF367AD56F8ACEB8BC219BDE84AEA0A18E5A,"{'__CLASS__': 'Adzuna::API::Response::Company', 'display_name': 'Brückner Group SE'}","Die Brückner Group ist Marktführerin im Engineering von Maschinen und Anlagen für Kunststoffe und alternative Materialien. Wir stehen für die zukunftsfähige Weiterentwicklung des gesamten Marktes. Als Herzstück unseres Erfolgs profitieren unsere Mitarbeitenden von einem internationalen, unterstützenden Arbeitsumfeld mit langfristigen Karrierechancen. Als Unternehmensgruppe bieten wir dir Langfristigkeit, während wir uns stetig weiterentwickeln. Du unterstützt uns dabei, die Zukunft der Kunststo…",47.82315,5825729256,eyJhbGciOiJIUzI1NiJ9.eyJpIjoiNTgyNTcyOTI1NiIsInMiOiItR2NlMFpDZjhSR043WnFUYXgyOHVRIn0.Pk-nwOb57y0PdXF0APSoEACMRRlk91F_R20Rd_LkOV4,Adzuna::API::Response::Job,"{'__CLASS__': 'Adzuna::API::Response::Location', 'area': ['Deutschland', 'Bayern', 'Traunstein (Kreis)', 'Siegsdorf'], 'display_name': 'Siegsdorf, Traunstein (Kreis)'}",,,,
"{'tag': 'accounting-finance-jobs', 'label': 'Stellen aus Buchhaltung & Finanzwesen', '__CLASS__': 'Adzuna::API::Response::Category'}",,0,Duales Studium Data Science & Künstliche Intelligenz B.Sc.,2026-08-19T17:29:18Z,https://www.adzuna.de/land/ad/5848402718?se=-Gce0ZCf8RGN7ZqTax28uQ&utm_medium=api&utm_source=a4bcf954&v=D06863DC7CD0095555F4F023A9C5A1024898867E,"{'__CLASS__': 'Adzuna::API::Response::Company', 'display_name': 'Atruvia AG'}",Wir sind der Digitalisierungspartner in der genossenschaftlichen FinanzGruppe und vereinen jahrzehntelanges Expertenwissen in Banking und Informationstechnologie. Die speziell auf Banken zugeschnittenen IT-Lösungen und Leistungen reichen vom Rechenzentrumsbetrieb über das Bankverfahren von Atruvia bis hin zur App-Entwicklung. Dabei nutzen wir zukunftsweisende Technologien wie Smart Data und schreiben Prozessoptimierung und Regulatorik groß. Gestalte die Zukunft mit KI – Starte dein Duales Studi…,,5848402718,eyJhbGciOiJIUzI1NiJ9.eyJzIjoiLUdjZTBaQ2Y4UkdON1pxVGF4Mjh1USIsImkiOiI1ODQ4NDAyNzE4In0.ltbASVR342C8TREjqTh5aW2dhbmSdp2k0zDHIN41EuU,Adzuna::API::Response::Job,"{'area': ['Deutschland'], 'display_name': 'Deutschland', '__CLASS__': 'Adzuna::API::Response::Location'}",,,,
"{'__CLASS__': 'Adzuna::API::Response::Category', 'label': 'Technikerstellen', 'tag': 'engineering-jobs'}",,0,DHBW Studium - Data Science und Künstliche Intelligenz (B.Sc.),2026-08-19T17:31:21Z,https://www.adzuna.de/land/ad/5848410755?se=-Gce0ZCf8RGN7ZqTax28uQ&utm_medium=api&utm_source=a4bcf954&v=55A380EA9088384B156B522FCA359D563F663951,"{'display_name': 'Liebherr-Werk Ehingen GmbH', '__CLASS__': 'Adzuna::API::Response::Company'}",Die Liebherr-Werk Ehingen GmbH zählt zu den weltweit führenden Herstellern von Fahrzeugkranen. Das Programm umfasst Teleskop- und Gittermastkrane auf Mobil- und Raupenfahrwerken. Seit der Gründung wurde die Produktionsstätte und ihre Kapazität kontinuierlich erweitert. Heute werden täglich sechs Fahrzeugkrane aus Ehingen in die ganze Welt geliefert. DHBW Studium - Data Science und Künstliche Intelligenz (B.Sc.) Job-ID 83588 Original Stellenanzeige auf StepStone.de bit.ly/4w2X7RC CLTRD1_DE,,5848410755,eyJhbGciOiJIUzI1NiJ9.eyJzIjoiLUdjZTBaQ2Y4UkdON1pxVGF4Mjh1USIsImkiOiI1ODQ4NDEwNzU1In0.CkWBO3GhWcKCfbEiT_bT_3sJISe_ND3WJ1azMv3UDbA,Adzuna::API::Response::Job,"{'__CLASS__': 'Adzuna::API::Response::Location', 'display_name': 'Deutschland', 'area': ['Deutschland']}",,,,
"{'tag': 'accounting-finance-jobs', 'label': 'Stellen aus Buchhaltung & Finanzwesen', '__CLASS__': 'Adzuna::API::Response::Category'}",,0,DHBW-Studium Bachelor of Science – Wirtschaftsinformatik Data Science,2026-08-19T17:23:53Z,https://www.adzuna.de/land/ad/5848380581?se=-Gce0ZCf8RGN7ZqTax28uQ&utm_medium=api&utm_source=a4bcf954&v=B6CF060F9699A8ED4BF1347071E4D4B70094A488,"{'display_name': 'WGV - Württembergische Gemeinde-Versicherung a.G.', '__CLASS__': 'Adzuna::API::Response::Company'}",DHBW-Studium Bachelor of Science – Wirt­schafts­informatik Data Science Als starker Arbeitgeber und attrak­tives Aus­bildungs­unter­nehmen bieten wir viel­fältige und spannende Aus­bildungs- und Studien­plätze mit besten Über­nahme­chancen. Bereit für ein echt spannendes und abwechslungsreiches Studium? Wir machen dich fit für deine Zukunft in einer modernen Versicherung. Für den Studienstart am 01.09.2027 in Stuttgart suchen wir aufgeschlossene und motivierte Studierende. Original Stellenanzei…,,5848380581,eyJhbGciOiJIUzI1NiJ9.eyJpIjoiNTg0ODM4MDU4MSIsInMiOiItR2NlMFpDZjhSR043WnFUYXgyOHVRIn0.LH-AvDoDa5EEj_9v9QNnKmNYQCwQdh-RRCQyGmIKmrM,Adzuna::API::Response::Job,"{'area': ['Deutschland'], 'display_name': 'Deutschland', '__CLASS__': 'Adzuna::API::Response::Location'}",,,,
"{'tag': 'healthcare-nursing-jobs', '__CLASS__': 'Adzuna::API::Response::Category', 'label': 'Stellen aus Gesundheitswesen & Pflege'}",,0,Head of AI & Data Science (m/w/d),2026-08-19T17:29:11Z,https://www.adzuna.de/land/ad/5848402113?se=-Gce0ZCf8RGN7ZqTax28uQ&utm_medium=api&utm_source=a4bcf954&v=63CF7415C9F0B77C7B2242F8745EA39C603854BB,"{'display_name': 'Dr. Ausbüttel GmbH & Co. KG', '__CLASS__': 'Adzuna::API::Response::Company'}","Head of AI & Data Science: Tragen Sie dazu bei, Wunden zu heilen, Innovationen zu fördern und Wachstum zu gestalten! Schwer heilende Wunden sind eine enorme Belastung für Patienten, Angehörige und Behandelnde. Machen Sie durch Ihr gestalterisches Mitwirken einen signifikanten Unterschied. Wir entwickeln Produkte und Services, um Wunden bezahlbar zu heilen. Als wachsendes, zukunftsorientiertes inhabergeführtes Familienunternehmen investieren und arbeiten wir mit langfristiger Perspektive statt m…",,5848402113,eyJhbGciOiJIUzI1NiJ9.eyJzIjoiLUdjZTBaQ2Y4UkdON1pxVGF4Mjh1USIsImkiOiI1ODQ4NDAyMTEzIn0.Nlj_nKWH4xTaReCZNYO7WqQxCGrKx8N6xd7KrLvt7Yk,Adzuna::API::Response::Job,"{'__CLASS__': 'Adzuna::API::Response::Location', 'display_name': 'Deutschland', 'area': ['Deutschland']}",,,,
"{'__CLASS__': 'Adzuna::API::Response::Category', 'label': 'IT-Stellen', 'tag': 'it-jobs'}",11.555737,0,Praktikant Data Science im Bereich Engine Health Monitoring (all genders),2026-06-10T06:37:26Z,https://www.adzuna.de/details/5758056589?utm_medium=api&utm_source=a4bcf954,{'__CLASS__': 'Adzuna::API::Response::Company'},"Wir sind über 13.000. An 20 Standorten weltweit. Jedes dritte Flugzeug fliegt mit unserer Technologie. Immer effizienter, leiser, nachhaltiger. Wir gestalten die Zukunft der Luftfahrt. Was wir noch brauchen? Dich. Unser Team in GER | München sucht Dich: Starke Aufgaben Einarbeitung in das bei der MTU verwendete Vorgehen für Engine Trend Monitoring (ETM) Im Rahmen des Praktikums beschäftigen Sie sich mit Themen aus den fol-genden Bereichen: Weiterentwicklung bestehender Machine-Learning Modelle …",48.137418,5758056589,eyJhbGciOiJIUzI1NiJ9.eyJzIjoiLUdjZTBaQ2Y4UkdON1pxVGF4Mjh1USIsImkiOiI1NzU4MDU2NTg5In0.aVU0CILcJUPXHU2BIpxbDISRvaqI6zrhof2nOZQWMmQ,Adzuna::API::Response::Job,"{'__CLASS__': 'Adzuna::API::Response::Location', 'area': ['Deutschland', 'Bayern', 'München (Kreis)', 'München'], 'display_name': 'München, München (Kreis)'}",,,,
"{'tag': 'other-general-jobs', 'label': 'Sonstige/Allgemeine Stellen', '__CLASS__': 'Adzuna::API::Response::Category'}",7.464954,0,Wissenschaftlich Beschäftigte*r Virtual Machining (VM) in der Produktionstechnik (Zerspanung),2026-08-04T20:42:15Z,https://www.adzuna.de/land/ad/5828134708?se=-Gce0ZCf8RGN7ZqTax28uQ&utm_medium=api&utm_source=a4bcf954&v=EEE78462256A43EB1B574B336A9B2F7B44326766,"{'display_name': 'Technische Universität Dortmund', '__CLASS__': 'Adzuna::API::Response::Company'}","Die Technische Universität Dortmund ist eine dynamische forschungsorientierte Universität mit 17 Fakultäten in den Natur- und Ingenieurwissenschaften sowie Gesellschafts- und Kulturwissenschaften. Auf unserem internationalen Campus leisten rund 6.700 Beschäftigte täglich einen Beitrag, um drängende Fragen der Gegenwart und der Zukunft zu lösen. Offenheit und Vielfalt prägen nicht nur das Miteinander in Forschung und Lehre, sondern auch in Technik und Verwaltung. Wissenschaftlich Beschäftigte*r …",51.504967,5828134708,eyJhbGciOiJIUzI1NiJ9.eyJzIjoiLUdjZTBaQ2Y4UkdON1pxVGF4Mjh1USIsImkiOiI1ODI4MTM0NzA4In0.5jFjb9cqMoLkl6VPwGelTWA1AIoDZ95yGgvb_BEh6m4,Adzuna::API::Response::Job,"{'display_name': 'Dortmund, Nordrhein-Westfalen', 'area': ['Deutschland', 'Nordrhein-Westfalen', 'Dortmund'], '__CLASS__': 'Adzuna::API::Response::Location'}",,,,
"{'label': 'Beraterstellen', '__CLASS__': 'Adzuna::API::Response::Category', 'tag': 'consultancy-jobs'}",8.055137,0,Teamlead Artificial Intelligence - MLOps / Machine Learning (m/w/d),2026-07-24T15:02:55Z,https://www.adzuna.de/land/ad/5813842154?se=-Gce0ZCf8RGN7ZqTax28uQ&utm_medium=api&utm_source=a4bcf954&v=150DEB8C82E2383AC553AEC26E7D401A3CFA64C7,"{'display_name': 'ADI Solutions GmbH', '__CLASS__': 'Adzuna::API::Response::Company'}","Die ADI Solutions GmbH steht für moderne Softwareentwicklung – international ausgerichtet. An unseren Standorten in Osnabrück und Venlo sowie gemeinsam mit internationalen Kollegen entwickeln rund 50 Mitarbeitende Lösungen, die weltweit im Einsatz sind – bei über 100 Kunden in mehr als 25 Ländern. Was uns antreibt, ist die Verbindung von Menschen, Ideen und Technologien. Ob ERP mit Microsoft Dynamics 365 Business Central, Business Intelligence, Power Platform, Web-Apps oder KI – wir schaffen Lö…",52.274227,5813842154,eyJhbGciOiJIUzI1NiJ9.eyJpIjoiNTgxMzg0MjE1NCIsInMiOiItR2NlMFpDZjhSR043WnFUYXgyOHVRIn0.q1mSuIXZ61nrfdLMG7KZXrmNtt8fIqEdNnPJ8m7IY78,Adzuna::API::Response::Job,"{'display_name': 'Osnabrück, Osnabrück (Kreis)', 'area': ['Deutschland', 'Niedersachsen', 'Osnabrück (Kreis)', 'Osnabrück'], '__CLASS__': 'Adzuna::API::Response::Location'}",,,,
"{'label': 'Teilzeitstellen', '__CLASS__': 'Adzuna::API::Response::Category', 'tag': 'part-time-jobs'}",10.88109,0,Duales Studium (DHBW) - Data Science und künstliche Intelligenz (d/m/w) 2027,2026-07-14T01:36:59Z,https://www.adzuna.de/land/ad/5799243414?se=-Gce0ZCf8RGN7ZqTax28uQ&utm_medium=api&utm_source=a4bcf954&v=31FD5B2497C9352AD9EC7826D671B164F8108EE9,"{'display_name': 'Schaeffler Technologies AG&Co. KG', '__CLASS__': 'Adzuna::API::Response::Company'}","Du bist technikbegeistert und voller Ideen, mit denen Du die Welt bewegen willst? Dann ist eine Ausbildung oder ein duales Studium bei Schaeffler genau das Richtige für Dich. Ohne unsere Produkte könnten Autos nicht fahren, Maschinen nicht laufen und Flugzeuge nicht fliegen. Als führender Anbieter von Wälzlagern für sämtliche Industrien und wichtiger Partner im internationalen Automobilbau bietet Dir Schaeffler ein hervorragendes Umfeld für Deinen Start in die Berufswelt. Ausbildungsschwerpunkt…",49.56892,5799243414,eyJhbGciOiJIUzI1NiJ9.eyJpIjoiNTc5OTI0MzQxNCIsInMiOiItR2NlMFpDZjhSR043WnFUYXgyOHVRIn0.TKFfI7r9drvZW2GH3SBrY_x7ZOA6TcJy4XUxOvUTwzY,Adzuna::API::Response::Job,"{'__CLASS__': 'Adzuna::API::Response::Location', 'area': ['Deutschland', 'Bayern', 'Erlangen-Höchstadt (Kreis)', 'Herzogenaurach'], 'display_name': 'Herzogenaurach, Erlangen-Höchstadt (Kreis)'}",,,,
"{'label': 'Teilzeitstellen', '__CLASS__': 'Adzuna::API::Response::Category', 'tag': 'part-time-jobs'}",9.37738,0,Duales Studium - Wirtschaftsinformatik Data Science (B. Sc. m/w/d) 2027,2026-06-18T01:08:56Z,https://www.adzuna.de/land/ad/5767328953?se=-Gce0ZCf8RGN7ZqTax28uQ&utm_medium=api&utm_source=a4bcf954&v=958EB314919057C73F9E1CF6996FB866EE6E6089,"{'display_name': 'Festool Group', '__CLASS__': 'Adzuna::API::Response::Company'}","Das kannst Du von uns erwarten: Technik und Wirtschaft gehören für Dich zusammen? Du begeisterst Dich für Informationstechnologien ebenso wie fürökonomische Zusammenhänge und möchtest Theorie direkt in der Praxis anwenden? Dann ist das Duale Studium Wirtschaftsinformatik mit Schwerpunkt Data Science– in Kooperation mit der Dualen Hochschule Baden-Württemberg (DHBW) in Stuttgart– genau das Richtige für Dich. Kennenlernen innovativer IT-Systeme, moderner Datenanalyseverfahren sowie deren Einsatz …",48.67129,5767328953,eyJhbGciOiJIUzI1NiJ9.eyJpIjoiNTc2NzMyODk1MyIsInMiOiItR2NlMFpDZjhSR043WnFUYXgyOHVRIn0.6zTxrTV6nfAApQedXsoKq7QWsy3R7XUzxr0JwD-BCzs,Adzuna::API::Response::Job,"{'display_name': 'Wendlingen am Neckar, Esslingen (Kreis)', 'area': ['Deutschland', 'Baden-Württemberg', 'Esslingen (Kreis)', 'Wendlingen am Neckar'], '__CLASS__': 'Adzuna::API::Response::Location'}",,,,
"{'__CLASS__': 'Adzuna::API::Response::Category', 'label': 'Teilzeitstellen', 'tag': 'part-time-jobs'}",8.393718,0,Duales Studium (B.Sc.) - Data Science und Künstliche Intelligenz (m/w/d),2026-06-03T11:39:11Z,https://www.adzuna.de/land/ad/5750392345?se=-Gce0ZCf8RGN7ZqTax28uQ&utm_medium=api&utm_source=a4bcf954&v=BB24CAAFBE97C01E8B71480D53D62C30FA0721EC,"{'display_name': 'BASF', '__CLASS__': 'Adzuna::API::Response::Company'}","ÜBER UNS Wir bei BASF Digital Solutions machen die Digitalisierung der BASF möglich. Als deutsche Gruppengesellschaft der BASF mit Sitz in Ludwigshafen und Standorten wie Madrid, Schwarzheide beschäftigt die BASF Digital Solutions GmbH rund 1.700 Mitarbeiter. Digitalisierung ist einer der Schwerpunkte der neuen Unternehmensstrategie von BASF. In agilen Teams wollen wir neue digitale Lösungen einführen, die für unseren Kunden einen klaren Mehrwert darstellen. Alle relevanten Informationen zu dei…",49.486443,5750392345,eyJhbGciOiJIUzI1NiJ9.eyJpIjoiNTc1MDM5MjM0NSIsInMiOiItR2NlMFpDZjhSR043WnFUYXgyOHVRIn0.W4QCv3A4g7IbJzGJdtKyuQLb2aHWN2r11doA3iXTwvQ,Adzuna::API::Response::Job,"{'__CLASS__': 'Adzuna::API::Response::Location', 'display_name': 'Ludwigshafen am Rhein, Rheinland-Pfalz', 'area': ['Deutschland', 'Rheinland-Pfalz', 'Ludwigshafen am Rhein']}",,,,
"{'__CLASS__': 'Adzuna::API::Response::Category', 'label': 'Teilzeitstellen', 'tag': 'part-time-jobs'}",8.412378,0,Bachelor of Science (m/w/d) – Data Science und Künstliche Intelligenz 2026,2026-06-03T11:37:34Z,https://www.adzuna.de/land/ad/5750383006?se=-Gce0ZCf8RGN7ZqTax28uQ&utm_medium=api&utm_source=a4bcf954&v=7E7AD6C30237192E5985785B15D37062E1183FCF,"{'display_name': 'BGV-Versicherung AG', '__CLASS__': 'Adzuna::API::Response::Company'}","Darauf kannst du dich freuen: Wechsel zwischen Theoriephasen an der DHBW Karlsruhe und Praxiseinsätzen bei uns im Unternehmen Mitarbeit in spannenden Projekten mit direktem Bezug zur Praxis Einblicke in verschiedene Unternehmensbereiche und interdisziplinäre Zusammenarbeit Moderne Arbeitsumgebung, offene Unternehmenskultur und individuelle Betreuung Sehr gute Entwicklungschancen nach deinem Studium Einführungsmonat/Vorpraktikum bereits vor dem 1.10. Rotationsplan mit Wunsch-Stationen (deine per…",49.001249,5750383006,eyJhbGciOiJIUzI1NiJ9.eyJpIjoiNTc1MDM4MzAwNiIsInMiOiItR2NlMFpDZjhSR043WnFUYXgyOHVRIn0.P2xj9yXBbTpAzqsVsmItGaxsDQQIPo6Ev_zbEamnhTE,Adzuna::API::Response::Job,"{'__CLASS__': 'Adzuna::API::Response::Location', 'area': ['Deutschland', 'Baden-Württemberg', 'Karlsruhe (Kreis)', 'Karlsruhe'], 'display_name': 'Karlsruhe, Karlsruhe (Kreis)'}",,,,
"{'label': 'Sonstige/Allgemeine Stellen', '__CLASS__': 'Adzuna::API::Response::Category', 'tag': 'other-general-jobs'}",7.464954,0,Head of AI & Data Science (m/w/d),2026-07-22T10:33:42Z,https://www.adzuna.de/land/ad/5810579233?se=-Gce0ZCf8RGN7ZqTax28uQ&utm_medium=api&utm_source=a4bcf954&v=E5CB564F625F7AC343A646D91B42342134CC24FB,"{'display_name': 'Dr. Ausbüttel GmbH & Co. KG', '__CLASS__': 'Adzuna::API::Response::Company'}","Head of AI & Data Science: Tragen Sie dazu bei, Wunden zu heilen, Innovationen zu fördern und Wachstum zu gestalten! Schwer heilende Wunden sind eine enorme Belastung für Patienten, Angehörige und Behandelnde. Machen Sie durch Ihr gestalterisches Mitwirken einen signifikanten Unterschied. Wir entwickeln Produkte und Services, um Wunden bezahlbar zu heilen. Als wachsendes, zukunftsorientiertes inhabergeführtes Familienunternehmen investieren und arbeiten wir mit langfristiger Perspektive statt m…",51.504967,5810579233,eyJhbGciOiJIUzI1NiJ9.eyJzIjoiLUdjZTBaQ2Y4UkdON1pxVGF4Mjh1USIsImkiOiI1ODEwNTc5MjMzIn0.3cTNjZv3ixH5TKGDzDy-ghNj-l2ipri1YLAyeZeHPBQ,Adzuna::API::Response::Job,"{'__CLASS__': 'Adzuna::API::Response::Location', 'area': ['Deutschland', 'Nordrhein-Westfalen', 'Dortmund'], 'display_name': 'Dortmund, Nordrhein-Westfalen'}",,,,
"{'tag': 'unknown', 'label': 'Unknown', '__CLASS__': 'Adzuna::API::Response::Category'}",11.25536,0,"Duales Studium: ""Informatik"" (w/m/d), Fürstenfeldbruck, Start 2027",2026-08-13T16:36:18Z,https://www.adzuna.de/land/ad/5840348381?se=-Gce0ZCf8RGN7ZqTax28uQ&utm_medium=api&utm_source=a4bcf954&v=78B3D770BC02EBBE8C9ED0C4AB5EB748593BB707,"{'display_name': 'HENSOLDT', '__CLASS__': 'Adzuna::API::Response::Company'}","HENSOLDT ist ein führendes europäisches Hightech-Unternehmen der Verteidigungs- und Sicherheitsindustrie mit Sitz in Taufkirchen bei München. Das Unternehmen entwickelt Sensorlösungen, Elektronik und Software für die Bereiche Luft, Land, See, Cyber und Weltraum und unterstützt Streitkräfte weltweit dabei, Bedrohungen frühzeitig zu erkennen und fundierte operative Entscheidungen zu treffen. Aufbauend auf jahrzehntelanger Erfahrung in missionskritischer Sensorik verbindet HENSOLDT Radar-, Optroni…",48.17776,5840348381,eyJhbGciOiJIUzI1NiJ9.eyJpIjoiNTg0MDM0ODM4MSIsInMiOiItR2NlMFpDZjhSR043WnFUYXgyOHVRIn0.uSnN7BC4p-_HLBEP6kRKcf5xRpx86almCzTGD7aO6g0,Adzuna::API::Response::Job,"{'__CLASS__': 'Adzuna::API::Response::Location', 'area': ['Deutschland', 'Bayern', 'Fürstenfeldbruck (Kreis)', 'Fürstenfeldbruck'], 'display_name': 'Fürstenfeldbruck, Fürstenfeldbruck (Kreis)'}",,,,
"{'tag': 'it-jobs', 'label': 'IT-Stellen', '__CLASS__': 'Adzuna::API::Response::Category'}",,0,Head of Analytics and Data Science,2026-08-19T17:37:05Z,https://www.adzuna.de/land/ad/5848433479?se=-Gce0ZCf8RGN7ZqTax28uQ&utm_medium=api&utm_source=a4bcf954&v=A63D48481EDEE04BC258BFCD538E19C7E46C88D6,"{'__CLASS__': 'Adzuna::API::Response::Company', 'display_name': 'Zenjob SE'}","About us Zenjob is an AI-powered flexible staffing platform that has efficiently connected companies and temporary workers since 2015. Machen Sie jetzt den nächsten Schritt in Ihrer Karriere, scrollen Sie nach unten, um die vollständige Stellenbeschreibung zu lesen und bewerben Sie sich. Companies use our platform to book ready-to-work staff in real time, while students use our app to find part-time jobs that conveniently fit around their studies. Over 40,000 students and 1,000 partner companie…",,5848433479,eyJhbGciOiJIUzI1NiJ9.eyJzIjoiLUdjZTBaQ2Y4UkdON1pxVGF4Mjh1USIsImkiOiI1ODQ4NDMzNDc5In0.jzD55Aqo5XMVvqM-4GwZ2ivpgtIeynuZOZHURJzWJdU,Adzuna::API::Response::Job,"{'display_name': 'Deutschland', 'area': ['Deutschland'], '__CLASS__': 'Adzuna::API::Response::Location'}",,,,
"{'tag': 'it-jobs', 'label': 'IT-Stellen', '__CLASS__': 'Adzuna::API::Response::Category'}",,0,Duales Studium Bachelor der Wirtschaftsinformatik - Data Science (m/w/d),2026-08-19T17:30:29Z,https://www.adzuna.de/land/ad/5848407162?se=-Gce0ZCf8RGN7ZqTax28uQ&utm_medium=api&utm_source=a4bcf954&v=07FFC8B1A9E5A6FFC3C366EAF024E66A8532AE90,"{'__CLASS__': 'Adzuna::API::Response::Company', 'display_name': 'Wolters Kluwer Tax & Accounting Deutschland GmbH'}","Seit über 180 Jahren unterstützen wir Unternehmen weltweit dabei, Arbeitsprozesse einfacher, effizienter und zukunftssicher zu gestalten. Mit Niederlassungen in über 40 Ländern und Kunden in mehr als 180 Märkten sind wir ein globaler Partner für Fachwissen und Technologie. Unsere Lösungen verbinden tiefgehendes Know-how mit innovativen Technologien – inklusive moderner KI-Funktionen – und helfen unseren Kunden, ihre größten Herausforderungen erfolgreich zu meistern. Mehr als 21.000 Kolleginnen …",,5848407162,eyJhbGciOiJIUzI1NiJ9.eyJpIjoiNTg0ODQwNzE2MiIsInMiOiItR2NlMFpDZjhSR043WnFUYXgyOHVRIn0.V5BLzs7PFO44jtaGsP9uuzCiEqdqjQnWltjw-qeZlfI,Adzuna::API::Response::Job,"{'__CLASS__': 'Adzuna::API::Response::Location', 'area': ['Deutschland'], 'display_name': 'Deutschland'}",,,,
"{'__CLASS__': 'Adzuna::API::Response::Category', 'label': 'Unknown', 'tag': 'unknown'}",8.61783,0,Senior Controller: Data Analytics (m/w/d),2026-08-10T15:58:46Z,https://www.adzuna.de/land/ad/5835650619?se=-Gce0ZCf8RGN7ZqTax28uQ&utm_medium=api&utm_source=a4bcf954&v=527F1417CB2C58B6A3C46588032785FE2BAC2A86,"{'display_name': 'Peter-Lacke Holding GmbH', '__CLASS__': 'Adzuna::API::Response::Company'}","Wir sind Peter Lacke Holding GmbH. Seit über 100 Jahren entwickeln und produzieren wir innovative Lacksysteme und sind derweil in den Marktsegmenten Automotive, Aviation, Lifestyle und Glass tätig. Peter Lacke Holding GmbH wird in der 5. Generation geführt. Unseren unternehmerischen Erfolg sichert Nachhaltigkeit im Dreiklang aus Ökonomie, Ökologie und Soziales. Wir verfügen über eigene Produktionsstandorte in 9 Ländern (Europa, Amerika, Asien) sowie zusätzliche Servicestandorte. Werde Teil unse…",52.16087,5835650619,eyJhbGciOiJIUzI1NiJ9.eyJpIjoiNTgzNTY1MDYxOSIsInMiOiItR2NlMFpDZjhSR043WnFUYXgyOHVRIn0.aqfQMLX6osxGHS0ER5lIPS237HW5f9lrscl6dOkwr6w,Adzuna::API::Response::Job,"{'__CLASS__': 'Adzuna::API::Response::Location', 'display_name': 'Hiddenhausen, Herford (Kreis)', 'area': ['Deutschland', 'Nordrhein-Westfalen', 'Herford (Kreis)', 'Hiddenhausen']}",,,,
"{'tag': 'other-general-jobs', '__CLASS__': 'Adzuna::API::Response::Category', 'label': 'Sonstige/Allgemeine Stellen'}",9.10944,0,Data Analyst / Data Science Specialist (m/w/d),2026-08-21T12:54:37Z,https://www.adzuna.de/land/ad/5850945032?se=-Gce0ZCf8RGN7ZqTax28uQ&utm_medium=api&utm_source=a4bcf954&v=738CCD28AE6869A98243D9D9D336B7DA4842D770,"{'display_name': 'Molkerei Gropper GmbH & Co. KG', '__CLASS__': 'Adzuna::API::Response::Company'}","Als Ideenmolkerei produzieren wir Milchprodukte, Säfte & Smoothies und Kaffeegetränke für die Eigenmarken der großen Lebensmitteleinzelhändler in Deutschland und ganz Europa. Bereits seit 1929 stehen wir für Qualität, Wertschätzung, Ehrlichkeit und Verlässlichkeit. Insgesamt sind rund 900 Mitarbeitende Teil von Gropper. Wenn auch Sie sich voll und ganz einbringen und etwas bewegen möchten, sollten wir uns kennenlernen. Denn bei Gropper eröffnen sich nicht nur Chancen, sondern echte Perspektiven…",48.94456,5850945032,eyJhbGciOiJIUzI1NiJ9.eyJpIjoiNTg1MDk0NTAzMiIsInMiOiItR2NlMFpDZjhSR043WnFUYXgyOHVRIn0.nSy7vF_nYNqL91ru7wVTPu_BycpryFrFET-kb1APlVk,Adzuna::API::Response::Job,"{'__CLASS__': 'Adzuna::API::Response::Location', 'display_name': 'Bietigheim-Bissingen, Ludwigsburg (Kreis)', 'area': ['Deutschland', 'Baden-Württemberg', 'Ludwigsburg (Kreis)', 'Bietigheim-Bissingen']}",,,,
"{'label': 'Unknown', '__CLASS__': 'Adzuna::API::Response::Category', 'tag': 'unknown'}",,0,Head of Analytics and Data Science,2026-08-24T04:47:37Z,https://www.adzuna.de/land/ad/5854108138?se=-Gce0ZCf8RGN7ZqTax28uQ&utm_medium=api&utm_source=a4bcf954&v=971F3B6754AD53141F846E3DA7E21B814F4E3EFB,"{'display_name': 'Zenjob SE', '__CLASS__': 'Adzuna::API::Response::Company'}","About us Zenjob is an AI-powered flexible staffing platform that has efficiently connected companies and temporary workers since 2015. Machen Sie jetzt den nächsten Schritt in Ihrer Karriere, scrollen Sie nach unten, um die vollständige Stellenbeschreibung zu lesen und bewerben Sie sich. Companies use our platform to book ready-to-work staff in real time, while students use our app to find part-time jobs that conveniently fit around their studies. Over 40,000 students and 1,000 partner companie…",,5854108138,eyJhbGciOiJIUzI1NiJ9.eyJzIjoiLUdjZTBaQ2Y4UkdON1pxVGF4Mjh1USIsImkiOiI1ODU0MTA4MTM4In0.SIg8dwG3XCxRIGD-ohcIUn4RZdGvGMQCy5M_rH9qFSo,Adzuna::API::Response::Job,"{'__CLASS__': 'Adzuna::API::Response::Location', 'display_name': 'Deutschland', 'area': ['Deutschland']}",,,,
"{'__CLASS__': 'Adzuna::API::Response::Category', 'label': 'Unknown', 'tag': 'unknown'}",,0,Head of Analytics and Data Science,2026-08-19T16:58:38Z,https://www.adzuna.de/land/ad/5848312555?se=-Gce0ZCf8RGN7ZqTax28uQ&utm_medium=api&utm_source=a4bcf954&v=C5E8FCBDFDE86D022552137826A4A4021DF57968,"{'__CLASS__': 'Adzuna::API::Response::Company', 'display_name': 'Zenjob SE'}","About us Zenjob is an AI-powered flexible staffing platform that has efficiently connected companies and temporary workers since 2015. Companies use our platform to book ready-to-work staff in real time, while students use our app to find part-time jobs that conveniently fit around their studies. Over 40,000 students and 1,000 partner companies from logistics, retail, and hospitality in all major German cities share our belief that good work is not a coincidence. It is the result of innovative …",,5848312555,eyJhbGciOiJIUzI1NiJ9.eyJpIjoiNTg0ODMxMjU1NSIsInMiOiItR2NlMFpDZjhSR043WnFUYXgyOHVRIn0.CwPE5-52-AfgIf7Qw-T2KDyWvnhUf2KF1ksXyfStblI,Adzuna::API::Response::Job,"{'__CLASS__': 'Adzuna::API::Response::Location', 'area': ['Deutschland'], 'display_name': 'Deutschland'}",,,,
"{'label': 'Unknown', '__CLASS__': 'Adzuna::API::Response::Category', 'tag': 'unknown'}",8.36958,0,"Duales Studium Data Science und Künstliche Intelligenz, Bachelor of Science, Mercedes-Benz AG, Global Logistics Center Germersheim, Studienbeginn 1. Oktober 2027 (m/w/d)",2026-06-18T17:52:46Z,https://www.adzuna.de/land/ad/5768210577?se=-Gce0ZCf8RGN7ZqTax28uQ&utm_medium=api&utm_source=a4bcf954&v=568E96031D6A25DA0515A631763C8CA44A65417D,"{'display_name': 'Mercedes-Benz AG', '__CLASS__': 'Adzuna::API::Response::Company'}","Life is always about becoming… Im Leben geht es darum, sich auf eine Reise zu begeben, um die beste Version unseres zukünftigen Selbst zu werden. Während wir Neues entdecken, stellen wir uns Herausforderungen, meistern sie und wachsen über uns hinaus. Bewerben Sie sich bei Mercedes-Benz und finden Sie den Aufgabenbereich, in dem Sie Ihre Talente individuell entfalten können. Dabei werden Sie von visionären Kolleginnen und Kollegen unterstützt, die Ihren Pioniergeist teilen. Bei uns einzusteigen…",49.21886,5768210577,eyJhbGciOiJIUzI1NiJ9.eyJzIjoiLUdjZTBaQ2Y4UkdON1pxVGF4Mjh1USIsImkiOiI1NzY4MjEwNTc3In0.Pk9GLgxhtKJVKXMTkdnRIgG26FCsGWcpKuCWO-oO1sQ,Adzuna::API::Response::Job,"{'display_name': 'Germersheim, Germersheim (Kreis)', 'area': ['Deutschland', 'Rheinland-Pfalz', 'Germersheim (Kreis)', 'Germersheim'], '__CLASS__': 'Adzuna::API::Response::Location'}",,,,
"{'tag': 'unknown', '__CLASS__': 'Adzuna::API::Response::Category', 'label': 'Unknown'}",,0,"Duales Studium: ""Data Science & künstliche Intelligenz"" (w/m/d), Ulm, Start 2027",2026-08-19T17:26:10Z,https://www.adzuna.de/land/ad/5848390106?se=-Gce0ZCf8RGN7ZqTax28uQ&utm_medium=api&utm_source=a4bcf954&v=9D4AD071FC18ADAA93DF2212583EF2122000033B,"{'display_name': 'HENSOLDT', '__CLASS__': 'Adzuna::API::Response::Company'}","HENSOLDT ist ein führendes europäisches Hightech-Unternehmen der Verteidigungs- und Sicherheitsindustrie mit Sitz in Taufkirchen bei München. Das Unternehmen entwickelt Sensorlösungen, Elektronik und Software für die Bereiche Luft, Land, See, Cyber und Weltraum und unterstützt Streitkräfte weltweit dabei, Bedrohungen frühzeitig zu erkennen und fundierte operative Entscheidungen zu treffen. Aufbauend auf jahrzehntelanger Erfahrung in missionskritischer Sensorik verbindet HENSOLDT Radar-, Optroni…",,5848390106,eyJhbGciOiJIUzI1NiJ9.eyJzIjoiLUdjZTBaQ2Y4UkdON1pxVGF4Mjh1USIsImkiOiI1ODQ4MzkwMTA2In0.vic3B0uGKPTHjYnQ3ZJoCfWY4pxGgipT_ixenNNdwk8,Adzuna::API::Response::Job,"{'__CLASS__': 'Adzuna::API::Response::Location', 'display_name': 'Deutschland', 'area': ['Deutschland']}",,,,
"{'label': 'Unknown', '__CLASS__': 'Adzuna::API::Response::Category', 'tag': 'unknown'}",,0,Duales Studium B.Sc. Data Science und Künstliche Intelligenz (m/w/d) 2027,2026-08-19T17:23:39Z,https://www.adzuna.de/land/ad/5848379698?se=-Gce0ZCf8RGN7ZqTax28uQ&utm_medium=api&utm_source=a4bcf954&v=762C74079123D8E550461EC4D05C6118E81E0236,"{'display_name': 'FUCHS LUBRICANTS GERMANY GmbH', '__CLASS__': 'Adzuna::API::Response::Company'}","FUCHS ist der weltweit größte unabhängige Anbieter von innovativen Schmierstofflösungen für nahezu alle Branchen und Anwendungsbereiche. Unsere Produkte und Lösungen halten die Welt in Bewegung, auch wenn diese nicht immer sichtbar sind. Entscheidend ist, dass jeder Einzelne unserer über 6.000 Mitarbeiter in mehr als 50 Ländern sichtbar ist - ihr Unternehmergeist, ihre Ideen und Fähigkeiten sind das Herzstück unseres globalen Geschäfts. Original Stellenanzeige auf StepStone.de bit.ly/4w2X7RC CL…",,5848379698,eyJhbGciOiJIUzI1NiJ9.eyJzIjoiLUdjZTBaQ2Y4UkdON1pxVGF4Mjh1USIsImkiOiI1ODQ4Mzc5Njk4In0.o-x6VKmf6_R64qE-Szsimb9KMMpcpXskxWpvuhRI-AE,Adzuna::API::Response::Job,"{'__CLASS__': 'Adzuna::API::Response::Location', 'area': ['Deutschland'], 'display_name': 'Deutschland'}",,,,
"{'label': 'Teilzeitstellen', '__CLASS__': 'Adzuna::API::Response::Category', 'tag': 'part-time-jobs'}",,0,Duales Studium Data Science und Künstliche Inteligenzen B.Sc. 2027 (m/w/d),2026-07-09T02:54:13Z,https://www.adzuna.de/land/ad/5793494224?se=-Gce0ZCf8RGN7ZqTax28uQ&utm_medium=api&utm_source=a4bcf954&v=70924A227E063BA07F75004A8CE597F09B7830DF,"{'display_name': 'Viessmann Climate Solutions', '__CLASS__': 'Adzuna::API::Response::Company'}","Starte mit Viessmann Climate Solutions in dein dualesstudium. Du studierst in Mannheim und arbeitest zum Großteil in unserem EU-Headquarter in Allendorf (Eder). Während des Dualen Studiums im Studiengang Data Science und Künstliche Intelligenz analysierst und interpretierst du große Datenmengen, um daraus wertvolles Wissen zu gewinnen. Du entwickelst intelligente, KI-basierte Anwendungen und optimierst damit Prozesse. Diese Kompetenzen machen dich zu einer gefragten Expertin oder einem gefragte…",,5793494224,eyJhbGciOiJIUzI1NiJ9.eyJzIjoiLUdjZTBaQ2Y4UkdON1pxVGF4Mjh1USIsImkiOiI1NzkzNDk0MjI0In0.J2AkUI_R3VFpd2tspGd8jYUcq6u1DOUxy8x7jp3rQWA,Adzuna::API::Response::Job,"{'__CLASS__': 'Adzuna::API::Response::Location', 'area': ['Deutschland'], 'display_name': 'Deutschland'}",,,,
"{'tag': 'part-time-jobs', 'label': 'Teilzeitstellen', '__CLASS__': 'Adzuna::API::Response::Category'}",12.112321,0,Duales Studium - B. Sc. Künstliche Intelligenz / Data Science 2027 (w/m/d),2026-07-22T15:01:11Z,https://www.adzuna.de/land/ad/5810893427?se=-Gce0ZCf8RGN7ZqTax28uQ&utm_medium=api&utm_source=a4bcf954&v=3A8CF232D4B6E5155291B7D14D78BBDEB290EBA1,"{'display_name': 'Infineon Technologies AG', '__CLASS__': 'Adzuna::API::Response::Company'}","WeAreIn to create tiny chips and big careers. Theorie allein reicht Dir nicht? Im Dualen Studium bei Infineon verbindest Du Theorie und Praxis. Du arbeitest an echten Projekten, lernst von Expert*innen und machst aus Deiner Leidenschaft eine Karriere mit Sinn. Are you in? Deine Rolle Haupttätigkeiten Praxis: Während Deines Studiums mit Start zum 01.09.2027 lernst Du praxisnah am Standort Regensburg Theorie: Den theoretischen Input erhältst Du an der der Ostbayerischen Technischen Hochschule Reg…",49.022981,5810893427,eyJhbGciOiJIUzI1NiJ9.eyJpIjoiNTgxMDg5MzQyNyIsInMiOiItR2NlMFpDZjhSR043WnFUYXgyOHVRIn0.KnB5-whU4Z3OiICIl-Nz3KVWYYpGtBbpjAq2w1Jbxp0,Adzuna::API::Response::Job,"{'__CLASS__': 'Adzuna::API::Response::Location', 'area': ['Deutschland', 'Bayern', 'Regensburg (Kreis)', 'Regensburg'], 'display_name': 'Regensburg, Regensburg (Kreis)'}",,,,
"{'__CLASS__': 'Adzuna::API::Response::Category', 'label': 'Stellen aus Fertigung', 'tag': 'manufacturing-jobs'}",9.202888,0,PreMaster Programm in Digitalisierung und Prozessmanagement im Einkauf (w/m/div.),2026-08-07T03:54:44Z,https://www.adzuna.de/land/ad/5831394329?se=-Gce0ZCf8RGN7ZqTax28uQ&utm_medium=api&utm_source=a4bcf954&v=B4CF11413897AF4FF32BC4E2E880B7714E2DA809,"{'__CLASS__': 'Adzuna::API::Response::Company', 'display_name': 'Bosch Gruppe'}","Möchten Sie Ihre Ideen in nutzbringende und sinnvolle Technologien verwandeln? Ob im Bereich Mobility Solutions, Consumer Goods, Industrial Technology oder Energy and Building Technology - mit uns verbessern Sie die Lebensqualität der Menschen auf der ganzen Welt. Willkommen bei Bosch. Die Robert Bosch GmbH freut sich auf Ihre Bewerbung! Anstellungsart: Befristet Arbeitszeit: Vollzeit Arbeitsort: Reutlingen Aufgaben Als PreMaster analysierst und optimierst du End-to-End-Einkaufsprozesse und ent…",48.506053,5831394329,eyJhbGciOiJIUzI1NiJ9.eyJzIjoiLUdjZTBaQ2Y4UkdON1pxVGF4Mjh1USIsImkiOiI1ODMxMzk0MzI5In0.O-fuhHC16ca2T2Y-1eVQhKIMJ24wLFSwZz60A9z_cfo,Adzuna::API::Response::Job,"{'__CLASS__': 'Adzuna::API::Response::Location', 'display_name': 'Reutlingen, Reutlingen (Kreis)', 'area': ['Deutschland', 'Baden-Württemberg', 'Reutlingen (Kreis)', 'Reutlingen']}",,,,
"{'label': 'IT-Stellen', '__CLASS__': 'Adzuna::API::Response::Category', 'tag': 'it-jobs'}",7.94837,0,Power Platform Engineer (m/w/d),2026-07-30T15:46:34Z,https://www.adzuna.de/land/ad/5821140812?se=-Gce0ZCf8RGN7ZqTax28uQ&utm_medium=api&utm_source=a4bcf954&v=F7BC5713F1C2C1187D1E148CDB6C5AE84B6FF72A,"{'__CLASS__': 'Adzuna::API::Response::Company', 'display_name': 'Markant Gruppe'}","Gestalte die Zukunft der Automatisierung als Aufgaben Du begleitest den Aufbau eines Kompetenzzentrums (CoE) für die Microsoft Power Platform und gestaltest dessen technische Ausrichtung von Beginn an aktiv mit. Du konzipierst und realisierst erste Automatisierungslösungen und Apps mit Power Automate und Power Apps, um den Mehrwert der Plattform im Unternehmen aufzuzeigen. Du definierst und implementierst gemeinsam mit dem CoE-Core-Team Governance-Strukturen und Prozesse (z. B. Richtlinien, Ent…",48.42392,5821140812,eyJhbGciOiJIUzI1NiJ9.eyJpIjoiNTgyMTE0MDgxMiIsInMiOiItR2NlMFpDZjhSR043WnFUYXgyOHVRIn0.g2K0d4qbvp_oghIj6ttVAAEvAx2WFwAq51GwEOeK578,Adzuna::API::Response::Job,"{'__CLASS__': 'Adzuna::API::Response::Location', 'area': ['Deutschland', 'Baden-Württemberg', 'Ortenaukreis', 'Offenburg'], 'display_name': 'Offenburg, Ortenaukreis'}",,,,
"{'tag': 'consultancy-jobs', 'label': 'Beraterstellen', '__CLASS__': 'Adzuna::API::Response::Category'}",9.856945,0,Senior Solution Architect - Federated Energy & Construction Ecosystems (m/f/d),2026-08-20T09:11:27Z,https://www.adzuna.de/land/ad/5849348804?se=-Gce0ZCf8RGN7ZqTax28uQ&utm_medium=api&utm_source=a4bcf954&v=FF6BEB2C94475446CF3D8C2282895D9F1308CBFC,"{'__CLASS__': 'Adzuna::API::Response::Company', 'display_name': 'Liebherr-Digital Development Center GmbH'}","Liebherr-Digital Development Center GmbH in Ulm develops digital solutions for the entire Liebherr Group. Our passionate team from the areas of software development, engineering and data science works together on various projects from the whole Liebherr product world. Our mission: creating outstanding digital experiences! Senior Solution Architect - Federated Energy & Construction Ecosystems (m/f/d) Job-ID 82724 Aufgaben Your responsibilities Understand the business - Assess and support the bus…",48.383137,5849348804,eyJhbGciOiJIUzI1NiJ9.eyJzIjoiLUdjZTBaQ2Y4UkdON1pxVGF4Mjh1USIsImkiOiI1ODQ5MzQ4ODA0In0.b0eRK6Da9OeOhry0tg1oE3GiViaYN27DLaFtBBoL-3Q,Adzuna::API::Response::Job,"{'__CLASS__': 'Adzuna::API::Response::Location', 'display_name': 'Ulm, Baden-Württemberg', 'area': ['Deutschland', 'Baden-Württemberg', 'Ulm']}",,,,
"{'label': 'Unknown', '__CLASS__': 'Adzuna::API::Response::Category', 'tag': 'unknown'}",,0,Duales Studium Master Informatik - AI & Data Science (M.Sc.) 2027,2026-08-19T17:28:41Z,https://www.adzuna.de/land/ad/5848400047?se=-Gce0ZCf8RGN7ZqTax28uQ&utm_medium=api&utm_source=a4bcf954&v=7193A456065532DB1A9B5ACD5FF09053E7472393,"{'__CLASS__': 'Adzuna::API::Response::Company', 'display_name': 'BSH Hausgeräte Gruppe'}","Wir begleiten dich auf dem Weg zum Traumberuf. Als führender Hausgerätehersteller in Europa bilden wir junge Menschen in Berufen aus, die zu ihnen passen und sie erfüllen. Mit unserem Portfolio an Marken – unter anderem Bosch, Siemens, Gaggenau und Neff – bieten wir Nachwuchskräften spannende Aufgaben und die Möglichkeit, von Anfang an Verantwortung zu übernehmen. Ob im Bereich Klimaschutz, Innovation oder Fairness – wir setzen uns gemeinsam mit dir für eine nachhaltige Zukunft ein. Spannende L…",,5848400047,eyJhbGciOiJIUzI1NiJ9.eyJpIjoiNTg0ODQwMDA0NyIsInMiOiItR2NlMFpDZjhSR043WnFUYXgyOHVRIn0.-mw9DLkqpVKwP0w4LuqE7lGj7wm3ELJXPQCRAMlNFv0,Adzuna::API::Response::Job,"{'area': ['Deutschland'], 'display_name': 'Deutschland', '__CLASS__': 'Adzuna::API::Response::Location'}",,,,
"{'tag': 'other-general-jobs', '__CLASS__': 'Adzuna::API::Response::Category', 'label': 'Sonstige/Allgemeine Stellen'}",8.98349,0,Praktikant*in Data Driven Development,2026-08-15T16:06:58Z,https://www.adzuna.de/land/ad/5843126169?se=-Gce0ZCf8RGN7ZqTax28uQ&utm_medium=api&utm_source=a4bcf954&v=5CE646374F9EDFA62632A28A7F380B86E57C5843,"{'__CLASS__': 'Adzuna::API::Response::Company', 'display_name': 'Mercedes-Benz AG'}","Life is always about becoming… Im Leben geht es darum, sich auf eine Reise zu begeben, um die beste Version unseres zukünftigen Selbst zu werden. Während wir Neues entdecken, stellen wir uns Herausforderungen, meistern sie und wachsen über uns hinaus. Bewerben Sie sich bei Mercedes-Benz und finden Sie den Aufgabenbereich, in dem Sie Ihre Talente individuell entfalten können. Dabei werden Sie von visionären Kolleginnen und Kollegen unterstützt, die Ihren Pioniergeist teilen. Bei uns einzusteigen…",48.68872,5843126169,eyJhbGciOiJIUzI1NiJ9.eyJpIjoiNTg0MzEyNjE2OSIsInMiOiItR2NlMFpDZjhSR043WnFUYXgyOHVRIn0.XkawdERzmxyQ44Qf6vkK0nMhTP7v8eZ-v4a__aK-xgo,Adzuna::API::Response::Job,"{'area': ['Deutschland', 'Baden-Württemberg', 'Böblingen (Kreis)', 'Böblingen'], 'display_name': 'Böblingen, Böblingen (Kreis)', '__CLASS__': 'Adzuna::API::Response::Location'}",,,,
"{'__CLASS__': 'Adzuna::API::Response::Category', 'label': 'Unknown', 'tag': 'unknown'}",11.555737,0,Security Architect - AI (f/m/x),2026-07-31T09:47:35Z,https://www.adzuna.de/land/ad/5822114670?se=-Gce0ZCf8RGN7ZqTax28uQ&utm_medium=api&utm_source=a4bcf954&v=7AF1FD061043AF72984ACE9463C48BBBF5B8D6D7,"{'__CLASS__': 'Adzuna::API::Response::Company', 'display_name': 'ZEISS'}","Step out of your comfort zone, excel and redefine the limits of what is possible. That's just what our employees are doing every single day – in order to set the pace through our innovations and enable outstanding achievements. After all, behind every successful company are many great fascinating people. In a spacious modern setting full of opportunities for further development, ZEISS employees work in a place where expert knowledge and team spirit reign supreme. All of this is supported by a s…",48.137418,5822114670,eyJhbGciOiJIUzI1NiJ9.eyJzIjoiLUdjZTBaQ2Y4UkdON1pxVGF4Mjh1USIsImkiOiI1ODIyMTE0NjcwIn0.XLrrhZBTP2PtR_TrBIGLls6BrgSZ7etYqKmeS3Z5UZ4,Adzuna::API::Response::Job,"{'display_name': 'München, München (Kreis)', 'area': ['Deutschland', 'Bayern', 'München (Kreis)', 'München'], '__CLASS__': 'Adzuna::API::Response::Location'}",,,,
"{'label': 'IT-Stellen', '__CLASS__': 'Adzuna::API::Response::Category', 'tag': 'it-jobs'}",8.72455,0,SAP Application Developer / SAP ABAP Entwickler (m/w/d) - S/4 HANA / UI5,2026-08-21T16:10:32Z,https://www.adzuna.de/land/ad/5851078134?se=-Gce0ZCf8RGN7ZqTax28uQ&utm_medium=api&utm_source=a4bcf954&v=15BC147F1DD9A9CED4CB10748A791433ACDDDB5E,"{'__CLASS__': 'Adzuna::API::Response::Company', 'display_name': 'Blickle Räder+Rollen GmbH u. Co. KG'}","Wir sind eine mittelständische Unternehmensgruppe mit 23 Vertriebsgesellschaften in Europa, Nordamerika, Südamerika, Asien und Australien und beschäftigen insgesamt mehr als 1.350 Mitarbeitende, davon über 950 am Stammsitz in Rosenfeld. Wir sind Weltmarktführer unserer Branche und exportieren unsere Produkte in über 120 Länder. Die Schwerpunkte unserer Fertigung sind Stanz- und Umformtechnik, Schweißen und Montage sowie Kunststoffverarbeitung und Polyurethanfertigung. Unsere Kunden sind überwie…",48.2866,5851078134,eyJhbGciOiJIUzI1NiJ9.eyJzIjoiLUdjZTBaQ2Y4UkdON1pxVGF4Mjh1USIsImkiOiI1ODUxMDc4MTM0In0.w4lYlx1YFApc2qwkc8s7Op8iYnXZlVQ7XoeOw4mg_oU,Adzuna::API::Response::Job,"{'area': ['Deutschland', 'Baden-Württemberg', 'Zollernalbkreis', 'Rosenfeld'], 'display_name': 'Rosenfeld, Zollernalbkreis', '__CLASS__': 'Adzuna::API::Response::Location'}",,,,
"{'tag': 'part-time-jobs', 'label': 'Teilzeitstellen', '__CLASS__': 'Adzuna::API::Response::Category'}",8.412378,0,"Duales Studium Data Science&Künstliche Intelligenz B.Sc. (m/w/d), Karlsruhe 2027",2026-07-09T02:54:13Z,https://www.adzuna.de/land/ad/5793494282?se=-Gce0ZCf8RGN7ZqTax28uQ&utm_medium=api&utm_source=a4bcf954&v=55D0F7DC6645ECDA1D2B9247D973D80AD7DF0682,"{'display_name': 'Atruvia AG', '__CLASS__': 'Adzuna::API::Response::Company'}","Gestalte die Zukunft mit KI– Starte dein Duales Studium im Bereich Data Science&Künstlicher Intelligenz! Du möchtest mit Daten arbeiten, smarte Lösungen entwickeln und herausfinden, wie KI den Alltag von Millionen Menschen erleichtern kann? Im dualen Studium Data Science&Künstliche Intelligenz bei Atruvia verbindest du Theorie und Praxis in einem der spannendsten IT-Bereicheüberhaupt. Deine Aufgaben: Entwickle KI-Lösungen: Du unterstützt bei der Entwicklung von Data-Science- und KI-Lösungen– vo…",49.001249,5793494282,eyJhbGciOiJIUzI1NiJ9.eyJzIjoiLUdjZTBaQ2Y4UkdON1pxVGF4Mjh1USIsImkiOiI1NzkzNDk0MjgyIn0.0hReTiT3FlaTk2qh2IPKcCRTsWeeCDHSJMXdwYksviw,Adzuna::API::Response::Job,"{'__CLASS__': 'Adzuna::API::Response::Location', 'area': ['Deutschland', 'Baden-Württemberg', 'Karlsruhe (Kreis)', 'Karlsruhe'], 'display_name': 'Karlsruhe, Karlsruhe (Kreis)'}",,,,
"{'__CLASS__': 'Adzuna::API::Response::Category', 'label': 'Teilzeitstellen', 'tag': 'part-time-jobs'}",8.753842,0,Duales Studium Bachelor of Science Wirtschaftsinformatik - KI&Data Science (m/w/d) 2026,2026-06-03T11:42:34Z,https://www.adzuna.de/land/ad/5750396620?se=-Gce0ZCf8RGN7ZqTax28uQ&utm_medium=api&utm_source=a4bcf954&v=D056E22E56F35755F5E799EB89C67A14F64D0834,"{'display_name': 'Westfalen Weser Netz GmbH', '__CLASS__': 'Adzuna::API::Response::Company'}",Deine Aufga ben Als Bachelor of Science Wirtschaftsinformatik - Künstliche Intelligenz&Data Science (m/w/d) lernst du bei uns verschiedene Themengebiete kennen: Du analysierst Unternehmensdaten zielsicher und bereitest diese auf. Du sorgst für Datentransparenz im Unternehmen. Du arbeitest in Business Intelligence Projekten. Du setzt unsere Datenstrategie im Team um. Ausbildungsort: Paderborn Ausbildungsdauer: 6 Semester Partnerhochschule: Fachhochschule der Wirtschaft Fürstenallee 5 33102 Pader…,51.737096,5750396620,eyJhbGciOiJIUzI1NiJ9.eyJzIjoiLUdjZTBaQ2Y4UkdON1pxVGF4Mjh1USIsImkiOiI1NzUwMzk2NjIwIn0.Ncq-quiMdzG2x67cB8lcacXNeDOeo-FocvRJwpapVUo,Adzuna::API::Response::Job,"{'area': ['Deutschland', 'Nordrhein-Westfalen', 'Paderborn (Kreis)', 'Paderborn'], 'display_name': 'Paderborn, Paderborn (Kreis)', '__CLASS__': 'Adzuna::API::Response::Location'}",,,,
"{'tag': 'part-time-jobs', '__CLASS__': 'Adzuna::API::Response::Category', 'label': 'Teilzeitstellen'}",9.137663,0,Duales Studium (m/w/d) Data Science und Künstliche Intelligenz (B.Sc.) in Konstanz 2026,2026-08-05T15:16:06Z,https://www.adzuna.de/land/ad/5829088478?se=-Gce0ZCf8RGN7ZqTax28uQ&utm_medium=api&utm_source=a4bcf954&v=B278897BA8D15E0EA94CE88E2D4116071046CDAE,"{'__CLASS__': 'Adzuna::API::Response::Company', 'display_name': 'Körber Supply Chain Logistics GmbH'}","Studienbeginn I Oktober 2026 Studiendauer I 3 Jahre Komm in unser Team und gestalte Deine Zukunft! Deine Vorteile Wir verbinden die Vorteile eines mittelständischen Unternehmens– wie persönliche Betreuung, ein starkes Teamgefühl und Gestaltungsspielräumen– mit den Möglichkeiten eines Großkonzerns: modernste Technologien und internationale Kundenin einem stetig wachsenden Umfeld. Interessantes, abwechslungsreiches und anspruchsvolles Studium mit besten Optionen zurÜbernahme nach erfolgreichem Ab…",47.708999,5829088478,eyJhbGciOiJIUzI1NiJ9.eyJpIjoiNTgyOTA4ODQ3OCIsInMiOiItR2NlMFpDZjhSR043WnFUYXgyOHVRIn0.Nt4v8hMU3c4wFAxUqnQBkTF2_u2KKdYTsuYzwe-yBC8,Adzuna::API::Response::Job,"{'display_name': 'Konstanz, Konstanz (Kreis)', 'area': ['Deutschland', 'Baden-Württemberg', 'Konstanz (Kreis)', 'Konstanz'], '__CLASS__': 'Adzuna::API::Response::Location'}",,,,
"{'__CLASS__': 'Adzuna::API::Response::Category', 'label': 'Teilzeitstellen', 'tag': 'part-time-jobs'}",8.71298,0,Duales Studium - Bachelor of Science - Informatik - Data Science und KI (gn) für 2026 - ID 150988,2026-06-03T11:36:54Z,https://www.adzuna.de/land/ad/5750378874?se=tAdx0pCf8RGSb8VpDRDiVA&utm_medium=api&utm_source=a4bcf954&v=EC512D21B01813800BFB53C16098E3BF51670B73,"{'display_name': 'HORNBACH Baumarkt AG', '__CLASS__': 'Adzuna::API::Response::Company'}","Hast Du Deinen Weg schon gefunden? Für Deinen Weg bei uns bringst Du mit: 3 Jahre Zeit und allgemeine Hochschulreife oder Fachhochschulreife  Studierfähigkeitstest Hier baust Du Dein theoretisches Fundament: DHBW Karlsruhe Die Praxis lernst Du hier : HORNBACH Zentrale in Bornheim bei Landau i. d. Pfalz Startschuss für Deine Zukunft bei HORNBACH: 01.10.2026 Darauf kannst Du Dich freuen: Gehalt - logisch! 1. Jahr: 1.250€, 2. Jahr: 1.500€, 3. Jahr: 1.750€ Mehr– klar! Neben Deinem Gehalt sowie Urla…",50.1246,5750378874,eyJhbGciOiJIUzI1NiJ9.eyJpIjoiNTc1MDM3ODg3NCIsInMiOiJ0QWR4MHBDZjhSR1NiOFZwRFJEaVZBIn0.msXZwX0UAjicJGAV1GI4C8ho_FynWmIlix_gFNFRJQc,Adzuna::API::Response::Job,"{'area': ['Deutschland', 'Hessen', 'Frankfurt am Main', 'Bornheim'], '__CLASS__': 'Adzuna::API::Response::Location', 'display_name': 'Bornheim, Frankfurt am Main'}",,,,
"{'tag': 'sales-jobs', 'label': 'Vertriebsstellen', '__CLASS__': 'Adzuna::API::Response::Category'}",8.696891,0,Senior Sales Manager (all genders) – Conversational AI,2026-08-08T21:56:19Z,https://www.adzuna.de/land/ad/5833795303?se=tAdx0pCf8RGSb8VpDRDiVA&utm_medium=api&utm_source=a4bcf954&v=7B6C7A9A24CA8AD61A916ABDD410C9D6DF28FADA,"{'__CLASS__': 'Adzuna::API::Response::Company', 'display_name': 'Almato AG'}","Die Almato mit Hauptsitz in Stuttgart ist der europäische Spezialist für KI-gestützte semantische Datenplattformen. Mit Bardioc, der AI-powered Semantic Data Platform, bietet Almato eine souveräne und leistungsstarke Lösung zur intelligenten Nutzung von Daten, verfügbar in verschiedenen Betriebsmodellen, darunter als Platform as a Service (PaaS). Rund 200 Mitarbeiter unterstützen Organisationen aus Wirtschaft, öffentlichem Sektor und Verteidigung gemeinsam mit führenden Partnern in den Bereiche…",49.403755,5833795303,eyJhbGciOiJIUzI1NiJ9.eyJzIjoidEFkeDBwQ2Y4UkdTYjhWcERSRGlWQSIsImkiOiI1ODMzNzk1MzAzIn0.Za_N58B-3OlQ1nT9JW2yYM6EQmcIS5oEgAofEwl3stg,Adzuna::API::Response::Job,"{'__CLASS__': 'Adzuna::API::Response::Location', 'display_name': 'Heidelberg, Baden-Württemberg', 'area': ['Deutschland', 'Baden-Württemberg', 'Heidelberg']}",,,,
"{'label': 'Unknown', '__CLASS__': 'Adzuna::API::Response::Category', 'tag': 'unknown'}",9.18451,0,Financial Risk Manager (m/w/d),2026-08-22T10:13:07Z,https://www.adzuna.de/land/ad/5852224249?se=tAdx0pCf8RGSb8VpDRDiVA&utm_medium=api&utm_source=a4bcf954&v=979215C88D178F5E844D5E414B7E5802E519E995,"{'__CLASS__': 'Adzuna::API::Response::Company', 'display_name': 'W&W Asset Management GmbH'}","Wir sind die W&W Asset Management GmbH mit Standort in Kornwestheim im Großraum Stuttgart. Wir steuern und bündeln den Investment- und Wertpapierbereich unseres gesamten Konzerns. Wir sind verantwortlich für das Management der konzerneigenen Kapitalanlagen und betreuen die Asset-Klassen Aktien, Renten, Alternative Investments, Immobilien und Währungen. Wir sind Teil der W&W-Gruppe einem Finanzdienstleister mit über 13.000 Mitarbeiterinnen und Mitarbeitern. Financial Risk Manager (m/w/d) Kennzif…",48.86157,5852224249,eyJhbGciOiJIUzI1NiJ9.eyJzIjoidEFkeDBwQ2Y4UkdTYjhWcERSRGlWQSIsImkiOiI1ODUyMjI0MjQ5In0.foTp-F2OPoebCx5m7H3JCuny11Pi0rE8Ebd6VP9ezpM,Adzuna::API::Response::Job,"{'__CLASS__': 'Adzuna::API::Response::Location', 'display_name': 'Kornwestheim, Ludwigsburg (Kreis)', 'area': ['Deutschland', 'Baden-Württemberg', 'Ludwigsburg (Kreis)', 'Kornwestheim']}",,,,
"{'__CLASS__': 'Adzuna::API::Response::Category', 'label': 'Unknown', 'tag': 'unknown'}",6.808387,0,Expert IT License Management (m/w/d),2026-08-07T03:54:35Z,https://www.adzuna.de/land/ad/5831394281?se=tAdx0pCf8RGSb8VpDRDiVA&utm_medium=api&utm_source=a4bcf954&v=4A4D2779C3DD358E2BCC3298537075B9C7EDDE65,"{'display_name': 'Rheinmetall IT Solutions GmbH', '__CLASS__': 'Adzuna::API::Response::Company'}","Die börsennotierte Rheinmetall AG mit Sitz in Düsseldorf steht als integrierter Technologiekonzern für ein ebenso substanzstarkes wie international erfolgreiches Unternehmen. Als domänenübergreifendes Systemhaus der Sicherheits- und Verteidigungsindustrie bieten wir ein innovatives Produkt- und Leistungsspektrum für den Einsatz zu Lande, zu Wasser, in der Luft und im Weltraum. Durch unsere Arbeit auf unterschiedlichen Feldern übernehmen wir bei Rheinmetall Verantwortung in einer sich dramatisch…",51.226802,5831394281,eyJhbGciOiJIUzI1NiJ9.eyJpIjoiNTgzMTM5NDI4MSIsInMiOiJ0QWR4MHBDZjhSR1NiOFZwRFJEaVZBIn0.ALVBgdQGZGQW47glC7K4jM5dgoJluIo8S6wFH3OEJgI,Adzuna::API::Response::Job,"{'area': ['Deutschland', 'Nordrhein-Westfalen', 'Düsseldorf'], '__CLASS__': 'Adzuna::API::Response::Location', 'display_name': 'Düsseldorf, Nordrhein-Westfalen'}",,,,
"{'tag': 'unknown', '__CLASS__': 'Adzuna::API::Response::Category', 'label': 'Unknown'}",6.969972,0,Senior Aktuar Finance & Reserving P&C (m/w/d),2026-08-24T06:09:36Z,https://www.adzuna.de/land/ad/5854143700?se=tAdx0pCf8RGSb8VpDRDiVA&utm_medium=api&utm_source=a4bcf954&v=D9ECAC37489606A24E99115F48AD84876F337B9B,"{'__CLASS__': 'Adzuna::API::Response::Company', 'display_name': 'AXA Konzern AG'}","AXA Deutschland ist Teil der AXA Gruppe, einem der weltweit führenden Versicherungsunternehmen. Als einer der größten Erstversicherer in Deutschland betreuen wir rund 8 Millionen Kund:innen im Bereich Vorsorge und Versicherung. Was uns bei AXA antreibt? Unsere Neugier und unser Mut zur Innovation! Gemeinsam mit über 8.000 Kolleg:innen in ganz Deutschland gestalten wir die Zukunft der Versicherung aktiv mit. Wir sind auf der Suche nach kreativen und analytischen Köpfen, die sich auch von Herausf…",50.940164,5854143700,eyJhbGciOiJIUzI1NiJ9.eyJzIjoidEFkeDBwQ2Y4UkdTYjhWcERSRGlWQSIsImkiOiI1ODU0MTQzNzAwIn0.VBRwHz4fFd0u2J2NB-CaGYZqRv5q1Z_VDuhfD9bJkns,Adzuna::API::Response::Job,"{'display_name': 'Köln, Nordrhein-Westfalen', '__CLASS__': 'Adzuna::API::Response::Location', 'area': ['Deutschland', 'Nordrhein-Westfalen', 'Köln']}",,,,
"{'__CLASS__': 'Adzuna::API::Response::Category', 'label': 'Unknown', 'tag': 'unknown'}",10.137982,0,Duales Studium Wirtschaftsinformatik an der DHSH in Kiel,2026-08-02T01:09:25Z,https://www.adzuna.de/land/ad/5824804598?se=tAdx0pCf8RGSb8VpDRDiVA&utm_medium=api&utm_source=a4bcf954&v=597F413F415FA674B299D6C66E5EA2E3631D7102,"{'display_name': 'Duale Hochschule Schleswig-Holstein ', '__CLASS__': 'Adzuna::API::Response::Company'}","Die Duale Hochschule Schleswig-Holstein (DHSH) bietet als staatlich anerkannte Hochschule für angewandte Wissenschaften an den Studienstandorten Kiel, Lübeck und Flensburg duale Studiengänge und praxisverbundene Forschung. Vor über 50 Jahren als Berufsakademie Schleswig-Holstein gegründet, bietet die DHSH Studierenden die Chance, von jahrzehntelanger Erfahrung im dualen Studium zu profitieren. Angeboten werden in Zusammenarbeit mit über 400 Partnerunternehmen die dualen Bachelorstudiengänge Bet…",54.319658,5824804598,eyJhbGciOiJIUzI1NiJ9.eyJzIjoidEFkeDBwQ2Y4UkdTYjhWcERSRGlWQSIsImkiOiI1ODI0ODA0NTk4In0.ez-Em61BtNkFl_5ppgx1UtczKLaZAbDWT-EhMwbbtm8,Adzuna::API::Response::Job,"{'display_name': 'Kiel, Schleswig-Holstein', '__CLASS__': 'Adzuna::API::Response::Location', 'area': ['Deutschland', 'Schleswig-Holstein', 'Kiel']}",,,,
"{'label': 'Stellen aus Wissenschaft & Qualitätssicherung', '__CLASS__': 'Adzuna::API::Response::Category', 'tag': 'scientific-qa-jobs'}",,0,Dhbw Studium - Data Science Und Künstliche Intelligenz (b.sc.),2026-08-19T17:19:25Z,https://www.adzuna.de/land/ad/5848365092?se=tAdx0pCf8RGSb8VpDRDiVA&utm_medium=api&utm_source=a4bcf954&v=7684BE17E8350982DB0D16F51ABA69F4C7270D52,"{'__CLASS__': 'Adzuna::API::Response::Company', 'display_name': 'Liebherr-Werk Ehingen GmbH'}","Die Liebherr-Werk Ehingen GmbH zählt zu den weltweit führenden Herstellern von Fahrzeugkranen. Das Programm umfasst Teleskop- und Gittermastkrane auf Mobil- und Raupenfahrwerken. Seit der Gründung wurde die Produktionsstätte und ihre Kapazität kontinuierlich erweitert. Heute werden täglich sechs Fahrzeugkrane aus Ehingen in die ganze Welt geliefert. . klicken sie bewerben, für die volle Stellenbeschreibung",,5848365092,eyJhbGciOiJIUzI1NiJ9.eyJzIjoidEFkeDBwQ2Y4UkdTYjhWcERSRGlWQSIsImkiOiI1ODQ4MzY1MDkyIn0.CYMtuAG4MVY3hyMQX_2c5k1AwHGIfpx_IEr3fM5R3MY,Adzuna::API::Response::Job,"{'area': ['Deutschland'], '__CLASS__': 'Adzuna::API::Response::Location', 'display_name': 'Deutschland'}",,,,
"{'__CLASS__': 'Adzuna::API::Response::Category', 'label': 'Stellen aus Buchhaltung & Finanzwesen', 'tag': 'accounting-finance-jobs'}",13.420806,0,Head of Pricing (m/f/x),2026-07-16T15:28:31Z,https://www.adzuna.de/land/ad/5802884632?se=tAdx0pCf8RGSb8VpDRDiVA&utm_medium=api&utm_source=a4bcf954&v=10DDC44D28EC9F086F9C4AF44AA18B9C137EB6C1,"{'display_name': 'Rebuy Recommerce GmbH', '__CLASS__': 'Adzuna::API::Response::Company'}","We are looking for a Head of Pricing who will own the function with the most direct and immediate impact on our margin. In a two-sided marketplace where we set prices on both what we pay for supply and what we charge buyers, every pricing decision affects customer trust, working capital and inventory velocity, and is thus a primary commercial lever. This is a senior commercial role that will have a margin target, direct access to leadership (reporting to the Chief Commercial Officer), and the m…",52.507706,5802884632,eyJhbGciOiJIUzI1NiJ9.eyJpIjoiNTgwMjg4NDYzMiIsInMiOiJ0QWR4MHBDZjhSR1NiOFZwRFJEaVZBIn0.Xmt-y0s6vGY-AFKfXxkTMlDp5x-QqGjDPLBtOzRIQCQ,Adzuna::API::Response::Job,"{'area': ['Deutschland', 'Berlin'], '__CLASS__': 'Adzuna::API::Response::Location', 'display_name': 'Berlin, Deutschland'}",,,,
"{'label': 'Unknown', '__CLASS__': 'Adzuna::API::Response::Category', 'tag': 'unknown'}",13.420806,0,Werkstudent:in Data Science,2026-08-24T02:10:46Z,https://www.adzuna.de/details/5853968532?utm_medium=api&utm_source=a4bcf954,"{'__CLASS__': 'Adzuna::API::Response::Company', 'display_name': 'nerou GmbH'}","Über nerou Die Datenanalyse-Software von nerou unterstützt Betreiber von Kläranlagen bei täglichen Entscheidungen in der Anlagensteuerung. In Kläranlagen müssen komplexe Entscheidungen getroffen werden, um die Anlage auf sich täglich ändernde Einflüsse einzustellen. Alle relevanten Daten werden von Machine Learning Algorithmen analysiert und ausgewertet. Die gewonnen Erkenntnisse werden in Form von Entscheidungshilfen an den Kunden weitergeleitet. Dies reduziert nicht nur Kosten für die Betreib…",52.507706,5853968532,eyJhbGciOiJIUzI1NiJ9.eyJzIjoidEFkeDBwQ2Y4UkdTYjhWcERSRGlWQSIsImkiOiI1ODUzOTY4NTMyIn0.1evTle6l-2EFb-tni1a_tdcGKAJFS0PqUMT6rCUZhgU,Adzuna::API::Response::Job,"{'display_name': 'Berlin, Deutschland', '__CLASS__': 'Adzuna::API::Response::Location', 'area': ['Deutschland', 'Berlin']}",,,,
"{'__CLASS__': 'Adzuna::API::Response::Category', 'label': 'IT-Stellen', 'tag': 'it-jobs'}",,0,Data Science Lead,2026-08-18T18:13:11Z,https://www.adzuna.de/details/5847051131?utm_medium=api&utm_source=a4bcf954,"{'display_name': 'Jobgether', '__CLASS__': 'Adzuna::API::Response::Company'}","This position is listed on behalf of a partner company, who manages all applications and next steps. Our partner is looking for a Data Science Lead based in Germany. This is a strategic technical leadership opportunity within a high-impact AI program operating in a highly regulated environment. You will lead the architecture and evolution of machine learning and GenAI capabilities supporting automated regulatory validation workflows. The role combines hands-on expertise in LLM systems with arch…",,5847051131,eyJhbGciOiJIUzI1NiJ9.eyJzIjoidEFkeDBwQ2Y4UkdTYjhWcERSRGlWQSIsImkiOiI1ODQ3MDUxMTMxIn0.vS_4y8vVubR2d7URiM31uvKJWNJ_hOonIpB7yb7mqjg,Adzuna::API::Response::Job,"{'__CLASS__': 'Adzuna::API::Response::Location', 'display_name': 'Deutschland', 'area': ['Deutschland']}",full_time,,,
"{'tag': 'consultancy-jobs', '__CLASS__': 'Adzuna::API::Response::Category', 'label': 'Beraterstellen'}",8.412378,0,Data Science Consultant,2026-07-18T00:48:17Z,https://www.adzuna.de/details/5805425948?utm_medium=api&utm_source=a4bcf954,"{'display_name': 'Blue Yonder', '__CLASS__': 'Adzuna::API::Response::Company'}","Overview The Data Science Consultant provides services that maximize the value of the customer’s business through data-driven insights and enhanced decision support. This role will be responsible for advising the customer and recommending software configuration alternatives and adapting the software that is configured to optimize the solution so that the customer may realize the maximum value from the software. Responsibilities: Perform data analysis to discover patterns, trends and anomalies i…",49.001249,5805425948,eyJhbGciOiJIUzI1NiJ9.eyJzIjoidEFkeDBwQ2Y4UkdTYjhWcERSRGlWQSIsImkiOiI1ODA1NDI1OTQ4In0.BLS1-Q34d_1HlHORpBoSHu13HD01OxvTyK2gQ8CwQRE,Adzuna::API::Response::Job,"{'area': ['Deutschland', 'Baden-Württemberg', 'Karlsruhe (Kreis)', 'Karlsruhe'], 'display_name': 'Karlsruhe, Karlsruhe (Kreis)', '__CLASS__': 'Adzuna::API::Response::Location'}",full_time,,,
"{'tag': 'graduate-jobs', '__CLASS__': 'Adzuna::API::Response::Category', 'label': 'Stellen für Hochschulabsolventen'}",,0,Duales Studium Informatik Schwerpunkt Data Science / Künstliche Intelligenz in Kooperation mit der Dualen Hochschule Baden-Württemberg 2027 (m/w/d/x),2026-07-22T12:38:04Z,https://www.adzuna.de/land/ad/5810788215?se=tAdx0pCf8RGSb8VpDRDiVA&utm_medium=api&utm_source=a4bcf954&v=923B0DEB2CB05ABFEAC7F92623C398E78BCD244E,"{'display_name': 'Mercedes-Benz Tech Innovation', '__CLASS__': 'Adzuna::API::Response::Company'}","Life is always about becoming… Im Leben geht es darum, sich auf eine Reise zu begeben, um die beste Version unseres zukünftigen Selbst zu werden. Während wir Neues entdecken, stellen wir uns Herausforderungen, meistern sie und wachsen über uns hinaus. Bewerben Sie sich bei Mercedes-Benz und finden Sie den Aufgabenbereich, in dem Sie Ihre Talente individuell entfalten können. Dabei werden Sie von visionären Kolleginnen und Kollegen unterstützt, die Ihren Pioniergeist teilen. Bei uns einzusteigen…",,5810788215,eyJhbGciOiJIUzI1NiJ9.eyJpIjoiNTgxMDc4ODIxNSIsInMiOiJ0QWR4MHBDZjhSR1NiOFZwRFJEaVZBIn0.PYbWnITN5jdrfreU02o3xkQggSKSMMBWCtg-8vIoa6k,Adzuna::API::Response::Job,"{'area': ['Deutschland'], '__CLASS__': 'Adzuna::API::Response::Location', 'display_name': 'Deutschland'}",,,,
"{'label': 'Unknown', '__CLASS__': 'Adzuna::API::Response::Category', 'tag': 'unknown'}",,0,Junior Consultant Analytics Data Science (m/w/d),2026-08-21T16:55:45Z,https://www.adzuna.de/land/ad/5851119452?se=tAdx0pCf8RGSb8VpDRDiVA&utm_medium=api&utm_source=a4bcf954&v=6BE46D8030C9DDC914669CC987F502A2ADF73904,"{'__CLASS__': 'Adzuna::API::Response::Company', 'display_name': 'ISR Information Products AG'}","Dein Team Du hast Freude an Innovationen, spannenden Inhalten und kollegialem Teamspirit? Mit unseren Berater:innen wächst du mit deinen Aufgaben und lernst von unseren Expert:innen. Gemeinsam beraten wir unsere deutsch- und englischsprachigen Kunden bei ihren Herausforderungen im Umfeld von Business Intelligence, Planung, Advanced Analytics & Data Science. Wir verbinden höchste Beratungskompetenz mit technischer Expertise. Dabei konzipieren und implementieren wir maßgeschneiderte Lösungen auf …",,5851119452,eyJhbGciOiJIUzI1NiJ9.eyJpIjoiNTg1MTExOTQ1MiIsInMiOiJ0QWR4MHBDZjhSR1NiOFZwRFJEaVZBIn0.6OUlc_zN0AuarbUgQ52iB6uvsyz3syZj2CaGecXg9aU,Adzuna::API::Response::Job,"{'area': ['Deutschland'], 'display_name': 'Deutschland', '__CLASS__': 'Adzuna::API::Response::Location'}",,,,
"{'__CLASS__': 'Adzuna::API::Response::Category', 'label': 'Unknown', 'tag': 'unknown'}",8.491505,0,Tech Lead Demand & Pricing (m/w/d),2026-08-21T16:11:04Z,https://www.adzuna.de/land/ad/5851078631?se=tAdx0pCf8RGSb8VpDRDiVA&utm_medium=api&utm_source=a4bcf954&v=7D919B8953F20AB84341559608D896AFD4653651,"{'display_name': 'BAUHAUS', '__CLASS__': 'Adzuna::API::Response::Company'}","Besser digital. Der Bereich Digital Commerce steht für ein vernetztes BAUHAUS der Zukunft durch Digitalisierung. Dabei haben wir immer unsere Kund:innen im Fokus und als Ziel, das perfekte digitale Einkaufserlebnis zu schaffen. Eine agile Arbeitsumgebung, innovative Lösungen und engagierte Mitarbeiter:innen sind der starke Motor dahinter - und der beste Beweis dafür ist der Erfolg: Mit über 290 Fachcentren in 19 Ländern sowie einem der 50 größten Online-Shops in Deutschland gehört BAUHAUS zu de…",49.496025,5851078631,eyJhbGciOiJIUzI1NiJ9.eyJzIjoidEFkeDBwQ2Y4UkdTYjhWcERSRGlWQSIsImkiOiI1ODUxMDc4NjMxIn0.YsPDdR5yRVztbGmiJUDceSQ4HOpcFXmZBZ8wjTJGw2I,Adzuna::API::Response::Job,"{'area': ['Deutschland', 'Baden-Württemberg', 'Mannheim'], 'display_name': 'Mannheim, Baden-Württemberg', '__CLASS__': 'Adzuna::API::Response::Location'}",,,,
"{'label': 'Stellen aus PR, Werbung & Marketing', '__CLASS__': 'Adzuna::API::Response::Category', 'tag': 'pr-advertising-marketing-jobs'}",8.650578,0,Produktmanager (m/w/d) Data & AI Automation,2026-08-17T16:07:17Z,https://www.adzuna.de/land/ad/5845216171?se=tAdx0pCf8RGSb8VpDRDiVA&utm_medium=api&utm_source=a4bcf954&v=F7D894D05EC2ABC20F6E305ACFF95508C1BBBAFD,"{'display_name': 'C24 Bank GmbH', '__CLASS__': 'Adzuna::API::Response::Company'}","Unser Anspruch ist es, eine neue Dimension im Mobile Banking zu definieren. Du kannst hier ganz vorne mit dabei sein! Das Team Marktfolge Entwicklung ist die Schnittstelle zwischen den Fachbereichen der Marktfolge und unseren Entwicklungsteams. Wir gestalten und entwickeln die Systeme, mit denen die C24 Bank ihre regulatorischen und operativen Prozesse steuert - von Compliance- und Legal-Tools über das Meldewesen bis hin zu unserer zentralen Datenplattform. In einem Umfeld mit kurzen Entscheidu…",50.129683,5845216171,eyJhbGciOiJIUzI1NiJ9.eyJpIjoiNTg0NTIxNjE3MSIsInMiOiJ0QWR4MHBDZjhSR1NiOFZwRFJEaVZBIn0.KiNZHZLkZI3K4SK0A8oWEjSUuRXjUzTWksAjS6vX5z0,Adzuna::API::Response::Job,"{'__CLASS__': 'Adzuna::API::Response::Location', 'display_name': 'Frankfurt am Main, Hessen', 'area': ['Deutschland', 'Hessen', 'Frankfurt am Main']}",,,,
"{'tag': 'other-general-jobs', '__CLASS__': 'Adzuna::API::Response::Category', 'label': 'Sonstige/Allgemeine Stellen'}",11.034353,0,Referent (m/w/d) Data Governance,2026-07-19T15:32:38Z,https://www.adzuna.de/land/ad/5807200970?se=tAdx0pCf8RGSb8VpDRDiVA&utm_medium=api&utm_source=a4bcf954&v=C16945A34D1D6D2BF63A8E307FE13CAC66B79C9E,"{'display_name': 'Thüringer Landesrechenzentrum', '__CLASS__': 'Adzuna::API::Response::Company'}","Mit Ihrem Know-how und Ihren Ideen gestalten Sie die Digitalisierung des Freistaats Thüringen aktiv mit. Sie denken lösungsorientiert, arbeiten strukturiert und behalten auch in komplexen Situationen den Überblick? Dann sind Sie beim Thüringer Landesrechenzentrum genau richtig. Gemeinsam mit dem Thüringer Ministerium für Digitales und Infrastruktur treiben wir die Digitalisierung der Thüringer Landesverwaltung aktiv voran. Wir suchen Sie zum nächstmöglichen Zeitpunkt für das Thüringer Ministeri…",50.977166,5807200970,eyJhbGciOiJIUzI1NiJ9.eyJpIjoiNTgwNzIwMDk3MCIsInMiOiJ0QWR4MHBDZjhSR1NiOFZwRFJEaVZBIn0.aVUSFIsTVhA3GSQFGSqtTXM8w__2NXHje8qsRysqy6w,Adzuna::API::Response::Job,"{'area': ['Deutschland', 'Thüringen', 'Erfurt (Kreis)', 'Erfurt'], 'display_name': 'Erfurt, Erfurt (Kreis)', '__CLASS__': 'Adzuna::API::Response::Location'}",,,,
"{'tag': 'unknown', 'label': 'Unknown', '__CLASS__': 'Adzuna::API::Response::Category'}",,0,Specialist (w/m/d) Datenmanagement & MIS,2026-08-06T15:53:37Z,https://www.adzuna.de/land/ad/5830515515?se=tAdx0pCf8RGSb8VpDRDiVA&utm_medium=api&utm_source=a4bcf954&v=24C1D712A0E04351D12FFC12C78EA6DCB54C6A60,"{'__CLASS__': 'Adzuna::API::Response::Company', 'display_name': 'TARGOBANK'}","BANK.ECHT.ANDERS. Das ist unser Anspruch als Arbeitgeberin. Wir wollen zur besten Bank für alle unsere Kund*innen und Mitarbeiter*innen werden, deshalb suchen wir Menschen, die gemeinsam etwas bewegen wollen. Als Teil unseres Kundencenter-Teams erlebst du eine Kultur, in der Vielfalt, Dynamik und Mitgestaltung wertgeschätzt werden. So kannst du Lösungen finden, die deinen Kund*innen optimal weiterhelfen. Und wenn du dabei einen Weg entdeckst, den noch keiner auf dem Zettel hatte: umso besser! D…",,5830515515,eyJhbGciOiJIUzI1NiJ9.eyJzIjoidEFkeDBwQ2Y4UkdTYjhWcERSRGlWQSIsImkiOiI1ODMwNTE1NTE1In0.0LZAVq_cWzziYROta15bxatFZGTL8o5zz1m8nzzOr7U,Adzuna::API::Response::Job,"{'area': ['Deutschland'], '__CLASS__': 'Adzuna::API::Response::Location', 'display_name': 'Deutschland'}",,,,
"{'label': 'Unknown', '__CLASS__': 'Adzuna::API::Response::Category', 'tag': 'unknown'}",8.491505,0,Tech Lead Project Enablement (m/w/d),2026-08-18T22:07:35Z,https://www.adzuna.de/land/ad/5847204878?se=tAdx0pCf8RGSb8VpDRDiVA&utm_medium=api&utm_source=a4bcf954&v=05311835B31BDF5BA6612C68E8397F38FE958CB5,"{'display_name': 'BAUHAUS', '__CLASS__': 'Adzuna::API::Response::Company'}","Besser digital. Der Bereich Digital Commerce steht für ein vernetztes BAUHAUS der Zukunft durch Digitalisierung. Dabei haben wir immer unsere Kund:innen im Fokus und als Ziel, das perfekte digitale Einkaufserlebnis zu schaffen. Eine agile Arbeitsumgebung, innovative Lösungen und engagierte Mitarbeiter:innen sind der starke Motor dahinter - und der beste Beweis dafür ist der Erfolg: Mit über 290 Fachcentren in 19 Ländern sowie einem der 50 größten Online-Shops in Deutschland gehört BAUHAUS zu de…",49.496025,5847204878,eyJhbGciOiJIUzI1NiJ9.eyJpIjoiNTg0NzIwNDg3OCIsInMiOiJ0QWR4MHBDZjhSR1NiOFZwRFJEaVZBIn0.xTHdxObzFrEr0PgyMeP2sQlisI1FVWwW-zvE9DWv1YM,Adzuna::API::Response::Job,"{'area': ['Deutschland', 'Baden-Württemberg', 'Mannheim'], 'display_name': 'Mannheim, Baden-Württemberg', '__CLASS__': 'Adzuna::API::Response::Location'}",,,,
"{'__CLASS__': 'Adzuna::API::Response::Category', 'label': 'Unknown', 'tag': 'unknown'}",7.8627,0,KI-Spezialist / AI Specialist (m/w/d),2026-08-20T04:08:43Z,https://www.adzuna.de/land/ad/5849146937?se=tAdx0pCf8RGSb8VpDRDiVA&utm_medium=api&utm_source=a4bcf954&v=52E3CB0298DF2432611A831BCA8FB24476B494C5,"{'__CLASS__': 'Adzuna::API::Response::Company', 'display_name': 'Communitas Sozialmarketing GmbH'}","Die Communitas Sozialmarketing GmbH ist Teil einer deutschlandweiten Firmengruppe mit rund 400 Mitarbeitern. Wir unterstützen öffentliche Verwaltungen und ihre Einrichtungen bei der kostenneutralen Beschaffung von Gebrauchsgegenständen und verbinden soziale Träger mit regionalen Unternehmen. Deine Rolle Wir verankern KI systematisch in Vertrieb, Marketing und unseren internen Abläufen und suchen dafür einen erfahrenen Umsetzer mit Gestaltungsanspruch. Du nimmst Fragestellungen aus dem Business …",49.8587,5849146937,eyJhbGciOiJIUzI1NiJ9.eyJzIjoidEFkeDBwQ2Y4UkdTYjhWcERSRGlWQSIsImkiOiI1ODQ5MTQ2OTM3In0.OzZtIkhccWlDbFK6cRyzBVqt3sjtF66I8Tzwvkg0dY0,Adzuna::API::Response::Job,"{'area': ['Deutschland', 'Rheinland-Pfalz', 'Bad Kreuznach (Kreis)', 'Bad Kreuznach'], '__CLASS__': 'Adzuna::API::Response::Location', 'display_name': 'Bad Kreuznach, Bad Kreuznach (Kreis)'}",,,,
"{'tag': 'sales-jobs', '__CLASS__': 'Adzuna::API::Response::Category', 'label': 'Vertriebsstellen'}",9.187224,0,Praktikant*in Sales Vans: Funnel Intelligence & Digitalization (Pflicht-Praktikum),2026-08-24T03:38:48Z,https://www.adzuna.de/land/ad/5854068905?se=tAdx0pCf8RGSb8VpDRDiVA&utm_medium=api&utm_source=a4bcf954&v=4E698DE89ED696EC314B09BB18A2569735BF1CF2,"{'display_name': 'Mercedes-Benz AG', '__CLASS__': 'Adzuna::API::Response::Company'}","Life is always about becoming… Im Leben geht es darum, sich auf eine Reise zu begeben, um die beste Version unseres zukünftigen Selbst zu werden. Während wir Neues entdecken, stellen wir uns Herausforderungen, meistern sie und wachsen über uns hinaus. Bewerben Sie sich bei Mercedes-Benz und finden Sie den Aufgabenbereich, in dem Sie Ihre Talente individuell entfalten können. Dabei werden Sie von visionären Kolleginnen und Kollegen unterstützt, die Ihren Pioniergeist teilen. Bei uns einzusteigen…",48.776198,5854068905,eyJhbGciOiJIUzI1NiJ9.eyJpIjoiNTg1NDA2ODkwNSIsInMiOiJ0QWR4MHBDZjhSR1NiOFZwRFJEaVZBIn0.dug1eLtZzK6W72fII_utclmLXpBJbspbvPspc8AZTWw,Adzuna::API::Response::Job,"{'area': ['Deutschland', 'Baden-Württemberg', 'Stuttgart'], '__CLASS__': 'Adzuna::API::Response::Location', 'display_name': 'Stuttgart, Baden-Württemberg'}",,,,
"{'tag': 'part-time-jobs', '__CLASS__': 'Adzuna::API::Response::Category', 'label': 'Teilzeitstellen'}",11.083642,0,"Duales Studium Bachelor of Science in Data Science und Künstlicher Intelligenz (m/w/d), ab 09/2027",2026-07-05T01:48:24Z,https://www.adzuna.de/land/ad/5788591414?se=tAdx0pCf8RGSb8VpDRDiVA&utm_medium=api&utm_source=a4bcf954&v=C324DFB5529A7982C109999BF348D3184B650ACE,"{'__CLASS__': 'Adzuna::API::Response::Company', 'display_name': 'DATEV eG'}",Das ist dein Arbeitsumfeld: Gemeinsam mit rund 200 Auszubildenden und dual Studierenden meisterst du die abwechslungsreichen und anspruchsvollen Aufgaben und bist von Beginn an in ein Team eingebunden. Kompetente Ausbilderinnen und Ausbilder stehen dir mit Rat und Tat zur Seite und unterstützen dich bei deiner fachlichen und persönlichen Entwicklung. Nach erfolgreichem Abschluss darfst du dich auf eineÜbernahme von mind. einem Jahr freuen. Zum 01.09. starten wir in einen gemeinsamen Orientierun…,49.443967,5788591414,eyJhbGciOiJIUzI1NiJ9.eyJpIjoiNTc4ODU5MTQxNCIsInMiOiJ0QWR4MHBDZjhSR1NiOFZwRFJEaVZBIn0.4SuC6B8DB8SiV5VKXk9-h_LPY3RWcIj-FlVs5I-2_KE,Adzuna::API::Response::Job,"{'area': ['Deutschland', 'Bayern', 'Nürnberg'], '__CLASS__': 'Adzuna::API::Response::Location', 'display_name': 'Nürnberg, Bayern'}",,,,
"{'__CLASS__': 'Adzuna::API::Response::Category', 'label': 'Unknown', 'tag': 'unknown'}",13.420806,0,Enterprise Data Science Specialist,2026-08-11T12:29:53Z,https://www.adzuna.de/details/5836581108?utm_medium=api&utm_source=a4bcf954,"{'__CLASS__': 'Adzuna::API::Response::Company', 'display_name': 'Mercor'}","About the job Mercor connects elite creative and technical talent with leading AI research labs. Headquartered in San Francisco, our investors include Benchmark , General Catalyst , Peter Thiel , Adam D'Angelo , Larry Summers , and Jack Dorsey . Position: Data Science and Analytics Experts Type: Contract Compensation: $60–$70/hour Location: Remote Role Responsibilities Construct enterprise data science scenarios for large-scale predictive modeling and multi-stakeholder analytics governance at F…",52.507706,5836581108,eyJhbGciOiJIUzI1NiJ9.eyJzIjoidEFkeDBwQ2Y4UkdTYjhWcERSRGlWQSIsImkiOiI1ODM2NTgxMTA4In0.eOjMG2inBaBPx-uTvMV3gOuQejXl5y-vOXL_kM8Ik5M,Adzuna::API::Response::Job,"{'area': ['Deutschland', 'Berlin'], '__CLASS__': 'Adzuna::API::Response::Location', 'display_name': 'Berlin, Deutschland'}",,,,
"{'__CLASS__': 'Adzuna::API::Response::Category', 'label': 'Unknown', 'tag': 'unknown'}",8.98349,0,Student*in für Masterarbeit im Bereich Map Learning,2026-08-18T22:08:09Z,https://www.adzuna.de/land/ad/5847205340?se=tAdx0pCf8RGSb8VpDRDiVA&utm_medium=api&utm_source=a4bcf954&v=3C3B1AEAB0F6D8563D806FB188A8FB84F5C73C29,"{'__CLASS__': 'Adzuna::API::Response::Company', 'display_name': 'Mercedes-Benz AG'}","Life is always about becoming… Im Leben geht es darum, sich auf eine Reise zu begeben, um die beste Version unseres zukünftigen Selbst zu werden. Während wir Neues entdecken, stellen wir uns Herausforderungen, meistern sie und wachsen über uns hinaus. Bewerben Sie sich bei Mercedes-Benz und finden Sie den Aufgabenbereich, in dem Sie Ihre Talente individuell entfalten können. Dabei werden Sie von visionären Kolleginnen und Kollegen unterstützt, die Ihren Pioniergeist teilen. Bei uns einzusteigen…",48.68872,5847205340,eyJhbGciOiJIUzI1NiJ9.eyJzIjoidEFkeDBwQ2Y4UkdTYjhWcERSRGlWQSIsImkiOiI1ODQ3MjA1MzQwIn0.9eCwJ51s2k15qHSXhvNc3UiS6ChhuH6pkccun2Z-FdY,Adzuna::API::Response::Job,"{'__CLASS__': 'Adzuna::API::Response::Location', 'display_name': 'Böblingen, Böblingen (Kreis)', 'area': ['Deutschland', 'Baden-Württemberg', 'Böblingen (Kreis)', 'Böblingen']}",,,,
"{'tag': 'unknown', 'label': 'Unknown', '__CLASS__': 'Adzuna::API::Response::Category'}",12.33728,0,"Justiziar/in (m/w/d) mit Schwerpunkt Forschungs-, Kooperations- und Transferrecht",2026-08-08T15:09:29Z,https://www.adzuna.de/land/ad/5833445067?se=tAdx0pCf8RGSb8VpDRDiVA&utm_medium=api&utm_source=a4bcf954&v=B4CD9AB0B00AF7B311C7FCB61AB9F24579A9E278,"{'__CLASS__': 'Adzuna::API::Response::Company', 'display_name': 'CTC gGmbH – Center for the Transformation of Chemistry'}","Das Center for the Transformation of Chemistry (CTC) ist ein neu entstehendes Großforschungszentrum in Mitteldeutschland mit den Standorten Delitzsch in Sachsen und Merseburg in Sachsen-Anhalt. Das Zentrum wird in der Gesellschaftsform einer gGmbH vom Bund sowie den Ländern Sachsen und Sachsen-Anhalt betrieben und finanziert. Am CTC wollen wir Chemie neu denken und umsetzen – und zwar auf vielen Ebenen: neue Materialien, neue chemische Prozesse und Anlagen und eine neue Art chemisch zu forschen…",51.52196,5833445067,eyJhbGciOiJIUzI1NiJ9.eyJzIjoidEFkeDBwQ2Y4UkdTYjhWcERSRGlWQSIsImkiOiI1ODMzNDQ1MDY3In0.okeubovQe76QJr4YbldWb5eFcqCMGiVQzSMt_unmWps,Adzuna::API::Response::Job,"{'display_name': 'Delitzsch, Nordsachsen (Kreis)', '__CLASS__': 'Adzuna::API::Response::Location', 'area': ['Deutschland', 'Sachsen', 'Nordsachsen (Kreis)', 'Delitzsch']}",,,,
"{'__CLASS__': 'Adzuna::API::Response::Category', 'label': 'IT-Stellen', 'tag': 'it-jobs'}",,0,"Cloud-Native Architekt (m/w/d) – Kubernetes, CNCF, MLOps",2026-07-18T18:53:50Z,https://www.adzuna.de/land/ad/5806282380?se=tAdx0pCf8RGSb8VpDRDiVA&utm_medium=api&utm_source=a4bcf954&v=0A96B42277F8F96857F09A9F81F77B1BC801CB3A,"{'display_name': 'Rosenxt Group', '__CLASS__': 'Adzuna::API::Response::Company'}","Rosenxt ist eine zukunftsorientierte Technologiegruppe - wir sind visionäre Architekten des Fortschritts mit Jahrzehnten an Ingenieurs-Exzellenz. Als ein privat geführter globaler Partner mit mehr als 650 Mitarbeitern schauen wir weit in die Zukunft, setzen auf Langfristigkeit und machen so aus Chancen erfolgreiche Geschäftsfelder. Wir sind technikbegeistert durch und durch, tauchen tief in die neuesten Technologien ein. Diese Expertise in verschiedensten Technologiebereichen wie Sensoren, auto…",,5806282380,eyJhbGciOiJIUzI1NiJ9.eyJpIjoiNTgwNjI4MjM4MCIsInMiOiJ0QWR4MHBDZjhSR1NiOFZwRFJEaVZBIn0.l5Oz2QO2Pw6LRGvMJa7LkcjaZYHRU5JO3Kl23EUH0ag,Adzuna::API::Response::Job,"{'area': ['Deutschland'], '__CLASS__': 'Adzuna::API::Response::Location', 'display_name': 'Deutschland'}",,,,
"{'__CLASS__': 'Adzuna::API::Response::Category', 'label': 'Unknown', 'tag': 'unknown'}",9.187224,0,Praktikant*in Market Steering - Model D Agendy Model (Pflicht-Praktikum),2026-08-02T01:09:26Z,https://www.adzuna.de/land/ad/5824804677?se=tAdx0pCf8RGSb8VpDRDiVA&utm_medium=api&utm_source=a4bcf954&v=BCB725DB4F5537C7DCF3679C4F7DE6B1B1C4206B,"{'display_name': 'Mercedes-Benz AG', '__CLASS__': 'Adzuna::API::Response::Company'}","Life is always about becoming… Im Leben geht es darum, sich auf eine Reise zu begeben, um die beste Version unseres zukünftigen Selbst zu werden. Während wir Neues entdecken, stellen wir uns Herausforderungen, meistern sie und wachsen über uns hinaus. Bewerben Sie sich bei Mercedes-Benz und finden Sie den Aufgabenbereich, in dem Sie Ihre Talente individuell entfalten können. Dabei werden Sie von visionären Kolleginnen und Kollegen unterstützt, die Ihren Pioniergeist teilen. Bei uns einzusteigen…",48.776198,5824804677,eyJhbGciOiJIUzI1NiJ9.eyJpIjoiNTgyNDgwNDY3NyIsInMiOiJ0QWR4MHBDZjhSR1NiOFZwRFJEaVZBIn0.5sVpAbHDXScOF2iBgPLxcVPLwqlXK1tOZxu8sbxT-fo,Adzuna::API::Response::Job,"{'area': ['Deutschland', 'Baden-Württemberg', 'Stuttgart'], '__CLASS__': 'Adzuna::API::Response::Location', 'display_name': 'Stuttgart, Baden-Württemberg'}",,,,
"{'__CLASS__': 'Adzuna::API::Response::Category', 'label': 'Unknown', 'tag': 'unknown'}",7.54895,0,(Senior) Solution Architect AI (m/w/d),2026-08-03T15:50:18Z,https://www.adzuna.de/land/ad/5826618733?se=tAdx0pCf8RGSb8VpDRDiVA&utm_medium=api&utm_source=a4bcf954&v=1E43691B5DC17E92E5A4DD0A8DFF7BE36797C58B,"{'__CLASS__': 'Adzuna::API::Response::Company', 'display_name': 'Wirtgen GmbH'}","Die Wirtgen GmbH ist Teil der Wirtgen Group, einem international führenden Unternehmensverbund der Baumaschinenindustrie mit Werken in Deutschland, Brasilien, China und Indien sowie einem weltweiten Vertriebs- und Servicenetz. Als Spezialist für Maschinen und Verfahren für den Bau und die Instandsetzung von Fahrbahnen ist Wirtgen Marktführer. Am Unternehmensstandort Windhagen arbeiten rund 2.100 Beschäftigte. Unsere Arbeitswelt ist geprägt von technischer Exzellenz, globaler Zusammenarbeit und …",51.04524,5826618733,eyJhbGciOiJIUzI1NiJ9.eyJzIjoidEFkeDBwQ2Y4UkdTYjhWcERSRGlWQSIsImkiOiI1ODI2NjE4NzMzIn0.eFcC6rL7Z45JUMYlHfckK9G_fq9AZJJNdEvJ2zE-BjE,Adzuna::API::Response::Job,"{'display_name': 'Windhagen, Gummersbach', '__CLASS__': 'Adzuna::API::Response::Location', 'area': ['Deutschland', 'Nordrhein-Westfalen', 'Oberbergischer Kreis', 'Gummersbach', 'Windhagen']}",,,,
"{'tag': 'unknown', 'label': 'Unknown', '__CLASS__': 'Adzuna::API::Response::Category'}",6.86811,0,Initiativbewerbung Data Science / BI,2026-05-12T23:14:56Z,https://www.adzuna.de/details/5727333234?utm_medium=api&utm_source=a4bcf954,"{'display_name': 'Skopos Group', '__CLASS__': 'Adzuna::API::Response::Company'}","Das sind wir Daten sind für uns nicht gleich Daten. Du teilst unsere Mission ""Mehr aus Daten rausholen""? Dann bist Du als Newbie oder erfahrenes Data Science Talent bei uns mehr als willkommen! Bei SKOPOS ELEMENTS unterstützen talentierte Data Scientists zukunftsorientierte Unternehmen und Menschen bei ihrem Weg zur Data Driven Company. Als Teil der SKOPOS GROUP sind wir seit 1995 führender Anbieter in der Marktforschung und beschäftigen aktuell über 140 Mitarbeitende. Begleite unser Wachstum u…",50.87096,5727333234,eyJhbGciOiJIUzI1NiJ9.eyJpIjoiNTcyNzMzMzIzNCIsInMiOiJ0QWR4MHBDZjhSR1NiOFZwRFJEaVZBIn0.fjj4bw18T3d_nV61fRI-JR-VEeGMW4qIh38hyfwx0ZA,Adzuna::API::Response::Job,"{'area': ['Deutschland', 'Nordrhein-Westfalen', 'Rhein-Erft-Kreis', 'Hürth'], '__CLASS__': 'Adzuna::API::Response::Location', 'display_name': 'Hürth, Rhein-Erft-Kreis'}",full_time,,,
"{'__CLASS__': 'Adzuna::API::Response::Category', 'label': 'IT-Stellen', 'tag': 'it-jobs'}",13.420806,0,Engineering Manager (Data Science),2026-07-01T22:58:19Z,https://www.adzuna.de/details/5784246611?utm_medium=api&utm_source=a4bcf954,"{'__CLASS__': 'Adzuna::API::Response::Company', 'display_name': 'Peec AI'}","What you’ll do Build, mentor, and lead an elite data science team as a trusted, empathetic player-coach, while clearly communicating complex technical ideas to executives, customers, and partners Personally design, train, deploy, and own the models that power Peec AI’s AI Search recommendations, taking hands-on responsibility for our most business-critical ML systems Develop and ship novel algorithms that reverse-engineer AI search and LLM behavior, turning deep technical insight into durable, …",52.507706,5784246611,eyJhbGciOiJIUzI1NiJ9.eyJpIjoiNTc4NDI0NjYxMSIsInMiOiJ0QWR4MHBDZjhSR1NiOFZwRFJEaVZBIn0.__P0HbZfghXgVIy8s5VwQFL8Y6CVTiesrqoa6BbGVJk,Adzuna::API::Response::Job,"{'__CLASS__': 'Adzuna::API::Response::Location', 'display_name': 'Berlin, Deutschland', 'area': ['Deutschland', 'Berlin']}",full_time,120000.0,160000.0,
"{'tag': 'unknown', '__CLASS__': 'Adzuna::API::Response::Category', 'label': 'Unknown'}",,0,Data Science Team Leader,2026-08-23T17:34:44Z,https://www.adzuna.de/details/5853714510?utm_medium=api&utm_source=a4bcf954,"{'__CLASS__': 'Adzuna::API::Response::Company', 'display_name': 'Just Eat'}","Ready for a challenge? That’s good, because at Just Eat Takeaway.com (JET) we have abundant opportunity, or, as we say, everything is on the table. We are a leading global online food delivery marketplace. Our tech ecosystem connects millions of active customers with hundreds of thousands of connected partners in countries across the globe. Our mission? To empower every food moment around the world, whether it’s through customer service, coding or couriers. About this role As the Senior Team Le…",,5853714510,eyJhbGciOiJIUzI1NiJ9.eyJzIjoidEFkeDBwQ2Y4UkdTYjhWcERSRGlWQSIsImkiOiI1ODUzNzE0NTEwIn0.LcdKBDYSFl_w6Lz9xx5xHw7fRsRjbYUohSUdM1arif4,Adzuna::API::Response::Job,"{'area': ['Deutschland'], '__CLASS__': 'Adzuna::API::Response::Location', 'display_name': 'Deutschland'}",full_time,,,
"{'label': 'Unknown', '__CLASS__': 'Adzuna::API::Response::Category', 'tag': 'unknown'}",7.55838,0,Duales Studium Data Science,2026-08-05T13:00:32Z,https://www.adzuna.de/details/5829025641?utm_medium=api&utm_source=a4bcf954,"{'display_name': 'Phoenix Contact GmbH & Co. KG', '__CLASS__': 'Adzuna::API::Response::Company'}","Als Industrieunternehmen sammeln wir an vielen Stellen wertvolle Daten – in kaufmännischen Abteilungen, in technischen Bereichen und direkt in der Produktion. Ihre Auswertung hilft uns dabei, Abläufe zu verbessern und effizienter zu gestalten. Dafür ist ein dauerhaftes und strukturiertes Datenmanagement unverzichtbar. Die Zukunft basiert auf der Analyse komplexer Daten. Nur wer diese richtig auswerten und interpretieren kann, sorgt für reibungslose Prozesse und treibt Innovationen voran. Durch …",53.57559,5829025641,eyJhbGciOiJIUzI1NiJ9.eyJzIjoidEFkeDBwQ2Y4UkdTYjhWcERSRGlWQSIsImkiOiI1ODI5MDI1NjQxIn0.RTWOwEb0Kmmrn7vKmdiBohGwUflEUzpg--qfuaw_2SU,Adzuna::API::Response::Job,"{'area': ['Deutschland', 'Niedersachsen', 'Wittmund (Kreis)', 'Blomberg'], '__CLASS__': 'Adzuna::API::Response::Location', 'display_name': 'Blomberg, Wittmund (Kreis)'}",,,,
"{'tag': 'unknown', '__CLASS__': 'Adzuna::API::Response::Category', 'label': 'Unknown'}",13.420806,0,"Data Science, Music & Audio",2025-11-18T19:20:38Z,https://www.adzuna.de/details/5502257930?utm_medium=api&utm_source=a4bcf954,"{'__CLASS__': 'Adzuna::API::Response::Company', 'display_name': 'Melotech'}","Who we are Melotech is revolutionizing media and entertainment. We create art through technology for humans to enjoy. In just 24 months, our work has been heard, watched and loved for over 3 billion minutes worldwide. Founded by entrepreneur and investor Soheil Mirpour, we are backed by top VCs Cherry Ventures, Speedinvest and GFC, alongside world-class angels from firms such as Spotify, Blackstone and KKR. What you will do Join us as our first dedicated Data Scientist to bring order to the cha…",52.507706,5502257930,eyJhbGciOiJIUzI1NiJ9.eyJzIjoidEFkeDBwQ2Y4UkdTYjhWcERSRGlWQSIsImkiOiI1NTAyMjU3OTMwIn0.YY3DV91IT7-jasIgVFkna2_vAPaEw4BZLv-NZnxAh9U,Adzuna::API::Response::Job,"{'area': ['Deutschland', 'Berlin'], 'display_name': 'Berlin, Deutschland', '__CLASS__': 'Adzuna::API::Response::Location'}",full_time,,,
"{'__CLASS__': 'Adzuna::API::Response::Category', 'label': 'Unknown', 'tag': 'unknown'}",13.32966,0,Werkstudent*in Data Science & KI,2026-08-04T17:44:11Z,https://www.adzuna.de/details/5828014741?utm_medium=api&utm_source=a4bcf954,"{'display_name': 'NOW Nationale Organisation für den Wandel in der Mobilität', '__CLASS__': 'Adzuna::API::Response::Company'}","Aufgaben Du unterstützt unser zentrales Daten & Cloud Team bei Datenanalysen, BI-Reporting und Cloud Administration. Du entwickelst und pflegst ETL-Pipelines für End-to-End-Datenanalysen – mit Python auf AWS. Du führst eigenständig Datenanalysen durch und bereitest die Ergebnisse in aussagekräftigen Dashboards und Berichten in Power BI auf. Du verantwortest Aufgaben rund um unser Data Warehouse, etwa Datenmodellierung und Sicherstellung der Datenqualität. Du identifizierst neue KI-Use-Cases, an…",52.50961,5828014741,eyJhbGciOiJIUzI1NiJ9.eyJzIjoidEFkeDBwQ2Y4UkdTYjhWcERSRGlWQSIsImkiOiI1ODI4MDE0NzQxIn0.KkejM07tJLyKgPkGnglLVbM4Zv-BaxuVHkN1B1K3KaM,Adzuna::API::Response::Job,"{'display_name': 'Tiergarten, Berlin', '__CLASS__': 'Adzuna::API::Response::Location', 'area': ['Deutschland', 'Berlin', 'Tiergarten']}",part_time,,,
"{'__CLASS__': 'Adzuna::API::Response::Category', 'label': 'Unknown', 'tag': 'unknown'}",10.85789,0,Data Science Lead 1,2026-03-19T22:33:09Z,https://www.adzuna.de/details/5672477950?utm_medium=api&utm_source=a4bcf954,"{'__CLASS__': 'Adzuna::API::Response::Company', 'display_name': 'UCB'}","Make your mark for patients To strengthen our Global Advanced Analytics team, we are looking for an adaptable, collaborative individual with an intrapreneurial mindset for our Analytics Lead opening . This hybrid role is based in our headquarters in Monheim, Germany requiring 40% onsite presence and 5-10% international/ domestic travel. About the role You will help to inform on the commercial viability of various assets in development. You will be responsible for making exceptional business imp…",48.84099,5672477950,eyJhbGciOiJIUzI1NiJ9.eyJzIjoidEFkeDBwQ2Y4UkdTYjhWcERSRGlWQSIsImkiOiI1NjcyNDc3OTUwIn0.qBC5wqSLIhyBc259jJxgN2TeLBaZnUnb6dXDK2nSvC4,Adzuna::API::Response::Job,"{'area': ['Deutschland', 'Bayern', 'Donau-Ries (Kreis)', 'Monheim'], '__CLASS__': 'Adzuna::API::Response::Location', 'display_name': 'Monheim, Donau-Ries (Kreis)'}",,,,
"{'__CLASS__': 'Adzuna::API::Response::Category', 'label': 'Stellen aus Buchhaltung & Finanzwesen', 'tag': 'accounting-finance-jobs'}",,0,(Senior) Risk Manager (m/w/d) Modeling & Data Science - Fokus Retail Credit Risk,2026-08-19T17:30:19Z,https://www.adzuna.de/land/ad/5848406530?se=tAdx0pCf8RGSb8VpDRDiVA&utm_medium=api&utm_source=a4bcf954&v=240D1ED696BEA5FC26B49518A47E8C74D7244096,"{'display_name': 'Creditplus Bank AG', '__CLASS__': 'Adzuna::API::Response::Company'}","Wir machen Wünsche machbar – unsere Mission ist es, das Leben unserer Kund:innen zu bereichern und mit unseren Finanzdienstleistungen Träume zu verwirklichen. Wir verstehen uns nicht als typische Bank, sondern als lebendige Gemeinschaft von Gestalter:innen, die keine Angst davor haben, neue Wege zu gehen. Dabei setzen wir uns alle auch noch für Themen mit Impact wie Nachhaltigkeit und Digitalisierung ein – ob in unserer Zentrale in Stuttgart, an unserem Standort in Offenbach oder deutschlandwei…",,5848406530,eyJhbGciOiJIUzI1NiJ9.eyJzIjoidEFkeDBwQ2Y4UkdTYjhWcERSRGlWQSIsImkiOiI1ODQ4NDA2NTMwIn0.4cACUE9DzHzr51rlK1j9lb41zgXQKyCCKyJkInWGoTc,Adzuna::API::Response::Job,"{'display_name': 'Deutschland', '__CLASS__': 'Adzuna::API::Response::Location', 'area': ['Deutschland']}",,,,
"{'label': 'Unknown', '__CLASS__': 'Adzuna::API::Response::Category', 'tag': 'unknown'}",8.20168,0,Werkstudent*in Qualitätsmanagement,2026-08-18T15:12:07Z,https://www.adzuna.de/land/ad/5846757485?se=tAdx0pCf8RGSb8VpDRDiVA&utm_medium=api&utm_source=a4bcf954&v=FA8B0EA73AC7AA387D29911CBB76FFAF92282EFF,"{'display_name': 'Mercedes-Benz AG', '__CLASS__': 'Adzuna::API::Response::Company'}","Life is always about becoming… Im Leben geht es darum, sich auf eine Reise zu begeben, um die beste Version unseres zukünftigen Selbst zu werden. Während wir Neues entdecken, stellen wir uns Herausforderungen, meistern sie und wachsen über uns hinaus. Bewerben Sie sich bei Mercedes-Benz und finden Sie den Aufgabenbereich, in dem Sie Ihre Talente individuell entfalten können. Dabei werden Sie von visionären Kolleginnen und Kollegen unterstützt, die Ihren Pioniergeist teilen. Bei uns einzusteigen…",48.85746,5846757485,eyJhbGciOiJIUzI1NiJ9.eyJzIjoidEFkeDBwQ2Y4UkdTYjhWcERSRGlWQSIsImkiOiI1ODQ2NzU3NDg1In0.ctqqfXL1pwn64tkl4swh4EyYUHRdco6Gqw5glTiGUSM,Adzuna::API::Response::Job,"{'display_name': 'Rastatt, Rastatt (Kreis)', '__CLASS__': 'Adzuna::API::Response::Location', 'area': ['Deutschland', 'Baden-Württemberg', 'Rastatt (Kreis)', 'Rastatt']}",,,,
"{'label': 'Unknown', '__CLASS__': 'Adzuna::API::Response::Category', 'tag': 'unknown'}",11.555737,0,Duales Studium B.Sc. Data Science und Künstliche Intelligenz (d/m/w) zum 01.09.2027,2026-06-19T21:03:05Z,https://www.adzuna.de/details/5769550193?utm_medium=api&utm_source=a4bcf954,"{'__CLASS__': 'Adzuna::API::Response::Company', 'display_name': 'E Airbus Defence and Space GmbH'}","Job Description: Dein Duales Studium B.Sc. (d/m/w) Data Science & Künstliche Intelligenz zum 01.09.2027 Starte deine Karriere bei Airbus! Bist du fasziniert davon, wie riesige Datenmengen und Künstliche Intelligenz die Geschäftswelt und unser Leben verändern, und möchtest aktiv die Zukunft mitgestalten? Dann ist ein Duales Studium bei Airbus genau das Richtige für dich! B.Sc. Data Science und Künstliche Intelligenz: Dieser Studiengang konzentriert sich stark auf die Analyse großer Datenmengen ,…",48.137418,5769550193,eyJhbGciOiJIUzI1NiJ9.eyJzIjoidEFkeDBwQ2Y4UkdTYjhWcERSRGlWQSIsImkiOiI1NzY5NTUwMTkzIn0.4r4FC-W_CRuZq_ZRDM5pEMp5rR_cBYNqaLJdHpS97go,Adzuna::API::Response::Job,"{'display_name': 'München, München (Kreis)', '__CLASS__': 'Adzuna::API::Response::Location', 'area': ['Deutschland', 'Bayern', 'München (Kreis)', 'München']}",,,,
"{'tag': 'it-jobs', 'label': 'IT-Stellen', '__CLASS__': 'Adzuna::API::Response::Category'}",10.89379,0,Werkstudent (m/w/d) Technisches Produktmanagement & AI Mietwagen,2026-08-21T16:10:30Z,https://www.adzuna.de/land/ad/5851077995?se=tAdx0pCf8RGSb8VpDRDiVA&utm_medium=api&utm_source=a4bcf954&v=39592565695A83A0D4B59D1AE6FAE62D83D03B28,"{'__CLASS__': 'Adzuna::API::Response::Company', 'display_name': 'CHECK24'}",CHECK24 ist das Vergleichsportal: Wir sind Marktführer und dynamisches Startup in einem. In agilen Teams treffen wir schnelle Entscheidungen und leben flache Hierarchien. Durch den gezielten Einsatz modernster Tools und Technologien sowie State-of-the-Art-Methoden der KI treiben wir datengetriebene Innovationen voran - immer mit Blick auf den Mehrwert für unsere Kunden. Als Werkstudent (m/w/d) Technisches Produktmanagement & AI arbeitest Du von Anfang an an der Weiterentwicklung unseres Mietwag…,48.357096,5851077995,eyJhbGciOiJIUzI1NiJ9.eyJpIjoiNTg1MTA3Nzk5NSIsInMiOiJ0QWR4MHBDZjhSR1NiOFZwRFJEaVZBIn0.pzJzM-SijL-4_0Upr34X_WH2IfibZO62ImTy8Fck9ts,Adzuna::API::Response::Job,"{'area': ['Deutschland', 'Bayern', 'Augsburg (Kreis)', 'Augsburg'], 'display_name': 'Augsburg, Augsburg (Kreis)', '__CLASS__': 'Adzuna::API::Response::Location'}",,,,
"{'label': 'IT-Stellen', '__CLASS__': 'Adzuna::API::Response::Category', 'tag': 'it-jobs'}",6.969972,0,Software Architect Azure AI (all genders),2026-07-13T03:23:37Z,https://www.adzuna.de/land/ad/5798404888?se=tAdx0pCf8RGSb8VpDRDiVA&utm_medium=api&utm_source=a4bcf954&v=79596C0D06E2D052771FB6907D8BB0AA4F9380FF,"{'display_name': 'adesso SE', '__CLASS__': 'Adzuna::API::Response::Company'}","adesso steht für digitale Exzellenz – und damit auch für vielfältige Entwicklungsmöglichkeiten für alle adessi. Wir wachsen gemeinsam und lernen voneinander: in anspruchsvollen Projekten, interdisziplinären Teams und mit zielgerichteten Trainingsangeboten. Wir haben IT im Herzen und den Erfolg unserer Kunden im Fokus. Als Treiber der KI-Transformation verbinden wir Mut zur Veränderung mit technologischer Expertise und zukunftsfähigen Strategien. Was uns stark macht, sind unsere adessi, die etwa…",50.940164,5798404888,eyJhbGciOiJIUzI1NiJ9.eyJzIjoidEFkeDBwQ2Y4UkdTYjhWcERSRGlWQSIsImkiOiI1Nzk4NDA0ODg4In0.4E9m6dnGE3BFURG4UR7uo8z8vUk6d3BTlHuNXG8dQOk,Adzuna::API::Response::Job,"{'area': ['Deutschland', 'Nordrhein-Westfalen', 'Köln'], 'display_name': 'Köln, Nordrhein-Westfalen', '__CLASS__': 'Adzuna::API::Response::Location'}",,,,
"{'tag': 'it-jobs', '__CLASS__': 'Adzuna::API::Response::Category', 'label': 'IT-Stellen'}",7.54895,0,(Senior) Solution Architect Integration Platform (m/w/d),2026-08-02T15:49:13Z,https://www.adzuna.de/land/ad/5825718261?se=tAdx0pCf8RGSb8VpDRDiVA&utm_medium=api&utm_source=a4bcf954&v=26A9BA11C47DD8F6A7E3CF6CD7D8ABB00E4E4CFA,"{'display_name': 'Wirtgen GmbH', '__CLASS__': 'Adzuna::API::Response::Company'}","Wegbereiter neuer Chancen – Willkommen bei der Wirtgen GmbH Die Wirtgen GmbH ist Teil der Wirtgen Group, einem international führenden Unternehmensverbund der Baumaschinenindustrie mit Werken in Deutschland, Brasilien, China und Indien sowie einem weltweiten Vertriebs- und Servicenetz. Als Spezialist für Maschinen und Verfahren für den Bau und die Instandsetzung von Fahrbahnen ist Wirtgen Marktführer. Am Unternehmensstandort Windhagen arbeiten rund 2.100 Beschäftigte. Unsere Arbeitswelt ist gep…",51.04524,5825718261,eyJhbGciOiJIUzI1NiJ9.eyJzIjoidEFkeDBwQ2Y4UkdTYjhWcERSRGlWQSIsImkiOiI1ODI1NzE4MjYxIn0.YFAEC9drV-7MxYglk5SrXCvODumsXuteOdCycGelox8,Adzuna::API::Response::Job,"{'area': ['Deutschland', 'Nordrhein-Westfalen', 'Oberbergischer Kreis', 'Gummersbach', 'Windhagen'], '__CLASS__': 'Adzuna::API::Response::Location', 'display_name': 'Windhagen, Gummersbach'}",,,,
"{'__CLASS__': 'Adzuna::API::Response::Category', 'label': 'Unknown', 'tag': 'unknown'}",13.420806,0,Data Science Expert - Fully Remote,2026-08-10T12:30:38Z,https://www.adzuna.de/details/5835477251?utm_medium=api&utm_source=a4bcf954,"{'__CLASS__': 'Adzuna::API::Response::Company', 'display_name': 'Mercor'}","About the job Mercor connects elite creative and technical talent with leading AI research labs. Headquartered in San Francisco, our investors include Benchmark , General Catalyst , Peter Thiel , Adam D'Angelo , Larry Summers , and Jack Dorsey . Position: Data Science and Analytics Experts Type: Contract Compensation: $60–$70/hour Location: Remote Role Responsibilities Construct enterprise data science scenarios for large-scale predictive modeling and multi-stakeholder analytics governance at F…",52.507706,5835477251,eyJhbGciOiJIUzI1NiJ9.eyJzIjoidEFkeDBwQ2Y4UkdTYjhWcERSRGlWQSIsImkiOiI1ODM1NDc3MjUxIn0.KmuxI5bs8QFC09qFAYtJF1dp9wwbZsLJvL4rTwTytD0,Adzuna::API::Response::Job,"{'area': ['Deutschland', 'Berlin'], 'display_name': 'Berlin, Deutschland', '__CLASS__': 'Adzuna::API::Response::Location'}",,,,
"{'tag': 'unknown', '__CLASS__': 'Adzuna::API::Response::Category', 'label': 'Unknown'}",13.420806,0,Data Science Expert - AI Evaluation,2026-08-11T12:29:53Z,https://www.adzuna.de/details/5836581118?utm_medium=api&utm_source=a4bcf954,"{'display_name': 'Mercor', '__CLASS__': 'Adzuna::API::Response::Company'}","About the job Mercor connects elite creative and technical talent with leading AI research labs. Headquartered in San Francisco, our investors include Benchmark , General Catalyst , Peter Thiel , Adam D'Angelo , Larry Summers , and Jack Dorsey . Position: Data Science Expert Type: Contract Compensation: $120–$170/hour Location: Remote Role Responsibilities Design precise, task-specific grading criteria for real-world data science deliverables such as analyses, models, dashboards, and experiment…",52.507706,5836581118,eyJhbGciOiJIUzI1NiJ9.eyJzIjoidEFkeDBwQ2Y4UkdTYjhWcERSRGlWQSIsImkiOiI1ODM2NTgxMTE4In0.x331qjWWFMN1DPyRMgrpothjOHNkUfvRKD2l8JoLeus,Adzuna::API::Response::Job,"{'__CLASS__': 'Adzuna::API::Response::Location', 'display_name': 'Berlin, Deutschland', 'area': ['Deutschland', 'Berlin']}",,,,
"{'label': 'Unknown', '__CLASS__': 'Adzuna::API::Response::Category', 'tag': 'unknown'}",13.420806,0,Data Science Specialist - Fully Remote,2026-08-14T12:32:59Z,https://www.adzuna.de/details/5841712586?utm_medium=api&utm_source=a4bcf954,"{'display_name': 'Mercor', '__CLASS__': 'Adzuna::API::Response::Company'}","About the job Mercor connects elite creative and technical talent with leading AI research labs. Headquartered in San Francisco, our investors include Benchmark , General Catalyst , Peter Thiel , Adam D'Angelo , Larry Summers , and Jack Dorsey . Position: Data Science Expert Type: Contract Compensation: $120–$170/hour Location: Remote Role Responsibilities Design precise, task-specific grading criteria for real-world data science deliverables such as analyses, models, dashboards, and experiment…",52.507706,5841712586,eyJhbGciOiJIUzI1NiJ9.eyJzIjoidEFkeDBwQ2Y4UkdTYjhWcERSRGlWQSIsImkiOiI1ODQxNzEyNTg2In0.cIQWm3WaEhRi5ikt2ZCjcrRUPJbhSwaoe_wppU57XRA,Adzuna::API::Response::Job,"{'area': ['Deutschland', 'Berlin'], 'display_name': 'Berlin, Deutschland', '__CLASS__': 'Adzuna::API::Response::Location'}",,,,
"{'tag': 'unknown', 'label': 'Unknown', '__CLASS__': 'Adzuna::API::Response::Category'}",13.420806,0,Data Science Expert - Fully Remote,2026-08-13T12:31:57Z,https://www.adzuna.de/details/5840176653?utm_medium=api&utm_source=a4bcf954,"{'__CLASS__': 'Adzuna::API::Response::Company', 'display_name': 'Mercor'}","About the job Mercor connects elite creative and technical talent with leading AI research labs. Headquartered in San Francisco, our investors include Benchmark , General Catalyst , Peter Thiel , Adam D'Angelo , Larry Summers , and Jack Dorsey . Position: Data Scientist Talent Network Type: Contract Compensation: $100–$150/hour Location: Remote Role Responsibilities Design precise, task-specific grading criteria for data science deliverables, including exploratory data analyses , statistical mo…",52.507706,5840176653,eyJhbGciOiJIUzI1NiJ9.eyJzIjoidEFkeDBwQ2Y4UkdTYjhWcERSRGlWQSIsImkiOiI1ODQwMTc2NjUzIn0.ixCNUkqyNpAsYIeXUDxndjChWpEiOZ-76U3RupXomrI,Adzuna::API::Response::Job,"{'area': ['Deutschland', 'Berlin'], 'display_name': 'Berlin, Deutschland', '__CLASS__': 'Adzuna::API::Response::Location'}",,,,
"{'label': 'Unknown', '__CLASS__': 'Adzuna::API::Response::Category', 'tag': 'unknown'}",14.10731,0,Praktikum/Abschlussarbeit im Bereich Data Science,2025-07-12T22:07:55Z,https://www.adzuna.de/details/5299866746?utm_medium=api&utm_source=a4bcf954,"{'__CLASS__': 'Adzuna::API::Response::Company', 'display_name': 'KSB'}","Unterstützen Sie uns im Rahmen eines Praktikums/einer Abschlussarbeit im Bereich Data Science. Studium/Fachrichtung | Mathematik, Statistik, Data Science, Informatik, Physik oder vglb. Studiengänge Einsatzbereich | Praktikum/Abschlussarbeit im Bereich Data Science Dauer | 3-6 Monate Bestens gefordert | Wir suchen motivierte Studierende, die sich unserem Data Science Team für ein Pflichtpraktikum und/oder eine Bachelor-/Masterarbeit (3-6 Monate) anschließen möchten. Bei uns können Sie praktische…",51.13209,5299866746,eyJhbGciOiJIUzI1NiJ9.eyJzIjoidEFkeDBwQ2Y4UkdTYjhWcERSRGlWQSIsImkiOiI1Mjk5ODY2NzQ2In0.1dSaAJ9AqeXo_MXacavufeT5BLNZ27dS391MMm3UtsM,Adzuna::API::Response::Job,"{'display_name': 'Frankenthal, Bautzen (Kreis)', '__CLASS__': 'Adzuna::API::Response::Location', 'area': ['Deutschland', 'Sachsen', 'Bautzen (Kreis)', 'Frankenthal']}",,,,
"{'__CLASS__': 'Adzuna::API::Response::Category', 'label': 'Unknown', 'tag': 'unknown'}",9.99333,0,Werkstudent Data Science - Jobsuche & Job-Empfehlung,2026-07-23T04:30:32Z,https://www.adzuna.de/details/5811753434?utm_medium=api&utm_source=a4bcf954,"{'__CLASS__': 'Adzuna::API::Response::Company', 'display_name': 'XING'}","Als Werkstudent im Bereich Data Science unterstützt du uns dabei, unsere Such- und Empfehlungssysteme datenbasiert weiterzuentwickeln. Du arbeitest mit echten Nutzerprofilen, Stellenanzeigen sowie Such- und Empfehlungsergebnissen und hilfst uns zu verstehen, was ein gutes Matching ausmacht. Du bist Teil eines internationalen Data-Science-Teams und erhältst Einblicke in die Entwicklung datengetriebener Produkte – von der Analyse einzelner Ergebnisse bis hin zu produktiven Machine-Learning-System…",53.54167,5811753434,eyJhbGciOiJIUzI1NiJ9.eyJpIjoiNTgxMTc1MzQzNCIsInMiOiJ0QWR4MHBDZjhSR1NiOFZwRFJEaVZBIn0.ABd3lOUxtazWf8JJZMYhmSF6NUEW31tyGsCsRy-m010,Adzuna::API::Response::Job,"{'__CLASS__': 'Adzuna::API::Response::Location', 'display_name': 'HafenCity, Hamburg', 'area': ['Deutschland', 'Hamburg', 'HafenCity']}",,,,contract
"{'label': 'Unknown', '__CLASS__': 'Adzuna::API::Response::Category', 'tag': 'unknown'}",13.420806,0,"Research Scientist, Foundational Data Science",2026-07-05T00:49:56Z,https://www.adzuna.de/details/5788539455?utm_medium=api&utm_source=a4bcf954,"{'display_name': 'Prior Labs', '__CLASS__': 'Adzuna::API::Response::Company'}","Who we are Foundation models transformed text and images. Structured data - the largest and most consequential data format in the world - stayed untouched, until now. What LLMs did for language, we're doing for tables. We pioneered tabular foundation models: TabPFN v2 was a Nature cover story, has passed 3.5M downloads and 7,500 GitHub stars, and runs in production from detecting lung disease with Oxford Cancer Analytics to preventing train failures with Hitachi . The hardest problems - million…",52.507706,5788539455,eyJhbGciOiJIUzI1NiJ9.eyJzIjoidEFkeDBwQ2Y4UkdTYjhWcERSRGlWQSIsImkiOiI1Nzg4NTM5NDU1In0.G-AS9s5vgI9ZLdtKToezJKrBIdJCYt3q7lsiLgwrI7Q,Adzuna::API::Response::Job,"{'area': ['Deutschland', 'Berlin'], '__CLASS__': 'Adzuna::API::Response::Location', 'display_name': 'Berlin, Deutschland'}",full_time,,,
"{'tag': 'pr-advertising-marketing-jobs', 'label': 'Stellen aus PR, Werbung & Marketing', '__CLASS__': 'Adzuna::API::Response::Category'}",11.44811,0,Projektmanager – Data Analytics / Data Science,2026-06-26T23:23:03Z,https://www.adzuna.de/details/5778269339?utm_medium=api&utm_source=a4bcf954,"{'display_name': 'Guldberg', '__CLASS__': 'Adzuna::API::Response::Company'}","Für den Standort München suchen wir: Projektmanager – Data Analytics / Data Science Ihre Aufgaben: Planung, Steuerung und Umsetzung datengetriebener Use Cases und Projekte über den gesamten Lifecycle Projektmanagement im Data-/Analytics-Umfeld (Termine, Budget, Risiken, Ressourcen) Zusammenarbeit mit Data Scientists, Data Analysts, Data Engineers, Product Ownern und Fachbereichen Übersetzung fachlicher Anforderungen in analytische Lösungsansätze Steuerung interner und externer Projektbeteiligte…",48.18449,5778269339,eyJhbGciOiJIUzI1NiJ9.eyJzIjoidEFkeDBwQ2Y4UkdTYjhWcERSRGlWQSIsImkiOiI1Nzc4MjY5MzM5In0.3TGLI-cX5NzIzcv0rPs91fPQuCCqlPMjQYWFQXzblrY,Adzuna::API::Response::Job,"{'display_name': 'Allach-Untermenzing, München', '__CLASS__': 'Adzuna::API::Response::Location', 'area': ['Deutschland', 'Bayern', 'München (Kreis)', 'München', 'Allach-Untermenzing']}",full_time,,,
"{'__CLASS__': 'Adzuna::API::Response::Category', 'label': 'Unknown', 'tag': 'unknown'}",,0,Data Science Intern (FT Potential),2026-05-30T23:27:29Z,https://www.adzuna.de/details/5745959926?utm_medium=api&utm_source=a4bcf954,"{'__CLASS__': 'Adzuna::API::Response::Company', 'display_name': 'Finmid'}","About finmid finmid 's mission is to enable software companies to reimagine how their business customers access capital. By productizing the complexity of financial services, finmid empowers companies to offer financial services where FinTech isn't the mission but enables the mission. About the opportunity We are looking for a Data Science Intern to join our Data team. This is an exciting opportunity for someone early in their career who is hungry to learn and build. You’ll work closely with th…",,5745959926,eyJhbGciOiJIUzI1NiJ9.eyJzIjoidEFkeDBwQ2Y4UkdTYjhWcERSRGlWQSIsImkiOiI1NzQ1OTU5OTI2In0.5twZGROs4lHGiI49Zn8iCYaqpjd6sNRxSj_sVdDE3OI,Adzuna::API::Response::Job,"{'area': ['Deutschland'], 'display_name': 'Deutschland', '__CLASS__': 'Adzuna::API::Response::Location'}",full_time,,,
"{'tag': 'unknown', 'label': 'Unknown', '__CLASS__': 'Adzuna::API::Response::Category'}",13.420806,0,"Data Science Intern, Music & Audio",2025-11-18T18:47:23Z,https://www.adzuna.de/details/5502240982?utm_medium=api&utm_source=a4bcf954,"{'__CLASS__': 'Adzuna::API::Response::Company', 'display_name': 'Melotech'}","Who we are Melotech is revolutionizing media and entertainment. We create art through technology for humans to enjoy. In just 24 months, our work has been heard, watched and loved for over 3 billion minutes worldwide. Founded by entrepreneur and investor Soheil Mirpour, we are backed by top VCs Cherry Ventures, Speedinvest and GFC, alongside world-class angels from firms such as Spotify, Blackstone and KKR. What you will do Join us as Data Scientist Intern to bring order to the chaos of culture…",52.507706,5502240982,eyJhbGciOiJIUzI1NiJ9.eyJzIjoidEFkeDBwQ2Y4UkdTYjhWcERSRGlWQSIsImkiOiI1NTAyMjQwOTgyIn0.LlC33iKIG4hOlUrT8IXd8HM5agly57TxcF57zx2e-KQ,Adzuna::API::Response::Job,"{'area': ['Deutschland', 'Berlin'], 'display_name': 'Berlin, Deutschland', '__CLASS__': 'Adzuna::API::Response::Location'}",full_time,,,
"{'tag': 'unknown', 'label': 'Unknown', '__CLASS__': 'Adzuna::API::Response::Category'}",13.38475,0,Data Science Intern (all genders),2026-07-13T00:10:55Z,https://www.adzuna.de/details/5798295689?utm_medium=api&utm_source=a4bcf954,"{'__CLASS__': 'Adzuna::API::Response::Company', 'display_name': 'Stark'}","About Us STARK is a new kind of defence technology company revolutionising the way autonomous systems are deployed across multiple domains. We design, develop and manufacture high-performance unmanned systems that are software-defined, mass-scalable and cost-effective. This provides our operators with a decisive edge in highly contested environments. We’re focused on delivering deployable, high-performance systems—not future promises. In a time of rising threats, STARK is bolstering the technol…",52.51551,5798295689,eyJhbGciOiJIUzI1NiJ9.eyJzIjoibVBHUzA1Q2Y4UkdON1pxVGF4Mjh1USIsImkiOiI1Nzk4Mjk1Njg5In0.iHlzEjqIY62tvhrgd2uEJdBj8hLKLwr5lK1jljwAAoQ,Adzuna::API::Response::Job,"{'__CLASS__': 'Adzuna::API::Response::Location', 'display_name': 'Mitte, Berlin', 'area': ['Deutschland', 'Berlin', 'Mitte']}",part_time,,,
"{'tag': 'unknown', '__CLASS__': 'Adzuna::API::Response::Category', 'label': 'Unknown'}",9.9125,0,Bioprocess Data Science working student,2026-08-23T17:57:19Z,https://www.adzuna.de/details/5853759607?utm_medium=api&utm_source=a4bcf954,"{'display_name': 'MicroHarvest', '__CLASS__': 'Adzuna::API::Response::Company'}","Would you love to turn laboratory and process data into decisions that shape how food is made? Then join us, take on real bioprocess related analytical and data challenges, and continuously push beyond what was deemed impossible. And work in an energetic, highly ambitious, and international scale-up environment designing the processes and factories of tomorrow. Let´s change the world together! Tasks Support the I&D team in collecting, structuring, and analyzing data from upstream and downstream…",53.55057,5853759607,eyJhbGciOiJIUzI1NiJ9.eyJpIjoiNTg1Mzc1OTYwNyIsInMiOiJtUEdTMDVDZjhSR043WnFUYXgyOHVRIn0.5oc6w79yQSu4UzxHn6YW0Hsj76UugkaLCeUOg_1Xh60,Adzuna::API::Response::Job,"{'display_name': 'Ottensen, Hamburg', 'area': ['Deutschland', 'Hamburg', 'Ottensen'], '__CLASS__': 'Adzuna::API::Response::Location'}",,,,
"{'__CLASS__': 'Adzuna::API::Response::Category', 'label': 'Unknown', 'tag': 'unknown'}",9.987297,0,Bioprocess Data Science working student,2026-08-21T16:45:39Z,https://www.adzuna.de/details/5851102206?utm_medium=api&utm_source=a4bcf954,"{'__CLASS__': 'Adzuna::API::Response::Company', 'display_name': 'MicroHarvest'}","Would you love to turn laboratory and process data into decisions that shape how food is made? Then join us, take on real bioprocess related analytical and data challenges, and continuously push beyond what was deemed impossible. And work in an energetic, highly ambitious, and international scale-up environment designing the processes and factories of tomorrow. Let´s change the world together! Tasks Support the I&D team in collecting, structuring, and analyzing data from upstream and downstream…",53.557429,5851102206,eyJhbGciOiJIUzI1NiJ9.eyJpIjoiNTg1MTEwMjIwNiIsInMiOiJtUEdTMDVDZjhSR043WnFUYXgyOHVRIn0.8tabrCvNvV5AUuyYaYeGC-q-Xo2WfDzXgj6FyLYrf6o,Adzuna::API::Response::Job,"{'display_name': 'Hamburg, Deutschland', 'area': ['Deutschland', 'Hamburg'], '__CLASS__': 'Adzuna::API::Response::Location'}",full_time,,,
"{'tag': 'unknown', '__CLASS__': 'Adzuna::API::Response::Category', 'label': 'Unknown'}",9.99417,0,Bioprocess Data Science working student,2026-08-21T22:06:22Z,https://www.adzuna.de/details/5851426364?utm_medium=api&utm_source=a4bcf954,"{'__CLASS__': 'Adzuna::API::Response::Company', 'display_name': 'MicroHarvest'}","Would you love to turn laboratory and process data into decisions that shape how food is made? Then join us, take on real bioprocess related analytical and data challenges, and continuously push beyond what was deemed impossible. And work in an energetic, highly ambitious, and international scale-up environment designing the processes and factories of tomorrow. Let´s change the world together! Tasks Support the I&D team in collecting, structuring, and analyzing data from upstream and downstream…",53.5504,5851426364,eyJhbGciOiJIUzI1NiJ9.eyJzIjoibVBHUzA1Q2Y4UkdON1pxVGF4Mjh1USIsImkiOiI1ODUxNDI2MzY0In0.MR5nVmKL4RwqrRVtbvam5iLHo7BV3vlFCSo1ylvNWqw,Adzuna::API::Response::Job,"{'__CLASS__': 'Adzuna::API::Response::Location', 'area': ['Deutschland', 'Hamburg', 'Hamburg-Altstadt'], 'display_name': 'Hamburg-Altstadt, Hamburg'}",,,,
"{'tag': 'it-jobs', 'label': 'IT-Stellen', '__CLASS__': 'Adzuna::API::Response::Category'}",12.96065,0,IT Projektleiter - SaaS / KI / SAP / PLM (m/w/d),2026-07-15T21:26:45Z,https://www.adzuna.de/land/ad/5801508978?se=mPGS05Cf8RGN7ZqTax28uQ&utm_medium=api&utm_source=a4bcf954&v=680241CBC2CEEA053248E8208BBAE4699C233C1F,"{'display_name': 'PartSpace GmbH', '__CLASS__': 'Adzuna::API::Response::Company'}","Wenn du schon mal eine CAD-Zeichnung gesehen hast und dachtest: „Da steckt doch mehr drin als nur Linien und Maße“, dann wirst du dich bei uns schnell zu Hause fühlen. Denn genau das glauben wir auch! Wir arbeiten jeden Tag daran, dieses „Mehr“ sichtbar zu machen. PartSpace ist die Plattform, die technischen Zeichnungen eine neue Bedeutung gibt: Unsere KI analysiert, versteht und rechnet aus, was früher Bauchgefühl war. Direkt aus der Konstruktion heraus. So helfen wir Industrieunternehmen, ihr…",48.83367,5801508978,eyJhbGciOiJIUzI1NiJ9.eyJpIjoiNTgwMTUwODk3OCIsInMiOiJtUEdTMDVDZjhSR043WnFUYXgyOHVRIn0.nrpufYpHc4fBRyQpgj1B5tobanWaqckAXbZXp3LYPHI,Adzuna::API::Response::Job,"{'__CLASS__': 'Adzuna::API::Response::Location', 'display_name': 'Deggendorf, Deggendorf (Kreis)', 'area': ['Deutschland', 'Bayern', 'Deggendorf (Kreis)', 'Deggendorf']}",,,,
"{'label': 'Unknown', '__CLASS__': 'Adzuna::API::Response::Category', 'tag': 'unknown'}",6.808387,0,Data Engineer Salesforce Data Cloud (all genders),2026-06-23T06:22:14Z,https://www.adzuna.de/land/ad/5773180923?se=mPGS05Cf8RGN7ZqTax28uQ&utm_medium=api&utm_source=a4bcf954&v=9DBD8C099FEB8FF40F33D01C07A314BF26299758,"{'__CLASS__': 'Adzuna::API::Response::Company', 'display_name': 'adesso SE'}","adesso steht für digitale Exzellenz – und damit auch für vielfältige Entwicklungsmöglichkeiten für alle adessi. Wir wachsen gemeinsam und lernen voneinander: in anspruchsvollen Projekten, interdisziplinären Teams und mit zielgerichteten Trainingsangeboten. Wir haben IT im Herzen und den Erfolg unserer Kunden im Fokus. Als Treiber der KI-Transformation verbinden wir Mut zur Veränderung mit technologischer Expertise und zukunftsfähigen Strategien. Was uns stark macht, sind unsere adessi, die etwa…",51.226802,5773180923,eyJhbGciOiJIUzI1NiJ9.eyJzIjoibVBHUzA1Q2Y4UkdON1pxVGF4Mjh1USIsImkiOiI1NzczMTgwOTIzIn0.MNZQ2muqo-Nu5Ikn6cn17RAqEo_RhcAFLI4GDtAQYgU,Adzuna::API::Response::Job,"{'__CLASS__': 'Adzuna::API::Response::Location', 'display_name': 'Düsseldorf, Nordrhein-Westfalen', 'area': ['Deutschland', 'Nordrhein-Westfalen', 'Düsseldorf']}",,,,
"{'__CLASS__': 'Adzuna::API::Response::Category', 'label': 'Unknown', 'tag': 'unknown'}",9.026231,0,Student*in für Bachelorarbeit KI-basierte eDrive Auslegung,2026-08-10T16:00:11Z,https://www.adzuna.de/land/ad/5835651875?se=mPGS05Cf8RGN7ZqTax28uQ&utm_medium=api&utm_source=a4bcf954&v=05A81E9AC0F836061D4275474041459171090F16,"{'display_name': 'Mercedes-Benz AG', '__CLASS__': 'Adzuna::API::Response::Company'}","Life is always about becoming… Im Leben geht es darum, sich auf eine Reise zu begeben, um die beste Version unseres zukünftigen Selbst zu werden. Während wir Neues entdecken, stellen wir uns Herausforderungen, meistern sie und wachsen über uns hinaus. Bewerben Sie sich bei Mercedes-Benz und finden Sie den Aufgabenbereich, in dem Sie Ihre Talente individuell entfalten können. Dabei werden Sie von visionären Kolleginnen und Kollegen unterstützt, die Ihren Pioniergeist teilen. Bei uns einzusteigen…",48.720071,5835651875,eyJhbGciOiJIUzI1NiJ9.eyJpIjoiNTgzNTY1MTg3NSIsInMiOiJtUEdTMDVDZjhSR043WnFUYXgyOHVRIn0.9pQJgmF8H1Ox7T9-KD-9DO4JEyE0Tjl5f-U4gt06598,Adzuna::API::Response::Job,"{'display_name': 'Sindelfingen, Böblingen (Kreis)', 'area': ['Deutschland', 'Baden-Württemberg', 'Böblingen (Kreis)', 'Sindelfingen'], '__CLASS__': 'Adzuna::API::Response::Location'}",,,,
"{'tag': 'unknown', '__CLASS__': 'Adzuna::API::Response::Category', 'label': 'Unknown'}",12.33728,0,"Justiziar/in (m/w/d) mit Schwerpunkt Datenschutz, Vergabe- und Vertragsrecht und Arbeitsrecht",2026-08-06T21:57:23Z,https://www.adzuna.de/land/ad/5830861765?se=mPGS05Cf8RGN7ZqTax28uQ&utm_medium=api&utm_source=a4bcf954&v=6EEBD74AFD1D3FCED05F83C0F7E984AC8C51B994,"{'__CLASS__': 'Adzuna::API::Response::Company', 'display_name': 'CTC gGmbH – Center for the Transformation of Chemistry'}","Das Center for the Transformation of Chemistry (CTC) ist ein neu entstehendes Großforschungszentrum in Mitteldeutschland mit den Standorten Delitzsch in Sachsen und Merseburg in Sachsen-Anhalt. Das Zentrum wird in der Gesellschaftsform einer gGmbH vom Bund sowie den Ländern Sachsen und Sachsen-Anhalt betrieben und finanziert. Am CTC wollen wir Chemie neu denken und umsetzen – und zwar auf vielen Ebenen: neue Materialien, neue chemische Prozesse und Anlagen und eine neue Art chemisch zu forschen…",51.52196,5830861765,eyJhbGciOiJIUzI1NiJ9.eyJpIjoiNTgzMDg2MTc2NSIsInMiOiJtUEdTMDVDZjhSR043WnFUYXgyOHVRIn0.JtbQ8TaocOQV66uNm_fA7l1hmmZHCphiPaUS2a_pehw,Adzuna::API::Response::Job,"{'area': ['Deutschland', 'Sachsen', 'Nordsachsen (Kreis)', 'Delitzsch'], 'display_name': 'Delitzsch, Nordsachsen (Kreis)', '__CLASS__': 'Adzuna::API::Response::Location'}",,,,
"{'tag': 'it-jobs', 'label': 'IT-Stellen', '__CLASS__': 'Adzuna::API::Response::Category'}",9.026231,0,Praktikant*in AI Adoption & Digital Innovation,2026-08-24T04:14:38Z,https://www.adzuna.de/land/ad/5854096571?se=mPGS05Cf8RGN7ZqTax28uQ&utm_medium=api&utm_source=a4bcf954&v=F1CE345407F6110C07326F55EB05633EA4237E01,"{'display_name': 'Mercedes-Benz AG', '__CLASS__': 'Adzuna::API::Response::Company'}","Life is always about becoming… Im Leben geht es darum, sich auf eine Reise zu begeben, um die beste Version unseres zukünftigen Selbst zu werden. Während wir Neues entdecken, stellen wir uns Herausforderungen, meistern sie und wachsen über uns hinaus. Bewerben Sie sich bei Mercedes-Benz und finden Sie den Aufgabenbereich, in dem Sie Ihre Talente individuell entfalten können. Dabei werden Sie von visionären Kolleginnen und Kollegen unterstützt, die Ihren Pioniergeist teilen. Bei uns einzusteigen…",48.720071,5854096571,eyJhbGciOiJIUzI1NiJ9.eyJpIjoiNTg1NDA5NjU3MSIsInMiOiJtUEdTMDVDZjhSR043WnFUYXgyOHVRIn0.ggDbK0sxiwtSAdxHZ60sl0xvDg4XXpf8XYxHIDNj9GY,Adzuna::API::Response::Job,"{'__CLASS__': 'Adzuna::API::Response::Location', 'area': ['Deutschland', 'Baden-Württemberg', 'Böblingen (Kreis)', 'Sindelfingen'], 'display_name': 'Sindelfingen, Böblingen (Kreis)'}",,,,
"{'tag': 'it-jobs', '__CLASS__': 'Adzuna::API::Response::Category', 'label': 'IT-Stellen'}",7.621504,0,Werkstudent KI & Machine Learning (m/w/d) - Praxisprojekt „KI-gestützte Beschaffungsdisposition“,2026-08-22T19:43:41Z,https://www.adzuna.de/land/ad/5852756054?se=mPGS05Cf8RGN7ZqTax28uQ&utm_medium=api&utm_source=a4bcf954&v=24F8E26ECCC846E79D77A4F5F643F63838F846F3,"{'__CLASS__': 'Adzuna::API::Response::Company', 'display_name': 'NOWEDA Apothekergenossenschaft eG'}","Starte mit uns in die Welt von KI, Machine Learning und Data Science Sammle praktische Erfahrung in den Bereichen KI, Machine Learning und Data Science und arbeite bei unserem Tochterunternehmen ApoHomeCare an einer Lösung mit echtem Mehrwert für das Unternehmen. In unserem Projekt entwickelst Du gemeinsam mit uns eine intelligente Beschaffungsplanung, die Bedarfe automatisiert prognostiziert und Einkaufsentscheidungen mithilfe von Microsoft Azure und modernen Forecasting-Methoden optimiert. Eg…",51.955292,5852756054,eyJhbGciOiJIUzI1NiJ9.eyJpIjoiNTg1Mjc1NjA1NCIsInMiOiJtUEdTMDVDZjhSR043WnFUYXgyOHVRIn0.G_AiHGRgC0rVhhrjHTP3UmYWiqGjPtKHZVHpp_TqDuI,Adzuna::API::Response::Job,"{'area': ['Deutschland', 'Nordrhein-Westfalen', 'Münster'], 'display_name': 'Münster, Nordrhein-Westfalen', '__CLASS__': 'Adzuna::API::Response::Location'}",,,,
"{'tag': 'graduate-jobs', '__CLASS__': 'Adzuna::API::Response::Category', 'label': 'Stellen für Hochschulabsolventen'}",8.595073,0,PhD position in Data Science/Bioinformatics for Marine and Arctic Biodiversity (f/x/d/m),2026-08-21T12:52:57Z,https://www.adzuna.de/land/ad/5850943626?se=mPGS05Cf8RGN7ZqTax28uQ&utm_medium=api&utm_source=a4bcf954&v=5BB161EDC37D3A9B78589499E10A688E317D9D40,"{'display_name': 'Alfred-Wegener-Institut Helmholtz-Zentrum für Polar- und Meeresforschung', '__CLASS__': 'Adzuna::API::Response::Company'}","The Alfred Wegener Institute Helmholtz Centre for Polar and Marine Research (AWI) is a member of the Helmholtz Association (HGF) and funded by federal and state government. AWI focuses on polar and marine research in a variety of disciplines such as biology, oceanography, geology, geochemistry and geophysics thus allowing multidisciplinary approaches to scientific goals. PhD position in Data Science/Bioinformatics for Marine and Arctic Biodiversity (f/x/d/m) Background Long-term monitoring of m…",53.548992,5850943626,eyJhbGciOiJIUzI1NiJ9.eyJzIjoibVBHUzA1Q2Y4UkdON1pxVGF4Mjh1USIsImkiOiI1ODUwOTQzNjI2In0.CI3yL337k3SIlNTw_XBX8wodft-9IsAh3AhnzRiJDD4,Adzuna::API::Response::Job,"{'display_name': 'Bremerhaven, Bremen', 'area': ['Deutschland', 'Bremen', 'Bremerhaven'], '__CLASS__': 'Adzuna::API::Response::Location'}",,,,
"{'__CLASS__': 'Adzuna::API::Response::Category', 'label': 'Stellen für Hochschulabsolventen', 'tag': 'graduate-jobs'}",8.36958,0,"Duales Studium Data Science und Künstliche Intelligenz, Bachelor of Science, Mercedes-Benz AG, Global Logistics Center Germersheim, Studienbeginn 1. Oktober 2027 (m/w/d)",2026-07-22T10:26:58Z,https://www.adzuna.de/land/ad/5810552391?se=mPGS05Cf8RGN7ZqTax28uQ&utm_medium=api&utm_source=a4bcf954&v=44E8BD146F824A1C17C1E9D9B1CFE1603EE259CA,"{'__CLASS__': 'Adzuna::API::Response::Company', 'display_name': 'Mercedes-Benz AG'}","Life is always about becoming… Im Leben geht es darum, sich auf eine Reise zu begeben, um die beste Version unseres zukünftigen Selbst zu werden. Während wir Neues entdecken, stellen wir uns Herausforderungen, meistern sie und wachsen über uns hinaus. Bewerben Sie sich bei Mercedes-Benz und finden Sie den Aufgabenbereich, in dem Sie Ihre Talente individuell entfalten können. Dabei werden Sie von visionären Kolleginnen und Kollegen unterstützt, die Ihren Pioniergeist teilen. Bei uns einzusteigen…",49.21886,5810552391,eyJhbGciOiJIUzI1NiJ9.eyJpIjoiNTgxMDU1MjM5MSIsInMiOiJtUEdTMDVDZjhSR043WnFUYXgyOHVRIn0.6R2G73quMw8dYjT_LcrFVCi96Hu-PUkCyCJTZ1-8qPE,Adzuna::API::Response::Job,"{'__CLASS__': 'Adzuna::API::Response::Location', 'area': ['Deutschland', 'Rheinland-Pfalz', 'Germersheim (Kreis)', 'Germersheim'], 'display_name': 'Germersheim, Germersheim (Kreis)'}",,,,
"{'tag': 'unknown', 'label': 'Unknown', '__CLASS__': 'Adzuna::API::Response::Category'}",6.808387,0,Praktikum Data Science / Data Engineering (m/w/d),2026-07-19T00:14:27Z,https://www.adzuna.de/details/5806562856?utm_medium=api&utm_source=a4bcf954,"{'display_name': 'jobvector', '__CLASS__': 'Adzuna::API::Response::Company'}","Du hast Lust auf diese Aufgaben Du unterstützt uns im Bereich Data Engineering bei der Erweiterung von Data Pipelines / ETL-Prozessen, z.B. mit Airflow, dbt und Kafka. Du arbeitest in unserer Google Cloud Umgebung und nutzt dabei Services wie BigQuery. Du kombinierst Daten aus internen und externen Quellen und bereitest sie zu einem analytischen Datensatz auf. Du visualisierst Analyseergebnisse mit Tools wie Looker Studio Wir freuen uns auf Deine Qualifikationen Du bist Student:in (m/w/d) oder …",51.226802,5806562856,eyJhbGciOiJIUzI1NiJ9.eyJpIjoiNTgwNjU2Mjg1NiIsInMiOiJtUEdTMDVDZjhSR043WnFUYXgyOHVRIn0.p48AwNO6Z0SCS4QAnvCGEgw8Pg6cOmLYNJUWGawwOlw,Adzuna::API::Response::Job,"{'__CLASS__': 'Adzuna::API::Response::Location', 'display_name': 'Düsseldorf, Nordrhein-Westfalen', 'area': ['Deutschland', 'Nordrhein-Westfalen', 'Düsseldorf']}",full_time,,,
"{'tag': 'it-jobs', 'label': 'IT-Stellen', '__CLASS__': 'Adzuna::API::Response::Category'}",,0,"Duales Studium: ""Data Science & künstliche Intelligenz"" (w/m/d), Ulm, Start 2027",2026-08-21T17:09:59Z,https://www.adzuna.de/land/ad/5851133298?se=mPGS05Cf8RGN7ZqTax28uQ&utm_medium=api&utm_source=a4bcf954&v=B25B79B6742086435735E9B1CB025EF8FB4FEDC5,"{'display_name': 'HENSOLDT', '__CLASS__': 'Adzuna::API::Response::Company'}","Job Description HENSOLDT ist ein führendes europäisches Hightech-Unternehmen der Verteidigungs- und Sicherheitsindustrie mit Sitz in Taufkirchen bei München. Das Unternehmen entwickelt Sensorlösungen, Elektronik und Software für die Bereiche Luft, Land, See, Cyber und Weltraum und unterstützt Streitkräfte weltweit dabei, Bedrohungen frühzeitig zu erkennen und fundierte operative Entscheidungen zu treffen. Aufbauend auf jahrzehntelanger Erfahrung in missionskritischer Sensorik verbindet HENSOLDT…",,5851133298,eyJhbGciOiJIUzI1NiJ9.eyJpIjoiNTg1MTEzMzI5OCIsInMiOiJtUEdTMDVDZjhSR043WnFUYXgyOHVRIn0.Ft4c0WQS3YcW4PL0kZEYQ5UBDo_i3OBY_LCcjHdxQhQ,Adzuna::API::Response::Job,"{'area': ['Deutschland'], 'display_name': 'Deutschland', '__CLASS__': 'Adzuna::API::Response::Location'}",,,,
"{'tag': 'it-jobs', 'label': 'IT-Stellen', '__CLASS__': 'Adzuna::API::Response::Category'}",,0,Duales Studium B.Sc. Data Science und Künstliche Intelligenz (m/w/d) 2027,2026-08-23T17:00:47Z,https://www.adzuna.de/land/ad/5853686210?se=mPGS05Cf8RGN7ZqTax28uQ&utm_medium=api&utm_source=a4bcf954&v=2E6D803898A904E606629984B71A5CD895449A60,"{'display_name': 'FUCHS LUBRICANTS GERMANY GmbH', '__CLASS__': 'Adzuna::API::Response::Company'}","Job Description FUCHS ist der weltweit größte unabhängige Anbieter von innovativen Schmierstofflösungen für nahezu alle Branchen und Anwendungsbereiche. Unsere Produkte und Lösungen halten die Welt in Bewegung, auch wenn diese nicht immer sichtbar sind. xvbsvpc Entscheidend ist, dass jeder Einzelne unserer über 6.000 Mitarbeiter in mehr als 50 Ländern sichtbar ist - ihr Unternehmergeist, ihre Ideen und Fähigkeiten sind das Herzstück unseres globalen Geschäfts. Machen Sie jetzt den nächsten Schr…",,5853686210,eyJhbGciOiJIUzI1NiJ9.eyJzIjoibVBHUzA1Q2Y4UkdON1pxVGF4Mjh1USIsImkiOiI1ODUzNjg2MjEwIn0.gtS-IcEVAZt_ev3jwrac8vrNPmDSvJbRWwpi19EUblE,Adzuna::API::Response::Job,"{'__CLASS__': 'Adzuna::API::Response::Location', 'area': ['Deutschland'], 'display_name': 'Deutschland'}",,,,
"{'tag': 'accounting-finance-jobs', '__CLASS__': 'Adzuna::API::Response::Category', 'label': 'Stellen aus Buchhaltung & Finanzwesen'}",,0,Implementation Consultant | Investment Finance | 80-100% (m/w/d),2026-08-16T16:06:36Z,https://www.adzuna.de/land/ad/5844265689?se=mPGS05Cf8RGN7ZqTax28uQ&utm_medium=api&utm_source=a4bcf954&v=8801D4C8FB07CBBFF9EDD5D420B3D064FE0DA063,"{'display_name': 'QPLIX GmbH', '__CLASS__': 'Adzuna::API::Response::Company'}","QPLIX entwickelt und betreibt eine FinTech-Plattform für das Management komplexer Vermögen. Über die Plattform werden derzeit insgesamt mehr als 300 Mrd. EUR von namhaft en nationalen und internationalen Kund:innen wie Family Offices, Asset Managern und Banken verwaltet. Sie nutzen QPLIX für das Management aller Bestandteile ihres verwalteten Vermögens, das von Aktien, Anleihen, Private Equity Funds und Immobilien über Kunst und Sammlerstücke bis hin zu Flugzeugen und Golfplätzen reicht. Das QP…",,5844265689,eyJhbGciOiJIUzI1NiJ9.eyJpIjoiNTg0NDI2NTY4OSIsInMiOiJtUEdTMDVDZjhSR043WnFUYXgyOHVRIn0.-QT8-WJpRSVK2b5qu_iCKNTXlLpw_XNu-k_T1x1-a4U,Adzuna::API::Response::Job,"{'area': ['Deutschland'], 'display_name': 'Deutschland', '__CLASS__': 'Adzuna::API::Response::Location'}",,,,
"{'__CLASS__': 'Adzuna::API::Response::Category', 'label': 'Unknown', 'tag': 'unknown'}",13.420806,0,AI & Automation Architect SAP (all genders),2026-08-14T04:06:37Z,https://www.adzuna.de/land/ad/5841134512?se=mPGS05Cf8RGN7ZqTax28uQ&utm_medium=api&utm_source=a4bcf954&v=24C0C8ADED7BEFDF40F952DB52EB4527B7517202,"{'display_name': 'adesso business consulting AG', '__CLASS__': 'Adzuna::API::Response::Company'}","Wir sind adesso business consulting, das SAP-Powerhouse der adesso Group. Als führender IT-Dienstleister stehen wir für Kundenorientierung, Wachstum und starke Perspektiven. Unser größter Erfolgsfaktor? Das sind unsere Mitarbeitenden! Als SAP-Profis begleiten wir kundenspezifische Herausforderungen und unterstützen die Auswahl, Anpassung und Implementierung von SAP-Lösungen. Unsere langjährige Erfahrung kombiniert technisches und Branchen-Know-how mit strategischem Denken und kreativen Ideen. D…",52.507706,5841134512,eyJhbGciOiJIUzI1NiJ9.eyJzIjoibVBHUzA1Q2Y4UkdON1pxVGF4Mjh1USIsImkiOiI1ODQxMTM0NTEyIn0.3vPu2hGswIAnQ34AjgkB-VzMte4LGuzYzsDEnBMt4_Q,Adzuna::API::Response::Job,"{'__CLASS__': 'Adzuna::API::Response::Location', 'display_name': 'Berlin, Deutschland', 'area': ['Deutschland', 'Berlin']}",,,,
"{'tag': 'unknown', 'label': 'Unknown', '__CLASS__': 'Adzuna::API::Response::Category'}",9.21546,0,DHBW Data Science & Künstliche Intelligenz – 2027,2026-01-21T06:59:03Z,https://www.adzuna.de/details/5593655402?utm_medium=api&utm_source=a4bcf954,"{'display_name': 'MWAY DIGITAL GmbH', '__CLASS__': 'Adzuna::API::Response::Company'}","Dein Studium Du möchtest Theorie und Praxis miteinander verknüpfen und begeisterst dich für Daten, Analysen und Künstliche Intelligenz? Dann ist das duale Studium im Bereich Data Science & Künstliche Intelligenz in Kombination mit MWAY genau das Richtige für dich. Studiendauer: 3 Jahre Studienverlauf: Wechsel von Theorie- und Praxisphasen im 3-Monats-Rhythmus Praxisort: Stuttgart-Bad Cannstatt Studienstart: 01.10.2027 Studienort: DHBW Stuttgart Abschluss: Bachelor of Science Weitere Information…",48.80499,5593655402,eyJhbGciOiJIUzI1NiJ9.eyJzIjoibVBHUzA1Q2Y4UkdON1pxVGF4Mjh1USIsImkiOiI1NTkzNjU1NDAyIn0.NPgEfJvpdBavfTJFsnvuqJdMqY96XOfnVRJwzrflSTc,Adzuna::API::Response::Job,"{'display_name': 'Bad Cannstatt, Stuttgart', 'area': ['Deutschland', 'Baden-Württemberg', 'Stuttgart', 'Bad Cannstatt'], '__CLASS__': 'Adzuna::API::Response::Location'}",full_time,,,
"{'label': 'IT-Stellen', '__CLASS__': 'Adzuna::API::Response::Category', 'tag': 'it-jobs'}",9.187224,0,DHBW Data Science & Künstliche Intelligenz – 2027,2026-05-12T22:59:27Z,https://www.adzuna.de/details/5727301322?utm_medium=api&utm_source=a4bcf954,"{'display_name': 'MWAY DIGITAL', '__CLASS__': 'Adzuna::API::Response::Company'}","Dein Studium Du möchtest Theorie und Praxis miteinander verknüpfen und begeisterst dich für Daten, Analysen und Künstliche Intelligenz? Dann ist das duale Studium im Bereich Data Science & Künstliche Intelligenz in Kombination mit MWAY genau das Richtige für dich. Studiendauer: 3 Jahre Studienverlauf: Wechsel von Theorie- und Praxisphasen im 3-Monats-Rhythmus Praxisort: Stuttgart-Bad Cannstatt Studienstart: 01.10.2027 Studienort: DHBW Stuttgart Abschluss: Bachelor of Science Weitere Information…",48.776198,5727301322,eyJhbGciOiJIUzI1NiJ9.eyJzIjoibVBHUzA1Q2Y4UkdON1pxVGF4Mjh1USIsImkiOiI1NzI3MzAxMzIyIn0.gifSLNYrzqOI8XqC9Ab_pBCTYaMaEHsaS093-VD2xo8,Adzuna::API::Response::Job,"{'__CLASS__': 'Adzuna::API::Response::Location', 'display_name': 'Stuttgart, Baden-Württemberg', 'area': ['Deutschland', 'Baden-Württemberg', 'Stuttgart']}",full_time,,,
"{'label': 'Unknown', '__CLASS__': 'Adzuna::API::Response::Category', 'tag': 'unknown'}",8.47624,0,Werkstudierende Data Science (m/w/d),2026-08-20T17:44:29Z,https://www.adzuna.de/details/5849747855?utm_medium=api&utm_source=a4bcf954,"{'display_name': 'TRUUCO', '__CLASS__': 'Adzuna::API::Response::Company'}","Deine Aufgaben Du arbeitest in unseren cross-funktionalen Teams an spannenden Data-Science-Projekten im Finanzbereich mit und entwickelst datengetriebene Lösungen für unsere Kunden. Du unterstützt beim Aufbau, der Strukturierung und der Pflege unserer Modell-Repositories in Bitbucket und arbeitest dabei mit modernen Entwicklungsstandards wie Git, Cookiecutter und Python. Du unterstützt uns bei der Migration unserer Data-Science-Umgebung nach Databricks, beispielsweise durch die Anpassung und Re…",49.00018,5849747855,eyJhbGciOiJIUzI1NiJ9.eyJzIjoibVBHUzA1Q2Y4UkdON1pxVGF4Mjh1USIsImkiOiI1ODQ5NzQ3ODU1In0.Vddsl7jZ-u1-2Fhp457UWlCVCRGK7dxn6SaFGLaYyA0,Adzuna::API::Response::Job,"{'display_name': 'Durlach, Karlsruhe', 'area': ['Deutschland', 'Baden-Württemberg', 'Karlsruhe (Kreis)', 'Karlsruhe', 'Durlach'], '__CLASS__': 'Adzuna::API::Response::Location'}",part_time,,,
"{'tag': 'consultancy-jobs', '__CLASS__': 'Adzuna::API::Response::Category', 'label': 'Beraterstellen'}",9.02709,0,Experte Data Science (m/w/d),2026-08-05T06:40:44Z,https://www.adzuna.de/details/5828707892?utm_medium=api&utm_source=a4bcf954,"{'display_name': 'PFALZWERKE AKTIENGESELLSCHAFT', '__CLASS__': 'Adzuna::API::Response::Company'}","Stellenangebot [ ](https://www.pfalzwerke.de/privatkunden) Experte Data Science (m/w/d) Warum wir? *Wir sind mehr als ein Energieversorger Nachhaltig, nah am Kunden und innovativ. Seit über 100 Jahren geben wir unser Bestes und garantieren eine sichere und umweltverträgliche Energieversorgung. Wir investieren regional und international in zukunftsweisende Versorgungskonzepte aus Kraft-Wärme-Kopplung, Windkraft oder Photovoltaik, in innovative Technologien und Infrastrukturlösungen, wie Wasserst…",47.80254,5828707892,eyJhbGciOiJIUzI1NiJ9.eyJpIjoiNTgyODcwNzg5MiIsInMiOiJtUEdTMDVDZjhSR043WnFUYXgyOHVRIn0.N9_mSh4yydaryyEejgr9mBj-qzhK3W0I2tgo9UCNGk0,Adzuna::API::Response::Job,"{'__CLASS__': 'Adzuna::API::Response::Location', 'display_name': 'Bodman-Ludwigshafen, Konstanz (Kreis)', 'area': ['Deutschland', 'Baden-Württemberg', 'Konstanz (Kreis)', 'Bodman-Ludwigshafen']}",,,,
"{'__CLASS__': 'Adzuna::API::Response::Category', 'label': 'Stellen für Hochschulabsolventen', 'tag': 'graduate-jobs'}",12.83048,0,Duales Studium - Data Science & Künstliche Intelligenz,2026-07-02T11:24:40Z,https://www.adzuna.de/details/5785230275?utm_medium=api&utm_source=a4bcf954,"{'display_name': 'Wacker Chemie AG - Werk Burghausen', '__CLASS__': 'Adzuna::API::Response::Company'}",Duales Studium - Data Science & Künstliche Intelligenz Standort Burghausen - 84489 Burghausen - Arbeitszeit: Vollzeit - Position: Duales Studium - Bildungsgrad Mindestvoraussetzung: Fachhochschulreife - Beschäftigungsbeginn: 01.09.2027,48.17244,5785230275,eyJhbGciOiJIUzI1NiJ9.eyJpIjoiNTc4NTIzMDI3NSIsInMiOiJtUEdTMDVDZjhSR043WnFUYXgyOHVRIn0.fRTV1dI_fHloq7tbbagCCFcTgOz2WnLmIDoxGlMY3y8,Adzuna::API::Response::Job,"{'__CLASS__': 'Adzuna::API::Response::Location', 'area': ['Deutschland', 'Bayern', 'Altötting (Kreis)', 'Burghausen'], 'display_name': 'Burghausen, Altötting (Kreis)'}",,,,
"{'__CLASS__': 'Adzuna::API::Response::Category', 'label': 'Beraterstellen', 'tag': 'consultancy-jobs'}",9.99333,0,Praktikum: Data Science (w/m/d),2026-05-12T23:27:34Z,https://www.adzuna.de/details/5727345404?utm_medium=api&utm_source=a4bcf954,"{'display_name': 'Highberg', '__CLASS__': 'Adzuna::API::Response::Company'}","Wer wir sind Als eine der führenden Beratungen der Medienbranche treibt Highberg DACH (ehemals SCHICKLER) den digitalen Wandel in Medienunternehmen in Deutschland, Österreich und der Schweiz aktiv voran. In der Medienwelt von heute entscheidet Datenkompetenz über Sichtbarkeit, Reichweite und Erfolg. Wer relevant bleiben will, muss Wandel aktiv gestalten – genau deshalb suchen wir dich. Unser Tech Stack: Programmiersprachen: Python, R, JavaScript, SQL ETL / Data-Modeling: dbt, Google Dataflow, P…",53.54167,5727345404,eyJhbGciOiJIUzI1NiJ9.eyJzIjoibVBHUzA1Q2Y4UkdON1pxVGF4Mjh1USIsImkiOiI1NzI3MzQ1NDA0In0.ysJURkTk1zqwq_vh2-AZZqxDQVeyYvdOZ-R5cJI4RyQ,Adzuna::API::Response::Job,"{'area': ['Deutschland', 'Hamburg', 'HafenCity'], 'display_name': 'HafenCity, Hamburg', '__CLASS__': 'Adzuna::API::Response::Location'}",full_time,,,
"{'tag': 'consultancy-jobs', '__CLASS__': 'Adzuna::API::Response::Category', 'label': 'Beraterstellen'}",,0,AI & Data Science Consultant (all genders),2026-06-12T23:21:34Z,https://www.adzuna.de/details/5761812930?utm_medium=api&utm_source=a4bcf954,"{'__CLASS__': 'Adzuna::API::Response::Company', 'display_name': 'Accenture'}","Im AI & Data Team bei Accenture vereinen wir einzigartige Persönlichkeiten und zukunftsgerichtetes Know-How, um gemeinsam mit unseren Kunden datengetriebene Transformation voranzutreiben und die Zukunft durch KI (Künstliche Intelligenz) zu gestalten. Wir begleiten unsere Kunden Ende-zu-Ende – von der strategischen, KI-nativen Neuausrichtung & Zieldefinition der Organisation über die Konzeption & Entwicklung von cutting-edge KI-Lösungen bis hin zum technischen Design & der Implementierung von KI…",,5761812930,eyJhbGciOiJIUzI1NiJ9.eyJzIjoibVBHUzA1Q2Y4UkdON1pxVGF4Mjh1USIsImkiOiI1NzYxODEyOTMwIn0.nbsGzynfzZn_WwH_-1ikjlkiB1Q6o8AetAaORk-rfXA,Adzuna::API::Response::Job,"{'area': ['Deutschland'], 'display_name': 'Deutschland', '__CLASS__': 'Adzuna::API::Response::Location'}",full_time,,,
"{'tag': 'unknown', 'label': 'Unknown', '__CLASS__': 'Adzuna::API::Response::Category'}",11.56803,0,Data Science Consultant (m/w/d),2026-07-31T02:40:38Z,https://www.adzuna.de/details/5821791948?utm_medium=api&utm_source=a4bcf954,"{'display_name': 'INVENSITY GmbH', '__CLASS__': 'Adzuna::API::Response::Company'}","Welcome Du möchtest mit Data Science echten Impact in technologisch anspruchsvollen Projekten schaffen? Dann bist du bei INVENSITY genau richtig. Als internationale Technologieberatung unterstützen wir unsere Kunden dabei, komplexe technische Fragestellungen datenbasiert zu lösen und innovative Systeme weiterzuentwickeln. Dein Beitrag: Mit smarten Modellen und fundierten Analysen unterstützt du technische Entscheidungsprozesse in der Luft- und Raumfahrt sowie im Defense-Umfeld und schaffst so d…",48.1476,5821791948,eyJhbGciOiJIUzI1NiJ9.eyJzIjoibVBHUzA1Q2Y4UkdON1pxVGF4Mjh1USIsImkiOiI1ODIxNzkxOTQ4In0.M9cBysSuuXvEqo-TYqJWX7SGt-kTwaD6E-3ilEIBMGU,Adzuna::API::Response::Job,"{'__CLASS__': 'Adzuna::API::Response::Location', 'display_name': 'Maxvorstadt, München', 'area': ['Deutschland', 'Bayern', 'München (Kreis)', 'München', 'Maxvorstadt']}",full_time,,,permanent
"{'tag': 'consultancy-jobs', 'label': 'Beraterstellen', '__CLASS__': 'Adzuna::API::Response::Category'}",9.18071,0,Data Science Consultant (m/w/d),2026-08-01T17:24:04Z,https://www.adzuna.de/details/5824132624?utm_medium=api&utm_source=a4bcf954,"{'display_name': 'INVENSITY Stellenportal', '__CLASS__': 'Adzuna::API::Response::Company'}","Welcome Du möchtest mit Data Science echten Impact in technologisch anspruchsvollen Projekten schaffen? Dann bist du bei INVENSITY genau richtig. Als internationale Technologieberatung unterstützen wir unsere Kunden dabei, komplexe technische Fragestellungen datenbasiert zu lösen und innovative Systeme weiterzuentwickeln. Dein Beitrag: Mit smarten Modellen und fundierten Analysen unterstützt du technische Entscheidungsprozesse in der Luft- und Raumfahrt sowie im Defense-Umfeld und schaffst so d…",48.77713,5824132624,eyJhbGciOiJIUzI1NiJ9.eyJpIjoiNTgyNDEzMjYyNCIsInMiOiJtUEdTMDVDZjhSR043WnFUYXgyOHVRIn0.gQce6Dwb48sIXKcLvIwKqkDCBE8cW1-siHy9brWWaYs,Adzuna::API::Response::Job,"{'__CLASS__': 'Adzuna::API::Response::Location', 'area': ['Deutschland', 'Baden-Württemberg', 'Stuttgart', 'Mitte'], 'display_name': 'Mitte, Stuttgart'}",full_time,,,
"{'tag': 'unknown', 'label': 'Unknown', '__CLASS__': 'Adzuna::API::Response::Category'}",9.99333,0,Praktikum: Data Science (w/m/d),2023-10-05T13:37:27Z,https://www.adzuna.de/details/4352591932?utm_medium=api&utm_source=a4bcf954,"{'display_name': 'Highberg DACH', '__CLASS__': 'Adzuna::API::Response::Company'}","Wer wir sind Als eine der führenden Beratungen der Medienbranche treibt Highberg DACH (ehemals SCHICKLER) den digitalen Wandel in Medienunternehmen in Deutschland, Österreich und der Schweiz aktiv voran. In der Medienwelt von heute entscheidet Datenkompetenz über Sichtbarkeit, Reichweite und Erfolg. Wer relevant bleiben will, muss Wandel aktiv gestalten – genau deshalb suchen wir dich. Unser Tech Stack: Programmiersprachen: Python, R, JavaScript, SQL ETL / Data-Modeling: dbt, Google Dataflow, P…",53.54167,4352591932,eyJhbGciOiJIUzI1NiJ9.eyJpIjoiNDM1MjU5MTkzMiIsInMiOiJtUEdTMDVDZjhSR043WnFUYXgyOHVRIn0.zHmJfITFj4dgo0yEaaLVR3vZWaqJzTkBVG6IV2s5NR0,Adzuna::API::Response::Job,"{'__CLASS__': 'Adzuna::API::Response::Location', 'display_name': 'HafenCity, Hamburg', 'area': ['Deutschland', 'Hamburg', 'HafenCity']}",full_time,,,
"{'label': 'IT-Stellen', '__CLASS__': 'Adzuna::API::Response::Category', 'tag': 'it-jobs'}",9.9477,0,Berufsbegleitendes Studium - Data Science & Artificial Intelligence,2026-05-01T22:59:27Z,https://www.adzuna.de/details/5716224020?utm_medium=api&utm_source=a4bcf954,"{'display_name': 'ENCAVIS', '__CLASS__': 'Adzuna::API::Response::Company'}","Auf was wir bei ENCAVIS setzen? Die Sonne. Den Wind. Und auf dich. Willkommen in der Welt von Encavis! Bei uns dreht sich alles um die Kraft der Sonne, des Windes und der konzernweit über 400 Menschen, die gemeinsam das Energiesystem der Zukunft gestalten, um eine nachhaltige Energieversorgung für zukünftige Generationen sicherzustellen. Die ENCAVIS Management GmbH & Co. KG ist die Holding der ENCAVIS GmbH, einem der führenden Stromerzeuger aus Erneuerbaren Energien in Europa. Wir betreiben ein…",53.54883,5716224020,eyJhbGciOiJIUzI1NiJ9.eyJzIjoibVBHUzA1Q2Y4UkdON1pxVGF4Mjh1USIsImkiOiI1NzE2MjI0MDIwIn0.M5RZwxETiITBupCHj4S6Ge7EGQTK9MF13gBhFFO97Lo,Adzuna::API::Response::Job,"{'__CLASS__': 'Adzuna::API::Response::Location', 'area': ['Deutschland', 'Hamburg', 'Altona-Altstadt'], 'display_name': 'Altona-Altstadt, Hamburg'}",part_time,,,
"{'__CLASS__': 'Adzuna::API::Response::Category', 'label': 'Unknown', 'tag': 'unknown'}",9.987297,0,Data Science Director (f/m/d),2026-08-08T18:04:35Z,https://www.adzuna.de/details/5833704156?utm_medium=api&utm_source=a4bcf954,"{'display_name': 'adjoe', '__CLASS__': 'Adzuna::API::Response::Company'}","adjoe builds the technologies behind mobile apps growth and monetization. adjoe Ads is our programmatic in-app advertising platform that seamlessly connects advertisers and publishers through direct integration of our Android and iOS SDKs. Every ad decision happens in under 200ms across 10 million daily users, powered by real-time bidding algorithms and user quality prediction models that match the right ad to the right user at the right moment. 50 Billion Daily Bid Predictions The adjoe Ads Da…",53.557429,5833704156,eyJhbGciOiJIUzI1NiJ9.eyJpIjoiNTgzMzcwNDE1NiIsInMiOiJtUEdTMDVDZjhSR043WnFUYXgyOHVRIn0.OxJU4v7J37M-JBwni6_RJb-O0uZIs0sGauHGnrr6Two,Adzuna::API::Response::Job,"{'display_name': 'Hamburg, Deutschland', 'area': ['Deutschland', 'Hamburg'], '__CLASS__': 'Adzuna::API::Response::Location'}",full_time,,,
"{'__CLASS__': 'Adzuna::API::Response::Category', 'label': 'Unknown', 'tag': 'unknown'}",10.16424,0,PhD Data Science (m/f/d),2026-08-20T18:14:15Z,https://www.adzuna.de/details/5849842717?utm_medium=api&utm_source=a4bcf954,"{'display_name': 'GEOMAR Helmholtz-Zentrum für Ozeanforschung Kiel', '__CLASS__': 'Adzuna::API::Response::Company'}","GEOMAR Helmholtz Centre for Ocean Research Kiel is a foundation under public law jointly financed by the Federal Republic of Germany (90%) and the State of Schleswig-Holstein (10%). It is one of the internationally leading institutions in the field of marine research. Through our research and our commitment to the transfer of knowledge and technology, we contribute significantly to the preservation of the function and protection of the ocean for future generations. The position offers the oppor…",54.31419,5849842717,eyJhbGciOiJIUzI1NiJ9.eyJzIjoibVBHUzA1Q2Y4UkdON1pxVGF4Mjh1USIsImkiOiI1ODQ5ODQyNzE3In0.ODWgtuBy-M_YKwaxaI2-lgba3RQGmGZSr-TVo9a99xw,Adzuna::API::Response::Job,"{'display_name': 'Ellerbek, Kiel', 'area': ['Deutschland', 'Schleswig-Holstein', 'Kiel', 'Ellerbek'], '__CLASS__': 'Adzuna::API::Response::Location'}",,,,
"{'__CLASS__': 'Adzuna::API::Response::Category', 'label': 'Unknown', 'tag': 'unknown'}",7.10344,0,Data Science Manager (m/w/d),2026-07-17T09:55:42Z,https://www.adzuna.de/details/5804577884?utm_medium=api&utm_source=a4bcf954,"{'display_name': 'twomynds', '__CLASS__': 'Adzuna::API::Response::Company'}","Über uns Du willst technische Verantwortung übernehmen und sehen, wie deine Arbeit in echten Use Cases Mehrwert schafft – bei Unternehmen, die du aus dem Alltag kennst? Willkommen bei twomynds. Wir sind eine dedizierte Data-&-AI-Beratung sowie ein Service Provider mit End-to-End-Umsetzung und begleiten Unternehmen von der strategischen Zielsetzung bis zur operativen Realisierung – strategisch, umsetzungsstark und ergebnisorientiert. Unsere Mission: Ambitionierte Unternehmen befähigen, Data & AI…",50.73754,5804577884,eyJhbGciOiJIUzI1NiJ9.eyJzIjoibVBHUzA1Q2Y4UkdON1pxVGF4Mjh1USIsImkiOiI1ODA0NTc3ODg0In0.oveVtrOZmJ6ZZsKV5fanELbn_falzELTdme4FWXJo6M,Adzuna::API::Response::Job,"{'__CLASS__': 'Adzuna::API::Response::Location', 'area': ['Deutschland', 'Nordrhein-Westfalen', 'Bonn', 'Zentrum'], 'display_name': 'Zentrum, Bonn'}",,,,
"{'tag': 'unknown', 'label': 'Unknown', '__CLASS__': 'Adzuna::API::Response::Category'}",7.112412,0,Data Science Manager (m/w/d),2026-07-16T16:27:05Z,https://www.adzuna.de/details/5803061236?utm_medium=api&utm_source=a4bcf954,"{'display_name': 'twomynds', '__CLASS__': 'Adzuna::API::Response::Company'}","Über uns Du willst technische Verantwortung übernehmen und sehen, wie deine Arbeit in echten Use Cases Mehrwert schafft – bei Unternehmen, die du aus dem Alltag kennst? Willkommen bei twomynds. Wir sind eine dedizierte Data-&-AI-Beratung sowie ein Service Provider mit End-to-End-Umsetzung und begleiten Unternehmen von der strategischen Zielsetzung bis zur operativen Realisierung – strategisch, umsetzungsstark und ergebnisorientiert. Unsere Mission: Ambitionierte Unternehmen befähigen, Data & AI…",50.71942,5803061236,eyJhbGciOiJIUzI1NiJ9.eyJpIjoiNTgwMzA2MTIzNiIsInMiOiJtUEdTMDVDZjhSR043WnFUYXgyOHVRIn0.trNyDOFHNc9rdpsViejptvyzepUkTGkZWjtR6hMBBBc,Adzuna::API::Response::Job,"{'__CLASS__': 'Adzuna::API::Response::Location', 'area': ['Deutschland', 'Nordrhein-Westfalen', 'Bonn'], 'display_name': 'Bonn, Nordrhein-Westfalen'}",full_time,,,
"{'__CLASS__': 'Adzuna::API::Response::Category', 'label': 'Stellen aus Logistik & Lagerhaltung', 'tag': 'logistics-warehouse-jobs'}",8.45882,0,Werkstudent Data Science (m/w/d),2026-05-12T23:08:36Z,https://www.adzuna.de/details/5727322915?utm_medium=api&utm_source=a4bcf954,"{'display_name': 'Chrono24', '__CLASS__': 'Adzuna::API::Response::Company'}",Darauf kannst Du dich freuen Du übernimmst eigenverantwortlich verschiedene Modellierungs- und Analyseprojekte und nutzt dabei unsere Marktplatzdaten sowie deine fundierten Methodenkenntnisse. Du bereitest Daten aus unterschiedlichen Systemen auf und setzt deine Fähigkeiten im Feature Engineering effektiv ein. Bei der Umsetzung von statistischen Modellen und Modell-Prototypen legst du großen Wert auf deren praktische Anwendbarkeit. Du führst statistisch fundierte Analysen und Simulationen durch…,49.03084,5727322915,eyJhbGciOiJIUzI1NiJ9.eyJpIjoiNTcyNzMyMjkxNSIsInMiOiJtUEdTMDVDZjhSR043WnFUYXgyOHVRIn0.t_cVaDHZ9CE0fRjBfvWDQnd6hlNeOl5hfldCc3jRI-A,Adzuna::API::Response::Job,"{'__CLASS__': 'Adzuna::API::Response::Location', 'display_name': 'Hagsfeld, Karlsruhe', 'area': ['Deutschland', 'Baden-Württemberg', 'Karlsruhe (Kreis)', 'Karlsruhe', 'Hagsfeld']}",part_time,,,
"{'tag': 'unknown', '__CLASS__': 'Adzuna::API::Response::Category', 'label': 'Unknown'}",6.78055,0,PhD Data Science (m/f/d),2026-08-13T18:09:16Z,https://www.adzuna.de/details/5840502383?utm_medium=api&utm_source=a4bcf954,"{'__CLASS__': 'Adzuna::API::Response::Company', 'display_name': 'IUF - Leibniz Institut für umweltmedizinische Forschung GmbH'}","The IUF - Leibniz Research Institute for Environmental Medicine investigates the molecular mechanisms by which environmental factors - including particles, radiation, and chemical exposures - affect human health. The institute’s research focuses on environmentally induced aging and disease processes in the pulmonary system and skin, as well as environmentally driven dysfunctions of the nervous and immune systems. By developing innovative, human-relevant experimental model systems, the IUF contr…",51.20259,5840502383,eyJhbGciOiJIUzI1NiJ9.eyJpIjoiNTg0MDUwMjM4MyIsInMiOiJtUEdTMDVDZjhSR043WnFUYXgyOHVRIn0.xArf6COuXhhnwfjFSgTImZa3jiDpokVQJTpQx0tC_S8,Adzuna::API::Response::Job,"{'__CLASS__': 'Adzuna::API::Response::Location', 'display_name': 'Bilk, Düsseldorf', 'area': ['Deutschland', 'Nordrhein-Westfalen', 'Düsseldorf', 'Bilk']}",,,,
"{'tag': 'unknown', '__CLASS__': 'Adzuna::API::Response::Category', 'label': 'Unknown'}",11.62828,0,Data Science Engineer (m/w/d),2026-05-12T23:07:57Z,https://www.adzuna.de/details/5727321876?utm_medium=api&utm_source=a4bcf954,"{'display_name': 'smartvillage', '__CLASS__': 'Adzuna::API::Response::Company'}","Dafür brauchen wir Dich Für ein neues Digital-Projekt in der MICE-Branche suchen wir Dich: eine Persönlichkeit, die Lust hat, mit uns Dinge neu zu denken, Ideen Realität werden zu lassen und die Zukunft unserer Branche aktiv mitzugestalten. Dateninfrastruktur & Skalierung: Du entwickelst und verantwortest unsere Dateninfrastruktur. Du baust robuste Pipelines, die Daten aus verschiedenen Quellen in ein sauberes, zuverlässiges Data Warehouse überführen und stellst Qualität, Konsistenz und Verfügb…",48.1475,5727321876,eyJhbGciOiJIUzI1NiJ9.eyJpIjoiNTcyNzMyMTg3NiIsInMiOiJtUEdTMDVDZjhSR043WnFUYXgyOHVRIn0.oWqmWmt1T23uOi0xdydFJmxYv6crYTggOjdEFVEqgW8,Adzuna::API::Response::Job,"{'area': ['Deutschland', 'Bayern', 'München (Kreis)', 'München', 'Bogenhausen'], 'display_name': 'Bogenhausen, München', '__CLASS__': 'Adzuna::API::Response::Location'}",full_time,,,
"{'tag': 'unknown', 'label': 'Unknown', '__CLASS__': 'Adzuna::API::Response::Category'}",13.33722,0,Duales Studium Data Science und Künstliche Intelligenz,2026-01-09T20:35:59Z,https://www.adzuna.de/details/5576690121?utm_medium=api&utm_source=a4bcf954,"{'__CLASS__': 'Adzuna::API::Response::Company', 'display_name': 'Siltronic AG'}","Siltronic ist einer der weltweit größten Hersteller für Wafer aus Reinstsilizium und Partner vieler führender Chip-Hersteller mit rund 4.300 Mitarbeitenden und Produktionsstätten in Europa, Asien und den USA. Wir entwickeln und fertigen Wafer mit einem Durchmesser von bis zu 300 mm. Diese sind die Grundlage der modernen Mikro- und Nanoelektronik. In einem 3-jährigen Dualen Studium werden Theorie und Praxis gekonnt verbunden. Das hoch qualifizierende Studium wird durch breit gefächerte Praxisein…",50.91404,5576690121,eyJhbGciOiJIUzI1NiJ9.eyJzIjoibVBHUzA1Q2Y4UkdON1pxVGF4Mjh1USIsImkiOiI1NTc2NjkwMTIxIn0.lzKIyrXFzWtVbG6DLRd39Uhww9_qkFMsST26l0Aq5OQ,Adzuna::API::Response::Job,"{'__CLASS__': 'Adzuna::API::Response::Location', 'display_name': 'Freiberg, Mittelsachsen (Kreis)', 'area': ['Deutschland', 'Sachsen', 'Mittelsachsen (Kreis)', 'Freiberg']}",full_time,,,
"{'__CLASS__': 'Adzuna::API::Response::Category', 'label': 'Teilzeitstellen', 'tag': 'part-time-jobs'}",9.2274,0,Duales Studium Wirtschaftsinformatik - Data Science 2027,2026-06-03T11:42:39Z,https://www.adzuna.de/land/ad/5750397165?se=mPGS05Cf8RGN7ZqTax28uQ&utm_medium=api&utm_source=a4bcf954&v=C914835A5535ED1A2EDA46F1E53ECAC2CB81E252,"{'__CLASS__': 'Adzuna::API::Response::Company', 'display_name': 'Lidl'}","Einleitung Eine gute Idee war der Ursprung, ein erfolgreiches Konzept ist das Ergebnis. Qualität zum guten Preis möglichst vielen Menschen anbieten zu können treibt uns an - mittlerweile weltweit, denn wir sind Lidl. Hier ist das berufliche Zuhause vielfältiger Talente. Ob im Einkauf, in der Logistik, im Warengeschäft oder in der IT; ob als Impulsgeber, Gestalter oder Dienstleister der Länder. Wir suchen Anpacker, Durchstarter, Möglichmacher und bieten spannende Aufgaben und Projekte in einem d…",49.18975,5750397165,eyJhbGciOiJIUzI1NiJ9.eyJpIjoiNTc1MDM5NzE2NSIsInMiOiJtUEdTMDVDZjhSR043WnFUYXgyOHVRIn0.rC3C2AdggaBaorKDhgyPh_6vY2haGWj_PY_tN5OChqg,Adzuna::API::Response::Job,"{'area': ['Deutschland', 'Baden-Württemberg', 'Heilbronn (Kreis)', 'Neckarsulm'], 'display_name': 'Neckarsulm, Heilbronn (Kreis)', '__CLASS__': 'Adzuna::API::Response::Location'}",,,,
"{'label': 'Teilzeitstellen', '__CLASS__': 'Adzuna::API::Response::Category', 'tag': 'part-time-jobs'}",,0,Duales Studium Wirtschaftsinformatik - Data Science 2027,2026-07-21T22:57:49Z,https://www.adzuna.de/details/5809705624?utm_medium=api&utm_source=a4bcf954,"{'__CLASS__': 'Adzuna::API::Response::Company', 'display_name': 'Lidl'}","Einleitung Eine gute Idee war der Ursprung, ein erfolgreiches Konzept ist das Ergebnis. Qualität zum guten Preis möglichst vielen Menschen anbieten zu können treibt uns an - mittlerweile weltweit, denn wir sind Lidl. Hier ist das berufliche Zuhause vielfältiger Talente. Ob im Einkauf, in der Logistik, im Warengeschäft oder in der IT; ob als Impulsgeber, Gestalter oder Dienstleister der Länder. Wir suchen Anpacker, Durchstarter, Möglichmacher und bieten spannende Aufgaben und Projekte in einem d…",,5809705624,eyJhbGciOiJIUzI1NiJ9.eyJzIjoibVBHUzA1Q2Y4UkdON1pxVGF4Mjh1USIsImkiOiI1ODA5NzA1NjI0In0.-zxgAa1C_S64IlRn-TZ3ptgzxHFoMFnVZ5v4onMfaAw,Adzuna::API::Response::Job,"{'display_name': 'Deutschland', 'area': ['Deutschland'], '__CLASS__': 'Adzuna::API::Response::Location'}",,,,
"{'label': 'Unknown', '__CLASS__': 'Adzuna::API::Response::Category', 'tag': 'unknown'}",7.621504,0,Senior Data Scientist (m/w/d) in Münster,2026-08-22T02:05:12Z,https://www.adzuna.de/land/ad/5851689341?se=mPGS05Cf8RGN7ZqTax28uQ&utm_medium=api&utm_source=a4bcf954&v=FAB33131579A85577480C325E4A1B315A0FDDB5F,"{'display_name': 'H. Gautzsch Firmengruppe', '__CLASS__': 'Adzuna::API::Response::Company'}","Die H. Gautzsch Firmengruppe ist ein Verbund führender mittel­ständischer Fach­großhandlungen mit mehr als 70 Standorten in Deutschland, Österreich und in unseren wichtigsten globalen Beschaffungs­märkten. Wir beschäftigen über 1.400 Mitarbeiter. Als Familien­unternehmen mit Stammsitz in Münster/Westfalen sind wir inhaber­geführt und mittel­ständisch geprägt. Mit unseren operativ selbstständigen Großhandels­häusern arbeiten wir seit 160 Jahren in unseren Geschäfts­bereichen. Wenn Du willst, wir…",51.955292,5851689341,eyJhbGciOiJIUzI1NiJ9.eyJzIjoibVBHUzA1Q2Y4UkdON1pxVGF4Mjh1USIsImkiOiI1ODUxNjg5MzQxIn0.QHER4YcVk00sX6MUttry3-EYSovMPAwiMRcf1t8f49U,Adzuna::API::Response::Job,"{'display_name': 'Münster, Nordrhein-Westfalen', 'area': ['Deutschland', 'Nordrhein-Westfalen', 'Münster'], '__CLASS__': 'Adzuna::API::Response::Location'}",,,,
"{'tag': 'scientific-qa-jobs', '__CLASS__': 'Adzuna::API::Response::Category', 'label': 'Stellen aus Wissenschaft & Qualitätssicherung'}",,0,(senior) Risk Manager (m/w/d) Modeling & Data Science - Fokus Retail Credit Risk,2026-08-21T04:46:36Z,https://www.adzuna.de/land/ad/5850421377?se=mPGS05Cf8RGN7ZqTax28uQ&utm_medium=api&utm_source=a4bcf954&v=848B4859C2CA8B156003FF894FAB10D3798C3FF2,"{'display_name': 'Creditplus Bank AG', '__CLASS__': 'Adzuna::API::Response::Company'}","Wir machen Wünsche machbar - unsere Mission ist es, das Leben unserer Kund:innen zu bereichern und mit unseren Finanzdienstleistungen Träume zu verwirklichen. Wir verstehen uns nicht als typische Bank, sondern als lebendige Gemeinschaft von Gestalter:innen, die keine Angst davor haben, neue Wege zu gehen. Dabei setzen wir uns alle auch noch für Themen mit Impact wie Nachhaltigkeit und . klicken sie bewerben, für die volle Stellenbeschreibung",,5850421377,eyJhbGciOiJIUzI1NiJ9.eyJzIjoibVBHUzA1Q2Y4UkdON1pxVGF4Mjh1USIsImkiOiI1ODUwNDIxMzc3In0.BP8ZKAluIqBkOiARA2sOewj6_k0PVuks0jkqqpaoRQE,Adzuna::API::Response::Job,"{'__CLASS__': 'Adzuna::API::Response::Location', 'area': ['Deutschland'], 'display_name': 'Deutschland'}",,,,
"{'tag': 'unknown', 'label': 'Unknown', '__CLASS__': 'Adzuna::API::Response::Category'}",8.47501,0,Qualitätsdatenanalyst (m/w/d) Data Science Airbus,2026-07-28T00:59:49Z,https://www.adzuna.de/details/5817700602?utm_medium=api&utm_source=a4bcf954,"{'display_name': 'expertum GmbH', '__CLASS__': 'Adzuna::API::Response::Company'}","Qualitätsdatenanalyst (m/w/d) Data Science Airbus HIER WERDEN SIE ARBEITEN: Unser Kunde Airbus ist weltweit ein Unternehmen für zivile und militärische Flugzeugstrukturen sowie wichtiger Partner in den großen europäischen und internationalen Luftfahrtprogrammen. Mit einem Umsatz von 67 Milliarden Euro im Jahr 2017 ist das Unternehmen auch das zweitgrößte Luft- und Raumfahrtunternehmen der Welt. Sie erwartet eine 35-Stunden-Woche mit Benefits des IG Metall-Tarifvertrages , sowie eine wertschätze…",53.48482,5817700602,eyJhbGciOiJIUzI1NiJ9.eyJpIjoiNTgxNzcwMDYwMiIsInMiOiJtUEdTMDVDZjhSR043WnFUYXgyOHVRIn0.consqcDtKIJgl_dSXBUOx_KRODFdOWp2qZlf93rlRoA,Adzuna::API::Response::Job,"{'__CLASS__': 'Adzuna::API::Response::Location', 'display_name': 'Nordenham, Wesermarsch (Kreis)', 'area': ['Deutschland', 'Niedersachsen', 'Wesermarsch (Kreis)', 'Nordenham']}",,,,
"{'tag': 'consultancy-jobs', 'label': 'Beraterstellen', '__CLASS__': 'Adzuna::API::Response::Category'}",9.187224,0,Duales Studium Data Science – in Kooperation mit der DHBW Stuttgart,2026-07-28T03:43:54Z,https://www.adzuna.de/details/5817865690?utm_medium=api&utm_source=a4bcf954,"{'__CLASS__': 'Adzuna::API::Response::Company', 'display_name': 'SIXT Germany'}","Stellenbeschreibung Du hast (bald) Dein Abitur in der Tasche und interessierst Dich für Daten, Analysen und Programmierung? Du willst direkt in die Praxis einsteigen und gleichzeitig ein Studium absolvieren? Dann starte Dein duales Studium Data Science bei SIXT in Kooperation mit der DHBW Stuttgart. Bei SIXT wirst Du vom ersten Tag an Teil unseres internationalen Unternehmens. Du erhältst Einblicke in alle zentralen Bereiche rund um das Thema Data Science und lernst praxisnah wie Du im Team dat…",48.776198,5817865690,eyJhbGciOiJIUzI1NiJ9.eyJpIjoiNTgxNzg2NTY5MCIsInMiOiJtUEdTMDVDZjhSR043WnFUYXgyOHVRIn0.8j3ZgqPO47flW7GIJ_hbAKDpGewQOYL-Ee9nIOT6FGo,Adzuna::API::Response::Job,"{'__CLASS__': 'Adzuna::API::Response::Location', 'display_name': 'Stuttgart, Baden-Württemberg', 'area': ['Deutschland', 'Baden-Württemberg', 'Stuttgart']}",,,,
"{'label': 'Beraterstellen', '__CLASS__': 'Adzuna::API::Response::Category', 'tag': 'consultancy-jobs'}",,0,Duales Studium Data Science – in Kooperation mit der DHBW Stuttgart,2026-08-11T04:00:28Z,https://www.adzuna.de/details/5836267193?utm_medium=api&utm_source=a4bcf954,"{'display_name': 'SIXT Germany', '__CLASS__': 'Adzuna::API::Response::Company'}","Stellenbeschreibung Du hast (bald) Dein Abitur in der Tasche und interessierst Dich für Daten, Analysen und Programmierung? Du willst direkt in die Praxis einsteigen und gleichzeitig ein Studium absolvieren? Dann starte Dein duales Studium Data Science bei SIXT in Kooperation mit der DHBW Stuttgart. Bei SIXT wirst Du vom ersten Tag an Teil unseres internationalen Unternehmens. Du erhältst Einblicke in alle zentralen Bereiche rund um das Thema Data Science und lernst praxisnah wie Du im Team dat…",,5836267193,eyJhbGciOiJIUzI1NiJ9.eyJzIjoibVBHUzA1Q2Y4UkdON1pxVGF4Mjh1USIsImkiOiI1ODM2MjY3MTkzIn0.IYzQVYRiRgWB7yz_11rdqbCNioVui9EGMDsBnjy3bW8,Adzuna::API::Response::Job,"{'display_name': 'München, München (Kreis)', 'area': ['Deutschland', 'Bayern', 'München (Kreis)', 'München'], '__CLASS__': 'Adzuna::API::Response::Location'}",,,,
"{'__CLASS__': 'Adzuna::API::Response::Category', 'label': 'IT-Stellen', 'tag': 'it-jobs'}",7.621504,0,Werkstudent KI & Data Science (m/w/d),2026-08-21T04:15:19Z,https://www.adzuna.de/details/5850389883?utm_medium=api&utm_source=a4bcf954,"{'__CLASS__': 'Adzuna::API::Response::Company', 'display_name': 'Thalia Bücher GmbH'}","Stellenbeschreibung Als Werkstudent (m/w/d) im Bereich Künstliche Intelligenz und Data Science wirst du ein wertvolles Mitglied unseres innovativen Teams. Im Rahmen deiner Tätigkeit unterstützt du bei der Konzeption und Entwicklung von modernen, KI-gestützten Applikationen. Dabei wirkst du an der Integration geeigneter Technologien mit und hilfst bei der Konzeption und Entwicklung von interaktiven Prototypen und KI-Agenten-Lösungen. Deine Aufgaben bei uns Konzeption: du unterstützt aktiv bei de…",51.955292,5850389883,eyJhbGciOiJIUzI1NiJ9.eyJzIjoibVBHUzA1Q2Y4UkdON1pxVGF4Mjh1USIsImkiOiI1ODUwMzg5ODgzIn0.izQsjvkTCXRddQcvAbC1FuuFf7PhzqSknDgps3GwVSI,Adzuna::API::Response::Job,"{'__CLASS__': 'Adzuna::API::Response::Location', 'area': ['Deutschland', 'Nordrhein-Westfalen', 'Münster'], 'display_name': 'Münster, Nordrhein-Westfalen'}",,,,
"{'tag': 'other-general-jobs', 'label': 'Sonstige/Allgemeine Stellen', '__CLASS__': 'Adzuna::API::Response::Category'}",9.856945,0,Senior Solution Architect - Federated Energy & Construction Ecosystems (m/f/d),2026-07-31T12:39:54Z,https://www.adzuna.de/land/ad/5822306283?se=mPGS05Cf8RGN7ZqTax28uQ&utm_medium=api&utm_source=a4bcf954&v=E2D764439B4376F9585B128FC527F054128EC07C,"{'__CLASS__': 'Adzuna::API::Response::Company', 'display_name': 'Liebherr-Digital Development Center GmbH'}","Liebherr-Digital Development Center GmbH in Ulm develops digital solutions for the entire Liebherr Group. Our passionate team from the areas of software development, engineering and data science works together on various projects from the whole Liebherr product world. Our mission: creating outstanding digital experiences! Senior Solution Architect - Federated Energy & Construction Ecosystems (m/f/d) Job-ID 82724 JLFT1_DE",48.383137,5822306283,eyJhbGciOiJIUzI1NiJ9.eyJzIjoibVBHUzA1Q2Y4UkdON1pxVGF4Mjh1USIsImkiOiI1ODIyMzA2MjgzIn0.gg6On6Gzvvqq248xex3Vlh1qnq7xK14_po6ScqaCq6c,Adzuna::API::Response::Job,"{'display_name': 'Ulm, Baden-Württemberg', 'area': ['Deutschland', 'Baden-Württemberg', 'Ulm'], '__CLASS__': 'Adzuna::API::Response::Location'}",,,,
"{'tag': 'consultancy-jobs', 'label': 'Beraterstellen', '__CLASS__': 'Adzuna::API::Response::Category'}",11.56907,0,Projektmanager Data analytics / Data science (all gender),2026-07-17T09:53:04Z,https://www.adzuna.de/details/5804565017?utm_medium=api&utm_source=a4bcf954,"{'__CLASS__': 'Adzuna::API::Response::Company', 'display_name': 'Actana Consulting Services GmbH'}","Bist du bereit, als Projektmanager im Bereich Data Analytics und Data Science bei Actana Consulting Services GmbH durchzustarten? Unser Unternehmen ist bekannt für seine innovativen Lösungen und seinen Kunde-zentrierten Ansatz. In deiner Rolle wirst du die Möglichkeit haben, spannende Projekte zu leiten und mit modernsten Technologien zu arbeiten. Dabei unterstützt du unseren Kunden, datengetriebene Entscheidungen zu treffen und ihre Geschäftsprozesse zu optimieren. Wenn du ein Faible für Daten…",48.14093,5804565017,eyJhbGciOiJIUzI1NiJ9.eyJzIjoibVBHUzA1Q2Y4UkdON1pxVGF4Mjh1USIsImkiOiI1ODA0NTY1MDE3In0.heOD06CIBJ7BmvRmLXzJLSbltbNso9dsYKtPVoeVqUw,Adzuna::API::Response::Job,"{'__CLASS__': 'Adzuna::API::Response::Location', 'display_name': 'Altstadt-Lehel, München', 'area': ['Deutschland', 'Bayern', 'München (Kreis)', 'München', 'Altstadt-Lehel']}",,70000.0,80000.0,
"{'tag': 'unknown', 'label': 'Unknown', '__CLASS__': 'Adzuna::API::Response::Category'}",11.555737,0,Projektmanager Data analytics / Data science (all gender),2026-07-16T16:07:02Z,https://www.adzuna.de/details/5802975838?utm_medium=api&utm_source=a4bcf954,"{'display_name': 'Actana Consulting Services GmbH', '__CLASS__': 'Adzuna::API::Response::Company'}","Bist du bereit, als Projektmanager im Bereich Data Analytics und Data Science bei Actana Consulting Services GmbH durchzustarten? Unser Unternehmen ist bekannt für seine innovativen Lösungen und seinen Kunde-zentrierten Ansatz. In deiner Rolle wirst du die Möglichkeit haben, spannende Projekte zu leiten und mit modernsten Technologien zu arbeiten. Dabei unterstützt du unseren Kunden, datengetriebene Entscheidungen zu treffen und ihre Geschäftsprozesse zu optimieren. Wenn du ein Faible für Daten…",48.137418,5802975838,eyJhbGciOiJIUzI1NiJ9.eyJzIjoibVBHUzA1Q2Y4UkdON1pxVGF4Mjh1USIsImkiOiI1ODAyOTc1ODM4In0.u4OXitiq1gAPjxwt7p5NatPosFQzroSKEOwdOxq1D3Y,Adzuna::API::Response::Job,"{'area': ['Deutschland', 'Bayern', 'München (Kreis)', 'München'], 'display_name': 'München, München (Kreis)', '__CLASS__': 'Adzuna::API::Response::Location'}",full_time,,,
"{'__CLASS__': 'Adzuna::API::Response::Category', 'label': 'Technikerstellen', 'tag': 'engineering-jobs'}",10.10558,0,AI & Data Science Engineer (m/w/d),2026-08-11T04:10:15Z,https://www.adzuna.de/details/5836271385?utm_medium=api&utm_source=a4bcf954,"{'display_name': 'cigus GmbH', '__CLASS__': 'Adzuna::API::Response::Company'}","Hochtechnologie und Innovation …aktiv mitgestalten und vorantreiben – für diese Position suchen wir eine engagierte Persönlichkeit (m/w/d), die mit Ideenreichtum, Verantwortungsbewusstsein und fachlicher Kompetenz überzeugt. Als Beratungsunternehmen unterstützen wir unseren Kunden bei der Suche nach einer passenden Person, die Herausforderungen nicht als Hürde, sondern als spannende Möglichkeit zur Weiterentwicklung versteht. Das erwartet dich: Entwicklung und Implementierung von Datenanalyse-,…",48.78408,5836271385,eyJhbGciOiJIUzI1NiJ9.eyJpIjoiNTgzNjI3MTM4NSIsInMiOiJtUEdTMDVDZjhSR043WnFUYXgyOHVRIn0.kOBrtNT89POn3oKTgRidwenMsXxI7a8riyzdBgBXRlg,Adzuna::API::Response::Job,"{'area': ['Deutschland', 'Baden-Württemberg', 'Ostalbkreis', 'Oberkochen'], 'display_name': 'Oberkochen, Ostalbkreis', '__CLASS__': 'Adzuna::API::Response::Location'}",full_time,72000.0,83000.0,
"{'label': 'Unknown', '__CLASS__': 'Adzuna::API::Response::Category', 'tag': 'unknown'}",10.10558,0,AI & Data Science Engineer (m/w/d),2026-08-11T13:55:30Z,https://www.adzuna.de/details/5836692388?utm_medium=api&utm_source=a4bcf954,"{'__CLASS__': 'Adzuna::API::Response::Company', 'display_name': 'cigus GmbH'}","Hochtechnologie und Innovation …aktiv mitgestalten und vorantreiben – für diese Position suchen wir eine engagierte Persönlichkeit (m/w/d), die mit Ideenreichtum, Verantwortungsbewusstsein und fachlicher Kompetenz überzeugt. Als Beratungsunternehmen unterstützen wir unseren Kunden bei der Suche nach einer passenden Person, die Herausforderungen nicht als Hürde, sondern als spannende Möglichkeit zur Weiterentwicklung versteht. Das erwartet dich: Entwicklung und Implementierung von Datenanalyse-,…",48.78408,5836692388,eyJhbGciOiJIUzI1NiJ9.eyJpIjoiNTgzNjY5MjM4OCIsInMiOiJtUEdTMDVDZjhSR043WnFUYXgyOHVRIn0.4ywuQkvZsUMvGrhzetGdyCtPHq9QRLkqOv4otbjD4xc,Adzuna::API::Response::Job,"{'__CLASS__': 'Adzuna::API::Response::Location', 'display_name': 'Oberkochen, Ostalbkreis', 'area': ['Deutschland', 'Baden-Württemberg', 'Ostalbkreis', 'Oberkochen']}",,,,
"{'tag': 'it-jobs', 'label': 'IT-Stellen', '__CLASS__': 'Adzuna::API::Response::Category'}",10.904,0,Studium mit vertiefter Praxis: Data Science B.Sc.,2026-05-12T23:30:21Z,https://www.adzuna.de/details/5727348288?utm_medium=api&utm_source=a4bcf954,"{'display_name': 'XITASO', '__CLASS__': 'Adzuna::API::Response::Company'}","Das ist die Herausforderung Im Studium mit vertiefter Praxis kombinierst Du ideal Theorie und Praxis . Deine im Hochschulstudium erworbenen Kenntnisse wendest Du in den betrieblichen Praxisphasen in konkreten Projekten an. So lernst Du nicht nur, warum etwas funktioniert, sondern auch, wie es funktioniert und wie es gemacht wird. In den 3,5 Jahren deines Bachelorstudiums absolvierst Du in den vorlesungsfreien Zeiten sowie im Praxissemester Deine Praxisphasen bei XITASO. Auch Deine Bachelorarbei…",48.38236,5727348288,eyJhbGciOiJIUzI1NiJ9.eyJpIjoiNTcyNzM0ODI4OCIsInMiOiJtUEdTMDVDZjhSR043WnFUYXgyOHVRIn0.1ku0dBHZ0JD_PiMMlPdNjrKTwf2AYIAPvHJuPrMGCGQ,Adzuna::API::Response::Job,"{'__CLASS__': 'Adzuna::API::Response::Location', 'display_name': 'Lechhausen, Augsburg', 'area': ['Deutschland', 'Bayern', 'Augsburg (Kreis)', 'Augsburg', 'Lechhausen']}",part_time,,,
"{'label': 'Unknown', 'tag': 'unknown', '__CLASS__': 'Adzuna::API::Response::Category'}",10.89379,0,Studium mit vertiefter Praxis: Data Science B.Sc.,2026-07-16T15:50:09Z,https://www.adzuna.de/details/5802896200?utm_medium=api&utm_source=a4bcf954,"{'display_name': 'XITASO GmbH', '__CLASS__': 'Adzuna::API::Response::Company'}","Das ist die Herausforderung Im Studium mit vertiefter Praxis kombinierst Du ideal Theorie und Praxis. Deine im Hochschulstudium erworbenen Kenntnisse wendest Du in den betrieblichen Praxisphasen in konkreten Projekten an. So lernst Du nicht nur, warum etwas funktioniert, sondern auch, wie es funktioniert und wie es gemacht wird. In den 3,5 Jahren deines Bachelorstudiums absolvierst Du in den vorlesungsfreien Zeiten sowie im Praxissemester Deine Praxisphasen bei XITASO. Auch Deine Bachelorarbeit…",48.357096,5802896200,eyJhbGciOiJIUzI1NiJ9.eyJzIjoiWm5JVjFaQ2Y4UkdVNkxJanlhUm53QSIsImkiOiI1ODAyODk2MjAwIn0.UZJSIXPHfKHMhtN1nMlSHGNtKhtrodx77CufKstrcWg,Adzuna::API::Response::Job,"{'__CLASS__': 'Adzuna::API::Response::Location', 'display_name': 'Augsburg, Augsburg (Kreis)', 'area': ['Deutschland', 'Bayern', 'Augsburg (Kreis)', 'Augsburg']}",,,,
"{'label': 'Teilzeitstellen', 'tag': 'part-time-jobs', '__CLASS__': 'Adzuna::API::Response::Category'}",8.650578,0,Data Science und Künstliche Intelligenz (B.Sc.) 2027,2026-06-26T01:42:46Z,https://www.adzuna.de/land/ad/5776991573?se=ZnIV1ZCf8RGU6LIjyaRnwA&utm_medium=api&utm_source=a4bcf954&v=333B251EC63C28872D35E9BBDEE132B1419089E5,"{'display_name': 'Siemens AG', '__CLASS__': 'Adzuna::API::Response::Company'}","Dein Berufsbild: Du möchtest irgendwas mit Mathe machen und findest die Wirtschaftswelt spannend? Dann entscheide dich für ein Studium in Data Science und Künstliche Intelligenz und hol alles aus den Daten heraus. Data Science und Künstliche Intelligenz Spezialisten (w/m/d) sind die Schnittstelle zwischen IT und Business. Sie beherrschen die verschiedenen Technologien, bewerten deren Potenziale und wissen, wie man sie technisch umsetzt. In deinem dualen Studium erlernst du die Grundlagen, Konze…",50.129683,5776991573,eyJhbGciOiJIUzI1NiJ9.eyJzIjoiWm5JVjFaQ2Y4UkdVNkxJanlhUm53QSIsImkiOiI1Nzc2OTkxNTczIn0.B2_F1nHpk-qPQQWgUioVYOlCG1KA-ds3_P1ois2-CNM,Adzuna::API::Response::Job,"{'area': ['Deutschland', 'Hessen', 'Frankfurt am Main'], '__CLASS__': 'Adzuna::API::Response::Location', 'display_name': 'Frankfurt am Main, Hessen'}",,,,
"{'label': 'Teilzeitstellen', 'tag': 'part-time-jobs', '__CLASS__': 'Adzuna::API::Response::Category'}",8.71298,0,Data Science und Künstliche Intelligenz (B.Sc.) 2027,2026-07-21T22:58:38Z,https://www.adzuna.de/details/5809710891?utm_medium=api&utm_source=a4bcf954,"{'display_name': 'Siemens AG', '__CLASS__': 'Adzuna::API::Response::Company'}","Dein Berufsbild: Du möchtest irgendwas mit Mathe machen und findest die Wirtschaftswelt spannend? Dann entscheide dich für ein Studium in Data Science und Künstliche Intelligenz und hol alles aus den Daten heraus. Data Science und Künstliche Intelligenz Spezialisten (w/m/d) sind die Schnittstelle zwischen IT und Business. Sie beherrschen die verschiedenen Technologien, bewerten deren Potenziale und wissen, wie man sie technisch umsetzt. In deinem dualen Studium erlernst du die Grundlagen, Konze…",50.1246,5809710891,eyJhbGciOiJIUzI1NiJ9.eyJzIjoiWm5JVjFaQ2Y4UkdVNkxJanlhUm53QSIsImkiOiI1ODA5NzEwODkxIn0.YrSqFDoh14z7fn9KpooBmprxRVr4Oca3XGUzmNWspKc,Adzuna::API::Response::Job,"{'display_name': 'Bornheim, Frankfurt am Main', '__CLASS__': 'Adzuna::API::Response::Location', 'area': ['Deutschland', 'Hessen', 'Frankfurt am Main', 'Bornheim']}",,,,
"{'label': 'Unknown', 'tag': 'unknown', '__CLASS__': 'Adzuna::API::Response::Category'}",7.67925,0,Werkstudent (m/w/d) Data Science - Hotel,2026-08-10T16:42:39Z,https://www.adzuna.de/details/5835690621?utm_medium=api&utm_source=a4bcf954,"{'display_name': 'CHECK24 Vergleichsportal', '__CLASS__': 'Adzuna::API::Response::Company'}","Über diesen Job Speed, Agilität und steile Entwicklungskurven – das macht CHECK24 aus. Unsere Vision: unseren Kundinnen in allen Produkten das beste Erlebnis zu bieten. Beim CHECK24 Hotelvergleich finden unsere Kundinnen weltweit die besten Hotels zum günstigsten Preis. Seit 2014 schaffen wir mit unseren Partnern einen transparenten Marktvergleich und ermöglichen unvergleichliche Reiseerlebnisse. Um unseren Hotelvergleich noch kundenfreundlicher und effizienter zu machen, suchen wir Dich als We…",51.95368,5835690621,eyJhbGciOiJIUzI1NiJ9.eyJpIjoiNTgzNTY5MDYyMSIsInMiOiJabklWMVpDZjhSR1U2TElqeWFSbndBIn0.4heTTDjdA-5MGUnfbnRYHT6khA2U_Nl_w0iCOi2kJBk,Adzuna::API::Response::Job,"{'__CLASS__': 'Adzuna::API::Response::Location', 'display_name': 'Gremmendorf, Münster', 'area': ['Deutschland', 'Nordrhein-Westfalen', 'Münster', 'Gremmendorf']}",part_time,,,
"{'__CLASS__': 'Adzuna::API::Response::Category', 'tag': 'unknown', 'label': 'Unknown'}",13.396,0,Werkstudent (w/m/d) Data Science & AI,2026-08-13T02:34:36Z,https://www.adzuna.de/details/5839130894?utm_medium=api&utm_source=a4bcf954,"{'display_name': 'FLEX Capital Management GmbH', '__CLASS__': 'Adzuna::API::Response::Company'}","Info: Als Werkstudent (w/m/d) im Bereich Data Science & AI wirst du Teil des Data & AI-Teams von FLEX Capital und arbeitest an der Entwicklung und Umsetzung datengetriebener Lösungen für unsere Portfoliounternehmen sowie interne Projekte. Du unterstützt das Team nicht nur operativ, sondern übernimmst – je nach Erfahrung – auch eigene Projekte von der Konzeption über die Umsetzung bis zum Deployment. Damit bekommst du die Chance, praktische Verantwortung zu übernehmen und reale AI-Anwendungen in…",52.4984,5839130894,eyJhbGciOiJIUzI1NiJ9.eyJpIjoiNTgzOTEzMDg5NCIsInMiOiJabklWMVpDZjhSR1U2TElqeWFSbndBIn0.3dY_Z8WH0mOwN4eWbuV-0fCSoIFQmNHMVmo3qE2hhww,Adzuna::API::Response::Job,"{'area': ['Deutschland', 'Berlin', 'Kreuzberg'], '__CLASS__': 'Adzuna::API::Response::Location', 'display_name': 'Kreuzberg, Berlin'}",part_time,,,contract
"{'tag': 'unknown', '__CLASS__': 'Adzuna::API::Response::Category', 'label': 'Unknown'}",8.79958,0,Duales Studium Data Science und Künstliche Intelligenz | 2027,2026-07-16T15:57:34Z,https://www.adzuna.de/details/5802937350?utm_medium=api&utm_source=a4bcf954,"{'__CLASS__': 'Adzuna::API::Response::Company', 'display_name': 'KLS Martin Group'}","Du möchtest die digitale Welt aktiv mitgestalten und datengetriebene Lösungen für reale Herausforderungen entwickeln? Dann starte dein duales Studium im Studiengang Data Science & Künstliche Intelligenz an der DHBW Ravensburg und verbinde akademisches Wissen mit spannender Praxiserfahrung in der Medizintechnik. In deinen Theoriephasen eignest du dir fundierte Grundlagen in Programmierung, Mathematik und Statistik an Darüber hinaus baust du Kenntnisse in Data Science, Machine Learning und Künstl…",47.98941,5802937350,eyJhbGciOiJIUzI1NiJ9.eyJpIjoiNTgwMjkzNzM1MCIsInMiOiJabklWMVpDZjhSR1U2TElqeWFSbndBIn0.WVeg-1vLiAzkFehmY3G_EQtUG9iX00DvOd9lDavSRrU,Adzuna::API::Response::Job,"{'area': ['Deutschland', 'Baden-Württemberg', 'Tuttlingen (Kreis)', 'Tuttlingen'], '__CLASS__': 'Adzuna::API::Response::Location', 'display_name': 'Tuttlingen, Tuttlingen (Kreis)'}",,,,
"{'label': 'Stellen aus Wissenschaft & Qualitätssicherung', '__CLASS__': 'Adzuna::API::Response::Category', 'tag': 'scientific-qa-jobs'}",10.10558,0,AI & Data Science Manager (m/w/d),2026-08-11T04:10:14Z,https://www.adzuna.de/details/5836271332?utm_medium=api&utm_source=a4bcf954,"{'__CLASS__': 'Adzuna::API::Response::Company', 'display_name': 'encontec GmbH'}","AI & Data Science Manager (m/w/d) Bei unserem namhaften Kunden im Raum Aalen/Oberkochen - einem führenden Unternehmen der Hightechindustrie - bietet sich diese einmalige Perspektive im Rahmen der Arbeitnehmerüberlassung mit der Option auf Übernahme. Dein zukünftiger Tätigkeitsbereich Zentrale Mitgestaltung der technologischen Zukunft in einem Hightech-Umfeld sowie aktiver Beitrag zur digitalen Transformation und zur Sicherung der Wettbewerbsfähigkeit Verantwortung für die Entwicklung, Implement…",48.78408,5836271332,eyJhbGciOiJIUzI1NiJ9.eyJpIjoiNTgzNjI3MTMzMiIsInMiOiJabklWMVpDZjhSR1U2TElqeWFSbndBIn0.s3W-K3plxBJQzWqn4QsIAXurHQi9P3QQuAkOXHhzUT0,Adzuna::API::Response::Job,"{'__CLASS__': 'Adzuna::API::Response::Location', 'display_name': 'Oberkochen, Ostalbkreis', 'area': ['Deutschland', 'Baden-Württemberg', 'Ostalbkreis', 'Oberkochen']}",full_time,68000.0,75000.0,
"{'tag': 'part-time-jobs', '__CLASS__': 'Adzuna::API::Response::Category', 'label': 'Teilzeitstellen'}",6.77216,0,Duales Studium Data Science (B.S.) 2027,2026-08-06T22:35:57Z,https://www.adzuna.de/details/5830894357?utm_medium=api&utm_source=a4bcf954,"{'__CLASS__': 'Adzuna::API::Response::Company', 'display_name': 'PwC Deutschland'}","Für unseren Geschäftsbereich Business Services suchen wir dich zum 1. September 2027 als Dualen Studenten Data Science (B.S.) 2027 Das erwartet dich Data Science – In deinem dualen Studium im Bereich Data Science wirst du Teil unseres Teams und lernst spannende Themen rund um Daten und Technologien kennen. Du erfährst, wie man Benutzeroberflächen (Frontend) gestaltet, im Hintergrund programmiert (Backend) und Daten analysiert sowie Künstliche Intelligenz (KI) einsetzt. Einblicke – Neben den the…",51.24346,5830894357,eyJhbGciOiJIUzI1NiJ9.eyJzIjoiWm5JVjFaQ2Y4UkdVNkxJanlhUm53QSIsImkiOiI1ODMwODk0MzU3In0.LKQw7s7tVAN8jT9EDrZ78jJX89ydDtFPtS1WnCXx624,Adzuna::API::Response::Job,"{'display_name': 'Golzheim, Düsseldorf', '__CLASS__': 'Adzuna::API::Response::Location', 'area': ['Deutschland', 'Nordrhein-Westfalen', 'Düsseldorf', 'Golzheim']}",,,,
"{'__CLASS__': 'Adzuna::API::Response::Category', 'tag': 'unknown', 'label': 'Unknown'}",10.10558,0,AI Data Science Engineer (m/w/d),2026-08-13T07:31:47Z,https://www.adzuna.de/details/5839580885?utm_medium=api&utm_source=a4bcf954,"{'__CLASS__': 'Adzuna::API::Response::Company', 'display_name': 'FERCHAU GmbH'}","Menschen und Technologien zu verbinden, den Perfect Match für unsere Kunden zu gestalten, immer die richtigen Expert:innen für die jeweilige Herausforderung zu finden - das ist unser Anspruch bei FERCHAU und dafür suchen wir dich: Dein Aufgabengebiet * Entwicklung und Implementierung von Datenanalyse- und Machine-Learning-Lösungen für Messsysteme * Konzeption, Programmierung und Integration neuer Algorithmen zur Auswertung großer Datensätze * Anwendung von Methoden wie Deep Learning, Bildverarb…",48.78408,5839580885,eyJhbGciOiJIUzI1NiJ9.eyJpIjoiNTgzOTU4MDg4NSIsInMiOiJabklWMVpDZjhSR1U2TElqeWFSbndBIn0.MY8P4bzTorn3lpS6VZx80EA3OvOBP5eBnfMc-hLkurc,Adzuna::API::Response::Job,"{'display_name': 'Oberkochen, Ostalbkreis', '__CLASS__': 'Adzuna::API::Response::Location', 'area': ['Deutschland', 'Baden-Württemberg', 'Ostalbkreis', 'Oberkochen']}",,,,
"{'label': 'Unknown', '__CLASS__': 'Adzuna::API::Response::Category', 'tag': 'unknown'}",11.11021,0,Data Science Consultant (m/f/x/d),2026-08-20T05:31:08Z,https://www.adzuna.de/details/5849254835?utm_medium=api&utm_source=a4bcf954,"{'display_name': 'WhyBrilliant GmbH', '__CLASS__': 'Adzuna::API::Response::Company'}","This is a role that Atlas, our AI Recruiter, is hiring for on behalf of one of our customers. He'll pick the best candidates from Nova's network. The next step is to speak to Nova . The Role Job Title: Data Science Consultant (m/f/x/d) Location: Nuremberg, Germany Why this role matters As organizations struggle to extract actionable value from unstructured data, this role exists to translate complex NLP capabilities into strategic business outcomes. By designing custom data science solutions an…",49.50401,5849254835,eyJhbGciOiJIUzI1NiJ9.eyJpIjoiNTg0OTI1NDgzNSIsInMiOiJabklWMVpDZjhSR1U2TElqeWFSbndBIn0.wey5vhtYAJRJkpop9jPHR00VU3hOkN_yl9cpHgdApvo,Adzuna::API::Response::Job,"{'display_name': 'Buchenbühl, Nürnberg', '__CLASS__': 'Adzuna::API::Response::Location', 'area': ['Deutschland', 'Bayern', 'Nürnberg', 'Buchenbühl']}",full_time,70000.0,95000.0,permanent
"{'__CLASS__': 'Adzuna::API::Response::Category', 'tag': 'unknown', 'label': 'Unknown'}",8.47501,0,Qualitätsdatenanalyst (m/w/d) Data Science Airbus,2026-07-27T16:30:25Z,https://www.adzuna.de/details/5817449499?utm_medium=api&utm_source=a4bcf954,"{'display_name': 'expertum GmbH', '__CLASS__': 'Adzuna::API::Response::Company'}","HIER WERDEN SIE ARBEITEN: Unser Kunde Airbus ist weltweit ein Unternehmen für zivile und militärische Flugzeugstrukturen sowie wichtiger Partner in den großen europäischen und internationalen Luftfahrtprogrammen. Mit einem Umsatz von 67 Milliarden Euro im Jahr 2017 ist das Unternehmen auch das zweitgrößte Luft- und Raumfahrtunternehmen der Welt. Sie erwartet eine 35-Stunden-Woche mit Benefits des IG Metall-Tarifvertrages , sowie eine wertschätzende Atmosphäre und ein modernes Arbeitsumfeld. Für…",53.48482,5817449499,eyJhbGciOiJIUzI1NiJ9.eyJzIjoiWm5JVjFaQ2Y4UkdVNkxJanlhUm53QSIsImkiOiI1ODE3NDQ5NDk5In0.sdsaRTIF13aC3hgA8B5Zgfpt8dC5XegLPhxL5aWyoPs,Adzuna::API::Response::Job,"{'area': ['Deutschland', 'Niedersachsen', 'Wesermarsch (Kreis)', 'Nordenham'], '__CLASS__': 'Adzuna::API::Response::Location', 'display_name': 'Nordenham, Wesermarsch (Kreis)'}",full_time,,,
"{'label': 'Teilzeitstellen', 'tag': 'part-time-jobs', '__CLASS__': 'Adzuna::API::Response::Category'}",8.34467,0,Data Science und Künstliche Intelligenz (B.Sc.) 2027,2026-07-21T22:58:21Z,https://www.adzuna.de/details/5809709204?utm_medium=api&utm_source=a4bcf954,"{'__CLASS__': 'Adzuna::API::Response::Company', 'display_name': 'Siemens AG'}","Dein Berufsbild: Du möchtest irgendwas mit Mathe und Programmieren machen und findest Technologien der Zukunft spannend? Dann entscheide dich für den Studiengang Data Science und Künstliche Intelligenz und hol alles aus den Daten heraus. In deinem Beruf bist du die Schnittstelle zwischen IT und Business. Du beherrschst die verschiedenen Technologien, bewertest deren Potenziale und weißt, wie man sie technisch umsetzt. In deinem dualen Studium erlernst du die Grundlagen, Konzepte und Methoden de…",49.03071,5809709204,eyJhbGciOiJIUzI1NiJ9.eyJpIjoiNTgwOTcwOTIwNCIsInMiOiJabklWMVpDZjhSR1U2TElqeWFSbndBIn0.R37h79V5CquRXBzU0nvSgpHdn31eFyeMAv-ygy0kx1U,Adzuna::API::Response::Job,"{'display_name': 'Knielingen, Karlsruhe', '__CLASS__': 'Adzuna::API::Response::Location', 'area': ['Deutschland', 'Baden-Württemberg', 'Karlsruhe (Kreis)', 'Karlsruhe', 'Knielingen']}",,,,
"{'tag': 'part-time-jobs', '__CLASS__': 'Adzuna::API::Response::Category', 'label': 'Teilzeitstellen'}",6.82951,0,Data Science und Künstliche Intelligenz (B.Sc.) 2027,2026-07-21T22:58:52Z,https://www.adzuna.de/details/5809712370?utm_medium=api&utm_source=a4bcf954,"{'display_name': 'Siemens AG', '__CLASS__': 'Adzuna::API::Response::Company'}","Dein Berufsbild: Du möchtest irgendwas mit Mathe und Programmieren machen und findest Technologien der Zukunft spannend? Dann entscheide dich für den Studiengang Data Science und Künstliche Intelligenz und hol alles aus den Daten heraus. In deinem Beruf bist du die Schnittstelle zwischen IT und Business. Du beherrschst die verschiedenen Technologien, bewertest deren Potenziale und weißt, wie man sie technisch umsetzt. In deinem dualen Studium erlernst du die Grundlagen, Konzepte und Methoden de…",50.94691,5809712370,eyJhbGciOiJIUzI1NiJ9.eyJzIjoiWm5JVjFaQ2Y4UkdVNkxJanlhUm53QSIsImkiOiI1ODA5NzEyMzcwIn0.lBKUNsh-0bbHe51tc_ejmoi5vaXl49L7jiZ2jbP97iw,Adzuna::API::Response::Job,"{'area': ['Deutschland', 'Nordrhein-Westfalen', 'Köln', 'Lövenich'], '__CLASS__': 'Adzuna::API::Response::Location', 'display_name': 'Lövenich, Köln'}",,,,
"{'__CLASS__': 'Adzuna::API::Response::Category', 'tag': 'unknown', 'label': 'Unknown'}",9.09685,0,Werkstudent Data Science & AI m/w/d,2026-08-24T05:32:21Z,https://www.adzuna.de/details/5854131106?utm_medium=api&utm_source=a4bcf954,"{'__CLASS__': 'Adzuna::API::Response::Company', 'display_name': 'Phoenix Contact GmbH & Co. KG'}",Aufgaben: Du unterstützt unser Data Science & AI-Team sowie Fachabteilungen bei der Umsetzung konkreter Anwendungsfälle Du arbeitest aktiv an der Integration von A I in unsere Geschäftsprozesse mit - von der Idee bis zur produktiven Lösung Du entwickelst neue Lösungsansätze für agentische Prozesse und bringst deine analytischen Fähigkeiten gezielt ein Du betreust bestehende AI-Lösungen und wirkst an spannenden Projekten im Bereich Digitalisierung und Automatisierung mit Du arbeitest mit Cloud-P…,51.94333,5854131106,eyJhbGciOiJIUzI1NiJ9.eyJpIjoiNTg1NDEzMTEwNiIsInMiOiJabklWMVpDZjhSR1U2TElqeWFSbndBIn0.ZiKEfWU_f734oxJ1123z3wCyxzF1LI8y9B9h_G-pIvE,Adzuna::API::Response::Job,"{'__CLASS__': 'Adzuna::API::Response::Location', 'area': ['Deutschland', 'Nordrhein-Westfalen', 'Lippe (Kreis)', 'Blomberg'], 'display_name': 'Blomberg, Lippe (Kreis)'}",,,,contract
"{'label': 'Unknown', 'tag': 'unknown', '__CLASS__': 'Adzuna::API::Response::Category'}",10.10558,0,Senior Data Science Engineer (m/w/d),2026-08-07T16:37:12Z,https://www.adzuna.de/details/5832059071?utm_medium=api&utm_source=a4bcf954,"{'display_name': 'Bertrandt AG', '__CLASS__': 'Adzuna::API::Response::Company'}","Wir sind Bertrandt. Ein eigenständiger und internationaler Engineering Dienstleister mit langjähriger Expertise. Mit branchenübergreifendem Know-how und einem ganzheitlichen System- und Produktverständnis schaffen wir technologische Lösungen entlang der gesamten Wertschöpfungskette. Wir beschäftigen uns mit den Trendthemen Digitalisierung, E-Mobilität und Autonome Systeme hauptsächlich für die Branchen Automotive, Luftfahrt, Defence und Maschinenbau und ermöglichen hier konsequent die Entstehun…",48.78408,5832059071,eyJhbGciOiJIUzI1NiJ9.eyJzIjoiWm5JVjFaQ2Y4UkdVNkxJanlhUm53QSIsImkiOiI1ODMyMDU5MDcxIn0.-uOeL-3fAcf6kSJX1Yx04_FNH59dPb2kCBwN5NT_gGY,Adzuna::API::Response::Job,"{'display_name': 'Oberkochen, Ostalbkreis', '__CLASS__': 'Adzuna::API::Response::Location', 'area': ['Deutschland', 'Baden-Württemberg', 'Ostalbkreis', 'Oberkochen']}",full_time,,,
"{'label': 'Unknown', 'tag': 'unknown', '__CLASS__': 'Adzuna::API::Response::Category'}",,0,Master Thesis Student Data Science Preventative Service,2026-07-02T23:12:33Z,https://www.adzuna.de/details/5785998702?utm_medium=api&utm_source=a4bcf954,"{'__CLASS__': 'Adzuna::API::Response::Company', 'display_name': 'Danaher'}","Bring more to life. Are you ready to accelerate your potential and make a real difference within life sciences, diagnostics and biotechnology? At Leica Microsystems, one of Danaher’s 15 operating companies, our work saves lives—and we’re all united by a shared commitment to innovate for tangible impact. You’ll thrive in a culture of belonging where you and your unique viewpoint matter. And by harnessing Danaher’s system of continuous improvement, you help turn ideas into impact – innovating at …",,5785998702,eyJhbGciOiJIUzI1NiJ9.eyJzIjoiWm5JVjFaQ2Y4UkdVNkxJanlhUm53QSIsImkiOiI1Nzg1OTk4NzAyIn0.ozMroAcl7tFg2EQbtqvqIhzXVPGjwWyHmfPG1sUXlFI,Adzuna::API::Response::Job,"{'__CLASS__': 'Adzuna::API::Response::Location', 'area': ['Deutschland'], 'display_name': 'Deutschland'}",part_time,,,
"{'label': 'Unknown', 'tag': 'unknown', '__CLASS__': 'Adzuna::API::Response::Category'}",7.10344,0,AI & Data Science Consultant (m/w/d),2026-07-17T09:51:02Z,https://www.adzuna.de/details/5804554861?utm_medium=api&utm_source=a4bcf954,"{'__CLASS__': 'Adzuna::API::Response::Company', 'display_name': 'twomynds'}","Du willst sehen, wie deine Arbeit in echten Use Cases Mehrwert schafft – bei Unternehmen, die du aus dem Alltag kennst? Willkommen bei twomynds. Wir sind eine dedizierte Data-&-AI-Beratung sowie ein Service Provider mit End-to-End-Umsetzung und begleiten Unternehmen von der strategischen Zielsetzung bis zur operativen Realisierung – strategisch, umsetzungsstark und ergebnisorientiert. Unsere Mission: Ambitionierte Unternehmen befähigen, Data & AI in geschäftskritischen Mehrwert zu verwandeln – …",50.73754,5804554861,eyJhbGciOiJIUzI1NiJ9.eyJpIjoiNTgwNDU1NDg2MSIsInMiOiJabklWMVpDZjhSR1U2TElqeWFSbndBIn0.nhq-Nc12WkEzJUpxmY8PMGmADYi4zHVegE4ZDYEEd-E,Adzuna::API::Response::Job,"{'area': ['Deutschland', 'Nordrhein-Westfalen', 'Bonn', 'Zentrum'], '__CLASS__': 'Adzuna::API::Response::Location', 'display_name': 'Zentrum, Bonn'}",,,,
"{'label': 'Unknown', 'tag': 'unknown', '__CLASS__': 'Adzuna::API::Response::Category'}",7.112412,0,AI & Data Science Consultant (m/w/d),2026-07-16T16:04:38Z,https://www.adzuna.de/details/5802963268?utm_medium=api&utm_source=a4bcf954,"{'display_name': 'twomynds', '__CLASS__': 'Adzuna::API::Response::Company'}","Du willst sehen, wie deine Arbeit in echten Use Cases Mehrwert schafft – bei Unternehmen, die du aus dem Alltag kennst? Willkommen bei twomynds. Wir sind eine dedizierte Data-&-AI-Beratung sowie ein Service Provider mit End-to-End-Umsetzung und begleiten Unternehmen von der strategischen Zielsetzung bis zur operativen Realisierung – strategisch, umsetzungsstark und ergebnisorientiert. Unsere Mission: Ambitionierte Unternehmen befähigen, Data & AI in geschäftskritischen Mehrwert zu verwandeln – …",50.71942,5802963268,eyJhbGciOiJIUzI1NiJ9.eyJpIjoiNTgwMjk2MzI2OCIsInMiOiJabklWMVpDZjhSR1U2TElqeWFSbndBIn0.JkAoOvMBPBbgUj009Ik2tMI5MEbkLXgSso_JJS-lKoE,Adzuna::API::Response::Job,"{'display_name': 'Bonn, Nordrhein-Westfalen', '__CLASS__': 'Adzuna::API::Response::Location', 'area': ['Deutschland', 'Nordrhein-Westfalen', 'Bonn']}",full_time,,,
"{'label': 'Unknown', 'tag': 'unknown', '__CLASS__': 'Adzuna::API::Response::Category'}",8.491505,0,Master Thesis Student Data Science Preventative Service,2026-07-01T07:46:19Z,https://www.adzuna.de/details/5783000745?utm_medium=api&utm_source=a4bcf954,"{'display_name': 'Danaher Corporation', '__CLASS__': 'Adzuna::API::Response::Company'}","Bring more to life. Are you ready to accelerate your potential and make a real difference within life sciences, diagnostics and biotechnology? At Leica Microsystems, one of Danaher's (https://danaher.com/our-businesses) 15 operating companies, our work saves lives-and we're all united by a shared commitment to innovate for tangible impact. You'll thrive in a culture of belonging where you and your unique viewpoint matter. And by harnessing Danaher's system of continuous improvement, you help tu…",49.496025,5783000745,eyJhbGciOiJIUzI1NiJ9.eyJzIjoiWm5JVjFaQ2Y4UkdVNkxJanlhUm53QSIsImkiOiI1NzgzMDAwNzQ1In0.f0k0uHBFeIvZ3u89z0_vlJyoaeAT2I02X-KGICLCpnE,Adzuna::API::Response::Job,"{'area': ['Deutschland', 'Baden-Württemberg', 'Mannheim'], '__CLASS__': 'Adzuna::API::Response::Location', 'display_name': 'Mannheim, Baden-Württemberg'}",,,,
"{'label': 'Juristische Stellen', 'tag': 'legal-jobs', '__CLASS__': 'Adzuna::API::Response::Category'}",,0,Phd Position In Data Science/bioinformatics For Marine And Arctic Biodiversity (f/x/d/m),2026-08-21T17:03:12Z,https://www.adzuna.de/land/ad/5851128005?se=ZnIV1ZCf8RGU6LIjyaRnwA&utm_medium=api&utm_source=a4bcf954&v=C71C9C6876419B919BE5C4F7E9334AC640310668,"{'display_name': 'Alfred-Wegener-Institut Helmholtz-Zentrum für Polar- und Meeresforschung', '__CLASS__': 'Adzuna::API::Response::Company'}","The Alfred Wegener Institute Helmholtz Centre for Polar and Marine Research (AWI) is a member of the Helmholtz Association (HGF) and funded by federal and state government. AWI focuses on polar and marine research in a variety of disciplines such as biology, oceanography, geology, geochemistry and geophysics thus allowing multidisciplinary approaches to scientific goals. . click apply for full job details",,5851128005,eyJhbGciOiJIUzI1NiJ9.eyJzIjoiWm5JVjFaQ2Y4UkdVNkxJanlhUm53QSIsImkiOiI1ODUxMTI4MDA1In0.48nTJj6qv1T6L4HoPZFKOytGrHtBTGEfDAfpeIa1f7M,Adzuna::API::Response::Job,"{'__CLASS__': 'Adzuna::API::Response::Location', 'area': ['Deutschland'], 'display_name': 'Deutschland'}",,,,
"{'tag': 'unknown', '__CLASS__': 'Adzuna::API::Response::Category', 'label': 'Unknown'}",,0,Senior Scientist Data Science (f/m/d),2026-06-25T07:51:26Z,https://www.adzuna.de/details/5775814381?utm_medium=api&utm_source=a4bcf954,"{'__CLASS__': 'Adzuna::API::Response::Company', 'display_name': 'Danaher Corporation'}","Bring more to life. Are you ready to accelerate your potential and make a real difference within life sciences, diagnostics and biotechnology? At Cytiva, one of Danaher's (https://danaher.com/our-businesses) 15 operating companies, our work saves lives-and we're all united by a shared commitment to innovate for tangible impact. You'll thrive in a culture of belonging where you and your unique viewpoint matter. And by harnessing Danaher's system of continuous improvement, you help turn ideas int…",,5775814381,eyJhbGciOiJIUzI1NiJ9.eyJpIjoiNTc3NTgxNDM4MSIsInMiOiJabklWMVpDZjhSR1U2TElqeWFSbndBIn0.pUFDvixhdycghvqlgboirb8AJfQ-wTZK680MUaoNxdE,Adzuna::API::Response::Job,"{'area': ['Deutschland', 'Nordrhein-Westfalen', 'Köln'], '__CLASS__': 'Adzuna::API::Response::Location', 'display_name': 'Köln, Nordrhein-Westfalen'}",,,,
"{'tag': 'unknown', '__CLASS__': 'Adzuna::API::Response::Category', 'label': 'Unknown'}",,0,Senior Scientist Data Science (f/m/d),2026-07-30T17:30:10Z,https://www.adzuna.de/details/5821242140?utm_medium=api&utm_source=a4bcf954,"{'display_name': 'Danaher', '__CLASS__': 'Adzuna::API::Response::Company'}","Bring more to life. Are you ready to accelerate your potential and make a real difference within life sciences, diagnostics and biotechnology? At Cytiva, one of Danaher’s 15 operating companies, our work saves lives—and we’re all united by a shared commitment to innovate for tangible impact. You’ll thrive in a culture of belonging where you and your unique viewpoint matter. And by harnessing Danaher’s system of continuous improvement, you help turn ideas into impact – innovating at the speed of…",,5821242140,eyJhbGciOiJIUzI1NiJ9.eyJzIjoiWm5JVjFaQ2Y4UkdVNkxJanlhUm53QSIsImkiOiI1ODIxMjQyMTQwIn0.YkymO7fxMVAcyzb3QhbU9GPnDShdYadpT0xL8qFrp5w,Adzuna::API::Response::Job,"{'area': ['Deutschland'], '__CLASS__': 'Adzuna::API::Response::Location', 'display_name': 'Deutschland'}",full_time,,,
"{'__CLASS__': 'Adzuna::API::Response::Category', 'tag': 'unknown', 'label': 'Unknown'}",7.112412,0,Data Science & Solutions Consultant (m/w/d),2026-07-16T16:04:07Z,https://www.adzuna.de/details/5802960629?utm_medium=api&utm_source=a4bcf954,"{'display_name': 'twomynds', '__CLASS__': 'Adzuna::API::Response::Company'}","Du willst sehen, wie deine Lösungen direkt Management-Entscheidungen beeinflussen und in echten Use Cases Mehrwert schaffen – bei Unternehmen, die du aus dem Alltag kennst? Willkommen bei twomynds. Wir sind ein dedizierter End-to-End Data & AI Service Provider – strategisch, umsetzungsstark und ergebnisorientiert. Unsere Mission: Ambitionierte Unternehmen befähigen, Data & AI in geschäftskritischen Mehrwert zu verwandeln – mit strategischer Klarheit, technischer Exzellenz und unternehmerischer …",50.71942,5802960629,eyJhbGciOiJIUzI1NiJ9.eyJpIjoiNTgwMjk2MDYyOSIsInMiOiJabklWMVpDZjhSR1U2TElqeWFSbndBIn0.7aXHCvde3uJveGF5XQim496rP_3JEyTzscIQTYAQU00,Adzuna::API::Response::Job,"{'__CLASS__': 'Adzuna::API::Response::Location', 'area': ['Deutschland', 'Nordrhein-Westfalen', 'Bonn'], 'display_name': 'Bonn, Nordrhein-Westfalen'}",full_time,,,
"{'tag': 'unknown', '__CLASS__': 'Adzuna::API::Response::Category', 'label': 'Unknown'}",7.10344,0,Data Science & Solutions Consultant (m/w/d),2026-07-17T09:50:27Z,https://www.adzuna.de/details/5804550589?utm_medium=api&utm_source=a4bcf954,"{'__CLASS__': 'Adzuna::API::Response::Company', 'display_name': 'twomynds'}","Du willst sehen, wie deine Lösungen direkt Management-Entscheidungen beeinflussen und in echten Use Cases Mehrwert schaffen – bei Unternehmen, die du aus dem Alltag kennst? Willkommen bei twomynds. Wir sind ein dedizierter End-to-End Data & AI Service Provider – strategisch, umsetzungsstark und ergebnisorientiert. Unsere Mission: Ambitionierte Unternehmen befähigen, Data & AI in geschäftskritischen Mehrwert zu verwandeln – mit strategischer Klarheit, technischer Exzellenz und unternehmerischer …",50.73754,5804550589,eyJhbGciOiJIUzI1NiJ9.eyJpIjoiNTgwNDU1MDU4OSIsInMiOiJabklWMVpDZjhSR1U2TElqeWFSbndBIn0.JFFM7Bdmq4-Eiki12VloWRa17qaa4OdOIsQn1q4YKWA,Adzuna::API::Response::Job,"{'area': ['Deutschland', 'Nordrhein-Westfalen', 'Bonn', 'Zentrum'], '__CLASS__': 'Adzuna::API::Response::Location', 'display_name': 'Zentrum, Bonn'}",,,,
"{'tag': 'logistics-warehouse-jobs', '__CLASS__': 'Adzuna::API::Response::Category', 'label': 'Stellen aus Logistik & Lagerhaltung'}",12.51611,0,Duales Studium im Bereich Künstliche Intelligenz und Data Science,2026-01-16T21:16:55Z,https://www.adzuna.de/details/5588400364?utm_medium=api&utm_source=a4bcf954,"{'display_name': 'MB Automation & Co. KG', '__CLASS__': 'Adzuna::API::Response::Company'}","Mitarbeit bei der Analyse und Verarbeitung großer Datenmengen (z.B. Datenaufbereitung, Datenbankmanagement, Statistik, Data Mining) Entwicklung und Anwendung von Machine-Learning-/KI-Modellen (z. B. für Bild- oder Spracherkennung, Predictive Analytics, Automatisierung) Unterstützung bei Software- und Systementwicklung, ggf. Webtechnologien, Datenbanken und Cloud-Lösungen Mitarbeit in interdisziplinären Projekten, Dokumentation, Testen und Evaluierung von Prototypen oder Anwendungen Zusammenarbe…",49.1953,5588400364,eyJhbGciOiJIUzI1NiJ9.eyJzIjoiWm5JVjFaQ2Y4UkdVNkxJanlhUm53QSIsImkiOiI1NTg4NDAwMzY0In0.kv_Qbk0FhMed8pCVBUdoHfp47fTaDBiiCflOcLnM4pA,Adzuna::API::Response::Job,"{'__CLASS__': 'Adzuna::API::Response::Location', 'area': ['Deutschland', 'Bayern', 'Cham (Kreis)', 'Roding'], 'display_name': 'Roding, Cham (Kreis)'}",full_time,,,
"{'label': 'Unknown', 'tag': 'unknown', '__CLASS__': 'Adzuna::API::Response::Category'}",13.420806,0,Team Lead Data Science (f/m/x),2026-07-08T00:41:07Z,https://www.adzuna.de/details/5791478556?utm_medium=api&utm_source=a4bcf954,"{'display_name': 'Enpal', '__CLASS__': 'Adzuna::API::Response::Company'}","At Enpal, we are not just a company; we are a movement. As a recognized greentech unicorn and one of Europe’s fastest-growing energy companies, we’re dedicated to making solar energy accessible and effortless for homeowners across the continent. Our innovative business model for solar panels, heat pumps, home energy storage systems, and EV charging stations is redefining the residential energy market. With our mission to empower homeowners to embrace clean energy, we are paving the way for a su…",52.507706,5791478556,eyJhbGciOiJIUzI1NiJ9.eyJpIjoiNTc5MTQ3ODU1NiIsInMiOiJabklWMVpDZjhSR1U2TElqeWFSbndBIn0.1efyuW2k8MpdD2qUytk7FOldtmCKJ7_l2W6e9gMVSoE,Adzuna::API::Response::Job,"{'area': ['Deutschland', 'Berlin'], '__CLASS__': 'Adzuna::API::Response::Location', 'display_name': 'Berlin, Deutschland'}",full_time,,,
"{'label': 'Beraterstellen', '__CLASS__': 'Adzuna::API::Response::Category', 'tag': 'consultancy-jobs'}",11.11021,0,Data Science Consultant (m/f/x/d),2026-06-25T23:40:50Z,https://www.adzuna.de/details/5776860396?utm_medium=api&utm_source=a4bcf954,"{'display_name': 'Career @ Symanto', '__CLASS__': 'Adzuna::API::Response::Company'}","At Symanto, we are looking for a Data Science Consultant based in Germany, UAE or Spain to join our team! In this client-facing role, you will work at the intersection of advanced analytics, AI, and business consulting, helping organizations uncover opportunities for growth, transformation, and value creation. You will collaborate with senior stakeholders, translate business challenges into analytical solutions, and contribute to the development of innovative methodologies powered by cutting-ed…",49.50401,5776860396,eyJhbGciOiJIUzI1NiJ9.eyJpIjoiNTc3Njg2MDM5NiIsInMiOiJabklWMVpDZjhSR1U2TElqeWFSbndBIn0.qZIZJRt1gUCF6FiJiui0AnltQguIJHkbwNBhg3ETCs0,Adzuna::API::Response::Job,"{'area': ['Deutschland', 'Bayern', 'Nürnberg', 'Buchenbühl'], '__CLASS__': 'Adzuna::API::Response::Location', 'display_name': 'Buchenbühl, Nürnberg'}",full_time,,,
"{'label': 'Teilzeitstellen', 'tag': 'part-time-jobs', '__CLASS__': 'Adzuna::API::Response::Category'}",9.560146,0,Duales Studium (DHBW) Data Science und Künstliche Intelligenz,2026-06-25T13:38:21Z,https://www.adzuna.de/land/ad/5776221804?se=ZnIV1ZCf8RGU6LIjyaRnwA&utm_medium=api&utm_source=a4bcf954&v=496F0D5CC95E9EA60CFB834C492F2FA74AC23E97,"{'display_name': 'EBZ SE', '__CLASS__': 'Adzuna::API::Response::Company'}","Dieser Studiengang bereitet Dich darauf vor, den digitalen Wandel in Unternehmen voranzutreiben und aktiv mitzugestalten. Dazu werden Grundlagen der Informatik und der Wirtschaftsinformatik mit Kerninhalten der Data Science kombiniert. Themen wie Cloud Computing, Big Data, Visual Analytics und AI spielen hier eine große Rolle. Du lernst den Umgang und die Interpretation von großen Datenmengen, deren Darstellung, und das Training von AI-Modellen. Deine Ideen und Projekte kannst du dabei direkt i…",47.759752,5776221804,eyJhbGciOiJIUzI1NiJ9.eyJpIjoiNTc3NjIyMTgwNCIsInMiOiJabklWMVpDZjhSR1U2TElqeWFSbndBIn0.ywG5XZcXvPZLgtWjygHvOM4OwEJErtB2e3sjhf6FisM,Adzuna::API::Response::Job,"{'area': ['Deutschland', 'Baden-Württemberg', 'Ravensburg (Kreis)', 'Ravensburg'], '__CLASS__': 'Adzuna::API::Response::Location', 'display_name': 'Ravensburg, Ravensburg (Kreis)'}",,,,
"{'tag': 'part-time-jobs', '__CLASS__': 'Adzuna::API::Response::Category', 'label': 'Teilzeitstellen'}",9.62186,0,Duales Studium (DHBW) Data Science und Künstliche Intelligenz,2026-07-21T22:58:35Z,https://www.adzuna.de/details/5809710595?utm_medium=api&utm_source=a4bcf954,"{'__CLASS__': 'Adzuna::API::Response::Company', 'display_name': 'EBZ SE'}","Dieser Studiengang bereitet Dich darauf vor, den digitalen Wandel in Unternehmen voranzutreiben und aktiv mitzugestalten. Dazu werden Grundlagen der Informatik und der Wirtschaftsinformatik mit Kerninhalten der Data Science kombiniert. Themen wie Cloud Computing, Big Data, Visual Analytics und AI spielen hier eine große Rolle. Du lernst den Umgang und die Interpretation von großen Datenmengen, deren Darstellung, und das Training von AI-Modellen. Deine Ideen und Projekte kannst du dabei direkt i…",47.77567,5809710595,eyJhbGciOiJIUzI1NiJ9.eyJpIjoiNTgwOTcxMDU5NSIsInMiOiJabklWMVpDZjhSR1U2TElqeWFSbndBIn0.Be0BrLUF5-uaM3z9qGtLKaH9gSV02d6c85b-ymIgAOc,Adzuna::API::Response::Job,"{'__CLASS__': 'Adzuna::API::Response::Location', 'display_name': 'Weingartshof, Ravensburg', 'area': ['Deutschland', 'Baden-Württemberg', 'Ravensburg (Kreis)', 'Ravensburg', 'Weingartshof']}",,,,
"{'label': 'IT-Stellen', 'tag': 'it-jobs', '__CLASS__': 'Adzuna::API::Response::Category'}",11.57287,0,Werkstudent/in - Data Science und Softwareentwicklung (m/w/d),2026-05-12T22:49:43Z,https://www.adzuna.de/details/5727284102?utm_medium=api&utm_source=a4bcf954,"{'display_name': 'Enforto', '__CLASS__': 'Adzuna::API::Response::Company'}","Was Du bei uns machst: Forschung, Entwicklung, Anwendung und Implementierung Data Science, Big Data Entwicklung und Integration von Automatisierungslösungen auf Basis von REST-APIs Datenbankanbindung und -abfragen im Rahmen von Datenpipelines (SQL) AI, Machine Learning, Deep Learning, Computer vision Full-Stack Programming Worum geht's Für unseren Bereich Forschung & Entwicklung suchen wir derzeit Unterstützung durch Studierende. In sowohl kundenspezifischen Projekten als auch Inhouse Forschung…",48.18446,5727284102,eyJhbGciOiJIUzI1NiJ9.eyJpIjoiNTcyNzI4NDEwMiIsInMiOiJabklWMVpDZjhSR1U2TElqeWFSbndBIn0.ArPl1b5zHWO0phNIP1ReW40yhGJoU35z35Foh0fkYYg,Adzuna::API::Response::Job,"{'__CLASS__': 'Adzuna::API::Response::Location', 'area': ['Deutschland', 'Bayern', 'München (Kreis)', 'München', 'Milbertshofen-Am Hart'], 'display_name': 'Milbertshofen-Am Hart, München'}",part_time,,,
"{'label': 'Unknown', '__CLASS__': 'Adzuna::API::Response::Category', 'tag': 'unknown'}",10.10558,0,AI & Data Science Engineer (m/w/d),2026-08-11T18:02:22Z,https://www.adzuna.de/details/5837015735?utm_medium=api&utm_source=a4bcf954,"{'__CLASS__': 'Adzuna::API::Response::Company', 'display_name': 'Jenpersonal'}","Ihre Aufgaben: Für unseren High-Tech-Kunde aus der Halbleiterindustrie, sind wir derzeit auf der Suche nach einem AI & Data Science Engineer (m/w/d). im Bereich EUV Metrology Die Stelle wird im Rahmen der Arbeitnehmerüberlassung besetzt. Die Stelle ist auf einen Zeitraum von 24 Monaten ausgelegt. Zu Ihrem Verantwortungsbereich gehören: Aktive Mitgestaltung der digitalen Transformation und technologischen Weiterentwicklung unseres Auftraggebers und damit einen wichtigen Beitrag zur Sicherung und…",48.78408,5837015735,eyJhbGciOiJIUzI1NiJ9.eyJzIjoiWm5JVjFaQ2Y4UkdVNkxJanlhUm53QSIsImkiOiI1ODM3MDE1NzM1In0.AHI1z1VqsrgHXj6XC4ge4plsGgZNK1AY-f0xE17Q2EM,Adzuna::API::Response::Job,"{'area': ['Deutschland', 'Baden-Württemberg', 'Ostalbkreis', 'Oberkochen'], '__CLASS__': 'Adzuna::API::Response::Location', 'display_name': 'Oberkochen, Ostalbkreis'}",full_time,,,
"{'label': 'Sonstige/Allgemeine Stellen', 'tag': 'other-general-jobs', '__CLASS__': 'Adzuna::API::Response::Category'}",10.10558,0,AI & Data Science Engineer (m/w/d),2026-08-16T12:38:07Z,https://www.adzuna.de/details/5844148317?utm_medium=api&utm_source=a4bcf954,"{'__CLASS__': 'Adzuna::API::Response::Company', 'display_name': 'Jenpersonal GmbH'}","Wer wir sind: JENPERSONAL bestimmt seinen Fokus auf Branchen, in denen Erfahrung, Marktkenntnisse und Fachwissen entscheidende Kriterien für eine nachhaltige Besetzung von Schlüsselpositionen aus dem Hochtechnologiesektor sind. JENPERSONAL sind branchenspezialisierte Personalberater, die Unternehmen aus dem Technologiesektor bei der Suche und Auswahl von Spezialisten und Führungskräften wirksam unterstützen. Ihre Aufgaben: Für unseren High-Tech-Kunde aus der Halbleiterindustrie, sind wir derzei…",48.78408,5844148317,eyJhbGciOiJIUzI1NiJ9.eyJpIjoiNTg0NDE0ODMxNyIsInMiOiJabklWMVpDZjhSR1U2TElqeWFSbndBIn0.HokaZSy48-5TrkYuIfz4OC16fEuOq7yEFiyOWRikr6k,Adzuna::API::Response::Job,"{'area': ['Deutschland', 'Baden-Württemberg', 'Ostalbkreis', 'Oberkochen'], '__CLASS__': 'Adzuna::API::Response::Location', 'display_name': 'Oberkochen, Ostalbkreis'}",full_time,,,
"{'label': 'Unknown', '__CLASS__': 'Adzuna::API::Response::Category', 'tag': 'unknown'}",13.30147,0,Team Lead (f/m/d) Data Science,2026-07-24T15:03:20Z,https://www.adzuna.de/details/5813843229?utm_medium=api&utm_source=a4bcf954,"{'__CLASS__': 'Adzuna::API::Response::Company', 'display_name': 'PAIR Finance GmbH'}","Are you ready to change the market? As the innovation leader in the receivables management industry, we at PAIR Finance are proud of our unique technology. Our algorithm, based on artificial intelligence, sensitizes defaulting consumers to pay outstanding debts without straining the customer relationship. Our fully automated, individually tailored approach enables us to assess each debtor's situation and achieve higher repayment rates. Our Data and Behavioral Science teams utilize purpose-built…",52.51115,5813843229,eyJhbGciOiJIUzI1NiJ9.eyJzIjoiWm5JVjFaQ2Y4UkdVNkxJanlhUm53QSIsImkiOiI1ODEzODQzMjI5In0.MgoNd9Gn_LAE0WzIU6fOzqya29eJrhakypHIq78YBlI,Adzuna::API::Response::Job,"{'__CLASS__': 'Adzuna::API::Response::Location', 'area': ['Deutschland', 'Berlin', 'Charlottenburg'], 'display_name': 'Charlottenburg, Berlin'}",full_time,97500.0,130000.0,permanent
"{'tag': 'pr-advertising-marketing-jobs', '__CLASS__': 'Adzuna::API::Response::Category', 'label': 'Stellen aus PR, Werbung & Marketing'}",13.420806,0,Working Student - Data Science (Research & Predictive Analytics),2026-07-02T23:01:22Z,https://www.adzuna.de/details/5785928082?utm_medium=api&utm_source=a4bcf954,"{'__CLASS__': 'Adzuna::API::Response::Company', 'display_name': 'JustWatch'}","Who we are JustWatch delivers data-driven digital marketing for the global entertainment business. From the biggest blockbusters to award-winning shows, major sporting events, and best-selling console games. We are not only entertainment obsessives, but we also own the world's largest streaming guide, which gives us unparalleled data and insights on audience behaviors and content tastes. From a small startup, we've evolved into a 200 strong team, based in Berlin, around the world, or working re…",52.507706,5785928082,eyJhbGciOiJIUzI1NiJ9.eyJzIjoiWm5JVjFaQ2Y4UkdVNkxJanlhUm53QSIsImkiOiI1Nzg1OTI4MDgyIn0.I00vxjUguLgZ3oC8wY4ms7dGPe0ibfwyGTXM4nGM3Rc,Adzuna::API::Response::Job,"{'area': ['Deutschland', 'Berlin'], '__CLASS__': 'Adzuna::API::Response::Location', 'display_name': 'Berlin, Deutschland'}",,,,
"{'label': 'Unknown', 'tag': 'unknown', '__CLASS__': 'Adzuna::API::Response::Category'}",6.78055,0,PhD student - Data Science (m/f/d),2026-08-06T18:04:21Z,https://www.adzuna.de/details/5830767830?utm_medium=api&utm_source=a4bcf954,"{'display_name': 'Universitätsklinikum Düsseldorf', '__CLASS__': 'Adzuna::API::Response::Company'}","Düsseldorf University Hospital (UKD) is the largest hospital in the state capital and one of the most important medical centers in North Rhine-Westphalia. The 9,300 employees at UKD and its subsidiaries are committed to treating over 45,000 inpatients and 270,000 outpatients every year. The UKD stands for international excellence in patient care, research and teaching, as well as for innovative and safe diagnostics, therapy and prevention. Patients benefit from the intensive interdisciplinary c…",51.20259,5830767830,eyJhbGciOiJIUzI1NiJ9.eyJzIjoiWm5JVjFaQ2Y4UkdVNkxJanlhUm53QSIsImkiOiI1ODMwNzY3ODMwIn0.O5lyPz22XsEVotLHo705tgmRqr1FDtsbMj8njQtnw9Q,Adzuna::API::Response::Job,"{'__CLASS__': 'Adzuna::API::Response::Location', 'area': ['Deutschland', 'Nordrhein-Westfalen', 'Düsseldorf', 'Bilk'], 'display_name': 'Bilk, Düsseldorf'}",,,,
"{'__CLASS__': 'Adzuna::API::Response::Category', 'tag': 'creative-design-jobs', 'label': 'Stellen aus Kreation & Design'}",10.10558,0,Abschlussarbeit Data Science / Mechanikdesign (m/w/x),2026-01-17T21:24:39Z,https://www.adzuna.de/details/5589698017?utm_medium=api&utm_source=a4bcf954,"{'display_name': 'ZEISS', '__CLASS__': 'Adzuna::API::Response::Company'}","Enabler für kleinere, leistungsfähigere und energieeffizientere Mikrochips Arbeiten, wo das Morgen entsteht. Rund 80 Prozent aller Mikrochips weltweit werden mit ZEISS Technologien gefertigt. Als Herzstück eines jeden elektronisch gesteuerten Systems sind sie aus unserem Alltag nicht mehr wegzudenken – egal ob im Smartphone, im Smart Home oder in Smart Factories. ZEISS ist Technologieführer im Bereich Halbleiterfertigungs-Equipment. Mit hochpräzisen Lithographie-Optiken, Photomasken-Systemen un…",48.78408,5589698017,eyJhbGciOiJIUzI1NiJ9.eyJpIjoiNTU4OTY5ODAxNyIsInMiOiJabklWMVpDZjhSR1U2TElqeWFSbndBIn0.awzBRWbi-R4XlfVjrWkUa0NrK9jLQehOC1Fxh3q5cTs,Adzuna::API::Response::Job,"{'__CLASS__': 'Adzuna::API::Response::Location', 'display_name': 'Oberkochen, Ostalbkreis', 'area': ['Deutschland', 'Baden-Württemberg', 'Ostalbkreis', 'Oberkochen']}",full_time,,,
"{'__CLASS__': 'Adzuna::API::Response::Category', 'tag': 'unknown', 'label': 'Unknown'}",9.88495,0,Abschlussarbeit Masterarbeit im Bereich Data Science & Künstliche Intelligenz,2026-07-28T16:32:58Z,https://www.adzuna.de/details/5818404248?utm_medium=api&utm_source=a4bcf954,"{'__CLASS__': 'Adzuna::API::Response::Company', 'display_name': 'Liebherr-Aerospace Lindenberg GmbH'}","Die Liebherr-Aerospace Lindenberg GmbH ist einer der führenden europäischen Hersteller von Flugzeugausrüstungen. Die Produkte sind an Bord vieler Großraumflugzeuge, Business-Jets und Hubschrauber im Einsatz. Das Programm umfasst neben Fahrwerken, Flugsteuerungs- und Betätigungssystemen auch Getriebe. Faszinierendes schaffen: Ihre Aufgaben Thema: Entwicklung intelligenter Such- und Analysesysteme für unstrukturierte Textdaten Durchführung einer Anforderungsanalyse für die semantische Suche in te…",47.60228,5818404248,eyJhbGciOiJIUzI1NiJ9.eyJzIjoiWm5JVjFaQ2Y4UkdVNkxJanlhUm53QSIsImkiOiI1ODE4NDA0MjQ4In0.v1kdohOD0nOVtB-5LjVGIMbKwROdvDtB1c-gnlDyj3U,Adzuna::API::Response::Job,"{'__CLASS__': 'Adzuna::API::Response::Location', 'display_name': 'Lindenberg im Allgäu, Lindau (Kreis)', 'area': ['Deutschland', 'Bayern', 'Lindau (Kreis)', 'Lindenberg im Allgäu']}",,,,contract
"{'label': 'Unknown', 'tag': 'unknown', '__CLASS__': 'Adzuna::API::Response::Category'}",13.00056,0,Professor (m/f/d) of Data Science,2026-07-30T02:38:56Z,https://www.adzuna.de/details/5820490857?utm_medium=api&utm_source=a4bcf954,"{'display_name': 'GUS Germany GmbH', '__CLASS__': 'Adzuna::API::Response::Company'}","About us Gisma University of Applied Sciences, first established in 1999 as Gisma Business School, is a leading university of applied sciences for innovative and creative international business, technology, and engineering innovation. Our Global MBA program has been recognized for its excellence through the highly acclaimed AMBA accreditation, reinforcing our reputation in the industry. Recently, we have expanded our programme portfolio into the fields of Computer Science, Software Engineering,…",52.42532,5820490857,eyJhbGciOiJIUzI1NiJ9.eyJpIjoiNTgyMDQ5MDg1NyIsInMiOiJabklWMVpDZjhSR1U2TElqeWFSbndBIn0.QO0xjsbRaPZqKX6EOj-00umrtolW4wNXsJ4BAZsxIXg,Adzuna::API::Response::Job,"{'__CLASS__': 'Adzuna::API::Response::Location', 'display_name': 'Bornim, Potsdam', 'area': ['Deutschland', 'Brandenburg', 'Potsdam', 'Bornim']}",full_time,,,
"{'label': 'Lehrberufe', '__CLASS__': 'Adzuna::API::Response::Category', 'tag': 'teaching-jobs'}",,0,Professor (m/f/d) of Data Science,2026-07-30T17:47:59Z,https://www.adzuna.de/details/5821314112?utm_medium=api&utm_source=a4bcf954,"{'__CLASS__': 'Adzuna::API::Response::Company', 'display_name': 'Gisma'}","Your Responsibilities Module responsibility and teaching of Gisma Bachelor and Master programmes as well as examination, assessments, and student supervision. Active participation in programme development and quality assurance. Conception, creation and adaptation of teaching and learning materials. Initiate, expand and maintain cooperation with partners in industry and research. Participation in accreditation procedures as needed. Active participation in academic administration and committee wo…",,5821314112,eyJhbGciOiJIUzI1NiJ9.eyJpIjoiNTgyMTMxNDExMiIsInMiOiJabklWMVpDZjhSR1U2TElqeWFSbndBIn0.fY_LqZDMueJzGMWwjkjsWKOs7-ocNVebW50_O3s3_J4,Adzuna::API::Response::Job,"{'__CLASS__': 'Adzuna::API::Response::Location', 'area': ['Deutschland'], 'display_name': 'Deutschland'}",full_time,,,
"{'label': 'Lehrberufe', 'tag': 'teaching-jobs', '__CLASS__': 'Adzuna::API::Response::Category'}",13.396,0,Professor (m/f/d) of Data Science,2026-07-31T17:49:59Z,https://www.adzuna.de/details/5822525972?utm_medium=api&utm_source=a4bcf954,"{'__CLASS__': 'Adzuna::API::Response::Company', 'display_name': 'Global University Systems'}","Your Responsibilities Module responsibility and teaching of Gisma Bachelor and Master programmes as well as examination, assessments, and student supervision. Active participation in programme development and quality assurance. Conception, creation and adaptation of teaching and learning materials. Initiate, expand and maintain cooperation with partners in industry and research. Participation in accreditation procedures as needed. Active participation in academic administration and committee wo…",52.4984,5822525972,eyJhbGciOiJIUzI1NiJ9.eyJpIjoiNTgyMjUyNTk3MiIsInMiOiJabklWMVpDZjhSR1U2TElqeWFSbndBIn0.1D272ifRepv2tNH6T6vJ3s7uwpVYKoaTX0S2QJk_4vk,Adzuna::API::Response::Job,"{'area': ['Deutschland', 'Berlin', 'Kreuzberg'], '__CLASS__': 'Adzuna::API::Response::Location', 'display_name': 'Kreuzberg, Berlin'}",full_time,,,
"{'tag': 'unknown', '__CLASS__': 'Adzuna::API::Response::Category', 'label': 'Unknown'}",10.88248,0,Werkstudent (m/w/d) BI & Data Science,2026-05-12T23:28:53Z,https://www.adzuna.de/details/5727346368?utm_medium=api&utm_source=a4bcf954,"{'display_name': 'nimax', '__CLASS__': 'Adzuna::API::Response::Company'}","Was Dich erwartet Du hast ein Gespür für Daten und willst sehen, wie Deine Analysen echten Mehrwert schaffen? Dann bist Du bei uns genau richtig! Deine Mission: Hilf uns dabei, unsere Kunden datenbasiert besser zu verstehen und daraus konkrete Mehrwerte abzuleiten. Als Werkstudent im Beriech BI & Data Science entwickelst Du mit uns intelligente Analysen, optimierst Prozesse und schaffst die Grundlage für bessere Entscheidungen in Marketing, Beratung und Reporting. Du hast viel zu tun Kundendate…",48.04792,5727346368,eyJhbGciOiJIUzI1NiJ9.eyJpIjoiNTcyNzM0NjM2OCIsInMiOiJabklWMVpDZjhSR1U2TElqeWFSbndBIn0.F_6VRabBDrNa5Xl7Yu9NdRjy6d2E4Yt4mgF5Ufo7NrA,Adzuna::API::Response::Job,"{'__CLASS__': 'Adzuna::API::Response::Location', 'area': ['Deutschland', 'Bayern', 'Landsberg am Lech (Kreis)', 'Landsberg am Lech'], 'display_name': 'Landsberg am Lech, Landsberg am Lech (Kreis)'}",part_time,,,
"{'label': 'Beraterstellen', 'tag': 'consultancy-jobs', '__CLASS__': 'Adzuna::API::Response::Category'}",11.59038,0,Werkstudent Process & Data Science (w/m/d),2026-05-14T23:21:24Z,https://www.adzuna.de/details/5729773195?utm_medium=api&utm_source=a4bcf954,"{'__CLASS__': 'Adzuna::API::Response::Company', 'display_name': 'PMMG Group'}","Deine Aufgaben Datengetriebene Transformation. Prozessintelligenz. Zukunft gestalten. Du willst nicht nur analysieren, sondern mitgestalten? Dann komm in unser Team und unterstütze uns bei der datenbasierten Transformation etablierter Unternehmen im Mittelstand und Konzernumfeld. Wir entwickeln intelligente Lösungen auf Basis von Process Mining, Business Process Management und AI – und setzen diese gemeinsam mit unseren Kund:innen um. Du führst strukturierte Recherchen und Analysen zu aktuellen…",48.16652,5729773195,eyJhbGciOiJIUzI1NiJ9.eyJpIjoiNTcyOTc3MzE5NSIsInMiOiJabklWMVpDZjhSR1U2TElqeWFSbndBIn0.9tkbxJaKLSagsVwBvbzBcrVHFjZF0oPG_gblWprGKq8,Adzuna::API::Response::Job,"{'__CLASS__': 'Adzuna::API::Response::Location', 'area': ['Deutschland', 'Bayern', 'München (Kreis)', 'München', 'Schwabing-Freimann'], 'display_name': 'Schwabing-Freimann, München'}",part_time,,,
"{'label': 'Unknown', '__CLASS__': 'Adzuna::API::Response::Category', 'tag': 'unknown'}",10.10558,0,Abschlussarbeit Data Science / Mechanikdesign (m/w/x),2026-08-24T02:12:23Z,https://www.adzuna.de/details/5853977169?utm_medium=api&utm_source=a4bcf954,"{'__CLASS__': 'Adzuna::API::Response::Company', 'display_name': 'ZEISS'}","Als Student arbeitest Du mit Deinen Kolleginnen und Kollegen auf Augenhöhe und schaffst ideale Voraussetzungen für Deine spätere Karriere. Sich etwas Neues trauen, über sich hinauswachsen und dabei die Grenzen des Machbaren neu deﬁnieren. Genau das ist es, was unsere Mitarbeitenden täglich leben dürfen und sollen. Um mit unseren Innovationen das Tempo vorzugeben und Großartiges zu ermöglichen. Denn hinter jedem erfolgreichen Unternehmen stehen eine ganze Menge faszinierender Menschen. Die Mitar…",48.78408,5853977169,eyJhbGciOiJIUzI1NiJ9.eyJpIjoiNTg1Mzk3NzE2OSIsInMiOiJabklWMVpDZjhSR1U2TElqeWFSbndBIn0.LtdLt5UWCWC6bQUYN5ixs1p6x0vloQZ9Cf1b_-AAuec,Adzuna::API::Response::Job,"{'__CLASS__': 'Adzuna::API::Response::Location', 'area': ['Deutschland', 'Baden-Württemberg', 'Ostalbkreis', 'Oberkochen'], 'display_name': 'Oberkochen, Ostalbkreis'}",,,,
"{'label': 'Teilzeitstellen', 'tag': 'part-time-jobs', '__CLASS__': 'Adzuna::API::Response::Category'}",9.64655,0,Duales Studium Wirtschaftsinformatik (B.Sc.) - Data Science,2026-08-21T04:34:21Z,https://www.adzuna.de/land/ad/5850415032?se=ZnIV1ZCf8RGU6LIjyaRnwA&utm_medium=api&utm_source=a4bcf954&v=D802F1A5442BA458638A852A64F06CDBFA877124,"{'display_name': 'All for One Group SE', '__CLASS__': 'Adzuna::API::Response::Company'}","3.200 Kolleg:innen,über 4.500 Kund:innen– und ein gemeinsames Ziel: Unternehmen wirklich voranzubringen. Wir sind All for One– führender IT-, Consulting- und Service-Provider rund um SAP und weltweit an der Spitze, wenn es um SAP-Transformationen und Cloud-Lösungen geht. Wir kennen den Mittelstand und begleiten ihn in allen Themen, die heute wirklich zählen: von Digitalisierung und Datennutzungüber Cybersecurity und Employee Experience bis hin zu New Work und Nachhaltigkeit. Was uns antreibt? D…",47.80684,5850415032,eyJhbGciOiJIUzI1NiJ9.eyJzIjoiWm5JVjFaQ2Y4UkdVNkxJanlhUm53QSIsImkiOiI1ODUwNDE1MDMyIn0.24Kp27x1btMWxvJ40GhJ232XGVJHg1yXP1EORWTs--o,Adzuna::API::Response::Job,"{'area': ['Deutschland', 'Baden-Württemberg', 'Ravensburg (Kreis)', 'Weingarten'], '__CLASS__': 'Adzuna::API::Response::Location', 'display_name': 'Weingarten, Ravensburg (Kreis)'}",,,,
"{'label': 'Stellen aus Gesundheitswesen & Pflege', '__CLASS__': 'Adzuna::API::Response::Category', 'tag': 'healthcare-nursing-jobs'}",13.420806,0,Consultant Data Science - Healthcare (m/f/d),2025-10-30T13:54:30Z,https://www.adzuna.de/details/5470962686?utm_medium=api&utm_source=a4bcf954,"{'display_name': 'Statista', '__CLASS__': 'Adzuna::API::Response::Company'}","At Statista , we’re all about facts and data, for we are the world's leading business data platform. By providing reliable and easy-to-use data as well as various data analytics products and services, we empower people worldwide to make fact-based decisions. Founded in Hamburg in 2007, we have quickly grown into a global company with offices in major cities such as London, New York, Berlin and Tokyo. And we still have a lot of plans. Our constant growth does not only prove our success, but also…",52.507706,5470962686,eyJhbGciOiJIUzI1NiJ9.eyJpIjoiNTQ3MDk2MjY4NiIsInMiOiJabklWMVpDZjhSR1U2TElqeWFSbndBIn0.Bl4cCpnuslOwezIZBgtTKRckmkvRr2I6QwV3Uz5eWyg,Adzuna::API::Response::Job,"{'display_name': 'Berlin, Deutschland', '__CLASS__': 'Adzuna::API::Response::Location', 'area': ['Deutschland', 'Berlin']}",full_time,,,
"{'label': 'Stellen für Hochschulabsolventen', '__CLASS__': 'Adzuna::API::Response::Category', 'tag': 'graduate-jobs'}",13.86232,0,Praktikum Data Science in der Digitalisierung (m/w/d),2025-02-24T18:13:01Z,https://www.adzuna.de/details/5062249327?utm_medium=api&utm_source=a4bcf954,"{'__CLASS__': 'Adzuna::API::Response::Company', 'display_name': 'Basf France'}","WILLKOMMEN IM TEAM Am BASF-Standort in Schwarzheide produzieren wir nicht nur Polyurethangrundprodukte, Schaumstoffe und Lacke, sondern auch technische Kunststoffe, Veredlungschemikalien und Fungizide. So vielseitig wie unsere Produktpalette sind auch die Tätigkeiten, die es braucht, damit die Produkte hergestellt werden - unsere Mitarbeiterinnen und Mitarbeiter arbeiten bei uns am Standort in den unterschiedlichsten Fachdisziplinen zusammen: vom Ingenieurwesen bis hin zur Digitalisierung, von …",51.47465,5062249327,eyJhbGciOiJIUzI1NiJ9.eyJzIjoiWm5JVjFaQ2Y4UkdVNkxJanlhUm53QSIsImkiOiI1MDYyMjQ5MzI3In0.2xyUmbkHvgpOnjuP2d-xnS1f5IMTqGmTSZcKICAnAA0,Adzuna::API::Response::Job,"{'__CLASS__': 'Adzuna::API::Response::Location', 'area': ['Deutschland', 'Brandenburg', 'Oberspreewald-Lausitz (Kreis)', 'Schwarzheide'], 'display_name': 'Schwarzheide, Oberspreewald-Lausitz (Kreis)'}",,,,contract
"{'__CLASS__': 'Adzuna::API::Response::Category', 'tag': 'other-general-jobs', 'label': 'Sonstige/Allgemeine Stellen'}",,0,Duales Studium Data Science und Künstliche Intelligenz für 2027,2026-08-07T11:25:21Z,https://www.adzuna.de/details/5831785335?utm_medium=api&utm_source=a4bcf954,"{'__CLASS__': 'Adzuna::API::Response::Company', 'display_name': 'Mediengruppe Allgäuer Zeitung'}","Du möchtest im Studium erlerntes theoretisches Wissen direkt in der Praxis anwenden? Nutze die Vorteile eines dualen Studiums: Studieren und gleichzeitig Berufserfahrung sammeln. Dich erwarten neben einer umfangreichen Einarbeitung, interessante und verantwortungsvolle Tätigkeiten innerhalb der Mediengruppe Allgäuer Zeitung. Ausbildungsdauer: 3 Jahre - 6 Semester (Dreimonatsrhythmus mit Theorie- und Praxisphasen) in Zusammenarbeit mit der DHBW-Ravensburg Ausbildungsunternehmen: Mediengruppe All…",,5831785335,eyJhbGciOiJIUzI1NiJ9.eyJpIjoiNTgzMTc4NTMzNSIsInMiOiJabklWMVpDZjhSR1U2TElqeWFSbndBIn0.0W8yaaAUVA4_wZ8oyOS8tvI78DojwcGSfucwYjrDSZY,Adzuna::API::Response::Job,"{'__CLASS__': 'Adzuna::API::Response::Location', 'area': ['Deutschland'], 'display_name': 'Deutschland'}",,,,
"{'tag': 'it-jobs', '__CLASS__': 'Adzuna::API::Response::Category', 'label': 'IT-Stellen'}",10.88248,0,Abschlussarbeit Data Science – Machine Learning im E-Commerce,2026-06-06T23:02:19Z,https://www.adzuna.de/details/5754849850?utm_medium=api&utm_source=a4bcf954,"{'display_name': 'nimax', '__CLASS__': 'Adzuna::API::Response::Company'}","Du hast viel zu tun Du analysierst über 2,5 Millionen Bestelldaten aus 25 Jahren Onlinehandel Mit Hilfe von Machine Learning bildest Du Kundenkohorten und gewinnst daraus wertvolle Insights Du entwickelst Modelle, um aus dem Kaufverhalten der Vergangenheit zukünftige Kaufentscheidungen zu prognostizieren Deine Ergebnisse bilden die Grundlage für zukünftige Marketing-Kampagnen, z. B. um die richtigen Produkte zur richtigen Zeit zu bewerben Du hast einiges drauf Du stehst kurz vor dem Ende Deines…",48.04792,5754849850,eyJhbGciOiJIUzI1NiJ9.eyJpIjoiNTc1NDg0OTg1MCIsInMiOiJabklWMVpDZjhSR1U2TElqeWFSbndBIn0.8mGbpYChUSEYIp1a7P3DIKy3YEMGxk_G9me6QxHSnag,Adzuna::API::Response::Job,"{'area': ['Deutschland', 'Bayern', 'Landsberg am Lech (Kreis)', 'Landsberg am Lech'], '__CLASS__': 'Adzuna::API::Response::Location', 'display_name': 'Landsberg am Lech, Landsberg am Lech (Kreis)'}",part_time,,,
"{'tag': 'unknown', '__CLASS__': 'Adzuna::API::Response::Category', 'label': 'Unknown'}",10.96603,0,Senior Engineer Machine Learning / AI (w/m/d),2026-06-27T08:43:26Z,https://www.adzuna.de/land/ad/5778764747?se=ZnIV1ZCf8RGU6LIjyaRnwA&utm_medium=api&utm_source=a4bcf954&v=CF1D51C4868D25C200DBA2B3D520B4B5C5A40675,"{'__CLASS__': 'Adzuna::API::Response::Company', 'display_name': ""HUK-COBURG Versicherungsgruppe'""}","Hallo, lass uns WIR sagen! Im Data Analytics Team der HUK-COBURG transformieren wir Daten in echte Mehrwerte für über 13 Mio. Kund:innen. Als Deutschlands führende Kfz-Versicherung sind wir ein traditionsreiches und stabiles Unternehmen, welches zielgerichtet in Innovation und seine datengetriebene Zukunft investiert. Unsere agilen Data Analytics Teams setzen modernste Machine Learning und KI-Methoden ein, um Prozesse zu optimieren, faire Preise zu berechnen, Schäden digital und intelligent zu …",50.25777,5778764747,eyJhbGciOiJIUzI1NiJ9.eyJpIjoiNTc3ODc2NDc0NyIsInMiOiJabklWMVpDZjhSR1U2TElqeWFSbndBIn0.KXHpo_cA1_fXE9HrbmQ-kImqghfcooX4wgKCa20OEkc,Adzuna::API::Response::Job,"{'area': ['Deutschland', 'Bayern', 'Coburg (Kreis)', 'Coburg'], '__CLASS__': 'Adzuna::API::Response::Location', 'display_name': 'Coburg, Coburg (Kreis)'}",,,,
"{'label': 'Unknown', 'tag': 'unknown', '__CLASS__': 'Adzuna::API::Response::Category'}",,0,Studentische Hilfskraft für KI-Workshops an Schulen (all genders),2026-08-15T18:00:09Z,https://www.adzuna.de/land/ad/5843290900?se=ZnIV1ZCf8RGU6LIjyaRnwA&utm_medium=api&utm_source=a4bcf954&v=8DBD63E175B4A0A60D034F219AB790A4ADB7333F,"{'__CLASS__': 'Adzuna::API::Response::Company', 'display_name': 'Fraunhofer-Institut für Intelligente Analyse- und Informationssysteme IAIS'}","Die Fraunhofer-Gesellschaft ist eine der weltweit führenden Organisationen für anwendungs­orientierte Forschung. 74 Institute entwickeln weg­weisende Technologien für unsere Wirt­schaft und Gesell­schaft – genauer: 30 000 Menschen aus Technik, Wissen­schaft, Ver­waltung und IT. Sie wissen: Wer zu Fraunhofer kommt, will und kann etwas verändern – für sich, für uns und die Märkte von heute und morgen. Am Fraunhofer IAIS erforschen und entwickeln 360 Mitarbeitende individuelle Lösungen zur Integra…",,5843290900,eyJhbGciOiJIUzI1NiJ9.eyJzIjoiWm5JVjFaQ2Y4UkdVNkxJanlhUm53QSIsImkiOiI1ODQzMjkwOTAwIn0.Br0Iat1HKuO1fo_GVi5P9avm-e8oQtDg0IuJAL4j2rc,Adzuna::API::Response::Job,"{'__CLASS__': 'Adzuna::API::Response::Location', 'area': ['Deutschland', 'Nordrhein-Westfalen', 'Rhein-Sieg-Kreis'], 'display_name': 'Rhein-Sieg-Kreis, Nordrhein-Westfalen'}",,,,
